ISO-10303-21;
HEADER;
/* Generated by software containing ST-Developer
 * from STEP Tools, Inc. (www.steptools.com) 
 */
/* OPTION: strings as raw bytes, not using required /X/ escapes */

FILE_DESCRIPTION(
/* description */ ('Unknown'),
/* implementation_level */ '2;1');

FILE_NAME(
/* name */ 'FlareHolder06',
/* time_stamp */ '2023-05-25T10:39:46+01:00',
/* author */ ('Unknown'),
/* organization */ ('Unknown'),
/* preprocessor_version */ 'ST-DEVELOPER v18.102',
/* originating_system */ 'Solid Edge',
/* authorisation */ 'Unknown');

FILE_SCHEMA (('AUTOMOTIVE_DESIGN {1 0 10303 214 3 1 1}'));
ENDSEC;

DATA;
#10=PROPERTY_DEFINITION_REPRESENTATION(#14,#12);
#11=PROPERTY_DEFINITION_REPRESENTATION(#15,#13);
#12=REPRESENTATION('',(#16),#2576);
#13=REPRESENTATION('',(#17),#2576);
#14=PROPERTY_DEFINITION('pmi validation property','',#2581);
#15=PROPERTY_DEFINITION('pmi validation property','',#2581);
#16=VALUE_REPRESENTATION_ITEM('number of annotations',COUNT_MEASURE(0.));
#17=VALUE_REPRESENTATION_ITEM('number of views',COUNT_MEASURE(0.));
#18=SHAPE_REPRESENTATION_RELATIONSHIP('','',#1484,#19);
#19=ADVANCED_BREP_SHAPE_REPRESENTATION('',(#1481,#1482),#2576);
#20=B_SPLINE_SURFACE_WITH_KNOTS('',3,1,((#2081,#2082),(#2083,#2084),(#2085,
#2086),(#2087,#2088),(#2089,#2090),(#2091,#2092),(#2093,#2094)),
 .SURF_OF_LINEAR_EXTRUSION.,.F.,.F.,.F.,(4,1,1,1,4),(2,2),(0.,0.19722253553605,
0.3944450710721,0.591667606608149,0.788890142144199),(0.,1.),
 .UNSPECIFIED.);
#21=B_SPLINE_SURFACE_WITH_KNOTS('',3,1,((#2126,#2127),(#2128,#2129),(#2130,
#2131),(#2132,#2133),(#2134,#2135),(#2136,#2137),(#2138,#2139),(#2140,#2141)),
 .SURF_OF_LINEAR_EXTRUSION.,.F.,.F.,.F.,(4,1,1,1,1,4),(2,2),(0.0989623741679543,
0.324221780625966,0.436851483854971,0.549481187083977,0.774740593541989,
1.),(0.,1.),.UNSPECIFIED.);
#22=B_SPLINE_SURFACE_WITH_KNOTS('',3,1,((#2155,#2156),(#2157,#2158),(#2159,
#2160),(#2161,#2162),(#2163,#2164),(#2165,#2166),(#2167,#2168),(#2169,#2170)),
 .SURF_OF_LINEAR_EXTRUSION.,.F.,.F.,.F.,(4,1,1,1,1,4),(2,2),(0.0989623741679537,
0.324221780625965,0.436851483854971,0.549481187083977,0.774740593541988,
1.),(0.,1.),.UNSPECIFIED.);
#23=B_SPLINE_SURFACE_WITH_KNOTS('',3,1,((#2184,#2185),(#2186,#2187),(#2188,
#2189),(#2190,#2191),(#2192,#2193),(#2194,#2195),(#2196,#2197)),
 .SURF_OF_LINEAR_EXTRUSION.,.F.,.F.,.F.,(4,1,1,1,4),(2,2),(0.,0.19722253553605,
0.3944450710721,0.591667606608151,0.788890142144201),(0.,1.),
 .UNSPECIFIED.);
#24=B_SPLINE_SURFACE_WITH_KNOTS('',3,1,((#2226,#2227),(#2228,#2229),(#2230,
#2231),(#2232,#2233)),.SURF_OF_LINEAR_EXTRUSION.,.F.,.F.,.F.,(4,4),(2,2),
(0.0205638763756242,0.387624446041205),(0.,1.),.PIECEWISE_BEZIER_KNOTS.);
#25=B_SPLINE_SURFACE_WITH_KNOTS('',3,1,((#2246,#2247),(#2248,#2249),(#2250,
#2251),(#2252,#2253)),.SURF_OF_LINEAR_EXTRUSION.,.F.,.F.,.F.,(4,4),(2,2),
(0.0205638766026556,0.387624446041205),(0.,1.),.PIECEWISE_BEZIER_KNOTS.);
#26=B_SPLINE_SURFACE_WITH_KNOTS('',3,1,((#2282,#2283),(#2284,#2285),(#2286,
#2287),(#2288,#2289)),.SURF_OF_LINEAR_EXTRUSION.,.F.,.F.,.F.,(4,4),(2,2),
(0.702634143986767,0.983700604228655),(0.,1.),.PIECEWISE_BEZIER_KNOTS.);
#27=B_SPLINE_SURFACE_WITH_KNOTS('',3,1,((#2294,#2295),(#2296,#2297),(#2298,
#2299),(#2300,#2301)),.SURF_OF_LINEAR_EXTRUSION.,.F.,.F.,.F.,(4,4),(2,2),
(0.702634143986767,0.983700604340996),(0.,1.),.PIECEWISE_BEZIER_KNOTS.);
#28=ELLIPSE('',#1493,2.50091498565143,2.5);
#29=ELLIPSE('',#1494,2.50091498565143,2.5);
#30=ELLIPSE('',#1523,2.50091498565143,2.5);
#31=ELLIPSE('',#1524,2.50091498565143,2.5);
#32=CIRCLE('',#1489,2.5);
#33=CIRCLE('',#1490,2.5);
#34=CIRCLE('',#1492,2.5);
#35=CIRCLE('',#1496,1.);
#36=CIRCLE('',#1497,1.);
#37=CIRCLE('',#1499,1.);
#38=CIRCLE('',#1500,1.);
#39=CIRCLE('',#1508,1.);
#40=CIRCLE('',#1509,1.);
#41=CIRCLE('',#1510,1.);
#42=CIRCLE('',#1511,1.);
#43=CIRCLE('',#1512,2.5);
#44=CIRCLE('',#1513,2.5);
#45=CIRCLE('',#1516,2.5);
#46=CIRCLE('',#1518,2.5);
#47=CIRCLE('',#1519,2.5);
#48=CIRCLE('',#1520,4.2);
#49=CIRCLE('',#1521,4.2);
#50=CIRCLE('',#1522,2.5);
#51=CIRCLE('',#1531,2.5);
#52=CIRCLE('',#1532,2.5);
#53=CIRCLE('',#1534,2.5);
#54=CIRCLE('',#1538,2.5);
#55=CIRCLE('',#1540,2.5);
#56=CIRCLE('',#1541,4.2);
#57=CIRCLE('',#1542,4.2);
#58=CYLINDRICAL_SURFACE('',#1488,2.5);
#59=CYLINDRICAL_SURFACE('',#1525,2.5);
#60=CYLINDRICAL_SURFACE('',#1526,2.5);
#61=CYLINDRICAL_SURFACE('',#1527,2.5);
#62=CYLINDRICAL_SURFACE('',#1533,2.5);
#63=CYLINDRICAL_SURFACE('',#1537,2.5);
#64=CYLINDRICAL_SURFACE('',#1551,4.2);
#65=CYLINDRICAL_SURFACE('',#1564,4.2);
#66=CYLINDRICAL_SURFACE('',#1570,2.5);
#67=CYLINDRICAL_SURFACE('',#1571,2.5);
#68=CYLINDRICAL_SURFACE('',#1572,2.5);
#69=CYLINDRICAL_SURFACE('',#1573,1.);
#70=CYLINDRICAL_SURFACE('',#1574,1.);
#71=CYLINDRICAL_SURFACE('',#1575,1.);
#72=CYLINDRICAL_SURFACE('',#1576,1.);
#73=B_SPLINE_CURVE_WITH_KNOTS('',3,(#1953,#1954,#1955,#1956,#1957,#1958,
#1959,#1960,#1961,#1962,#1963,#1964,#1965,#1966,#1967),.UNSPECIFIED.,.F.,
 .F.,(4,1,1,1,1,1,1,1,1,1,1,1,4),(0.,0.03125,0.0625,0.125,0.25,0.375,0.5,
0.625,0.75,0.875,0.9375,0.96875,1.),.UNSPECIFIED.);
#74=B_SPLINE_CURVE_WITH_KNOTS('',3,(#2029,#2030,#2031,#2032,#2033),
 .UNSPECIFIED.,.F.,.F.,(4,1,4),(0.,0.549262490655786,1.),.UNSPECIFIED.);
#75=B_SPLINE_CURVE_WITH_KNOTS('',3,(#2042,#2043,#2044,#2045,#2046,#2047,
#2048,#2049,#2050,#2051,#2052),.UNSPECIFIED.,.F.,.F.,(4,3,1,3,4),(-0.15,
0.,0.450737509344214,1.,1.15),.UNSPECIFIED.);
#76=B_SPLINE_CURVE_WITH_KNOTS('',3,(#2058,#2059,#2060,#2061,#2062,#2063,
#2064,#2065,#2066,#2067,#2068),.UNSPECIFIED.,.F.,.F.,(4,3,1,3,4),(-0.15,
0.,0.450737509344214,1.,1.15),.UNSPECIFIED.);
#77=B_SPLINE_CURVE_WITH_KNOTS('',3,(#2076,#2077,#2078,#2079,#2080),
 .UNSPECIFIED.,.F.,.F.,(4,1,4),(0.,0.549262490655786,1.),.UNSPECIFIED.);
#78=B_SPLINE_CURVE_WITH_KNOTS('',3,(#2095,#2096,#2097,#2098,#2099),
 .UNSPECIFIED.,.F.,.F.,(4,1,4),(0.,0.549262490655786,1.),.UNSPECIFIED.);
#79=B_SPLINE_CURVE_WITH_KNOTS('',3,(#2103,#2104,#2105,#2106,#2107,#2108,
#2109,#2110,#2111,#2112,#2113,#2114,#2115,#2116,#2117),.UNSPECIFIED.,.F.,
 .F.,(4,1,1,1,1,1,1,1,1,1,1,1,4),(0.,0.03125,0.0625,0.125,0.25,0.375,0.5,
0.625,0.75,0.875,0.9375,0.96875,1.),.UNSPECIFIED.);
#80=B_SPLINE_CURVE_WITH_KNOTS('',3,(#2144,#2145,#2146,#2147,#2148),
 .UNSPECIFIED.,.F.,.F.,(4,1,4),(0.,0.450737509344214,1.),.UNSPECIFIED.);
#81=B_SPLINE_CURVE_WITH_KNOTS('',3,(#2171,#2172,#2173,#2174,#2175),
 .UNSPECIFIED.,.F.,.F.,(4,1,4),(0.,0.450737509344214,1.),.UNSPECIFIED.);
#82=B_SPLINE_CURVE_WITH_KNOTS('',3,(#2200,#2201,#2202,#2203,#2204),
 .UNSPECIFIED.,.F.,.F.,(4,1,4),(0.,0.549262490655786,1.),.UNSPECIFIED.);
#83=B_SPLINE_CURVE_WITH_KNOTS('',3,(#2206,#2207,#2208,#2209,#2210,#2211),
 .UNSPECIFIED.,.F.,.F.,(4,2,4),(0.,0.715849044112174,1.),.UNSPECIFIED.);
#84=B_SPLINE_CURVE_WITH_KNOTS('',3,(#2215,#2216,#2217,#2218,#2219,#2220,
#2221,#2222,#2223,#2224,#2225),.UNSPECIFIED.,.F.,.F.,(4,1,1,1,1,1,1,1,4),
(0.0443442676057214,0.163801234155006,0.223529717429649,0.25339395906697,
0.283258200704291,0.402715167253576,0.522172133802861,0.76108606690143,
1.),.UNSPECIFIED.);
#85=B_SPLINE_CURVE_WITH_KNOTS('',3,(#2236,#2237,#2238,#2239,#2240,#2241,
#2242,#2243,#2244,#2245),.UNSPECIFIED.,.F.,.F.,(4,2,2,2,4),(0.,0.277480589172204,
0.577952727256331,0.878424865340457,1.),.UNSPECIFIED.);
#86=B_SPLINE_CURVE_WITH_KNOTS('',3,(#2254,#2255,#2256,#2257,#2258,#2259,
#2260,#2261,#2262,#2263),.UNSPECIFIED.,.F.,.F.,(4,2,2,2,4),(0.,0.277480589172204,
0.577952727256331,0.878424865340457,1.),.UNSPECIFIED.);
#87=B_SPLINE_CURVE_WITH_KNOTS('',3,(#2264,#2265,#2266,#2267,#2268,#2269),
 .UNSPECIFIED.,.F.,.F.,(4,2,4),(0.,0.715849044112174,1.),.UNSPECIFIED.);
#88=B_SPLINE_CURVE_WITH_KNOTS('',3,(#2271,#2272,#2273,#2274,#2275,#2276,
#2277,#2278,#2279,#2280,#2281),.UNSPECIFIED.,.F.,.F.,(4,1,1,1,1,1,1,1,4),
(0.,0.238921375723581,0.477842751447161,0.597303439308952,0.716764127170742,
0.74662929913619,0.776494471101637,0.836224815032532,0.955685502894323),
 .UNSPECIFIED.);
#89=B_SPLINE_CURVE_WITH_KNOTS('',3,(#2290,#2291,#2292,#2293),
 .UNSPECIFIED.,.F.,.F.,(4,4),(0.,1.),.UNSPECIFIED.);
#90=B_SPLINE_CURVE_WITH_KNOTS('',3,(#2304,#2305,#2306,#2307),
 .UNSPECIFIED.,.F.,.F.,(4,4),(0.,1.),.UNSPECIFIED.);
#91=ORIENTED_EDGE('',*,*,#511,.T.);
#92=ORIENTED_EDGE('',*,*,#512,.F.);
#93=ORIENTED_EDGE('',*,*,#513,.F.);
#94=ORIENTED_EDGE('',*,*,#514,.F.);
#95=ORIENTED_EDGE('',*,*,#515,.T.);
#96=ORIENTED_EDGE('',*,*,#515,.F.);
#97=ORIENTED_EDGE('',*,*,#516,.F.);
#98=ORIENTED_EDGE('',*,*,#517,.T.);
#99=ORIENTED_EDGE('',*,*,#518,.T.);
#100=ORIENTED_EDGE('',*,*,#519,.T.);
#101=ORIENTED_EDGE('',*,*,#520,.T.);
#102=ORIENTED_EDGE('',*,*,#521,.F.);
#103=ORIENTED_EDGE('',*,*,#522,.F.);
#104=ORIENTED_EDGE('',*,*,#523,.F.);
#105=ORIENTED_EDGE('',*,*,#524,.F.);
#106=ORIENTED_EDGE('',*,*,#525,.F.);
#107=ORIENTED_EDGE('',*,*,#526,.F.);
#108=ORIENTED_EDGE('',*,*,#527,.T.);
#109=ORIENTED_EDGE('',*,*,#528,.T.);
#110=ORIENTED_EDGE('',*,*,#529,.F.);
#111=ORIENTED_EDGE('',*,*,#530,.T.);
#112=ORIENTED_EDGE('',*,*,#531,.F.);
#113=ORIENTED_EDGE('',*,*,#532,.T.);
#114=ORIENTED_EDGE('',*,*,#533,.T.);
#115=ORIENTED_EDGE('',*,*,#534,.F.);
#116=ORIENTED_EDGE('',*,*,#535,.T.);
#117=ORIENTED_EDGE('',*,*,#536,.F.);
#118=ORIENTED_EDGE('',*,*,#537,.T.);
#119=ORIENTED_EDGE('',*,*,#538,.F.);
#120=ORIENTED_EDGE('',*,*,#525,.T.);
#121=ORIENTED_EDGE('',*,*,#539,.T.);
#122=ORIENTED_EDGE('',*,*,#540,.T.);
#123=ORIENTED_EDGE('',*,*,#541,.F.);
#124=ORIENTED_EDGE('',*,*,#542,.T.);
#125=ORIENTED_EDGE('',*,*,#543,.F.);
#126=ORIENTED_EDGE('',*,*,#544,.T.);
#127=ORIENTED_EDGE('',*,*,#545,.T.);
#128=ORIENTED_EDGE('',*,*,#546,.T.);
#129=ORIENTED_EDGE('',*,*,#547,.F.);
#130=ORIENTED_EDGE('',*,*,#548,.T.);
#131=ORIENTED_EDGE('',*,*,#549,.F.);
#132=ORIENTED_EDGE('',*,*,#550,.T.);
#133=ORIENTED_EDGE('',*,*,#551,.F.);
#134=ORIENTED_EDGE('',*,*,#552,.F.);
#135=ORIENTED_EDGE('',*,*,#553,.F.);
#136=ORIENTED_EDGE('',*,*,#554,.T.);
#137=ORIENTED_EDGE('',*,*,#555,.T.);
#138=ORIENTED_EDGE('',*,*,#556,.T.);
#139=ORIENTED_EDGE('',*,*,#557,.T.);
#140=ORIENTED_EDGE('',*,*,#558,.T.);
#141=ORIENTED_EDGE('',*,*,#516,.T.);
#142=ORIENTED_EDGE('',*,*,#514,.T.);
#143=ORIENTED_EDGE('',*,*,#559,.T.);
#144=ORIENTED_EDGE('',*,*,#560,.T.);
#145=ORIENTED_EDGE('',*,*,#547,.T.);
#146=ORIENTED_EDGE('',*,*,#561,.T.);
#147=ORIENTED_EDGE('',*,*,#562,.T.);
#148=ORIENTED_EDGE('',*,*,#549,.T.);
#149=ORIENTED_EDGE('',*,*,#563,.T.);
#150=ORIENTED_EDGE('',*,*,#564,.T.);
#151=ORIENTED_EDGE('',*,*,#565,.T.);
#152=ORIENTED_EDGE('',*,*,#551,.T.);
#153=ORIENTED_EDGE('',*,*,#566,.T.);
#154=ORIENTED_EDGE('',*,*,#567,.T.);
#155=ORIENTED_EDGE('',*,*,#568,.F.);
#156=ORIENTED_EDGE('',*,*,#569,.T.);
#157=ORIENTED_EDGE('',*,*,#569,.F.);
#158=ORIENTED_EDGE('',*,*,#552,.T.);
#159=ORIENTED_EDGE('',*,*,#568,.T.);
#160=ORIENTED_EDGE('',*,*,#570,.T.);
#161=ORIENTED_EDGE('',*,*,#562,.F.);
#162=ORIENTED_EDGE('',*,*,#561,.F.);
#163=ORIENTED_EDGE('',*,*,#553,.T.);
#164=ORIENTED_EDGE('',*,*,#571,.F.);
#165=ORIENTED_EDGE('',*,*,#572,.T.);
#166=ORIENTED_EDGE('',*,*,#554,.F.);
#167=ORIENTED_EDGE('',*,*,#513,.T.);
#168=ORIENTED_EDGE('',*,*,#556,.F.);
#169=ORIENTED_EDGE('',*,*,#573,.T.);
#170=ORIENTED_EDGE('',*,*,#574,.F.);
#171=ORIENTED_EDGE('',*,*,#575,.T.);
#172=ORIENTED_EDGE('',*,*,#558,.F.);
#173=ORIENTED_EDGE('',*,*,#576,.T.);
#174=ORIENTED_EDGE('',*,*,#577,.F.);
#175=ORIENTED_EDGE('',*,*,#511,.F.);
#176=ORIENTED_EDGE('',*,*,#517,.F.);
#177=ORIENTED_EDGE('',*,*,#578,.F.);
#178=ORIENTED_EDGE('',*,*,#579,.T.);
#179=ORIENTED_EDGE('',*,*,#580,.F.);
#180=ORIENTED_EDGE('',*,*,#530,.F.);
#181=ORIENTED_EDGE('',*,*,#581,.F.);
#182=ORIENTED_EDGE('',*,*,#578,.T.);
#183=ORIENTED_EDGE('',*,*,#529,.T.);
#184=ORIENTED_EDGE('',*,*,#582,.F.);
#185=ORIENTED_EDGE('',*,*,#520,.F.);
#186=ORIENTED_EDGE('',*,*,#583,.T.);
#187=ORIENTED_EDGE('',*,*,#535,.F.);
#188=ORIENTED_EDGE('',*,*,#584,.F.);
#189=ORIENTED_EDGE('',*,*,#585,.T.);
#190=ORIENTED_EDGE('',*,*,#521,.T.);
#191=ORIENTED_EDGE('',*,*,#584,.T.);
#192=ORIENTED_EDGE('',*,*,#534,.T.);
#193=ORIENTED_EDGE('',*,*,#518,.F.);
#194=ORIENTED_EDGE('',*,*,#585,.F.);
#195=ORIENTED_EDGE('',*,*,#533,.F.);
#196=ORIENTED_EDGE('',*,*,#586,.T.);
#197=ORIENTED_EDGE('',*,*,#587,.F.);
#198=ORIENTED_EDGE('',*,*,#588,.F.);
#199=ORIENTED_EDGE('',*,*,#531,.T.);
#200=ORIENTED_EDGE('',*,*,#580,.T.);
#201=ORIENTED_EDGE('',*,*,#589,.T.);
#202=ORIENTED_EDGE('',*,*,#590,.T.);
#203=ORIENTED_EDGE('',*,*,#591,.F.);
#204=ORIENTED_EDGE('',*,*,#592,.T.);
#205=ORIENTED_EDGE('',*,*,#512,.T.);
#206=ORIENTED_EDGE('',*,*,#577,.T.);
#207=ORIENTED_EDGE('',*,*,#593,.T.);
#208=ORIENTED_EDGE('',*,*,#574,.T.);
#209=ORIENTED_EDGE('',*,*,#594,.T.);
#210=ORIENTED_EDGE('',*,*,#571,.T.);
#211=ORIENTED_EDGE('',*,*,#559,.F.);
#212=ORIENTED_EDGE('',*,*,#570,.F.);
#213=ORIENTED_EDGE('',*,*,#567,.F.);
#214=ORIENTED_EDGE('',*,*,#595,.T.);
#215=ORIENTED_EDGE('',*,*,#564,.F.);
#216=ORIENTED_EDGE('',*,*,#596,.T.);
#217=ORIENTED_EDGE('',*,*,#597,.F.);
#218=ORIENTED_EDGE('',*,*,#582,.T.);
#219=ORIENTED_EDGE('',*,*,#528,.F.);
#220=ORIENTED_EDGE('',*,*,#598,.T.);
#221=ORIENTED_EDGE('',*,*,#589,.F.);
#222=ORIENTED_EDGE('',*,*,#599,.F.);
#223=ORIENTED_EDGE('',*,*,#600,.T.);
#224=ORIENTED_EDGE('',*,*,#601,.T.);
#225=ORIENTED_EDGE('',*,*,#536,.T.);
#226=ORIENTED_EDGE('',*,*,#583,.F.);
#227=ORIENTED_EDGE('',*,*,#519,.F.);
#228=ORIENTED_EDGE('',*,*,#586,.F.);
#229=ORIENTED_EDGE('',*,*,#532,.F.);
#230=ORIENTED_EDGE('',*,*,#588,.T.);
#231=ORIENTED_EDGE('',*,*,#602,.F.);
#232=ORIENTED_EDGE('',*,*,#603,.T.);
#233=ORIENTED_EDGE('',*,*,#600,.F.);
#234=ORIENTED_EDGE('',*,*,#604,.F.);
#235=ORIENTED_EDGE('',*,*,#605,.F.);
#236=ORIENTED_EDGE('',*,*,#606,.T.);
#237=ORIENTED_EDGE('',*,*,#538,.T.);
#238=ORIENTED_EDGE('',*,*,#607,.T.);
#239=ORIENTED_EDGE('',*,*,#602,.T.);
#240=ORIENTED_EDGE('',*,*,#608,.T.);
#241=ORIENTED_EDGE('',*,*,#522,.T.);
#242=ORIENTED_EDGE('',*,*,#609,.F.);
#243=ORIENTED_EDGE('',*,*,#610,.T.);
#244=ORIENTED_EDGE('',*,*,#611,.F.);
#245=ORIENTED_EDGE('',*,*,#523,.T.);
#246=ORIENTED_EDGE('',*,*,#608,.F.);
#247=ORIENTED_EDGE('',*,*,#606,.F.);
#248=ORIENTED_EDGE('',*,*,#612,.T.);
#249=ORIENTED_EDGE('',*,*,#613,.F.);
#250=ORIENTED_EDGE('',*,*,#614,.F.);
#251=ORIENTED_EDGE('',*,*,#615,.F.);
#252=ORIENTED_EDGE('',*,*,#616,.T.);
#253=ORIENTED_EDGE('',*,*,#617,.F.);
#254=ORIENTED_EDGE('',*,*,#618,.F.);
#255=ORIENTED_EDGE('',*,*,#619,.T.);
#256=ORIENTED_EDGE('',*,*,#620,.T.);
#257=ORIENTED_EDGE('',*,*,#621,.T.);
#258=ORIENTED_EDGE('',*,*,#622,.F.);
#259=ORIENTED_EDGE('',*,*,#623,.T.);
#260=ORIENTED_EDGE('',*,*,#624,.T.);
#261=ORIENTED_EDGE('',*,*,#625,.T.);
#262=ORIENTED_EDGE('',*,*,#626,.F.);
#263=ORIENTED_EDGE('',*,*,#627,.F.);
#264=ORIENTED_EDGE('',*,*,#628,.F.);
#265=ORIENTED_EDGE('',*,*,#629,.T.);
#266=ORIENTED_EDGE('',*,*,#630,.F.);
#267=ORIENTED_EDGE('',*,*,#631,.F.);
#268=ORIENTED_EDGE('',*,*,#632,.F.);
#269=ORIENTED_EDGE('',*,*,#633,.T.);
#270=ORIENTED_EDGE('',*,*,#634,.T.);
#271=ORIENTED_EDGE('',*,*,#635,.F.);
#272=ORIENTED_EDGE('',*,*,#636,.T.);
#273=ORIENTED_EDGE('',*,*,#637,.T.);
#274=ORIENTED_EDGE('',*,*,#638,.T.);
#275=ORIENTED_EDGE('',*,*,#639,.T.);
#276=ORIENTED_EDGE('',*,*,#640,.T.);
#277=ORIENTED_EDGE('',*,*,#641,.T.);
#278=ORIENTED_EDGE('',*,*,#642,.T.);
#279=ORIENTED_EDGE('',*,*,#643,.T.);
#280=ORIENTED_EDGE('',*,*,#644,.T.);
#281=ORIENTED_EDGE('',*,*,#645,.T.);
#282=ORIENTED_EDGE('',*,*,#644,.F.);
#283=ORIENTED_EDGE('',*,*,#646,.F.);
#284=ORIENTED_EDGE('',*,*,#542,.F.);
#285=ORIENTED_EDGE('',*,*,#647,.T.);
#286=ORIENTED_EDGE('',*,*,#540,.F.);
#287=ORIENTED_EDGE('',*,*,#648,.F.);
#288=ORIENTED_EDGE('',*,*,#610,.F.);
#289=ORIENTED_EDGE('',*,*,#649,.T.);
#290=ORIENTED_EDGE('',*,*,#544,.F.);
#291=ORIENTED_EDGE('',*,*,#650,.F.);
#292=ORIENTED_EDGE('',*,*,#642,.F.);
#293=ORIENTED_EDGE('',*,*,#611,.T.);
#294=ORIENTED_EDGE('',*,*,#648,.T.);
#295=ORIENTED_EDGE('',*,*,#539,.F.);
#296=ORIENTED_EDGE('',*,*,#524,.T.);
#297=ORIENTED_EDGE('',*,*,#543,.T.);
#298=ORIENTED_EDGE('',*,*,#646,.T.);
#299=ORIENTED_EDGE('',*,*,#643,.F.);
#300=ORIENTED_EDGE('',*,*,#650,.T.);
#301=ORIENTED_EDGE('',*,*,#591,.T.);
#302=ORIENTED_EDGE('',*,*,#651,.T.);
#303=ORIENTED_EDGE('',*,*,#526,.T.);
#304=ORIENTED_EDGE('',*,*,#652,.T.);
#305=ORIENTED_EDGE('',*,*,#653,.T.);
#306=ORIENTED_EDGE('',*,*,#654,.T.);
#307=ORIENTED_EDGE('',*,*,#655,.F.);
#308=ORIENTED_EDGE('',*,*,#656,.F.);
#309=ORIENTED_EDGE('',*,*,#652,.F.);
#310=ORIENTED_EDGE('',*,*,#546,.F.);
#311=ORIENTED_EDGE('',*,*,#657,.F.);
#312=ORIENTED_EDGE('',*,*,#655,.T.);
#313=ORIENTED_EDGE('',*,*,#545,.F.);
#314=ORIENTED_EDGE('',*,*,#649,.F.);
#315=ORIENTED_EDGE('',*,*,#641,.F.);
#316=ORIENTED_EDGE('',*,*,#609,.T.);
#317=ORIENTED_EDGE('',*,*,#645,.F.);
#318=ORIENTED_EDGE('',*,*,#541,.T.);
#319=ORIENTED_EDGE('',*,*,#647,.F.);
#320=ORIENTED_EDGE('',*,*,#639,.F.);
#321=ORIENTED_EDGE('',*,*,#658,.F.);
#322=ORIENTED_EDGE('',*,*,#659,.F.);
#323=ORIENTED_EDGE('',*,*,#660,.F.);
#324=ORIENTED_EDGE('',*,*,#661,.T.);
#325=ORIENTED_EDGE('',*,*,#604,.T.);
#326=ORIENTED_EDGE('',*,*,#599,.T.);
#327=ORIENTED_EDGE('',*,*,#592,.F.);
#328=ORIENTED_EDGE('',*,*,#654,.F.);
#329=ORIENTED_EDGE('',*,*,#662,.F.);
#330=ORIENTED_EDGE('',*,*,#659,.T.);
#331=ORIENTED_EDGE('',*,*,#663,.T.);
#332=ORIENTED_EDGE('',*,*,#664,.F.);
#333=ORIENTED_EDGE('',*,*,#665,.T.);
#334=ORIENTED_EDGE('',*,*,#666,.T.);
#335=ORIENTED_EDGE('',*,*,#667,.T.);
#336=ORIENTED_EDGE('',*,*,#668,.T.);
#337=ORIENTED_EDGE('',*,*,#669,.T.);
#338=ORIENTED_EDGE('',*,*,#670,.F.);
#339=ORIENTED_EDGE('',*,*,#671,.F.);
#340=ORIENTED_EDGE('',*,*,#672,.F.);
#341=ORIENTED_EDGE('',*,*,#673,.F.);
#342=ORIENTED_EDGE('',*,*,#674,.T.);
#343=ORIENTED_EDGE('',*,*,#675,.F.);
#344=ORIENTED_EDGE('',*,*,#676,.T.);
#345=ORIENTED_EDGE('',*,*,#677,.F.);
#346=ORIENTED_EDGE('',*,*,#678,.T.);
#347=ORIENTED_EDGE('',*,*,#679,.T.);
#348=ORIENTED_EDGE('',*,*,#680,.T.);
#349=ORIENTED_EDGE('',*,*,#681,.T.);
#350=ORIENTED_EDGE('',*,*,#682,.F.);
#351=ORIENTED_EDGE('',*,*,#683,.F.);
#352=ORIENTED_EDGE('',*,*,#684,.F.);
#353=ORIENTED_EDGE('',*,*,#685,.F.);
#354=ORIENTED_EDGE('',*,*,#686,.F.);
#355=ORIENTED_EDGE('',*,*,#687,.T.);
#356=ORIENTED_EDGE('',*,*,#688,.F.);
#357=ORIENTED_EDGE('',*,*,#613,.T.);
#358=ORIENTED_EDGE('',*,*,#689,.T.);
#359=ORIENTED_EDGE('',*,*,#688,.T.);
#360=ORIENTED_EDGE('',*,*,#690,.F.);
#361=ORIENTED_EDGE('',*,*,#662,.T.);
#362=ORIENTED_EDGE('',*,*,#653,.F.);
#363=ORIENTED_EDGE('',*,*,#656,.T.);
#364=ORIENTED_EDGE('',*,*,#657,.T.);
#365=ORIENTED_EDGE('',*,*,#640,.F.);
#366=ORIENTED_EDGE('',*,*,#660,.T.);
#367=ORIENTED_EDGE('',*,*,#663,.F.);
#368=ORIENTED_EDGE('',*,*,#658,.T.);
#369=ORIENTED_EDGE('',*,*,#638,.F.);
#370=ORIENTED_EDGE('',*,*,#691,.T.);
#371=ORIENTED_EDGE('',*,*,#691,.F.);
#372=ORIENTED_EDGE('',*,*,#637,.F.);
#373=ORIENTED_EDGE('',*,*,#692,.T.);
#374=ORIENTED_EDGE('',*,*,#664,.T.);
#375=ORIENTED_EDGE('',*,*,#665,.F.);
#376=ORIENTED_EDGE('',*,*,#692,.F.);
#377=ORIENTED_EDGE('',*,*,#636,.F.);
#378=ORIENTED_EDGE('',*,*,#693,.F.);
#379=ORIENTED_EDGE('',*,*,#694,.F.);
#380=ORIENTED_EDGE('',*,*,#666,.F.);
#381=ORIENTED_EDGE('',*,*,#693,.T.);
#382=ORIENTED_EDGE('',*,*,#635,.T.);
#383=ORIENTED_EDGE('',*,*,#695,.T.);
#384=ORIENTED_EDGE('',*,*,#667,.F.);
#385=ORIENTED_EDGE('',*,*,#694,.T.);
#386=ORIENTED_EDGE('',*,*,#634,.F.);
#387=ORIENTED_EDGE('',*,*,#668,.F.);
#388=ORIENTED_EDGE('',*,*,#695,.F.);
#389=ORIENTED_EDGE('',*,*,#633,.F.);
#390=ORIENTED_EDGE('',*,*,#696,.T.);
#391=ORIENTED_EDGE('',*,*,#669,.F.);
#392=ORIENTED_EDGE('',*,*,#696,.F.);
#393=ORIENTED_EDGE('',*,*,#632,.T.);
#394=ORIENTED_EDGE('',*,*,#697,.T.);
#395=ORIENTED_EDGE('',*,*,#697,.F.);
#396=ORIENTED_EDGE('',*,*,#631,.T.);
#397=ORIENTED_EDGE('',*,*,#698,.T.);
#398=ORIENTED_EDGE('',*,*,#670,.T.);
#399=ORIENTED_EDGE('',*,*,#698,.F.);
#400=ORIENTED_EDGE('',*,*,#630,.T.);
#401=ORIENTED_EDGE('',*,*,#699,.F.);
#402=ORIENTED_EDGE('',*,*,#671,.T.);
#403=ORIENTED_EDGE('',*,*,#699,.T.);
#404=ORIENTED_EDGE('',*,*,#629,.F.);
#405=ORIENTED_EDGE('',*,*,#700,.F.);
#406=ORIENTED_EDGE('',*,*,#672,.T.);
#407=ORIENTED_EDGE('',*,*,#673,.T.);
#408=ORIENTED_EDGE('',*,*,#700,.T.);
#409=ORIENTED_EDGE('',*,*,#628,.T.);
#410=ORIENTED_EDGE('',*,*,#701,.T.);
#411=ORIENTED_EDGE('',*,*,#702,.T.);
#412=ORIENTED_EDGE('',*,*,#674,.F.);
#413=ORIENTED_EDGE('',*,*,#701,.F.);
#414=ORIENTED_EDGE('',*,*,#627,.T.);
#415=ORIENTED_EDGE('',*,*,#626,.T.);
#416=ORIENTED_EDGE('',*,*,#703,.T.);
#417=ORIENTED_EDGE('',*,*,#675,.T.);
#418=ORIENTED_EDGE('',*,*,#702,.F.);
#419=ORIENTED_EDGE('',*,*,#703,.F.);
#420=ORIENTED_EDGE('',*,*,#625,.F.);
#421=ORIENTED_EDGE('',*,*,#704,.T.);
#422=ORIENTED_EDGE('',*,*,#676,.F.);
#423=ORIENTED_EDGE('',*,*,#704,.F.);
#424=ORIENTED_EDGE('',*,*,#624,.F.);
#425=ORIENTED_EDGE('',*,*,#705,.T.);
#426=ORIENTED_EDGE('',*,*,#677,.T.);
#427=ORIENTED_EDGE('',*,*,#678,.F.);
#428=ORIENTED_EDGE('',*,*,#705,.F.);
#429=ORIENTED_EDGE('',*,*,#623,.F.);
#430=ORIENTED_EDGE('',*,*,#706,.F.);
#431=ORIENTED_EDGE('',*,*,#707,.F.);
#432=ORIENTED_EDGE('',*,*,#679,.F.);
#433=ORIENTED_EDGE('',*,*,#706,.T.);
#434=ORIENTED_EDGE('',*,*,#622,.T.);
#435=ORIENTED_EDGE('',*,*,#708,.T.);
#436=ORIENTED_EDGE('',*,*,#680,.F.);
#437=ORIENTED_EDGE('',*,*,#707,.T.);
#438=ORIENTED_EDGE('',*,*,#621,.F.);
#439=ORIENTED_EDGE('',*,*,#709,.T.);
#440=ORIENTED_EDGE('',*,*,#681,.F.);
#441=ORIENTED_EDGE('',*,*,#708,.F.);
#442=ORIENTED_EDGE('',*,*,#620,.F.);
#443=ORIENTED_EDGE('',*,*,#682,.T.);
#444=ORIENTED_EDGE('',*,*,#709,.F.);
#445=ORIENTED_EDGE('',*,*,#619,.F.);
#446=ORIENTED_EDGE('',*,*,#710,.T.);
#447=ORIENTED_EDGE('',*,*,#683,.T.);
#448=ORIENTED_EDGE('',*,*,#710,.F.);
#449=ORIENTED_EDGE('',*,*,#618,.T.);
#450=ORIENTED_EDGE('',*,*,#711,.T.);
#451=ORIENTED_EDGE('',*,*,#711,.F.);
#452=ORIENTED_EDGE('',*,*,#617,.T.);
#453=ORIENTED_EDGE('',*,*,#712,.F.);
#454=ORIENTED_EDGE('',*,*,#684,.T.);
#455=ORIENTED_EDGE('',*,*,#712,.T.);
#456=ORIENTED_EDGE('',*,*,#616,.F.);
#457=ORIENTED_EDGE('',*,*,#713,.F.);
#458=ORIENTED_EDGE('',*,*,#685,.T.);
#459=ORIENTED_EDGE('',*,*,#686,.T.);
#460=ORIENTED_EDGE('',*,*,#713,.T.);
#461=ORIENTED_EDGE('',*,*,#615,.T.);
#462=ORIENTED_EDGE('',*,*,#714,.T.);
#463=ORIENTED_EDGE('',*,*,#690,.T.);
#464=ORIENTED_EDGE('',*,*,#687,.F.);
#465=ORIENTED_EDGE('',*,*,#714,.F.);
#466=ORIENTED_EDGE('',*,*,#614,.T.);
#467=ORIENTED_EDGE('',*,*,#607,.F.);
#468=ORIENTED_EDGE('',*,*,#537,.F.);
#469=ORIENTED_EDGE('',*,*,#601,.F.);
#470=ORIENTED_EDGE('',*,*,#603,.F.);
#471=ORIENTED_EDGE('',*,*,#651,.F.);
#472=ORIENTED_EDGE('',*,*,#590,.F.);
#473=ORIENTED_EDGE('',*,*,#598,.F.);
#474=ORIENTED_EDGE('',*,*,#527,.F.);
#475=ORIENTED_EDGE('',*,*,#612,.F.);
#476=ORIENTED_EDGE('',*,*,#605,.T.);
#477=ORIENTED_EDGE('',*,*,#661,.F.);
#478=ORIENTED_EDGE('',*,*,#689,.F.);
#479=ORIENTED_EDGE('',*,*,#550,.F.);
#480=ORIENTED_EDGE('',*,*,#565,.F.);
#481=ORIENTED_EDGE('',*,*,#595,.F.);
#482=ORIENTED_EDGE('',*,*,#566,.F.);
#483=ORIENTED_EDGE('',*,*,#548,.F.);
#484=ORIENTED_EDGE('',*,*,#560,.F.);
#485=ORIENTED_EDGE('',*,*,#596,.F.);
#486=ORIENTED_EDGE('',*,*,#563,.F.);
#487=ORIENTED_EDGE('',*,*,#557,.F.);
#488=ORIENTED_EDGE('',*,*,#575,.F.);
#489=ORIENTED_EDGE('',*,*,#593,.F.);
#490=ORIENTED_EDGE('',*,*,#576,.F.);
#491=ORIENTED_EDGE('',*,*,#555,.F.);
#492=ORIENTED_EDGE('',*,*,#572,.F.);
#493=ORIENTED_EDGE('',*,*,#594,.F.);
#494=ORIENTED_EDGE('',*,*,#573,.F.);
#495=ORIENTED_EDGE('',*,*,#579,.F.);
#496=ORIENTED_EDGE('',*,*,#581,.T.);
#497=ORIENTED_EDGE('',*,*,#597,.T.);
#498=ORIENTED_EDGE('',*,*,#587,.T.);
#499=ORIENTED_EDGE('',*,*,#715,.T.);
#500=ORIENTED_EDGE('',*,*,#716,.T.);
#501=ORIENTED_EDGE('',*,*,#717,.T.);
#502=ORIENTED_EDGE('',*,*,#716,.F.);
#503=ORIENTED_EDGE('',*,*,#718,.T.);
#504=ORIENTED_EDGE('',*,*,#719,.F.);
#505=ORIENTED_EDGE('',*,*,#720,.F.);
#506=ORIENTED_EDGE('',*,*,#717,.F.);
#507=ORIENTED_EDGE('',*,*,#719,.T.);
#508=ORIENTED_EDGE('',*,*,#715,.F.);
#509=ORIENTED_EDGE('',*,*,#720,.T.);
#510=ORIENTED_EDGE('',*,*,#718,.F.);
#511=EDGE_CURVE('',#721,#722,#863,.T.);
#512=EDGE_CURVE('',#723,#722,#864,.T.);
#513=EDGE_CURVE('',#724,#723,#865,.T.);
#514=EDGE_CURVE('',#725,#724,#866,.T.);
#515=EDGE_CURVE('',#725,#726,#867,.T.);
#516=EDGE_CURVE('',#727,#725,#868,.T.);
#517=EDGE_CURVE('',#727,#721,#73,.T.);
#518=EDGE_CURVE('',#728,#729,#869,.T.);
#519=EDGE_CURVE('',#729,#730,#870,.T.);
#520=EDGE_CURVE('',#730,#731,#871,.F.);
#521=EDGE_CURVE('',#728,#731,#872,.T.);
#522=EDGE_CURVE('',#732,#733,#873,.F.);
#523=EDGE_CURVE('',#734,#732,#32,.F.);
#524=EDGE_CURVE('',#735,#734,#874,.F.);
#525=EDGE_CURVE('',#733,#735,#33,.T.);
#526=EDGE_CURVE('',#736,#737,#875,.T.);
#527=EDGE_CURVE('',#736,#738,#876,.T.);
#528=EDGE_CURVE('',#738,#739,#877,.T.);
#529=EDGE_CURVE('',#740,#739,#878,.T.);
#530=EDGE_CURVE('',#740,#741,#879,.T.);
#531=EDGE_CURVE('',#742,#741,#880,.F.);
#532=EDGE_CURVE('',#742,#743,#881,.T.);
#533=EDGE_CURVE('',#743,#744,#882,.F.);
#534=EDGE_CURVE('',#745,#744,#883,.T.);
#535=EDGE_CURVE('',#745,#746,#884,.T.);
#536=EDGE_CURVE('',#747,#746,#885,.T.);
#537=EDGE_CURVE('',#747,#748,#886,.F.);
#538=EDGE_CURVE('',#733,#748,#887,.T.);
#539=EDGE_CURVE('',#735,#749,#888,.T.);
#540=EDGE_CURVE('',#749,#750,#34,.T.);
#541=EDGE_CURVE('',#751,#750,#889,.T.);
#542=EDGE_CURVE('',#751,#752,#28,.T.);
#543=EDGE_CURVE('',#753,#752,#890,.T.);
#544=EDGE_CURVE('',#753,#754,#29,.T.);
#545=EDGE_CURVE('',#754,#755,#891,.T.);
#546=EDGE_CURVE('',#755,#737,#892,.T.);
#547=EDGE_CURVE('',#756,#757,#74,.F.);
#548=EDGE_CURVE('',#756,#758,#35,.T.);
#549=EDGE_CURVE('',#759,#758,#893,.T.);
#550=EDGE_CURVE('',#759,#760,#36,.T.);
#551=EDGE_CURVE('',#761,#760,#75,.F.);
#552=EDGE_CURVE('',#762,#761,#894,.T.);
#553=EDGE_CURVE('',#757,#762,#895,.T.);
#554=EDGE_CURVE('',#724,#763,#76,.F.);
#555=EDGE_CURVE('',#763,#764,#37,.T.);
#556=EDGE_CURVE('',#764,#765,#896,.T.);
#557=EDGE_CURVE('',#765,#766,#38,.T.);
#558=EDGE_CURVE('',#766,#727,#77,.F.);
#559=EDGE_CURVE('',#767,#768,#78,.T.);
#560=EDGE_CURVE('',#768,#756,#897,.F.);
#561=EDGE_CURVE('',#757,#769,#79,.F.);
#562=EDGE_CURVE('',#769,#767,#898,.T.);
#563=EDGE_CURVE('',#758,#770,#899,.F.);
#564=EDGE_CURVE('',#770,#771,#900,.T.);
#565=EDGE_CURVE('',#771,#759,#901,.T.);
#566=EDGE_CURVE('',#760,#772,#902,.T.);
#567=EDGE_CURVE('',#772,#773,#80,.T.);
#568=EDGE_CURVE('',#761,#773,#903,.T.);
#569=EDGE_CURVE('',#762,#774,#904,.T.);
#570=EDGE_CURVE('',#773,#767,#905,.T.);
#571=EDGE_CURVE('',#775,#723,#81,.T.);
#572=EDGE_CURVE('',#775,#763,#906,.F.);
#573=EDGE_CURVE('',#764,#776,#907,.F.);
#574=EDGE_CURVE('',#777,#776,#908,.T.);
#575=EDGE_CURVE('',#777,#765,#909,.T.);
#576=EDGE_CURVE('',#766,#778,#910,.T.);
#577=EDGE_CURVE('',#722,#778,#82,.T.);
#578=EDGE_CURVE('',#779,#740,#83,.T.);
#579=EDGE_CURVE('',#779,#780,#911,.T.);
#580=EDGE_CURVE('',#741,#780,#84,.F.);
#581=EDGE_CURVE('',#779,#781,#912,.T.);
#582=EDGE_CURVE('',#781,#739,#85,.T.);
#583=EDGE_CURVE('',#730,#746,#86,.T.);
#584=EDGE_CURVE('',#731,#745,#87,.T.);
#585=EDGE_CURVE('',#744,#728,#88,.T.);
#586=EDGE_CURVE('',#743,#729,#89,.T.);
#587=EDGE_CURVE('',#782,#780,#913,.F.);
#588=EDGE_CURVE('',#742,#782,#90,.T.);
#589=EDGE_CURVE('',#783,#784,#914,.T.);
#590=EDGE_CURVE('',#784,#785,#915,.F.);
#591=EDGE_CURVE('',#786,#785,#916,.T.);
#592=EDGE_CURVE('',#786,#783,#917,.T.);
#593=EDGE_CURVE('',#778,#777,#39,.T.);
#594=EDGE_CURVE('',#776,#775,#40,.T.);
#595=EDGE_CURVE('',#772,#771,#41,.T.);
#596=EDGE_CURVE('',#770,#768,#42,.T.);
#597=EDGE_CURVE('',#781,#782,#918,.T.);
#598=EDGE_CURVE('',#738,#784,#43,.F.);
#599=EDGE_CURVE('',#787,#783,#919,.T.);
#600=EDGE_CURVE('',#787,#788,#920,.T.);
#601=EDGE_CURVE('',#788,#747,#44,.F.);
#602=EDGE_CURVE('',#789,#790,#921,.T.);
#603=EDGE_CURVE('',#789,#788,#922,.T.);
#604=EDGE_CURVE('',#791,#787,#923,.T.);
#605=EDGE_CURVE('',#792,#791,#924,.T.);
#606=EDGE_CURVE('',#792,#790,#925,.T.);
#607=EDGE_CURVE('',#748,#789,#45,.F.);
#608=EDGE_CURVE('',#790,#732,#926,.T.);
#609=EDGE_CURVE('',#793,#794,#927,.T.);
#610=EDGE_CURVE('',#793,#795,#46,.F.);
#611=EDGE_CURVE('',#734,#795,#928,.T.);
#612=EDGE_CURVE('',#792,#796,#47,.T.);
#613=EDGE_CURVE('',#797,#796,#929,.T.);
#614=EDGE_CURVE('',#798,#797,#930,.T.);
#615=EDGE_CURVE('',#799,#798,#931,.T.);
#616=EDGE_CURVE('',#799,#800,#932,.T.);
#617=EDGE_CURVE('',#801,#800,#933,.T.);
#618=EDGE_CURVE('',#802,#801,#934,.T.);
#619=EDGE_CURVE('',#802,#803,#48,.T.);
#620=EDGE_CURVE('',#803,#804,#935,.T.);
#621=EDGE_CURVE('',#804,#805,#936,.T.);
#622=EDGE_CURVE('',#806,#805,#937,.T.);
#623=EDGE_CURVE('',#806,#807,#938,.T.);
#624=EDGE_CURVE('',#807,#808,#939,.T.);
#625=EDGE_CURVE('',#808,#809,#940,.T.);
#626=EDGE_CURVE('',#810,#809,#941,.T.);
#627=EDGE_CURVE('',#811,#810,#942,.T.);
#628=EDGE_CURVE('',#812,#811,#943,.T.);
#629=EDGE_CURVE('',#812,#813,#944,.T.);
#630=EDGE_CURVE('',#814,#813,#945,.T.);
#631=EDGE_CURVE('',#815,#814,#946,.T.);
#632=EDGE_CURVE('',#816,#815,#49,.T.);
#633=EDGE_CURVE('',#816,#817,#947,.T.);
#634=EDGE_CURVE('',#817,#818,#948,.T.);
#635=EDGE_CURVE('',#819,#818,#949,.T.);
#636=EDGE_CURVE('',#819,#820,#950,.T.);
#637=EDGE_CURVE('',#820,#821,#951,.T.);
#638=EDGE_CURVE('',#821,#822,#952,.T.);
#639=EDGE_CURVE('',#822,#823,#50,.F.);
#640=EDGE_CURVE('',#823,#824,#953,.T.);
#641=EDGE_CURVE('',#824,#825,#954,.T.);
#642=EDGE_CURVE('',#825,#826,#30,.F.);
#643=EDGE_CURVE('',#826,#827,#955,.T.);
#644=EDGE_CURVE('',#827,#794,#31,.F.);
#645=EDGE_CURVE('',#751,#794,#956,.F.);
#646=EDGE_CURVE('',#752,#827,#957,.F.);
#647=EDGE_CURVE('',#793,#750,#958,.T.);
#648=EDGE_CURVE('',#795,#749,#959,.F.);
#649=EDGE_CURVE('',#825,#754,#960,.F.);
#650=EDGE_CURVE('',#826,#753,#961,.F.);
#651=EDGE_CURVE('',#785,#736,#51,.T.);
#652=EDGE_CURVE('',#737,#828,#52,.T.);
#653=EDGE_CURVE('',#828,#829,#962,.T.);
#654=EDGE_CURVE('',#829,#786,#963,.T.);
#655=EDGE_CURVE('',#830,#755,#53,.F.);
#656=EDGE_CURVE('',#828,#830,#964,.F.);
#657=EDGE_CURVE('',#830,#824,#965,.T.);
#658=EDGE_CURVE('',#831,#822,#966,.F.);
#659=EDGE_CURVE('',#832,#831,#54,.F.);
#660=EDGE_CURVE('',#823,#832,#967,.T.);
#661=EDGE_CURVE('',#833,#791,#55,.T.);
#662=EDGE_CURVE('',#832,#829,#968,.T.);
#663=EDGE_CURVE('',#831,#834,#969,.T.);
#664=EDGE_CURVE('',#835,#834,#970,.T.);
#665=EDGE_CURVE('',#835,#836,#971,.T.);
#666=EDGE_CURVE('',#836,#837,#972,.T.);
#667=EDGE_CURVE('',#837,#838,#973,.T.);
#668=EDGE_CURVE('',#838,#839,#974,.T.);
#669=EDGE_CURVE('',#839,#840,#56,.F.);
#670=EDGE_CURVE('',#841,#840,#975,.T.);
#671=EDGE_CURVE('',#842,#841,#976,.T.);
#672=EDGE_CURVE('',#843,#842,#977,.T.);
#673=EDGE_CURVE('',#844,#843,#978,.T.);
#674=EDGE_CURVE('',#844,#845,#979,.T.);
#675=EDGE_CURVE('',#846,#845,#980,.T.);
#676=EDGE_CURVE('',#846,#847,#981,.T.);
#677=EDGE_CURVE('',#848,#847,#982,.T.);
#678=EDGE_CURVE('',#848,#849,#983,.T.);
#679=EDGE_CURVE('',#849,#850,#984,.T.);
#680=EDGE_CURVE('',#850,#851,#985,.T.);
#681=EDGE_CURVE('',#851,#852,#986,.T.);
#682=EDGE_CURVE('',#853,#852,#57,.F.);
#683=EDGE_CURVE('',#854,#853,#987,.T.);
#684=EDGE_CURVE('',#855,#854,#988,.T.);
#685=EDGE_CURVE('',#856,#855,#989,.T.);
#686=EDGE_CURVE('',#857,#856,#990,.T.);
#687=EDGE_CURVE('',#857,#858,#991,.T.);
#688=EDGE_CURVE('',#833,#858,#992,.T.);
#689=EDGE_CURVE('',#796,#833,#993,.F.);
#690=EDGE_CURVE('',#797,#858,#994,.T.);
#691=EDGE_CURVE('',#821,#834,#995,.T.);
#692=EDGE_CURVE('',#820,#835,#996,.T.);
#693=EDGE_CURVE('',#836,#819,#997,.T.);
#694=EDGE_CURVE('',#837,#818,#998,.T.);
#695=EDGE_CURVE('',#817,#838,#999,.T.);
#696=EDGE_CURVE('',#816,#839,#1000,.F.);
#697=EDGE_CURVE('',#815,#840,#1001,.F.);
#698=EDGE_CURVE('',#814,#841,#1002,.T.);
#699=EDGE_CURVE('',#842,#813,#1003,.T.);
#700=EDGE_CURVE('',#843,#812,#1004,.T.);
#701=EDGE_CURVE('',#811,#844,#1005,.T.);
#702=EDGE_CURVE('',#810,#845,#1006,.T.);
#703=EDGE_CURVE('',#809,#846,#1007,.T.);
#704=EDGE_CURVE('',#808,#847,#1008,.T.);
#705=EDGE_CURVE('',#807,#848,#1009,.T.);
#706=EDGE_CURVE('',#849,#806,#1010,.T.);
#707=EDGE_CURVE('',#850,#805,#1011,.T.);
#708=EDGE_CURVE('',#804,#851,#1012,.T.);
#709=EDGE_CURVE('',#803,#852,#1013,.F.);
#710=EDGE_CURVE('',#802,#853,#1014,.F.);
#711=EDGE_CURVE('',#801,#854,#1015,.T.);
#712=EDGE_CURVE('',#855,#800,#1016,.T.);
#713=EDGE_CURVE('',#856,#799,#1017,.T.);
#714=EDGE_CURVE('',#798,#857,#1018,.T.);
#715=EDGE_CURVE('',#859,#860,#1019,.T.);
#716=EDGE_CURVE('',#860,#861,#1020,.T.);
#717=EDGE_CURVE('',#861,#859,#1021,.T.);
#718=EDGE_CURVE('',#860,#862,#1022,.T.);
#719=EDGE_CURVE('',#861,#862,#1023,.T.);
#720=EDGE_CURVE('',#859,#862,#1024,.T.);
#721=VERTEX_POINT('',#1941);
#722=VERTEX_POINT('',#1942);
#723=VERTEX_POINT('',#1944);
#724=VERTEX_POINT('',#1946);
#725=VERTEX_POINT('',#1948);
#726=VERTEX_POINT('',#1950);
#727=VERTEX_POINT('',#1952);
#728=VERTEX_POINT('',#1970);
#729=VERTEX_POINT('',#1971);
#730=VERTEX_POINT('',#1973);
#731=VERTEX_POINT('',#1975);
#732=VERTEX_POINT('',#1979);
#733=VERTEX_POINT('',#1980);
#734=VERTEX_POINT('',#1982);
#735=VERTEX_POINT('',#1984);
#736=VERTEX_POINT('',#1988);
#737=VERTEX_POINT('',#1989);
#738=VERTEX_POINT('',#1991);
#739=VERTEX_POINT('',#1993);
#740=VERTEX_POINT('',#1995);
#741=VERTEX_POINT('',#1997);
#742=VERTEX_POINT('',#1999);
#743=VERTEX_POINT('',#2001);
#744=VERTEX_POINT('',#2003);
#745=VERTEX_POINT('',#2005);
#746=VERTEX_POINT('',#2007);
#747=VERTEX_POINT('',#2009);
#748=VERTEX_POINT('',#2011);
#749=VERTEX_POINT('',#2014);
#750=VERTEX_POINT('',#2016);
#751=VERTEX_POINT('',#2018);
#752=VERTEX_POINT('',#2020);
#753=VERTEX_POINT('',#2022);
#754=VERTEX_POINT('',#2024);
#755=VERTEX_POINT('',#2026);
#756=VERTEX_POINT('',#2034);
#757=VERTEX_POINT('',#2035);
#758=VERTEX_POINT('',#2037);
#759=VERTEX_POINT('',#2039);
#760=VERTEX_POINT('',#2041);
#761=VERTEX_POINT('',#2053);
#762=VERTEX_POINT('',#2055);
#763=VERTEX_POINT('',#2069);
#764=VERTEX_POINT('',#2071);
#765=VERTEX_POINT('',#2073);
#766=VERTEX_POINT('',#2075);
#767=VERTEX_POINT('',#2100);
#768=VERTEX_POINT('',#2101);
#769=VERTEX_POINT('',#2118);
#770=VERTEX_POINT('',#2122);
#771=VERTEX_POINT('',#2124);
#772=VERTEX_POINT('',#2143);
#773=VERTEX_POINT('',#2149);
#774=VERTEX_POINT('',#2153);
#775=VERTEX_POINT('',#2176);
#776=VERTEX_POINT('',#2180);
#777=VERTEX_POINT('',#2182);
#778=VERTEX_POINT('',#2199);
#779=VERTEX_POINT('',#2212);
#780=VERTEX_POINT('',#2214);
#781=VERTEX_POINT('',#2235);
#782=VERTEX_POINT('',#2303);
#783=VERTEX_POINT('',#2310);
#784=VERTEX_POINT('',#2311);
#785=VERTEX_POINT('',#2313);
#786=VERTEX_POINT('',#2315);
#787=VERTEX_POINT('',#2325);
#788=VERTEX_POINT('',#2327);
#789=VERTEX_POINT('',#2331);
#790=VERTEX_POINT('',#2332);
#791=VERTEX_POINT('',#2335);
#792=VERTEX_POINT('',#2337);
#793=VERTEX_POINT('',#2344);
#794=VERTEX_POINT('',#2345);
#795=VERTEX_POINT('',#2347);
#796=VERTEX_POINT('',#2350);
#797=VERTEX_POINT('',#2352);
#798=VERTEX_POINT('',#2354);
#799=VERTEX_POINT('',#2356);
#800=VERTEX_POINT('',#2358);
#801=VERTEX_POINT('',#2360);
#802=VERTEX_POINT('',#2362);
#803=VERTEX_POINT('',#2364);
#804=VERTEX_POINT('',#2366);
#805=VERTEX_POINT('',#2368);
#806=VERTEX_POINT('',#2370);
#807=VERTEX_POINT('',#2372);
#808=VERTEX_POINT('',#2374);
#809=VERTEX_POINT('',#2376);
#810=VERTEX_POINT('',#2378);
#811=VERTEX_POINT('',#2380);
#812=VERTEX_POINT('',#2382);
#813=VERTEX_POINT('',#2384);
#814=VERTEX_POINT('',#2386);
#815=VERTEX_POINT('',#2388);
#816=VERTEX_POINT('',#2390);
#817=VERTEX_POINT('',#2392);
#818=VERTEX_POINT('',#2394);
#819=VERTEX_POINT('',#2396);
#820=VERTEX_POINT('',#2398);
#821=VERTEX_POINT('',#2400);
#822=VERTEX_POINT('',#2402);
#823=VERTEX_POINT('',#2404);
#824=VERTEX_POINT('',#2406);
#825=VERTEX_POINT('',#2408);
#826=VERTEX_POINT('',#2410);
#827=VERTEX_POINT('',#2412);
#828=VERTEX_POINT('',#2428);
#829=VERTEX_POINT('',#2430);
#830=VERTEX_POINT('',#2434);
#831=VERTEX_POINT('',#2441);
#832=VERTEX_POINT('',#2443);
#833=VERTEX_POINT('',#2447);
#834=VERTEX_POINT('',#2450);
#835=VERTEX_POINT('',#2452);
#836=VERTEX_POINT('',#2454);
#837=VERTEX_POINT('',#2456);
#838=VERTEX_POINT('',#2458);
#839=VERTEX_POINT('',#2460);
#840=VERTEX_POINT('',#2462);
#841=VERTEX_POINT('',#2464);
#842=VERTEX_POINT('',#2466);
#843=VERTEX_POINT('',#2468);
#844=VERTEX_POINT('',#2470);
#845=VERTEX_POINT('',#2472);
#846=VERTEX_POINT('',#2474);
#847=VERTEX_POINT('',#2476);
#848=VERTEX_POINT('',#2478);
#849=VERTEX_POINT('',#2480);
#850=VERTEX_POINT('',#2482);
#851=VERTEX_POINT('',#2484);
#852=VERTEX_POINT('',#2486);
#853=VERTEX_POINT('',#2488);
#854=VERTEX_POINT('',#2490);
#855=VERTEX_POINT('',#2492);
#856=VERTEX_POINT('',#2494);
#857=VERTEX_POINT('',#2496);
#858=VERTEX_POINT('',#2498);
#859=VERTEX_POINT('',#2563);
#860=VERTEX_POINT('',#2564);
#861=VERTEX_POINT('',#2566);
#862=VERTEX_POINT('',#2570);
#863=LINE('',#1940,#1025);
#864=LINE('',#1943,#1026);
#865=LINE('',#1945,#1027);
#866=LINE('',#1947,#1028);
#867=LINE('',#1949,#1029);
#868=LINE('',#1951,#1030);
#869=LINE('',#1969,#1031);
#870=LINE('',#1972,#1032);
#871=LINE('',#1974,#1033);
#872=LINE('',#1976,#1034);
#873=LINE('',#1978,#1035);
#874=LINE('',#1983,#1036);
#875=LINE('',#1987,#1037);
#876=LINE('',#1990,#1038);
#877=LINE('',#1992,#1039);
#878=LINE('',#1994,#1040);
#879=LINE('',#1996,#1041);
#880=LINE('',#1998,#1042);
#881=LINE('',#2000,#1043);
#882=LINE('',#2002,#1044);
#883=LINE('',#2004,#1045);
#884=LINE('',#2006,#1046);
#885=LINE('',#2008,#1047);
#886=LINE('',#2010,#1048);
#887=LINE('',#2012,#1049);
#888=LINE('',#2013,#1050);
#889=LINE('',#2017,#1051);
#890=LINE('',#2021,#1052);
#891=LINE('',#2025,#1053);
#892=LINE('',#2027,#1054);
#893=LINE('',#2038,#1055);
#894=LINE('',#2054,#1056);
#895=LINE('',#2056,#1057);
#896=LINE('',#2072,#1058);
#897=LINE('',#2102,#1059);
#898=LINE('',#2119,#1060);
#899=LINE('',#2121,#1061);
#900=LINE('',#2123,#1062);
#901=LINE('',#2125,#1063);
#902=LINE('',#2142,#1064);
#903=LINE('',#2150,#1065);
#904=LINE('',#2152,#1066);
#905=LINE('',#2154,#1067);
#906=LINE('',#2177,#1068);
#907=LINE('',#2179,#1069);
#908=LINE('',#2181,#1070);
#909=LINE('',#2183,#1071);
#910=LINE('',#2198,#1072);
#911=LINE('',#2213,#1073);
#912=LINE('',#2234,#1074);
#913=LINE('',#2302,#1075);
#914=LINE('',#2309,#1076);
#915=LINE('',#2312,#1077);
#916=LINE('',#2314,#1078);
#917=LINE('',#2316,#1079);
#918=LINE('',#2322,#1080);
#919=LINE('',#2324,#1081);
#920=LINE('',#2326,#1082);
#921=LINE('',#2330,#1083);
#922=LINE('',#2333,#1084);
#923=LINE('',#2334,#1085);
#924=LINE('',#2336,#1086);
#925=LINE('',#2338,#1087);
#926=LINE('',#2341,#1088);
#927=LINE('',#2343,#1089);
#928=LINE('',#2348,#1090);
#929=LINE('',#2351,#1091);
#930=LINE('',#2353,#1092);
#931=LINE('',#2355,#1093);
#932=LINE('',#2357,#1094);
#933=LINE('',#2359,#1095);
#934=LINE('',#2361,#1096);
#935=LINE('',#2365,#1097);
#936=LINE('',#2367,#1098);
#937=LINE('',#2369,#1099);
#938=LINE('',#2371,#1100);
#939=LINE('',#2373,#1101);
#940=LINE('',#2375,#1102);
#941=LINE('',#2377,#1103);
#942=LINE('',#2379,#1104);
#943=LINE('',#2381,#1105);
#944=LINE('',#2383,#1106);
#945=LINE('',#2385,#1107);
#946=LINE('',#2387,#1108);
#947=LINE('',#2391,#1109);
#948=LINE('',#2393,#1110);
#949=LINE('',#2395,#1111);
#950=LINE('',#2397,#1112);
#951=LINE('',#2399,#1113);
#952=LINE('',#2401,#1114);
#953=LINE('',#2405,#1115);
#954=LINE('',#2407,#1116);
#955=LINE('',#2411,#1117);
#956=LINE('',#2415,#1118);
#957=LINE('',#2416,#1119);
#958=LINE('',#2418,#1120);
#959=LINE('',#2419,#1121);
#960=LINE('',#2421,#1122);
#961=LINE('',#2422,#1123);
#962=LINE('',#2429,#1124);
#963=LINE('',#2431,#1125);
#964=LINE('',#2435,#1126);
#965=LINE('',#2437,#1127);
#966=LINE('',#2440,#1128);
#967=LINE('',#2444,#1129);
#968=LINE('',#2448,#1130);
#969=LINE('',#2449,#1131);
#970=LINE('',#2451,#1132);
#971=LINE('',#2453,#1133);
#972=LINE('',#2455,#1134);
#973=LINE('',#2457,#1135);
#974=LINE('',#2459,#1136);
#975=LINE('',#2463,#1137);
#976=LINE('',#2465,#1138);
#977=LINE('',#2467,#1139);
#978=LINE('',#2469,#1140);
#979=LINE('',#2471,#1141);
#980=LINE('',#2473,#1142);
#981=LINE('',#2475,#1143);
#982=LINE('',#2477,#1144);
#983=LINE('',#2479,#1145);
#984=LINE('',#2481,#1146);
#985=LINE('',#2483,#1147);
#986=LINE('',#2485,#1148);
#987=LINE('',#2489,#1149);
#988=LINE('',#2491,#1150);
#989=LINE('',#2493,#1151);
#990=LINE('',#2495,#1152);
#991=LINE('',#2497,#1153);
#992=LINE('',#2499,#1154);
#993=LINE('',#2501,#1155);
#994=LINE('',#2502,#1156);
#995=LINE('',#2505,#1157);
#996=LINE('',#2507,#1158);
#997=LINE('',#2509,#1159);
#998=LINE('',#2511,#1160);
#999=LINE('',#2513,#1161);
#1000=LINE('',#2515,#1162);
#1001=LINE('',#2517,#1163);
#1002=LINE('',#2519,#1164);
#1003=LINE('',#2521,#1165);
#1004=LINE('',#2523,#1166);
#1005=LINE('',#2525,#1167);
#1006=LINE('',#2527,#1168);
#1007=LINE('',#2529,#1169);
#1008=LINE('',#2531,#1170);
#1009=LINE('',#2533,#1171);
#1010=LINE('',#2535,#1172);
#1011=LINE('',#2537,#1173);
#1012=LINE('',#2539,#1174);
#1013=LINE('',#2541,#1175);
#1014=LINE('',#2543,#1176);
#1015=LINE('',#2545,#1177);
#1016=LINE('',#2547,#1178);
#1017=LINE('',#2549,#1179);
#1018=LINE('',#2551,#1180);
#1019=LINE('',#2562,#1181);
#1020=LINE('',#2565,#1182);
#1021=LINE('',#2567,#1183);
#1022=LINE('',#2569,#1184);
#1023=LINE('',#2571,#1185);
#1024=LINE('',#2573,#1186);
#1025=VECTOR('',#1586,1000.);
#1026=VECTOR('',#1587,1000.);
#1027=VECTOR('',#1588,1000.);
#1028=VECTOR('',#1589,1000.);
#1029=VECTOR('',#1590,1000.);
#1030=VECTOR('',#1591,1000.);
#1031=VECTOR('',#1594,1000.);
#1032=VECTOR('',#1595,1000.);
#1033=VECTOR('',#1596,1000.);
#1034=VECTOR('',#1597,1000.);
#1035=VECTOR('',#1600,1000.);
#1036=VECTOR('',#1603,1000.);
#1037=VECTOR('',#1608,1000.);
#1038=VECTOR('',#1609,1000.);
#1039=VECTOR('',#1610,1000.);
#1040=VECTOR('',#1611,1000.);
#1041=VECTOR('',#1612,1000.);
#1042=VECTOR('',#1613,1000.);
#1043=VECTOR('',#1614,1000.);
#1044=VECTOR('',#1615,1000.);
#1045=VECTOR('',#1616,1000.);
#1046=VECTOR('',#1617,1000.);
#1047=VECTOR('',#1618,1000.);
#1048=VECTOR('',#1619,1000.);
#1049=VECTOR('',#1620,1000.);
#1050=VECTOR('',#1621,1000.);
#1051=VECTOR('',#1624,1000.);
#1052=VECTOR('',#1627,1000.);
#1053=VECTOR('',#1630,1000.);
#1054=VECTOR('',#1631,1000.);
#1055=VECTOR('',#1636,1000.);
#1056=VECTOR('',#1639,1000.);
#1057=VECTOR('',#1640,1000.);
#1058=VECTOR('',#1645,1000.);
#1059=VECTOR('',#1648,1000.);
#1060=VECTOR('',#1649,1000.);
#1061=VECTOR('',#1652,1000.);
#1062=VECTOR('',#1653,1000.);
#1063=VECTOR('',#1654,1000.);
#1064=VECTOR('',#1655,1000.);
#1065=VECTOR('',#1656,1000.);
#1066=VECTOR('',#1659,1000.);
#1067=VECTOR('',#1660,1000.);
#1068=VECTOR('',#1661,1000.);
#1069=VECTOR('',#1664,1000.);
#1070=VECTOR('',#1665,1000.);
#1071=VECTOR('',#1666,1000.);
#1072=VECTOR('',#1667,1000.);
#1073=VECTOR('',#1670,1000.);
#1074=VECTOR('',#1671,1000.);
#1075=VECTOR('',#1674,1000.);
#1076=VECTOR('',#1677,1000.);
#1077=VECTOR('',#1678,1000.);
#1078=VECTOR('',#1679,1000.);
#1079=VECTOR('',#1680,1000.);
#1080=VECTOR('',#1691,1000.);
#1081=VECTOR('',#1694,1000.);
#1082=VECTOR('',#1695,1000.);
#1083=VECTOR('',#1700,1000.);
#1084=VECTOR('',#1701,1000.);
#1085=VECTOR('',#1702,1000.);
#1086=VECTOR('',#1703,1000.);
#1087=VECTOR('',#1704,1000.);
#1088=VECTOR('',#1709,1000.);
#1089=VECTOR('',#1712,1000.);
#1090=VECTOR('',#1715,1000.);
#1091=VECTOR('',#1718,1000.);
#1092=VECTOR('',#1719,1000.);
#1093=VECTOR('',#1720,1000.);
#1094=VECTOR('',#1721,1000.);
#1095=VECTOR('',#1722,1000.);
#1096=VECTOR('',#1723,1000.);
#1097=VECTOR('',#1726,1000.);
#1098=VECTOR('',#1727,1000.);
#1099=VECTOR('',#1728,1000.);
#1100=VECTOR('',#1729,1000.);
#1101=VECTOR('',#1730,1000.);
#1102=VECTOR('',#1731,1000.);
#1103=VECTOR('',#1732,1000.);
#1104=VECTOR('',#1733,1000.);
#1105=VECTOR('',#1734,1000.);
#1106=VECTOR('',#1735,1000.);
#1107=VECTOR('',#1736,1000.);
#1108=VECTOR('',#1737,1000.);
#1109=VECTOR('',#1740,1000.);
#1110=VECTOR('',#1741,1000.);
#1111=VECTOR('',#1742,1000.);
#1112=VECTOR('',#1743,1000.);
#1113=VECTOR('',#1744,1000.);
#1114=VECTOR('',#1745,1000.);
#1115=VECTOR('',#1748,1000.);
#1116=VECTOR('',#1749,1000.);
#1117=VECTOR('',#1752,1000.);
#1118=VECTOR('',#1757,1000.);
#1119=VECTOR('',#1758,1000.);
#1120=VECTOR('',#1761,1000.);
#1121=VECTOR('',#1762,1000.);
#1122=VECTOR('',#1765,1000.);
#1123=VECTOR('',#1766,1000.);
#1124=VECTOR('',#1777,1000.);
#1125=VECTOR('',#1778,1000.);
#1126=VECTOR('',#1783,1000.);
#1127=VECTOR('',#1786,1000.);
#1128=VECTOR('',#1791,1000.);
#1129=VECTOR('',#1794,1000.);
#1130=VECTOR('',#1799,1000.);
#1131=VECTOR('',#1800,1000.);
#1132=VECTOR('',#1801,1000.);
#1133=VECTOR('',#1802,1000.);
#1134=VECTOR('',#1803,1000.);
#1135=VECTOR('',#1804,1000.);
#1136=VECTOR('',#1805,1000.);
#1137=VECTOR('',#1808,1000.);
#1138=VECTOR('',#1809,1000.);
#1139=VECTOR('',#1810,1000.);
#1140=VECTOR('',#1811,1000.);
#1141=VECTOR('',#1812,1000.);
#1142=VECTOR('',#1813,1000.);
#1143=VECTOR('',#1814,1000.);
#1144=VECTOR('',#1815,1000.);
#1145=VECTOR('',#1816,1000.);
#1146=VECTOR('',#1817,1000.);
#1147=VECTOR('',#1818,1000.);
#1148=VECTOR('',#1819,1000.);
#1149=VECTOR('',#1822,1000.);
#1150=VECTOR('',#1823,1000.);
#1151=VECTOR('',#1824,1000.);
#1152=VECTOR('',#1825,1000.);
#1153=VECTOR('',#1826,1000.);
#1154=VECTOR('',#1827,1000.);
#1155=VECTOR('',#1830,1000.);
#1156=VECTOR('',#1831,1000.);
#1157=VECTOR('',#1836,1000.);
#1158=VECTOR('',#1839,1000.);
#1159=VECTOR('',#1842,1000.);
#1160=VECTOR('',#1845,1000.);
#1161=VECTOR('',#1848,1000.);
#1162=VECTOR('',#1851,1000.);
#1163=VECTOR('',#1854,1000.);
#1164=VECTOR('',#1857,1000.);
#1165=VECTOR('',#1860,1000.);
#1166=VECTOR('',#1863,1000.);
#1167=VECTOR('',#1866,1000.);
#1168=VECTOR('',#1869,1000.);
#1169=VECTOR('',#1872,1000.);
#1170=VECTOR('',#1875,1000.);
#1171=VECTOR('',#1878,1000.);
#1172=VECTOR('',#1881,1000.);
#1173=VECTOR('',#1884,1000.);
#1174=VECTOR('',#1887,1000.);
#1175=VECTOR('',#1890,1000.);
#1176=VECTOR('',#1893,1000.);
#1177=VECTOR('',#1896,1000.);
#1178=VECTOR('',#1899,1000.);
#1179=VECTOR('',#1902,1000.);
#1180=VECTOR('',#1905,1000.);
#1181=VECTOR('',#1926,1000.);
#1182=VECTOR('',#1927,1000.);
#1183=VECTOR('',#1928,1000.);
#1184=VECTOR('',#1931,1000.);
#1185=VECTOR('',#1932,1000.);
#1186=VECTOR('',#1935,1000.);
#1187=EDGE_LOOP('',(#91,#92,#93,#94,#95,#96,#97,#98));
#1188=EDGE_LOOP('',(#99,#100,#101,#102));
#1189=EDGE_LOOP('',(#103,#104,#105,#106));
#1190=EDGE_LOOP('',(#107,#108,#109,#110,#111,#112,#113,#114,#115,#116,#117,
#118,#119,#120,#121,#122,#123,#124,#125,#126,#127,#128));
#1191=EDGE_LOOP('',(#129,#130,#131,#132,#133,#134,#135));
#1192=EDGE_LOOP('',(#136,#137,#138,#139,#140,#141,#142));
#1193=EDGE_LOOP('',(#143,#144,#145,#146,#147));
#1194=EDGE_LOOP('',(#148,#149,#150,#151));
#1195=EDGE_LOOP('',(#152,#153,#154,#155));
#1196=EDGE_LOOP('',(#156,#157,#158,#159,#160,#161,#162,#163));
#1197=EDGE_LOOP('',(#164,#165,#166,#167));
#1198=EDGE_LOOP('',(#168,#169,#170,#171));
#1199=EDGE_LOOP('',(#172,#173,#174,#175,#176));
#1200=EDGE_LOOP('',(#177,#178,#179,#180));
#1201=EDGE_LOOP('',(#181,#182,#183,#184));
#1202=EDGE_LOOP('',(#185,#186,#187,#188));
#1203=EDGE_LOOP('',(#189,#190,#191,#192));
#1204=EDGE_LOOP('',(#193,#194,#195,#196));
#1205=EDGE_LOOP('',(#197,#198,#199,#200));
#1206=EDGE_LOOP('',(#201,#202,#203,#204));
#1207=EDGE_LOOP('',(#205,#206,#207,#208,#209,#210));
#1208=EDGE_LOOP('',(#211,#212,#213,#214,#215,#216));
#1209=EDGE_LOOP('',(#217,#218,#219,#220,#221,#222,#223,#224,#225,#226,#227,
#228,#229,#230));
#1210=EDGE_LOOP('',(#231,#232,#233,#234,#235,#236));
#1211=EDGE_LOOP('',(#237,#238,#239,#240,#241));
#1212=EDGE_LOOP('',(#242,#243,#244,#245,#246,#247,#248,#249,#250,#251,#252,
#253,#254,#255,#256,#257,#258,#259,#260,#261,#262,#263,#264,#265,#266,#267,
#268,#269,#270,#271,#272,#273,#274,#275,#276,#277,#278,#279,#280));
#1213=EDGE_LOOP('',(#281,#282,#283,#284));
#1214=EDGE_LOOP('',(#285,#286,#287,#288));
#1215=EDGE_LOOP('',(#289,#290,#291,#292));
#1216=EDGE_LOOP('',(#293,#294,#295,#296));
#1217=EDGE_LOOP('',(#297,#298,#299,#300));
#1218=EDGE_LOOP('',(#301,#302,#303,#304,#305,#306));
#1219=EDGE_LOOP('',(#307,#308,#309,#310));
#1220=EDGE_LOOP('',(#311,#312,#313,#314,#315));
#1221=EDGE_LOOP('',(#316,#317,#318,#319));
#1222=EDGE_LOOP('',(#320,#321,#322,#323));
#1223=EDGE_LOOP('',(#324,#325,#326,#327,#328,#329,#330,#331,#332,#333,#334,
#335,#336,#337,#338,#339,#340,#341,#342,#343,#344,#345,#346,#347,#348,#349,
#350,#351,#352,#353,#354,#355,#356));
#1224=EDGE_LOOP('',(#357,#358,#359,#360));
#1225=EDGE_LOOP('',(#361,#362,#363,#364,#365,#366));
#1226=EDGE_LOOP('',(#367,#368,#369,#370));
#1227=EDGE_LOOP('',(#371,#372,#373,#374));
#1228=EDGE_LOOP('',(#375,#376,#377,#378));
#1229=EDGE_LOOP('',(#379,#380,#381,#382));
#1230=EDGE_LOOP('',(#383,#384,#385,#386));
#1231=EDGE_LOOP('',(#387,#388,#389,#390));
#1232=EDGE_LOOP('',(#391,#392,#393,#394));
#1233=EDGE_LOOP('',(#395,#396,#397,#398));
#1234=EDGE_LOOP('',(#399,#400,#401,#402));
#1235=EDGE_LOOP('',(#403,#404,#405,#406));
#1236=EDGE_LOOP('',(#407,#408,#409,#410));
#1237=EDGE_LOOP('',(#411,#412,#413,#414));
#1238=EDGE_LOOP('',(#415,#416,#417,#418));
#1239=EDGE_LOOP('',(#419,#420,#421,#422));
#1240=EDGE_LOOP('',(#423,#424,#425,#426));
#1241=EDGE_LOOP('',(#427,#428,#429,#430));
#1242=EDGE_LOOP('',(#431,#432,#433,#434));
#1243=EDGE_LOOP('',(#435,#436,#437,#438));
#1244=EDGE_LOOP('',(#439,#440,#441,#442));
#1245=EDGE_LOOP('',(#443,#444,#445,#446));
#1246=EDGE_LOOP('',(#447,#448,#449,#450));
#1247=EDGE_LOOP('',(#451,#452,#453,#454));
#1248=EDGE_LOOP('',(#455,#456,#457,#458));
#1249=EDGE_LOOP('',(#459,#460,#461,#462));
#1250=EDGE_LOOP('',(#463,#464,#465,#466));
#1251=EDGE_LOOP('',(#467,#468,#469,#470));
#1252=EDGE_LOOP('',(#471,#472,#473,#474));
#1253=EDGE_LOOP('',(#475,#476,#477,#478));
#1254=EDGE_LOOP('',(#479,#480,#481,#482));
#1255=EDGE_LOOP('',(#483,#484,#485,#486));
#1256=EDGE_LOOP('',(#487,#488,#489,#490));
#1257=EDGE_LOOP('',(#491,#492,#493,#494));
#1258=EDGE_LOOP('',(#495,#496,#497,#498));
#1259=EDGE_LOOP('',(#499,#500,#501));
#1260=EDGE_LOOP('',(#502,#503,#504));
#1261=EDGE_LOOP('',(#505,#506,#507));
#1262=EDGE_LOOP('',(#508,#509,#510));
#1263=FACE_BOUND('',#1187,.T.);
#1264=FACE_BOUND('',#1188,.T.);
#1265=FACE_BOUND('',#1189,.T.);
#1266=FACE_BOUND('',#1190,.T.);
#1267=FACE_BOUND('',#1191,.T.);
#1268=FACE_BOUND('',#1192,.T.);
#1269=FACE_BOUND('',#1193,.T.);
#1270=FACE_BOUND('',#1194,.T.);
#1271=FACE_BOUND('',#1195,.T.);
#1272=FACE_BOUND('',#1196,.T.);
#1273=FACE_BOUND('',#1197,.T.);
#1274=FACE_BOUND('',#1198,.T.);
#1275=FACE_BOUND('',#1199,.T.);
#1276=FACE_BOUND('',#1200,.T.);
#1277=FACE_BOUND('',#1201,.T.);
#1278=FACE_BOUND('',#1202,.T.);
#1279=FACE_BOUND('',#1203,.T.);
#1280=FACE_BOUND('',#1204,.T.);
#1281=FACE_BOUND('',#1205,.T.);
#1282=FACE_BOUND('',#1206,.T.);
#1283=FACE_BOUND('',#1207,.T.);
#1284=FACE_BOUND('',#1208,.T.);
#1285=FACE_BOUND('',#1209,.T.);
#1286=FACE_BOUND('',#1210,.T.);
#1287=FACE_BOUND('',#1211,.T.);
#1288=FACE_BOUND('',#1212,.T.);
#1289=FACE_BOUND('',#1213,.T.);
#1290=FACE_BOUND('',#1214,.T.);
#1291=FACE_BOUND('',#1215,.T.);
#1292=FACE_BOUND('',#1216,.T.);
#1293=FACE_BOUND('',#1217,.T.);
#1294=FACE_BOUND('',#1218,.T.);
#1295=FACE_BOUND('',#1219,.T.);
#1296=FACE_BOUND('',#1220,.T.);
#1297=FACE_BOUND('',#1221,.T.);
#1298=FACE_BOUND('',#1222,.T.);
#1299=FACE_BOUND('',#1223,.T.);
#1300=FACE_BOUND('',#1224,.T.);
#1301=FACE_BOUND('',#1225,.T.);
#1302=FACE_BOUND('',#1226,.T.);
#1303=FACE_BOUND('',#1227,.T.);
#1304=FACE_BOUND('',#1228,.T.);
#1305=FACE_BOUND('',#1229,.T.);
#1306=FACE_BOUND('',#1230,.T.);
#1307=FACE_BOUND('',#1231,.T.);
#1308=FACE_BOUND('',#1232,.T.);
#1309=FACE_BOUND('',#1233,.T.);
#1310=FACE_BOUND('',#1234,.T.);
#1311=FACE_BOUND('',#1235,.T.);
#1312=FACE_BOUND('',#1236,.T.);
#1313=FACE_BOUND('',#1237,.T.);
#1314=FACE_BOUND('',#1238,.T.);
#1315=FACE_BOUND('',#1239,.T.);
#1316=FACE_BOUND('',#1240,.T.);
#1317=FACE_BOUND('',#1241,.T.);
#1318=FACE_BOUND('',#1242,.T.);
#1319=FACE_BOUND('',#1243,.T.);
#1320=FACE_BOUND('',#1244,.T.);
#1321=FACE_BOUND('',#1245,.T.);
#1322=FACE_BOUND('',#1246,.T.);
#1323=FACE_BOUND('',#1247,.T.);
#1324=FACE_BOUND('',#1248,.T.);
#1325=FACE_BOUND('',#1249,.T.);
#1326=FACE_BOUND('',#1250,.T.);
#1327=FACE_BOUND('',#1251,.T.);
#1328=FACE_BOUND('',#1252,.T.);
#1329=FACE_BOUND('',#1253,.T.);
#1330=FACE_BOUND('',#1254,.T.);
#1331=FACE_BOUND('',#1255,.T.);
#1332=FACE_BOUND('',#1256,.T.);
#1333=FACE_BOUND('',#1257,.T.);
#1334=FACE_BOUND('',#1258,.T.);
#1335=FACE_BOUND('',#1259,.T.);
#1336=FACE_BOUND('',#1260,.T.);
#1337=FACE_BOUND('',#1261,.T.);
#1338=FACE_BOUND('',#1262,.T.);
#1339=PLANE('',#1486);
#1340=PLANE('',#1487);
#1341=PLANE('',#1491);
#1342=PLANE('',#1495);
#1343=PLANE('',#1498);
#1344=PLANE('',#1501);
#1345=PLANE('',#1502);
#1346=PLANE('',#1503);
#1347=PLANE('',#1504);
#1348=PLANE('',#1505);
#1349=PLANE('',#1506);
#1350=PLANE('',#1507);
#1351=PLANE('',#1514);
#1352=PLANE('',#1515);
#1353=PLANE('',#1517);
#1354=PLANE('',#1528);
#1355=PLANE('',#1529);
#1356=PLANE('',#1530);
#1357=PLANE('',#1535);
#1358=PLANE('',#1536);
#1359=PLANE('',#1539);
#1360=PLANE('',#1543);
#1361=PLANE('',#1544);
#1362=PLANE('',#1545);
#1363=PLANE('',#1546);
#1364=PLANE('',#1547);
#1365=PLANE('',#1548);
#1366=PLANE('',#1549);
#1367=PLANE('',#1550);
#1368=PLANE('',#1552);
#1369=PLANE('',#1553);
#1370=PLANE('',#1554);
#1371=PLANE('',#1555);
#1372=PLANE('',#1556);
#1373=PLANE('',#1557);
#1374=PLANE('',#1558);
#1375=PLANE('',#1559);
#1376=PLANE('',#1560);
#1377=PLANE('',#1561);
#1378=PLANE('',#1562);
#1379=PLANE('',#1563);
#1380=PLANE('',#1565);
#1381=PLANE('',#1566);
#1382=PLANE('',#1567);
#1383=PLANE('',#1568);
#1384=PLANE('',#1569);
#1385=PLANE('',#1577);
#1386=PLANE('',#1578);
#1387=PLANE('',#1579);
#1388=PLANE('',#1580);
#1389=PLANE('',#1581);
#1390=ADVANCED_FACE('',(#1263),#1339,.T.);
#1391=ADVANCED_FACE('',(#1264),#1340,.T.);
#1392=ADVANCED_FACE('',(#1265),#58,.F.);
#1393=ADVANCED_FACE('',(#1266),#1341,.F.);
#1394=ADVANCED_FACE('',(#1267),#1342,.T.);
#1395=ADVANCED_FACE('',(#1268),#1343,.T.);
#1396=ADVANCED_FACE('',(#1269),#20,.F.);
#1397=ADVANCED_FACE('',(#1270),#1344,.T.);
#1398=ADVANCED_FACE('',(#1271),#21,.F.);
#1399=ADVANCED_FACE('',(#1272),#1345,.T.);
#1400=ADVANCED_FACE('',(#1273),#22,.T.);
#1401=ADVANCED_FACE('',(#1274),#1346,.T.);
#1402=ADVANCED_FACE('',(#1275),#23,.T.);
#1403=ADVANCED_FACE('',(#1276),#1347,.F.);
#1404=ADVANCED_FACE('',(#1277),#24,.T.);
#1405=ADVANCED_FACE('',(#1278),#25,.F.);
#1406=ADVANCED_FACE('',(#1279),#1348,.F.);
#1407=ADVANCED_FACE('',(#1280),#26,.F.);
#1408=ADVANCED_FACE('',(#1281),#27,.T.);
#1409=ADVANCED_FACE('',(#1282),#1349,.F.);
#1410=ADVANCED_FACE('',(#1283,#1284,#1285),#1350,.F.);
#1411=ADVANCED_FACE('',(#1286),#1351,.F.);
#1412=ADVANCED_FACE('',(#1287),#1352,.T.);
#1413=ADVANCED_FACE('',(#1288),#1353,.F.);
#1414=ADVANCED_FACE('',(#1289),#59,.F.);
#1415=ADVANCED_FACE('',(#1290),#60,.F.);
#1416=ADVANCED_FACE('',(#1291),#61,.F.);
#1417=ADVANCED_FACE('',(#1292),#1354,.F.);
#1418=ADVANCED_FACE('',(#1293),#1355,.T.);
#1419=ADVANCED_FACE('',(#1294),#1356,.T.);
#1420=ADVANCED_FACE('',(#1295),#62,.T.);
#1421=ADVANCED_FACE('',(#1296),#1357,.F.);
#1422=ADVANCED_FACE('',(#1297),#1358,.F.);
#1423=ADVANCED_FACE('',(#1298),#63,.T.);
#1424=ADVANCED_FACE('',(#1299),#1359,.F.);
#1425=ADVANCED_FACE('',(#1300),#1360,.T.);
#1426=ADVANCED_FACE('',(#1301),#1361,.F.);
#1427=ADVANCED_FACE('',(#1302),#1362,.T.);
#1428=ADVANCED_FACE('',(#1303),#1363,.F.);
#1429=ADVANCED_FACE('',(#1304),#1364,.F.);
#1430=ADVANCED_FACE('',(#1305),#1365,.F.);
#1431=ADVANCED_FACE('',(#1306),#1366,.T.);
#1432=ADVANCED_FACE('',(#1307),#1367,.F.);
#1433=ADVANCED_FACE('',(#1308),#64,.F.);
#1434=ADVANCED_FACE('',(#1309),#1368,.T.);
#1435=ADVANCED_FACE('',(#1310),#1369,.T.);
#1436=ADVANCED_FACE('',(#1311),#1370,.F.);
#1437=ADVANCED_FACE('',(#1312),#1371,.F.);
#1438=ADVANCED_FACE('',(#1313),#1372,.F.);
#1439=ADVANCED_FACE('',(#1314),#1373,.T.);
#1440=ADVANCED_FACE('',(#1315),#1374,.T.);
#1441=ADVANCED_FACE('',(#1316),#1375,.F.);
#1442=ADVANCED_FACE('',(#1317),#1376,.F.);
#1443=ADVANCED_FACE('',(#1318),#1377,.F.);
#1444=ADVANCED_FACE('',(#1319),#1378,.T.);
#1445=ADVANCED_FACE('',(#1320),#1379,.T.);
#1446=ADVANCED_FACE('',(#1321),#65,.F.);
#1447=ADVANCED_FACE('',(#1322),#1380,.F.);
#1448=ADVANCED_FACE('',(#1323),#1381,.T.);
#1449=ADVANCED_FACE('',(#1324),#1382,.F.);
#1450=ADVANCED_FACE('',(#1325),#1383,.F.);
#1451=ADVANCED_FACE('',(#1326),#1384,.F.);
#1452=ADVANCED_FACE('',(#1327),#66,.T.);
#1453=ADVANCED_FACE('',(#1328),#67,.T.);
#1454=ADVANCED_FACE('',(#1329),#68,.F.);
#1455=ADVANCED_FACE('',(#1330),#69,.F.);
#1456=ADVANCED_FACE('',(#1331),#70,.F.);
#1457=ADVANCED_FACE('',(#1332),#71,.F.);
#1458=ADVANCED_FACE('',(#1333),#72,.F.);
#1459=ADVANCED_FACE('',(#1334),#1385,.T.);
#1460=ADVANCED_FACE('',(#1335),#1386,.T.);
#1461=ADVANCED_FACE('',(#1336),#1387,.T.);
#1462=ADVANCED_FACE('',(#1337),#1388,.T.);
#1463=ADVANCED_FACE('',(#1338),#1389,.T.);
#1464=CLOSED_SHELL('',(#1390,#1391,#1392,#1393,#1394,#1395,#1396,#1397,
#1398,#1399,#1400,#1401,#1402,#1403,#1404,#1405,#1406,#1407,#1408,#1409,
#1410,#1411,#1412,#1413,#1414,#1415,#1416,#1417,#1418,#1419,#1420,#1421,
#1422,#1423,#1424,#1425,#1426,#1427,#1428,#1429,#1430,#1431,#1432,#1433,
#1434,#1435,#1436,#1437,#1438,#1439,#1440,#1441,#1442,#1443,#1444,#1445,
#1446,#1447,#1448,#1449,#1450,#1451,#1452,#1453,#1454,#1455,#1456,#1457,
#1458,#1459));
#1465=CLOSED_SHELL('',(#1460,#1461,#1462,#1463));
#1466=STYLED_ITEM('',(#1468),#1481);
#1467=STYLED_ITEM('',(#1469),#1482);
#1468=PRESENTATION_STYLE_ASSIGNMENT((#1470));
#1469=PRESENTATION_STYLE_ASSIGNMENT((#1471));
#1470=SURFACE_STYLE_USAGE(.BOTH.,#1472);
#1471=SURFACE_STYLE_USAGE(.BOTH.,#1473);
#1472=SURFACE_SIDE_STYLE('',(#1474));
#1473=SURFACE_SIDE_STYLE('',(#1475));
#1474=SURFACE_STYLE_FILL_AREA(#1476);
#1475=SURFACE_STYLE_FILL_AREA(#1477);
#1476=FILL_AREA_STYLE('',(#1478));
#1477=FILL_AREA_STYLE('',(#1479));
#1478=FILL_AREA_STYLE_COLOUR('',#1480);
#1479=FILL_AREA_STYLE_COLOUR('',#1480);
#1480=COLOUR_RGB('',0.506983280181885,0.531564235687256,0.550000011920929);
#1481=MANIFOLD_SOLID_BREP('',#1464);
#1482=MANIFOLD_SOLID_BREP('',#1465);
#1483=SHAPE_DEFINITION_REPRESENTATION(#2581,#1484);
#1484=SHAPE_REPRESENTATION('FlareHolder06',(#1485),#2576);
#1485=AXIS2_PLACEMENT_3D('',#1938,#1582,#1583);
#1486=AXIS2_PLACEMENT_3D('',#1939,#1584,#1585);
#1487=AXIS2_PLACEMENT_3D('',#1968,#1592,#1593);
#1488=AXIS2_PLACEMENT_3D('',#1977,#1598,#1599);
#1489=AXIS2_PLACEMENT_3D('',#1981,#1601,#1602);
#1490=AXIS2_PLACEMENT_3D('',#1985,#1604,#1605);
#1491=AXIS2_PLACEMENT_3D('',#1986,#1606,#1607);
#1492=AXIS2_PLACEMENT_3D('',#2015,#1622,#1623);
#1493=AXIS2_PLACEMENT_3D('',#2019,#1625,#1626);
#1494=AXIS2_PLACEMENT_3D('',#2023,#1628,#1629);
#1495=AXIS2_PLACEMENT_3D('',#2028,#1632,#1633);
#1496=AXIS2_PLACEMENT_3D('',#2036,#1634,#1635);
#1497=AXIS2_PLACEMENT_3D('',#2040,#1637,#1638);
#1498=AXIS2_PLACEMENT_3D('',#2057,#1641,#1642);
#1499=AXIS2_PLACEMENT_3D('',#2070,#1643,#1644);
#1500=AXIS2_PLACEMENT_3D('',#2074,#1646,#1647);
#1501=AXIS2_PLACEMENT_3D('',#2120,#1650,#1651);
#1502=AXIS2_PLACEMENT_3D('',#2151,#1657,#1658);
#1503=AXIS2_PLACEMENT_3D('',#2178,#1662,#1663);
#1504=AXIS2_PLACEMENT_3D('',#2205,#1668,#1669);
#1505=AXIS2_PLACEMENT_3D('',#2270,#1672,#1673);
#1506=AXIS2_PLACEMENT_3D('',#2308,#1675,#1676);
#1507=AXIS2_PLACEMENT_3D('',#2317,#1681,#1682);
#1508=AXIS2_PLACEMENT_3D('',#2318,#1683,#1684);
#1509=AXIS2_PLACEMENT_3D('',#2319,#1685,#1686);
#1510=AXIS2_PLACEMENT_3D('',#2320,#1687,#1688);
#1511=AXIS2_PLACEMENT_3D('',#2321,#1689,#1690);
#1512=AXIS2_PLACEMENT_3D('',#2323,#1692,#1693);
#1513=AXIS2_PLACEMENT_3D('',#2328,#1696,#1697);
#1514=AXIS2_PLACEMENT_3D('',#2329,#1698,#1699);
#1515=AXIS2_PLACEMENT_3D('',#2339,#1705,#1706);
#1516=AXIS2_PLACEMENT_3D('',#2340,#1707,#1708);
#1517=AXIS2_PLACEMENT_3D('',#2342,#1710,#1711);
#1518=AXIS2_PLACEMENT_3D('',#2346,#1713,#1714);
#1519=AXIS2_PLACEMENT_3D('',#2349,#1716,#1717);
#1520=AXIS2_PLACEMENT_3D('',#2363,#1724,#1725);
#1521=AXIS2_PLACEMENT_3D('',#2389,#1738,#1739);
#1522=AXIS2_PLACEMENT_3D('',#2403,#1746,#1747);
#1523=AXIS2_PLACEMENT_3D('',#2409,#1750,#1751);
#1524=AXIS2_PLACEMENT_3D('',#2413,#1753,#1754);
#1525=AXIS2_PLACEMENT_3D('',#2414,#1755,#1756);
#1526=AXIS2_PLACEMENT_3D('',#2417,#1759,#1760);
#1527=AXIS2_PLACEMENT_3D('',#2420,#1763,#1764);
#1528=AXIS2_PLACEMENT_3D('',#2423,#1767,#1768);
#1529=AXIS2_PLACEMENT_3D('',#2424,#1769,#1770);
#1530=AXIS2_PLACEMENT_3D('',#2425,#1771,#1772);
#1531=AXIS2_PLACEMENT_3D('',#2426,#1773,#1774);
#1532=AXIS2_PLACEMENT_3D('',#2427,#1775,#1776);
#1533=AXIS2_PLACEMENT_3D('',#2432,#1779,#1780);
#1534=AXIS2_PLACEMENT_3D('',#2433,#1781,#1782);
#1535=AXIS2_PLACEMENT_3D('',#2436,#1784,#1785);
#1536=AXIS2_PLACEMENT_3D('',#2438,#1787,#1788);
#1537=AXIS2_PLACEMENT_3D('',#2439,#1789,#1790);
#1538=AXIS2_PLACEMENT_3D('',#2442,#1792,#1793);
#1539=AXIS2_PLACEMENT_3D('',#2445,#1795,#1796);
#1540=AXIS2_PLACEMENT_3D('',#2446,#1797,#1798);
#1541=AXIS2_PLACEMENT_3D('',#2461,#1806,#1807);
#1542=AXIS2_PLACEMENT_3D('',#2487,#1820,#1821);
#1543=AXIS2_PLACEMENT_3D('',#2500,#1828,#1829);
#1544=AXIS2_PLACEMENT_3D('',#2503,#1832,#1833);
#1545=AXIS2_PLACEMENT_3D('',#2504,#1834,#1835);
#1546=AXIS2_PLACEMENT_3D('',#2506,#1837,#1838);
#1547=AXIS2_PLACEMENT_3D('',#2508,#1840,#1841);
#1548=AXIS2_PLACEMENT_3D('',#2510,#1843,#1844);
#1549=AXIS2_PLACEMENT_3D('',#2512,#1846,#1847);
#1550=AXIS2_PLACEMENT_3D('',#2514,#1849,#1850);
#1551=AXIS2_PLACEMENT_3D('',#2516,#1852,#1853);
#1552=AXIS2_PLACEMENT_3D('',#2518,#1855,#1856);
#1553=AXIS2_PLACEMENT_3D('',#2520,#1858,#1859);
#1554=AXIS2_PLACEMENT_3D('',#2522,#1861,#1862);
#1555=AXIS2_PLACEMENT_3D('',#2524,#1864,#1865);
#1556=AXIS2_PLACEMENT_3D('',#2526,#1867,#1868);
#1557=AXIS2_PLACEMENT_3D('',#2528,#1870,#1871);
#1558=AXIS2_PLACEMENT_3D('',#2530,#1873,#1874);
#1559=AXIS2_PLACEMENT_3D('',#2532,#1876,#1877);
#1560=AXIS2_PLACEMENT_3D('',#2534,#1879,#1880);
#1561=AXIS2_PLACEMENT_3D('',#2536,#1882,#1883);
#1562=AXIS2_PLACEMENT_3D('',#2538,#1885,#1886);
#1563=AXIS2_PLACEMENT_3D('',#2540,#1888,#1889);
#1564=AXIS2_PLACEMENT_3D('',#2542,#1891,#1892);
#1565=AXIS2_PLACEMENT_3D('',#2544,#1894,#1895);
#1566=AXIS2_PLACEMENT_3D('',#2546,#1897,#1898);
#1567=AXIS2_PLACEMENT_3D('',#2548,#1900,#1901);
#1568=AXIS2_PLACEMENT_3D('',#2550,#1903,#1904);
#1569=AXIS2_PLACEMENT_3D('',#2552,#1906,#1907);
#1570=AXIS2_PLACEMENT_3D('',#2553,#1908,#1909);
#1571=AXIS2_PLACEMENT_3D('',#2554,#1910,#1911);
#1572=AXIS2_PLACEMENT_3D('',#2555,#1912,#1913);
#1573=AXIS2_PLACEMENT_3D('',#2556,#1914,#1915);
#1574=AXIS2_PLACEMENT_3D('',#2557,#1916,#1917);
#1575=AXIS2_PLACEMENT_3D('',#2558,#1918,#1919);
#1576=AXIS2_PLACEMENT_3D('',#2559,#1920,#1921);
#1577=AXIS2_PLACEMENT_3D('',#2560,#1922,#1923);
#1578=AXIS2_PLACEMENT_3D('',#2561,#1924,#1925);
#1579=AXIS2_PLACEMENT_3D('',#2568,#1929,#1930);
#1580=AXIS2_PLACEMENT_3D('',#2572,#1933,#1934);
#1581=AXIS2_PLACEMENT_3D('',#2574,#1936,#1937);
#1582=DIRECTION('',(0.,0.,1.));
#1583=DIRECTION('',(1.,0.,0.));
#1584=DIRECTION('',(4.66387619637173E-17,1.,-2.58897136860654E-33));
#1585=DIRECTION('',(-1.,4.66387619637173E-17,5.55111512312578E-17));
#1586=DIRECTION('',(5.55111512312578E-17,0.,1.));
#1587=DIRECTION('',(-1.,4.66387619637173E-17,5.55111512312578E-17));
#1588=DIRECTION('',(5.55111512312578E-17,0.,1.));
#1589=DIRECTION('',(1.,-4.66387619637173E-17,-5.55111512312578E-17));
#1590=DIRECTION('',(-4.22198585292788E-15,-4.87769333565907E-14,1.));
#1591=DIRECTION('',(1.,-5.55111512447131E-17,2.80185418234005E-13));
#1592=DIRECTION('',(2.53555594168235E-10,-1.,-8.40691804794136E-16));
#1593=DIRECTION('',(1.,2.53555594168235E-10,0.));
#1594=DIRECTION('',(5.55111512312578E-17,0.,1.));
#1595=DIRECTION('',(-1.,-2.53555594168235E-10,2.84355144832883E-13));
#1596=DIRECTION('',(5.55111512312578E-17,0.,1.));
#1597=DIRECTION('',(-1.,-2.53555594168235E-10,2.84355144832883E-13));
#1598=DIRECTION('',(7.79964806689282E-13,1.,-6.60785938460985E-28));
#1599=DIRECTION('',(-1.,7.79964806689282E-13,0.));
#1600=DIRECTION('',(7.79964806689282E-13,1.,-6.60785938460985E-28));
#1601=DIRECTION('',(-1.12071957122553E-16,1.,0.));
#1602=DIRECTION('',(-1.,-1.12071957122553E-16,0.));
#1603=DIRECTION('',(-7.79964806689282E-13,-1.,6.60785938460985E-28));
#1604=DIRECTION('',(0.,1.,0.));
#1605=DIRECTION('',(0.,0.,1.));
#1606=DIRECTION('',(0.,1.,0.));
#1607=DIRECTION('',(0.,0.,1.));
#1608=DIRECTION('',(-1.,-7.81464251090331E-17,0.));
#1609=DIRECTION('',(5.55111512312578E-17,0.,1.));
#1610=DIRECTION('',(-1.,1.06957138467757E-16,5.55111512312578E-17));
#1611=DIRECTION('',(5.55111512312578E-17,0.,1.));
#1612=DIRECTION('',(-1.,4.66387619637173E-17,-2.80185369792415E-13));
#1613=DIRECTION('',(5.55111512312578E-17,0.,1.));
#1614=DIRECTION('',(-1.,1.06957138467757E-16,5.55111512312578E-17));
#1615=DIRECTION('',(5.55111512312578E-17,0.,1.));
#1616=DIRECTION('',(1.,4.66387619637173E-17,-2.80296392094877E-13));
#1617=DIRECTION('',(5.55111512312578E-17,0.,1.));
#1618=DIRECTION('',(1.,1.06957138467757E-16,-5.55111512312578E-17));
#1619=DIRECTION('',(5.55111512312578E-17,0.,1.));
#1620=DIRECTION('',(1.,7.19891363241137E-16,0.));
#1621=DIRECTION('',(-1.,-1.12071957122553E-16,8.47215231724702E-16));
#1622=DIRECTION('',(0.,1.,0.));
#1623=DIRECTION('',(0.,0.,1.));
#1624=DIRECTION('',(1.,2.16119069438436E-16,0.));
#1625=DIRECTION('',(0.,1.,0.));
#1626=DIRECTION('',(-1.,0.,9.50472581485381E-16));
#1627=DIRECTION('',(1.,1.12071957122553E-16,-9.50472581485381E-16));
#1628=DIRECTION('',(0.,1.,0.));
#1629=DIRECTION('',(-1.,0.,9.50472581485381E-16));
#1630=DIRECTION('',(-1.,0.,0.));
#1631=DIRECTION('',(0.,0.,-1.));
#1632=DIRECTION('',(2.8031312533518E-13,-1.71597442007176E-32,1.));
#1633=DIRECTION('',(-1.,0.,2.8031312533518E-13));
#1634=DIRECTION('',(2.8031312533518E-13,-1.71597442007176E-32,1.));
#1635=DIRECTION('',(1.,0.,-2.8031312533518E-13));
#1636=DIRECTION('',(0.707106781186548,-0.707106781186548,-3.92523114670944E-17));
#1637=DIRECTION('',(2.8031312533518E-13,-1.71597442007176E-32,1.));
#1638=DIRECTION('',(1.,0.,-2.8031312533518E-13));
#1639=DIRECTION('',(-1.,-4.66387619637173E-17,5.55111512312578E-17));
#1640=DIRECTION('',(-1.,-5.55111512447238E-17,2.80296440536467E-13));
#1641=DIRECTION('',(-2.80202103032718E-13,-1.71597442007176E-32,1.));
#1642=DIRECTION('',(1.,0.,2.80202103032718E-13));
#1643=DIRECTION('',(-2.80202103032718E-13,-1.71597442007176E-32,1.));
#1644=DIRECTION('',(1.,0.,2.80202103032718E-13));
#1645=DIRECTION('',(-0.707106781186548,-0.707106781186548,3.92523114670944E-17));
#1646=DIRECTION('',(-2.80202103032718E-13,-1.71597442007176E-32,1.));
#1647=DIRECTION('',(1.,0.,2.80202103032718E-13));
#1648=DIRECTION('',(5.55111512312578E-17,0.,1.));
#1649=DIRECTION('',(5.55111512312578E-17,0.,1.));
#1650=DIRECTION('',(-0.707106781186547,-0.707106781186547,3.92523114670944E-17));
#1651=DIRECTION('',(-0.707106781186548,0.707106781186548,3.92523114670944E-17));
#1652=DIRECTION('',(-5.55111512312578E-17,0.,-1.));
#1653=DIRECTION('',(-0.707106781186548,0.707106781186548,3.92523114670944E-17));
#1654=DIRECTION('',(-5.55111512312578E-17,0.,-1.));
#1655=DIRECTION('',(5.55111512312578E-17,0.,1.));
#1656=DIRECTION('',(5.55111512312578E-17,0.,1.));
#1657=DIRECTION('',(4.66387619637173E-17,1.,-2.58897136860654E-33));
#1658=DIRECTION('',(-1.,4.66387619637173E-17,5.55111512312578E-17));
#1659=DIRECTION('',(4.33300815539039E-15,-4.87769333565907E-14,1.));
#1660=DIRECTION('',(1.,4.66387619637173E-17,-5.55111512312578E-17));
#1661=DIRECTION('',(5.55111512312578E-17,0.,1.));
#1662=DIRECTION('',(0.707106781186547,-0.707106781186547,-3.92523114670944E-17));
#1663=DIRECTION('',(0.707106781186548,0.707106781186548,-3.92523114670944E-17));
#1664=DIRECTION('',(-5.55111512312578E-17,0.,-1.));
#1665=DIRECTION('',(0.707106781186548,0.707106781186548,-3.92523114670944E-17));
#1666=DIRECTION('',(-5.55111512312578E-17,0.,-1.));
#1667=DIRECTION('',(5.55111512312578E-17,0.,1.));
#1668=DIRECTION('',(2.84141881105553E-13,8.40691732720223E-16,-1.));
#1669=DIRECTION('',(-1.,0.,-2.84141881105553E-13));
#1670=DIRECTION('',(-1.,-2.53555594168235E-10,2.84355144832883E-13));
#1671=DIRECTION('',(5.55111512312578E-17,0.,1.));
#1672=DIRECTION('',(-2.84252903408015E-13,8.40691732720223E-16,-1.));
#1673=DIRECTION('',(1.,0.,-2.84252903408015E-13));
#1674=DIRECTION('',(5.55111512312578E-17,0.,1.));
#1675=DIRECTION('',(-1.,0.,5.55111512312578E-17));
#1676=DIRECTION('',(5.55111512312578E-17,0.,1.));
#1677=DIRECTION('',(0.,-1.,0.));
#1678=DIRECTION('',(5.55111512312578E-17,0.,1.));
#1679=DIRECTION('',(-1.06957138467757E-16,-1.,-2.99867748772279E-29));
#1680=DIRECTION('',(5.55111512312578E-17,0.,1.));
#1681=DIRECTION('',(-5.55111512312578E-17,0.,-1.));
#1682=DIRECTION('',(-1.,0.,5.55111512312578E-17));
#1683=DIRECTION('',(-5.55111512312578E-17,0.,-1.));
#1684=DIRECTION('',(-1.,0.,5.55111512312578E-17));
#1685=DIRECTION('',(-5.55111512312578E-17,0.,-1.));
#1686=DIRECTION('',(-1.,0.,5.55111512312578E-17));
#1687=DIRECTION('',(-5.55111512312578E-17,0.,-1.));
#1688=DIRECTION('',(-1.,0.,5.55111512312578E-17));
#1689=DIRECTION('',(-5.55111512312578E-17,0.,-1.));
#1690=DIRECTION('',(-1.,0.,5.55111512312578E-17));
#1691=DIRECTION('',(-1.,-2.53555594168235E-10,2.84355144832883E-13));
#1692=DIRECTION('',(-5.55111512312578E-17,0.,-1.));
#1693=DIRECTION('',(-1.,0.,5.55111512312578E-17));
#1694=DIRECTION('',(1.,0.,-5.55111512312578E-17));
#1695=DIRECTION('',(0.,-1.,0.));
#1696=DIRECTION('',(-5.55111512312578E-17,0.,-1.));
#1697=DIRECTION('',(-1.,0.,5.55111512312578E-17));
#1698=DIRECTION('',(1.,0.,-5.55111512312578E-17));
#1699=DIRECTION('',(5.55111512312578E-17,0.,1.));
#1700=DIRECTION('',(0.,1.,0.));
#1701=DIRECTION('',(5.55111512312578E-17,0.,1.));
#1702=DIRECTION('',(5.55111512312578E-17,0.,1.));
#1703=DIRECTION('',(0.,1.,0.));
#1704=DIRECTION('',(-5.55111512312578E-17,-6.2212433606131E-33,-1.));
#1705=DIRECTION('',(0.,0.,1.));
#1706=DIRECTION('',(1.,0.,0.));
#1707=DIRECTION('',(0.,0.,1.));
#1708=DIRECTION('',(1.,0.,0.));
#1709=DIRECTION('',(-1.,-3.71943871008245E-15,0.));
#1710=DIRECTION('',(-1.12071957122553E-16,1.,0.));
#1711=DIRECTION('',(-1.,-1.12071957122553E-16,0.));
#1712=DIRECTION('',(-1.,-3.66585650227954E-15,0.));
#1713=DIRECTION('',(-1.12071957122553E-16,1.,0.));
#1714=DIRECTION('',(-1.,-1.12071957122553E-16,0.));
#1715=DIRECTION('',(-1.,-1.12071957122553E-16,8.47215231724702E-16));
#1716=DIRECTION('',(-1.12071957122553E-16,1.,0.));
#1717=DIRECTION('',(-1.,-1.12071957122553E-16,0.));
#1718=DIRECTION('',(0.819152044288992,-2.61501233285958E-16,-0.573576436351046));
#1719=DIRECTION('',(0.,0.,1.));
#1720=DIRECTION('',(1.,-8.67361737988404E-16,0.));
#1721=DIRECTION('',(0.,0.,1.));
#1722=DIRECTION('',(1.,-2.61501233285958E-16,0.));
#1723=DIRECTION('',(-0.0871557427476583,2.25673433732392E-17,0.996194698091746));
#1724=DIRECTION('',(-1.12071957122553E-16,1.,0.));
#1725=DIRECTION('',(-1.,-1.12071957122553E-16,0.));
#1726=DIRECTION('',(0.0871557427476584,-4.89641351799439E-18,0.996194698091746));
#1727=DIRECTION('',(-1.,3.73573190408511E-17,0.));
#1728=DIRECTION('',(0.,0.,1.));
#1729=DIRECTION('',(-1.,-5.68503185661594E-16,0.));
#1730=DIRECTION('',(0.,0.,1.));
#1731=DIRECTION('',(-0.819152044288992,-1.66906391942037E-17,-0.573576436351046));
#1732=DIRECTION('',(0.819152044288992,-7.0057997230131E-16,-0.573576436351046));
#1733=DIRECTION('',(0.,0.,1.));
#1734=DIRECTION('',(1.,-1.40337790504377E-15,0.));
#1735=DIRECTION('',(0.,0.,1.));
#1736=DIRECTION('',(1.,-7.97517400341323E-16,0.));
#1737=DIRECTION('',(-0.0871557427476584,6.78677127510019E-17,0.996194698091746));
#1738=DIRECTION('',(-9.46946676504727E-16,-1.,0.));
#1739=DIRECTION('',(1.,-9.46946676504727E-16,0.));
#1740=DIRECTION('',(0.0871557427476583,-5.0196782895757E-17,0.996194698091746));
#1741=DIRECTION('',(-1.,5.73373486096216E-16,0.));
#1742=DIRECTION('',(0.,0.,1.));
#1743=DIRECTION('',(-1.,-3.24870186062295E-17,0.));
#1744=DIRECTION('',(0.,0.,1.));
#1745=DIRECTION('',(-0.819152044288992,4.22388099821148E-16,-0.573576436351046));
#1746=DIRECTION('',(-1.12071957122553E-16,1.,0.));
#1747=DIRECTION('',(-1.,-1.12071957122553E-16,0.));
#1748=DIRECTION('',(0.,0.,-1.));
#1749=DIRECTION('',(1.,1.17068769655727E-16,0.));
#1750=DIRECTION('',(-1.12071957122553E-16,1.,0.));
#1751=DIRECTION('',(-1.,-1.12071957122553E-16,0.));
#1752=DIRECTION('',(1.,1.12071957122553E-16,-9.50472581485381E-16));
#1753=DIRECTION('',(-1.12071957122553E-16,1.,0.));
#1754=DIRECTION('',(1.,1.12071957122553E-16,0.));
#1755=DIRECTION('',(-0.0270478624250485,-0.999634139642217,2.57082516227973E-17));
#1756=DIRECTION('',(0.999634139642217,-0.0270478624250485,0.));
#1757=DIRECTION('',(-0.0270478624250485,-0.999634139642217,2.57082516227973E-17));
#1758=DIRECTION('',(-0.0270478624250485,-0.999634139642217,2.57082516227973E-17));
#1759=DIRECTION('',(-1.02733110475527E-47,-1.,-1.21259753871976E-32));
#1760=DIRECTION('',(0.,1.21259753871976E-32,-1.));
#1761=DIRECTION('',(-1.02733110475527E-47,-1.,-1.21259753871976E-32));
#1762=DIRECTION('',(1.02733110475527E-47,1.,1.21259753871976E-32));
#1763=DIRECTION('',(-0.0270478624250484,0.999634139642217,2.57082516227972E-17));
#1764=DIRECTION('',(-0.999634139642217,-0.0270478624250484,0.));
#1765=DIRECTION('',(-0.0270478624250484,0.999634139642217,2.57082516227972E-17));
#1766=DIRECTION('',(-0.0270478624250484,0.999634139642217,2.57082516227972E-17));
#1767=DIRECTION('',(-8.47215231724702E-16,1.21259753871976E-32,-1.));
#1768=DIRECTION('',(-1.,0.,8.47215231724702E-16));
#1769=DIRECTION('',(9.50472581485381E-16,-5.53722112230257E-34,1.));
#1770=DIRECTION('',(1.,0.,-9.50472581485381E-16));
#1771=DIRECTION('',(0.,0.,-1.));
#1772=DIRECTION('',(-1.,0.,0.));
#1773=DIRECTION('',(0.,0.,-1.));
#1774=DIRECTION('',(-1.,0.,0.));
#1775=DIRECTION('',(0.,0.,-1.));
#1776=DIRECTION('',(1.,0.,0.));
#1777=DIRECTION('',(9.98775032196393E-16,1.,0.));
#1778=DIRECTION('',(1.,-7.51420256498197E-16,0.));
#1779=DIRECTION('',(0.,0.,1.));
#1780=DIRECTION('',(1.,0.,0.));
#1781=DIRECTION('',(0.,0.,-1.));
#1782=DIRECTION('',(-1.,0.,0.));
#1783=DIRECTION('',(0.,0.,-1.));
#1784=DIRECTION('',(0.,0.,-1.));
#1785=DIRECTION('',(-1.,0.,0.));
#1786=DIRECTION('',(0.,1.,0.));
#1787=DIRECTION('',(0.,0.,-1.));
#1788=DIRECTION('',(-1.,0.,0.));
#1789=DIRECTION('',(-9.79435009046908E-16,-1.,-1.01222204549026E-16));
#1790=DIRECTION('',(1.,-9.79435009046908E-16,0.));
#1791=DIRECTION('',(9.79435009046908E-16,1.,1.01222204549026E-16));
#1792=DIRECTION('',(-1.49429276163405E-16,-1.,0.));
#1793=DIRECTION('',(1.,-1.49429276163405E-16,0.));
#1794=DIRECTION('',(9.79435009046908E-16,1.,1.01222204549026E-16));
#1795=DIRECTION('',(-1.49429276163405E-16,-1.,0.));
#1796=DIRECTION('',(1.,-1.49429276163405E-16,0.));
#1797=DIRECTION('',(-1.49429276163405E-16,-1.,0.));
#1798=DIRECTION('',(1.,-1.49429276163405E-16,0.));
#1799=DIRECTION('',(0.,0.,-1.));
#1800=DIRECTION('',(0.819152044288992,-5.34460056943702E-16,0.573576436351046));
#1801=DIRECTION('',(0.,0.,1.));
#1802=DIRECTION('',(1.,-8.34874719382174E-16,0.));
#1803=DIRECTION('',(0.,0.,1.));
#1804=DIRECTION('',(1.,-6.85445443218769E-16,0.));
#1805=DIRECTION('',(-0.0871557427476583,5.01967828957569E-17,-0.996194698091746));
#1806=DIRECTION('',(6.85445443218769E-16,1.,0.));
#1807=DIRECTION('',(-1.,6.85445443218769E-16,0.));
#1808=DIRECTION('',(0.0871557427476584,-6.7867712751002E-17,-0.996194698091746));
#1809=DIRECTION('',(-1.,6.8544544321877E-16,0.));
#1810=DIRECTION('',(0.,0.,1.));
#1811=DIRECTION('',(-1.,5.36016167055365E-16,0.));
#1812=DIRECTION('',(0.,0.,1.));
#1813=DIRECTION('',(-0.819152044288992,5.88508015178756E-16,0.573576436351046));
#1814=DIRECTION('',(0.819152044288992,-9.53813179283497E-17,0.573576436351046));
#1815=DIRECTION('',(0.,0.,1.));
#1816=DIRECTION('',(1.,-2.98858552326809E-16,0.));
#1817=DIRECTION('',(0.,0.,1.));
#1818=DIRECTION('',(1.,-1.49429276163404E-16,0.));
#1819=DIRECTION('',(-0.0871557427476584,4.8964135179943E-18,-0.996194698091746));
#1820=DIRECTION('',(-1.49429276163405E-16,-1.,0.));
#1821=DIRECTION('',(1.,-1.49429276163405E-16,0.));
#1822=DIRECTION('',(0.0871557427476583,-2.25673433732393E-17,-0.996194698091746));
#1823=DIRECTION('',(-1.,1.49429276163405E-16,0.));
#1824=DIRECTION('',(0.,0.,1.));
#1825=DIRECTION('',(-1.,0.,0.));
#1826=DIRECTION('',(0.,0.,1.));
#1827=DIRECTION('',(-0.819152044288992,1.49429276163405E-16,0.573576436351046));
#1828=DIRECTION('',(0.573576436351046,0.,0.819152044288992));
#1829=DIRECTION('',(0.819152044288992,0.,-0.573576436351046));
#1830=DIRECTION('',(0.,-1.,0.));
#1831=DIRECTION('',(-5.92084284009378E-17,1.,4.14581878918865E-17));
#1832=DIRECTION('',(1.,-9.79435009046908E-16,0.));
#1833=DIRECTION('',(-9.79435009046908E-16,-1.,0.));
#1834=DIRECTION('',(-0.573576436351046,4.78864466342807E-16,0.819152044288992));
#1835=DIRECTION('',(-0.819152044288992,6.83889333107106E-16,-0.573576436351046));
#1836=DIRECTION('',(8.94083147783112E-16,1.,4.14581878918865E-17));
#1837=DIRECTION('',(-1.,9.07154864214541E-16,0.));
#1838=DIRECTION('',(9.07154864214541E-16,1.,0.));
#1839=DIRECTION('',(9.07154864214541E-16,1.,0.));
#1840=DIRECTION('',(0.,0.,-1.));
#1841=DIRECTION('',(1.,-8.34874719382174E-16,0.));
#1842=DIRECTION('',(-0.0178301911750909,-0.999841029505521,0.));
#1843=DIRECTION('',(0.999841029505521,-0.0178301911750909,0.));
#1844=DIRECTION('',(-0.0178301911750909,-0.999841029505521,0.));
#1845=DIRECTION('',(-0.0178301911750909,-0.999841029505521,0.));
#1846=DIRECTION('',(0.,0.,1.));
#1847=DIRECTION('',(-1.,8.34874719382174E-16,0.));
#1848=DIRECTION('',(8.56153095946014E-16,1.,0.));
#1849=DIRECTION('',(-0.996194698091746,8.52895174936252E-16,0.0871557427476583));
#1850=DIRECTION('',(-0.0871557427476583,5.01967828957569E-17,-0.996194698091746));
#1851=DIRECTION('',(-8.34874719382174E-16,-1.,0.));
#1852=DIRECTION('',(-8.34874719382174E-16,-1.,0.));
#1853=DIRECTION('',(0.,0.,-1.));
#1854=DIRECTION('',(-8.34874719382174E-16,-1.,0.));
#1855=DIRECTION('',(-0.996194698091746,1.01841001410186E-15,-0.0871557427476584));
#1856=DIRECTION('',(-0.0871557427476584,6.78677127510019E-17,0.996194698091746));
#1857=DIRECTION('',(1.02230017490824E-15,1.,0.));
#1858=DIRECTION('',(0.,0.,1.));
#1859=DIRECTION('',(1.,-5.36016167055365E-16,0.));
#1860=DIRECTION('',(0.0178301911750896,-0.999841029505521,0.));
#1861=DIRECTION('',(-0.999841029505521,-0.0178301911750896,0.));
#1862=DIRECTION('',(0.0178301911750896,-0.999841029505521,0.));
#1863=DIRECTION('',(0.0178301911750896,-0.999841029505521,0.));
#1864=DIRECTION('',(0.,0.,-1.));
#1865=DIRECTION('',(-1.,5.36016167055365E-16,0.));
#1866=DIRECTION('',(4.63736022222998E-16,1.,0.));
#1867=DIRECTION('',(1.,-4.63736022222998E-16,0.));
#1868=DIRECTION('',(4.63736022222998E-16,1.,0.));
#1869=DIRECTION('',(4.76807738654427E-16,1.,4.14581878918865E-17));
#1870=DIRECTION('',(0.573576436351046,-3.07446242926163E-16,0.819152044288992));
#1871=DIRECTION('',(0.819152044288992,-4.39078739015352E-16,-0.573576436351046));
#1872=DIRECTION('',(4.17437359691087E-16,1.,8.30297747883845E-17));
#1873=DIRECTION('',(-0.573576436351046,1.71418223416644E-16,0.819152044288992));
#1874=DIRECTION('',(-0.819152044288992,2.44810594091754E-16,-0.573576436351046));
#1875=DIRECTION('',(3.58066980727747E-16,1.,4.14581878918865E-17));
#1876=DIRECTION('',(-1.,3.71138697159176E-16,0.));
#1877=DIRECTION('',(3.71138697159176E-16,1.,0.));
#1878=DIRECTION('',(3.71138697159176E-16,1.,0.));
#1879=DIRECTION('',(0.,0.,-1.));
#1880=DIRECTION('',(1.,-2.98858552326809E-16,0.));
#1881=DIRECTION('',(-0.0178301911750904,-0.999841029505521,0.));
#1882=DIRECTION('',(0.999841029505521,-0.0178301911750904,0.));
#1883=DIRECTION('',(-0.0178301911750904,-0.999841029505521,0.));
#1884=DIRECTION('',(-0.0178301911750904,-0.999841029505521,0.));
#1885=DIRECTION('',(0.,0.,1.));
#1886=DIRECTION('',(-1.,2.98858552326809E-16,0.));
#1887=DIRECTION('',(-1.87425455526069E-16,1.,0.));
#1888=DIRECTION('',(0.996194698091746,1.867122450825E-16,-0.0871557427476584));
#1889=DIRECTION('',(0.0871557427476584,-4.89641351799436E-18,0.996194698091746));
#1890=DIRECTION('',(0.,-1.,0.));
#1891=DIRECTION('',(0.,-1.,0.));
#1892=DIRECTION('',(0.,0.,-1.));
#1893=DIRECTION('',(0.,-1.,0.));
#1894=DIRECTION('',(0.996194698091746,2.11974059168966E-17,0.0871557427476583));
#1895=DIRECTION('',(0.0871557427476583,-2.25673433732392E-17,-0.996194698091746));
#1896=DIRECTION('',(-2.12783765638395E-17,1.,0.));
#1897=DIRECTION('',(0.,0.,1.));
#1898=DIRECTION('',(1.,0.,0.));
#1899=DIRECTION('',(0.0178301911750901,-0.999841029505521,0.));
#1900=DIRECTION('',(-0.999841029505521,-0.0178301911750901,0.));
#1901=DIRECTION('',(0.0178301911750901,-0.999841029505521,0.));
#1902=DIRECTION('',(0.0178301911750901,-0.999841029505521,0.));
#1903=DIRECTION('',(0.,0.,-1.));
#1904=DIRECTION('',(-1.,0.,0.));
#1905=DIRECTION('',(-7.2280144832367E-17,1.,0.));
#1906=DIRECTION('',(1.,7.2280144832367E-17,0.));
#1907=DIRECTION('',(-7.2280144832367E-17,1.,0.));
#1908=DIRECTION('',(5.55111512312578E-17,0.,1.));
#1909=DIRECTION('',(1.,0.,-5.55111512312578E-17));
#1910=DIRECTION('',(5.55111512312578E-17,0.,1.));
#1911=DIRECTION('',(1.,0.,-5.55111512312578E-17));
#1912=DIRECTION('',(0.,1.,0.));
#1913=DIRECTION('',(0.,0.,1.));
#1914=DIRECTION('',(5.55111512312578E-17,0.,1.));
#1915=DIRECTION('',(1.,0.,-5.55111512312578E-17));
#1916=DIRECTION('',(5.55111512312578E-17,0.,1.));
#1917=DIRECTION('',(1.,0.,-5.55111512312578E-17));
#1918=DIRECTION('',(5.55111512312578E-17,0.,1.));
#1919=DIRECTION('',(1.,0.,-5.55111512312578E-17));
#1920=DIRECTION('',(5.55111512312578E-17,0.,1.));
#1921=DIRECTION('',(1.,0.,-5.55111512312578E-17));
#1922=DIRECTION('',(2.53555594168235E-10,-1.,-8.40691804794136E-16));
#1923=DIRECTION('',(1.,2.53555594168235E-10,0.));
#1924=DIRECTION('',(0.,-1.,0.));
#1925=DIRECTION('',(0.,0.,-1.));
#1926=DIRECTION('',(0.,0.,-1.));
#1927=DIRECTION('',(0.99997975412635,0.,0.00636328039656467));
#1928=DIRECTION('',(-1.,1.78362317960217E-17,1.74014097109849E-16));
#1929=DIRECTION('',(0.00636328039656467,0.,-0.99997975412635));
#1930=DIRECTION('',(-0.99997975412635,0.,-0.00636328039656467));
#1931=DIRECTION('',(0.,1.,0.));
#1932=DIRECTION('',(-0.998058287574758,0.0619622362821678,-0.00635105331857639));
#1933=DIRECTION('',(1.74925804721994E-16,0.101964554768626,0.994788032482717));
#1934=DIRECTION('',(1.,-1.78362317960217E-17,-1.74014097109849E-16));
#1935=DIRECTION('',(0.,0.994788032482717,-0.101964554768626));
#1936=DIRECTION('',(-1.,0.,0.));
#1937=DIRECTION('',(0.,0.,1.));
#1938=CARTESIAN_POINT('',(0.,0.,0.));
#1939=CARTESIAN_POINT('',(44.03577365938,-1.04772167463196,-16.2480679724276));
#1940=CARTESIAN_POINT('',(33.3515817198716,-1.04772167463196,-16.2480679724276));
#1941=CARTESIAN_POINT('',(33.3511141271847,-1.04772167242728,-4.07562900852709));
#1942=CARTESIAN_POINT('',(33.3515817198716,-1.04772167463196,5.42437099147076));
#1943=CARTESIAN_POINT('',(44.03577365938,-1.04772167463196,5.4243709914755));
#1944=CARTESIAN_POINT('',(44.03577365938,-1.04772167463196,5.4243709914755));
#1945=CARTESIAN_POINT('',(44.03577365938,-1.04772167463196,-16.2480679724276));
#1946=CARTESIAN_POINT('',(44.03577365938,-1.04772167463196,-6.57562900852611));
#1947=CARTESIAN_POINT('',(38.6936776896258,-1.04772167463196,-6.57562900852611));
#1948=CARTESIAN_POINT('',(35.3879757056888,-1.04772167463196,-6.57562900852461));
#1949=CARTESIAN_POINT('',(35.3879757056855,-1.0477216746309,-16.2480679724276));
#1950=CARTESIAN_POINT('',(35.3879757056855,-1.04772167463173,-4.07562900852461));
#1951=CARTESIAN_POINT('',(35.3879757056888,-1.04772167463196,-6.57562900852461));
#1952=CARTESIAN_POINT('',(33.3515817198716,-1.04772167463196,-6.57562900852611));
#1953=CARTESIAN_POINT('',(33.3515817198716,-1.04772167463196,-6.57562900852611));
#1954=CARTESIAN_POINT('',(33.3515817198716,-1.04772167463196,-6.54090678501551));
#1955=CARTESIAN_POINT('',(33.351581714241,-1.04772167463196,-6.50142298146606));
#1956=CARTESIAN_POINT('',(33.3515817480244,-1.04772167463196,-6.39110357538693));
#1957=CARTESIAN_POINT('',(33.3515813932993,-1.04772167463196,-6.21265170700372));
#1958=CARTESIAN_POINT('',(33.3515842648834,-1.04772167463196,-5.95008609371828));
#1959=CARTESIAN_POINT('',(33.3515724407136,-1.04772167463196,-5.63826470747752));
#1960=CARTESIAN_POINT('',(33.3516162914919,-1.04772167463196,-5.32562891881047));
#1961=CARTESIAN_POINT('',(33.3514527125483,-1.04772167463196,-5.01299329737285));
#1962=CARTESIAN_POINT('',(33.3513476057193,-1.04772167463196,-4.70117173413558));
#1963=CARTESIAN_POINT('',(33.3512379678362,-1.04772167463196,-4.43860668743384));
#1964=CARTESIAN_POINT('',(33.3511819423716,-1.04772167463196,-4.2601538666884));
#1965=CARTESIAN_POINT('',(33.3511210206698,-1.04772167463196,-4.14983600890142));
#1966=CARTESIAN_POINT('',(33.3511046720411,-1.04772167463196,-4.11035230525385));
#1967=CARTESIAN_POINT('',(33.3511046720411,-1.04772167463196,-4.07562900852518));
#1968=CARTESIAN_POINT('',(36.1415261255114,-1.29772167171976,6.05765137809267));
#1969=CARTESIAN_POINT('',(26.6407661840829,-1.29772167412872,0.674370991475212));
#1970=CARTESIAN_POINT('',(26.6407291359283,-1.29772110683555,-4.07562900852513));
#1971=CARTESIAN_POINT('',(26.640766183443,-1.2977216762985,5.42437099147171));
#1972=CARTESIAN_POINT('',(36.1415261255131,-1.29772167171976,5.42437099146522));
#1973=CARTESIAN_POINT('',(24.6184449631065,-1.29772167856103,5.424370991472));
#1974=CARTESIAN_POINT('',(24.6184449643009,-1.2977216746415,0.674370991475496));
#1975=CARTESIAN_POINT('',(24.6184449631046,-1.29772168248056,-4.0756290085246));
#1976=CARTESIAN_POINT('',(36.1415261255085,-1.29772167171975,-4.07562900852788));
#1977=CARTESIAN_POINT('',(3.41020841980928,5.12117154457572,-4.11701308061154));
#1978=CARTESIAN_POINT('',(5.41020841980928,5.12117154457416,-5.61701308061154));
#1979=CARTESIAN_POINT('',(5.41020841980928,5.12117154457572,-5.61701308061154));
#1980=CARTESIAN_POINT('',(5.41020841980135,-5.04772167463196,-5.61701308061154));
#1981=CARTESIAN_POINT('',(3.41020841980928,5.12117154457572,-4.11701308061154));
#1982=CARTESIAN_POINT('',(3.41020841980928,5.12117154457572,-6.61701308061154));
#1983=CARTESIAN_POINT('',(3.41020841980531,0.0367249349726585,-6.61701308061154));
#1984=CARTESIAN_POINT('',(3.41020841980135,-5.04772167463196,-6.61701308061154));
#1985=CARTESIAN_POINT('',(3.41020841980135,-5.04772167463196,-4.11701308061154));
#1986=CARTESIAN_POINT('',(0.,-5.04772167463196,0.));
#1987=CARTESIAN_POINT('',(49.8069539793458,-5.04772167463196,-7.61701308061154));
#1988=CARTESIAN_POINT('',(43.7332321673911,-5.04772167463196,-7.61701308061154));
#1989=CARTESIAN_POINT('',(-24.1067657941506,-5.04772167463197,-7.61701308061154));
#1990=CARTESIAN_POINT('',(43.7332321673911,-5.04772167463196,-2.42768206467576E-15));
#1991=CARTESIAN_POINT('',(43.7332321673911,-5.04772167463197,5.4243709914755));
#1992=CARTESIAN_POINT('',(46.2332321673911,-5.04772167463197,5.4243709914755));
#1993=CARTESIAN_POINT('',(36.1415261263731,-5.04772167463197,5.4243709914755));
#1994=CARTESIAN_POINT('',(36.1415261263731,-5.04772167463197,-6.57562900852611));
#1995=CARTESIAN_POINT('',(36.1415261263724,-5.04772167463197,-4.0756290085244));
#1996=CARTESIAN_POINT('',(36.1415261263724,-5.04772167463197,-4.0756290085244));
#1997=CARTESIAN_POINT('',(34.0825896739097,-5.04772167410991,-4.07562900852497));
#1998=CARTESIAN_POINT('',(34.0825896717381,-5.04772167463197,5.4243709914755));
#1999=CARTESIAN_POINT('',(34.0825896717381,-5.04772167463197,5.4243709914755));
#2000=CARTESIAN_POINT('',(46.2332321673911,-5.04772167463197,5.4243709914755));
#2001=CARTESIAN_POINT('',(25.9461430477813,-5.04772167463197,5.4243709914755));
#2002=CARTESIAN_POINT('',(25.9461430477813,-5.04772167463197,5.4243709914755));
#2003=CARTESIAN_POINT('',(25.9461430456097,-5.04772167410991,-4.07562900852497));
#2004=CARTESIAN_POINT('',(23.887206593147,-5.04772167463197,-4.0756290085244));
#2005=CARTESIAN_POINT('',(23.887206593147,-5.04772167463197,-4.0756290085244));
#2006=CARTESIAN_POINT('',(23.8872065931463,-5.04772167463197,-6.57562900852611));
#2007=CARTESIAN_POINT('',(23.8872065931463,-5.04772167463197,5.4243709914755));
#2008=CARTESIAN_POINT('',(13.7955005521283,-5.04772167463197,5.4243709914755));
#2009=CARTESIAN_POINT('',(16.2955005521283,-5.04772167463197,5.4243709914755));
#2010=CARTESIAN_POINT('',(16.2955005521283,-5.04772167463196,-9.04581995538238E-16));
#2011=CARTESIAN_POINT('',(16.2955005521283,-5.04772167463196,-5.61701308061154));
#2012=CARTESIAN_POINT('',(12.639313662155,-5.04772167463196,-5.61701308061154));
#2013=CARTESIAN_POINT('',(5.41020841980613,-5.04772167463196,-6.61701308061155));
#2014=CARTESIAN_POINT('',(-0.989791580184409,-5.04772167463196,-6.61701308061154));
#2015=CARTESIAN_POINT('',(-0.989791580184408,-5.04772167463196,-4.11701308061154));
#2016=CARTESIAN_POINT('',(-2.98979158018441,-5.04772167463196,-5.61701308061154));
#2017=CARTESIAN_POINT('',(-2.98979158018441,-5.04772167463196,-5.61701308061154));
#2018=CARTESIAN_POINT('',(-11.072919916452,-5.04772167463196,-5.61701308061154));
#2019=CARTESIAN_POINT('',(-13.0736519049732,-5.04772167463196,-4.11701308061154));
#2020=CARTESIAN_POINT('',(-13.0736519049732,-5.04772167463196,-6.61701308061154));
#2021=CARTESIAN_POINT('',(-19.197772426072,-5.04772167463196,-6.61701308061153));
#2022=CARTESIAN_POINT('',(-16.9218929471834,-5.04772167463196,-6.61701308061153));
#2023=CARTESIAN_POINT('',(-16.9218929471834,-5.04772167463196,-4.11701308061153));
#2024=CARTESIAN_POINT('',(-18.9226249357046,-5.04772167463196,-5.61701308061154));
#2025=CARTESIAN_POINT('',(-18.9790507672635,-5.04772167463197,-5.61701308061154));
#2026=CARTESIAN_POINT('',(-24.1067657941506,-5.04772167463197,-5.61701308061154));
#2027=CARTESIAN_POINT('',(-24.1067657941506,-5.04772167463197,-6.61701308061154));
#2028=CARTESIAN_POINT('',(13.7955005521283,10.9858663068468,-6.57562900852157));
#2029=CARTESIAN_POINT('',(26.6771509996478,-1.04772167463196,-6.57562900852611));
#2030=CARTESIAN_POINT('',(25.4760374082612,1.73610568087797,-6.57562900852611));
#2031=CARTESIAN_POINT('',(23.289262210937,6.80440617994574,-6.57562900852611));
#2032=CARTESIAN_POINT('',(26.9445130926574,9.0503257967615,-6.57562900852611));
#2033=CARTESIAN_POINT('',(28.5920717711123,10.0626460110323,-6.57562900852611));
#2034=CARTESIAN_POINT('',(26.3990386632954,8.58132484032436,-6.57562900852611));
#2035=CARTESIAN_POINT('',(26.6771509996478,-1.04772167463196,-6.57562900852611));
#2036=CARTESIAN_POINT('',(25.7647569951279,9.35442688108397,-6.57562900852493));
#2037=CARTESIAN_POINT('',(26.4718637763145,10.0615336622705,-6.57562900852611));
#2038=CARTESIAN_POINT('',(29.4580870715553,7.0753103670297,-6.57562900852611));
#2039=CARTESIAN_POINT('',(24.501150190583,12.032247248002,-6.57562900852611));
#2040=CARTESIAN_POINT('',(23.7940434093964,11.3251404668155,-6.57562900852437));
#2041=CARTESIAN_POINT('',(23.1202425047248,12.0640534122046,-6.57562900852611));
#2042=CARTESIAN_POINT('',(27.7321479534455,16.207018342046,-6.57562900852611));
#2043=CARTESIAN_POINT('',(26.8032395408163,15.3744439168929,-6.57562900852611));
#2044=CARTESIAN_POINT('',(25.8743311281871,14.5418694917398,-6.57562900852611));
#2045=CARTESIAN_POINT('',(24.9454227155579,13.7092950665868,-6.57562900852611));
#2046=CARTESIAN_POINT('',(22.1541302867753,11.2074782483389,-6.57562900852611));
#2047=CARTESIAN_POINT('',(15.9614075359136,5.65698208065199,-6.57562900852611));
#2048=CARTESIAN_POINT('',(15.9817730481597,1.32930759313121,-6.57562900852611));
#2049=CARTESIAN_POINT('',(15.9929590601395,-1.04772167463196,-6.57562900852611));
#2050=CARTESIAN_POINT('',(15.9960138869764,-1.69687284776007,-6.57562900852611));
#2051=CARTESIAN_POINT('',(15.9990687138133,-2.34602402088821,-6.57562900852611));
#2052=CARTESIAN_POINT('',(16.0021235406502,-2.99517519401632,-6.57562900852611));
#2053=CARTESIAN_POINT('',(15.9929590601395,-1.04772167463196,-6.57562900852611));
#2054=CARTESIAN_POINT('',(21.3350550298936,-1.04772167463196,-6.57562900852611));
#2055=CARTESIAN_POINT('',(24.6407570138306,-1.04772167463196,-6.57562900852461));
#2056=CARTESIAN_POINT('',(24.6407570138306,-1.04772167463196,-6.57562900852461));
#2057=CARTESIAN_POINT('',(46.2332321673911,10.9858663068468,-6.57562900852157));
#2058=CARTESIAN_POINT('',(32.2965847660739,16.207018342046,-6.57562900852611));
#2059=CARTESIAN_POINT('',(33.2254931787031,15.3744439168929,-6.57562900852611));
#2060=CARTESIAN_POINT('',(34.1544015913323,14.5418694917398,-6.57562900852611));
#2061=CARTESIAN_POINT('',(35.0833100039616,13.7092950665868,-6.57562900852611));
#2062=CARTESIAN_POINT('',(37.8746024327441,11.2074782483389,-6.57562900852611));
#2063=CARTESIAN_POINT('',(44.0673251836058,5.65698208065199,-6.57562900852611));
#2064=CARTESIAN_POINT('',(44.0469596713597,1.32930759313121,-6.57562900852611));
#2065=CARTESIAN_POINT('',(44.03577365938,-1.04772167463196,-6.57562900852611));
#2066=CARTESIAN_POINT('',(44.0327188325431,-1.69687284776007,-6.57562900852611));
#2067=CARTESIAN_POINT('',(44.0296640057062,-2.34602402088821,-6.57562900852611));
#2068=CARTESIAN_POINT('',(44.0266091788692,-2.99517519401632,-6.57562900852611));
#2069=CARTESIAN_POINT('',(36.9084902147946,12.0640534122046,-6.57562900852611));
#2070=CARTESIAN_POINT('',(36.234689310123,11.3251404668155,-6.57562900852437));
#2071=CARTESIAN_POINT('',(35.5275825289364,12.032247248002,-6.57562900852611));
#2072=CARTESIAN_POINT('',(30.5706456479641,7.0753103670297,-6.57562900852611));
#2073=CARTESIAN_POINT('',(33.5568689432049,10.0615336622705,-6.57562900852611));
#2074=CARTESIAN_POINT('',(34.2639757243915,9.35442688108398,-6.57562900852493));
#2075=CARTESIAN_POINT('',(33.629694056224,8.58132484032436,-6.57562900852611));
#2076=CARTESIAN_POINT('',(33.3515817198716,-1.04772167463196,-6.57562900852611));
#2077=CARTESIAN_POINT('',(34.5526953112582,1.73610568087797,-6.57562900852611));
#2078=CARTESIAN_POINT('',(36.7394705085824,6.80440617994574,-6.57562900852611));
#2079=CARTESIAN_POINT('',(33.084219626862,9.0503257967615,-6.57562900852611));
#2080=CARTESIAN_POINT('',(31.4366609484071,10.0626460110323,-6.57562900852611));
#2081=CARTESIAN_POINT('',(26.6771509996478,-1.04772167463196,-6.57562900852611));
#2082=CARTESIAN_POINT('',(26.6771509996478,-1.04772167463196,5.4243709914755));
#2083=CARTESIAN_POINT('',(26.2458696505842,-0.0481385993471904,-6.57562900852611));
#2084=CARTESIAN_POINT('',(26.2458696505842,-0.0481385993471904,5.4243709914755));
#2085=CARTESIAN_POINT('',(25.3851019814046,1.9501603426005,-6.57562900852611));
#2086=CARTESIAN_POINT('',(25.3851019814046,1.9501603426005,5.4243709914755));
#2087=CARTESIAN_POINT('',(24.5727385988466,4.71629817565253,-6.57562900852611));
#2088=CARTESIAN_POINT('',(24.5727385988466,4.71629817565253,5.4243709914755));
#2089=CARTESIAN_POINT('',(24.7771874139831,6.99119696444428,-6.57562900852611));
#2090=CARTESIAN_POINT('',(24.7771874139831,6.99119696444428,5.4243709914755));
#2091=CARTESIAN_POINT('',(25.7920643257295,8.08334051860718,-6.57562900852611));
#2092=CARTESIAN_POINT('',(25.7920643257295,8.08334051860718,5.4243709914755));
#2093=CARTESIAN_POINT('',(26.3990386631281,8.58132484018707,-6.57562900852611));
#2094=CARTESIAN_POINT('',(26.3990386631281,8.58132484018707,5.4243709914755));
#2095=CARTESIAN_POINT('',(26.6771509996478,-1.04772167463196,5.4243709914755));
#2096=CARTESIAN_POINT('',(25.4760374082612,1.73610568087797,5.4243709914755));
#2097=CARTESIAN_POINT('',(23.289262210937,6.80440617994574,5.4243709914755));
#2098=CARTESIAN_POINT('',(26.9445130926574,9.0503257967615,5.4243709914755));
#2099=CARTESIAN_POINT('',(28.5920717711123,10.0626460110323,5.4243709914755));
#2100=CARTESIAN_POINT('',(26.6771509996478,-1.04772167463196,5.4243709914717));
#2101=CARTESIAN_POINT('',(26.3990386632954,8.58132484032435,5.4243709914755));
#2102=CARTESIAN_POINT('',(26.3990386632954,8.58132484032435,5.4243709914755));
#2103=CARTESIAN_POINT('',(26.6776280474783,-1.04772167463196,-4.07562900852518));
#2104=CARTESIAN_POINT('',(26.6776280474783,-1.04772167463196,-4.11035230525385));
#2105=CARTESIAN_POINT('',(26.6776116988496,-1.04772167463196,-4.14983600890142));
#2106=CARTESIAN_POINT('',(26.6775507771478,-1.04772167463196,-4.2601538666884));
#2107=CARTESIAN_POINT('',(26.6774947516832,-1.04772167463196,-4.43860668743384));
#2108=CARTESIAN_POINT('',(26.6773851138001,-1.04772167463196,-4.70117173413558));
#2109=CARTESIAN_POINT('',(26.6772800069712,-1.04772167463196,-5.01299329737286));
#2110=CARTESIAN_POINT('',(26.6771164280275,-1.04772167463196,-5.32562891881047));
#2111=CARTESIAN_POINT('',(26.6771602788059,-1.04772167463196,-5.63826470747752));
#2112=CARTESIAN_POINT('',(26.677148454636,-1.04772167463196,-5.95008609371828));
#2113=CARTESIAN_POINT('',(26.6771513262201,-1.04772167463196,-6.21265170700372));
#2114=CARTESIAN_POINT('',(26.677150971495,-1.04772167463196,-6.39110357538694));
#2115=CARTESIAN_POINT('',(26.6771510052784,-1.04772167463196,-6.50142298146606));
#2116=CARTESIAN_POINT('',(26.6771509996478,-1.04772167463196,-6.54090678501551));
#2117=CARTESIAN_POINT('',(26.6771509996478,-1.04772167463196,-6.57562900852612));
#2118=CARTESIAN_POINT('',(26.6776185923348,-1.04772167411938,-4.07562900852519));
#2119=CARTESIAN_POINT('',(26.6771509996478,-1.04772167463196,-16.2480679724276));
#2120=CARTESIAN_POINT('',(23.884762543778,12.648634894807,-16.2480679724276));
#2121=CARTESIAN_POINT('',(26.4718637763145,10.0615336622705,5.4243709914755));
#2122=CARTESIAN_POINT('',(26.4718637763145,10.0615336622705,5.4243709914755));
#2123=CARTESIAN_POINT('',(23.884762543778,12.648634894807,5.4243709914755));
#2124=CARTESIAN_POINT('',(24.501150190583,12.032247248002,5.4243709914755));
#2125=CARTESIAN_POINT('',(24.501150190583,12.032247248002,-6.57562900852611));
#2126=CARTESIAN_POINT('',(23.120242698655,12.0640535890459,-6.57562900852611));
#2127=CARTESIAN_POINT('',(23.120242698655,12.0640535890459,5.4243709914755));
#2128=CARTESIAN_POINT('',(21.7556829857012,10.8197370950135,-6.57562900852611));
#2129=CARTESIAN_POINT('',(21.7556829857012,10.8197370950135,5.4243709914755));
#2130=CARTESIAN_POINT('',(19.8137444714415,8.97390833211675,-6.57562900852611));
#2131=CARTESIAN_POINT('',(19.8137444714415,8.97390833211675,5.4243709914755));
#2132=CARTESIAN_POINT('',(17.9005174559401,6.64585425197639,-6.57562900852611));
#2133=CARTESIAN_POINT('',(17.9005174559401,6.64585425197639,5.4243709914755));
#2134=CARTESIAN_POINT('',(16.6127104942445,4.44089148627068,-6.57562900852611));
#2135=CARTESIAN_POINT('',(16.6127104942445,4.44089148627068,5.4243709914755));
#2136=CARTESIAN_POINT('',(15.9797362124355,1.87693270930774,-6.57562900852611));
#2137=CARTESIAN_POINT('',(15.9797362124355,1.87693270930774,5.4243709914755));
#2138=CARTESIAN_POINT('',(15.9883715369387,-0.0728722882295501,-6.57562900852611));
#2139=CARTESIAN_POINT('',(15.9883715369387,-0.0728722882295501,5.4243709914755));
#2140=CARTESIAN_POINT('',(15.9929590601395,-1.04772167463196,-6.57562900852611));
#2141=CARTESIAN_POINT('',(15.9929590601395,-1.04772167463196,5.4243709914755));
#2142=CARTESIAN_POINT('',(23.1202425047247,12.0640534122045,-6.57562900852611));
#2143=CARTESIAN_POINT('',(23.1202425047248,12.0640534122046,5.4243709914755));
#2144=CARTESIAN_POINT('',(24.9454227155579,13.7092950665868,5.4243709914755));
#2145=CARTESIAN_POINT('',(22.1541302867753,11.2074782483389,5.4243709914755));
#2146=CARTESIAN_POINT('',(15.9614075359136,5.65698208065199,5.4243709914755));
#2147=CARTESIAN_POINT('',(15.9817730481597,1.32930759313121,5.4243709914755));
#2148=CARTESIAN_POINT('',(15.9929590601395,-1.04772167463196,5.4243709914755));
#2149=CARTESIAN_POINT('',(15.9929590601395,-1.04772167463196,5.4243709914755));
#2150=CARTESIAN_POINT('',(15.9929590601395,-1.04772167463196,-16.2480679724276));
#2151=CARTESIAN_POINT('',(44.03577365938,-1.04772167463196,-16.2480679724276));
#2152=CARTESIAN_POINT('',(24.6407570138339,-1.04772167463091,-16.2480679724276));
#2153=CARTESIAN_POINT('',(24.6407570138339,-1.04772167463173,-4.07562900852461));
#2154=CARTESIAN_POINT('',(15.9929590601395,-1.04772167463196,5.4243709914755));
#2155=CARTESIAN_POINT('',(36.9084900208644,12.0640535890459,-6.57562900852611));
#2156=CARTESIAN_POINT('',(36.9084900208644,12.0640535890459,5.4243709914755));
#2157=CARTESIAN_POINT('',(38.2730497338182,10.8197370950135,-6.57562900852611));
#2158=CARTESIAN_POINT('',(38.2730497338182,10.8197370950135,5.4243709914755));
#2159=CARTESIAN_POINT('',(40.2149882480779,8.97390833211676,-6.57562900852611));
#2160=CARTESIAN_POINT('',(40.2149882480779,8.97390833211676,5.4243709914755));
#2161=CARTESIAN_POINT('',(42.1282152635793,6.6458542519764,-6.57562900852611));
#2162=CARTESIAN_POINT('',(42.1282152635793,6.6458542519764,5.4243709914755));
#2163=CARTESIAN_POINT('',(43.4160222252749,4.44089148627068,-6.57562900852611));
#2164=CARTESIAN_POINT('',(43.4160222252749,4.44089148627068,5.4243709914755));
#2165=CARTESIAN_POINT('',(44.0489965070839,1.87693270930775,-6.57562900852611));
#2166=CARTESIAN_POINT('',(44.0489965070839,1.87693270930775,5.4243709914755));
#2167=CARTESIAN_POINT('',(44.0403611825807,-0.0728722882295495,-6.57562900852611));
#2168=CARTESIAN_POINT('',(44.0403611825807,-0.0728722882295495,5.4243709914755));
#2169=CARTESIAN_POINT('',(44.03577365938,-1.04772167463196,-6.57562900852611));
#2170=CARTESIAN_POINT('',(44.03577365938,-1.04772167463196,5.4243709914755));
#2171=CARTESIAN_POINT('',(35.0833100039616,13.7092950665868,5.4243709914755));
#2172=CARTESIAN_POINT('',(37.8746024327441,11.2074782483389,5.4243709914755));
#2173=CARTESIAN_POINT('',(44.0673251836058,5.65698208065199,5.4243709914755));
#2174=CARTESIAN_POINT('',(44.0469596713597,1.32930759313121,5.4243709914755));
#2175=CARTESIAN_POINT('',(44.03577365938,-1.04772167463196,5.4243709914755));
#2176=CARTESIAN_POINT('',(36.9084902147946,12.0640534122046,5.4243709914755));
#2177=CARTESIAN_POINT('',(36.9084902147947,12.0640534122045,5.4243709914755));
#2178=CARTESIAN_POINT('',(36.1439701757414,12.648634894807,-16.2480679724276));
#2179=CARTESIAN_POINT('',(35.5275825289364,12.032247248002,5.4243709914755));
#2180=CARTESIAN_POINT('',(35.5275825289364,12.032247248002,5.4243709914755));
#2181=CARTESIAN_POINT('',(36.1439701757414,12.648634894807,5.4243709914755));
#2182=CARTESIAN_POINT('',(33.5568689432049,10.0615336622705,5.4243709914755));
#2183=CARTESIAN_POINT('',(33.5568689432049,10.0615336622705,-6.57562900852611));
#2184=CARTESIAN_POINT('',(33.3515817198716,-1.04772167463196,-6.57562900852611));
#2185=CARTESIAN_POINT('',(33.3515817198716,-1.04772167463196,5.4243709914755));
#2186=CARTESIAN_POINT('',(33.7828630689352,-0.0481385993471886,-6.57562900852611));
#2187=CARTESIAN_POINT('',(33.7828630689352,-0.0481385993471886,5.4243709914755));
#2188=CARTESIAN_POINT('',(34.6436307381149,1.9501603426005,-6.57562900852611));
#2189=CARTESIAN_POINT('',(34.6436307381149,1.9501603426005,5.4243709914755));
#2190=CARTESIAN_POINT('',(35.4559941206729,4.71629817565254,-6.57562900852611));
#2191=CARTESIAN_POINT('',(35.4559941206729,4.71629817565254,5.4243709914755));
#2192=CARTESIAN_POINT('',(35.2515453055364,6.99119696444429,-6.57562900852611));
#2193=CARTESIAN_POINT('',(35.2515453055364,6.99119696444429,5.4243709914755));
#2194=CARTESIAN_POINT('',(34.2366683937899,8.08334051860719,-6.57562900852611));
#2195=CARTESIAN_POINT('',(34.2366683937899,8.08334051860719,5.4243709914755));
#2196=CARTESIAN_POINT('',(33.6296940563913,8.58132484018708,-6.57562900852611));
#2197=CARTESIAN_POINT('',(33.6296940563913,8.58132484018708,5.4243709914755));
#2198=CARTESIAN_POINT('',(33.629694056224,8.58132484032436,-6.57562900852611));
#2199=CARTESIAN_POINT('',(33.629694056224,8.58132484032436,5.4243709914755));
#2200=CARTESIAN_POINT('',(33.3515817198716,-1.04772167463196,5.4243709914755));
#2201=CARTESIAN_POINT('',(34.5526953112582,1.73610568087797,5.4243709914755));
#2202=CARTESIAN_POINT('',(36.7394705085824,6.80440617994574,5.4243709914755));
#2203=CARTESIAN_POINT('',(33.084219626862,9.0503257967615,5.4243709914755));
#2204=CARTESIAN_POINT('',(31.4366609484071,10.0626460110323,5.4243709914755));
#2205=CARTESIAN_POINT('',(35.7418106492735,-3.23737810059871,-4.07562900852451));
#2206=CARTESIAN_POINT('',(35.3727067418984,-1.04772167463196,-4.07562900852461));
#2207=CARTESIAN_POINT('',(35.5408670651726,-2.18153977599467,-4.07562900852457));
#2208=CARTESIAN_POINT('',(35.7208623163851,-3.18928158775225,-4.07562900852451));
#2209=CARTESIAN_POINT('',(35.9864480303456,-4.4142019259785,-4.07562900852444));
#2210=CARTESIAN_POINT('',(36.0635096411523,-4.74164172096198,-4.07562900852441));
#2211=CARTESIAN_POINT('',(36.1415261263724,-5.04772167463197,-4.0756290085244));
#2212=CARTESIAN_POINT('',(35.4102877559978,-1.29772167974317,-4.0756290085246));
#2213=CARTESIAN_POINT('',(36.1415261255085,-1.29772167171975,-4.07562900852788));
#2214=CARTESIAN_POINT('',(33.3880036846402,-1.29772111016319,-4.07562900852513));
#2215=CARTESIAN_POINT('',(33.3880401101169,-1.29771563775939,-4.07562900852518));
#2216=CARTESIAN_POINT('',(33.4202143854853,-1.51187441876957,-4.07562900852517));
#2217=CARTESIAN_POINT('',(33.4624059541817,-1.78893764628014,-4.07562900852516));
#2218=CARTESIAN_POINT('',(33.5031035017814,-2.04778450077002,-4.07562900852515));
#2219=CARTESIAN_POINT('',(33.5215275110228,-2.16254159613121,-4.07562900852514));
#2220=CARTESIAN_POINT('',(33.566346295346,-2.43729450229939,-4.07562900852513));
#2221=CARTESIAN_POINT('',(33.6274779320425,-2.79784181918376,-4.07562900852511));
#2222=CARTESIAN_POINT('',(33.7442722220399,-3.44960860629238,-4.07562900852508));
#2223=CARTESIAN_POINT('',(33.8933240322813,-4.20951204850021,-4.07562900852504));
#2224=CARTESIAN_POINT('',(34.0186444181979,-4.77615303479881,-4.075629008525));
#2225=CARTESIAN_POINT('',(34.0825896739097,-5.04772167410991,-4.07562900852499));
#2226=CARTESIAN_POINT('',(35.4102877469007,-1.29772162005121,-4.0756290085245));
#2227=CARTESIAN_POINT('',(35.4102877469007,-1.29772162005121,5.4243709914755));
#2228=CARTESIAN_POINT('',(35.6350438507526,-2.77281948830117,-4.0756290085245));
#2229=CARTESIAN_POINT('',(35.6350438507526,-2.77281948830117,5.4243709914755));
#2230=CARTESIAN_POINT('',(35.8815318214581,-4.02769309245576,-4.0756290085245));
#2231=CARTESIAN_POINT('',(35.8815318214581,-4.02769309245576,5.4243709914755));
#2232=CARTESIAN_POINT('',(36.1415261263722,-5.04772167464341,-4.0756290085245));
#2233=CARTESIAN_POINT('',(36.1415261263722,-5.04772167464341,5.4243709914755));
#2234=CARTESIAN_POINT('',(35.4102877548016,-1.29772167190516,0.674370991475493));
#2235=CARTESIAN_POINT('',(35.410287755996,-1.2977216758247,5.42437099147046));
#2236=CARTESIAN_POINT('',(35.3727067418957,-1.04772167463196,5.4243709914755));
#2237=CARTESIAN_POINT('',(35.5408670651733,-2.18153977599467,5.4243709914755));
#2238=CARTESIAN_POINT('',(35.7208623163858,-3.18928158775225,5.4243709914755));
#2239=CARTESIAN_POINT('',(36.1168538212353,-5.01565259552059,5.4243709914755));
#2240=CARTESIAN_POINT('',(36.3345972992491,-5.81169361934888,5.4243709914755));
#2241=CARTESIAN_POINT('',(36.7678283635192,-7.06689287870918,5.4243709914755));
#2242=CARTESIAN_POINT('',(36.9874017184801,-7.52345959949516,5.4243709914755));
#2243=CARTESIAN_POINT('',(37.2220725184839,-7.8886737970506,5.4243709914755));
#2244=CARTESIAN_POINT('',(37.2786709712475,-7.96064329914833,5.4243709914755));
#2245=CARTESIAN_POINT('',(37.314984650864,-8.00182691924434,5.4243709914755));
#2246=CARTESIAN_POINT('',(24.6184449722016,-1.29772162278831,-4.0756290085245));
#2247=CARTESIAN_POINT('',(24.6184449722016,-1.29772162278831,5.4243709914755));
#2248=CARTESIAN_POINT('',(24.3936888684634,-2.77281948985222,-4.0756290085245));
#2249=CARTESIAN_POINT('',(24.3936888684634,-2.77281948985222,5.4243709914755));
#2250=CARTESIAN_POINT('',(24.1472008979005,-4.02769309308666,-4.0756290085245));
#2251=CARTESIAN_POINT('',(24.1472008979005,-4.02769309308666,5.4243709914755));
#2252=CARTESIAN_POINT('',(23.8872065931473,-5.04772167464341,-4.0756290085245));
#2253=CARTESIAN_POINT('',(23.8872065931473,-5.04772167464341,5.4243709914755));
#2254=CARTESIAN_POINT('',(24.6560259776237,-1.04772167463196,5.4243709914755));
#2255=CARTESIAN_POINT('',(24.4878656543461,-2.18153977599467,5.4243709914755));
#2256=CARTESIAN_POINT('',(24.3078704031336,-3.18928158775225,5.4243709914755));
#2257=CARTESIAN_POINT('',(23.9118788982842,-5.01565259552059,5.4243709914755));
#2258=CARTESIAN_POINT('',(23.6941354202703,-5.81169361934888,5.4243709914755));
#2259=CARTESIAN_POINT('',(23.2609043560002,-7.06689287870918,5.4243709914755));
#2260=CARTESIAN_POINT('',(23.0413310010393,-7.52345959949516,5.4243709914755));
#2261=CARTESIAN_POINT('',(22.8066602010355,-7.8886737970506,5.4243709914755));
#2262=CARTESIAN_POINT('',(22.7500617482719,-7.96064329914833,5.4243709914755));
#2263=CARTESIAN_POINT('',(22.7137480686554,-8.00182691924434,5.4243709914755));
#2264=CARTESIAN_POINT('',(24.656025977621,-1.04772167463196,-4.07562900852461));
#2265=CARTESIAN_POINT('',(24.4878656543468,-2.18153977599467,-4.07562900852457));
#2266=CARTESIAN_POINT('',(24.3078704031343,-3.18928158775225,-4.07562900852451));
#2267=CARTESIAN_POINT('',(24.0422846891738,-4.4142019259785,-4.07562900852444));
#2268=CARTESIAN_POINT('',(23.9652230783671,-4.74164172096198,-4.07562900852441));
#2269=CARTESIAN_POINT('',(23.887206593147,-5.04772167463197,-4.0756290085244));
#2270=CARTESIAN_POINT('',(24.2869220702459,-3.23737810059871,-4.07562900852451));
#2271=CARTESIAN_POINT('',(25.9461430456097,-5.04772167410991,-4.07562900852499));
#2272=CARTESIAN_POINT('',(26.0100552214669,-4.77629352139178,-4.075629008525));
#2273=CARTESIAN_POINT('',(26.1353095838236,-4.20996797414139,-4.07562900852504));
#2274=CARTESIAN_POINT('',(26.284528292372,-3.44920836950293,-4.07562900852508));
#2275=CARTESIAN_POINT('',(26.4011574003787,-2.79841230231919,-4.07562900852511));
#2276=CARTESIAN_POINT('',(26.4622994559256,-2.43780513017865,-4.07562900852513));
#2277=CARTESIAN_POINT('',(26.5072312436047,-2.16237998551778,-4.07562900852514));
#2278=CARTESIAN_POINT('',(26.5256124577049,-2.04789831973963,-4.07562900852515));
#2279=CARTESIAN_POINT('',(26.5663024996201,-1.78910758917001,-4.07562900852516));
#2280=CARTESIAN_POINT('',(26.6084988036392,-1.51200802303865,-4.07562900852517));
#2281=CARTESIAN_POINT('',(26.6406927942044,-1.29771574841139,-4.07562900852518));
#2282=CARTESIAN_POINT('',(25.9461430456043,-5.04772167412982,-4.07562900852507));
#2283=CARTESIAN_POINT('',(25.9461430456043,-5.04772167412982,5.4243709914755));
#2284=CARTESIAN_POINT('',(26.1988575794493,-3.97447016663054,-4.07562900852507));
#2285=CARTESIAN_POINT('',(26.1988575794493,-3.97447016663054,5.4243709914755));
#2286=CARTESIAN_POINT('',(26.4303986256091,-2.72447016662834,-4.07562900852507));
#2287=CARTESIAN_POINT('',(26.4303986256091,-2.72447016662834,5.4243709914755));
#2288=CARTESIAN_POINT('',(26.6407661840837,-1.29772167412325,-4.07562900852507));
#2289=CARTESIAN_POINT('',(26.6407661840837,-1.29772167412325,5.4243709914755));
#2290=CARTESIAN_POINT('',(23.6539036480816,-9.78300899768789,5.4243709914755));
#2291=CARTESIAN_POINT('',(24.9296771774956,-9.10861583277367,5.4243709914755));
#2292=CARTESIAN_POINT('',(25.9374262946844,-6.19685339175502,5.4243709914755));
#2293=CARTESIAN_POINT('',(26.6771509996478,-1.04772167463196,5.4243709914755));
#2294=CARTESIAN_POINT('',(34.0825896739151,-5.04772167412982,-4.07562900852507));
#2295=CARTESIAN_POINT('',(34.0825896739151,-5.04772167412982,5.4243709914755));
#2296=CARTESIAN_POINT('',(33.8298751399691,-3.97447016620156,-4.07562900852507));
#2297=CARTESIAN_POINT('',(33.8298751399691,-3.97447016620156,5.4243709914755));
#2298=CARTESIAN_POINT('',(33.5983340937253,-2.7244701656291,-4.07562900852507));
#2299=CARTESIAN_POINT('',(33.5983340937253,-2.7244701656291,5.4243709914755));
#2300=CARTESIAN_POINT('',(33.3879665351835,-1.29772167241245,-4.07562900852507));
#2301=CARTESIAN_POINT('',(33.3879665351835,-1.29772167241245,5.4243709914755));
#2302=CARTESIAN_POINT('',(33.3879665351843,-1.29772167241793,0.674370991475212));
#2303=CARTESIAN_POINT('',(33.3879665358241,-1.2977216745877,5.42437099147075));
#2304=CARTESIAN_POINT('',(36.3748290714378,-9.78300899768789,5.4243709914755));
#2305=CARTESIAN_POINT('',(35.0990555420238,-9.10861583277367,5.4243709914755));
#2306=CARTESIAN_POINT('',(34.0913064248351,-6.19685339175502,5.4243709914755));
#2307=CARTESIAN_POINT('',(33.3515817198716,-1.04772167463196,5.4243709914755));
#2308=CARTESIAN_POINT('',(46.2332321673911,15.1114234675945,-6.57562900852611));
#2309=CARTESIAN_POINT('',(46.2332321673911,15.1114234675945,5.4243709914755));
#2310=CARTESIAN_POINT('',(46.2332321673911,13.4324711238014,5.4243709914755));
#2311=CARTESIAN_POINT('',(46.2332321673911,-2.54772167463196,5.4243709914755));
#2312=CARTESIAN_POINT('',(46.2332321673911,-2.54772167463196,-6.57562900852611));
#2313=CARTESIAN_POINT('',(46.2332321673935,-2.54772167463196,-7.61701308059859));
#2314=CARTESIAN_POINT('',(46.2332321673935,10.9858663068468,-7.61701308059859));
#2315=CARTESIAN_POINT('',(46.2332321673911,13.4324711238014,-7.61701308059859));
#2316=CARTESIAN_POINT('',(46.2332321673911,13.4324711238014,-6.57562900852611));
#2317=CARTESIAN_POINT('',(38.6936776896258,-1.04772167463196,5.4243709914755));
#2318=CARTESIAN_POINT('',(34.2639757243915,9.35442688108398,5.4243709914755));
#2319=CARTESIAN_POINT('',(36.234689310123,11.3251404668155,5.4243709914755));
#2320=CARTESIAN_POINT('',(23.7940434093964,11.3251404668155,5.4243709914755));
#2321=CARTESIAN_POINT('',(25.7647569951279,9.35442688108397,5.4243709914755));
#2322=CARTESIAN_POINT('',(36.1415261255131,-1.29772167171976,5.42437099146522));
#2323=CARTESIAN_POINT('',(43.7332321673911,-2.54772167463196,5.4243709914755));
#2324=CARTESIAN_POINT('',(30.0143663597597,13.4324711238014,5.4243709914755));
#2325=CARTESIAN_POINT('',(13.7955005521283,13.4324711238014,5.4243709914755));
#2326=CARTESIAN_POINT('',(13.7955005521283,15.1114234675945,5.4243709914755));
#2327=CARTESIAN_POINT('',(13.7955005521283,-2.54772167463196,5.4243709914755));
#2328=CARTESIAN_POINT('',(16.2955005521283,-2.54772167463196,5.4243709914755));
#2329=CARTESIAN_POINT('',(13.7955005521283,15.1114234675945,-6.57562900852611));
#2330=CARTESIAN_POINT('',(13.7955005521283,0.,-5.61701308061154));
#2331=CARTESIAN_POINT('',(13.7955005521283,-2.54772167463196,-5.61701308061154));
#2332=CARTESIAN_POINT('',(13.7955005521283,5.12117154457572,-5.61701308061154));
#2333=CARTESIAN_POINT('',(13.7955005521283,-2.54772167463196,-6.57562900852611));
#2334=CARTESIAN_POINT('',(13.7955005521283,13.4324711238014,-6.57562900852611));
#2335=CARTESIAN_POINT('',(13.7955005521283,13.4324711238014,3.17382239595581));
#2336=CARTESIAN_POINT('',(13.7955005521283,13.7235404431466,3.17382239595581));
#2337=CARTESIAN_POINT('',(13.7955005521283,5.12117154457572,3.17382239595581));
#2338=CARTESIAN_POINT('',(13.7955005521283,5.12117154457572,8.27705785296842));
#2339=CARTESIAN_POINT('',(0.,0.,-5.61701308061154));
#2340=CARTESIAN_POINT('',(16.2955005521283,-2.54772167463196,-5.61701308061154));
#2341=CARTESIAN_POINT('',(5.41020841980929,5.12117154457572,-5.61701308061154));
#2342=CARTESIAN_POINT('',(12.8192017878816,5.12117154457572,8.27705785296842));
#2343=CARTESIAN_POINT('',(-10.7977724260846,5.12117154457572,-5.61701308061154));
#2344=CARTESIAN_POINT('',(-2.98979158018441,5.12117154457572,-5.61701308061154));
#2345=CARTESIAN_POINT('',(-10.7977724260846,5.12117154457572,-5.61701308061154));
#2346=CARTESIAN_POINT('',(-0.989791580184408,5.12117154457572,-4.11701308061154));
#2347=CARTESIAN_POINT('',(-0.989791580184409,5.12117154457572,-6.61701308061154));
#2348=CARTESIAN_POINT('',(5.41020841980613,5.12117154457572,-6.61701308061155));
#2349=CARTESIAN_POINT('',(12.3123582809877,5.12117154457572,5.18635537793548));
#2350=CARTESIAN_POINT('',(10.8784171901101,5.12117154457571,3.138475267213));
#2351=CARTESIAN_POINT('',(-7.10319451746197,5.12117154457572,15.7293353340149));
#2352=CARTESIAN_POINT('',(7.82420473301009,5.12117154457572,5.27705785296842));
#2353=CARTESIAN_POINT('',(7.82420473301009,5.12117154457572,-1.72294214703158));
#2354=CARTESIAN_POINT('',(7.82420473301009,5.12117154457572,-1.72294214703158));
#2355=CARTESIAN_POINT('',(6.82420473301009,5.12117154457572,-1.72294214703158));
#2356=CARTESIAN_POINT('',(6.75842404213109,5.12117154457572,-1.72294214703158));
#2357=CARTESIAN_POINT('',(6.75842404213109,5.12117154457572,10.2770578529684));
#2358=CARTESIAN_POINT('',(6.75842404213109,5.12117154457572,5.27705785296842));
#2359=CARTESIAN_POINT('',(-10.398784948263,5.12117154457572,5.27705785296842));
#2360=CARTESIAN_POINT('',(5.19148676099447,5.12117154457572,5.27705785296842));
#2361=CARTESIAN_POINT('',(4.75654034920185,5.12117154457572,10.2485180886565));
#2362=CARTESIAN_POINT('',(5.39422639579193,5.12117154457572,2.95973322339075));
#2363=CARTESIAN_POINT('',(1.21020841980928,5.12117154457572,2.59368189275269));
#2364=CARTESIAN_POINT('',(-2.97380931217605,5.12117154457572,2.95973601229285));
#2365=CARTESIAN_POINT('',(-2.34324912392531,5.12117154457572,10.1670719440377));
#2366=CARTESIAN_POINT('',(-2.7710699213759,5.12117154457572,5.27705785296842));
#2367=CARTESIAN_POINT('',(12.8192017878816,5.12117154457572,5.27705785296842));
#2368=CARTESIAN_POINT('',(-4.33800720251253,5.12117154457572,5.27705785296842));
#2369=CARTESIAN_POINT('',(-4.33800720251253,5.12117154457572,10.2770578529684));
#2370=CARTESIAN_POINT('',(-4.33800720251253,5.12117154457572,-1.72294214703158));
#2371=CARTESIAN_POINT('',(-4.40378789339152,5.12117154457572,-1.72294214703158));
#2372=CARTESIAN_POINT('',(-5.40378789339152,5.12117154457572,-1.72294214703158));
#2373=CARTESIAN_POINT('',(-5.40378789339152,5.12117154457572,-1.72294214703158));
#2374=CARTESIAN_POINT('',(-5.40378789339152,5.12117154457572,5.27705785296842));
#2375=CARTESIAN_POINT('',(9.52361135708054,5.12117154457572,15.7293353340149));
#2376=CARTESIAN_POINT('',(-6.89378200313451,5.12117154457572,4.23375274543832));
#2377=CARTESIAN_POINT('',(-23.3111753633496,5.12117154457572,15.7293353340149));
#2378=CARTESIAN_POINT('',(-8.38377611287749,5.12117154457572,5.27705785296842));
#2379=CARTESIAN_POINT('',(-8.38377611287749,5.12117154457572,-1.72294214703158));
#2380=CARTESIAN_POINT('',(-8.38377611287749,5.12117154457572,-1.72294214703158));
#2381=CARTESIAN_POINT('',(-9.38377611287749,5.12117154457572,-1.72294214703158));
#2382=CARTESIAN_POINT('',(-9.44955680375648,5.12117154457572,-1.72294214703158));
#2383=CARTESIAN_POINT('',(-9.44955680375648,5.12117154457572,10.2770578529684));
#2384=CARTESIAN_POINT('',(-9.44955680375648,5.12117154457572,5.27705785296842));
#2385=CARTESIAN_POINT('',(-26.6067657941506,5.12117154457572,5.27705785296842));
#2386=CARTESIAN_POINT('',(-11.0164940848931,5.12117154457572,5.27705785296842));
#2387=CARTESIAN_POINT('',(-11.4443148823437,5.12117154457572,10.1670719440377));
#2388=CARTESIAN_POINT('',(-10.813754694093,5.12117154457572,2.95973601229285));
#2389=CARTESIAN_POINT('',(-14.9977724260783,5.12117154457572,2.59368189275269));
#2390=CARTESIAN_POINT('',(-19.1817904020609,5.12117154457572,2.95973322339075));
#2391=CARTESIAN_POINT('',(-18.5441043554709,5.12117154457572,10.2485180886565));
#2392=CARTESIAN_POINT('',(-18.9790507672635,5.12117154457572,5.27705785296842));
#2393=CARTESIAN_POINT('',(-3.388779058006,5.12117154457572,5.27705785296842));
#2394=CARTESIAN_POINT('',(-20.5459880484001,5.12117154457572,5.27705785296842));
#2395=CARTESIAN_POINT('',(-20.5459880484001,5.12117154457572,10.2770578529684));
#2396=CARTESIAN_POINT('',(-20.5459880484001,5.12117154457572,-1.72294214703158));
#2397=CARTESIAN_POINT('',(-20.6117687392791,5.12117154457572,-1.72294214703158));
#2398=CARTESIAN_POINT('',(-21.6117687392791,5.12117154457572,-1.72294214703158));
#2399=CARTESIAN_POINT('',(-21.6117687392791,5.12117154457572,-1.72294214703158));
#2400=CARTESIAN_POINT('',(-21.6117687392791,5.12117154457572,5.27705785296842));
#2401=CARTESIAN_POINT('',(-6.68436948880704,5.12117154457572,15.7293353340149));
#2402=CARTESIAN_POINT('',(-25.5407068850282,5.12117154457573,2.52598574615521));
#2403=CARTESIAN_POINT('',(-24.1067657941506,5.12117154457572,0.478105635432736));
#2404=CARTESIAN_POINT('',(-26.6067657941506,5.12117154457575,0.478105635432737));
#2405=CARTESIAN_POINT('',(-26.6067657941506,5.12117154457575,8.27705785296842));
#2406=CARTESIAN_POINT('',(-26.6067657941506,5.12117154457574,-5.61701308061154));
#2407=CARTESIAN_POINT('',(-26.6067657941506,5.12117154457574,-5.61701308061154));
#2408=CARTESIAN_POINT('',(-19.197772426072,5.12117154457572,-5.61701308061154));
#2409=CARTESIAN_POINT('',(-17.1970404375508,5.12117154457572,-4.11701308061153));
#2410=CARTESIAN_POINT('',(-17.1970404375508,5.12117154457572,-6.61701308061153));
#2411=CARTESIAN_POINT('',(-19.197772426072,5.12117154457572,-6.61701308061153));
#2412=CARTESIAN_POINT('',(-12.7985044146058,5.12117154457572,-6.61701308061154));
#2413=CARTESIAN_POINT('',(-12.7985044146058,5.12117154457572,-4.11701308061154));
#2414=CARTESIAN_POINT('',(-12.797040705369,5.17526726942583,-4.11701308061154));
#2415=CARTESIAN_POINT('',(-10.7977724260846,5.12117154457573,-5.61701308061154));
#2416=CARTESIAN_POINT('',(-12.9665346156025,-1.08888390334473,-6.61701308061154));
#2417=CARTESIAN_POINT('',(-0.989791580184408,-5.04772167463196,-4.11701308061154));
#2418=CARTESIAN_POINT('',(-2.98979158018441,-5.04772167463196,-5.61701308061154));
#2419=CARTESIAN_POINT('',(-0.98979158018441,0.0367249349718778,-6.61701308061154));
#2420=CARTESIAN_POINT('',(-16.9218929497026,-5.04772158153032,-4.11701308061153));
#2421=CARTESIAN_POINT('',(-18.921161228987,-5.10181730638042,-5.61701308061154));
#2422=CARTESIAN_POINT('',(-17.0351555661929,-0.861764983195905,-6.61701308061153));
#2423=CARTESIAN_POINT('',(5.41020841980613,-0.920280555028048,-6.61701308061155));
#2424=CARTESIAN_POINT('',(-19.197772426072,-0.92028055502805,-6.61701308061153));
#2425=CARTESIAN_POINT('',(49.8069539793458,-0.462337377063861,-7.61701308061154));
#2426=CARTESIAN_POINT('',(43.7332321673911,-2.54772167463196,-7.61701308061154));
#2427=CARTESIAN_POINT('',(-24.1067657941506,-2.54772167463197,-7.61701308061154));
#2428=CARTESIAN_POINT('',(-26.6067657941506,-2.54772167463197,-7.61701308061154));
#2429=CARTESIAN_POINT('',(-26.6067657941506,-0.462337377063863,-7.61701308061154));
#2430=CARTESIAN_POINT('',(-26.6067657941506,13.4324711238014,-7.61701308061154));
#2431=CARTESIAN_POINT('',(12.639313662155,13.4324711238014,-7.61701308061154));
#2432=CARTESIAN_POINT('',(-24.1067657941506,-2.54772167463197,-5.61701308061154));
#2433=CARTESIAN_POINT('',(-24.1067657941506,-2.54772167463197,-5.61701308061154));
#2434=CARTESIAN_POINT('',(-26.6067657941506,-2.54772167463196,-5.61701308061154));
#2435=CARTESIAN_POINT('',(-26.6067657941506,-2.54772167463196,-5.61701308061154));
#2436=CARTESIAN_POINT('',(0.,0.,-5.61701308061154));
#2437=CARTESIAN_POINT('',(-26.6067657941506,-2.96233737706387,-5.61701308061154));
#2438=CARTESIAN_POINT('',(0.,0.,-5.61701308061154));
#2439=CARTESIAN_POINT('',(-24.1067657941506,13.4324711238014,0.478105635432737));
#2440=CARTESIAN_POINT('',(-25.5407068850282,5.12117154457575,2.52598574615522));
#2441=CARTESIAN_POINT('',(-25.5407068850282,13.4324711238014,2.52598574615521));
#2442=CARTESIAN_POINT('',(-24.1067657941506,13.4324711238014,0.478105635432737));
#2443=CARTESIAN_POINT('',(-26.6067657941506,13.4324711238014,0.478105635432737));
#2444=CARTESIAN_POINT('',(-26.6067657941506,13.4324711238014,0.478105635432737));
#2445=CARTESIAN_POINT('',(1.21020841980928,13.4324711238014,8.27705785296842));
#2446=CARTESIAN_POINT('',(12.3123582809877,13.4324711238014,5.18635537793548));
#2447=CARTESIAN_POINT('',(10.8784171901101,13.4324711238014,3.138475267213));
#2448=CARTESIAN_POINT('',(-26.6067657941506,13.4324711238014,8.27705785296842));
#2449=CARTESIAN_POINT('',(-16.1939001384008,13.4324711238014,9.0706902883331));
#2450=CARTESIAN_POINT('',(-21.6117687392791,13.4324711238014,5.27705785296842));
#2451=CARTESIAN_POINT('',(-21.6117687392791,13.4324711238014,-1.72294214703158));
#2452=CARTESIAN_POINT('',(-21.6117687392791,13.4324711238014,-1.72294214703158));
#2453=CARTESIAN_POINT('',(-21.6117687392791,13.4324711238014,-1.72294214703158));
#2454=CARTESIAN_POINT('',(-20.3977724260783,13.4324711238014,-1.72294214703158));
#2455=CARTESIAN_POINT('',(-20.3977724260783,13.4324711238014,-1.72294214703158));
#2456=CARTESIAN_POINT('',(-20.3977724260783,13.4324711238014,5.27705785296842));
#2457=CARTESIAN_POINT('',(-14.9977724260783,13.4324711238014,5.27705785296842));
#2458=CARTESIAN_POINT('',(-18.9790507672635,13.4324711238014,5.27705785296842));
#2459=CARTESIAN_POINT('',(-19.1977724260783,13.4324711238014,2.77705785296842));
#2460=CARTESIAN_POINT('',(-19.1817904020438,13.4324711238014,2.9597332235861));
#2461=CARTESIAN_POINT('',(-14.9977724260783,13.4324711238014,2.59368189275269));
#2462=CARTESIAN_POINT('',(-10.813754694093,13.4324711238014,2.95973601229285));
#2463=CARTESIAN_POINT('',(-10.7906468117363,13.4324711238014,2.69561170834964));
#2464=CARTESIAN_POINT('',(-11.0164940848931,13.4324711238014,5.27705785296842));
#2465=CARTESIAN_POINT('',(-14.9977724260783,13.4324711238014,5.27705785296842));
#2466=CARTESIAN_POINT('',(-9.59777242607829,13.4324711238014,5.27705785296842));
#2467=CARTESIAN_POINT('',(-9.59777242607829,13.4324711238014,-1.72294214703158));
#2468=CARTESIAN_POINT('',(-9.59777242607829,13.4324711238014,-1.72294214703158));
#2469=CARTESIAN_POINT('',(-8.38377611287748,13.4324711238014,-1.72294214703158));
#2470=CARTESIAN_POINT('',(-8.38377611287748,13.4324711238014,-1.72294214703158));
#2471=CARTESIAN_POINT('',(-8.38377611287748,13.4324711238014,-1.72294214703158));
#2472=CARTESIAN_POINT('',(-8.38377611287749,13.4324711238014,5.27705785296842));
#2473=CARTESIAN_POINT('',(-13.8016447137558,13.4324711238014,9.0706902883331));
#2474=CARTESIAN_POINT('',(-6.8937820031345,13.4324711238014,4.23375274543832));
#2475=CARTESIAN_POINT('',(0.0140807074867737,13.4324711238014,9.0706902883331));
#2476=CARTESIAN_POINT('',(-5.40378789339152,13.4324711238014,5.27705785296842));
#2477=CARTESIAN_POINT('',(-5.40378789339152,13.4324711238014,-1.72294214703158));
#2478=CARTESIAN_POINT('',(-5.40378789339152,13.4324711238014,-1.72294214703158));
#2479=CARTESIAN_POINT('',(-5.40378789339152,13.4324711238014,-1.72294214703158));
#2480=CARTESIAN_POINT('',(-4.18979158019071,13.4324711238014,-1.72294214703158));
#2481=CARTESIAN_POINT('',(-4.18979158019071,13.4324711238014,-1.72294214703158));
#2482=CARTESIAN_POINT('',(-4.18979158019071,13.4324711238014,5.27705785296842));
#2483=CARTESIAN_POINT('',(1.21020841980929,13.4324711238014,5.27705785296842));
#2484=CARTESIAN_POINT('',(-2.77106992137591,13.4324711238014,5.27705785296842));
#2485=CARTESIAN_POINT('',(-2.99691719453275,13.4324711238014,2.69561170834964));
#2486=CARTESIAN_POINT('',(-2.97380931217605,13.4324711238014,2.95973601229285));
#2487=CARTESIAN_POINT('',(1.21020841980928,13.4324711238014,2.59368189275269));
#2488=CARTESIAN_POINT('',(5.39422639577484,13.4324711238014,2.9597332235861));
#2489=CARTESIAN_POINT('',(5.41020841980928,13.4324711238014,2.77705785296842));
#2490=CARTESIAN_POINT('',(5.19148676099447,13.4324711238014,5.27705785296842));
#2491=CARTESIAN_POINT('',(1.21020841980928,13.4324711238014,5.27705785296842));
#2492=CARTESIAN_POINT('',(6.61020841980928,13.4324711238014,5.27705785296842));
#2493=CARTESIAN_POINT('',(6.61020841980928,13.4324711238014,-1.72294214703158));
#2494=CARTESIAN_POINT('',(6.61020841980928,13.4324711238014,-1.72294214703158));
#2495=CARTESIAN_POINT('',(7.82420473301009,13.4324711238014,-1.72294214703158));
#2496=CARTESIAN_POINT('',(7.82420473301009,13.4324711238014,-1.72294214703158));
#2497=CARTESIAN_POINT('',(7.82420473301009,13.4324711238014,-1.72294214703158));
#2498=CARTESIAN_POINT('',(7.82420473301009,13.4324711238014,5.27705785296842));
#2499=CARTESIAN_POINT('',(2.4063361321318,13.4324711238014,9.0706902883331));
#2500=CARTESIAN_POINT('',(2.4063361321318,5.13543331659318,9.0706902883331));
#2501=CARTESIAN_POINT('',(10.8784171901101,13.4324711238014,3.138475267213));
#2502=CARTESIAN_POINT('',(7.82420473301009,1.4324711238014,5.27705785296842));
#2503=CARTESIAN_POINT('',(-26.6067657941506,13.4324711238014,8.27705785296842));
#2504=CARTESIAN_POINT('',(-16.1939001384008,5.13543331659318,9.0706902883331));
#2505=CARTESIAN_POINT('',(-21.6117687392791,1.43247112380143,5.27705785296842));
#2506=CARTESIAN_POINT('',(-21.6117687392791,1.43247112380143,-1.72294214703158));
#2507=CARTESIAN_POINT('',(-21.6117687392791,1.43247112380143,-1.72294214703158));
#2508=CARTESIAN_POINT('',(-14.9977724260783,5.13543331659318,-1.72294214703158));
#2509=CARTESIAN_POINT('',(-20.3977724260783,13.4324711238014,-1.72294214703158));
#2510=CARTESIAN_POINT('',(-20.3977724260783,13.4324711238014,-1.72294214703158));
#2511=CARTESIAN_POINT('',(-20.3977724260783,13.4324711238014,5.27705785296842));
#2512=CARTESIAN_POINT('',(-14.9977724260783,5.13543331659318,5.27705785296842));
#2513=CARTESIAN_POINT('',(-18.9790507672635,5.13543331659318,5.27705785296842));
#2514=CARTESIAN_POINT('',(-19.1977724260783,9.20148150092991,2.77705785296842));
#2515=CARTESIAN_POINT('',(-19.1817901580636,9.27682133418858,2.95973601229285));
#2516=CARTESIAN_POINT('',(-14.9977724260783,16.7354333165932,2.59368189275269));
#2517=CARTESIAN_POINT('',(-10.813754694093,16.7354333165932,2.95973601229285));
#2518=CARTESIAN_POINT('',(-11.0085361686054,5.14543331659319,5.186098453579));
#2519=CARTESIAN_POINT('',(-11.0164940848931,5.13543331659318,5.27705785296842));
#2520=CARTESIAN_POINT('',(-14.9977724260783,5.13543331659318,5.27705785296842));
#2521=CARTESIAN_POINT('',(-9.59777242607829,13.4324711238014,5.27705785296842));
#2522=CARTESIAN_POINT('',(-9.59777242607829,13.4324711238014,-1.72294214703158));
#2523=CARTESIAN_POINT('',(-9.59777242607829,13.4324711238014,-1.72294214703158));
#2524=CARTESIAN_POINT('',(-14.9977724260783,5.13543331659318,-1.72294214703158));
#2525=CARTESIAN_POINT('',(-8.38377611287749,1.4324711238014,-1.72294214703158));
#2526=CARTESIAN_POINT('',(-8.38377611287749,1.4324711238014,-1.72294214703158));
#2527=CARTESIAN_POINT('',(-8.38377611287749,1.4324711238014,5.27705785296842));
#2528=CARTESIAN_POINT('',(-13.8016447137558,5.13543331659318,9.0706902883331));
#2529=CARTESIAN_POINT('',(-6.89378200313451,5.13543331659318,4.23375274543832));
#2530=CARTESIAN_POINT('',(0.0140807074867719,5.13543331659318,9.0706902883331));
#2531=CARTESIAN_POINT('',(-5.40378789339152,1.4324711238014,5.27705785296842));
#2532=CARTESIAN_POINT('',(-5.40378789339152,1.4324711238014,-1.72294214703158));
#2533=CARTESIAN_POINT('',(-5.40378789339152,1.4324711238014,-1.72294214703158));
#2534=CARTESIAN_POINT('',(1.21020841980928,5.13543331659318,-1.72294214703158));
#2535=CARTESIAN_POINT('',(-4.18979158019071,13.4324711238014,-1.72294214703158));
#2536=CARTESIAN_POINT('',(-4.18979158019071,13.4324711238014,-1.72294214703158));
#2537=CARTESIAN_POINT('',(-4.18979158019071,13.4324711238014,5.27705785296842));
#2538=CARTESIAN_POINT('',(1.21020841980928,5.13543331659318,5.27705785296842));
#2539=CARTESIAN_POINT('',(-2.77106992137591,5.13543331659318,5.27705785296842));
#2540=CARTESIAN_POINT('',(-2.77902783766361,5.14543331659319,5.186098453579));
#2541=CARTESIAN_POINT('',(-2.97380931217605,16.7354333165932,2.95973601229285));
#2542=CARTESIAN_POINT('',(1.21020841980928,16.7354333165932,2.59368189275269));
#2543=CARTESIAN_POINT('',(5.39422615179461,9.27682133418855,2.95973601229285));
#2544=CARTESIAN_POINT('',(5.41020841980928,9.20148150092991,2.77705785296842));
#2545=CARTESIAN_POINT('',(5.19148676099447,5.13543331659318,5.27705785296842));
#2546=CARTESIAN_POINT('',(1.21020841980928,5.13543331659318,5.27705785296842));
#2547=CARTESIAN_POINT('',(6.61020841980928,13.4324711238014,5.27705785296842));
#2548=CARTESIAN_POINT('',(6.61020841980928,13.4324711238014,-1.72294214703158));
#2549=CARTESIAN_POINT('',(6.61020841980928,13.4324711238014,-1.72294214703158));
#2550=CARTESIAN_POINT('',(1.21020841980928,5.13543331659318,-1.72294214703158));
#2551=CARTESIAN_POINT('',(7.82420473301009,1.4324711238014,-1.72294214703158));
#2552=CARTESIAN_POINT('',(7.82420473301009,1.4324711238014,-1.72294214703158));
#2553=CARTESIAN_POINT('',(16.2955005521283,-2.54772167463196,-6.57562900852611));
#2554=CARTESIAN_POINT('',(43.7332321673911,-2.54772167463196,-2.42768206467576E-15));
#2555=CARTESIAN_POINT('',(12.3123582809877,13.7235404431466,5.18635537793548));
#2556=CARTESIAN_POINT('',(23.7940434093964,11.3251404668155,-0.575629008525307));
#2557=CARTESIAN_POINT('',(25.7647569951279,9.35442688108397,-0.575629008525307));
#2558=CARTESIAN_POINT('',(34.2639757243915,9.35442688108398,-0.575629008525307));
#2559=CARTESIAN_POINT('',(36.234689310123,11.3251404668155,-0.575629008525307));
#2560=CARTESIAN_POINT('',(36.1415261255114,-1.29772167171976,6.05765137809267));
#2561=CARTESIAN_POINT('',(0.,0.0376626229361392,0.0309522296988579));
#2562=CARTESIAN_POINT('',(49.5380113410343,0.0376626229361392,9.9527075105575));
#2563=CARTESIAN_POINT('',(49.5380113410343,0.0376626229361391,6.50021680442376));
#2564=CARTESIAN_POINT('',(49.5380113410343,0.0376626229361392,6.4825968892836));
#2565=CARTESIAN_POINT('',(47.4428585576447,0.0376626229361392,6.4692645747249));
#2566=CARTESIAN_POINT('',(52.3069539793458,0.0376626229361392,6.50021680442376));
#2567=CARTESIAN_POINT('',(32.4731338207504,0.0376626229361392,6.50021680442376));
#2568=CARTESIAN_POINT('',(47.4428585576447,13.7235404431466,6.4692645747249));
#2569=CARTESIAN_POINT('',(49.5380113410343,13.7235404431466,6.4825968892836));
#2570=CARTESIAN_POINT('',(49.5380113410343,0.209566288426128,6.4825968892836));
#2571=CARTESIAN_POINT('',(31.7171446644963,1.31593529062926,6.36919542179921));
#2572=CARTESIAN_POINT('',(32.4731338207504,13.3664470760869,5.13403272500671));
#2573=CARTESIAN_POINT('',(49.5380113410343,12.9467809844477,5.17704798533175));
#2574=CARTESIAN_POINT('',(49.5380113410343,13.436280235862,9.9527075105575));
#2575=MECHANICAL_DESIGN_GEOMETRIC_PRESENTATION_REPRESENTATION('',(#1466,
#1467),#2576);
#2576=(
GEOMETRIC_REPRESENTATION_CONTEXT(3)
GLOBAL_UNCERTAINTY_ASSIGNED_CONTEXT((#2577))
GLOBAL_UNIT_ASSIGNED_CONTEXT((#2580,#2579,#2578))
REPRESENTATION_CONTEXT('FlareHolder06','TOP_LEVEL_ASSEMBLY_PART')
);
#2577=UNCERTAINTY_MEASURE_WITH_UNIT(LENGTH_MEASURE(0.005),#2580,
'DISTANCE_ACCURACY_VALUE','Maximum Tolerance applied to model');
#2578=(
NAMED_UNIT(*)
SI_UNIT($,.STERADIAN.)
SOLID_ANGLE_UNIT()
);
#2579=(
NAMED_UNIT(*)
PLANE_ANGLE_UNIT()
SI_UNIT($,.RADIAN.)
);
#2580=(
LENGTH_UNIT()
NAMED_UNIT(*)
SI_UNIT(.MILLI.,.METRE.)
);
#2581=PRODUCT_DEFINITION_SHAPE('','',#2582);
#2582=PRODUCT_DEFINITION('','',#2584,#2583);
#2583=PRODUCT_DEFINITION_CONTEXT('',#2590,'design');
#2584=PRODUCT_DEFINITION_FORMATION_WITH_SPECIFIED_SOURCE('','',#2586,
 .NOT_KNOWN.);
#2585=PRODUCT_RELATED_PRODUCT_CATEGORY('','',(#2586));
#2586=PRODUCT('FlareHolder06','FlareHolder06','FlareHolder06',(#2588));
#2587=PRODUCT_CATEGORY('','');
#2588=PRODUCT_CONTEXT('',#2590,'mechanical');
#2589=APPLICATION_PROTOCOL_DEFINITION('international standard',
'automotive_design',2010,#2590);
#2590=APPLICATION_CONTEXT(
'core data for automotive mechanical design processes');
ENDSEC;
END-ISO-10303-21;
