ISO-10303-21;
HEADER;
/* Generated by software containing ST-Developer
 * from STEP Tools, Inc. (www.steptools.com) 
 */
/* OPTION: strings as raw bytes, not using required /X/ escapes */

FILE_DESCRIPTION(
/* description */ ('Unknown'),
/* implementation_level */ '2;1');

FILE_NAME(
/* name */ 'FlareHolder05WithLip',
/* time_stamp */ '2023-05-25T08:07:39+01:00',
/* author */ ('Unknown'),
/* organization */ ('Unknown'),
/* preprocessor_version */ 'ST-DEVELOPER v18.102',
/* originating_system */ 'Solid Edge',
/* authorisation */ 'Unknown');

FILE_SCHEMA (('AUTOMOTIVE_DESIGN {1 0 10303 214 3 1 1}'));
ENDSEC;

DATA;
#10=PROPERTY_DEFINITION_REPRESENTATION(#14,#12);
#11=PROPERTY_DEFINITION_REPRESENTATION(#15,#13);
#12=REPRESENTATION('',(#16),#2895);
#13=REPRESENTATION('',(#17),#2895);
#14=PROPERTY_DEFINITION('pmi validation property','',#2900);
#15=PROPERTY_DEFINITION('pmi validation property','',#2900);
#16=VALUE_REPRESENTATION_ITEM('number of annotations',COUNT_MEASURE(0.));
#17=VALUE_REPRESENTATION_ITEM('number of views',COUNT_MEASURE(0.));
#18=SHAPE_REPRESENTATION_RELATIONSHIP('','',#1387,#19);
#19=ADVANCED_BREP_SHAPE_REPRESENTATION('',(#1385),#2895);
#20=B_SPLINE_SURFACE_WITH_KNOTS('',3,3,((#2319,#2320,#2321,#2322,#2323,
#2324,#2325,#2326),(#2327,#2328,#2329,#2330,#2331,#2332,#2333,#2334),(#2335,
#2336,#2337,#2338,#2339,#2340,#2341,#2342),(#2343,#2344,#2345,#2346,#2347,
#2348,#2349,#2350),(#2351,#2352,#2353,#2354,#2355,#2356,#2357,#2358),(#2359,
#2360,#2361,#2362,#2363,#2364,#2365,#2366),(#2367,#2368,#2369,#2370,#2371,
#2372,#2373,#2374),(#2375,#2376,#2377,#2378,#2379,#2380,#2381,#2382),(#2383,
#2384,#2385,#2386,#2387,#2388,#2389,#2390),(#2391,#2392,#2393,#2394,#2395,
#2396,#2397,#2398),(#2399,#2400,#2401,#2402,#2403,#2404,#2405,#2406),(#2407,
#2408,#2409,#2410,#2411,#2412,#2413,#2414),(#2415,#2416,#2417,#2418,#2419,
#2420,#2421,#2422),(#2423,#2424,#2425,#2426,#2427,#2428,#2429,#2430),(#2431,
#2432,#2433,#2434,#2435,#2436,#2437,#2438),(#2439,#2440,#2441,#2442,#2443,
#2444,#2445,#2446),(#2447,#2448,#2449,#2450,#2451,#2452,#2453,#2454),(#2455,
#2456,#2457,#2458,#2459,#2460,#2461,#2462),(#2463,#2464,#2465,#2466,#2467,
#2468,#2469,#2470),(#2471,#2472,#2473,#2474,#2475,#2476,#2477,#2478),(#2479,
#2480,#2481,#2482,#2483,#2484,#2485,#2486),(#2487,#2488,#2489,#2490,#2491,
#2492,#2493,#2494),(#2495,#2496,#2497,#2498,#2499,#2500,#2501,#2502),(#2503,
#2504,#2505,#2506,#2507,#2508,#2509,#2510),(#2511,#2512,#2513,#2514,#2515,
#2516,#2517,#2518),(#2519,#2520,#2521,#2522,#2523,#2524,#2525,#2526),(#2527,
#2528,#2529,#2530,#2531,#2532,#2533,#2534),(#2535,#2536,#2537,#2538,#2539,
#2540,#2541,#2542),(#2543,#2544,#2545,#2546,#2547,#2548,#2549,#2550),(#2551,
#2552,#2553,#2554,#2555,#2556,#2557,#2558),(#2559,#2560,#2561,#2562,#2563,
#2564,#2565,#2566),(#2567,#2568,#2569,#2570,#2571,#2572,#2573,#2574),(#2575,
#2576,#2577,#2578,#2579,#2580,#2581,#2582),(#2583,#2584,#2585,#2586,#2587,
#2588,#2589,#2590)),.UNSPECIFIED.,.T.,.F.,.F.,(2,2,2,2,2,2,2,2,2,2,2,2,
2,2,2,2,2,2,2),(4,3,1,4),(-0.0625,0.,0.0625,0.125,0.1875,0.25,0.3125,0.375,
0.4375,0.5,0.5625,0.625,0.6875,0.75,0.8125,0.875,0.9375,1.,1.0625),(-0.0447623486497814,
0.,0.549262490655786,1.),.UNSPECIFIED.);
#21=B_SPLINE_SURFACE_WITH_KNOTS('',3,3,((#2597,#2598,#2599,#2600,#2601,
#2602,#2603,#2604),(#2605,#2606,#2607,#2608,#2609,#2610,#2611,#2612),(#2613,
#2614,#2615,#2616,#2617,#2618,#2619,#2620),(#2621,#2622,#2623,#2624,#2625,
#2626,#2627,#2628),(#2629,#2630,#2631,#2632,#2633,#2634,#2635,#2636),(#2637,
#2638,#2639,#2640,#2641,#2642,#2643,#2644),(#2645,#2646,#2647,#2648,#2649,
#2650,#2651,#2652),(#2653,#2654,#2655,#2656,#2657,#2658,#2659,#2660),(#2661,
#2662,#2663,#2664,#2665,#2666,#2667,#2668),(#2669,#2670,#2671,#2672,#2673,
#2674,#2675,#2676),(#2677,#2678,#2679,#2680,#2681,#2682,#2683,#2684),(#2685,
#2686,#2687,#2688,#2689,#2690,#2691,#2692),(#2693,#2694,#2695,#2696,#2697,
#2698,#2699,#2700),(#2701,#2702,#2703,#2704,#2705,#2706,#2707,#2708),(#2709,
#2710,#2711,#2712,#2713,#2714,#2715,#2716),(#2717,#2718,#2719,#2720,#2721,
#2722,#2723,#2724),(#2725,#2726,#2727,#2728,#2729,#2730,#2731,#2732),(#2733,
#2734,#2735,#2736,#2737,#2738,#2739,#2740),(#2741,#2742,#2743,#2744,#2745,
#2746,#2747,#2748),(#2749,#2750,#2751,#2752,#2753,#2754,#2755,#2756),(#2757,
#2758,#2759,#2760,#2761,#2762,#2763,#2764),(#2765,#2766,#2767,#2768,#2769,
#2770,#2771,#2772),(#2773,#2774,#2775,#2776,#2777,#2778,#2779,#2780),(#2781,
#2782,#2783,#2784,#2785,#2786,#2787,#2788),(#2789,#2790,#2791,#2792,#2793,
#2794,#2795,#2796),(#2797,#2798,#2799,#2800,#2801,#2802,#2803,#2804),(#2805,
#2806,#2807,#2808,#2809,#2810,#2811,#2812),(#2813,#2814,#2815,#2816,#2817,
#2818,#2819,#2820),(#2821,#2822,#2823,#2824,#2825,#2826,#2827,#2828),(#2829,
#2830,#2831,#2832,#2833,#2834,#2835,#2836),(#2837,#2838,#2839,#2840,#2841,
#2842,#2843,#2844),(#2845,#2846,#2847,#2848,#2849,#2850,#2851,#2852),(#2853,
#2854,#2855,#2856,#2857,#2858,#2859,#2860),(#2861,#2862,#2863,#2864,#2865,
#2866,#2867,#2868)),.UNSPECIFIED.,.T.,.F.,.F.,(2,2,2,2,2,2,2,2,2,2,2,2,
2,2,2,2,2,2,2),(4,3,1,4),(-0.0625,0.,0.0625,0.125,0.1875,0.25,0.3125,0.375,
0.4375,0.5,0.5625,0.625,0.6875,0.75,0.8125,0.875,0.9375,1.,1.0625),(-0.0447623486495204,
0.,0.549262490655786,1.),.UNSPECIFIED.);
#22=CYLINDRICAL_SURFACE('',#1411,4.2);
#23=CYLINDRICAL_SURFACE('',#1425,4.2);
#24=CYLINDRICAL_SURFACE('',#1438,2.55308312793304);
#25=CYLINDRICAL_SURFACE('',#1441,2.5709564370474);
#26=CYLINDRICAL_SURFACE('',#1444,2.5709564370474);
#27=CYLINDRICAL_SURFACE('',#1447,2.55308312793304);
#28=CYLINDRICAL_SURFACE('',#1464,2.5);
#29=CYLINDRICAL_SURFACE('',#1465,2.5);
#30=CYLINDRICAL_SURFACE('',#1466,2.5);
#31=CYLINDRICAL_SURFACE('',#1467,2.5);
#32=CYLINDRICAL_SURFACE('',#1468,2.5);
#33=CYLINDRICAL_SURFACE('',#1481,2.5);
#34=CYLINDRICAL_SURFACE('',#1483,2.5);
#35=CYLINDRICAL_SURFACE('',#1488,2.5);
#36=CYLINDRICAL_SURFACE('',#1489,2.5);
#37=CYLINDRICAL_SURFACE('',#1490,2.5);
#38=CYLINDRICAL_SURFACE('',#1491,2.5);
#39=CYLINDRICAL_SURFACE('',#1492,2.5);
#40=B_SPLINE_CURVE_WITH_KNOTS('',3,(#1943,#1944,#1945,#1946),
 .UNSPECIFIED.,.F.,.F.,(4,4),(0.,0.000507713271731939),.UNSPECIFIED.);
#41=B_SPLINE_CURVE_WITH_KNOTS('',3,(#1950,#1951,#1952,#1953),
 .UNSPECIFIED.,.F.,.F.,(4,4),(0.,0.00050771324056064),.UNSPECIFIED.);
#42=B_SPLINE_CURVE_WITH_KNOTS('',3,(#1957,#1958,#1959,#1960),
 .UNSPECIFIED.,.F.,.F.,(4,4),(0.,0.000507689294542601),.UNSPECIFIED.);
#43=B_SPLINE_CURVE_WITH_KNOTS('',3,(#1964,#1965,#1966,#1967),
 .UNSPECIFIED.,.F.,.F.,(4,4),(0.,0.00050768928540032),.UNSPECIFIED.);
#44=B_SPLINE_CURVE_WITH_KNOTS('',3,(#1973,#1974,#1975,#1976,#1977,#1978,
#1979,#1980,#1981,#1982,#1983),.UNSPECIFIED.,.F.,.F.,(4,1,1,1,1,1,1,1,4),
(0.883114404001726,0.974835792915658,1.06655718182959,1.15827857074352,
1.24999995965745,1.34172134857139,1.43344273748532,1.52516412639925,1.61688551531318),
 .UNSPECIFIED.);
#45=B_SPLINE_CURVE_WITH_KNOTS('',3,(#1984,#1985,#1986,#1987,#1988,#1989,
#1990,#1991,#1992,#1993,#1994),.UNSPECIFIED.,.F.,.F.,(4,1,1,1,1,1,1,1,4),
(0.88311728323994,0.974837951892249,1.06655862054456,1.15827928919687,1.24999995784918,
1.34172062650149,1.4334412951538,1.52516196380611,1.61688263245842),
 .UNSPECIFIED.);
#46=B_SPLINE_CURVE_WITH_KNOTS('',3,(#2145,#2146,#2147,#2148),
 .UNSPECIFIED.,.F.,.F.,(4,4),(0.,1.),.UNSPECIFIED.);
#47=B_SPLINE_CURVE_WITH_KNOTS('',3,(#2157,#2158,#2159,#2160),
 .UNSPECIFIED.,.F.,.F.,(4,4),(0.,1.),.UNSPECIFIED.);
#48=B_SPLINE_CURVE_WITH_KNOTS('',3,(#2165,#2166,#2167,#2168),
 .UNSPECIFIED.,.F.,.F.,(4,4),(0.,1.),.UNSPECIFIED.);
#49=B_SPLINE_CURVE_WITH_KNOTS('',3,(#2177,#2178,#2179,#2180),
 .UNSPECIFIED.,.F.,.F.,(4,4),(0.,1.),.UNSPECIFIED.);
#50=B_SPLINE_CURVE_WITH_KNOTS('',3,(#2216,#2217,#2218,#2219,#2220,#2221,
#2222,#2223,#2224,#2225,#2226),.UNSPECIFIED.,.F.,.F.,(4,1,1,1,1,1,1,1,4),
(8.08918962963702E-9,0.00107374422158371,0.00214748035397778,0.00322121648637186,
0.00429495261876594,0.00536868875116002,0.00644242488355409,0.00751616101594817,
0.00858989714834225),.UNSPECIFIED.);
#51=B_SPLINE_CURVE_WITH_KNOTS('',3,(#2228,#2229,#2230,#2231,#2232,#2233,
#2234,#2235,#2236,#2237,#2238),.UNSPECIFIED.,.F.,.F.,(4,1,1,1,1,1,1,1,4),
(8.08918962988682E-9,0.00107374422158371,0.00214748035397778,0.00322121648637186,
0.00429495261876594,0.00536868875116002,0.00644242488355409,0.00751616101594817,
0.00858989714834225),.UNSPECIFIED.);
#52=B_SPLINE_CURVE_WITH_KNOTS('',3,(#2241,#2242,#2243,#2244,#2245,#2246,
#2247,#2248,#2249,#2250,#2251,#2252,#2253,#2254,#2255),.UNSPECIFIED.,.F.,
 .F.,(4,1,1,1,1,1,1,1,1,1,1,1,4),(0.,0.00132531252433113,0.00198796878649669,
0.00265062504866226,0.00331328131082782,0.00397593757299339,0.00530125009732452,
0.00662656262165564,0.00728921888382121,0.00795187514598677,0.00861453140815234,
0.0092771876703179,0.010602500194649),.UNSPECIFIED.);
#53=B_SPLINE_CURVE_WITH_KNOTS('',3,(#2256,#2257,#2258,#2259,#2260,#2261,
#2262,#2263,#2264,#2265,#2266,#2267,#2268,#2269,#2270),.UNSPECIFIED.,.F.,
 .F.,(4,1,1,1,1,1,1,1,1,1,1,1,4),(0.,0.00132531252433113,0.00198796878649669,
0.00265062504866226,0.00331328131082782,0.00397593757299339,0.00530125009732452,
0.00662656262165564,0.00728921888382121,0.00795187514598677,0.00861453140815234,
0.0092771876703179,0.010602500194649),.UNSPECIFIED.);
#54=B_SPLINE_CURVE_WITH_KNOTS('',3,(#2314,#2315,#2316,#2317,#2318),
 .UNSPECIFIED.,.F.,.F.,(4,1,4),(-0.000346589136711028,0.0041199132344759,
0.00858641560566284),.UNSPECIFIED.);
#55=B_SPLINE_CURVE_WITH_KNOTS('',3,(#2592,#2593,#2594,#2595,#2596),
 .UNSPECIFIED.,.F.,.F.,(4,1,4),(-0.000346589153125969,0.00411991321804228,
0.00858641558921053),.UNSPECIFIED.);
#56=CIRCLE('',#1391,2.5);
#57=CIRCLE('',#1392,2.5);
#58=CIRCLE('',#1393,2.5);
#59=CIRCLE('',#1394,2.5);
#60=CIRCLE('',#1395,4.2);
#61=CIRCLE('',#1396,4.2);
#62=CIRCLE('',#1397,2.5);
#63=CIRCLE('',#1400,2.5);
#64=CIRCLE('',#1402,2.5);
#65=CIRCLE('',#1405,2.5);
#66=CIRCLE('',#1412,4.2);
#67=CIRCLE('',#1426,4.2);
#68=CIRCLE('',#1436,2.5);
#69=CIRCLE('',#1437,2.5);
#70=CIRCLE('',#1457,2.5);
#71=CIRCLE('',#1470,2.5);
#72=CIRCLE('',#1471,2.5);
#73=CIRCLE('',#1474,2.5);
#74=CIRCLE('',#1480,2.5);
#75=CIRCLE('',#1482,2.5);
#76=CIRCLE('',#1484,2.5);
#77=ELLIPSE('',#1390,2.50091498565143,2.5);
#78=ELLIPSE('',#1398,2.50091498565143,2.5);
#79=ELLIPSE('',#1403,2.51949522641678,2.5);
#80=ELLIPSE('',#1404,2.51949522641678,2.5);
#81=ELLIPSE('',#1439,3.29208686385473,2.55308312793304);
#82=ELLIPSE('',#1440,3.61060478538883,2.55308312793304);
#83=ELLIPSE('',#1442,3.31513369907338,2.5709564370474);
#84=ELLIPSE('',#1443,3.63588146154284,2.5709564370474);
#85=ELLIPSE('',#1445,3.31513369907338,2.5709564370474);
#86=ELLIPSE('',#1446,3.63588146154284,2.5709564370474);
#87=ELLIPSE('',#1448,3.29208686385473,2.55308312793304);
#88=ELLIPSE('',#1449,3.61060478538883,2.55308312793304);
#89=ELLIPSE('',#1451,24.4721917397307,2.5);
#90=ELLIPSE('',#1456,2.51949522641678,2.5);
#91=ELLIPSE('',#1458,2.51949522641678,2.5);
#92=ELLIPSE('',#1461,24.4721917397307,2.5);
#93=ELLIPSE('',#1472,2.50091498565143,2.5);
#94=ELLIPSE('',#1473,2.50091498565143,2.5);
#95=ORIENTED_EDGE('',*,*,#497,.T.);
#96=ORIENTED_EDGE('',*,*,#498,.T.);
#97=ORIENTED_EDGE('',*,*,#499,.F.);
#98=ORIENTED_EDGE('',*,*,#500,.T.);
#99=ORIENTED_EDGE('',*,*,#501,.F.);
#100=ORIENTED_EDGE('',*,*,#502,.T.);
#101=ORIENTED_EDGE('',*,*,#503,.F.);
#102=ORIENTED_EDGE('',*,*,#504,.T.);
#103=ORIENTED_EDGE('',*,*,#505,.F.);
#104=ORIENTED_EDGE('',*,*,#506,.T.);
#105=ORIENTED_EDGE('',*,*,#507,.T.);
#106=ORIENTED_EDGE('',*,*,#508,.F.);
#107=ORIENTED_EDGE('',*,*,#509,.F.);
#108=ORIENTED_EDGE('',*,*,#510,.F.);
#109=ORIENTED_EDGE('',*,*,#511,.T.);
#110=ORIENTED_EDGE('',*,*,#512,.F.);
#111=ORIENTED_EDGE('',*,*,#513,.F.);
#112=ORIENTED_EDGE('',*,*,#514,.T.);
#113=ORIENTED_EDGE('',*,*,#515,.T.);
#114=ORIENTED_EDGE('',*,*,#516,.T.);
#115=ORIENTED_EDGE('',*,*,#517,.F.);
#116=ORIENTED_EDGE('',*,*,#518,.T.);
#117=ORIENTED_EDGE('',*,*,#519,.T.);
#118=ORIENTED_EDGE('',*,*,#520,.T.);
#119=ORIENTED_EDGE('',*,*,#521,.F.);
#120=ORIENTED_EDGE('',*,*,#522,.F.);
#121=ORIENTED_EDGE('',*,*,#523,.F.);
#122=ORIENTED_EDGE('',*,*,#524,.T.);
#123=ORIENTED_EDGE('',*,*,#525,.F.);
#124=ORIENTED_EDGE('',*,*,#526,.F.);
#125=ORIENTED_EDGE('',*,*,#527,.F.);
#126=ORIENTED_EDGE('',*,*,#528,.T.);
#127=ORIENTED_EDGE('',*,*,#529,.T.);
#128=ORIENTED_EDGE('',*,*,#530,.F.);
#129=ORIENTED_EDGE('',*,*,#531,.T.);
#130=ORIENTED_EDGE('',*,*,#532,.T.);
#131=ORIENTED_EDGE('',*,*,#533,.T.);
#132=ORIENTED_EDGE('',*,*,#534,.T.);
#133=ORIENTED_EDGE('',*,*,#535,.T.);
#134=ORIENTED_EDGE('',*,*,#536,.T.);
#135=ORIENTED_EDGE('',*,*,#537,.T.);
#136=ORIENTED_EDGE('',*,*,#538,.T.);
#137=ORIENTED_EDGE('',*,*,#539,.T.);
#138=ORIENTED_EDGE('',*,*,#540,.T.);
#139=ORIENTED_EDGE('',*,*,#541,.F.);
#140=ORIENTED_EDGE('',*,*,#542,.F.);
#141=ORIENTED_EDGE('',*,*,#543,.F.);
#142=ORIENTED_EDGE('',*,*,#544,.T.);
#143=ORIENTED_EDGE('',*,*,#545,.F.);
#144=ORIENTED_EDGE('',*,*,#546,.F.);
#145=ORIENTED_EDGE('',*,*,#547,.F.);
#146=ORIENTED_EDGE('',*,*,#548,.T.);
#147=ORIENTED_EDGE('',*,*,#549,.F.);
#148=ORIENTED_EDGE('',*,*,#550,.T.);
#149=ORIENTED_EDGE('',*,*,#551,.F.);
#150=ORIENTED_EDGE('',*,*,#545,.T.);
#151=ORIENTED_EDGE('',*,*,#552,.T.);
#152=ORIENTED_EDGE('',*,*,#541,.T.);
#153=ORIENTED_EDGE('',*,*,#553,.F.);
#154=ORIENTED_EDGE('',*,*,#554,.T.);
#155=ORIENTED_EDGE('',*,*,#555,.T.);
#156=ORIENTED_EDGE('',*,*,#556,.T.);
#157=ORIENTED_EDGE('',*,*,#557,.T.);
#158=ORIENTED_EDGE('',*,*,#558,.T.);
#159=ORIENTED_EDGE('',*,*,#559,.T.);
#160=ORIENTED_EDGE('',*,*,#560,.T.);
#161=ORIENTED_EDGE('',*,*,#561,.T.);
#162=ORIENTED_EDGE('',*,*,#562,.T.);
#163=ORIENTED_EDGE('',*,*,#563,.T.);
#164=ORIENTED_EDGE('',*,*,#549,.T.);
#165=ORIENTED_EDGE('',*,*,#564,.T.);
#166=ORIENTED_EDGE('',*,*,#565,.F.);
#167=ORIENTED_EDGE('',*,*,#566,.F.);
#168=ORIENTED_EDGE('',*,*,#509,.T.);
#169=ORIENTED_EDGE('',*,*,#567,.T.);
#170=ORIENTED_EDGE('',*,*,#568,.T.);
#171=ORIENTED_EDGE('',*,*,#510,.T.);
#172=ORIENTED_EDGE('',*,*,#566,.T.);
#173=ORIENTED_EDGE('',*,*,#569,.T.);
#174=ORIENTED_EDGE('',*,*,#511,.F.);
#175=ORIENTED_EDGE('',*,*,#568,.F.);
#176=ORIENTED_EDGE('',*,*,#570,.T.);
#177=ORIENTED_EDGE('',*,*,#571,.F.);
#178=ORIENTED_EDGE('',*,*,#512,.T.);
#179=ORIENTED_EDGE('',*,*,#569,.F.);
#180=ORIENTED_EDGE('',*,*,#572,.T.);
#181=ORIENTED_EDGE('',*,*,#573,.T.);
#182=ORIENTED_EDGE('',*,*,#574,.F.);
#183=ORIENTED_EDGE('',*,*,#513,.T.);
#184=ORIENTED_EDGE('',*,*,#571,.T.);
#185=ORIENTED_EDGE('',*,*,#575,.T.);
#186=ORIENTED_EDGE('',*,*,#576,.F.);
#187=ORIENTED_EDGE('',*,*,#514,.F.);
#188=ORIENTED_EDGE('',*,*,#574,.T.);
#189=ORIENTED_EDGE('',*,*,#576,.T.);
#190=ORIENTED_EDGE('',*,*,#577,.F.);
#191=ORIENTED_EDGE('',*,*,#578,.F.);
#192=ORIENTED_EDGE('',*,*,#515,.F.);
#193=ORIENTED_EDGE('',*,*,#578,.T.);
#194=ORIENTED_EDGE('',*,*,#579,.F.);
#195=ORIENTED_EDGE('',*,*,#580,.T.);
#196=ORIENTED_EDGE('',*,*,#516,.F.);
#197=ORIENTED_EDGE('',*,*,#580,.F.);
#198=ORIENTED_EDGE('',*,*,#581,.F.);
#199=ORIENTED_EDGE('',*,*,#582,.T.);
#200=ORIENTED_EDGE('',*,*,#517,.T.);
#201=ORIENTED_EDGE('',*,*,#583,.F.);
#202=ORIENTED_EDGE('',*,*,#584,.F.);
#203=ORIENTED_EDGE('',*,*,#518,.F.);
#204=ORIENTED_EDGE('',*,*,#582,.F.);
#205=ORIENTED_EDGE('',*,*,#585,.F.);
#206=ORIENTED_EDGE('',*,*,#519,.F.);
#207=ORIENTED_EDGE('',*,*,#584,.T.);
#208=ORIENTED_EDGE('',*,*,#586,.T.);
#209=ORIENTED_EDGE('',*,*,#587,.F.);
#210=ORIENTED_EDGE('',*,*,#520,.F.);
#211=ORIENTED_EDGE('',*,*,#585,.T.);
#212=ORIENTED_EDGE('',*,*,#588,.F.);
#213=ORIENTED_EDGE('',*,*,#521,.T.);
#214=ORIENTED_EDGE('',*,*,#587,.T.);
#215=ORIENTED_EDGE('',*,*,#589,.T.);
#216=ORIENTED_EDGE('',*,*,#590,.F.);
#217=ORIENTED_EDGE('',*,*,#590,.T.);
#218=ORIENTED_EDGE('',*,*,#591,.F.);
#219=ORIENTED_EDGE('',*,*,#592,.F.);
#220=ORIENTED_EDGE('',*,*,#522,.T.);
#221=ORIENTED_EDGE('',*,*,#593,.T.);
#222=ORIENTED_EDGE('',*,*,#594,.T.);
#223=ORIENTED_EDGE('',*,*,#523,.T.);
#224=ORIENTED_EDGE('',*,*,#592,.T.);
#225=ORIENTED_EDGE('',*,*,#595,.T.);
#226=ORIENTED_EDGE('',*,*,#524,.F.);
#227=ORIENTED_EDGE('',*,*,#594,.F.);
#228=ORIENTED_EDGE('',*,*,#596,.T.);
#229=ORIENTED_EDGE('',*,*,#597,.F.);
#230=ORIENTED_EDGE('',*,*,#525,.T.);
#231=ORIENTED_EDGE('',*,*,#595,.F.);
#232=ORIENTED_EDGE('',*,*,#598,.T.);
#233=ORIENTED_EDGE('',*,*,#599,.F.);
#234=ORIENTED_EDGE('',*,*,#526,.T.);
#235=ORIENTED_EDGE('',*,*,#597,.T.);
#236=ORIENTED_EDGE('',*,*,#600,.T.);
#237=ORIENTED_EDGE('',*,*,#601,.F.);
#238=ORIENTED_EDGE('',*,*,#602,.F.);
#239=ORIENTED_EDGE('',*,*,#527,.T.);
#240=ORIENTED_EDGE('',*,*,#599,.T.);
#241=ORIENTED_EDGE('',*,*,#603,.F.);
#242=ORIENTED_EDGE('',*,*,#604,.F.);
#243=ORIENTED_EDGE('',*,*,#528,.F.);
#244=ORIENTED_EDGE('',*,*,#602,.T.);
#245=ORIENTED_EDGE('',*,*,#604,.T.);
#246=ORIENTED_EDGE('',*,*,#605,.F.);
#247=ORIENTED_EDGE('',*,*,#606,.T.);
#248=ORIENTED_EDGE('',*,*,#529,.F.);
#249=ORIENTED_EDGE('',*,*,#606,.F.);
#250=ORIENTED_EDGE('',*,*,#607,.F.);
#251=ORIENTED_EDGE('',*,*,#608,.T.);
#252=ORIENTED_EDGE('',*,*,#530,.T.);
#253=ORIENTED_EDGE('',*,*,#609,.F.);
#254=ORIENTED_EDGE('',*,*,#610,.F.);
#255=ORIENTED_EDGE('',*,*,#531,.F.);
#256=ORIENTED_EDGE('',*,*,#608,.F.);
#257=ORIENTED_EDGE('',*,*,#611,.F.);
#258=ORIENTED_EDGE('',*,*,#532,.F.);
#259=ORIENTED_EDGE('',*,*,#610,.T.);
#260=ORIENTED_EDGE('',*,*,#612,.T.);
#261=ORIENTED_EDGE('',*,*,#613,.F.);
#262=ORIENTED_EDGE('',*,*,#614,.T.);
#263=ORIENTED_EDGE('',*,*,#533,.F.);
#264=ORIENTED_EDGE('',*,*,#611,.T.);
#265=ORIENTED_EDGE('',*,*,#615,.T.);
#266=ORIENTED_EDGE('',*,*,#616,.F.);
#267=ORIENTED_EDGE('',*,*,#617,.T.);
#268=ORIENTED_EDGE('',*,*,#618,.T.);
#269=ORIENTED_EDGE('',*,*,#535,.F.);
#270=ORIENTED_EDGE('',*,*,#619,.T.);
#271=ORIENTED_EDGE('',*,*,#508,.T.);
#272=ORIENTED_EDGE('',*,*,#620,.T.);
#273=ORIENTED_EDGE('',*,*,#621,.T.);
#274=ORIENTED_EDGE('',*,*,#564,.F.);
#275=ORIENTED_EDGE('',*,*,#615,.F.);
#276=ORIENTED_EDGE('',*,*,#622,.T.);
#277=ORIENTED_EDGE('',*,*,#613,.T.);
#278=ORIENTED_EDGE('',*,*,#612,.F.);
#279=ORIENTED_EDGE('',*,*,#609,.T.);
#280=ORIENTED_EDGE('',*,*,#607,.T.);
#281=ORIENTED_EDGE('',*,*,#605,.T.);
#282=ORIENTED_EDGE('',*,*,#603,.T.);
#283=ORIENTED_EDGE('',*,*,#601,.T.);
#284=ORIENTED_EDGE('',*,*,#600,.F.);
#285=ORIENTED_EDGE('',*,*,#598,.F.);
#286=ORIENTED_EDGE('',*,*,#596,.F.);
#287=ORIENTED_EDGE('',*,*,#593,.F.);
#288=ORIENTED_EDGE('',*,*,#591,.T.);
#289=ORIENTED_EDGE('',*,*,#589,.F.);
#290=ORIENTED_EDGE('',*,*,#588,.T.);
#291=ORIENTED_EDGE('',*,*,#586,.F.);
#292=ORIENTED_EDGE('',*,*,#583,.T.);
#293=ORIENTED_EDGE('',*,*,#581,.T.);
#294=ORIENTED_EDGE('',*,*,#579,.T.);
#295=ORIENTED_EDGE('',*,*,#577,.T.);
#296=ORIENTED_EDGE('',*,*,#575,.F.);
#297=ORIENTED_EDGE('',*,*,#573,.F.);
#298=ORIENTED_EDGE('',*,*,#572,.F.);
#299=ORIENTED_EDGE('',*,*,#570,.F.);
#300=ORIENTED_EDGE('',*,*,#567,.F.);
#301=ORIENTED_EDGE('',*,*,#565,.T.);
#302=ORIENTED_EDGE('',*,*,#621,.F.);
#303=ORIENTED_EDGE('',*,*,#623,.T.);
#304=ORIENTED_EDGE('',*,*,#624,.T.);
#305=ORIENTED_EDGE('',*,*,#625,.T.);
#306=ORIENTED_EDGE('',*,*,#626,.F.);
#307=ORIENTED_EDGE('',*,*,#627,.T.);
#308=ORIENTED_EDGE('',*,*,#628,.T.);
#309=ORIENTED_EDGE('',*,*,#629,.F.);
#310=ORIENTED_EDGE('',*,*,#630,.T.);
#311=ORIENTED_EDGE('',*,*,#631,.F.);
#312=ORIENTED_EDGE('',*,*,#632,.T.);
#313=ORIENTED_EDGE('',*,*,#633,.F.);
#314=ORIENTED_EDGE('',*,*,#634,.F.);
#315=ORIENTED_EDGE('',*,*,#635,.T.);
#316=ORIENTED_EDGE('',*,*,#636,.F.);
#317=ORIENTED_EDGE('',*,*,#637,.T.);
#318=ORIENTED_EDGE('',*,*,#638,.F.);
#319=ORIENTED_EDGE('',*,*,#557,.F.);
#320=ORIENTED_EDGE('',*,*,#639,.T.);
#321=ORIENTED_EDGE('',*,*,#640,.F.);
#322=ORIENTED_EDGE('',*,*,#641,.T.);
#323=ORIENTED_EDGE('',*,*,#642,.T.);
#324=ORIENTED_EDGE('',*,*,#555,.F.);
#325=ORIENTED_EDGE('',*,*,#643,.T.);
#326=ORIENTED_EDGE('',*,*,#540,.F.);
#327=ORIENTED_EDGE('',*,*,#644,.T.);
#328=ORIENTED_EDGE('',*,*,#645,.F.);
#329=ORIENTED_EDGE('',*,*,#646,.F.);
#330=ORIENTED_EDGE('',*,*,#647,.T.);
#331=ORIENTED_EDGE('',*,*,#553,.T.);
#332=ORIENTED_EDGE('',*,*,#625,.F.);
#333=ORIENTED_EDGE('',*,*,#648,.F.);
#334=ORIENTED_EDGE('',*,*,#649,.T.);
#335=ORIENTED_EDGE('',*,*,#650,.F.);
#336=ORIENTED_EDGE('',*,*,#651,.T.);
#337=ORIENTED_EDGE('',*,*,#652,.T.);
#338=ORIENTED_EDGE('',*,*,#641,.F.);
#339=ORIENTED_EDGE('',*,*,#653,.T.);
#340=ORIENTED_EDGE('',*,*,#646,.T.);
#341=ORIENTED_EDGE('',*,*,#654,.F.);
#342=ORIENTED_EDGE('',*,*,#649,.F.);
#343=ORIENTED_EDGE('',*,*,#655,.F.);
#344=ORIENTED_EDGE('',*,*,#656,.T.);
#345=ORIENTED_EDGE('',*,*,#657,.F.);
#346=ORIENTED_EDGE('',*,*,#629,.T.);
#347=ORIENTED_EDGE('',*,*,#658,.T.);
#348=ORIENTED_EDGE('',*,*,#631,.T.);
#349=ORIENTED_EDGE('',*,*,#659,.F.);
#350=ORIENTED_EDGE('',*,*,#635,.F.);
#351=ORIENTED_EDGE('',*,*,#660,.F.);
#352=ORIENTED_EDGE('',*,*,#637,.F.);
#353=ORIENTED_EDGE('',*,*,#640,.T.);
#354=ORIENTED_EDGE('',*,*,#661,.T.);
#355=ORIENTED_EDGE('',*,*,#651,.F.);
#356=ORIENTED_EDGE('',*,*,#636,.T.);
#357=ORIENTED_EDGE('',*,*,#662,.T.);
#358=ORIENTED_EDGE('',*,*,#633,.T.);
#359=ORIENTED_EDGE('',*,*,#659,.T.);
#360=ORIENTED_EDGE('',*,*,#630,.F.);
#361=ORIENTED_EDGE('',*,*,#663,.F.);
#362=ORIENTED_EDGE('',*,*,#627,.F.);
#363=ORIENTED_EDGE('',*,*,#657,.T.);
#364=ORIENTED_EDGE('',*,*,#664,.T.);
#365=ORIENTED_EDGE('',*,*,#665,.T.);
#366=ORIENTED_EDGE('',*,*,#558,.F.);
#367=ORIENTED_EDGE('',*,*,#665,.F.);
#368=ORIENTED_EDGE('',*,*,#666,.T.);
#369=ORIENTED_EDGE('',*,*,#559,.F.);
#370=ORIENTED_EDGE('',*,*,#505,.T.);
#371=ORIENTED_EDGE('',*,*,#667,.T.);
#372=ORIENTED_EDGE('',*,*,#562,.F.);
#373=ORIENTED_EDGE('',*,*,#668,.F.);
#374=ORIENTED_EDGE('',*,*,#624,.F.);
#375=ORIENTED_EDGE('',*,*,#669,.T.);
#376=ORIENTED_EDGE('',*,*,#506,.F.);
#377=ORIENTED_EDGE('',*,*,#668,.T.);
#378=ORIENTED_EDGE('',*,*,#561,.F.);
#379=ORIENTED_EDGE('',*,*,#670,.T.);
#380=ORIENTED_EDGE('',*,*,#655,.T.);
#381=ORIENTED_EDGE('',*,*,#648,.T.);
#382=ORIENTED_EDGE('',*,*,#656,.F.);
#383=ORIENTED_EDGE('',*,*,#670,.F.);
#384=ORIENTED_EDGE('',*,*,#560,.F.);
#385=ORIENTED_EDGE('',*,*,#666,.F.);
#386=ORIENTED_EDGE('',*,*,#664,.F.);
#387=ORIENTED_EDGE('',*,*,#534,.F.);
#388=ORIENTED_EDGE('',*,*,#614,.F.);
#389=ORIENTED_EDGE('',*,*,#622,.F.);
#390=ORIENTED_EDGE('',*,*,#619,.F.);
#391=ORIENTED_EDGE('',*,*,#653,.F.);
#392=ORIENTED_EDGE('',*,*,#643,.F.);
#393=ORIENTED_EDGE('',*,*,#554,.F.);
#394=ORIENTED_EDGE('',*,*,#647,.F.);
#395=ORIENTED_EDGE('',*,*,#556,.F.);
#396=ORIENTED_EDGE('',*,*,#642,.F.);
#397=ORIENTED_EDGE('',*,*,#652,.F.);
#398=ORIENTED_EDGE('',*,*,#661,.F.);
#399=ORIENTED_EDGE('',*,*,#639,.F.);
#400=ORIENTED_EDGE('',*,*,#507,.F.);
#401=ORIENTED_EDGE('',*,*,#669,.F.);
#402=ORIENTED_EDGE('',*,*,#623,.F.);
#403=ORIENTED_EDGE('',*,*,#620,.F.);
#404=ORIENTED_EDGE('',*,*,#671,.F.);
#405=ORIENTED_EDGE('',*,*,#672,.T.);
#406=ORIENTED_EDGE('',*,*,#673,.T.);
#407=ORIENTED_EDGE('',*,*,#674,.T.);
#408=ORIENTED_EDGE('',*,*,#675,.F.);
#409=ORIENTED_EDGE('',*,*,#676,.T.);
#410=ORIENTED_EDGE('',*,*,#677,.F.);
#411=ORIENTED_EDGE('',*,*,#678,.T.);
#412=ORIENTED_EDGE('',*,*,#679,.T.);
#413=ORIENTED_EDGE('',*,*,#680,.T.);
#414=ORIENTED_EDGE('',*,*,#681,.F.);
#415=ORIENTED_EDGE('',*,*,#682,.T.);
#416=ORIENTED_EDGE('',*,*,#538,.F.);
#417=ORIENTED_EDGE('',*,*,#683,.T.);
#418=ORIENTED_EDGE('',*,*,#684,.T.);
#419=ORIENTED_EDGE('',*,*,#543,.T.);
#420=ORIENTED_EDGE('',*,*,#542,.T.);
#421=ORIENTED_EDGE('',*,*,#552,.F.);
#422=ORIENTED_EDGE('',*,*,#544,.F.);
#423=ORIENTED_EDGE('',*,*,#684,.F.);
#424=ORIENTED_EDGE('',*,*,#638,.T.);
#425=ORIENTED_EDGE('',*,*,#660,.T.);
#426=ORIENTED_EDGE('',*,*,#634,.T.);
#427=ORIENTED_EDGE('',*,*,#662,.F.);
#428=ORIENTED_EDGE('',*,*,#685,.T.);
#429=ORIENTED_EDGE('',*,*,#547,.T.);
#430=ORIENTED_EDGE('',*,*,#546,.T.);
#431=ORIENTED_EDGE('',*,*,#551,.T.);
#432=ORIENTED_EDGE('',*,*,#548,.F.);
#433=ORIENTED_EDGE('',*,*,#685,.F.);
#434=ORIENTED_EDGE('',*,*,#628,.F.);
#435=ORIENTED_EDGE('',*,*,#663,.T.);
#436=ORIENTED_EDGE('',*,*,#632,.F.);
#437=ORIENTED_EDGE('',*,*,#658,.F.);
#438=ORIENTED_EDGE('',*,*,#499,.T.);
#439=ORIENTED_EDGE('',*,*,#686,.T.);
#440=ORIENTED_EDGE('',*,*,#675,.T.);
#441=ORIENTED_EDGE('',*,*,#687,.T.);
#442=ORIENTED_EDGE('',*,*,#671,.T.);
#443=ORIENTED_EDGE('',*,*,#688,.T.);
#444=ORIENTED_EDGE('',*,*,#503,.T.);
#445=ORIENTED_EDGE('',*,*,#689,.T.);
#446=ORIENTED_EDGE('',*,*,#618,.F.);
#447=ORIENTED_EDGE('',*,*,#690,.T.);
#448=ORIENTED_EDGE('',*,*,#679,.F.);
#449=ORIENTED_EDGE('',*,*,#691,.F.);
#450=ORIENTED_EDGE('',*,*,#536,.F.);
#451=ORIENTED_EDGE('',*,*,#690,.F.);
#452=ORIENTED_EDGE('',*,*,#617,.F.);
#453=ORIENTED_EDGE('',*,*,#692,.F.);
#454=ORIENTED_EDGE('',*,*,#680,.F.);
#455=ORIENTED_EDGE('',*,*,#539,.F.);
#456=ORIENTED_EDGE('',*,*,#682,.F.);
#457=ORIENTED_EDGE('',*,*,#693,.F.);
#458=ORIENTED_EDGE('',*,*,#644,.F.);
#459=ORIENTED_EDGE('',*,*,#681,.T.);
#460=ORIENTED_EDGE('',*,*,#692,.T.);
#461=ORIENTED_EDGE('',*,*,#616,.T.);
#462=ORIENTED_EDGE('',*,*,#626,.T.);
#463=ORIENTED_EDGE('',*,*,#650,.T.);
#464=ORIENTED_EDGE('',*,*,#654,.T.);
#465=ORIENTED_EDGE('',*,*,#645,.T.);
#466=ORIENTED_EDGE('',*,*,#693,.T.);
#467=ORIENTED_EDGE('',*,*,#677,.T.);
#468=ORIENTED_EDGE('',*,*,#694,.T.);
#469=ORIENTED_EDGE('',*,*,#497,.F.);
#470=ORIENTED_EDGE('',*,*,#695,.T.);
#471=ORIENTED_EDGE('',*,*,#501,.T.);
#472=ORIENTED_EDGE('',*,*,#696,.T.);
#473=ORIENTED_EDGE('',*,*,#673,.F.);
#474=ORIENTED_EDGE('',*,*,#697,.T.);
#475=ORIENTED_EDGE('',*,*,#537,.F.);
#476=ORIENTED_EDGE('',*,*,#691,.T.);
#477=ORIENTED_EDGE('',*,*,#678,.F.);
#478=ORIENTED_EDGE('',*,*,#695,.F.);
#479=ORIENTED_EDGE('',*,*,#563,.F.);
#480=ORIENTED_EDGE('',*,*,#667,.F.);
#481=ORIENTED_EDGE('',*,*,#504,.F.);
#482=ORIENTED_EDGE('',*,*,#688,.F.);
#483=ORIENTED_EDGE('',*,*,#683,.F.);
#484=ORIENTED_EDGE('',*,*,#550,.F.);
#485=ORIENTED_EDGE('',*,*,#672,.F.);
#486=ORIENTED_EDGE('',*,*,#689,.F.);
#487=ORIENTED_EDGE('',*,*,#502,.F.);
#488=ORIENTED_EDGE('',*,*,#697,.F.);
#489=ORIENTED_EDGE('',*,*,#674,.F.);
#490=ORIENTED_EDGE('',*,*,#696,.F.);
#491=ORIENTED_EDGE('',*,*,#500,.F.);
#492=ORIENTED_EDGE('',*,*,#687,.F.);
#493=ORIENTED_EDGE('',*,*,#498,.F.);
#494=ORIENTED_EDGE('',*,*,#694,.F.);
#495=ORIENTED_EDGE('',*,*,#676,.F.);
#496=ORIENTED_EDGE('',*,*,#686,.F.);
#497=EDGE_CURVE('',#698,#699,#832,.T.);
#498=EDGE_CURVE('',#699,#700,#77,.F.);
#499=EDGE_CURVE('',#701,#700,#833,.T.);
#500=EDGE_CURVE('',#701,#702,#56,.F.);
#501=EDGE_CURVE('',#703,#702,#834,.T.);
#502=EDGE_CURVE('',#703,#704,#57,.F.);
#503=EDGE_CURVE('',#705,#704,#835,.T.);
#504=EDGE_CURVE('',#705,#706,#58,.F.);
#505=EDGE_CURVE('',#707,#706,#836,.T.);
#506=EDGE_CURVE('',#707,#708,#837,.T.);
#507=EDGE_CURVE('',#708,#709,#59,.T.);
#508=EDGE_CURVE('',#710,#709,#838,.T.);
#509=EDGE_CURVE('',#711,#710,#839,.T.);
#510=EDGE_CURVE('',#712,#711,#840,.T.);
#511=EDGE_CURVE('',#712,#713,#841,.T.);
#512=EDGE_CURVE('',#714,#713,#842,.T.);
#513=EDGE_CURVE('',#715,#714,#843,.T.);
#514=EDGE_CURVE('',#715,#716,#60,.T.);
#515=EDGE_CURVE('',#716,#717,#844,.T.);
#516=EDGE_CURVE('',#717,#718,#845,.T.);
#517=EDGE_CURVE('',#719,#718,#846,.T.);
#518=EDGE_CURVE('',#719,#720,#847,.T.);
#519=EDGE_CURVE('',#720,#721,#848,.T.);
#520=EDGE_CURVE('',#721,#722,#849,.T.);
#521=EDGE_CURVE('',#723,#722,#850,.T.);
#522=EDGE_CURVE('',#724,#723,#851,.T.);
#523=EDGE_CURVE('',#725,#724,#852,.T.);
#524=EDGE_CURVE('',#725,#726,#853,.T.);
#525=EDGE_CURVE('',#727,#726,#854,.T.);
#526=EDGE_CURVE('',#728,#727,#855,.T.);
#527=EDGE_CURVE('',#729,#728,#61,.T.);
#528=EDGE_CURVE('',#729,#730,#856,.T.);
#529=EDGE_CURVE('',#730,#731,#857,.T.);
#530=EDGE_CURVE('',#732,#731,#858,.T.);
#531=EDGE_CURVE('',#732,#733,#859,.T.);
#532=EDGE_CURVE('',#733,#734,#860,.T.);
#533=EDGE_CURVE('',#734,#735,#861,.T.);
#534=EDGE_CURVE('',#735,#736,#62,.F.);
#535=EDGE_CURVE('',#736,#737,#862,.T.);
#536=EDGE_CURVE('',#737,#738,#863,.T.);
#537=EDGE_CURVE('',#738,#698,#78,.F.);
#538=EDGE_CURVE('',#739,#740,#864,.T.);
#539=EDGE_CURVE('',#740,#741,#63,.T.);
#540=EDGE_CURVE('',#741,#742,#865,.T.);
#541=EDGE_CURVE('',#743,#742,#866,.T.);
#542=EDGE_CURVE('',#744,#743,#40,.T.);
#543=EDGE_CURVE('',#745,#744,#867,.T.);
#544=EDGE_CURVE('',#745,#746,#41,.T.);
#545=EDGE_CURVE('',#747,#746,#868,.T.);
#546=EDGE_CURVE('',#748,#747,#42,.T.);
#547=EDGE_CURVE('',#749,#748,#869,.T.);
#548=EDGE_CURVE('',#749,#750,#43,.T.);
#549=EDGE_CURVE('',#751,#750,#870,.T.);
#550=EDGE_CURVE('',#751,#739,#871,.T.);
#551=EDGE_CURVE('',#747,#750,#44,.T.);
#552=EDGE_CURVE('',#746,#743,#45,.T.);
#553=EDGE_CURVE('',#752,#742,#872,.T.);
#554=EDGE_CURVE('',#752,#753,#64,.T.);
#555=EDGE_CURVE('',#753,#754,#873,.T.);
#556=EDGE_CURVE('',#754,#755,#79,.T.);
#557=EDGE_CURVE('',#755,#756,#874,.T.);
#558=EDGE_CURVE('',#756,#757,#875,.T.);
#559=EDGE_CURVE('',#757,#758,#876,.T.);
#560=EDGE_CURVE('',#758,#759,#80,.T.);
#561=EDGE_CURVE('',#759,#760,#877,.T.);
#562=EDGE_CURVE('',#760,#761,#878,.T.);
#563=EDGE_CURVE('',#761,#751,#65,.F.);
#564=EDGE_CURVE('',#710,#762,#879,.T.);
#565=EDGE_CURVE('',#763,#762,#880,.T.);
#566=EDGE_CURVE('',#711,#763,#881,.T.);
#567=EDGE_CURVE('',#763,#764,#882,.T.);
#568=EDGE_CURVE('',#764,#712,#883,.T.);
#569=EDGE_CURVE('',#765,#713,#884,.T.);
#570=EDGE_CURVE('',#764,#765,#885,.T.);
#571=EDGE_CURVE('',#714,#766,#886,.T.);
#572=EDGE_CURVE('',#765,#766,#887,.T.);
#573=EDGE_CURVE('',#766,#767,#888,.T.);
#574=EDGE_CURVE('',#715,#767,#889,.F.);
#575=EDGE_CURVE('',#767,#768,#66,.F.);
#576=EDGE_CURVE('',#716,#768,#890,.F.);
#577=EDGE_CURVE('',#769,#768,#891,.T.);
#578=EDGE_CURVE('',#717,#769,#892,.T.);
#579=EDGE_CURVE('',#770,#769,#893,.T.);
#580=EDGE_CURVE('',#770,#718,#894,.T.);
#581=EDGE_CURVE('',#771,#770,#895,.T.);
#582=EDGE_CURVE('',#771,#719,#896,.T.);
#583=EDGE_CURVE('',#772,#771,#897,.T.);
#584=EDGE_CURVE('',#720,#772,#898,.T.);
#585=EDGE_CURVE('',#721,#773,#899,.T.);
#586=EDGE_CURVE('',#772,#773,#900,.T.);
#587=EDGE_CURVE('',#722,#774,#901,.T.);
#588=EDGE_CURVE('',#774,#773,#902,.T.);
#589=EDGE_CURVE('',#774,#775,#903,.T.);
#590=EDGE_CURVE('',#723,#775,#904,.T.);
#591=EDGE_CURVE('',#776,#775,#905,.T.);
#592=EDGE_CURVE('',#724,#776,#906,.T.);
#593=EDGE_CURVE('',#776,#777,#907,.T.);
#594=EDGE_CURVE('',#777,#725,#908,.T.);
#595=EDGE_CURVE('',#778,#726,#909,.T.);
#596=EDGE_CURVE('',#777,#778,#910,.T.);
#597=EDGE_CURVE('',#727,#779,#911,.T.);
#598=EDGE_CURVE('',#778,#779,#912,.T.);
#599=EDGE_CURVE('',#728,#780,#913,.F.);
#600=EDGE_CURVE('',#779,#780,#914,.T.);
#601=EDGE_CURVE('',#781,#780,#67,.F.);
#602=EDGE_CURVE('',#729,#781,#915,.F.);
#603=EDGE_CURVE('',#782,#781,#916,.T.);
#604=EDGE_CURVE('',#730,#782,#917,.T.);
#605=EDGE_CURVE('',#783,#782,#918,.T.);
#606=EDGE_CURVE('',#783,#731,#919,.T.);
#607=EDGE_CURVE('',#784,#783,#920,.T.);
#608=EDGE_CURVE('',#784,#732,#921,.T.);
#609=EDGE_CURVE('',#785,#784,#922,.T.);
#610=EDGE_CURVE('',#733,#785,#923,.T.);
#611=EDGE_CURVE('',#734,#786,#924,.T.);
#612=EDGE_CURVE('',#785,#786,#925,.T.);
#613=EDGE_CURVE('',#787,#786,#926,.T.);
#614=EDGE_CURVE('',#787,#735,#927,.F.);
#615=EDGE_CURVE('',#788,#789,#928,.T.);
#616=EDGE_CURVE('',#790,#789,#929,.T.);
#617=EDGE_CURVE('',#790,#791,#930,.F.);
#618=EDGE_CURVE('',#791,#737,#931,.T.);
#619=EDGE_CURVE('',#736,#788,#932,.T.);
#620=EDGE_CURVE('',#709,#792,#933,.T.);
#621=EDGE_CURVE('',#792,#762,#934,.T.);
#622=EDGE_CURVE('',#788,#787,#68,.F.);
#623=EDGE_CURVE('',#792,#793,#69,.T.);
#624=EDGE_CURVE('',#793,#794,#935,.T.);
#625=EDGE_CURVE('',#794,#795,#936,.T.);
#626=EDGE_CURVE('',#789,#795,#937,.T.);
#627=EDGE_CURVE('',#796,#797,#81,.T.);
#628=EDGE_CURVE('',#797,#798,#46,.F.);
#629=EDGE_CURVE('',#796,#798,#82,.T.);
#630=EDGE_CURVE('',#799,#800,#83,.T.);
#631=EDGE_CURVE('',#801,#800,#84,.T.);
#632=EDGE_CURVE('',#801,#799,#47,.F.);
#633=EDGE_CURVE('',#802,#803,#85,.T.);
#634=EDGE_CURVE('',#804,#802,#48,.F.);
#635=EDGE_CURVE('',#804,#803,#86,.T.);
#636=EDGE_CURVE('',#805,#806,#87,.T.);
#637=EDGE_CURVE('',#805,#807,#88,.T.);
#638=EDGE_CURVE('',#806,#807,#49,.F.);
#639=EDGE_CURVE('',#755,#808,#89,.F.);
#640=EDGE_CURVE('',#756,#808,#938,.T.);
#641=EDGE_CURVE('',#809,#810,#939,.T.);
#642=EDGE_CURVE('',#810,#754,#940,.F.);
#643=EDGE_CURVE('',#753,#809,#941,.F.);
#644=EDGE_CURVE('',#741,#811,#942,.T.);
#645=EDGE_CURVE('',#812,#811,#943,.T.);
#646=EDGE_CURVE('',#813,#812,#944,.T.);
#647=EDGE_CURVE('',#813,#752,#945,.T.);
#648=EDGE_CURVE('',#814,#794,#946,.T.);
#649=EDGE_CURVE('',#814,#815,#947,.T.);
#650=EDGE_CURVE('',#795,#815,#948,.T.);
#651=EDGE_CURVE('',#805,#816,#949,.T.);
#652=EDGE_CURVE('',#816,#810,#90,.F.);
#653=EDGE_CURVE('',#809,#813,#70,.F.);
#654=EDGE_CURVE('',#815,#812,#950,.T.);
#655=EDGE_CURVE('',#817,#814,#951,.T.);
#656=EDGE_CURVE('',#817,#818,#91,.F.);
#657=EDGE_CURVE('',#796,#818,#952,.T.);
#658=EDGE_CURVE('',#798,#801,#50,.T.);
#659=EDGE_CURVE('',#803,#800,#953,.T.);
#660=EDGE_CURVE('',#807,#804,#51,.T.);
#661=EDGE_CURVE('',#808,#816,#954,.T.);
#662=EDGE_CURVE('',#806,#802,#52,.T.);
#663=EDGE_CURVE('',#797,#799,#53,.T.);
#664=EDGE_CURVE('',#818,#819,#955,.T.);
#665=EDGE_CURVE('',#819,#757,#956,.T.);
#666=EDGE_CURVE('',#819,#758,#92,.F.);
#667=EDGE_CURVE('',#706,#761,#957,.F.);
#668=EDGE_CURVE('',#707,#760,#958,.T.);
#669=EDGE_CURVE('',#793,#708,#959,.F.);
#670=EDGE_CURVE('',#759,#817,#960,.F.);
#671=EDGE_CURVE('',#820,#821,#961,.T.);
#672=EDGE_CURVE('',#820,#822,#71,.T.);
#673=EDGE_CURVE('',#822,#823,#962,.T.);
#674=EDGE_CURVE('',#823,#824,#72,.T.);
#675=EDGE_CURVE('',#825,#824,#963,.T.);
#676=EDGE_CURVE('',#825,#826,#93,.T.);
#677=EDGE_CURVE('',#827,#826,#964,.T.);
#678=EDGE_CURVE('',#827,#828,#94,.T.);
#679=EDGE_CURVE('',#828,#829,#965,.T.);
#680=EDGE_CURVE('',#829,#830,#966,.T.);
#681=EDGE_CURVE('',#831,#830,#967,.T.);
#682=EDGE_CURVE('',#831,#740,#968,.F.);
#683=EDGE_CURVE('',#739,#821,#73,.T.);
#684=EDGE_CURVE('',#744,#745,#54,.T.);
#685=EDGE_CURVE('',#748,#749,#55,.T.);
#686=EDGE_CURVE('',#700,#825,#969,.T.);
#687=EDGE_CURVE('',#824,#701,#970,.T.);
#688=EDGE_CURVE('',#821,#705,#971,.T.);
#689=EDGE_CURVE('',#704,#820,#972,.T.);
#690=EDGE_CURVE('',#791,#829,#74,.F.);
#691=EDGE_CURVE('',#738,#828,#973,.T.);
#692=EDGE_CURVE('',#830,#790,#75,.T.);
#693=EDGE_CURVE('',#811,#831,#76,.T.);
#694=EDGE_CURVE('',#826,#699,#974,.F.);
#695=EDGE_CURVE('',#698,#827,#975,.T.);
#696=EDGE_CURVE('',#702,#823,#976,.T.);
#697=EDGE_CURVE('',#822,#703,#977,.F.);
#698=VERTEX_POINT('',#1852);
#699=VERTEX_POINT('',#1853);
#700=VERTEX_POINT('',#1855);
#701=VERTEX_POINT('',#1857);
#702=VERTEX_POINT('',#1859);
#703=VERTEX_POINT('',#1861);
#704=VERTEX_POINT('',#1863);
#705=VERTEX_POINT('',#1865);
#706=VERTEX_POINT('',#1867);
#707=VERTEX_POINT('',#1869);
#708=VERTEX_POINT('',#1871);
#709=VERTEX_POINT('',#1873);
#710=VERTEX_POINT('',#1875);
#711=VERTEX_POINT('',#1877);
#712=VERTEX_POINT('',#1879);
#713=VERTEX_POINT('',#1881);
#714=VERTEX_POINT('',#1883);
#715=VERTEX_POINT('',#1885);
#716=VERTEX_POINT('',#1887);
#717=VERTEX_POINT('',#1889);
#718=VERTEX_POINT('',#1891);
#719=VERTEX_POINT('',#1893);
#720=VERTEX_POINT('',#1895);
#721=VERTEX_POINT('',#1897);
#722=VERTEX_POINT('',#1899);
#723=VERTEX_POINT('',#1901);
#724=VERTEX_POINT('',#1903);
#725=VERTEX_POINT('',#1905);
#726=VERTEX_POINT('',#1907);
#727=VERTEX_POINT('',#1909);
#728=VERTEX_POINT('',#1911);
#729=VERTEX_POINT('',#1913);
#730=VERTEX_POINT('',#1915);
#731=VERTEX_POINT('',#1917);
#732=VERTEX_POINT('',#1919);
#733=VERTEX_POINT('',#1921);
#734=VERTEX_POINT('',#1923);
#735=VERTEX_POINT('',#1925);
#736=VERTEX_POINT('',#1927);
#737=VERTEX_POINT('',#1929);
#738=VERTEX_POINT('',#1931);
#739=VERTEX_POINT('',#1935);
#740=VERTEX_POINT('',#1936);
#741=VERTEX_POINT('',#1938);
#742=VERTEX_POINT('',#1940);
#743=VERTEX_POINT('',#1942);
#744=VERTEX_POINT('',#1947);
#745=VERTEX_POINT('',#1949);
#746=VERTEX_POINT('',#1954);
#747=VERTEX_POINT('',#1956);
#748=VERTEX_POINT('',#1961);
#749=VERTEX_POINT('',#1963);
#750=VERTEX_POINT('',#1968);
#751=VERTEX_POINT('',#1970);
#752=VERTEX_POINT('',#1996);
#753=VERTEX_POINT('',#1998);
#754=VERTEX_POINT('',#2000);
#755=VERTEX_POINT('',#2002);
#756=VERTEX_POINT('',#2004);
#757=VERTEX_POINT('',#2006);
#758=VERTEX_POINT('',#2008);
#759=VERTEX_POINT('',#2010);
#760=VERTEX_POINT('',#2012);
#761=VERTEX_POINT('',#2014);
#762=VERTEX_POINT('',#2018);
#763=VERTEX_POINT('',#2020);
#764=VERTEX_POINT('',#2024);
#765=VERTEX_POINT('',#2028);
#766=VERTEX_POINT('',#2032);
#767=VERTEX_POINT('',#2036);
#768=VERTEX_POINT('',#2040);
#769=VERTEX_POINT('',#2044);
#770=VERTEX_POINT('',#2048);
#771=VERTEX_POINT('',#2052);
#772=VERTEX_POINT('',#2056);
#773=VERTEX_POINT('',#2060);
#774=VERTEX_POINT('',#2064);
#775=VERTEX_POINT('',#2068);
#776=VERTEX_POINT('',#2072);
#777=VERTEX_POINT('',#2076);
#778=VERTEX_POINT('',#2080);
#779=VERTEX_POINT('',#2084);
#780=VERTEX_POINT('',#2088);
#781=VERTEX_POINT('',#2092);
#782=VERTEX_POINT('',#2096);
#783=VERTEX_POINT('',#2100);
#784=VERTEX_POINT('',#2104);
#785=VERTEX_POINT('',#2108);
#786=VERTEX_POINT('',#2112);
#787=VERTEX_POINT('',#2116);
#788=VERTEX_POINT('',#2120);
#789=VERTEX_POINT('',#2121);
#790=VERTEX_POINT('',#2123);
#791=VERTEX_POINT('',#2125);
#792=VERTEX_POINT('',#2130);
#793=VERTEX_POINT('',#2135);
#794=VERTEX_POINT('',#2137);
#795=VERTEX_POINT('',#2139);
#796=VERTEX_POINT('',#2143);
#797=VERTEX_POINT('',#2144);
#798=VERTEX_POINT('',#2149);
#799=VERTEX_POINT('',#2153);
#800=VERTEX_POINT('',#2154);
#801=VERTEX_POINT('',#2156);
#802=VERTEX_POINT('',#2163);
#803=VERTEX_POINT('',#2164);
#804=VERTEX_POINT('',#2169);
#805=VERTEX_POINT('',#2173);
#806=VERTEX_POINT('',#2174);
#807=VERTEX_POINT('',#2176);
#808=VERTEX_POINT('',#2183);
#809=VERTEX_POINT('',#2187);
#810=VERTEX_POINT('',#2188);
#811=VERTEX_POINT('',#2193);
#812=VERTEX_POINT('',#2195);
#813=VERTEX_POINT('',#2197);
#814=VERTEX_POINT('',#2201);
#815=VERTEX_POINT('',#2203);
#816=VERTEX_POINT('',#2207);
#817=VERTEX_POINT('',#2212);
#818=VERTEX_POINT('',#2214);
#819=VERTEX_POINT('',#2272);
#820=VERTEX_POINT('',#2289);
#821=VERTEX_POINT('',#2290);
#822=VERTEX_POINT('',#2292);
#823=VERTEX_POINT('',#2294);
#824=VERTEX_POINT('',#2296);
#825=VERTEX_POINT('',#2298);
#826=VERTEX_POINT('',#2300);
#827=VERTEX_POINT('',#2302);
#828=VERTEX_POINT('',#2304);
#829=VERTEX_POINT('',#2306);
#830=VERTEX_POINT('',#2308);
#831=VERTEX_POINT('',#2310);
#832=LINE('',#1851,#978);
#833=LINE('',#1856,#979);
#834=LINE('',#1860,#980);
#835=LINE('',#1864,#981);
#836=LINE('',#1868,#982);
#837=LINE('',#1870,#983);
#838=LINE('',#1874,#984);
#839=LINE('',#1876,#985);
#840=LINE('',#1878,#986);
#841=LINE('',#1880,#987);
#842=LINE('',#1882,#988);
#843=LINE('',#1884,#989);
#844=LINE('',#1888,#990);
#845=LINE('',#1890,#991);
#846=LINE('',#1892,#992);
#847=LINE('',#1894,#993);
#848=LINE('',#1896,#994);
#849=LINE('',#1898,#995);
#850=LINE('',#1900,#996);
#851=LINE('',#1902,#997);
#852=LINE('',#1904,#998);
#853=LINE('',#1906,#999);
#854=LINE('',#1908,#1000);
#855=LINE('',#1910,#1001);
#856=LINE('',#1914,#1002);
#857=LINE('',#1916,#1003);
#858=LINE('',#1918,#1004);
#859=LINE('',#1920,#1005);
#860=LINE('',#1922,#1006);
#861=LINE('',#1924,#1007);
#862=LINE('',#1928,#1008);
#863=LINE('',#1930,#1009);
#864=LINE('',#1934,#1010);
#865=LINE('',#1939,#1011);
#866=LINE('',#1941,#1012);
#867=LINE('',#1948,#1013);
#868=LINE('',#1955,#1014);
#869=LINE('',#1962,#1015);
#870=LINE('',#1969,#1016);
#871=LINE('',#1971,#1017);
#872=LINE('',#1995,#1018);
#873=LINE('',#1999,#1019);
#874=LINE('',#2003,#1020);
#875=LINE('',#2005,#1021);
#876=LINE('',#2007,#1022);
#877=LINE('',#2011,#1023);
#878=LINE('',#2013,#1024);
#879=LINE('',#2017,#1025);
#880=LINE('',#2019,#1026);
#881=LINE('',#2021,#1027);
#882=LINE('',#2023,#1028);
#883=LINE('',#2025,#1029);
#884=LINE('',#2027,#1030);
#885=LINE('',#2029,#1031);
#886=LINE('',#2031,#1032);
#887=LINE('',#2033,#1033);
#888=LINE('',#2035,#1034);
#889=LINE('',#2037,#1035);
#890=LINE('',#2041,#1036);
#891=LINE('',#2043,#1037);
#892=LINE('',#2045,#1038);
#893=LINE('',#2047,#1039);
#894=LINE('',#2049,#1040);
#895=LINE('',#2051,#1041);
#896=LINE('',#2053,#1042);
#897=LINE('',#2055,#1043);
#898=LINE('',#2057,#1044);
#899=LINE('',#2059,#1045);
#900=LINE('',#2061,#1046);
#901=LINE('',#2063,#1047);
#902=LINE('',#2065,#1048);
#903=LINE('',#2067,#1049);
#904=LINE('',#2069,#1050);
#905=LINE('',#2071,#1051);
#906=LINE('',#2073,#1052);
#907=LINE('',#2075,#1053);
#908=LINE('',#2077,#1054);
#909=LINE('',#2079,#1055);
#910=LINE('',#2081,#1056);
#911=LINE('',#2083,#1057);
#912=LINE('',#2085,#1058);
#913=LINE('',#2087,#1059);
#914=LINE('',#2089,#1060);
#915=LINE('',#2093,#1061);
#916=LINE('',#2095,#1062);
#917=LINE('',#2097,#1063);
#918=LINE('',#2099,#1064);
#919=LINE('',#2101,#1065);
#920=LINE('',#2103,#1066);
#921=LINE('',#2105,#1067);
#922=LINE('',#2107,#1068);
#923=LINE('',#2109,#1069);
#924=LINE('',#2111,#1070);
#925=LINE('',#2113,#1071);
#926=LINE('',#2115,#1072);
#927=LINE('',#2117,#1073);
#928=LINE('',#2119,#1074);
#929=LINE('',#2122,#1075);
#930=LINE('',#2124,#1076);
#931=LINE('',#2126,#1077);
#932=LINE('',#2127,#1078);
#933=LINE('',#2129,#1079);
#934=LINE('',#2131,#1080);
#935=LINE('',#2136,#1081);
#936=LINE('',#2138,#1082);
#937=LINE('',#2140,#1083);
#938=LINE('',#2184,#1084);
#939=LINE('',#2186,#1085);
#940=LINE('',#2189,#1086);
#941=LINE('',#2190,#1087);
#942=LINE('',#2192,#1088);
#943=LINE('',#2194,#1089);
#944=LINE('',#2196,#1090);
#945=LINE('',#2198,#1091);
#946=LINE('',#2200,#1092);
#947=LINE('',#2202,#1093);
#948=LINE('',#2204,#1094);
#949=LINE('',#2206,#1095);
#950=LINE('',#2210,#1096);
#951=LINE('',#2211,#1097);
#952=LINE('',#2215,#1098);
#953=LINE('',#2227,#1099);
#954=LINE('',#2240,#1100);
#955=LINE('',#2271,#1101);
#956=LINE('',#2273,#1102);
#957=LINE('',#2277,#1103);
#958=LINE('',#2278,#1104);
#959=LINE('',#2280,#1105);
#960=LINE('',#2281,#1106);
#961=LINE('',#2288,#1107);
#962=LINE('',#2293,#1108);
#963=LINE('',#2297,#1109);
#964=LINE('',#2301,#1110);
#965=LINE('',#2305,#1111);
#966=LINE('',#2307,#1112);
#967=LINE('',#2309,#1113);
#968=LINE('',#2311,#1114);
#969=LINE('',#2870,#1115);
#970=LINE('',#2871,#1116);
#971=LINE('',#2873,#1117);
#972=LINE('',#2874,#1118);
#973=LINE('',#2877,#1119);
#974=LINE('',#2884,#1120);
#975=LINE('',#2885,#1121);
#976=LINE('',#2887,#1122);
#977=LINE('',#2888,#1123);
#978=VECTOR('',#1497,1000.);
#979=VECTOR('',#1500,1000.);
#980=VECTOR('',#1503,1000.);
#981=VECTOR('',#1506,1000.);
#982=VECTOR('',#1509,1000.);
#983=VECTOR('',#1510,1000.);
#984=VECTOR('',#1513,1000.);
#985=VECTOR('',#1514,1000.);
#986=VECTOR('',#1515,1000.);
#987=VECTOR('',#1516,1000.);
#988=VECTOR('',#1517,1000.);
#989=VECTOR('',#1518,1000.);
#990=VECTOR('',#1521,1000.);
#991=VECTOR('',#1522,1000.);
#992=VECTOR('',#1523,1000.);
#993=VECTOR('',#1524,1000.);
#994=VECTOR('',#1525,1000.);
#995=VECTOR('',#1526,1000.);
#996=VECTOR('',#1527,1000.);
#997=VECTOR('',#1528,1000.);
#998=VECTOR('',#1529,1000.);
#999=VECTOR('',#1530,1000.);
#1000=VECTOR('',#1531,1000.);
#1001=VECTOR('',#1532,1000.);
#1002=VECTOR('',#1535,1000.);
#1003=VECTOR('',#1536,1000.);
#1004=VECTOR('',#1537,1000.);
#1005=VECTOR('',#1538,1000.);
#1006=VECTOR('',#1539,1000.);
#1007=VECTOR('',#1540,1000.);
#1008=VECTOR('',#1543,1000.);
#1009=VECTOR('',#1544,1000.);
#1010=VECTOR('',#1549,1000.);
#1011=VECTOR('',#1552,1000.);
#1012=VECTOR('',#1553,1000.);
#1013=VECTOR('',#1554,1000.);
#1014=VECTOR('',#1555,1000.);
#1015=VECTOR('',#1556,1000.);
#1016=VECTOR('',#1557,1000.);
#1017=VECTOR('',#1558,1000.);
#1018=VECTOR('',#1561,1000.);
#1019=VECTOR('',#1564,1000.);
#1020=VECTOR('',#1567,1000.);
#1021=VECTOR('',#1568,1000.);
#1022=VECTOR('',#1569,1000.);
#1023=VECTOR('',#1572,1000.);
#1024=VECTOR('',#1573,1000.);
#1025=VECTOR('',#1578,1000.);
#1026=VECTOR('',#1579,1000.);
#1027=VECTOR('',#1580,1000.);
#1028=VECTOR('',#1583,1000.);
#1029=VECTOR('',#1584,1000.);
#1030=VECTOR('',#1587,1000.);
#1031=VECTOR('',#1588,1000.);
#1032=VECTOR('',#1591,1000.);
#1033=VECTOR('',#1592,1000.);
#1034=VECTOR('',#1595,1000.);
#1035=VECTOR('',#1596,1000.);
#1036=VECTOR('',#1601,1000.);
#1037=VECTOR('',#1604,1000.);
#1038=VECTOR('',#1605,1000.);
#1039=VECTOR('',#1608,1000.);
#1040=VECTOR('',#1609,1000.);
#1041=VECTOR('',#1612,1000.);
#1042=VECTOR('',#1613,1000.);
#1043=VECTOR('',#1616,1000.);
#1044=VECTOR('',#1617,1000.);
#1045=VECTOR('',#1620,1000.);
#1046=VECTOR('',#1621,1000.);
#1047=VECTOR('',#1624,1000.);
#1048=VECTOR('',#1625,1000.);
#1049=VECTOR('',#1628,1000.);
#1050=VECTOR('',#1629,1000.);
#1051=VECTOR('',#1632,1000.);
#1052=VECTOR('',#1633,1000.);
#1053=VECTOR('',#1636,1000.);
#1054=VECTOR('',#1637,1000.);
#1055=VECTOR('',#1640,1000.);
#1056=VECTOR('',#1641,1000.);
#1057=VECTOR('',#1644,1000.);
#1058=VECTOR('',#1645,1000.);
#1059=VECTOR('',#1648,1000.);
#1060=VECTOR('',#1649,1000.);
#1061=VECTOR('',#1654,1000.);
#1062=VECTOR('',#1657,1000.);
#1063=VECTOR('',#1658,1000.);
#1064=VECTOR('',#1661,1000.);
#1065=VECTOR('',#1662,1000.);
#1066=VECTOR('',#1665,1000.);
#1067=VECTOR('',#1666,1000.);
#1068=VECTOR('',#1669,1000.);
#1069=VECTOR('',#1670,1000.);
#1070=VECTOR('',#1673,1000.);
#1071=VECTOR('',#1674,1000.);
#1072=VECTOR('',#1677,1000.);
#1073=VECTOR('',#1678,1000.);
#1074=VECTOR('',#1681,1000.);
#1075=VECTOR('',#1682,1000.);
#1076=VECTOR('',#1683,1000.);
#1077=VECTOR('',#1684,1000.);
#1078=VECTOR('',#1685,1000.);
#1079=VECTOR('',#1688,1000.);
#1080=VECTOR('',#1689,1000.);
#1081=VECTOR('',#1696,1000.);
#1082=VECTOR('',#1697,1000.);
#1083=VECTOR('',#1698,1000.);
#1084=VECTOR('',#1727,1000.);
#1085=VECTOR('',#1730,1000.);
#1086=VECTOR('',#1731,1000.);
#1087=VECTOR('',#1732,1000.);
#1088=VECTOR('',#1735,1000.);
#1089=VECTOR('',#1736,1000.);
#1090=VECTOR('',#1737,1000.);
#1091=VECTOR('',#1738,1000.);
#1092=VECTOR('',#1741,1000.);
#1093=VECTOR('',#1742,1000.);
#1094=VECTOR('',#1743,1000.);
#1095=VECTOR('',#1746,1000.);
#1096=VECTOR('',#1751,1000.);
#1097=VECTOR('',#1752,1000.);
#1098=VECTOR('',#1755,1000.);
#1099=VECTOR('',#1756,1000.);
#1100=VECTOR('',#1759,1000.);
#1101=VECTOR('',#1760,1000.);
#1102=VECTOR('',#1761,1000.);
#1103=VECTOR('',#1768,1000.);
#1104=VECTOR('',#1769,1000.);
#1105=VECTOR('',#1772,1000.);
#1106=VECTOR('',#1773,1000.);
#1107=VECTOR('',#1786,1000.);
#1108=VECTOR('',#1789,1000.);
#1109=VECTOR('',#1792,1000.);
#1110=VECTOR('',#1795,1000.);
#1111=VECTOR('',#1798,1000.);
#1112=VECTOR('',#1799,1000.);
#1113=VECTOR('',#1800,1000.);
#1114=VECTOR('',#1801,1000.);
#1115=VECTOR('',#1810,1000.);
#1116=VECTOR('',#1811,1000.);
#1117=VECTOR('',#1814,1000.);
#1118=VECTOR('',#1815,1000.);
#1119=VECTOR('',#1820,1000.);
#1120=VECTOR('',#1833,1000.);
#1121=VECTOR('',#1834,1000.);
#1122=VECTOR('',#1837,1000.);
#1123=VECTOR('',#1838,1000.);
#1124=EDGE_LOOP('',(#95,#96,#97,#98,#99,#100,#101,#102,#103,#104,#105,#106,
#107,#108,#109,#110,#111,#112,#113,#114,#115,#116,#117,#118,#119,#120,#121,
#122,#123,#124,#125,#126,#127,#128,#129,#130,#131,#132,#133,#134,#135));
#1125=EDGE_LOOP('',(#136,#137,#138,#139,#140,#141,#142,#143,#144,#145,#146,
#147,#148));
#1126=EDGE_LOOP('',(#149,#150,#151,#152,#153,#154,#155,#156,#157,#158,#159,
#160,#161,#162,#163,#164));
#1127=EDGE_LOOP('',(#165,#166,#167,#168));
#1128=EDGE_LOOP('',(#169,#170,#171,#172));
#1129=EDGE_LOOP('',(#173,#174,#175,#176));
#1130=EDGE_LOOP('',(#177,#178,#179,#180));
#1131=EDGE_LOOP('',(#181,#182,#183,#184));
#1132=EDGE_LOOP('',(#185,#186,#187,#188));
#1133=EDGE_LOOP('',(#189,#190,#191,#192));
#1134=EDGE_LOOP('',(#193,#194,#195,#196));
#1135=EDGE_LOOP('',(#197,#198,#199,#200));
#1136=EDGE_LOOP('',(#201,#202,#203,#204));
#1137=EDGE_LOOP('',(#205,#206,#207,#208));
#1138=EDGE_LOOP('',(#209,#210,#211,#212));
#1139=EDGE_LOOP('',(#213,#214,#215,#216));
#1140=EDGE_LOOP('',(#217,#218,#219,#220));
#1141=EDGE_LOOP('',(#221,#222,#223,#224));
#1142=EDGE_LOOP('',(#225,#226,#227,#228));
#1143=EDGE_LOOP('',(#229,#230,#231,#232));
#1144=EDGE_LOOP('',(#233,#234,#235,#236));
#1145=EDGE_LOOP('',(#237,#238,#239,#240));
#1146=EDGE_LOOP('',(#241,#242,#243,#244));
#1147=EDGE_LOOP('',(#245,#246,#247,#248));
#1148=EDGE_LOOP('',(#249,#250,#251,#252));
#1149=EDGE_LOOP('',(#253,#254,#255,#256));
#1150=EDGE_LOOP('',(#257,#258,#259,#260));
#1151=EDGE_LOOP('',(#261,#262,#263,#264));
#1152=EDGE_LOOP('',(#265,#266,#267,#268,#269,#270));
#1153=EDGE_LOOP('',(#271,#272,#273,#274));
#1154=EDGE_LOOP('',(#275,#276,#277,#278,#279,#280,#281,#282,#283,#284,#285,
#286,#287,#288,#289,#290,#291,#292,#293,#294,#295,#296,#297,#298,#299,#300,
#301,#302,#303,#304,#305,#306));
#1155=EDGE_LOOP('',(#307,#308,#309));
#1156=EDGE_LOOP('',(#310,#311,#312));
#1157=EDGE_LOOP('',(#313,#314,#315));
#1158=EDGE_LOOP('',(#316,#317,#318));
#1159=EDGE_LOOP('',(#319,#320,#321));
#1160=EDGE_LOOP('',(#322,#323,#324,#325));
#1161=EDGE_LOOP('',(#326,#327,#328,#329,#330,#331));
#1162=EDGE_LOOP('',(#332,#333,#334,#335));
#1163=EDGE_LOOP('',(#336,#337,#338,#339,#340,#341,#342,#343,#344,#345,#346,
#347,#348,#349,#350,#351,#352));
#1164=EDGE_LOOP('',(#353,#354,#355,#356,#357,#358,#359,#360,#361,#362,#363,
#364,#365,#366));
#1165=EDGE_LOOP('',(#367,#368,#369));
#1166=EDGE_LOOP('',(#370,#371,#372,#373));
#1167=EDGE_LOOP('',(#374,#375,#376,#377,#378,#379,#380,#381));
#1168=EDGE_LOOP('',(#382,#383,#384,#385,#386));
#1169=EDGE_LOOP('',(#387,#388,#389,#390));
#1170=EDGE_LOOP('',(#391,#392,#393,#394));
#1171=EDGE_LOOP('',(#395,#396,#397,#398,#399));
#1172=EDGE_LOOP('',(#400,#401,#402,#403));
#1173=EDGE_LOOP('',(#404,#405,#406,#407,#408,#409,#410,#411,#412,#413,#414,
#415,#416,#417));
#1174=EDGE_LOOP('',(#418,#419));
#1175=EDGE_LOOP('',(#420,#421,#422,#423));
#1176=EDGE_LOOP('',(#424,#425,#426,#427));
#1177=EDGE_LOOP('',(#428,#429));
#1178=EDGE_LOOP('',(#430,#431,#432,#433));
#1179=EDGE_LOOP('',(#434,#435,#436,#437));
#1180=EDGE_LOOP('',(#438,#439,#440,#441));
#1181=EDGE_LOOP('',(#442,#443,#444,#445));
#1182=EDGE_LOOP('',(#446,#447,#448,#449,#450));
#1183=EDGE_LOOP('',(#451,#452,#453,#454));
#1184=EDGE_LOOP('',(#455,#456,#457,#458));
#1185=EDGE_LOOP('',(#459,#460,#461,#462,#463,#464,#465,#466));
#1186=EDGE_LOOP('',(#467,#468,#469,#470));
#1187=EDGE_LOOP('',(#471,#472,#473,#474));
#1188=EDGE_LOOP('',(#475,#476,#477,#478));
#1189=EDGE_LOOP('',(#479,#480,#481,#482,#483,#484));
#1190=EDGE_LOOP('',(#485,#486,#487,#488));
#1191=EDGE_LOOP('',(#489,#490,#491,#492));
#1192=EDGE_LOOP('',(#493,#494,#495,#496));
#1193=FACE_BOUND('',#1124,.T.);
#1194=FACE_BOUND('',#1125,.T.);
#1195=FACE_BOUND('',#1126,.T.);
#1196=FACE_BOUND('',#1127,.T.);
#1197=FACE_BOUND('',#1128,.T.);
#1198=FACE_BOUND('',#1129,.T.);
#1199=FACE_BOUND('',#1130,.T.);
#1200=FACE_BOUND('',#1131,.T.);
#1201=FACE_BOUND('',#1132,.T.);
#1202=FACE_BOUND('',#1133,.T.);
#1203=FACE_BOUND('',#1134,.T.);
#1204=FACE_BOUND('',#1135,.T.);
#1205=FACE_BOUND('',#1136,.T.);
#1206=FACE_BOUND('',#1137,.T.);
#1207=FACE_BOUND('',#1138,.T.);
#1208=FACE_BOUND('',#1139,.T.);
#1209=FACE_BOUND('',#1140,.T.);
#1210=FACE_BOUND('',#1141,.T.);
#1211=FACE_BOUND('',#1142,.T.);
#1212=FACE_BOUND('',#1143,.T.);
#1213=FACE_BOUND('',#1144,.T.);
#1214=FACE_BOUND('',#1145,.T.);
#1215=FACE_BOUND('',#1146,.T.);
#1216=FACE_BOUND('',#1147,.T.);
#1217=FACE_BOUND('',#1148,.T.);
#1218=FACE_BOUND('',#1149,.T.);
#1219=FACE_BOUND('',#1150,.T.);
#1220=FACE_BOUND('',#1151,.T.);
#1221=FACE_BOUND('',#1152,.T.);
#1222=FACE_BOUND('',#1153,.T.);
#1223=FACE_BOUND('',#1154,.T.);
#1224=FACE_BOUND('',#1155,.T.);
#1225=FACE_BOUND('',#1156,.T.);
#1226=FACE_BOUND('',#1157,.T.);
#1227=FACE_BOUND('',#1158,.T.);
#1228=FACE_BOUND('',#1159,.T.);
#1229=FACE_BOUND('',#1160,.T.);
#1230=FACE_BOUND('',#1161,.T.);
#1231=FACE_BOUND('',#1162,.T.);
#1232=FACE_BOUND('',#1163,.T.);
#1233=FACE_BOUND('',#1164,.T.);
#1234=FACE_BOUND('',#1165,.T.);
#1235=FACE_BOUND('',#1166,.T.);
#1236=FACE_BOUND('',#1167,.T.);
#1237=FACE_BOUND('',#1168,.T.);
#1238=FACE_BOUND('',#1169,.T.);
#1239=FACE_BOUND('',#1170,.T.);
#1240=FACE_BOUND('',#1171,.T.);
#1241=FACE_BOUND('',#1172,.T.);
#1242=FACE_BOUND('',#1173,.T.);
#1243=FACE_BOUND('',#1174,.T.);
#1244=FACE_BOUND('',#1175,.T.);
#1245=FACE_BOUND('',#1176,.T.);
#1246=FACE_BOUND('',#1177,.T.);
#1247=FACE_BOUND('',#1178,.T.);
#1248=FACE_BOUND('',#1179,.T.);
#1249=FACE_BOUND('',#1180,.T.);
#1250=FACE_BOUND('',#1181,.T.);
#1251=FACE_BOUND('',#1182,.T.);
#1252=FACE_BOUND('',#1183,.T.);
#1253=FACE_BOUND('',#1184,.T.);
#1254=FACE_BOUND('',#1185,.T.);
#1255=FACE_BOUND('',#1186,.T.);
#1256=FACE_BOUND('',#1187,.T.);
#1257=FACE_BOUND('',#1188,.T.);
#1258=FACE_BOUND('',#1189,.T.);
#1259=FACE_BOUND('',#1190,.T.);
#1260=FACE_BOUND('',#1191,.T.);
#1261=FACE_BOUND('',#1192,.T.);
#1262=PLANE('',#1389);
#1263=PLANE('',#1399);
#1264=PLANE('',#1401);
#1265=PLANE('',#1406);
#1266=PLANE('',#1407);
#1267=PLANE('',#1408);
#1268=PLANE('',#1409);
#1269=PLANE('',#1410);
#1270=PLANE('',#1413);
#1271=PLANE('',#1414);
#1272=PLANE('',#1415);
#1273=PLANE('',#1416);
#1274=PLANE('',#1417);
#1275=PLANE('',#1418);
#1276=PLANE('',#1419);
#1277=PLANE('',#1420);
#1278=PLANE('',#1421);
#1279=PLANE('',#1422);
#1280=PLANE('',#1423);
#1281=PLANE('',#1424);
#1282=PLANE('',#1427);
#1283=PLANE('',#1428);
#1284=PLANE('',#1429);
#1285=PLANE('',#1430);
#1286=PLANE('',#1431);
#1287=PLANE('',#1432);
#1288=PLANE('',#1433);
#1289=PLANE('',#1434);
#1290=PLANE('',#1435);
#1291=PLANE('',#1450);
#1292=PLANE('',#1452);
#1293=PLANE('',#1453);
#1294=PLANE('',#1454);
#1295=PLANE('',#1455);
#1296=PLANE('',#1459);
#1297=PLANE('',#1460);
#1298=PLANE('',#1462);
#1299=PLANE('',#1463);
#1300=PLANE('',#1469);
#1301=PLANE('',#1475);
#1302=PLANE('',#1476);
#1303=PLANE('',#1477);
#1304=PLANE('',#1478);
#1305=PLANE('',#1479);
#1306=PLANE('',#1485);
#1307=PLANE('',#1486);
#1308=PLANE('',#1487);
#1309=ADVANCED_FACE('',(#1193),#1262,.F.);
#1310=ADVANCED_FACE('',(#1194),#1263,.T.);
#1311=ADVANCED_FACE('',(#1195),#1264,.T.);
#1312=ADVANCED_FACE('',(#1196),#1265,.F.);
#1313=ADVANCED_FACE('',(#1197),#1266,.F.);
#1314=ADVANCED_FACE('',(#1198),#1267,.F.);
#1315=ADVANCED_FACE('',(#1199),#1268,.T.);
#1316=ADVANCED_FACE('',(#1200),#1269,.F.);
#1317=ADVANCED_FACE('',(#1201),#22,.F.);
#1318=ADVANCED_FACE('',(#1202),#1270,.T.);
#1319=ADVANCED_FACE('',(#1203),#1271,.T.);
#1320=ADVANCED_FACE('',(#1204),#1272,.F.);
#1321=ADVANCED_FACE('',(#1205),#1273,.F.);
#1322=ADVANCED_FACE('',(#1206),#1274,.F.);
#1323=ADVANCED_FACE('',(#1207),#1275,.T.);
#1324=ADVANCED_FACE('',(#1208),#1276,.T.);
#1325=ADVANCED_FACE('',(#1209),#1277,.F.);
#1326=ADVANCED_FACE('',(#1210),#1278,.F.);
#1327=ADVANCED_FACE('',(#1211),#1279,.F.);
#1328=ADVANCED_FACE('',(#1212),#1280,.T.);
#1329=ADVANCED_FACE('',(#1213),#1281,.T.);
#1330=ADVANCED_FACE('',(#1214),#23,.F.);
#1331=ADVANCED_FACE('',(#1215),#1282,.F.);
#1332=ADVANCED_FACE('',(#1216),#1283,.T.);
#1333=ADVANCED_FACE('',(#1217),#1284,.F.);
#1334=ADVANCED_FACE('',(#1218),#1285,.F.);
#1335=ADVANCED_FACE('',(#1219),#1286,.F.);
#1336=ADVANCED_FACE('',(#1220),#1287,.T.);
#1337=ADVANCED_FACE('',(#1221),#1288,.F.);
#1338=ADVANCED_FACE('',(#1222),#1289,.T.);
#1339=ADVANCED_FACE('',(#1223),#1290,.F.);
#1340=ADVANCED_FACE('',(#1224),#24,.F.);
#1341=ADVANCED_FACE('',(#1225),#25,.F.);
#1342=ADVANCED_FACE('',(#1226),#26,.F.);
#1343=ADVANCED_FACE('',(#1227),#27,.F.);
#1344=ADVANCED_FACE('',(#1228),#1291,.T.);
#1345=ADVANCED_FACE('',(#1229),#1292,.T.);
#1346=ADVANCED_FACE('',(#1230),#1293,.T.);
#1347=ADVANCED_FACE('',(#1231),#1294,.T.);
#1348=ADVANCED_FACE('',(#1232),#1295,.F.);
#1349=ADVANCED_FACE('',(#1233),#1296,.T.);
#1350=ADVANCED_FACE('',(#1234),#1297,.T.);
#1351=ADVANCED_FACE('',(#1235),#1298,.T.);
#1352=ADVANCED_FACE('',(#1236),#1299,.T.);
#1353=ADVANCED_FACE('',(#1237),#28,.T.);
#1354=ADVANCED_FACE('',(#1238),#29,.T.);
#1355=ADVANCED_FACE('',(#1239),#30,.T.);
#1356=ADVANCED_FACE('',(#1240),#31,.T.);
#1357=ADVANCED_FACE('',(#1241),#32,.F.);
#1358=ADVANCED_FACE('',(#1242),#1300,.F.);
#1359=ADVANCED_FACE('',(#1243),#1301,.F.);
#1360=ADVANCED_FACE('',(#1244,#1245),#20,.F.);
#1361=ADVANCED_FACE('',(#1246),#1302,.F.);
#1362=ADVANCED_FACE('',(#1247,#1248),#21,.T.);
#1363=ADVANCED_FACE('',(#1249),#1303,.F.);
#1364=ADVANCED_FACE('',(#1250),#1304,.T.);
#1365=ADVANCED_FACE('',(#1251),#1305,.F.);
#1366=ADVANCED_FACE('',(#1252),#33,.T.);
#1367=ADVANCED_FACE('',(#1253),#34,.T.);
#1368=ADVANCED_FACE('',(#1254),#1306,.T.);
#1369=ADVANCED_FACE('',(#1255),#1307,.T.);
#1370=ADVANCED_FACE('',(#1256),#1308,.F.);
#1371=ADVANCED_FACE('',(#1257),#35,.F.);
#1372=ADVANCED_FACE('',(#1258),#36,.F.);
#1373=ADVANCED_FACE('',(#1259),#37,.F.);
#1374=ADVANCED_FACE('',(#1260),#38,.F.);
#1375=ADVANCED_FACE('',(#1261),#39,.F.);
#1376=CLOSED_SHELL('',(#1309,#1310,#1311,#1312,#1313,#1314,#1315,#1316,
#1317,#1318,#1319,#1320,#1321,#1322,#1323,#1324,#1325,#1326,#1327,#1328,
#1329,#1330,#1331,#1332,#1333,#1334,#1335,#1336,#1337,#1338,#1339,#1340,
#1341,#1342,#1343,#1344,#1345,#1346,#1347,#1348,#1349,#1350,#1351,#1352,
#1353,#1354,#1355,#1356,#1357,#1358,#1359,#1360,#1361,#1362,#1363,#1364,
#1365,#1366,#1367,#1368,#1369,#1370,#1371,#1372,#1373,#1374,#1375));
#1377=STYLED_ITEM('',(#1378),#1385);
#1378=PRESENTATION_STYLE_ASSIGNMENT((#1379));
#1379=SURFACE_STYLE_USAGE(.BOTH.,#1380);
#1380=SURFACE_SIDE_STYLE('',(#1381));
#1381=SURFACE_STYLE_FILL_AREA(#1382);
#1382=FILL_AREA_STYLE('',(#1383));
#1383=FILL_AREA_STYLE_COLOUR('',#1384);
#1384=COLOUR_RGB('',0.506983280181885,0.531564235687256,0.550000011920929);
#1385=MANIFOLD_SOLID_BREP('',#1376);
#1386=SHAPE_DEFINITION_REPRESENTATION(#2900,#1387);
#1387=SHAPE_REPRESENTATION('FlareHolder05WithLip',(#1388),#2895);
#1388=AXIS2_PLACEMENT_3D('',#1849,#1493,#1494);
#1389=AXIS2_PLACEMENT_3D('',#1850,#1495,#1496);
#1390=AXIS2_PLACEMENT_3D('',#1854,#1498,#1499);
#1391=AXIS2_PLACEMENT_3D('',#1858,#1501,#1502);
#1392=AXIS2_PLACEMENT_3D('',#1862,#1504,#1505);
#1393=AXIS2_PLACEMENT_3D('',#1866,#1507,#1508);
#1394=AXIS2_PLACEMENT_3D('',#1872,#1511,#1512);
#1395=AXIS2_PLACEMENT_3D('',#1886,#1519,#1520);
#1396=AXIS2_PLACEMENT_3D('',#1912,#1533,#1534);
#1397=AXIS2_PLACEMENT_3D('',#1926,#1541,#1542);
#1398=AXIS2_PLACEMENT_3D('',#1932,#1545,#1546);
#1399=AXIS2_PLACEMENT_3D('',#1933,#1547,#1548);
#1400=AXIS2_PLACEMENT_3D('',#1937,#1550,#1551);
#1401=AXIS2_PLACEMENT_3D('',#1972,#1559,#1560);
#1402=AXIS2_PLACEMENT_3D('',#1997,#1562,#1563);
#1403=AXIS2_PLACEMENT_3D('',#2001,#1565,#1566);
#1404=AXIS2_PLACEMENT_3D('',#2009,#1570,#1571);
#1405=AXIS2_PLACEMENT_3D('',#2015,#1574,#1575);
#1406=AXIS2_PLACEMENT_3D('',#2016,#1576,#1577);
#1407=AXIS2_PLACEMENT_3D('',#2022,#1581,#1582);
#1408=AXIS2_PLACEMENT_3D('',#2026,#1585,#1586);
#1409=AXIS2_PLACEMENT_3D('',#2030,#1589,#1590);
#1410=AXIS2_PLACEMENT_3D('',#2034,#1593,#1594);
#1411=AXIS2_PLACEMENT_3D('',#2038,#1597,#1598);
#1412=AXIS2_PLACEMENT_3D('',#2039,#1599,#1600);
#1413=AXIS2_PLACEMENT_3D('',#2042,#1602,#1603);
#1414=AXIS2_PLACEMENT_3D('',#2046,#1606,#1607);
#1415=AXIS2_PLACEMENT_3D('',#2050,#1610,#1611);
#1416=AXIS2_PLACEMENT_3D('',#2054,#1614,#1615);
#1417=AXIS2_PLACEMENT_3D('',#2058,#1618,#1619);
#1418=AXIS2_PLACEMENT_3D('',#2062,#1622,#1623);
#1419=AXIS2_PLACEMENT_3D('',#2066,#1626,#1627);
#1420=AXIS2_PLACEMENT_3D('',#2070,#1630,#1631);
#1421=AXIS2_PLACEMENT_3D('',#2074,#1634,#1635);
#1422=AXIS2_PLACEMENT_3D('',#2078,#1638,#1639);
#1423=AXIS2_PLACEMENT_3D('',#2082,#1642,#1643);
#1424=AXIS2_PLACEMENT_3D('',#2086,#1646,#1647);
#1425=AXIS2_PLACEMENT_3D('',#2090,#1650,#1651);
#1426=AXIS2_PLACEMENT_3D('',#2091,#1652,#1653);
#1427=AXIS2_PLACEMENT_3D('',#2094,#1655,#1656);
#1428=AXIS2_PLACEMENT_3D('',#2098,#1659,#1660);
#1429=AXIS2_PLACEMENT_3D('',#2102,#1663,#1664);
#1430=AXIS2_PLACEMENT_3D('',#2106,#1667,#1668);
#1431=AXIS2_PLACEMENT_3D('',#2110,#1671,#1672);
#1432=AXIS2_PLACEMENT_3D('',#2114,#1675,#1676);
#1433=AXIS2_PLACEMENT_3D('',#2118,#1679,#1680);
#1434=AXIS2_PLACEMENT_3D('',#2128,#1686,#1687);
#1435=AXIS2_PLACEMENT_3D('',#2132,#1690,#1691);
#1436=AXIS2_PLACEMENT_3D('',#2133,#1692,#1693);
#1437=AXIS2_PLACEMENT_3D('',#2134,#1694,#1695);
#1438=AXIS2_PLACEMENT_3D('',#2141,#1699,#1700);
#1439=AXIS2_PLACEMENT_3D('',#2142,#1701,#1702);
#1440=AXIS2_PLACEMENT_3D('',#2150,#1703,#1704);
#1441=AXIS2_PLACEMENT_3D('',#2151,#1705,#1706);
#1442=AXIS2_PLACEMENT_3D('',#2152,#1707,#1708);
#1443=AXIS2_PLACEMENT_3D('',#2155,#1709,#1710);
#1444=AXIS2_PLACEMENT_3D('',#2161,#1711,#1712);
#1445=AXIS2_PLACEMENT_3D('',#2162,#1713,#1714);
#1446=AXIS2_PLACEMENT_3D('',#2170,#1715,#1716);
#1447=AXIS2_PLACEMENT_3D('',#2171,#1717,#1718);
#1448=AXIS2_PLACEMENT_3D('',#2172,#1719,#1720);
#1449=AXIS2_PLACEMENT_3D('',#2175,#1721,#1722);
#1450=AXIS2_PLACEMENT_3D('',#2181,#1723,#1724);
#1451=AXIS2_PLACEMENT_3D('',#2182,#1725,#1726);
#1452=AXIS2_PLACEMENT_3D('',#2185,#1728,#1729);
#1453=AXIS2_PLACEMENT_3D('',#2191,#1733,#1734);
#1454=AXIS2_PLACEMENT_3D('',#2199,#1739,#1740);
#1455=AXIS2_PLACEMENT_3D('',#2205,#1744,#1745);
#1456=AXIS2_PLACEMENT_3D('',#2208,#1747,#1748);
#1457=AXIS2_PLACEMENT_3D('',#2209,#1749,#1750);
#1458=AXIS2_PLACEMENT_3D('',#2213,#1753,#1754);
#1459=AXIS2_PLACEMENT_3D('',#2239,#1757,#1758);
#1460=AXIS2_PLACEMENT_3D('',#2274,#1762,#1763);
#1461=AXIS2_PLACEMENT_3D('',#2275,#1764,#1765);
#1462=AXIS2_PLACEMENT_3D('',#2276,#1766,#1767);
#1463=AXIS2_PLACEMENT_3D('',#2279,#1770,#1771);
#1464=AXIS2_PLACEMENT_3D('',#2282,#1774,#1775);
#1465=AXIS2_PLACEMENT_3D('',#2283,#1776,#1777);
#1466=AXIS2_PLACEMENT_3D('',#2284,#1778,#1779);
#1467=AXIS2_PLACEMENT_3D('',#2285,#1780,#1781);
#1468=AXIS2_PLACEMENT_3D('',#2286,#1782,#1783);
#1469=AXIS2_PLACEMENT_3D('',#2287,#1784,#1785);
#1470=AXIS2_PLACEMENT_3D('',#2291,#1787,#1788);
#1471=AXIS2_PLACEMENT_3D('',#2295,#1790,#1791);
#1472=AXIS2_PLACEMENT_3D('',#2299,#1793,#1794);
#1473=AXIS2_PLACEMENT_3D('',#2303,#1796,#1797);
#1474=AXIS2_PLACEMENT_3D('',#2312,#1802,#1803);
#1475=AXIS2_PLACEMENT_3D('',#2313,#1804,#1805);
#1476=AXIS2_PLACEMENT_3D('',#2591,#1806,#1807);
#1477=AXIS2_PLACEMENT_3D('',#2869,#1808,#1809);
#1478=AXIS2_PLACEMENT_3D('',#2872,#1812,#1813);
#1479=AXIS2_PLACEMENT_3D('',#2875,#1816,#1817);
#1480=AXIS2_PLACEMENT_3D('',#2876,#1818,#1819);
#1481=AXIS2_PLACEMENT_3D('',#2878,#1821,#1822);
#1482=AXIS2_PLACEMENT_3D('',#2879,#1823,#1824);
#1483=AXIS2_PLACEMENT_3D('',#2880,#1825,#1826);
#1484=AXIS2_PLACEMENT_3D('',#2881,#1827,#1828);
#1485=AXIS2_PLACEMENT_3D('',#2882,#1829,#1830);
#1486=AXIS2_PLACEMENT_3D('',#2883,#1831,#1832);
#1487=AXIS2_PLACEMENT_3D('',#2886,#1835,#1836);
#1488=AXIS2_PLACEMENT_3D('',#2889,#1839,#1840);
#1489=AXIS2_PLACEMENT_3D('',#2890,#1841,#1842);
#1490=AXIS2_PLACEMENT_3D('',#2891,#1843,#1844);
#1491=AXIS2_PLACEMENT_3D('',#2892,#1845,#1846);
#1492=AXIS2_PLACEMENT_3D('',#2893,#1847,#1848);
#1493=DIRECTION('',(0.,0.,1.));
#1494=DIRECTION('',(1.,0.,0.));
#1495=DIRECTION('',(-1.12071957122553E-16,1.,0.));
#1496=DIRECTION('',(-1.,-1.12071957122553E-16,0.));
#1497=DIRECTION('',(1.,1.12071957122553E-16,-9.50472581485381E-16));
#1498=DIRECTION('',(-1.12071957122553E-16,1.,0.));
#1499=DIRECTION('',(1.,1.12071957122553E-16,0.));
#1500=DIRECTION('',(-1.,-3.66585650227954E-15,0.));
#1501=DIRECTION('',(-1.12071957122553E-16,1.,0.));
#1502=DIRECTION('',(-1.,-1.12071957122553E-16,0.));
#1503=DIRECTION('',(-1.,-1.12071957122553E-16,8.47215231724702E-16));
#1504=DIRECTION('',(-1.12071957122553E-16,1.,0.));
#1505=DIRECTION('',(-1.,-1.12071957122553E-16,0.));
#1506=DIRECTION('',(-1.,-3.71943871008245E-15,0.));
#1507=DIRECTION('',(-1.12071957122553E-16,1.,0.));
#1508=DIRECTION('',(-1.,-1.12071957122553E-16,0.));
#1509=DIRECTION('',(0.,0.,-1.));
#1510=DIRECTION('',(0.573576436351046,6.42818337812415E-17,0.819152044288992));
#1511=DIRECTION('',(-1.12071957122553E-16,1.,0.));
#1512=DIRECTION('',(-1.,-1.12071957122553E-16,0.));
#1513=DIRECTION('',(0.819152044288992,-2.61501233285958E-16,-0.573576436351046));
#1514=DIRECTION('',(0.,0.,1.));
#1515=DIRECTION('',(1.,-8.67361737988404E-16,0.));
#1516=DIRECTION('',(0.,0.,1.));
#1517=DIRECTION('',(1.,-2.61501233285958E-16,0.));
#1518=DIRECTION('',(-0.0871557427476583,2.25673433732392E-17,0.996194698091746));
#1519=DIRECTION('',(-1.12071957122553E-16,1.,0.));
#1520=DIRECTION('',(-1.,-1.12071957122553E-16,0.));
#1521=DIRECTION('',(0.0871557427476584,-4.89641351799439E-18,0.996194698091746));
#1522=DIRECTION('',(-1.,3.73573190408511E-17,0.));
#1523=DIRECTION('',(0.,0.,1.));
#1524=DIRECTION('',(-1.,-5.68503185661594E-16,0.));
#1525=DIRECTION('',(0.,0.,1.));
#1526=DIRECTION('',(-0.819152044288992,-1.66906391942037E-17,-0.573576436351046));
#1527=DIRECTION('',(0.819152044288992,-7.0057997230131E-16,-0.573576436351046));
#1528=DIRECTION('',(0.,0.,1.));
#1529=DIRECTION('',(1.,-1.40337790504377E-15,0.));
#1530=DIRECTION('',(0.,0.,1.));
#1531=DIRECTION('',(1.,-7.97517400341323E-16,0.));
#1532=DIRECTION('',(-0.0871557427476584,6.78677127510019E-17,0.996194698091746));
#1533=DIRECTION('',(-9.46946676504727E-16,-1.,0.));
#1534=DIRECTION('',(1.,-9.46946676504727E-16,0.));
#1535=DIRECTION('',(0.0871557427476583,-5.0196782895757E-17,0.996194698091746));
#1536=DIRECTION('',(-1.,5.73373486096216E-16,0.));
#1537=DIRECTION('',(0.,0.,1.));
#1538=DIRECTION('',(-1.,-3.24870186062295E-17,0.));
#1539=DIRECTION('',(0.,0.,1.));
#1540=DIRECTION('',(-0.819152044288992,4.22388099821148E-16,-0.573576436351046));
#1541=DIRECTION('',(-1.12071957122553E-16,1.,0.));
#1542=DIRECTION('',(-1.,-1.12071957122553E-16,0.));
#1543=DIRECTION('',(0.,0.,-1.));
#1544=DIRECTION('',(1.,1.17068769655727E-16,0.));
#1545=DIRECTION('',(-1.12071957122553E-16,1.,0.));
#1546=DIRECTION('',(-1.,-1.12071957122553E-16,0.));
#1547=DIRECTION('',(1.2866885312128E-16,0.,1.));
#1548=DIRECTION('',(1.,0.,-1.2866885312128E-16));
#1549=DIRECTION('',(1.,0.,-1.2866885312128E-16));
#1550=DIRECTION('',(1.2866885312128E-16,0.,1.));
#1551=DIRECTION('',(1.,0.,-1.2866885312128E-16));
#1552=DIRECTION('',(0.,1.,0.));
#1553=DIRECTION('',(1.,0.,-1.2866885312128E-16));
#1554=DIRECTION('',(1.,0.,-1.2866885312128E-16));
#1555=DIRECTION('',(1.,0.,-1.2866885312128E-16));
#1556=DIRECTION('',(1.,0.,-1.2866885312128E-16));
#1557=DIRECTION('',(1.,0.,-1.2866885312128E-16));
#1558=DIRECTION('',(0.,-1.,0.));
#1559=DIRECTION('',(0.,-1.,0.));
#1560=DIRECTION('',(0.,0.,-1.));
#1561=DIRECTION('',(0.,0.,-1.));
#1562=DIRECTION('',(0.,-1.,0.));
#1563=DIRECTION('',(0.,0.,-1.));
#1564=DIRECTION('',(-0.573576436351048,0.,0.819152044288991));
#1565=DIRECTION('',(0.,-1.,0.));
#1566=DIRECTION('',(0.573576436351048,0.,-0.819152044288991));
#1567=DIRECTION('',(0.99997975412635,0.,0.00636328039656467));
#1568=DIRECTION('',(-1.,1.78362317960217E-17,1.74014097109849E-16));
#1569=DIRECTION('',(0.99997975412635,0.,-0.00636328039656397));
#1570=DIRECTION('',(0.,-1.,0.));
#1571=DIRECTION('',(0.573576436351046,0.,0.819152044288992));
#1572=DIRECTION('',(-0.573576436351046,0.,-0.819152044288991));
#1573=DIRECTION('',(0.,0.,-1.));
#1574=DIRECTION('',(0.,-1.,0.));
#1575=DIRECTION('',(0.,0.,-1.));
#1576=DIRECTION('',(1.,7.2280144832367E-17,0.));
#1577=DIRECTION('',(-7.2280144832367E-17,1.,0.));
#1578=DIRECTION('',(-5.92084284009378E-17,1.,4.14581878918865E-17));
#1579=DIRECTION('',(0.,0.,1.));
#1580=DIRECTION('',(-7.2280144832367E-17,1.,0.));
#1581=DIRECTION('',(0.,0.,-1.));
#1582=DIRECTION('',(-1.,0.,0.));
#1583=DIRECTION('',(-1.,0.,0.));
#1584=DIRECTION('',(0.0178301911750901,-0.999841029505521,0.));
#1585=DIRECTION('',(-0.999841029505521,-0.0178301911750901,0.));
#1586=DIRECTION('',(0.0178301911750901,-0.999841029505521,0.));
#1587=DIRECTION('',(0.0178301911750901,-0.999841029505521,0.));
#1588=DIRECTION('',(0.,0.,1.));
#1589=DIRECTION('',(0.,0.,1.));
#1590=DIRECTION('',(1.,0.,0.));
#1591=DIRECTION('',(-2.12783765638395E-17,1.,0.));
#1592=DIRECTION('',(-1.,1.49429276163405E-16,0.));
#1593=DIRECTION('',(0.996194698091746,2.11974059168966E-17,0.0871557427476583));
#1594=DIRECTION('',(0.0871557427476583,-2.25673433732392E-17,-0.996194698091746));
#1595=DIRECTION('',(0.0871557427476583,-2.25673433732393E-17,-0.996194698091746));
#1596=DIRECTION('',(0.,-1.,0.));
#1597=DIRECTION('',(0.,-1.,0.));
#1598=DIRECTION('',(0.,0.,-1.));
#1599=DIRECTION('',(-1.49429276163405E-16,-1.,0.));
#1600=DIRECTION('',(1.,-1.49429276163405E-16,0.));
#1601=DIRECTION('',(0.,-1.,0.));
#1602=DIRECTION('',(0.996194698091746,1.867122450825E-16,-0.0871557427476584));
#1603=DIRECTION('',(0.0871557427476584,-4.89641351799436E-18,0.996194698091746));
#1604=DIRECTION('',(-0.0871557427476584,4.8964135179943E-18,-0.996194698091746));
#1605=DIRECTION('',(-1.87425455526069E-16,1.,0.));
#1606=DIRECTION('',(0.,0.,1.));
#1607=DIRECTION('',(-1.,2.98858552326809E-16,0.));
#1608=DIRECTION('',(1.,-1.49429276163404E-16,0.));
#1609=DIRECTION('',(-0.0178301911750904,-0.999841029505521,0.));
#1610=DIRECTION('',(0.999841029505521,-0.0178301911750904,0.));
#1611=DIRECTION('',(-0.0178301911750904,-0.999841029505521,0.));
#1612=DIRECTION('',(0.,0.,1.));
#1613=DIRECTION('',(-0.0178301911750904,-0.999841029505521,0.));
#1614=DIRECTION('',(0.,0.,-1.));
#1615=DIRECTION('',(1.,-2.98858552326809E-16,0.));
#1616=DIRECTION('',(1.,-2.98858552326809E-16,0.));
#1617=DIRECTION('',(3.71138697159176E-16,1.,0.));
#1618=DIRECTION('',(-1.,3.71138697159176E-16,0.));
#1619=DIRECTION('',(3.71138697159176E-16,1.,0.));
#1620=DIRECTION('',(3.58066980727747E-16,1.,4.14581878918865E-17));
#1621=DIRECTION('',(0.,0.,1.));
#1622=DIRECTION('',(-0.573576436351046,1.71418223416644E-16,0.819152044288992));
#1623=DIRECTION('',(-0.819152044288992,2.44810594091754E-16,-0.573576436351046));
#1624=DIRECTION('',(4.17437359691087E-16,1.,8.30297747883845E-17));
#1625=DIRECTION('',(0.819152044288992,-9.53813179283497E-17,0.573576436351046));
#1626=DIRECTION('',(0.573576436351046,-3.07446242926163E-16,0.819152044288992));
#1627=DIRECTION('',(0.819152044288992,-4.39078739015352E-16,-0.573576436351046));
#1628=DIRECTION('',(-0.819152044288992,5.88508015178756E-16,0.573576436351046));
#1629=DIRECTION('',(4.76807738654427E-16,1.,4.14581878918865E-17));
#1630=DIRECTION('',(1.,-4.63736022222998E-16,0.));
#1631=DIRECTION('',(4.63736022222998E-16,1.,0.));
#1632=DIRECTION('',(0.,0.,1.));
#1633=DIRECTION('',(4.63736022222998E-16,1.,0.));
#1634=DIRECTION('',(0.,0.,-1.));
#1635=DIRECTION('',(-1.,5.36016167055365E-16,0.));
#1636=DIRECTION('',(-1.,5.36016167055365E-16,0.));
#1637=DIRECTION('',(0.0178301911750896,-0.999841029505521,0.));
#1638=DIRECTION('',(-0.999841029505521,-0.0178301911750896,0.));
#1639=DIRECTION('',(0.0178301911750896,-0.999841029505521,0.));
#1640=DIRECTION('',(0.0178301911750896,-0.999841029505521,0.));
#1641=DIRECTION('',(0.,0.,1.));
#1642=DIRECTION('',(0.,0.,1.));
#1643=DIRECTION('',(1.,-5.36016167055365E-16,0.));
#1644=DIRECTION('',(1.02230017490824E-15,1.,0.));
#1645=DIRECTION('',(-1.,6.8544544321877E-16,0.));
#1646=DIRECTION('',(-0.996194698091746,1.01841001410186E-15,-0.0871557427476584));
#1647=DIRECTION('',(-0.0871557427476584,6.78677127510019E-17,0.996194698091746));
#1648=DIRECTION('',(-8.34874719382174E-16,-1.,0.));
#1649=DIRECTION('',(0.0871557427476584,-6.7867712751002E-17,-0.996194698091746));
#1650=DIRECTION('',(-8.34874719382174E-16,-1.,0.));
#1651=DIRECTION('',(0.,0.,-1.));
#1652=DIRECTION('',(6.85445443218769E-16,1.,0.));
#1653=DIRECTION('',(-1.,6.85445443218769E-16,0.));
#1654=DIRECTION('',(-8.34874719382174E-16,-1.,0.));
#1655=DIRECTION('',(-0.996194698091746,8.52895174936252E-16,0.0871557427476583));
#1656=DIRECTION('',(-0.0871557427476583,5.01967828957569E-17,-0.996194698091746));
#1657=DIRECTION('',(-0.0871557427476583,5.01967828957569E-17,-0.996194698091746));
#1658=DIRECTION('',(8.56153095946014E-16,1.,0.));
#1659=DIRECTION('',(0.,0.,1.));
#1660=DIRECTION('',(-1.,8.34874719382174E-16,0.));
#1661=DIRECTION('',(1.,-6.85445443218769E-16,0.));
#1662=DIRECTION('',(-0.0178301911750909,-0.999841029505521,0.));
#1663=DIRECTION('',(0.999841029505521,-0.0178301911750909,0.));
#1664=DIRECTION('',(-0.0178301911750909,-0.999841029505521,0.));
#1665=DIRECTION('',(0.,0.,1.));
#1666=DIRECTION('',(-0.0178301911750909,-0.999841029505521,0.));
#1667=DIRECTION('',(0.,0.,-1.));
#1668=DIRECTION('',(1.,-8.34874719382174E-16,0.));
#1669=DIRECTION('',(1.,-8.34874719382174E-16,0.));
#1670=DIRECTION('',(9.07154864214541E-16,1.,0.));
#1671=DIRECTION('',(-1.,9.07154864214541E-16,0.));
#1672=DIRECTION('',(9.07154864214541E-16,1.,0.));
#1673=DIRECTION('',(8.94083147783112E-16,1.,4.14581878918865E-17));
#1674=DIRECTION('',(0.,0.,1.));
#1675=DIRECTION('',(-0.573576436351046,4.78864466342807E-16,0.819152044288992));
#1676=DIRECTION('',(-0.819152044288992,6.83889333107106E-16,-0.573576436351046));
#1677=DIRECTION('',(0.819152044288992,-5.34460056943702E-16,0.573576436351046));
#1678=DIRECTION('',(9.79435009046908E-16,1.,1.01222204549026E-16));
#1679=DIRECTION('',(1.,-9.79435009046908E-16,0.));
#1680=DIRECTION('',(-9.79435009046908E-16,-1.,0.));
#1681=DIRECTION('',(0.,0.,-1.));
#1682=DIRECTION('',(9.98775032196393E-16,1.,0.));
#1683=DIRECTION('',(0.,0.,-1.));
#1684=DIRECTION('',(0.,1.,0.));
#1685=DIRECTION('',(9.79435009046908E-16,1.,1.01222204549026E-16));
#1686=DIRECTION('',(0.573576436351046,0.,0.819152044288992));
#1687=DIRECTION('',(0.819152044288992,0.,-0.573576436351046));
#1688=DIRECTION('',(0.,1.,0.));
#1689=DIRECTION('',(-0.819152044288992,1.49429276163405E-16,0.573576436351046));
#1690=DIRECTION('',(-1.49429276163405E-16,-1.,0.));
#1691=DIRECTION('',(1.,-1.49429276163405E-16,0.));
#1692=DIRECTION('',(-1.49429276163405E-16,-1.,0.));
#1693=DIRECTION('',(1.,-1.49429276163405E-16,0.));
#1694=DIRECTION('',(-1.49429276163405E-16,-1.,0.));
#1695=DIRECTION('',(1.,-1.49429276163405E-16,0.));
#1696=DIRECTION('',(-0.573576436351046,8.5709111708322E-17,-0.819152044288992));
#1697=DIRECTION('',(0.,0.,-1.));
#1698=DIRECTION('',(1.,-7.51420256498197E-16,0.));
#1699=DIRECTION('',(0.,-0.707106781186548,-0.707106781186547));
#1700=DIRECTION('',(0.,0.707106781186547,-0.707106781186548));
#1701=DIRECTION('',(1.74925804721994E-16,0.101964554768626,0.994788032482717));
#1702=DIRECTION('',(2.14880470434164E-16,-0.994788032482717,0.101964554768626));
#1703=DIRECTION('',(0.,-1.,0.));
#1704=DIRECTION('',(0.,0.,-1.));
#1705=DIRECTION('',(0.,-0.707106781186548,-0.707106781186547));
#1706=DIRECTION('',(0.,0.707106781186547,-0.707106781186548));
#1707=DIRECTION('',(1.74925804721994E-16,0.101964554768626,0.994788032482717));
#1708=DIRECTION('',(2.14880470434164E-16,-0.994788032482717,0.101964554768626));
#1709=DIRECTION('',(0.,-1.,0.));
#1710=DIRECTION('',(0.,0.,-1.));
#1711=DIRECTION('',(0.,-0.707106781186548,-0.707106781186547));
#1712=DIRECTION('',(0.,0.707106781186547,-0.707106781186548));
#1713=DIRECTION('',(1.74925804721994E-16,-0.101964554768626,-0.994788032482717));
#1714=DIRECTION('',(-2.14880470434164E-16,-0.994788032482717,0.101964554768626));
#1715=DIRECTION('',(0.,1.,0.));
#1716=DIRECTION('',(0.,0.,-1.));
#1717=DIRECTION('',(0.,-0.707106781186548,-0.707106781186547));
#1718=DIRECTION('',(0.,0.707106781186547,-0.707106781186548));
#1719=DIRECTION('',(1.74925804721994E-16,-0.101964554768626,-0.994788032482717));
#1720=DIRECTION('',(-2.14880470434164E-16,-0.994788032482717,0.101964554768626));
#1721=DIRECTION('',(0.,1.,0.));
#1722=DIRECTION('',(0.,0.,-1.));
#1723=DIRECTION('',(0.00636328039656467,0.,-0.99997975412635));
#1724=DIRECTION('',(-0.99997975412635,0.,-0.00636328039656467));
#1725=DIRECTION('',(0.00636328039656467,0.,-0.99997975412635));
#1726=DIRECTION('',(0.0709361369286012,0.997480757067322,0.000451395668425464));
#1727=DIRECTION('',(-0.998058287574758,0.0619622362821678,-0.00635105331857639));
#1728=DIRECTION('',(0.819152044288991,0.,0.573576436351048));
#1729=DIRECTION('',(0.573576436351048,0.,-0.819152044288991));
#1730=DIRECTION('',(-0.573576436351048,0.,0.819152044288991));
#1731=DIRECTION('',(0.0712150733588459,0.992262249115468,-0.101705665067429));
#1732=DIRECTION('',(0.,-1.,0.));
#1733=DIRECTION('',(1.,0.,0.));
#1734=DIRECTION('',(0.,0.,1.));
#1735=DIRECTION('',(0.,0.,-1.));
#1736=DIRECTION('',(0.,-1.,0.));
#1737=DIRECTION('',(0.,0.,-1.));
#1738=DIRECTION('',(0.,-1.,0.));
#1739=DIRECTION('',(-1.,0.,0.));
#1740=DIRECTION('',(0.,0.,1.));
#1741=DIRECTION('',(0.,-1.,0.));
#1742=DIRECTION('',(0.,0.,-1.));
#1743=DIRECTION('',(0.,1.,0.));
#1744=DIRECTION('',(0.,-1.,0.));
#1745=DIRECTION('',(0.,0.,-1.));
#1746=DIRECTION('',(1.,0.,1.75842289020534E-16));
#1747=DIRECTION('',(0.,-1.,0.));
#1748=DIRECTION('',(0.573576436351048,0.,-0.819152044288991));
#1749=DIRECTION('',(0.,-1.,0.));
#1750=DIRECTION('',(0.,0.,-1.));
#1751=DIRECTION('',(1.,0.,0.));
#1752=DIRECTION('',(-0.573576436351046,0.,-0.819152044288992));
#1753=DIRECTION('',(0.,-1.,0.));
#1754=DIRECTION('',(0.573576436351046,0.,0.819152044288992));
#1755=DIRECTION('',(-1.,0.,1.75842289020534E-16));
#1756=DIRECTION('',(-1.,0.,1.75842289020534E-16));
#1757=DIRECTION('',(1.74925804721994E-16,0.101964554768626,0.994788032482717));
#1758=DIRECTION('',(1.,-1.78362317960217E-17,-1.74014097109849E-16));
#1759=DIRECTION('',(0.0712150733588459,0.992262249115468,-0.101705665067429));
#1760=DIRECTION('',(0.0712150733588456,-0.992262249115468,0.101705665067429));
#1761=DIRECTION('',(-0.998058287574758,-0.0619622362821576,0.0063510533185757));
#1762=DIRECTION('',(-0.00636328039656397,0.,-0.99997975412635));
#1763=DIRECTION('',(-0.99997975412635,0.,0.00636328039656397));
#1764=DIRECTION('',(-0.00636328039656397,0.,-0.99997975412635));
#1765=DIRECTION('',(0.0709361369286009,-0.997480757067322,-0.000451395668425413));
#1766=DIRECTION('',(-1.,0.,0.));
#1767=DIRECTION('',(0.,0.,1.));
#1768=DIRECTION('',(0.,1.,0.));
#1769=DIRECTION('',(0.,-1.,0.));
#1770=DIRECTION('',(-0.819152044288991,0.,0.573576436351046));
#1771=DIRECTION('',(0.573576436351046,0.,0.819152044288992));
#1772=DIRECTION('',(0.,1.,0.));
#1773=DIRECTION('',(0.0712150733588456,-0.992262249115468,0.101705665067429));
#1774=DIRECTION('',(0.0712150733588456,-0.992262249115468,0.101705665067429));
#1775=DIRECTION('',(0.,-0.101964554768626,-0.994788032482717));
#1776=DIRECTION('',(-9.79435009046908E-16,-1.,-1.01222204549026E-16));
#1777=DIRECTION('',(1.,-9.79435009046908E-16,0.));
#1778=DIRECTION('',(0.,-1.,0.));
#1779=DIRECTION('',(0.,0.,-1.));
#1780=DIRECTION('',(0.0712150733588459,0.992262249115468,-0.101705665067429));
#1781=DIRECTION('',(0.,0.101964554768626,0.994788032482717));
#1782=DIRECTION('',(0.,-1.,0.));
#1783=DIRECTION('',(0.,0.,-1.));
#1784=DIRECTION('',(0.,1.,0.));
#1785=DIRECTION('',(0.,0.,1.));
#1786=DIRECTION('',(1.,7.19891363241137E-16,0.));
#1787=DIRECTION('',(0.,1.,0.));
#1788=DIRECTION('',(0.,0.,1.));
#1789=DIRECTION('',(-1.,-1.12071957122553E-16,8.47215231724702E-16));
#1790=DIRECTION('',(0.,1.,0.));
#1791=DIRECTION('',(0.,0.,1.));
#1792=DIRECTION('',(1.,2.16119069438436E-16,0.));
#1793=DIRECTION('',(0.,1.,0.));
#1794=DIRECTION('',(1.,0.,0.));
#1795=DIRECTION('',(1.,1.12071957122553E-16,-9.50472581485381E-16));
#1796=DIRECTION('',(0.,1.,0.));
#1797=DIRECTION('',(-1.,0.,0.));
#1798=DIRECTION('',(-1.,0.,0.));
#1799=DIRECTION('',(0.,0.,-1.));
#1800=DIRECTION('',(-1.,-7.81464251090331E-17,0.));
#1801=DIRECTION('',(0.,0.,-1.));
#1802=DIRECTION('',(0.,1.,0.));
#1803=DIRECTION('',(0.,0.,1.));
#1804=DIRECTION('',(0.,-1.,0.));
#1805=DIRECTION('',(0.,0.,-1.));
#1806=DIRECTION('',(0.,-1.,0.));
#1807=DIRECTION('',(0.,0.,-1.));
#1808=DIRECTION('',(0.,0.,-1.));
#1809=DIRECTION('',(-1.,0.,0.));
#1810=DIRECTION('',(-0.0270478624250485,-0.999634139642217,0.));
#1811=DIRECTION('',(0.,1.,0.));
#1812=DIRECTION('',(0.,0.,1.));
#1813=DIRECTION('',(1.,0.,0.));
#1814=DIRECTION('',(0.,1.,0.));
#1815=DIRECTION('',(-7.79964806689282E-13,-1.,0.));
#1816=DIRECTION('',(0.,0.,-1.));
#1817=DIRECTION('',(-1.,0.,0.));
#1818=DIRECTION('',(0.,0.,-1.));
#1819=DIRECTION('',(-1.,0.,0.));
#1820=DIRECTION('',(0.0270478624250484,-0.999634139642217,0.));
#1821=DIRECTION('',(0.,0.,1.));
#1822=DIRECTION('',(1.,0.,0.));
#1823=DIRECTION('',(0.,0.,-1.));
#1824=DIRECTION('',(1.,0.,0.));
#1825=DIRECTION('',(0.,0.,1.));
#1826=DIRECTION('',(1.,0.,0.));
#1827=DIRECTION('',(0.,0.,-1.));
#1828=DIRECTION('',(-1.,0.,0.));
#1829=DIRECTION('',(0.,0.,-1.));
#1830=DIRECTION('',(-1.,0.,0.));
#1831=DIRECTION('',(9.50472581485381E-16,-5.53722112230257E-34,1.));
#1832=DIRECTION('',(1.,0.,-9.50472581485381E-16));
#1833=DIRECTION('',(-0.0270478624250485,-0.999634139642217,2.57082516227973E-17));
#1834=DIRECTION('',(0.0270478624250484,-0.999634139642217,-2.57082516227972E-17));
#1835=DIRECTION('',(-8.47215231724702E-16,1.21259753871976E-32,-1.));
#1836=DIRECTION('',(-1.,0.,8.47215231724702E-16));
#1837=DIRECTION('',(-1.02733110475527E-47,-1.,-1.21259753871976E-32));
#1838=DIRECTION('',(-7.79964806689282E-13,-1.,6.60785938460985E-28));
#1839=DIRECTION('',(-0.0270478624250484,0.999634139642217,0.));
#1840=DIRECTION('',(-0.999634139642217,-0.0270478624250484,0.));
#1841=DIRECTION('',(0.,-1.,0.));
#1842=DIRECTION('',(0.,0.,-1.));
#1843=DIRECTION('',(-7.79964806689282E-13,-1.,0.));
#1844=DIRECTION('',(1.,-7.79964806689282E-13,0.));
#1845=DIRECTION('',(0.,-1.,0.));
#1846=DIRECTION('',(0.,0.,-1.));
#1847=DIRECTION('',(0.0270478624250485,0.999634139642217,0.));
#1848=DIRECTION('',(-0.999634139642217,0.0270478624250485,0.));
#1849=CARTESIAN_POINT('',(0.,0.,0.));
#1850=CARTESIAN_POINT('',(12.8192017878816,5.12117154457572,8.27705785296842));
#1851=CARTESIAN_POINT('',(-19.197772426072,5.12117154457572,-6.61701308061153));
#1852=CARTESIAN_POINT('',(-17.1970404375508,5.12117154457572,-6.61701308061153));
#1853=CARTESIAN_POINT('',(-12.7985044146058,5.12117154457572,-6.61701308061154));
#1854=CARTESIAN_POINT('',(-12.7985044146058,5.12117154457572,-4.11701308061154));
#1855=CARTESIAN_POINT('',(-10.7977724260846,5.12117154457572,-5.61701308061154));
#1856=CARTESIAN_POINT('',(-10.7977724260846,5.12117154457572,-5.61701308061154));
#1857=CARTESIAN_POINT('',(-2.98979158018441,5.12117154457572,-5.61701308061154));
#1858=CARTESIAN_POINT('',(-0.989791580184408,5.12117154457572,-4.11701308061154));
#1859=CARTESIAN_POINT('',(-0.98979158018441,5.12117154457572,-6.61701308061154));
#1860=CARTESIAN_POINT('',(5.41020841980613,5.12117154457572,-6.61701308061155));
#1861=CARTESIAN_POINT('',(3.41020841980928,5.12117154457572,-6.61701308061154));
#1862=CARTESIAN_POINT('',(3.41020841980928,5.12117154457572,-4.11701308061154));
#1863=CARTESIAN_POINT('',(5.41020841980929,5.12117154457572,-5.61701308061154));
#1864=CARTESIAN_POINT('',(5.41020841980929,5.12117154457572,-5.61701308061154));
#1865=CARTESIAN_POINT('',(10.139313662155,5.12117154457574,-5.61701308061154));
#1866=CARTESIAN_POINT('',(10.139313662155,5.12117154457572,-3.11701308061154));
#1867=CARTESIAN_POINT('',(12.639313662155,5.12117154457572,-3.11701308061154));
#1868=CARTESIAN_POINT('',(12.639313662155,5.12117154457572,9.92175528085864));
#1869=CARTESIAN_POINT('',(12.639313662155,5.12117154457572,-0.477383606380947));
#1870=CARTESIAN_POINT('',(12.639313662155,5.12117154457572,-0.477383606380946));
#1871=CARTESIAN_POINT('',(14.2531428787592,5.12117154457572,1.82740337253458));
#1872=CARTESIAN_POINT('',(12.2052627680367,5.12117154457572,3.26134446341219));
#1873=CARTESIAN_POINT('',(10.7713216771591,5.12117154457571,1.21346435268971));
#1874=CARTESIAN_POINT('',(-7.10319451746197,5.12117154457572,13.7293353340149));
#1875=CARTESIAN_POINT('',(7.82420473301009,5.12117154457572,3.27705785296842));
#1876=CARTESIAN_POINT('',(7.82420473301009,5.12117154457572,-3.72294214703158));
#1877=CARTESIAN_POINT('',(7.82420473301009,5.12117154457572,-3.72294214703158));
#1878=CARTESIAN_POINT('',(6.82420473301009,5.12117154457572,-3.72294214703158));
#1879=CARTESIAN_POINT('',(6.75842404213109,5.12117154457572,-3.72294214703158));
#1880=CARTESIAN_POINT('',(6.75842404213109,5.12117154457572,8.27705785296842));
#1881=CARTESIAN_POINT('',(6.75842404213109,5.12117154457572,3.27705785296842));
#1882=CARTESIAN_POINT('',(-10.398784948263,5.12117154457572,3.27705785296842));
#1883=CARTESIAN_POINT('',(5.19148676099447,5.12117154457572,3.27705785296842));
#1884=CARTESIAN_POINT('',(4.75654034920185,5.12117154457572,8.24851808865651));
#1885=CARTESIAN_POINT('',(5.39422639579193,5.12117154457572,0.959733223390753));
#1886=CARTESIAN_POINT('',(1.21020841980928,5.12117154457572,0.593681892752686));
#1887=CARTESIAN_POINT('',(-2.97380931217605,5.12117154457572,0.959736012292853));
#1888=CARTESIAN_POINT('',(-2.34324912392531,5.12117154457572,8.16707194403773));
#1889=CARTESIAN_POINT('',(-2.7710699213759,5.12117154457572,3.27705785296842));
#1890=CARTESIAN_POINT('',(12.8192017878816,5.12117154457572,3.27705785296842));
#1891=CARTESIAN_POINT('',(-4.33800720251253,5.12117154457572,3.27705785296842));
#1892=CARTESIAN_POINT('',(-4.33800720251253,5.12117154457572,8.27705785296842));
#1893=CARTESIAN_POINT('',(-4.33800720251253,5.12117154457572,-3.72294214703158));
#1894=CARTESIAN_POINT('',(-4.40378789339152,5.12117154457572,-3.72294214703158));
#1895=CARTESIAN_POINT('',(-5.40378789339152,5.12117154457572,-3.72294214703158));
#1896=CARTESIAN_POINT('',(-5.40378789339152,5.12117154457572,-3.72294214703158));
#1897=CARTESIAN_POINT('',(-5.40378789339152,5.12117154457572,3.27705785296842));
#1898=CARTESIAN_POINT('',(9.52361135708054,5.12117154457572,13.7293353340149));
#1899=CARTESIAN_POINT('',(-6.89378200313451,5.12117154457572,2.23375274543832));
#1900=CARTESIAN_POINT('',(-23.3111753633496,5.12117154457572,13.7293353340149));
#1901=CARTESIAN_POINT('',(-8.38377611287749,5.12117154457572,3.27705785296842));
#1902=CARTESIAN_POINT('',(-8.38377611287749,5.12117154457572,-3.72294214703158));
#1903=CARTESIAN_POINT('',(-8.38377611287749,5.12117154457572,-3.72294214703158));
#1904=CARTESIAN_POINT('',(-9.38377611287749,5.12117154457572,-3.72294214703158));
#1905=CARTESIAN_POINT('',(-9.44955680375648,5.12117154457572,-3.72294214703158));
#1906=CARTESIAN_POINT('',(-9.44955680375648,5.12117154457572,8.27705785296842));
#1907=CARTESIAN_POINT('',(-9.44955680375648,5.12117154457572,3.27705785296842));
#1908=CARTESIAN_POINT('',(-26.6067657941506,5.12117154457572,3.27705785296842));
#1909=CARTESIAN_POINT('',(-11.0164940848931,5.12117154457572,3.27705785296842));
#1910=CARTESIAN_POINT('',(-11.4443148823437,5.12117154457572,8.16707194403773));
#1911=CARTESIAN_POINT('',(-10.813754694093,5.12117154457572,0.959736012292853));
#1912=CARTESIAN_POINT('',(-14.9977724260783,5.12117154457572,0.593681892752686));
#1913=CARTESIAN_POINT('',(-19.1817904020609,5.12117154457572,0.959733223390753));
#1914=CARTESIAN_POINT('',(-18.5441043554709,5.12117154457572,8.24851808865651));
#1915=CARTESIAN_POINT('',(-18.9790507672635,5.12117154457572,3.27705785296842));
#1916=CARTESIAN_POINT('',(-3.388779058006,5.12117154457572,3.27705785296842));
#1917=CARTESIAN_POINT('',(-20.5459880484001,5.12117154457572,3.27705785296842));
#1918=CARTESIAN_POINT('',(-20.5459880484001,5.12117154457572,8.27705785296842));
#1919=CARTESIAN_POINT('',(-20.5459880484001,5.12117154457572,-3.72294214703158));
#1920=CARTESIAN_POINT('',(-20.6117687392791,5.12117154457572,-3.72294214703158));
#1921=CARTESIAN_POINT('',(-21.6117687392791,5.12117154457572,-3.72294214703158));
#1922=CARTESIAN_POINT('',(-21.6117687392791,5.12117154457572,-3.72294214703158));
#1923=CARTESIAN_POINT('',(-21.6117687392791,5.12117154457572,3.27705785296842));
#1924=CARTESIAN_POINT('',(-6.68436948880704,5.12117154457572,13.7293353340149));
#1925=CARTESIAN_POINT('',(-25.5407068850282,5.12117154457573,0.525985746155214));
#1926=CARTESIAN_POINT('',(-24.1067657941506,5.12117154457572,-1.52189436456726));
#1927=CARTESIAN_POINT('',(-26.6067657941506,5.12117154457575,-1.52189436456726));
#1928=CARTESIAN_POINT('',(-26.6067657941506,5.12117154457575,8.27705785296842));
#1929=CARTESIAN_POINT('',(-26.6067657941506,5.12117154457574,-5.61701308061154));
#1930=CARTESIAN_POINT('',(-26.6067657941506,5.12117154457574,-5.61701308061154));
#1931=CARTESIAN_POINT('',(-19.197772426072,5.12117154457574,-5.61701308061154));
#1932=CARTESIAN_POINT('',(-17.1970404375508,5.12117154457572,-4.11701308061153));
#1933=CARTESIAN_POINT('',(18.9910561158866,-1.96233737706386,-3.54878464266028));
#1934=CARTESIAN_POINT('',(18.9910561158866,-2.96233737706386,-3.54878464266028));
#1935=CARTESIAN_POINT('',(12.6017460608628,-2.96233737706386,-3.54878464266028));
#1936=CARTESIAN_POINT('',(49.8069539793458,-2.96233737706386,-3.54878464266028));
#1937=CARTESIAN_POINT('',(49.8069539793458,-0.462337377063861,-3.54878464266029));
#1938=CARTESIAN_POINT('',(52.3069539793458,-0.462337377063861,-3.54878464266028));
#1939=CARTESIAN_POINT('',(52.3069539793458,-1.96233737706386,-3.54878464266028));
#1940=CARTESIAN_POINT('',(52.3069539793458,0.0376626229361392,-3.54878464266029));
#1941=CARTESIAN_POINT('',(18.9910561158866,0.0376626229361392,-3.54878464266028));
#1942=CARTESIAN_POINT('',(45.6405947855631,0.0376626229361392,-3.54878464266028));
#1943=CARTESIAN_POINT('',(45.5524327771958,-0.462337377063861,-3.54878464266028));
#1944=CARTESIAN_POINT('',(45.5814908003332,-0.295612657288993,-3.54878464266028));
#1945=CARTESIAN_POINT('',(45.6108289585362,-0.128937251313216,-3.54878464266028));
#1946=CARTESIAN_POINT('',(45.6404550485745,0.0376874683529232,-3.54878464266028));
#1947=CARTESIAN_POINT('',(45.5524327771958,-0.462337377063861,-3.54878464266028));
#1948=CARTESIAN_POINT('',(18.9910561158866,-0.462337377063861,-3.54878464266028));
#1949=CARTESIAN_POINT('',(37.5636722805075,-0.462337377063861,-3.54878464266028));
#1950=CARTESIAN_POINT('',(37.5636722805075,-0.462337377063861,-3.54878464266028));
#1951=CARTESIAN_POINT('',(37.5346142591541,-0.295612667525167,-3.54878464266028));
#1952=CARTESIAN_POINT('',(37.5052761027696,-0.128937271779476,-3.54878464266028));
#1953=CARTESIAN_POINT('',(37.4756500145855,0.0376874376629117,-3.54878464266028));
#1954=CARTESIAN_POINT('',(37.4755104502052,0.0376626229361392,-3.54878464266028));
#1955=CARTESIAN_POINT('',(18.9910561158866,0.0376626229361392,-3.54878464266028));
#1956=CARTESIAN_POINT('',(27.4706134350223,0.0376638613719905,-3.54878464266028));
#1957=CARTESIAN_POINT('',(27.3825953609933,-0.462337377063861,-3.54878464266028));
#1958=CARTESIAN_POINT('',(27.4116520118369,-0.295620531027978,-3.54878464266028));
#1959=CARTESIAN_POINT('',(27.44098877129,-0.128952994110589,-3.54878464266028));
#1960=CARTESIAN_POINT('',(27.4706134350223,0.0376638613719873,-3.54878464266028));
#1961=CARTESIAN_POINT('',(27.3825953609933,-0.462337377063861,-3.54878464266028));
#1962=CARTESIAN_POINT('',(18.9910561158866,-0.462337377063861,-3.54878464266028));
#1963=CARTESIAN_POINT('',(19.393834864305,-0.462337377063861,-3.54878464266028));
#1964=CARTESIAN_POINT('',(19.393834864305,-0.462337377063861,-3.54878464266028));
#1965=CARTESIAN_POINT('',(19.3647782139846,-0.295620534030161,-3.54878464266028));
#1966=CARTESIAN_POINT('',(19.3354414550649,-0.128953000113173,-3.54878464266028));
#1967=CARTESIAN_POINT('',(19.3058167918764,0.0376638523708629,-3.54878464266028));
#1968=CARTESIAN_POINT('',(19.3058167918764,0.0376638523708626,-3.54878464266028));
#1969=CARTESIAN_POINT('',(18.9910561158866,0.0376626229361392,-3.54878464266028));
#1970=CARTESIAN_POINT('',(12.6017460608628,0.0376626229361392,-3.54878464266028));
#1971=CARTESIAN_POINT('',(12.6017460608628,0.0376626229361392,-3.54878464266028));
#1972=CARTESIAN_POINT('',(0.,0.0376626229361392,0.0309522296988579));
#1973=CARTESIAN_POINT('',(27.470690535962,0.0376626229361392,-3.54885633144881));
#1974=CARTESIAN_POINT('',(28.1784916092534,0.0376626229361392,-2.78761975637529));
#1975=CARTESIAN_POINT('',(29.1286415029847,0.0376626229361393,-0.857684558907842));
#1976=CARTESIAN_POINT('',(28.7001446016479,0.0376626229361392,2.32415395924576));
#1977=CARTESIAN_POINT('',(26.5556557458128,0.0376626229361392,4.7651815657403));
#1978=CARTESIAN_POINT('',(23.3882169071497,0.0376626229361392,5.67698113075051));
#1979=CARTESIAN_POINT('',(20.2207756932351,0.0376626229361392,4.76518310798026));
#1980=CARTESIAN_POINT('',(18.0762865653861,0.0376626229361392,2.32415423959406));
#1981=CARTESIAN_POINT('',(17.6477858953947,0.0376626229361393,-0.857680799343125));
#1982=CARTESIAN_POINT('',(18.5979432735623,0.0376626229361392,-2.78762464901968));
#1983=CARTESIAN_POINT('',(19.3057395945468,0.0376626229361392,-3.54885642104354));
#1984=CARTESIAN_POINT('',(37.4755104502052,0.0376626229361392,-3.54878464266028));
#1985=CARTESIAN_POINT('',(36.7677297348874,0.0376626229361392,-2.78754224981639));
#1986=CARTESIAN_POINT('',(35.8176183797113,0.0376626229361392,-0.85760782457226));
#1987=CARTESIAN_POINT('',(36.246149092769,0.0376626229361392,2.32419858467888));
#1988=CARTESIAN_POINT('',(38.39063668883,0.0376626229361392,4.7651913966947));
#1989=CARTESIAN_POINT('',(41.5580506679656,0.0376626229361392,5.67697619778013));
#1990=CARTESIAN_POINT('',(44.7254670445214,0.0376626229361392,4.76519300890753));
#1991=CARTESIAN_POINT('',(46.8699549698624,0.0376626229361392,2.32419898201853));
#1992=CARTESIAN_POINT('',(47.2984895253451,0.0376626229361392,-0.857603939260959));
#1993=CARTESIAN_POINT('',(46.3483707316864,0.0376626229361392,-2.78754703604174));
#1994=CARTESIAN_POINT('',(45.6405947855631,0.0376626229361392,-3.5487846426603));
#1995=CARTESIAN_POINT('',(52.3069539793458,0.0376626229361392,9.9527075105575));
#1996=CARTESIAN_POINT('',(52.3069539793458,0.0376626229361392,-1.2656305785784));
#1997=CARTESIAN_POINT('',(49.8069539793458,0.0376626229361392,-1.2656305785784));
#1998=CARTESIAN_POINT('',(51.8548340900683,0.0376626229361392,0.168310512299216));
#1999=CARTESIAN_POINT('',(52.3069539793458,0.0376626229361392,-0.477383606380947));
#2000=CARTESIAN_POINT('',(48.176819506082,0.0376626229361392,5.42105970918761));
#2001=CARTESIAN_POINT('',(46.1289393953596,0.0376626229361392,3.98711861830999));
#2002=CARTESIAN_POINT('',(46.537751729452,0.0376626229361392,6.46350500958083));
#2003=CARTESIAN_POINT('',(47.4428585576447,0.0376626229361392,6.4692645747249));
#2004=CARTESIAN_POINT('',(52.3069539793458,0.0376626229361392,6.50021680442376));
#2005=CARTESIAN_POINT('',(32.4731338207504,0.0376626229361392,6.50021680442376));
#2006=CARTESIAN_POINT('',(12.639313662155,0.0376626229361392,6.50021680442376));
#2007=CARTESIAN_POINT('',(12.639313662155,0.0376626229361392,6.50021680442376));
#2008=CARTESIAN_POINT('',(18.4085159120488,0.0376626229361392,6.46350500958084));
#2009=CARTESIAN_POINT('',(18.8173282461412,0.0376626229361392,3.98711861830999));
#2010=CARTESIAN_POINT('',(16.7694481354187,0.0376626229361392,5.42105970918761));
#2011=CARTESIAN_POINT('',(12.639313662155,0.0376626229361392,-0.477383606380947));
#2012=CARTESIAN_POINT('',(12.639313662155,0.0376626229361392,-0.477383606380947));
#2013=CARTESIAN_POINT('',(12.639313662155,0.0376626229361392,9.9527075105575));
#2014=CARTESIAN_POINT('',(12.639313662155,0.0376626229361392,-3.11701308061154));
#2015=CARTESIAN_POINT('',(10.139313662155,0.0376626229361392,-3.11701308061154));
#2016=CARTESIAN_POINT('',(7.82420473301009,1.4324711238014,-3.72294214703158));
#2017=CARTESIAN_POINT('',(7.82420473301009,1.4324711238014,3.27705785296842));
#2018=CARTESIAN_POINT('',(7.82420473301009,13.4324711238014,3.27705785296842));
#2019=CARTESIAN_POINT('',(7.82420473301009,13.4324711238014,-3.72294214703158));
#2020=CARTESIAN_POINT('',(7.82420473301009,13.4324711238014,-3.72294214703158));
#2021=CARTESIAN_POINT('',(7.82420473301009,1.4324711238014,-3.72294214703158));
#2022=CARTESIAN_POINT('',(1.21020841980928,5.13543331659318,-3.72294214703158));
#2023=CARTESIAN_POINT('',(7.82420473301009,13.4324711238014,-3.72294214703158));
#2024=CARTESIAN_POINT('',(6.61020841980928,13.4324711238014,-3.72294214703158));
#2025=CARTESIAN_POINT('',(6.61020841980928,13.4324711238014,-3.72294214703158));
#2026=CARTESIAN_POINT('',(6.61020841980928,13.4324711238014,-3.72294214703158));
#2027=CARTESIAN_POINT('',(6.61020841980928,13.4324711238014,3.27705785296842));
#2028=CARTESIAN_POINT('',(6.61020841980928,13.4324711238014,3.27705785296842));
#2029=CARTESIAN_POINT('',(6.61020841980928,13.4324711238014,-3.72294214703158));
#2030=CARTESIAN_POINT('',(1.21020841980928,5.13543331659318,3.27705785296842));
#2031=CARTESIAN_POINT('',(5.19148676099447,5.13543331659318,3.27705785296842));
#2032=CARTESIAN_POINT('',(5.19148676099447,13.4324711238014,3.27705785296842));
#2033=CARTESIAN_POINT('',(1.21020841980928,13.4324711238014,3.27705785296842));
#2034=CARTESIAN_POINT('',(5.41020841980928,9.20148150092991,0.777057852968418));
#2035=CARTESIAN_POINT('',(5.41020841980928,13.4324711238014,0.777057852968418));
#2036=CARTESIAN_POINT('',(5.39422639577484,13.4324711238014,0.959733223586104));
#2037=CARTESIAN_POINT('',(5.39422615179461,9.27682133418855,0.959736012292852));
#2038=CARTESIAN_POINT('',(1.21020841980928,16.7354333165932,0.593681892752686));
#2039=CARTESIAN_POINT('',(1.21020841980928,13.4324711238014,0.593681892752686));
#2040=CARTESIAN_POINT('',(-2.97380931217605,13.4324711238014,0.959736012292853));
#2041=CARTESIAN_POINT('',(-2.97380931217605,16.7354333165932,0.959736012292853));
#2042=CARTESIAN_POINT('',(-2.77902783766361,5.14543331659319,3.186098453579));
#2043=CARTESIAN_POINT('',(-2.99691719453275,13.4324711238014,0.695611708349642));
#2044=CARTESIAN_POINT('',(-2.77106992137591,13.4324711238014,3.27705785296842));
#2045=CARTESIAN_POINT('',(-2.77106992137591,5.13543331659318,3.27705785296842));
#2046=CARTESIAN_POINT('',(1.21020841980928,5.13543331659318,3.27705785296842));
#2047=CARTESIAN_POINT('',(1.21020841980929,13.4324711238014,3.27705785296842));
#2048=CARTESIAN_POINT('',(-4.18979158019071,13.4324711238014,3.27705785296842));
#2049=CARTESIAN_POINT('',(-4.18979158019071,13.4324711238014,3.27705785296842));
#2050=CARTESIAN_POINT('',(-4.18979158019071,13.4324711238014,-3.72294214703158));
#2051=CARTESIAN_POINT('',(-4.18979158019071,13.4324711238014,-3.72294214703158));
#2052=CARTESIAN_POINT('',(-4.18979158019071,13.4324711238014,-3.72294214703158));
#2053=CARTESIAN_POINT('',(-4.18979158019071,13.4324711238014,-3.72294214703158));
#2054=CARTESIAN_POINT('',(1.21020841980928,5.13543331659318,-3.72294214703158));
#2055=CARTESIAN_POINT('',(-5.40378789339152,13.4324711238014,-3.72294214703158));
#2056=CARTESIAN_POINT('',(-5.40378789339152,13.4324711238014,-3.72294214703158));
#2057=CARTESIAN_POINT('',(-5.40378789339152,1.4324711238014,-3.72294214703158));
#2058=CARTESIAN_POINT('',(-5.40378789339152,1.4324711238014,-3.72294214703158));
#2059=CARTESIAN_POINT('',(-5.40378789339152,1.4324711238014,3.27705785296842));
#2060=CARTESIAN_POINT('',(-5.40378789339152,13.4324711238014,3.27705785296842));
#2061=CARTESIAN_POINT('',(-5.40378789339152,13.4324711238014,-3.72294214703158));
#2062=CARTESIAN_POINT('',(0.0140807074867719,5.13543331659318,7.0706902883331));
#2063=CARTESIAN_POINT('',(-6.89378200313451,5.13543331659318,2.23375274543832));
#2064=CARTESIAN_POINT('',(-6.8937820031345,13.4324711238014,2.23375274543832));
#2065=CARTESIAN_POINT('',(0.0140807074867737,13.4324711238014,7.07069028833309));
#2066=CARTESIAN_POINT('',(-13.8016447137558,5.13543331659318,7.0706902883331));
#2067=CARTESIAN_POINT('',(-13.8016447137558,13.4324711238014,7.07069028833309));
#2068=CARTESIAN_POINT('',(-8.38377611287749,13.4324711238014,3.27705785296842));
#2069=CARTESIAN_POINT('',(-8.38377611287749,1.4324711238014,3.27705785296842));
#2070=CARTESIAN_POINT('',(-8.38377611287749,1.4324711238014,-3.72294214703158));
#2071=CARTESIAN_POINT('',(-8.38377611287748,13.4324711238014,-3.72294214703158));
#2072=CARTESIAN_POINT('',(-8.38377611287748,13.4324711238014,-3.72294214703158));
#2073=CARTESIAN_POINT('',(-8.38377611287749,1.4324711238014,-3.72294214703158));
#2074=CARTESIAN_POINT('',(-14.9977724260783,5.13543331659318,-3.72294214703158));
#2075=CARTESIAN_POINT('',(-8.38377611287748,13.4324711238014,-3.72294214703158));
#2076=CARTESIAN_POINT('',(-9.59777242607829,13.4324711238014,-3.72294214703158));
#2077=CARTESIAN_POINT('',(-9.59777242607829,13.4324711238014,-3.72294214703158));
#2078=CARTESIAN_POINT('',(-9.59777242607829,13.4324711238014,-3.72294214703158));
#2079=CARTESIAN_POINT('',(-9.59777242607829,13.4324711238014,3.27705785296842));
#2080=CARTESIAN_POINT('',(-9.59777242607829,13.4324711238014,3.27705785296842));
#2081=CARTESIAN_POINT('',(-9.59777242607829,13.4324711238014,-3.72294214703158));
#2082=CARTESIAN_POINT('',(-14.9977724260783,5.13543331659318,3.27705785296842));
#2083=CARTESIAN_POINT('',(-11.0164940848931,5.13543331659318,3.27705785296842));
#2084=CARTESIAN_POINT('',(-11.0164940848931,13.4324711238014,3.27705785296842));
#2085=CARTESIAN_POINT('',(-14.9977724260783,13.4324711238014,3.27705785296842));
#2086=CARTESIAN_POINT('',(-11.0085361686054,5.14543331659319,3.186098453579));
#2087=CARTESIAN_POINT('',(-10.813754694093,16.7354333165932,0.959736012292853));
#2088=CARTESIAN_POINT('',(-10.813754694093,13.4324711238014,0.959736012292853));
#2089=CARTESIAN_POINT('',(-10.7906468117363,13.4324711238014,0.695611708349642));
#2090=CARTESIAN_POINT('',(-14.9977724260783,16.7354333165932,0.593681892752686));
#2091=CARTESIAN_POINT('',(-14.9977724260783,13.4324711238014,0.593681892752686));
#2092=CARTESIAN_POINT('',(-19.1817904020438,13.4324711238014,0.959733223586104));
#2093=CARTESIAN_POINT('',(-19.1817901580636,9.27682133418858,0.959736012292852));
#2094=CARTESIAN_POINT('',(-19.1977724260783,9.20148150092991,0.777057852968418));
#2095=CARTESIAN_POINT('',(-19.1977724260783,13.4324711238014,0.777057852968418));
#2096=CARTESIAN_POINT('',(-18.9790507672635,13.4324711238014,3.27705785296842));
#2097=CARTESIAN_POINT('',(-18.9790507672635,5.13543331659318,3.27705785296842));
#2098=CARTESIAN_POINT('',(-14.9977724260783,5.13543331659318,3.27705785296842));
#2099=CARTESIAN_POINT('',(-14.9977724260783,13.4324711238014,3.27705785296842));
#2100=CARTESIAN_POINT('',(-20.3977724260783,13.4324711238014,3.27705785296842));
#2101=CARTESIAN_POINT('',(-20.3977724260783,13.4324711238014,3.27705785296842));
#2102=CARTESIAN_POINT('',(-20.3977724260783,13.4324711238014,-3.72294214703158));
#2103=CARTESIAN_POINT('',(-20.3977724260783,13.4324711238014,-3.72294214703158));
#2104=CARTESIAN_POINT('',(-20.3977724260783,13.4324711238014,-3.72294214703158));
#2105=CARTESIAN_POINT('',(-20.3977724260783,13.4324711238014,-3.72294214703158));
#2106=CARTESIAN_POINT('',(-14.9977724260783,5.13543331659318,-3.72294214703158));
#2107=CARTESIAN_POINT('',(-21.6117687392791,13.4324711238014,-3.72294214703158));
#2108=CARTESIAN_POINT('',(-21.6117687392791,13.4324711238014,-3.72294214703158));
#2109=CARTESIAN_POINT('',(-21.6117687392791,1.43247112380143,-3.72294214703158));
#2110=CARTESIAN_POINT('',(-21.6117687392791,1.43247112380143,-3.72294214703158));
#2111=CARTESIAN_POINT('',(-21.6117687392791,1.43247112380143,3.27705785296842));
#2112=CARTESIAN_POINT('',(-21.6117687392791,13.4324711238014,3.27705785296842));
#2113=CARTESIAN_POINT('',(-21.6117687392791,13.4324711238014,-3.72294214703158));
#2114=CARTESIAN_POINT('',(-16.1939001384008,5.13543331659318,7.0706902883331));
#2115=CARTESIAN_POINT('',(-16.1939001384008,13.4324711238014,7.07069028833309));
#2116=CARTESIAN_POINT('',(-25.5407068850282,13.4324711238014,0.525985746155215));
#2117=CARTESIAN_POINT('',(-25.5407068850282,5.12117154457575,0.525985746155215));
#2118=CARTESIAN_POINT('',(-26.6067657941506,13.4324711238014,8.27705785296842));
#2119=CARTESIAN_POINT('',(-26.6067657941506,13.4324711238014,8.27705785296842));
#2120=CARTESIAN_POINT('',(-26.6067657941506,13.4324711238014,-1.52189436456726));
#2121=CARTESIAN_POINT('',(-26.6067657941506,13.4324711238014,-7.61701308061154));
#2122=CARTESIAN_POINT('',(-26.6067657941506,-0.462337377063863,-7.61701308061154));
#2123=CARTESIAN_POINT('',(-26.6067657941506,-0.462337377063865,-7.61701308061154));
#2124=CARTESIAN_POINT('',(-26.6067657941506,-0.462337377063863,-5.61701308061154));
#2125=CARTESIAN_POINT('',(-26.6067657941506,-0.462337377063863,-5.61701308061154));
#2126=CARTESIAN_POINT('',(-26.6067657941506,-2.96233737706387,-5.61701308061154));
#2127=CARTESIAN_POINT('',(-26.6067657941506,13.4324711238014,-1.52189436456726));
#2128=CARTESIAN_POINT('',(2.4063361321318,5.13543331659318,7.0706902883331));
#2129=CARTESIAN_POINT('',(10.7713216771591,13.4324711238014,1.21346435268971));
#2130=CARTESIAN_POINT('',(10.7713216771591,13.4324711238014,1.21346435268971));
#2131=CARTESIAN_POINT('',(2.4063361321318,13.4324711238014,7.07069028833309));
#2132=CARTESIAN_POINT('',(1.21020841980928,13.4324711238014,8.27705785296842));
#2133=CARTESIAN_POINT('',(-24.1067657941506,13.4324711238014,-1.52189436456726));
#2134=CARTESIAN_POINT('',(12.2052627680367,13.4324711238014,3.26134446341219));
#2135=CARTESIAN_POINT('',(14.2531428787592,13.4324711238014,1.82740337253458));
#2136=CARTESIAN_POINT('',(12.9924951667441,13.4324711238014,0.0270118554162643));
#2137=CARTESIAN_POINT('',(12.639313662155,13.4324711238014,-0.477383606380947));
#2138=CARTESIAN_POINT('',(12.639313662155,13.4324711238014,8.27705785296842));
#2139=CARTESIAN_POINT('',(12.639313662155,13.4324711238014,-7.61701308061154));
#2140=CARTESIAN_POINT('',(12.639313662155,13.4324711238014,-7.61701308061154));
#2141=CARTESIAN_POINT('',(23.3632158103801,13.313545343957,5.79981644859852));
#2142=CARTESIAN_POINT('',(23.3632158103801,12.714577457741,5.20084856238259));
#2143=CARTESIAN_POINT('',(20.8728979655183,13.436280235862,5.12687491167156));
#2144=CARTESIAN_POINT('',(20.8504945666867,13.2946025818584,5.14139669765957));
#2145=CARTESIAN_POINT('',(20.8949322575584,13.436280255884,4.99971902363401));
#2146=CARTESIAN_POINT('',(20.8774425749983,13.3895009070451,5.04649837247287));
#2147=CARTESIAN_POINT('',(20.8626140483002,13.3422241217172,5.09377515780075));
#2148=CARTESIAN_POINT('',(20.8504945666867,13.2946025818584,5.14139669765956));
#2149=CARTESIAN_POINT('',(20.8949322575584,13.436280255884,4.99971902363401));
#2150=CARTESIAN_POINT('',(23.3632158103801,13.436280235862,5.92255134050355));
#2151=CARTESIAN_POINT('',(23.3958206525316,13.3105962041656,5.80276558838993));
#2152=CARTESIAN_POINT('',(23.3958206525316,12.7092275383431,5.20139692256751));
#2153=CARTESIAN_POINT('',(25.9259515548071,13.2946025818584,5.14139669765956));
#2154=CARTESIAN_POINT('',(25.9035199954773,13.436280235862,5.12687491167156));
#2155=CARTESIAN_POINT('',(23.3958206525316,13.436280235862,5.92844962008639));
#2156=CARTESIAN_POINT('',(25.881488921127,13.4362802454962,4.99971903402173));
#2157=CARTESIAN_POINT('',(25.9259515548071,13.2946025818584,5.14139669765956));
#2158=CARTESIAN_POINT('',(25.9138050461394,13.3422217864336,5.09377749308437));
#2159=CARTESIAN_POINT('',(25.898968416829,13.3894978653112,5.04650141420682));
#2160=CARTESIAN_POINT('',(25.881488921127,13.4362802454962,4.99971903402173));
#2161=CARTESIAN_POINT('',(41.5504469889692,13.3105962041656,5.80276558838993));
#2162=CARTESIAN_POINT('',(41.5504469889692,12.7092275383431,5.20139692256751));
#2163=CARTESIAN_POINT('',(39.0203160866937,13.2946025818584,5.14139669765956));
#2164=CARTESIAN_POINT('',(39.0427476460235,13.436280235862,5.12687491167156));
#2165=CARTESIAN_POINT('',(39.0203160866937,13.2946025818584,5.14139669765956));
#2166=CARTESIAN_POINT('',(39.0324625953614,13.3422217864336,5.09377749308438));
#2167=CARTESIAN_POINT('',(39.0472992246718,13.3894978653111,5.04650141420682));
#2168=CARTESIAN_POINT('',(39.0647787203738,13.4362802454962,4.99971903402173));
#2169=CARTESIAN_POINT('',(39.0647787203738,13.4362802454962,4.99971903402173));
#2170=CARTESIAN_POINT('',(41.5504469889692,13.436280235862,5.92844962008639));
#2171=CARTESIAN_POINT('',(41.5830518311207,13.313545343957,5.79981644859852));
#2172=CARTESIAN_POINT('',(41.5830518311207,12.714577457741,5.20084856238259));
#2173=CARTESIAN_POINT('',(44.0733696759824,13.436280235862,5.12687491167156));
#2174=CARTESIAN_POINT('',(44.0957730748141,13.2946025818584,5.14139669765957));
#2175=CARTESIAN_POINT('',(41.5830518311207,13.436280235862,5.92255134050355));
#2176=CARTESIAN_POINT('',(44.0513353839424,13.436280255884,4.99971902363401));
#2177=CARTESIAN_POINT('',(44.0513353839424,13.436280255884,4.99971902363401));
#2178=CARTESIAN_POINT('',(44.0688250665025,13.3895009070451,5.04649837247287));
#2179=CARTESIAN_POINT('',(44.0836535932006,13.3422241217172,5.09377515780075));
#2180=CARTESIAN_POINT('',(44.0957730748141,13.2946025818584,5.14139669765956));
#2181=CARTESIAN_POINT('',(47.4428585576447,13.7235404431466,6.4692645747249));
#2182=CARTESIAN_POINT('',(44.4044602984708,-23.990052669993,6.44993000320005));
#2183=CARTESIAN_POINT('',(46.1381307687909,0.420640336877146,6.46096205787152));
#2184=CARTESIAN_POINT('',(31.7171446644963,1.31593529062926,6.36919542179921));
#2185=CARTESIAN_POINT('',(52.3069539793458,13.7235404431466,-0.477383606380947));
#2186=CARTESIAN_POINT('',(34.8596532211227,13.436280235862,24.4399441945055));
#2187=CARTESIAN_POINT('',(51.8548340900683,13.436280235862,0.168310512299211));
#2188=CARTESIAN_POINT('',(49.1384438519263,13.436280235862,4.04771781643541));
#2189=CARTESIAN_POINT('',(49.2075873920494,14.3996791540751,3.94897060742948));
#2190=CARTESIAN_POINT('',(51.8548340900683,13.7235404431466,0.168310512299215));
#2191=CARTESIAN_POINT('',(52.3069539793458,13.436280235862,9.9527075105575));
#2192=CARTESIAN_POINT('',(52.3069539793458,-0.462337377063861,-6.61701308061154));
#2193=CARTESIAN_POINT('',(52.3069539793458,-0.462337377063861,-7.61701308061154));
#2194=CARTESIAN_POINT('',(52.3069539793458,13.436280235862,-7.61701308061154));
#2195=CARTESIAN_POINT('',(52.3069539793458,13.436280235862,-7.61701308061154));
#2196=CARTESIAN_POINT('',(52.3069539793458,13.436280235862,9.9527075105575));
#2197=CARTESIAN_POINT('',(52.3069539793458,13.436280235862,-1.2656305785784));
#2198=CARTESIAN_POINT('',(52.3069539793458,13.436280235862,-1.2656305785784));
#2199=CARTESIAN_POINT('',(12.639313662155,13.436280235862,9.9527075105575));
#2200=CARTESIAN_POINT('',(12.639313662155,13.7235404431466,-0.477383606380947));
#2201=CARTESIAN_POINT('',(12.639313662155,13.436280235862,-0.477383606380947));
#2202=CARTESIAN_POINT('',(12.639313662155,13.436280235862,9.9527075105575));
#2203=CARTESIAN_POINT('',(12.639313662155,13.436280235862,-7.61701308061154));
#2204=CARTESIAN_POINT('',(12.639313662155,13.436280235862,-7.61701308061154));
#2205=CARTESIAN_POINT('',(0.,13.436280235862,0.0309522296988579));
#2206=CARTESIAN_POINT('',(64.9462676415008,13.436280235862,5.12687491167156));
#2207=CARTESIAN_POINT('',(47.0722686451888,13.436280235862,5.12687491167156));
#2208=CARTESIAN_POINT('',(47.0905637412038,13.436280235862,2.61377672555779));
#2209=CARTESIAN_POINT('',(49.8069539793458,13.436280235862,-1.2656305785784));
#2210=CARTESIAN_POINT('',(12.639313662155,13.436280235862,-7.61701308061154));
#2211=CARTESIAN_POINT('',(8.71994648323425,13.436280235862,-6.07482003064702));
#2212=CARTESIAN_POINT('',(15.8078237895745,13.436280235862,4.04771781643541));
#2213=CARTESIAN_POINT('',(17.8557039002969,13.436280235862,2.61377672555779));
#2214=CARTESIAN_POINT('',(17.8739989963119,13.436280235862,5.12687491167156));
#2215=CARTESIAN_POINT('',(8.96078709069738E-16,13.436280235862,5.12687491167156));
#2216=CARTESIAN_POINT('',(20.8950143323565,13.436280235862,4.99971086452001));
#2217=CARTESIAN_POINT('',(20.8590836109343,13.436280235862,4.63827373980279));
#2218=CARTESIAN_POINT('',(20.8845487581264,13.4362802358619,3.91453961798292));
#2219=CARTESIAN_POINT('',(21.3866558729622,13.4362802358622,2.90974066135603));
#2220=CARTESIAN_POINT('',(22.2988752263867,13.4362802358612,2.27183719759542));
#2221=CARTESIAN_POINT('',(23.3879130690107,13.4362802358623,2.06183566990602));
#2222=CARTESIAN_POINT('',(24.4732056361885,13.4362802358614,2.27045091024437));
#2223=CARTESIAN_POINT('',(25.3850105268484,13.4362802358621,2.90569181323757));
#2224=CARTESIAN_POINT('',(25.8898174001859,13.436280235862,3.90285475437151));
#2225=CARTESIAN_POINT('',(25.917444782584,13.436280235862,4.63728708248683));
#2226=CARTESIAN_POINT('',(25.8814158033926,13.436280235862,4.99971176531887));
#2227=CARTESIAN_POINT('',(8.96078709069738E-16,13.436280235862,5.12687491167156));
#2228=CARTESIAN_POINT('',(44.0512533091443,13.436280235862,4.99971086452001));
#2229=CARTESIAN_POINT('',(44.0871840305665,13.436280235862,4.63827373980279));
#2230=CARTESIAN_POINT('',(44.0617188833744,13.4362802358619,3.91453961798292));
#2231=CARTESIAN_POINT('',(43.5596117685386,13.4362802358622,2.90974066135603));
#2232=CARTESIAN_POINT('',(42.6473924151141,13.4362802358612,2.27183719759542));
#2233=CARTESIAN_POINT('',(41.5583545724901,13.4362802358623,2.06183566990601));
#2234=CARTESIAN_POINT('',(40.4730620053123,13.4362802358614,2.27045091024438));
#2235=CARTESIAN_POINT('',(39.5612571146524,13.4362802358622,2.90569181323757));
#2236=CARTESIAN_POINT('',(39.0564502413148,13.436280235862,3.90285475437149));
#2237=CARTESIAN_POINT('',(39.0288228589168,13.436280235862,4.63728708248683));
#2238=CARTESIAN_POINT('',(39.0648518381081,13.436280235862,4.99971176531887));
#2239=CARTESIAN_POINT('',(32.4731338207504,13.3664470760869,5.13403272500671));
#2240=CARTESIAN_POINT('',(46.9932413312776,12.3351675564155,5.2397376125121));
#2241=CARTESIAN_POINT('',(44.0956395247077,13.2945493732728,5.14140215147441));
#2242=CARTESIAN_POINT('',(44.2616501741516,12.882205471547,5.18366689630262));
#2243=CARTESIAN_POINT('',(44.4550696736101,12.2478884334991,5.24868361569894));
#2244=CARTESIAN_POINT('',(44.4027536529261,11.3384422564095,5.34190073482881));
#2245=CARTESIAN_POINT('',(44.0730655326519,10.7374135648996,5.40350543948137));
#2246=CARTESIAN_POINT('',(43.5147250674644,10.3430441078571,5.44392782574723));
#2247=CARTESIAN_POINT('',(42.6708751237487,10.0382846381743,5.47516529807604));
#2248=CARTESIAN_POINT('',(41.5563801906845,9.92162976416362,5.48712227976633));
#2249=CARTESIAN_POINT('',(40.4491403671265,10.037166617283,5.47527989384791));
#2250=CARTESIAN_POINT('',(39.6006311606977,10.343534452957,5.44387756597509));
#2251=CARTESIAN_POINT('',(39.0457597604839,10.7348766797172,5.40376546710515));
#2252=CARTESIAN_POINT('',(38.7140096335709,11.3361221310727,5.34213854483378));
#2253=CARTESIAN_POINT('',(38.6602116517642,12.2415408991026,5.24933423019917));
#2254=CARTESIAN_POINT('',(38.8541881660847,12.8815418589814,5.18373491577769));
#2255=CARTESIAN_POINT('',(39.02046333571,13.2945439155594,5.14140271088335));
#2256=CARTESIAN_POINT('',(20.8506281167931,13.2945493732728,5.14140215147441));
#2257=CARTESIAN_POINT('',(20.6846174673492,12.882205471547,5.18366689630262));
#2258=CARTESIAN_POINT('',(20.4911979678906,12.2478884334991,5.24868361569894));
#2259=CARTESIAN_POINT('',(20.5435139885747,11.3384422564095,5.34190073482881));
#2260=CARTESIAN_POINT('',(20.8732021088489,10.7374135648996,5.40350543948137));
#2261=CARTESIAN_POINT('',(21.4315425740364,10.3430441078571,5.44392782574723));
#2262=CARTESIAN_POINT('',(22.275392517752,10.0382846381743,5.47516529807603));
#2263=CARTESIAN_POINT('',(23.3898874508163,9.92162976416362,5.48712227976633));
#2264=CARTESIAN_POINT('',(24.4971272743742,10.037166617283,5.47527989384791));
#2265=CARTESIAN_POINT('',(25.3456364808031,10.343534452957,5.44387756597508));
#2266=CARTESIAN_POINT('',(25.9005078810169,10.7348766797173,5.40376546710516));
#2267=CARTESIAN_POINT('',(26.2322580079299,11.3361221310727,5.34213854483378));
#2268=CARTESIAN_POINT('',(26.2860559897366,12.2415408991026,5.24933423019916));
#2269=CARTESIAN_POINT('',(26.0920794754161,12.8815418589814,5.18373491577769));
#2270=CARTESIAN_POINT('',(25.9258043057908,13.2945439155594,5.14140271088335));
#2271=CARTESIAN_POINT('',(17.9530263102232,12.3351675564155,5.23973761251211));
#2272=CARTESIAN_POINT('',(18.8081368727098,0.420640336877148,6.46096205787153));
#2273=CARTESIAN_POINT('',(33.2291229770043,1.31593529062911,6.36919542179923));
#2274=CARTESIAN_POINT('',(12.639313662155,13.7235404431466,6.50021680442376));
#2275=CARTESIAN_POINT('',(20.5418073430299,-23.9900526699931,6.44993000320005));
#2276=CARTESIAN_POINT('',(12.639313662155,13.436280235862,9.9527075105575));
#2277=CARTESIAN_POINT('',(12.639313662155,-2.96233737706386,-3.11701308061154));
#2278=CARTESIAN_POINT('',(12.639313662155,13.7235404431466,-0.477383606380947));
#2279=CARTESIAN_POINT('',(12.639313662155,13.7235404431466,-0.477383606380947));
#2280=CARTESIAN_POINT('',(14.2531428787592,5.12117154457572,1.82740337253458));
#2281=CARTESIAN_POINT('',(15.7386802494513,14.3996791540751,3.94897060742948));
#2282=CARTESIAN_POINT('',(17.9530263102232,12.0802561694939,2.75276753130531));
#2283=CARTESIAN_POINT('',(-24.1067657941506,13.4324711238014,-1.52189436456726));
#2284=CARTESIAN_POINT('',(49.8069539793458,13.436280235862,-1.2656305785784));
#2285=CARTESIAN_POINT('',(46.9932413312776,12.0802561694939,2.75276753130531));
#2286=CARTESIAN_POINT('',(12.2052627680367,5.13543331659318,3.26134446341219));
#2287=CARTESIAN_POINT('',(0.,-2.96233737706386,0.));
#2288=CARTESIAN_POINT('',(12.639313662155,-2.96233737706386,-5.61701308061154));
#2289=CARTESIAN_POINT('',(5.41020841980298,-2.96233737706386,-5.61701308061154));
#2290=CARTESIAN_POINT('',(10.139313662155,-2.96233737706386,-5.61701308061154));
#2291=CARTESIAN_POINT('',(3.41020841980298,-2.96233737706386,-4.11701308061154));
#2292=CARTESIAN_POINT('',(3.41020841980297,-2.96233737706386,-6.61701308061154));
#2293=CARTESIAN_POINT('',(5.41020841980613,-2.96233737706386,-6.61701308061155));
#2294=CARTESIAN_POINT('',(-0.98979158018441,-2.96233737706386,-6.61701308061154));
#2295=CARTESIAN_POINT('',(-0.989791580184408,-2.96233737706386,-4.11701308061154));
#2296=CARTESIAN_POINT('',(-2.98979158018441,-2.96233737706386,-5.61701308061154));
#2297=CARTESIAN_POINT('',(-2.98979158018441,-2.96233737706386,-5.61701308061154));
#2298=CARTESIAN_POINT('',(-11.0164940848931,-2.96233737706386,-5.61701308061154));
#2299=CARTESIAN_POINT('',(-13.0172260734143,-2.96233737706386,-4.11701308061154));
#2300=CARTESIAN_POINT('',(-13.0172260734143,-2.96233737706386,-6.61701308061154));
#2301=CARTESIAN_POINT('',(-19.197772426072,-2.96233737706386,-6.61701308061153));
#2302=CARTESIAN_POINT('',(-16.9783187787423,-2.96233737706386,-6.61701308061153));
#2303=CARTESIAN_POINT('',(-16.9783187787423,-2.96233737706386,-4.11701308061153));
#2304=CARTESIAN_POINT('',(-18.9790507672635,-2.96233737706387,-5.61701308061154));
#2305=CARTESIAN_POINT('',(-18.9790507672635,-2.96233737706387,-5.61701308061154));
#2306=CARTESIAN_POINT('',(-24.1067657941506,-2.96233737706387,-5.61701308061154));
#2307=CARTESIAN_POINT('',(-24.1067657941506,-2.96233737706387,-6.61701308061154));
#2308=CARTESIAN_POINT('',(-24.1067657941506,-2.96233737706387,-7.61701308061154));
#2309=CARTESIAN_POINT('',(49.8069539793458,-2.96233737706386,-7.61701308061154));
#2310=CARTESIAN_POINT('',(49.8069539793458,-2.96233737706386,-7.61701308061154));
#2311=CARTESIAN_POINT('',(49.8069539793458,-2.96233737706386,-3.54878464266029));
#2312=CARTESIAN_POINT('',(10.139313662155,-2.96233737706386,-3.11701308061154));
#2313=CARTESIAN_POINT('',(41.5580468247965,-0.462337377063861,-5.31114374005242));
#2314=CARTESIAN_POINT('',(45.5524327771957,-0.462337377063861,-3.54878464266028));
#2315=CARTESIAN_POINT('',(44.5403843656465,-0.462337377063861,-4.65177174589466));
#2316=CARTESIAN_POINT('',(41.560934995329,-0.462337377063862,-5.96599208637354));
#2317=CARTESIAN_POINT('',(38.5753856443089,-0.462337377063861,-4.65140659207344));
#2318=CARTESIAN_POINT('',(37.5636722805075,-0.462337377063861,-3.54878464266028));
#2319=CARTESIAN_POINT('',(36.1377298189615,-0.586706828100638,-0.539172013598022));
#2320=CARTESIAN_POINT('',(36.1111707222582,-0.378583677755046,-0.582223508240055));
#2321=CARTESIAN_POINT('',(36.0846116255549,-0.170460527409453,-0.625275002882087));
#2322=CARTESIAN_POINT('',(36.0580525288516,0.0376626229361392,-0.668326497524119));
#2323=CARTESIAN_POINT('',(35.7321555184209,2.5914660619902,-1.19659572125379));
#2324=CARTESIAN_POINT('',(35.1388198802243,7.24097969618169,-2.15837489372004));
#2325=CARTESIAN_POINT('',(37.7862060187225,11.3554716179214,2.93168906804569));
#2326=CARTESIAN_POINT('',(38.9794822530616,13.2100274589432,5.22597182057472));
#2327=CARTESIAN_POINT('',(36.1377298189615,-0.599725650789991,0.89746687887847));
#2328=CARTESIAN_POINT('',(36.1111707222582,-0.387262892881281,0.84172157155959));
#2329=CARTESIAN_POINT('',(36.0846116255549,-0.174800134972571,0.785976264240711));
#2330=CARTESIAN_POINT('',(36.0580525288516,0.0376626229361392,0.730230956921832));
#2331=CARTESIAN_POINT('',(35.7321555184209,2.64471580715518,0.0462005772851413));
#2332=CARTESIAN_POINT('',(35.1388198802243,7.39117715955224,-1.19916095981891));
#2333=CARTESIAN_POINT('',(37.7862060187225,11.0731010223152,3.55874871099745));
#2334=CARTESIAN_POINT('',(38.9794822530616,12.732682213812,5.70331706570596));
#2335=CARTESIAN_POINT('',(36.2788063106939,-0.606232500959268,1.61550369708831));
#2336=CARTESIAN_POINT('',(36.2529384761879,-0.391600792994132,1.55341398066762));
#2337=CARTESIAN_POINT('',(36.2270706416819,-0.176969085028997,1.49132426424694));
#2338=CARTESIAN_POINT('',(36.2012028071759,0.0376626229361392,1.42923454782625));
#2339=CARTESIAN_POINT('',(35.8837880236085,2.67133020398724,0.667354232917822));
#2340=CARTESIAN_POINT('',(35.3058953239114,7.46624634309345,-0.719742697729658));
#2341=CARTESIAN_POINT('',(37.8843770873992,10.9319712748979,3.87215517187693));
#2342=CARTESIAN_POINT('',(39.0465955353631,12.4941034987316,5.9418957807864));
#2343=CARTESIAN_POINT('',(36.8218483244622,-0.618260324779359,2.94278496545702));
#2344=CARTESIAN_POINT('',(36.7986413472759,-0.399619342207526,2.86896769531466));
#2345=CARTESIAN_POINT('',(36.7754343700895,-0.180978359635693,2.79515042517231));
#2346=CARTESIAN_POINT('',(36.7522273929032,0.0376626229361392,2.72133315502995));
#2347=CARTESIAN_POINT('',(36.4674630211835,2.72052655365662,1.81554829621873));
#2348=CARTESIAN_POINT('',(35.9490144168018,7.60501070533662,0.166455423101229));
#2349=CARTESIAN_POINT('',(38.2622643893393,10.6710948610343,4.45148274166389));
#2350=CARTESIAN_POINT('',(39.3049329204514,12.0530939968132,6.38290528270474));
#2351=CARTESIAN_POINT('',(37.2236001826547,-0.623776565995107,3.55150718711437));
#2352=CARTESIAN_POINT('',(37.202361753657,-0.403296836351358,3.47231138664375));
#2353=CARTESIAN_POINT('',(37.1811233246593,-0.182817106707609,3.39311558617313));
#2354=CARTESIAN_POINT('',(37.1598848956616,0.0376626229361392,3.31391978570251));
#2355=CARTESIAN_POINT('',(36.8992758623835,2.74308914983111,2.34213693855324));
#2356=CARTESIAN_POINT('',(36.4248050261045,7.66865128618753,0.572886600724758));
#2357=CARTESIAN_POINT('',(38.5418319400861,10.5514508383169,4.71717590991111));
#2358=CARTESIAN_POINT('',(39.4960553785088,11.8508367283824,6.58516255113562));
#2359=CARTESIAN_POINT('',(38.2270109862831,-0.632982263801815,4.56736429010083));
#2360=CARTESIAN_POINT('',(38.2106891805186,-0.409433968222497,4.4791926086073));
#2361=CARTESIAN_POINT('',(38.1943673747541,-0.185885672643179,4.39102092711377));
#2362=CARTESIAN_POINT('',(38.1780455689896,0.0376626229361392,4.30284924562023));
#2363=CARTESIAN_POINT('',(37.9777666301798,2.78074240573373,3.22092662888366));
#2364=CARTESIAN_POINT('',(37.6131341598818,7.77485693105387,1.25115327799487));
#2365=CARTESIAN_POINT('',(39.240076627803,10.3517846753561,5.16057403565071));
#2366=CARTESIAN_POINT('',(39.9734006236401,11.5133026685829,6.92269661093507));
#2367=CARTESIAN_POINT('',(38.8282751324156,-0.636668098343788,4.97409947503905));
#2368=CARTESIAN_POINT('',(38.8148994672143,-0.411891191250479,4.88233397447677));
#2369=CARTESIAN_POINT('',(38.801523802013,-0.18711428415717,4.79056847391449));
#2370=CARTESIAN_POINT('',(38.7881481368117,0.0376626229361392,4.69880297335221));
#2371=CARTESIAN_POINT('',(38.6240202167126,2.79581825051352,3.57278191066251));
#2372=CARTESIAN_POINT('',(38.3252051275863,7.81738020768321,1.5227219086673));
#2373=CARTESIAN_POINT('',(39.6584790353049,10.2718410952216,5.3381045349146));
#2374=CARTESIAN_POINT('',(40.2594355957436,11.3781586824535,7.05784059706449));
#2375=CARTESIAN_POINT('',(40.1392945269933,-0.641650186095901,5.52387737748113));
#2376=CARTESIAN_POINT('',(40.1323427396208,-0.415212583085221,5.42725416511388));
#2377=CARTESIAN_POINT('',(40.1253909522482,-0.188774980074541,5.33063095274662));
#2378=CARTESIAN_POINT('',(40.1184391648756,0.0376626229361392,5.23400774037937));
#2379=CARTESIAN_POINT('',(40.0331363118763,2.81619604576581,4.04837946391802));
#2380=CARTESIAN_POINT('',(39.8778319638634,7.87485828849839,1.889797189265));
#2381=CARTESIAN_POINT('',(40.5707796846974,10.1637825464961,5.57806987137701));
#2382=CARTESIAN_POINT('',(40.8831172144919,11.1954865656235,7.24051271389447));
#2383=CARTESIAN_POINT('',(40.8485339452901,-0.642944479067259,5.66670378085701));
#2384=CARTESIAN_POINT('',(40.8450573676614,-0.416075445066126,5.56881858705569));
#2385=CARTESIAN_POINT('',(40.8415807900327,-0.189206411064994,5.47093339325437));
#2386=CARTESIAN_POINT('',(40.838104212404,0.0376626229361392,5.37304819945305));
#2387=CARTESIAN_POINT('',(40.7954443934958,2.82148997844607,4.17193460806644));
#2388=CARTESIAN_POINT('',(40.7177769400762,7.88979047751384,1.98515941074222));
#2389=CARTESIAN_POINT('',(41.0643189752396,10.1357100943296,5.64041029246262));
#2390=CARTESIAN_POINT('',(41.2205184690522,11.1480303086005,7.28796897091752));
#2391=CARTESIAN_POINT('',(42.2675711124132,-0.642944479067259,5.66670378085701));
#2392=CARTESIAN_POINT('',(42.2710476900419,-0.416075445066126,5.56881858705569));
#2393=CARTESIAN_POINT('',(42.2745242676706,-0.189206411064994,5.47093339325437));
#2394=CARTESIAN_POINT('',(42.2780008452993,0.0376626229361392,5.37304819945305));
#2395=CARTESIAN_POINT('',(42.3206606642075,2.82148997844607,4.17193460806644));
#2396=CARTESIAN_POINT('',(42.3983281176271,7.88979047751384,1.98515941074222));
#2397=CARTESIAN_POINT('',(42.0517860824637,10.1357100943296,5.64041029246262));
#2398=CARTESIAN_POINT('',(41.8955865886511,11.1480303086005,7.28796897091752));
#2399=CARTESIAN_POINT('',(42.9768105307099,-0.641650186095901,5.52387737748114));
#2400=CARTESIAN_POINT('',(42.9837623180825,-0.415212583085221,5.42725416511388));
#2401=CARTESIAN_POINT('',(42.9907141054551,-0.188774980074541,5.33063095274662));
#2402=CARTESIAN_POINT('',(42.9976658928277,0.0376626229361392,5.23400774037937));
#2403=CARTESIAN_POINT('',(43.0829687458269,2.81619604576581,4.04837946391802));
#2404=CARTESIAN_POINT('',(43.2382730938399,7.87485828849839,1.889797189265));
#2405=CARTESIAN_POINT('',(42.5453253730059,10.1637825464961,5.57806987137701));
#2406=CARTESIAN_POINT('',(42.2329878432114,11.1954865656235,7.24051271389447));
#2407=CARTESIAN_POINT('',(44.2878299252877,-0.636668098343788,4.97409947503905));
#2408=CARTESIAN_POINT('',(44.301205590489,-0.411891191250479,4.88233397447677));
#2409=CARTESIAN_POINT('',(44.3145812556903,-0.18711428415717,4.79056847391449));
#2410=CARTESIAN_POINT('',(44.3279569208916,0.0376626229361392,4.69880297335221));
#2411=CARTESIAN_POINT('',(44.4920848409906,2.79581825051352,3.57278191066251));
#2412=CARTESIAN_POINT('',(44.7908999301169,7.81738020768321,1.5227219086673));
#2413=CARTESIAN_POINT('',(43.4576260223984,10.2718410952216,5.3381045349146));
#2414=CARTESIAN_POINT('',(42.8566694619597,11.3781586824535,7.05784059706449));
#2415=CARTESIAN_POINT('',(44.8890940714201,-0.632982263801815,4.56736429010083));
#2416=CARTESIAN_POINT('',(44.9054158771847,-0.409433968222497,4.4791926086073));
#2417=CARTESIAN_POINT('',(44.9217376829492,-0.185885672643179,4.39102092711377));
#2418=CARTESIAN_POINT('',(44.9380594887137,0.0376626229361392,4.30284924562024));
#2419=CARTESIAN_POINT('',(45.1383384275235,2.78074240573373,3.22092662888366));
#2420=CARTESIAN_POINT('',(45.5029708978215,7.77485693105387,1.25115327799487));
#2421=CARTESIAN_POINT('',(43.8760284299003,10.3517846753561,5.16057403565071));
#2422=CARTESIAN_POINT('',(43.1427044340632,11.5133026685829,6.92269661093507));
#2423=CARTESIAN_POINT('',(45.8925048750486,-0.623776565995107,3.55150718711438));
#2424=CARTESIAN_POINT('',(45.9137433040463,-0.403296836351358,3.47231138664375));
#2425=CARTESIAN_POINT('',(45.934981733044,-0.182817106707609,3.39311558617313));
#2426=CARTESIAN_POINT('',(45.9562201620416,0.0376626229361392,3.31391978570251));
#2427=CARTESIAN_POINT('',(46.2168291953198,2.74308914983111,2.34213693855324));
#2428=CARTESIAN_POINT('',(46.6913000315988,7.66865128618753,0.572886600724753));
#2429=CARTESIAN_POINT('',(44.5742731176172,10.5514508383169,4.71717590991111));
#2430=CARTESIAN_POINT('',(43.6200496791944,11.8508367283824,6.58516255113562));
#2431=CARTESIAN_POINT('',(46.2942567332411,-0.618260324779359,2.94278496545702));
#2432=CARTESIAN_POINT('',(46.3174637104274,-0.399619342207526,2.86896769531466));
#2433=CARTESIAN_POINT('',(46.3406706876137,-0.180978359635693,2.79515042517231));
#2434=CARTESIAN_POINT('',(46.3638776648001,0.0376626229361392,2.72133315502995));
#2435=CARTESIAN_POINT('',(46.6486420365198,2.72052655365662,1.81554829621873));
#2436=CARTESIAN_POINT('',(47.1670906409015,7.60501070533662,0.166455423101225));
#2437=CARTESIAN_POINT('',(44.853840668364,10.6710948610343,4.45148274166389));
#2438=CARTESIAN_POINT('',(43.8111721372518,12.0530939968132,6.38290528270474));
#2439=CARTESIAN_POINT('',(46.8372987470094,-0.606232500959268,1.61550369708831));
#2440=CARTESIAN_POINT('',(46.8631665815154,-0.391600792994132,1.55341398066762));
#2441=CARTESIAN_POINT('',(46.8890344160214,-0.176969085028997,1.49132426424694));
#2442=CARTESIAN_POINT('',(46.9149022505274,0.0376626229361392,1.42923454782625));
#2443=CARTESIAN_POINT('',(47.2323170340948,2.67133020398724,0.667354232917821));
#2444=CARTESIAN_POINT('',(47.8102097337918,7.46624634309345,-0.719742697729661));
#2445=CARTESIAN_POINT('',(45.2317279703041,10.9319712748979,3.87215517187693));
#2446=CARTESIAN_POINT('',(44.0695095223402,12.4941034987316,5.9418957807864));
#2447=CARTESIAN_POINT('',(46.9783752387417,-0.599725650789991,0.897466878878474));
#2448=CARTESIAN_POINT('',(47.004934335445,-0.387262892881281,0.841721571559594));
#2449=CARTESIAN_POINT('',(47.0314934321483,-0.174800134972571,0.785976264240715));
#2450=CARTESIAN_POINT('',(47.0580525288516,0.0376626229361392,0.730230956921835));
#2451=CARTESIAN_POINT('',(47.3839495392824,2.64471580715518,0.0462005772851413));
#2452=CARTESIAN_POINT('',(47.977285177479,7.39117715955224,-1.19916095981892));
#2453=CARTESIAN_POINT('',(45.3298990389807,11.0731010223152,3.55874871099745));
#2454=CARTESIAN_POINT('',(44.1366228046416,12.732682213812,5.70331706570596));
#2455=CARTESIAN_POINT('',(46.9783752387417,-0.586706828100638,-0.539172013598018));
#2456=CARTESIAN_POINT('',(47.004934335445,-0.378583677755046,-0.582223508240051));
#2457=CARTESIAN_POINT('',(47.0314934321483,-0.170460527409453,-0.625275002882083));
#2458=CARTESIAN_POINT('',(47.0580525288516,0.0376626229361392,-0.668326497524116));
#2459=CARTESIAN_POINT('',(47.3839495392824,2.5914660619902,-1.19659572125379));
#2460=CARTESIAN_POINT('',(47.977285177479,7.24097969618169,-2.15837489372005));
#2461=CARTESIAN_POINT('',(45.3298990389807,11.3554716179214,2.93168906804569));
#2462=CARTESIAN_POINT('',(44.1366228046416,13.2100274589432,5.22597182057472));
#2463=CARTESIAN_POINT('',(46.8372987470094,-0.580199977931358,-1.25720883180786));
#2464=CARTESIAN_POINT('',(46.8631665815154,-0.374245777642192,-1.29391591734808));
#2465=CARTESIAN_POINT('',(46.8890344160214,-0.168291577353026,-1.33062300288831));
#2466=CARTESIAN_POINT('',(46.9149022505274,0.0376626229361392,-1.36733008842854));
#2467=CARTESIAN_POINT('',(47.2323170340948,2.56485166515813,-1.81774937688647));
#2468=CARTESIAN_POINT('',(47.8102097337918,7.16591051264047,-2.6377931558093));
#2469=CARTESIAN_POINT('',(45.2317279703041,11.4966013653387,2.61828260716621));
#2470=CARTESIAN_POINT('',(44.0695095223402,13.4486061740237,4.98739310549428));
#2471=CARTESIAN_POINT('',(46.2942567332411,-0.568172154111271,-2.58449010017657));
#2472=CARTESIAN_POINT('',(46.3174637104274,-0.366227228428801,-2.60946963199512));
#2473=CARTESIAN_POINT('',(46.3406706876137,-0.164282302746331,-2.63444916381368));
#2474=CARTESIAN_POINT('',(46.3638776648001,0.0376626229361392,-2.65942869563224));
#2475=CARTESIAN_POINT('',(46.6486420365198,2.51565531548876,-2.96594344018738));
#2476=CARTESIAN_POINT('',(47.1670906409015,7.02714615039732,-3.52399127664018));
#2477=CARTESIAN_POINT('',(44.853840668364,11.7574777792023,2.03895503737925));
#2478=CARTESIAN_POINT('',(43.8111721372518,13.889615675942,4.54638360357595));
#2479=CARTESIAN_POINT('',(45.8925048750486,-0.562655912895523,-3.19321232183392));
#2480=CARTESIAN_POINT('',(45.9137433040463,-0.362549734284969,-3.21281332332421));
#2481=CARTESIAN_POINT('',(45.934981733044,-0.162443555674415,-3.2324143248145));
#2482=CARTESIAN_POINT('',(45.9562201620416,0.0376626229361392,-3.25201532630479));
#2483=CARTESIAN_POINT('',(46.2168291953198,2.49309271931428,-3.49253208252189));
#2484=CARTESIAN_POINT('',(46.6913000315988,6.96350556954639,-3.93042245426372));
#2485=CARTESIAN_POINT('',(44.5742731176172,11.8771218019197,1.77326186913203));
#2486=CARTESIAN_POINT('',(43.6200496791944,14.0918729443729,4.34412633514507));
#2487=CARTESIAN_POINT('',(44.8890940714201,-0.553450215088814,-4.20906942482038));
#2488=CARTESIAN_POINT('',(44.9054158771847,-0.35641260241383,-4.21969454528776));
#2489=CARTESIAN_POINT('',(44.9217376829492,-0.159374989738845,-4.23031966575514));
#2490=CARTESIAN_POINT('',(44.9380594887137,0.0376626229361392,-4.24094478622252));
#2491=CARTESIAN_POINT('',(45.1383384275235,2.45543946341166,-4.37132177285231));
#2492=CARTESIAN_POINT('',(45.5029708978215,6.85729992468006,-4.60868913153383));
#2493=CARTESIAN_POINT('',(43.8760284299003,12.0767879648805,1.32986374339243));
#2494=CARTESIAN_POINT('',(43.1427044340632,14.4294070041723,4.00659227534562));
#2495=CARTESIAN_POINT('',(44.2878299252877,-0.549764380546838,-4.6158046097586));
#2496=CARTESIAN_POINT('',(44.301205590489,-0.353955379385846,-4.62283591115723));
#2497=CARTESIAN_POINT('',(44.3145812556903,-0.158146378224853,-4.62986721255586));
#2498=CARTESIAN_POINT('',(44.3279569208916,0.0376626229361392,-4.63689851395449));
#2499=CARTESIAN_POINT('',(44.4920848409906,2.44036361863185,-4.72317705463116));
#2500=CARTESIAN_POINT('',(44.7908999301169,6.8147766480507,-4.88025776220626));
#2501=CARTESIAN_POINT('',(43.4576260223984,12.156731545015,1.15233324412854));
#2502=CARTESIAN_POINT('',(42.8566694619597,14.5645509903018,3.87144828921619));
#2503=CARTESIAN_POINT('',(42.9768105307099,-0.544782292794725,-5.16558251220069));
#2504=CARTESIAN_POINT('',(42.9837623180825,-0.350633987551104,-5.16775610179434));
#2505=CARTESIAN_POINT('',(42.9907141054551,-0.156485682307482,-5.169929691388));
#2506=CARTESIAN_POINT('',(42.9976658928277,0.0376626229361392,-5.17210328098165));
#2507=CARTESIAN_POINT('',(43.0829687458269,2.41998582337956,-5.19877460788667));
#2508=CARTESIAN_POINT('',(43.2382730938399,6.75729856723554,-5.24733304280397));
#2509=CARTESIAN_POINT('',(42.5453253730059,12.2647900937405,0.912367907666136));
#2510=CARTESIAN_POINT('',(42.2329878432114,14.7472231071318,3.68877617238621));
#2511=CARTESIAN_POINT('',(42.2675711124132,-0.543487999823371,-5.30840891557656));
#2512=CARTESIAN_POINT('',(42.2710476900419,-0.349771125570201,-5.30932052373615));
#2513=CARTESIAN_POINT('',(42.2745242676706,-0.156054251317031,-5.31023213189574));
#2514=CARTESIAN_POINT('',(42.2780008452993,0.0376626229361392,-5.31114374005533));
#2515=CARTESIAN_POINT('',(42.3206606642075,2.41469189069931,-5.32232975203509));
#2516=CARTESIAN_POINT('',(42.3983281176271,6.74236637822009,-5.34269526428118));
#2517=CARTESIAN_POINT('',(42.0517860824637,12.292862545907,0.850027486580519));
#2518=CARTESIAN_POINT('',(41.8955865886511,14.7946793641548,3.64131991536317));
#2519=CARTESIAN_POINT('',(40.8485339452901,-0.543487999823371,-5.30840891557656));
#2520=CARTESIAN_POINT('',(40.8450573676614,-0.349771125570201,-5.30932052373615));
#2521=CARTESIAN_POINT('',(40.8415807900327,-0.156054251317031,-5.31023213189574));
#2522=CARTESIAN_POINT('',(40.838104212404,0.0376626229361392,-5.31114374005533));
#2523=CARTESIAN_POINT('',(40.7954443934958,2.41469189069931,-5.32232975203509));
#2524=CARTESIAN_POINT('',(40.7177769400762,6.74236637822009,-5.34269526428118));
#2525=CARTESIAN_POINT('',(41.0643189752396,12.292862545907,0.850027486580519));
#2526=CARTESIAN_POINT('',(41.2205184690522,14.7946793641548,3.64131991536317));
#2527=CARTESIAN_POINT('',(40.1392945269933,-0.544782292794725,-5.16558251220069));
#2528=CARTESIAN_POINT('',(40.1323427396208,-0.350633987551104,-5.16775610179434));
#2529=CARTESIAN_POINT('',(40.1253909522482,-0.156485682307482,-5.169929691388));
#2530=CARTESIAN_POINT('',(40.1184391648756,0.0376626229361392,-5.17210328098165));
#2531=CARTESIAN_POINT('',(40.0331363118763,2.41998582337956,-5.19877460788667));
#2532=CARTESIAN_POINT('',(39.8778319638634,6.75729856723554,-5.24733304280396));
#2533=CARTESIAN_POINT('',(40.5707796846974,12.2647900937405,0.912367907666136));
#2534=CARTESIAN_POINT('',(40.8831172144919,14.7472231071318,3.68877617238621));
#2535=CARTESIAN_POINT('',(38.8282751324155,-0.549764380546838,-4.6158046097586));
#2536=CARTESIAN_POINT('',(38.8148994672143,-0.353955379385846,-4.62283591115723));
#2537=CARTESIAN_POINT('',(38.801523802013,-0.158146378224853,-4.62986721255586));
#2538=CARTESIAN_POINT('',(38.7881481368117,0.0376626229361392,-4.63689851395449));
#2539=CARTESIAN_POINT('',(38.6240202167126,2.44036361863185,-4.72317705463116));
#2540=CARTESIAN_POINT('',(38.3252051275863,6.8147766480507,-4.88025776220626));
#2541=CARTESIAN_POINT('',(39.6584790353049,12.156731545015,1.15233324412854));
#2542=CARTESIAN_POINT('',(40.2594355957436,14.5645509903018,3.87144828921619));
#2543=CARTESIAN_POINT('',(38.2270109862831,-0.553450215088814,-4.20906942482038));
#2544=CARTESIAN_POINT('',(38.2106891805186,-0.35641260241383,-4.21969454528776));
#2545=CARTESIAN_POINT('',(38.1943673747541,-0.159374989738845,-4.23031966575514));
#2546=CARTESIAN_POINT('',(38.1780455689896,0.0376626229361392,-4.24094478622252));
#2547=CARTESIAN_POINT('',(37.9777666301798,2.45543946341166,-4.37132177285231));
#2548=CARTESIAN_POINT('',(37.6131341598818,6.85729992468006,-4.60868913153383));
#2549=CARTESIAN_POINT('',(39.240076627803,12.0767879648805,1.32986374339243));
#2550=CARTESIAN_POINT('',(39.9734006236401,14.4294070041723,4.00659227534562));
#2551=CARTESIAN_POINT('',(37.2236001826547,-0.562655912895523,-3.19321232183392));
#2552=CARTESIAN_POINT('',(37.202361753657,-0.362549734284969,-3.21281332332421));
#2553=CARTESIAN_POINT('',(37.1811233246593,-0.162443555674415,-3.2324143248145));
#2554=CARTESIAN_POINT('',(37.1598848956616,0.0376626229361392,-3.25201532630479));
#2555=CARTESIAN_POINT('',(36.8992758623835,2.49309271931428,-3.4925320825219));
#2556=CARTESIAN_POINT('',(36.4248050261045,6.96350556954639,-3.93042245426372));
#2557=CARTESIAN_POINT('',(38.5418319400861,11.8771218019197,1.77326186913203));
#2558=CARTESIAN_POINT('',(39.4960553785088,14.0918729443729,4.34412633514507));
#2559=CARTESIAN_POINT('',(36.8218483244622,-0.568172154111271,-2.58449010017657));
#2560=CARTESIAN_POINT('',(36.7986413472759,-0.366227228428801,-2.60946963199513));
#2561=CARTESIAN_POINT('',(36.7754343700895,-0.164282302746331,-2.63444916381368));
#2562=CARTESIAN_POINT('',(36.7522273929032,0.0376626229361392,-2.65942869563224));
#2563=CARTESIAN_POINT('',(36.4674630211835,2.51565531548876,-2.96594344018738));
#2564=CARTESIAN_POINT('',(35.9490144168018,7.02714615039732,-3.52399127664018));
#2565=CARTESIAN_POINT('',(38.2622643893393,11.7574777792023,2.03895503737926));
#2566=CARTESIAN_POINT('',(39.3049329204514,13.889615675942,4.54638360357595));
#2567=CARTESIAN_POINT('',(36.2788063106939,-0.580199977931358,-1.25720883180786));
#2568=CARTESIAN_POINT('',(36.2529384761879,-0.374245777642192,-1.29391591734809));
#2569=CARTESIAN_POINT('',(36.2270706416819,-0.168291577353026,-1.33062300288831));
#2570=CARTESIAN_POINT('',(36.2012028071759,0.0376626229361392,-1.36733008842854));
#2571=CARTESIAN_POINT('',(35.8837880236085,2.56485166515813,-1.81774937688647));
#2572=CARTESIAN_POINT('',(35.3058953239114,7.16591051264047,-2.6377931558093));
#2573=CARTESIAN_POINT('',(37.8843770873992,11.4966013653387,2.61828260716622));
#2574=CARTESIAN_POINT('',(39.0465955353631,13.4486061740237,4.98739310549429));
#2575=CARTESIAN_POINT('',(36.1377298189615,-0.586706828100638,-0.539172013598022));
#2576=CARTESIAN_POINT('',(36.1111707222582,-0.378583677755046,-0.582223508240055));
#2577=CARTESIAN_POINT('',(36.0846116255549,-0.170460527409453,-0.625275002882087));
#2578=CARTESIAN_POINT('',(36.0580525288516,0.0376626229361392,-0.668326497524119));
#2579=CARTESIAN_POINT('',(35.7321555184209,2.5914660619902,-1.19659572125379));
#2580=CARTESIAN_POINT('',(35.1388198802243,7.24097969618169,-2.15837489372004));
#2581=CARTESIAN_POINT('',(37.7862060187225,11.3554716179214,2.93168906804569));
#2582=CARTESIAN_POINT('',(38.9794822530616,13.2100274589432,5.22597182057472));
#2583=CARTESIAN_POINT('',(36.1377298189615,-0.599725650789991,0.89746687887847));
#2584=CARTESIAN_POINT('',(36.1111707222582,-0.387262892881281,0.84172157155959));
#2585=CARTESIAN_POINT('',(36.0846116255549,-0.174800134972571,0.785976264240711));
#2586=CARTESIAN_POINT('',(36.0580525288516,0.0376626229361392,0.730230956921832));
#2587=CARTESIAN_POINT('',(35.7321555184209,2.64471580715518,0.0462005772851413));
#2588=CARTESIAN_POINT('',(35.1388198802243,7.39117715955224,-1.19916095981891));
#2589=CARTESIAN_POINT('',(37.7862060187225,11.0731010223152,3.55874871099745));
#2590=CARTESIAN_POINT('',(38.9794822530616,12.732682213812,5.70331706570596));
#2591=CARTESIAN_POINT('',(23.3882151126413,-0.462337377063861,-5.31114374005533));
#2592=CARTESIAN_POINT('',(27.3825953609933,-0.462337377063862,-3.54878464266028));
#2593=CARTESIAN_POINT('',(26.3705469497725,-0.462337377063862,-4.65177174553668));
#2594=CARTESIAN_POINT('',(23.3910975788795,-0.462337377063863,-5.96599208655631));
#2595=CARTESIAN_POINT('',(20.4055482280996,-0.462337377063861,-4.65140659206594));
#2596=CARTESIAN_POINT('',(19.393834864305,-0.462337377063861,-3.54878464266027));
#2597=CARTESIAN_POINT('',(28.8085378225397,-0.586706828096998,-0.539172013598776));
#2598=CARTESIAN_POINT('',(28.8350969192429,-0.378583677752619,-0.582223508240557));
#2599=CARTESIAN_POINT('',(28.861656015946,-0.17046052740824,-0.625275002882338));
#2600=CARTESIAN_POINT('',(28.8882151126491,0.0376626229361392,-0.668326497524119));
#2601=CARTESIAN_POINT('',(29.2141121230799,2.5914660619902,-1.19659572125379));
#2602=CARTESIAN_POINT('',(29.8074477612765,7.24097969618169,-2.15837489372004));
#2603=CARTESIAN_POINT('',(27.1600616227782,11.3554716179214,2.93168906804569));
#2604=CARTESIAN_POINT('',(25.9667853884391,13.2100274589432,5.22597182057472));
#2605=CARTESIAN_POINT('',(28.8085378225397,-0.599725650786275,0.897466878877495));
#2606=CARTESIAN_POINT('',(28.8350969192429,-0.387262892878803,0.84172157155894));
#2607=CARTESIAN_POINT('',(28.861656015946,-0.174800134971332,0.785976264240386));
#2608=CARTESIAN_POINT('',(28.8882151126491,0.0376626229361392,0.730230956921832));
#2609=CARTESIAN_POINT('',(29.2141121230799,2.64471580715518,0.0462005772851413));
#2610=CARTESIAN_POINT('',(29.8074477612765,7.39117715955224,-1.19916095981891));
#2611=CARTESIAN_POINT('',(27.1600616227782,11.0731010223152,3.55874871099745));
#2612=CARTESIAN_POINT('',(25.9667853884391,12.732682213812,5.70331706570596));
#2613=CARTESIAN_POINT('',(28.6674613308073,-0.606232500955514,1.61550369708722));
#2614=CARTESIAN_POINT('',(28.6933291653132,-0.391600792991629,1.5534139806669));
#2615=CARTESIAN_POINT('',(28.719196999819,-0.176969085027745,1.49132426424658));
#2616=CARTESIAN_POINT('',(28.7450648343249,0.0376626229361392,1.42923454782625));
#2617=CARTESIAN_POINT('',(29.0624796178923,2.67133020398724,0.667354232917822));
#2618=CARTESIAN_POINT('',(29.6403723175894,7.46624634309345,-0.719742697729658));
#2619=CARTESIAN_POINT('',(27.0618905541016,10.9319712748979,3.87215517187693));
#2620=CARTESIAN_POINT('',(25.8996721061377,12.4941034987316,5.9418957807864));
#2621=CARTESIAN_POINT('',(28.124419317039,-0.618260324775534,2.94278496545573));
#2622=CARTESIAN_POINT('',(28.1476262942252,-0.399619342204976,2.8689676953138));
#2623=CARTESIAN_POINT('',(28.1708332714114,-0.180978359634418,2.79515042517188));
#2624=CARTESIAN_POINT('',(28.1940402485976,0.0376626229361392,2.72133315502995));
#2625=CARTESIAN_POINT('',(28.4788046203173,2.72052655365662,1.81554829621873));
#2626=CARTESIAN_POINT('',(28.997253224699,7.60501070533662,0.166455423101229));
#2627=CARTESIAN_POINT('',(26.6840032521615,10.6710948610343,4.45148274166389));
#2628=CARTESIAN_POINT('',(25.6413347210493,12.0530939968132,6.38290528270474));
#2629=CARTESIAN_POINT('',(27.7226674588465,-0.62377656599125,3.55150718711299));
#2630=CARTESIAN_POINT('',(27.743905887844,-0.403296836348787,3.47231138664283));
#2631=CARTESIAN_POINT('',(27.7651443168416,-0.182817106706324,3.39311558617267));
#2632=CARTESIAN_POINT('',(27.7863827458391,0.0376626229361392,3.31391978570251));
#2633=CARTESIAN_POINT('',(28.0469917791173,2.74308914983111,2.34213693855324));
#2634=CARTESIAN_POINT('',(28.5214626153963,7.66865128618753,0.572886600724758));
#2635=CARTESIAN_POINT('',(26.4044357014147,10.5514508383169,4.71717590991111));
#2636=CARTESIAN_POINT('',(25.4502122629919,11.8508367283824,6.58516255113562));
#2637=CARTESIAN_POINT('',(26.7192566552179,-0.632982263797905,4.56736429009929));
#2638=CARTESIAN_POINT('',(26.7355784609824,-0.40943396821989,4.47919260860627));
#2639=CARTESIAN_POINT('',(26.7519002667468,-0.185885672641875,4.39102092711325));
#2640=CARTESIAN_POINT('',(26.7682220725112,0.0376626229361392,4.30284924562023));
#2641=CARTESIAN_POINT('',(26.968501011321,2.78074240573373,3.22092662888366));
#2642=CARTESIAN_POINT('',(27.333133481619,7.77485693105387,1.25115327799487));
#2643=CARTESIAN_POINT('',(25.7061910136978,10.3517846753561,5.16057403565071));
#2644=CARTESIAN_POINT('',(24.9728670178607,11.5133026685829,6.92269661093507));
#2645=CARTESIAN_POINT('',(26.1179925090855,-0.636668098339856,4.97409947503745));
#2646=CARTESIAN_POINT('',(26.1313681742867,-0.411891191247857,4.8823339744757));
#2647=CARTESIAN_POINT('',(26.1447438394879,-0.187114284155859,4.79056847391395));
#2648=CARTESIAN_POINT('',(26.1581195046891,0.0376626229361392,4.69880297335221));
#2649=CARTESIAN_POINT('',(26.3222474247881,2.79581825051352,3.57278191066251));
#2650=CARTESIAN_POINT('',(26.6210625139144,7.81738020768321,1.5227219086673));
#2651=CARTESIAN_POINT('',(25.2877886061959,10.2718410952216,5.3381045349146));
#2652=CARTESIAN_POINT('',(24.6868320457572,11.3781586824535,7.05784059706449));
#2653=CARTESIAN_POINT('',(24.8069731145076,-0.64165018609194,5.52387737747945));
#2654=CARTESIAN_POINT('',(24.8139249018801,-0.41521258308258,5.42725416511275));
#2655=CARTESIAN_POINT('',(24.8208766892526,-0.188774980073221,5.33063095274606));
#2656=CARTESIAN_POINT('',(24.8278284766252,0.0376626229361392,5.23400774037937));
#2657=CARTESIAN_POINT('',(24.9131313296244,2.81619604576581,4.04837946391802));
#2658=CARTESIAN_POINT('',(25.0684356776374,7.87485828849839,1.889797189265));
#2659=CARTESIAN_POINT('',(24.3754879568034,10.1637825464961,5.57806987137701));
#2660=CARTESIAN_POINT('',(24.0631504270089,11.1954865656235,7.24051271389447));
#2661=CARTESIAN_POINT('',(24.0977336962107,-0.64294447906329,5.6667037808553));
#2662=CARTESIAN_POINT('',(24.1012102738394,-0.41607544506348,5.56881858705455));
#2663=CARTESIAN_POINT('',(24.1046868514681,-0.189206411063671,5.4709333932538));
#2664=CARTESIAN_POINT('',(24.1081634290968,0.0376626229361392,5.37304819945305));
#2665=CARTESIAN_POINT('',(24.150823248005,2.82148997844607,4.17193460806644));
#2666=CARTESIAN_POINT('',(24.2284907014246,7.88979047751384,1.98515941074222));
#2667=CARTESIAN_POINT('',(23.8819486662612,10.1357100943296,5.64041029246262));
#2668=CARTESIAN_POINT('',(23.7257491724486,11.1480303086005,7.28796897091752));
#2669=CARTESIAN_POINT('',(22.6786965290876,-0.64294447906329,5.6667037808553));
#2670=CARTESIAN_POINT('',(22.6752199514589,-0.41607544506348,5.56881858705455));
#2671=CARTESIAN_POINT('',(22.6717433738302,-0.189206411063671,5.4709333932538));
#2672=CARTESIAN_POINT('',(22.6682667962015,0.0376626229361392,5.37304819945305));
#2673=CARTESIAN_POINT('',(22.6256069772933,2.82148997844607,4.17193460806644));
#2674=CARTESIAN_POINT('',(22.5479395238737,7.88979047751384,1.98515941074222));
#2675=CARTESIAN_POINT('',(22.8944815590371,10.1357100943296,5.64041029246262));
#2676=CARTESIAN_POINT('',(23.0506810528497,11.1480303086005,7.28796897091752));
#2677=CARTESIAN_POINT('',(21.9694571107907,-0.64165018609194,5.52387737747945));
#2678=CARTESIAN_POINT('',(21.9625053234182,-0.41521258308258,5.42725416511275));
#2679=CARTESIAN_POINT('',(21.9555535360457,-0.188774980073221,5.33063095274606));
#2680=CARTESIAN_POINT('',(21.9486017486731,0.0376626229361392,5.23400774037937));
#2681=CARTESIAN_POINT('',(21.8632988956739,2.81619604576581,4.04837946391802));
#2682=CARTESIAN_POINT('',(21.7079945476609,7.87485828849839,1.889797189265));
#2683=CARTESIAN_POINT('',(22.4009422684949,10.1637825464961,5.57806987137701));
#2684=CARTESIAN_POINT('',(22.7132797982894,11.1954865656235,7.24051271389447));
#2685=CARTESIAN_POINT('',(20.6584377162128,-0.636668098339856,4.97409947503745));
#2686=CARTESIAN_POINT('',(20.6450620510116,-0.411891191247857,4.8823339744757));
#2687=CARTESIAN_POINT('',(20.6316863858104,-0.187114284155859,4.79056847391396));
#2688=CARTESIAN_POINT('',(20.6183107206092,0.0376626229361392,4.69880297335221));
#2689=CARTESIAN_POINT('',(20.4541828005102,2.79581825051352,3.57278191066251));
#2690=CARTESIAN_POINT('',(20.1553677113839,7.81738020768321,1.5227219086673));
#2691=CARTESIAN_POINT('',(21.4886416191024,10.2718410952216,5.3381045349146));
#2692=CARTESIAN_POINT('',(22.0895981795411,11.3781586824535,7.05784059706449));
#2693=CARTESIAN_POINT('',(20.0571735700804,-0.632982263797905,4.56736429009929));
#2694=CARTESIAN_POINT('',(20.0408517643159,-0.40943396821989,4.47919260860627));
#2695=CARTESIAN_POINT('',(20.0245299585515,-0.185885672641875,4.39102092711325));
#2696=CARTESIAN_POINT('',(20.0082081527871,0.0376626229361392,4.30284924562024));
#2697=CARTESIAN_POINT('',(19.8079292139773,2.78074240573373,3.22092662888366));
#2698=CARTESIAN_POINT('',(19.4432967436793,7.77485693105387,1.25115327799487));
#2699=CARTESIAN_POINT('',(21.0702392116005,10.3517846753561,5.16057403565071));
#2700=CARTESIAN_POINT('',(21.8035632074376,11.5133026685829,6.92269661093507));
#2701=CARTESIAN_POINT('',(19.0537627664518,-0.62377656599125,3.55150718711299));
#2702=CARTESIAN_POINT('',(19.0325243374543,-0.403296836348787,3.47231138664283));
#2703=CARTESIAN_POINT('',(19.0112859084567,-0.182817106706324,3.39311558617267));
#2704=CARTESIAN_POINT('',(18.9900474794592,0.0376626229361392,3.31391978570251));
#2705=CARTESIAN_POINT('',(18.729438446181,2.74308914983111,2.34213693855324));
#2706=CARTESIAN_POINT('',(18.254967609902,7.66865128618753,0.572886600724753));
#2707=CARTESIAN_POINT('',(20.3719945238836,10.5514508383169,4.71717590991111));
#2708=CARTESIAN_POINT('',(21.3262179623064,11.8508367283824,6.58516255113562));
#2709=CARTESIAN_POINT('',(18.6520109082593,-0.618260324775534,2.94278496545573));
#2710=CARTESIAN_POINT('',(18.6288039310731,-0.399619342204976,2.8689676953138));
#2711=CARTESIAN_POINT('',(18.6055969538869,-0.180978359634418,2.79515042517188));
#2712=CARTESIAN_POINT('',(18.5823899767007,0.0376626229361392,2.72133315502995));
#2713=CARTESIAN_POINT('',(18.297625604981,2.72052655365662,1.81554829621873));
#2714=CARTESIAN_POINT('',(17.7791770005993,7.60501070533662,0.166455423101225));
#2715=CARTESIAN_POINT('',(20.0924269731368,10.6710948610343,4.45148274166389));
#2716=CARTESIAN_POINT('',(21.135095504249,12.0530939968132,6.38290528270474));
#2717=CARTESIAN_POINT('',(18.108968894491,-0.606232500955514,1.61550369708722));
#2718=CARTESIAN_POINT('',(18.0831010599851,-0.391600792991629,1.5534139806669));
#2719=CARTESIAN_POINT('',(18.0572332254793,-0.176969085027745,1.49132426424657));
#2720=CARTESIAN_POINT('',(18.0313653909734,0.0376626229361392,1.42923454782625));
#2721=CARTESIAN_POINT('',(17.713950607406,2.67133020398724,0.667354232917821));
#2722=CARTESIAN_POINT('',(17.1360579077089,7.46624634309345,-0.719742697729661));
#2723=CARTESIAN_POINT('',(19.7145396711967,10.9319712748979,3.87215517187693));
#2724=CARTESIAN_POINT('',(20.8767581191606,12.4941034987316,5.9418957807864));
#2725=CARTESIAN_POINT('',(17.9678924027586,-0.599725650786275,0.897466878877499));
#2726=CARTESIAN_POINT('',(17.9413333060554,-0.387262892878803,0.841721571558944));
#2727=CARTESIAN_POINT('',(17.9147742093523,-0.174800134971332,0.78597626424039));
#2728=CARTESIAN_POINT('',(17.8882151126491,0.0376626229361392,0.730230956921835));
#2729=CARTESIAN_POINT('',(17.5623181022184,2.64471580715518,0.0462005772851413));
#2730=CARTESIAN_POINT('',(16.9689824640218,7.39117715955224,-1.19916095981892));
#2731=CARTESIAN_POINT('',(19.6163686025201,11.0731010223152,3.55874871099745));
#2732=CARTESIAN_POINT('',(20.8096448368591,12.732682213812,5.70331706570596));
#2733=CARTESIAN_POINT('',(17.9678924027586,-0.586706828096998,-0.539172013598771));
#2734=CARTESIAN_POINT('',(17.9413333060554,-0.378583677752619,-0.582223508240553));
#2735=CARTESIAN_POINT('',(17.9147742093523,-0.17046052740824,-0.625275002882334));
#2736=CARTESIAN_POINT('',(17.8882151126491,0.0376626229361392,-0.668326497524116));
#2737=CARTESIAN_POINT('',(17.5623181022184,2.5914660619902,-1.19659572125379));
#2738=CARTESIAN_POINT('',(16.9689824640218,7.24097969618169,-2.15837489372005));
#2739=CARTESIAN_POINT('',(19.6163686025201,11.3554716179214,2.93168906804569));
#2740=CARTESIAN_POINT('',(20.8096448368591,13.2100274589432,5.22597182057472));
#2741=CARTESIAN_POINT('',(18.108968894491,-0.580199977927755,-1.2572088318085));
#2742=CARTESIAN_POINT('',(18.0831010599851,-0.37424577763979,-1.29391591734851));
#2743=CARTESIAN_POINT('',(18.0572332254793,-0.168291577351826,-1.33062300288852));
#2744=CARTESIAN_POINT('',(18.0313653909734,0.0376626229361392,-1.36733008842854));
#2745=CARTESIAN_POINT('',(17.713950607406,2.56485166515813,-1.81774937688647));
#2746=CARTESIAN_POINT('',(17.1360579077089,7.16591051264047,-2.6377931558093));
#2747=CARTESIAN_POINT('',(19.7145396711967,11.4966013653387,2.61828260716621));
#2748=CARTESIAN_POINT('',(20.8767581191606,13.4486061740237,4.98739310549428));
#2749=CARTESIAN_POINT('',(18.6520109082593,-0.568172154107738,-2.584490100177));
#2750=CARTESIAN_POINT('',(18.6288039310731,-0.366227228426446,-2.60946963199542));
#2751=CARTESIAN_POINT('',(18.6055969538869,-0.164282302745153,-2.63444916381383));
#2752=CARTESIAN_POINT('',(18.5823899767007,0.0376626229361392,-2.65942869563224));
#2753=CARTESIAN_POINT('',(18.297625604981,2.51565531548876,-2.96594344018738));
#2754=CARTESIAN_POINT('',(17.7791770005993,7.02714615039732,-3.52399127664018));
#2755=CARTESIAN_POINT('',(20.0924269731368,11.7574777792023,2.03895503737925));
#2756=CARTESIAN_POINT('',(21.135095504249,13.889615675942,4.54638360357595));
#2757=CARTESIAN_POINT('',(19.0537627664518,-0.562655912892022,-3.19321232183426));
#2758=CARTESIAN_POINT('',(19.0325243374543,-0.362549734282635,-3.21281332332444));
#2759=CARTESIAN_POINT('',(19.0112859084567,-0.162443555673248,-3.23241432481461));
#2760=CARTESIAN_POINT('',(18.9900474794592,0.0376626229361392,-3.25201532630479));
#2761=CARTESIAN_POINT('',(18.729438446181,2.49309271931428,-3.49253208252189));
#2762=CARTESIAN_POINT('',(18.254967609902,6.96350556954639,-3.93042245426372));
#2763=CARTESIAN_POINT('',(20.3719945238836,11.8771218019197,1.77326186913203));
#2764=CARTESIAN_POINT('',(21.3262179623064,14.0918729443729,4.34412633514507));
#2765=CARTESIAN_POINT('',(20.0571735700804,-0.553450215085367,-4.20906942482056));
#2766=CARTESIAN_POINT('',(20.0408517643159,-0.356412602411532,-4.21969454528788));
#2767=CARTESIAN_POINT('',(20.0245299585515,-0.159374989737696,-4.2303196657552));
#2768=CARTESIAN_POINT('',(20.0082081527871,0.0376626229361392,-4.24094478622252));
#2769=CARTESIAN_POINT('',(19.8079292139773,2.45543946341166,-4.37132177285231));
#2770=CARTESIAN_POINT('',(19.4432967436793,6.85729992468006,-4.60868913153383));
#2771=CARTESIAN_POINT('',(21.0702392116005,12.0767879648805,1.32986374339243));
#2772=CARTESIAN_POINT('',(21.8035632074376,14.4294070041723,4.00659227534562));
#2773=CARTESIAN_POINT('',(20.6584377162128,-0.549764380543413,-4.61580460975872));
#2774=CARTESIAN_POINT('',(20.6450620510116,-0.353955379383562,-4.62283591115731));
#2775=CARTESIAN_POINT('',(20.6316863858104,-0.158146378223711,-4.6298672125559));
#2776=CARTESIAN_POINT('',(20.6183107206092,0.0376626229361392,-4.63689851395449));
#2777=CARTESIAN_POINT('',(20.4541828005102,2.44036361863185,-4.72317705463116));
#2778=CARTESIAN_POINT('',(20.1553677113839,6.8147766480507,-4.88025776220626));
#2779=CARTESIAN_POINT('',(21.4886416191024,12.156731545015,1.15233324412854));
#2780=CARTESIAN_POINT('',(22.0895981795411,14.5645509903018,3.87144828921619));
#2781=CARTESIAN_POINT('',(21.9694571107907,-0.544782292791329,-5.16558251220072));
#2782=CARTESIAN_POINT('',(21.9625053234182,-0.350633987548839,-5.16775610179437));
#2783=CARTESIAN_POINT('',(21.9555535360456,-0.15648568230635,-5.16992969138801));
#2784=CARTESIAN_POINT('',(21.9486017486731,0.0376626229361392,-5.17210328098165));
#2785=CARTESIAN_POINT('',(21.8632988956739,2.41998582337956,-5.19877460788667));
#2786=CARTESIAN_POINT('',(21.7079945476609,6.75729856723554,-5.24733304280397));
#2787=CARTESIAN_POINT('',(22.4009422684949,12.2647900937405,0.912367907666136));
#2788=CARTESIAN_POINT('',(22.7132797982894,14.7472231071318,3.68877617238621));
#2789=CARTESIAN_POINT('',(22.6786965290876,-0.543487999819982,-5.30840891557657));
#2790=CARTESIAN_POINT('',(22.6752199514589,-0.349771125567941,-5.30932052373616));
#2791=CARTESIAN_POINT('',(22.6717433738302,-0.156054251315901,-5.31023213189575));
#2792=CARTESIAN_POINT('',(22.6682667962015,0.0376626229361392,-5.31114374005533));
#2793=CARTESIAN_POINT('',(22.6256069772933,2.41469189069931,-5.32232975203509));
#2794=CARTESIAN_POINT('',(22.5479395238737,6.74236637822009,-5.34269526428118));
#2795=CARTESIAN_POINT('',(22.8944815590371,12.292862545907,0.850027486580519));
#2796=CARTESIAN_POINT('',(23.0506810528497,14.7946793641548,3.64131991536317));
#2797=CARTESIAN_POINT('',(24.0977336962107,-0.543487999819982,-5.30840891557657));
#2798=CARTESIAN_POINT('',(24.1012102738394,-0.349771125567941,-5.30932052373616));
#2799=CARTESIAN_POINT('',(24.1046868514681,-0.156054251315901,-5.31023213189575));
#2800=CARTESIAN_POINT('',(24.1081634290968,0.0376626229361392,-5.31114374005533));
#2801=CARTESIAN_POINT('',(24.150823248005,2.41469189069931,-5.32232975203509));
#2802=CARTESIAN_POINT('',(24.2284907014246,6.74236637822009,-5.34269526428118));
#2803=CARTESIAN_POINT('',(23.8819486662612,12.292862545907,0.850027486580519));
#2804=CARTESIAN_POINT('',(23.7257491724486,14.7946793641548,3.64131991536317));
#2805=CARTESIAN_POINT('',(24.8069731145076,-0.544782292791329,-5.16558251220073));
#2806=CARTESIAN_POINT('',(24.8139249018801,-0.350633987548839,-5.16775610179437));
#2807=CARTESIAN_POINT('',(24.8208766892526,-0.15648568230635,-5.16992969138801));
#2808=CARTESIAN_POINT('',(24.8278284766252,0.0376626229361392,-5.17210328098165));
#2809=CARTESIAN_POINT('',(24.9131313296244,2.41998582337956,-5.19877460788667));
#2810=CARTESIAN_POINT('',(25.0684356776374,6.75729856723554,-5.24733304280396));
#2811=CARTESIAN_POINT('',(24.3754879568034,12.2647900937405,0.912367907666136));
#2812=CARTESIAN_POINT('',(24.0631504270089,14.7472231071318,3.68877617238621));
#2813=CARTESIAN_POINT('',(26.1179925090855,-0.549764380543413,-4.61580460975872));
#2814=CARTESIAN_POINT('',(26.1313681742867,-0.353955379383562,-4.62283591115731));
#2815=CARTESIAN_POINT('',(26.1447438394879,-0.158146378223711,-4.6298672125559));
#2816=CARTESIAN_POINT('',(26.1581195046891,0.0376626229361392,-4.63689851395449));
#2817=CARTESIAN_POINT('',(26.3222474247881,2.44036361863185,-4.72317705463116));
#2818=CARTESIAN_POINT('',(26.6210625139144,6.8147766480507,-4.88025776220626));
#2819=CARTESIAN_POINT('',(25.2877886061959,12.156731545015,1.15233324412854));
#2820=CARTESIAN_POINT('',(24.6868320457572,14.5645509903018,3.87144828921619));
#2821=CARTESIAN_POINT('',(26.7192566552179,-0.553450215085367,-4.20906942482057));
#2822=CARTESIAN_POINT('',(26.7355784609824,-0.356412602411532,-4.21969454528789));
#2823=CARTESIAN_POINT('',(26.7519002667468,-0.159374989737696,-4.2303196657552));
#2824=CARTESIAN_POINT('',(26.7682220725112,0.0376626229361392,-4.24094478622252));
#2825=CARTESIAN_POINT('',(26.968501011321,2.45543946341166,-4.37132177285231));
#2826=CARTESIAN_POINT('',(27.333133481619,6.85729992468006,-4.60868913153383));
#2827=CARTESIAN_POINT('',(25.7061910136978,12.0767879648805,1.32986374339243));
#2828=CARTESIAN_POINT('',(24.9728670178607,14.4294070041723,4.00659227534562));
#2829=CARTESIAN_POINT('',(27.7226674588465,-0.562655912892022,-3.19321232183427));
#2830=CARTESIAN_POINT('',(27.743905887844,-0.362549734282635,-3.21281332332444));
#2831=CARTESIAN_POINT('',(27.7651443168416,-0.162443555673248,-3.23241432481462));
#2832=CARTESIAN_POINT('',(27.7863827458391,0.0376626229361392,-3.25201532630479));
#2833=CARTESIAN_POINT('',(28.0469917791173,2.49309271931428,-3.4925320825219));
#2834=CARTESIAN_POINT('',(28.5214626153963,6.96350556954639,-3.93042245426372));
#2835=CARTESIAN_POINT('',(26.4044357014147,11.8771218019197,1.77326186913203));
#2836=CARTESIAN_POINT('',(25.4502122629919,14.0918729443729,4.34412633514507));
#2837=CARTESIAN_POINT('',(28.124419317039,-0.568172154107738,-2.58449010017701));
#2838=CARTESIAN_POINT('',(28.1476262942252,-0.366227228426446,-2.60946963199542));
#2839=CARTESIAN_POINT('',(28.1708332714114,-0.164282302745153,-2.63444916381383));
#2840=CARTESIAN_POINT('',(28.1940402485976,0.0376626229361392,-2.65942869563224));
#2841=CARTESIAN_POINT('',(28.4788046203173,2.51565531548876,-2.96594344018738));
#2842=CARTESIAN_POINT('',(28.997253224699,7.02714615039732,-3.52399127664018));
#2843=CARTESIAN_POINT('',(26.6840032521615,11.7574777792023,2.03895503737926));
#2844=CARTESIAN_POINT('',(25.6413347210493,13.889615675942,4.54638360357595));
#2845=CARTESIAN_POINT('',(28.6674613308073,-0.580199977927755,-1.2572088318085));
#2846=CARTESIAN_POINT('',(28.6933291653132,-0.37424577763979,-1.29391591734851));
#2847=CARTESIAN_POINT('',(28.719196999819,-0.168291577351826,-1.33062300288853));
#2848=CARTESIAN_POINT('',(28.7450648343249,0.0376626229361392,-1.36733008842854));
#2849=CARTESIAN_POINT('',(29.0624796178923,2.56485166515813,-1.81774937688647));
#2850=CARTESIAN_POINT('',(29.6403723175894,7.16591051264047,-2.6377931558093));
#2851=CARTESIAN_POINT('',(27.0618905541016,11.4966013653387,2.61828260716622));
#2852=CARTESIAN_POINT('',(25.8996721061377,13.4486061740237,4.98739310549429));
#2853=CARTESIAN_POINT('',(28.8085378225397,-0.586706828096998,-0.539172013598776));
#2854=CARTESIAN_POINT('',(28.8350969192429,-0.378583677752619,-0.582223508240557));
#2855=CARTESIAN_POINT('',(28.861656015946,-0.17046052740824,-0.625275002882338));
#2856=CARTESIAN_POINT('',(28.8882151126491,0.0376626229361392,-0.668326497524119));
#2857=CARTESIAN_POINT('',(29.2141121230799,2.5914660619902,-1.19659572125379));
#2858=CARTESIAN_POINT('',(29.8074477612765,7.24097969618169,-2.15837489372004));
#2859=CARTESIAN_POINT('',(27.1600616227782,11.3554716179214,2.93168906804569));
#2860=CARTESIAN_POINT('',(25.9667853884391,13.2100274589432,5.22597182057472));
#2861=CARTESIAN_POINT('',(28.8085378225397,-0.599725650786275,0.897466878877495));
#2862=CARTESIAN_POINT('',(28.8350969192429,-0.387262892878803,0.84172157155894));
#2863=CARTESIAN_POINT('',(28.861656015946,-0.174800134971332,0.785976264240386));
#2864=CARTESIAN_POINT('',(28.8882151126491,0.0376626229361392,0.730230956921832));
#2865=CARTESIAN_POINT('',(29.2141121230799,2.64471580715518,0.0462005772851413));
#2866=CARTESIAN_POINT('',(29.8074477612765,7.39117715955224,-1.19916095981891));
#2867=CARTESIAN_POINT('',(27.1600616227782,11.0731010223152,3.55874871099745));
#2868=CARTESIAN_POINT('',(25.9667853884391,12.732682213812,5.70331706570596));
#2869=CARTESIAN_POINT('',(0.,0.,-5.61701308061154));
#2870=CARTESIAN_POINT('',(-10.7977724260846,5.12117154457572,-5.61701308061154));
#2871=CARTESIAN_POINT('',(-2.98979158018441,5.12117154457574,-5.61701308061154));
#2872=CARTESIAN_POINT('',(0.,0.,-5.61701308061154));
#2873=CARTESIAN_POINT('',(10.139313662155,5.12117154457575,-5.61701308061154));
#2874=CARTESIAN_POINT('',(5.41020841980929,5.12117154457572,-5.61701308061154));
#2875=CARTESIAN_POINT('',(0.,0.,-5.61701308061154));
#2876=CARTESIAN_POINT('',(-24.1067657941506,-0.462337377063865,-5.61701308061154));
#2877=CARTESIAN_POINT('',(-19.197772426072,5.12117154457574,-5.61701308061154));
#2878=CARTESIAN_POINT('',(-24.1067657941506,-0.462337377063865,-5.61701308061154));
#2879=CARTESIAN_POINT('',(-24.1067657941506,-0.462337377063865,-7.61701308061154));
#2880=CARTESIAN_POINT('',(49.8069539793458,-0.462337377063861,9.9527075105575));
#2881=CARTESIAN_POINT('',(49.8069539793458,-0.462337377063861,-7.61701308061154));
#2882=CARTESIAN_POINT('',(49.8069539793458,-0.462337377063861,-7.61701308061154));
#2883=CARTESIAN_POINT('',(-19.197772426072,-0.92028055502805,-6.61701308061153));
#2884=CARTESIAN_POINT('',(-12.797040705369,5.17526726942581,-6.61701308061154));
#2885=CARTESIAN_POINT('',(-16.9797824879791,-2.90824165221377,-6.61701308061153));
#2886=CARTESIAN_POINT('',(5.41020841980613,-0.920280555028048,-6.61701308061155));
#2887=CARTESIAN_POINT('',(-0.98979158018441,-0.920280555028048,-6.61701308061154));
#2888=CARTESIAN_POINT('',(3.41020841980457,-0.920280555026488,-6.61701308061154));
#2889=CARTESIAN_POINT('',(-17.1985041467876,5.17526726942584,-4.11701308061153));
#2890=CARTESIAN_POINT('',(10.139313662155,0.,-3.11701308061154));
#2891=CARTESIAN_POINT('',(3.41020841980928,5.12117154457728,-4.11701308061154));
#2892=CARTESIAN_POINT('',(-0.989791580184408,5.12117154457574,-4.11701308061154));
#2893=CARTESIAN_POINT('',(-12.797040705369,5.17526726942581,-4.11701308061154));
#2894=MECHANICAL_DESIGN_GEOMETRIC_PRESENTATION_REPRESENTATION('',(#1377),
#2895);
#2895=(
GEOMETRIC_REPRESENTATION_CONTEXT(3)
GLOBAL_UNCERTAINTY_ASSIGNED_CONTEXT((#2896))
GLOBAL_UNIT_ASSIGNED_CONTEXT((#2899,#2898,#2897))
REPRESENTATION_CONTEXT('FlareHolder05WithLip','TOP_LEVEL_ASSEMBLY_PART')
);
#2896=UNCERTAINTY_MEASURE_WITH_UNIT(LENGTH_MEASURE(0.005),#2899,
'DISTANCE_ACCURACY_VALUE','Maximum Tolerance applied to model');
#2897=(
NAMED_UNIT(*)
SI_UNIT($,.STERADIAN.)
SOLID_ANGLE_UNIT()
);
#2898=(
NAMED_UNIT(*)
PLANE_ANGLE_UNIT()
SI_UNIT($,.RADIAN.)
);
#2899=(
LENGTH_UNIT()
NAMED_UNIT(*)
SI_UNIT(.MILLI.,.METRE.)
);
#2900=PRODUCT_DEFINITION_SHAPE('','',#2901);
#2901=PRODUCT_DEFINITION('','',#2903,#2902);
#2902=PRODUCT_DEFINITION_CONTEXT('',#2909,'design');
#2903=PRODUCT_DEFINITION_FORMATION_WITH_SPECIFIED_SOURCE('','',#2905,
 .NOT_KNOWN.);
#2904=PRODUCT_RELATED_PRODUCT_CATEGORY('','',(#2905));
#2905=PRODUCT('FlareHolder05WithLip','FlareHolder05WithLip',
'FlareHolder05WithLip',(#2907));
#2906=PRODUCT_CATEGORY('','');
#2907=PRODUCT_CONTEXT('',#2909,'mechanical');
#2908=APPLICATION_PROTOCOL_DEFINITION('international standard',
'automotive_design',2010,#2909);
#2909=APPLICATION_CONTEXT(
'core data for automotive mechanical design processes');
ENDSEC;
END-ISO-10303-21;
