ISO-10303-21;
HEADER;
/* Generated by software containing ST-Developer
 * from STEP Tools, Inc. (www.steptools.com) 
 */
/* OPTION: strings as raw bytes, not using required /X/ escapes */

FILE_DESCRIPTION(
/* description */ ('Unknown'),
/* implementation_level */ '2;1');

FILE_NAME(
/* name */ 'FlareHolder05',
/* time_stamp */ '2023-05-24T20:08:32+01:00',
/* author */ ('Unknown'),
/* organization */ ('Unknown'),
/* preprocessor_version */ 'ST-DEVELOPER v18.102',
/* originating_system */ 'Solid Edge',
/* authorisation */ 'Unknown');

FILE_SCHEMA (('AUTOMOTIVE_DESIGN {1 0 10303 214 3 1 1}'));
ENDSEC;

DATA;
#10=PROPERTY_DEFINITION_REPRESENTATION(#14,#12);
#11=PROPERTY_DEFINITION_REPRESENTATION(#15,#13);
#12=REPRESENTATION('',(#16),#2208);
#13=REPRESENTATION('',(#17),#2208);
#14=PROPERTY_DEFINITION('pmi validation property','',#2213);
#15=PROPERTY_DEFINITION('pmi validation property','',#2213);
#16=VALUE_REPRESENTATION_ITEM('number of annotations',COUNT_MEASURE(0.));
#17=VALUE_REPRESENTATION_ITEM('number of views',COUNT_MEASURE(0.));
#18=SHAPE_REPRESENTATION_RELATIONSHIP('','',#1084,#19);
#19=ADVANCED_BREP_SHAPE_REPRESENTATION('',(#1082),#2208);
#20=B_SPLINE_SURFACE_WITH_KNOTS('',3,3,((#1683,#1684,#1685,#1686,#1687),
(#1688,#1689,#1690,#1691,#1692),(#1693,#1694,#1695,#1696,#1697),(#1698,
#1699,#1700,#1701,#1702),(#1703,#1704,#1705,#1706,#1707),(#1708,#1709,#1710,
#1711,#1712),(#1713,#1714,#1715,#1716,#1717),(#1718,#1719,#1720,#1721,#1722),
(#1723,#1724,#1725,#1726,#1727),(#1728,#1729,#1730,#1731,#1732),(#1733,
#1734,#1735,#1736,#1737),(#1738,#1739,#1740,#1741,#1742),(#1743,#1744,#1745,
#1746,#1747),(#1748,#1749,#1750,#1751,#1752),(#1753,#1754,#1755,#1756,#1757),
(#1758,#1759,#1760,#1761,#1762),(#1763,#1764,#1765,#1766,#1767),(#1768,
#1769,#1770,#1771,#1772),(#1773,#1774,#1775,#1776,#1777),(#1778,#1779,#1780,
#1781,#1782),(#1783,#1784,#1785,#1786,#1787),(#1788,#1789,#1790,#1791,#1792),
(#1793,#1794,#1795,#1796,#1797),(#1798,#1799,#1800,#1801,#1802),(#1803,
#1804,#1805,#1806,#1807),(#1808,#1809,#1810,#1811,#1812),(#1813,#1814,#1815,
#1816,#1817),(#1818,#1819,#1820,#1821,#1822),(#1823,#1824,#1825,#1826,#1827),
(#1828,#1829,#1830,#1831,#1832),(#1833,#1834,#1835,#1836,#1837),(#1838,
#1839,#1840,#1841,#1842),(#1843,#1844,#1845,#1846,#1847),(#1848,#1849,#1850,
#1851,#1852)),.UNSPECIFIED.,.T.,.F.,.F.,(2,2,2,2,2,2,2,2,2,2,2,2,2,2,2,
2,2,2,2),(4,1,4),(-0.0625,0.,0.0625,0.125,0.1875,0.25,0.3125,0.375,0.4375,
0.5,0.5625,0.625,0.6875,0.75,0.8125,0.875,0.9375,1.,1.0625),(0.,0.549262490655786,
1.),.UNSPECIFIED.);
#21=B_SPLINE_SURFACE_WITH_KNOTS('',3,3,((#1915,#1916,#1917,#1918,#1919),
(#1920,#1921,#1922,#1923,#1924),(#1925,#1926,#1927,#1928,#1929),(#1930,
#1931,#1932,#1933,#1934),(#1935,#1936,#1937,#1938,#1939),(#1940,#1941,#1942,
#1943,#1944),(#1945,#1946,#1947,#1948,#1949),(#1950,#1951,#1952,#1953,#1954),
(#1955,#1956,#1957,#1958,#1959),(#1960,#1961,#1962,#1963,#1964),(#1965,
#1966,#1967,#1968,#1969),(#1970,#1971,#1972,#1973,#1974),(#1975,#1976,#1977,
#1978,#1979),(#1980,#1981,#1982,#1983,#1984),(#1985,#1986,#1987,#1988,#1989),
(#1990,#1991,#1992,#1993,#1994),(#1995,#1996,#1997,#1998,#1999),(#2000,
#2001,#2002,#2003,#2004),(#2005,#2006,#2007,#2008,#2009),(#2010,#2011,#2012,
#2013,#2014),(#2015,#2016,#2017,#2018,#2019),(#2020,#2021,#2022,#2023,#2024),
(#2025,#2026,#2027,#2028,#2029),(#2030,#2031,#2032,#2033,#2034),(#2035,
#2036,#2037,#2038,#2039),(#2040,#2041,#2042,#2043,#2044),(#2045,#2046,#2047,
#2048,#2049),(#2050,#2051,#2052,#2053,#2054),(#2055,#2056,#2057,#2058,#2059),
(#2060,#2061,#2062,#2063,#2064),(#2065,#2066,#2067,#2068,#2069),(#2070,
#2071,#2072,#2073,#2074),(#2075,#2076,#2077,#2078,#2079),(#2080,#2081,#2082,
#2083,#2084)),.UNSPECIFIED.,.T.,.F.,.F.,(2,2,2,2,2,2,2,2,2,2,2,2,2,2,2,
2,2,2,2),(4,1,4),(-0.0625,0.,0.0625,0.125,0.1875,0.25,0.3125,0.375,0.4375,
0.5,0.5625,0.625,0.6875,0.75,0.8125,0.875,0.9375,1.,1.0625),(0.,0.549262490655786,
1.),.UNSPECIFIED.);
#22=B_SPLINE_CURVE_WITH_KNOTS('',3,(#1631,#1632,#1633,#1634),
 .UNSPECIFIED.,.F.,.F.,(4,4),(0.,1.),.UNSPECIFIED.);
#23=B_SPLINE_CURVE_WITH_KNOTS('',3,(#1643,#1644,#1645,#1646),
 .UNSPECIFIED.,.F.,.F.,(4,4),(0.,1.),.UNSPECIFIED.);
#24=B_SPLINE_CURVE_WITH_KNOTS('',3,(#1651,#1652,#1653,#1654),
 .UNSPECIFIED.,.F.,.F.,(4,4),(0.,1.),.UNSPECIFIED.);
#25=B_SPLINE_CURVE_WITH_KNOTS('',3,(#1663,#1664,#1665,#1666),
 .UNSPECIFIED.,.F.,.F.,(4,4),(0.,1.),.UNSPECIFIED.);
#26=B_SPLINE_CURVE_WITH_KNOTS('',3,(#1853,#1854,#1855,#1856,#1857,#1858,
#1859,#1860,#1861,#1862,#1863,#1864,#1865,#1866,#1867,#1868,#1869,#1870,
#1871,#1872,#1873,#1874,#1875,#1876,#1877,#1878,#1879,#1880,#1881,#1882,
#1883,#1884,#1885,#1886,#1887),.UNSPECIFIED.,.T.,.F.,(1,1,1,1,1,1,1,1,1,
1,1,1,1,1,1,1,1,1,1,1,1,1,1,1,1,1,1,1,1,1,1,1,1,1,1,1,1,1,1),(-0.0953947368421053,
-0.0641447368421053,-0.0328947368421053,0.,0.0296875,0.060859375,0.09210546875,
0.1233552734375,0.154605263671875,0.185855263183594,0.21710526315918,0.248355263157959,
0.279605263157898,0.310855263157895,0.342105263157895,0.373355263157895,
0.404605263157895,0.435855263157895,0.467105263157895,0.498355263157895,
0.529605263157895,0.560855263157895,0.592105263157895,0.623355263157895,
0.654605263157895,0.685855263157895,0.717105263157895,0.748355263157895,
0.779605263157895,0.810855263157895,0.842105263157895,0.873355263157895,
0.904605263157895,0.935855263157895,0.967105263157895,1.,1.0296875,1.060859375,
1.09210546875),.UNSPECIFIED.);
#27=B_SPLINE_CURVE_WITH_KNOTS('',3,(#1889,#1890,#1891,#1892,#1893,#1894,
#1895,#1896,#1897,#1898,#1899),.UNSPECIFIED.,.F.,.F.,(4,1,1,1,1,1,1,1,4),
(0.,0.00107373804066865,0.00214747608133731,0.00322121412200596,0.00429495216267461,
0.00536869020334326,0.00644242824401192,0.00751616628468057,0.00858990432534922),
 .UNSPECIFIED.);
#28=B_SPLINE_CURVE_WITH_KNOTS('',3,(#1900,#1901,#1902,#1903,#1904,#1905,
#1906,#1907,#1908,#1909,#1910,#1911,#1912,#1913,#1914),.UNSPECIFIED.,.F.,
 .F.,(4,1,1,1,1,1,1,1,1,1,1,1,4),(0.,0.00132531252433113,0.00198796878649669,
0.00265062504866226,0.00331328131082782,0.00397593757299339,0.00530125009732452,
0.00662656262165564,0.00728921888382121,0.00795187514598677,0.00861453140815234,
0.0092771876703179,0.010602500194649),.UNSPECIFIED.);
#29=B_SPLINE_CURVE_WITH_KNOTS('',3,(#2085,#2086,#2087,#2088,#2089,#2090,
#2091,#2092,#2093,#2094,#2095,#2096,#2097,#2098,#2099,#2100,#2101,#2102,
#2103,#2104,#2105,#2106,#2107,#2108,#2109,#2110,#2111,#2112,#2113,#2114,
#2115,#2116,#2117,#2118,#2119),.UNSPECIFIED.,.T.,.F.,(1,1,1,1,1,1,1,1,1,
1,1,1,1,1,1,1,1,1,1,1,1,1,1,1,1,1,1,1,1,1,1,1,1,1,1,1,1,1,1),(-0.0953947368421053,
-0.0641447368421053,-0.0328947368421053,0.,0.0296875,0.060859375,0.09210546875,
0.1233552734375,0.154605263671875,0.185855263183594,0.21710526315918,0.248355263157959,
0.279605263157898,0.310855263157895,0.342105263157895,0.373355263157895,
0.404605263157895,0.435855263157895,0.467105263157895,0.498355263157895,
0.529605263157895,0.560855263157895,0.592105263157895,0.623355263157895,
0.654605263157895,0.685855263157895,0.717105263157895,0.748355263157895,
0.779605263157895,0.810855263157895,0.842105263157895,0.873355263157895,
0.904605263157895,0.935855263157895,0.967105263157895,1.,1.0296875,1.060859375,
1.09210546875),.UNSPECIFIED.);
#30=B_SPLINE_CURVE_WITH_KNOTS('',3,(#2121,#2122,#2123,#2124,#2125,#2126,
#2127,#2128,#2129,#2130,#2131,#2132,#2133,#2134,#2135),.UNSPECIFIED.,.F.,
 .F.,(4,1,1,1,1,1,1,1,1,1,1,1,4),(0.,0.00132531252433113,0.00198796878649669,
0.00265062504866226,0.00331328131082782,0.00397593757299339,0.00530125009732452,
0.00662656262165564,0.00728921888382121,0.00795187514598677,0.00861453140815234,
0.0092771876703179,0.010602500194649),.UNSPECIFIED.);
#31=B_SPLINE_CURVE_WITH_KNOTS('',3,(#2136,#2137,#2138,#2139,#2140,#2141,
#2142,#2143,#2144,#2145,#2146),.UNSPECIFIED.,.F.,.F.,(4,1,1,1,1,1,1,1,4),
(0.,0.00107373804066865,0.00214747608133731,0.00322121412200596,0.00429495216267461,
0.00536869020334326,0.00644242824401192,0.00751616628468057,0.00858990432534922),
 .UNSPECIFIED.);
#32=ELLIPSE('',#1126,3.29208686385473,2.55308312793304);
#33=ELLIPSE('',#1127,3.61060478538883,2.55308312793304);
#34=ELLIPSE('',#1129,3.31513369907338,2.5709564370474);
#35=ELLIPSE('',#1130,3.63588146154284,2.5709564370474);
#36=ELLIPSE('',#1132,3.31513369907338,2.5709564370474);
#37=ELLIPSE('',#1133,3.63588146154284,2.5709564370474);
#38=ELLIPSE('',#1135,3.29208686385473,2.55308312793304);
#39=ELLIPSE('',#1136,3.61060478538883,2.55308312793304);
#40=ELLIPSE('',#1138,24.4721917397307,2.5);
#41=ELLIPSE('',#1144,2.51949522641678,2.5);
#42=ELLIPSE('',#1146,2.51949522641678,2.5);
#43=ELLIPSE('',#1149,24.4721917397307,2.5);
#44=ELLIPSE('',#1151,2.51949522641678,2.5);
#45=ELLIPSE('',#1152,2.51949522641678,2.5);
#46=CIRCLE('',#1092,4.2);
#47=CIRCLE('',#1093,4.2);
#48=CIRCLE('',#1107,4.2);
#49=CIRCLE('',#1108,4.2);
#50=CIRCLE('',#1120,2.5);
#51=CIRCLE('',#1121,2.5);
#52=CIRCLE('',#1123,2.5);
#53=CIRCLE('',#1124,2.5);
#54=CIRCLE('',#1145,2.5);
#55=CIRCLE('',#1153,2.5);
#56=CYLINDRICAL_SURFACE('',#1091,4.2);
#57=CYLINDRICAL_SURFACE('',#1106,4.2);
#58=CYLINDRICAL_SURFACE('',#1125,2.55308312793304);
#59=CYLINDRICAL_SURFACE('',#1128,2.5709564370474);
#60=CYLINDRICAL_SURFACE('',#1131,2.5709564370474);
#61=CYLINDRICAL_SURFACE('',#1134,2.55308312793304);
#62=CYLINDRICAL_SURFACE('',#1156,2.5);
#63=CYLINDRICAL_SURFACE('',#1157,2.5);
#64=CYLINDRICAL_SURFACE('',#1158,2.5);
#65=CYLINDRICAL_SURFACE('',#1159,2.5);
#66=CYLINDRICAL_SURFACE('',#1160,2.5);
#67=ORIENTED_EDGE('',*,*,#373,.T.);
#68=ORIENTED_EDGE('',*,*,#374,.F.);
#69=ORIENTED_EDGE('',*,*,#375,.F.);
#70=ORIENTED_EDGE('',*,*,#376,.T.);
#71=ORIENTED_EDGE('',*,*,#377,.T.);
#72=ORIENTED_EDGE('',*,*,#378,.T.);
#73=ORIENTED_EDGE('',*,*,#379,.T.);
#74=ORIENTED_EDGE('',*,*,#375,.T.);
#75=ORIENTED_EDGE('',*,*,#380,.T.);
#76=ORIENTED_EDGE('',*,*,#381,.F.);
#77=ORIENTED_EDGE('',*,*,#378,.F.);
#78=ORIENTED_EDGE('',*,*,#382,.T.);
#79=ORIENTED_EDGE('',*,*,#383,.F.);
#80=ORIENTED_EDGE('',*,*,#384,.T.);
#81=ORIENTED_EDGE('',*,*,#380,.F.);
#82=ORIENTED_EDGE('',*,*,#385,.T.);
#83=ORIENTED_EDGE('',*,*,#386,.T.);
#84=ORIENTED_EDGE('',*,*,#387,.F.);
#85=ORIENTED_EDGE('',*,*,#388,.T.);
#86=ORIENTED_EDGE('',*,*,#383,.T.);
#87=ORIENTED_EDGE('',*,*,#389,.T.);
#88=ORIENTED_EDGE('',*,*,#390,.F.);
#89=ORIENTED_EDGE('',*,*,#391,.F.);
#90=ORIENTED_EDGE('',*,*,#387,.T.);
#91=ORIENTED_EDGE('',*,*,#390,.T.);
#92=ORIENTED_EDGE('',*,*,#392,.F.);
#93=ORIENTED_EDGE('',*,*,#393,.F.);
#94=ORIENTED_EDGE('',*,*,#394,.F.);
#95=ORIENTED_EDGE('',*,*,#393,.T.);
#96=ORIENTED_EDGE('',*,*,#395,.F.);
#97=ORIENTED_EDGE('',*,*,#396,.T.);
#98=ORIENTED_EDGE('',*,*,#397,.F.);
#99=ORIENTED_EDGE('',*,*,#396,.F.);
#100=ORIENTED_EDGE('',*,*,#398,.F.);
#101=ORIENTED_EDGE('',*,*,#399,.T.);
#102=ORIENTED_EDGE('',*,*,#400,.T.);
#103=ORIENTED_EDGE('',*,*,#401,.F.);
#104=ORIENTED_EDGE('',*,*,#402,.F.);
#105=ORIENTED_EDGE('',*,*,#403,.F.);
#106=ORIENTED_EDGE('',*,*,#399,.F.);
#107=ORIENTED_EDGE('',*,*,#404,.F.);
#108=ORIENTED_EDGE('',*,*,#405,.F.);
#109=ORIENTED_EDGE('',*,*,#402,.T.);
#110=ORIENTED_EDGE('',*,*,#406,.T.);
#111=ORIENTED_EDGE('',*,*,#407,.F.);
#112=ORIENTED_EDGE('',*,*,#408,.F.);
#113=ORIENTED_EDGE('',*,*,#404,.T.);
#114=ORIENTED_EDGE('',*,*,#409,.F.);
#115=ORIENTED_EDGE('',*,*,#410,.T.);
#116=ORIENTED_EDGE('',*,*,#407,.T.);
#117=ORIENTED_EDGE('',*,*,#411,.T.);
#118=ORIENTED_EDGE('',*,*,#412,.F.);
#119=ORIENTED_EDGE('',*,*,#412,.T.);
#120=ORIENTED_EDGE('',*,*,#413,.F.);
#121=ORIENTED_EDGE('',*,*,#414,.F.);
#122=ORIENTED_EDGE('',*,*,#415,.T.);
#123=ORIENTED_EDGE('',*,*,#416,.T.);
#124=ORIENTED_EDGE('',*,*,#417,.T.);
#125=ORIENTED_EDGE('',*,*,#418,.T.);
#126=ORIENTED_EDGE('',*,*,#414,.T.);
#127=ORIENTED_EDGE('',*,*,#419,.T.);
#128=ORIENTED_EDGE('',*,*,#420,.F.);
#129=ORIENTED_EDGE('',*,*,#417,.F.);
#130=ORIENTED_EDGE('',*,*,#421,.T.);
#131=ORIENTED_EDGE('',*,*,#422,.F.);
#132=ORIENTED_EDGE('',*,*,#423,.T.);
#133=ORIENTED_EDGE('',*,*,#419,.F.);
#134=ORIENTED_EDGE('',*,*,#424,.T.);
#135=ORIENTED_EDGE('',*,*,#425,.F.);
#136=ORIENTED_EDGE('',*,*,#426,.T.);
#137=ORIENTED_EDGE('',*,*,#422,.T.);
#138=ORIENTED_EDGE('',*,*,#427,.T.);
#139=ORIENTED_EDGE('',*,*,#428,.F.);
#140=ORIENTED_EDGE('',*,*,#429,.F.);
#141=ORIENTED_EDGE('',*,*,#430,.T.);
#142=ORIENTED_EDGE('',*,*,#425,.T.);
#143=ORIENTED_EDGE('',*,*,#431,.F.);
#144=ORIENTED_EDGE('',*,*,#432,.F.);
#145=ORIENTED_EDGE('',*,*,#433,.F.);
#146=ORIENTED_EDGE('',*,*,#429,.T.);
#147=ORIENTED_EDGE('',*,*,#432,.T.);
#148=ORIENTED_EDGE('',*,*,#434,.F.);
#149=ORIENTED_EDGE('',*,*,#435,.T.);
#150=ORIENTED_EDGE('',*,*,#436,.F.);
#151=ORIENTED_EDGE('',*,*,#435,.F.);
#152=ORIENTED_EDGE('',*,*,#437,.F.);
#153=ORIENTED_EDGE('',*,*,#438,.T.);
#154=ORIENTED_EDGE('',*,*,#439,.T.);
#155=ORIENTED_EDGE('',*,*,#440,.F.);
#156=ORIENTED_EDGE('',*,*,#441,.F.);
#157=ORIENTED_EDGE('',*,*,#442,.F.);
#158=ORIENTED_EDGE('',*,*,#438,.F.);
#159=ORIENTED_EDGE('',*,*,#443,.F.);
#160=ORIENTED_EDGE('',*,*,#444,.F.);
#161=ORIENTED_EDGE('',*,*,#441,.T.);
#162=ORIENTED_EDGE('',*,*,#445,.T.);
#163=ORIENTED_EDGE('',*,*,#446,.F.);
#164=ORIENTED_EDGE('',*,*,#447,.T.);
#165=ORIENTED_EDGE('',*,*,#448,.F.);
#166=ORIENTED_EDGE('',*,*,#443,.T.);
#167=ORIENTED_EDGE('',*,*,#449,.F.);
#168=ORIENTED_EDGE('',*,*,#450,.T.);
#169=ORIENTED_EDGE('',*,*,#451,.T.);
#170=ORIENTED_EDGE('',*,*,#452,.F.);
#171=ORIENTED_EDGE('',*,*,#453,.F.);
#172=ORIENTED_EDGE('',*,*,#454,.T.);
#173=ORIENTED_EDGE('',*,*,#455,.F.);
#174=ORIENTED_EDGE('',*,*,#452,.T.);
#175=ORIENTED_EDGE('',*,*,#456,.F.);
#176=ORIENTED_EDGE('',*,*,#457,.T.);
#177=ORIENTED_EDGE('',*,*,#458,.T.);
#178=ORIENTED_EDGE('',*,*,#454,.F.);
#179=ORIENTED_EDGE('',*,*,#459,.T.);
#180=ORIENTED_EDGE('',*,*,#460,.T.);
#181=ORIENTED_EDGE('',*,*,#461,.T.);
#182=ORIENTED_EDGE('',*,*,#373,.F.);
#183=ORIENTED_EDGE('',*,*,#451,.F.);
#184=ORIENTED_EDGE('',*,*,#462,.T.);
#185=ORIENTED_EDGE('',*,*,#446,.T.);
#186=ORIENTED_EDGE('',*,*,#445,.F.);
#187=ORIENTED_EDGE('',*,*,#440,.T.);
#188=ORIENTED_EDGE('',*,*,#437,.T.);
#189=ORIENTED_EDGE('',*,*,#434,.T.);
#190=ORIENTED_EDGE('',*,*,#431,.T.);
#191=ORIENTED_EDGE('',*,*,#428,.T.);
#192=ORIENTED_EDGE('',*,*,#427,.F.);
#193=ORIENTED_EDGE('',*,*,#424,.F.);
#194=ORIENTED_EDGE('',*,*,#421,.F.);
#195=ORIENTED_EDGE('',*,*,#416,.F.);
#196=ORIENTED_EDGE('',*,*,#413,.T.);
#197=ORIENTED_EDGE('',*,*,#411,.F.);
#198=ORIENTED_EDGE('',*,*,#409,.T.);
#199=ORIENTED_EDGE('',*,*,#406,.F.);
#200=ORIENTED_EDGE('',*,*,#401,.T.);
#201=ORIENTED_EDGE('',*,*,#398,.T.);
#202=ORIENTED_EDGE('',*,*,#395,.T.);
#203=ORIENTED_EDGE('',*,*,#392,.T.);
#204=ORIENTED_EDGE('',*,*,#389,.F.);
#205=ORIENTED_EDGE('',*,*,#386,.F.);
#206=ORIENTED_EDGE('',*,*,#385,.F.);
#207=ORIENTED_EDGE('',*,*,#382,.F.);
#208=ORIENTED_EDGE('',*,*,#377,.F.);
#209=ORIENTED_EDGE('',*,*,#374,.T.);
#210=ORIENTED_EDGE('',*,*,#461,.F.);
#211=ORIENTED_EDGE('',*,*,#463,.T.);
#212=ORIENTED_EDGE('',*,*,#464,.T.);
#213=ORIENTED_EDGE('',*,*,#465,.T.);
#214=ORIENTED_EDGE('',*,*,#456,.T.);
#215=ORIENTED_EDGE('',*,*,#453,.T.);
#216=ORIENTED_EDGE('',*,*,#448,.T.);
#217=ORIENTED_EDGE('',*,*,#466,.T.);
#218=ORIENTED_EDGE('',*,*,#449,.T.);
#219=ORIENTED_EDGE('',*,*,#455,.T.);
#220=ORIENTED_EDGE('',*,*,#458,.F.);
#221=ORIENTED_EDGE('',*,*,#467,.F.);
#222=ORIENTED_EDGE('',*,*,#468,.T.);
#223=ORIENTED_EDGE('',*,*,#469,.T.);
#224=ORIENTED_EDGE('',*,*,#459,.F.);
#225=ORIENTED_EDGE('',*,*,#376,.F.);
#226=ORIENTED_EDGE('',*,*,#379,.F.);
#227=ORIENTED_EDGE('',*,*,#381,.T.);
#228=ORIENTED_EDGE('',*,*,#384,.F.);
#229=ORIENTED_EDGE('',*,*,#388,.F.);
#230=ORIENTED_EDGE('',*,*,#391,.T.);
#231=ORIENTED_EDGE('',*,*,#394,.T.);
#232=ORIENTED_EDGE('',*,*,#397,.T.);
#233=ORIENTED_EDGE('',*,*,#400,.F.);
#234=ORIENTED_EDGE('',*,*,#403,.T.);
#235=ORIENTED_EDGE('',*,*,#405,.T.);
#236=ORIENTED_EDGE('',*,*,#408,.T.);
#237=ORIENTED_EDGE('',*,*,#410,.F.);
#238=ORIENTED_EDGE('',*,*,#415,.F.);
#239=ORIENTED_EDGE('',*,*,#418,.F.);
#240=ORIENTED_EDGE('',*,*,#420,.T.);
#241=ORIENTED_EDGE('',*,*,#423,.F.);
#242=ORIENTED_EDGE('',*,*,#426,.F.);
#243=ORIENTED_EDGE('',*,*,#430,.F.);
#244=ORIENTED_EDGE('',*,*,#433,.T.);
#245=ORIENTED_EDGE('',*,*,#436,.T.);
#246=ORIENTED_EDGE('',*,*,#439,.F.);
#247=ORIENTED_EDGE('',*,*,#442,.T.);
#248=ORIENTED_EDGE('',*,*,#444,.T.);
#249=ORIENTED_EDGE('',*,*,#470,.T.);
#250=ORIENTED_EDGE('',*,*,#471,.T.);
#251=ORIENTED_EDGE('',*,*,#472,.F.);
#252=ORIENTED_EDGE('',*,*,#473,.T.);
#253=ORIENTED_EDGE('',*,*,#474,.F.);
#254=ORIENTED_EDGE('',*,*,#475,.T.);
#255=ORIENTED_EDGE('',*,*,#476,.F.);
#256=ORIENTED_EDGE('',*,*,#477,.F.);
#257=ORIENTED_EDGE('',*,*,#478,.T.);
#258=ORIENTED_EDGE('',*,*,#479,.F.);
#259=ORIENTED_EDGE('',*,*,#480,.T.);
#260=ORIENTED_EDGE('',*,*,#481,.F.);
#261=ORIENTED_EDGE('',*,*,#482,.F.);
#262=ORIENTED_EDGE('',*,*,#483,.T.);
#263=ORIENTED_EDGE('',*,*,#484,.F.);
#264=ORIENTED_EDGE('',*,*,#485,.T.);
#265=ORIENTED_EDGE('',*,*,#486,.T.);
#266=ORIENTED_EDGE('',*,*,#487,.F.);
#267=ORIENTED_EDGE('',*,*,#488,.T.);
#268=ORIENTED_EDGE('',*,*,#489,.F.);
#269=ORIENTED_EDGE('',*,*,#481,.T.);
#270=ORIENTED_EDGE('',*,*,#490,.T.);
#271=ORIENTED_EDGE('',*,*,#477,.T.);
#272=ORIENTED_EDGE('',*,*,#491,.F.);
#273=ORIENTED_EDGE('',*,*,#492,.T.);
#274=ORIENTED_EDGE('',*,*,#471,.F.);
#275=ORIENTED_EDGE('',*,*,#493,.T.);
#276=ORIENTED_EDGE('',*,*,#475,.F.);
#277=ORIENTED_EDGE('',*,*,#494,.F.);
#278=ORIENTED_EDGE('',*,*,#495,.F.);
#279=ORIENTED_EDGE('',*,*,#496,.T.);
#280=ORIENTED_EDGE('',*,*,#497,.T.);
#281=ORIENTED_EDGE('',*,*,#498,.F.);
#282=ORIENTED_EDGE('',*,*,#499,.F.);
#283=ORIENTED_EDGE('',*,*,#500,.F.);
#284=ORIENTED_EDGE('',*,*,#457,.F.);
#285=ORIENTED_EDGE('',*,*,#501,.F.);
#286=ORIENTED_EDGE('',*,*,#502,.T.);
#287=ORIENTED_EDGE('',*,*,#498,.T.);
#288=ORIENTED_EDGE('',*,*,#465,.F.);
#289=ORIENTED_EDGE('',*,*,#503,.F.);
#290=ORIENTED_EDGE('',*,*,#504,.T.);
#291=ORIENTED_EDGE('',*,*,#501,.T.);
#292=ORIENTED_EDGE('',*,*,#505,.T.);
#293=ORIENTED_EDGE('',*,*,#506,.T.);
#294=ORIENTED_EDGE('',*,*,#485,.F.);
#295=ORIENTED_EDGE('',*,*,#507,.T.);
#296=ORIENTED_EDGE('',*,*,#495,.T.);
#297=ORIENTED_EDGE('',*,*,#502,.F.);
#298=ORIENTED_EDGE('',*,*,#504,.F.);
#299=ORIENTED_EDGE('',*,*,#508,.F.);
#300=ORIENTED_EDGE('',*,*,#509,.T.);
#301=ORIENTED_EDGE('',*,*,#510,.F.);
#302=ORIENTED_EDGE('',*,*,#472,.T.);
#303=ORIENTED_EDGE('',*,*,#494,.T.);
#304=ORIENTED_EDGE('',*,*,#474,.T.);
#305=ORIENTED_EDGE('',*,*,#511,.F.);
#306=ORIENTED_EDGE('',*,*,#478,.F.);
#307=ORIENTED_EDGE('',*,*,#490,.F.);
#308=ORIENTED_EDGE('',*,*,#480,.F.);
#309=ORIENTED_EDGE('',*,*,#484,.T.);
#310=ORIENTED_EDGE('',*,*,#512,.T.);
#311=ORIENTED_EDGE('',*,*,#505,.F.);
#312=ORIENTED_EDGE('',*,*,#479,.T.);
#313=ORIENTED_EDGE('',*,*,#491,.T.);
#314=ORIENTED_EDGE('',*,*,#476,.T.);
#315=ORIENTED_EDGE('',*,*,#511,.T.);
#316=ORIENTED_EDGE('',*,*,#473,.F.);
#317=ORIENTED_EDGE('',*,*,#493,.F.);
#318=ORIENTED_EDGE('',*,*,#470,.F.);
#319=ORIENTED_EDGE('',*,*,#510,.T.);
#320=ORIENTED_EDGE('',*,*,#513,.T.);
#321=ORIENTED_EDGE('',*,*,#514,.T.);
#322=ORIENTED_EDGE('',*,*,#515,.F.);
#323=ORIENTED_EDGE('',*,*,#514,.F.);
#324=ORIENTED_EDGE('',*,*,#516,.T.);
#325=ORIENTED_EDGE('',*,*,#517,.F.);
#326=ORIENTED_EDGE('',*,*,#492,.F.);
#327=ORIENTED_EDGE('',*,*,#489,.T.);
#328=ORIENTED_EDGE('',*,*,#518,.T.);
#329=ORIENTED_EDGE('',*,*,#482,.T.);
#330=ORIENTED_EDGE('',*,*,#515,.T.);
#331=ORIENTED_EDGE('',*,*,#517,.T.);
#332=ORIENTED_EDGE('',*,*,#519,.T.);
#333=ORIENTED_EDGE('',*,*,#520,.T.);
#334=ORIENTED_EDGE('',*,*,#521,.T.);
#335=ORIENTED_EDGE('',*,*,#499,.T.);
#336=ORIENTED_EDGE('',*,*,#497,.F.);
#337=ORIENTED_EDGE('',*,*,#522,.T.);
#338=ORIENTED_EDGE('',*,*,#487,.T.);
#339=ORIENTED_EDGE('',*,*,#467,.T.);
#340=ORIENTED_EDGE('',*,*,#500,.T.);
#341=ORIENTED_EDGE('',*,*,#521,.F.);
#342=ORIENTED_EDGE('',*,*,#523,.F.);
#343=ORIENTED_EDGE('',*,*,#464,.F.);
#344=ORIENTED_EDGE('',*,*,#524,.T.);
#345=ORIENTED_EDGE('',*,*,#468,.F.);
#346=ORIENTED_EDGE('',*,*,#523,.T.);
#347=ORIENTED_EDGE('',*,*,#520,.F.);
#348=ORIENTED_EDGE('',*,*,#525,.T.);
#349=ORIENTED_EDGE('',*,*,#508,.T.);
#350=ORIENTED_EDGE('',*,*,#503,.T.);
#351=ORIENTED_EDGE('',*,*,#509,.F.);
#352=ORIENTED_EDGE('',*,*,#525,.F.);
#353=ORIENTED_EDGE('',*,*,#519,.F.);
#354=ORIENTED_EDGE('',*,*,#516,.F.);
#355=ORIENTED_EDGE('',*,*,#513,.F.);
#356=ORIENTED_EDGE('',*,*,#466,.F.);
#357=ORIENTED_EDGE('',*,*,#447,.F.);
#358=ORIENTED_EDGE('',*,*,#462,.F.);
#359=ORIENTED_EDGE('',*,*,#450,.F.);
#360=ORIENTED_EDGE('',*,*,#507,.F.);
#361=ORIENTED_EDGE('',*,*,#488,.F.);
#362=ORIENTED_EDGE('',*,*,#522,.F.);
#363=ORIENTED_EDGE('',*,*,#496,.F.);
#364=ORIENTED_EDGE('',*,*,#518,.F.);
#365=ORIENTED_EDGE('',*,*,#486,.F.);
#366=ORIENTED_EDGE('',*,*,#506,.F.);
#367=ORIENTED_EDGE('',*,*,#512,.F.);
#368=ORIENTED_EDGE('',*,*,#483,.F.);
#369=ORIENTED_EDGE('',*,*,#469,.F.);
#370=ORIENTED_EDGE('',*,*,#524,.F.);
#371=ORIENTED_EDGE('',*,*,#463,.F.);
#372=ORIENTED_EDGE('',*,*,#460,.F.);
#373=EDGE_CURVE('',#526,#527,#628,.T.);
#374=EDGE_CURVE('',#528,#527,#629,.T.);
#375=EDGE_CURVE('',#529,#528,#630,.T.);
#376=EDGE_CURVE('',#529,#526,#631,.T.);
#377=EDGE_CURVE('',#528,#530,#632,.T.);
#378=EDGE_CURVE('',#530,#531,#633,.T.);
#379=EDGE_CURVE('',#531,#529,#634,.T.);
#380=EDGE_CURVE('',#532,#533,#635,.T.);
#381=EDGE_CURVE('',#531,#533,#636,.T.);
#382=EDGE_CURVE('',#530,#532,#637,.T.);
#383=EDGE_CURVE('',#534,#535,#638,.T.);
#384=EDGE_CURVE('',#534,#533,#639,.T.);
#385=EDGE_CURVE('',#532,#535,#640,.T.);
#386=EDGE_CURVE('',#535,#536,#641,.T.);
#387=EDGE_CURVE('',#537,#536,#642,.F.);
#388=EDGE_CURVE('',#537,#534,#643,.T.);
#389=EDGE_CURVE('',#536,#538,#46,.F.);
#390=EDGE_CURVE('',#539,#538,#644,.F.);
#391=EDGE_CURVE('',#537,#539,#47,.T.);
#392=EDGE_CURVE('',#540,#538,#645,.T.);
#393=EDGE_CURVE('',#541,#540,#646,.T.);
#394=EDGE_CURVE('',#539,#541,#647,.T.);
#395=EDGE_CURVE('',#542,#540,#648,.T.);
#396=EDGE_CURVE('',#542,#543,#649,.T.);
#397=EDGE_CURVE('',#541,#543,#650,.T.);
#398=EDGE_CURVE('',#544,#542,#651,.T.);
#399=EDGE_CURVE('',#544,#545,#652,.T.);
#400=EDGE_CURVE('',#545,#543,#653,.T.);
#401=EDGE_CURVE('',#546,#544,#654,.T.);
#402=EDGE_CURVE('',#547,#546,#655,.T.);
#403=EDGE_CURVE('',#545,#547,#656,.T.);
#404=EDGE_CURVE('',#548,#549,#657,.T.);
#405=EDGE_CURVE('',#547,#548,#658,.T.);
#406=EDGE_CURVE('',#546,#549,#659,.T.);
#407=EDGE_CURVE('',#550,#551,#660,.T.);
#408=EDGE_CURVE('',#548,#550,#661,.T.);
#409=EDGE_CURVE('',#551,#549,#662,.T.);
#410=EDGE_CURVE('',#552,#550,#663,.T.);
#411=EDGE_CURVE('',#551,#553,#664,.T.);
#412=EDGE_CURVE('',#552,#553,#665,.T.);
#413=EDGE_CURVE('',#554,#553,#666,.T.);
#414=EDGE_CURVE('',#555,#554,#667,.T.);
#415=EDGE_CURVE('',#555,#552,#668,.T.);
#416=EDGE_CURVE('',#554,#556,#669,.T.);
#417=EDGE_CURVE('',#556,#557,#670,.T.);
#418=EDGE_CURVE('',#557,#555,#671,.T.);
#419=EDGE_CURVE('',#558,#559,#672,.T.);
#420=EDGE_CURVE('',#557,#559,#673,.T.);
#421=EDGE_CURVE('',#556,#558,#674,.T.);
#422=EDGE_CURVE('',#560,#561,#675,.T.);
#423=EDGE_CURVE('',#560,#559,#676,.T.);
#424=EDGE_CURVE('',#558,#561,#677,.T.);
#425=EDGE_CURVE('',#562,#563,#678,.F.);
#426=EDGE_CURVE('',#562,#560,#679,.T.);
#427=EDGE_CURVE('',#561,#563,#680,.T.);
#428=EDGE_CURVE('',#564,#563,#48,.F.);
#429=EDGE_CURVE('',#565,#564,#681,.F.);
#430=EDGE_CURVE('',#565,#562,#49,.T.);
#431=EDGE_CURVE('',#566,#564,#682,.T.);
#432=EDGE_CURVE('',#567,#566,#683,.T.);
#433=EDGE_CURVE('',#565,#567,#684,.T.);
#434=EDGE_CURVE('',#568,#566,#685,.T.);
#435=EDGE_CURVE('',#568,#569,#686,.T.);
#436=EDGE_CURVE('',#567,#569,#687,.T.);
#437=EDGE_CURVE('',#570,#568,#688,.T.);
#438=EDGE_CURVE('',#570,#571,#689,.T.);
#439=EDGE_CURVE('',#571,#569,#690,.T.);
#440=EDGE_CURVE('',#572,#570,#691,.T.);
#441=EDGE_CURVE('',#573,#572,#692,.T.);
#442=EDGE_CURVE('',#571,#573,#693,.T.);
#443=EDGE_CURVE('',#574,#575,#694,.T.);
#444=EDGE_CURVE('',#573,#574,#695,.T.);
#445=EDGE_CURVE('',#572,#575,#696,.T.);
#446=EDGE_CURVE('',#576,#575,#697,.T.);
#447=EDGE_CURVE('',#576,#577,#698,.F.);
#448=EDGE_CURVE('',#574,#577,#699,.T.);
#449=EDGE_CURVE('',#578,#579,#700,.T.);
#450=EDGE_CURVE('',#578,#580,#701,.T.);
#451=EDGE_CURVE('',#580,#581,#702,.T.);
#452=EDGE_CURVE('',#579,#581,#703,.T.);
#453=EDGE_CURVE('',#582,#581,#704,.T.);
#454=EDGE_CURVE('',#582,#583,#705,.T.);
#455=EDGE_CURVE('',#579,#583,#706,.T.);
#456=EDGE_CURVE('',#584,#582,#707,.T.);
#457=EDGE_CURVE('',#584,#585,#708,.T.);
#458=EDGE_CURVE('',#585,#583,#709,.T.);
#459=EDGE_CURVE('',#526,#586,#710,.T.);
#460=EDGE_CURVE('',#586,#587,#711,.T.);
#461=EDGE_CURVE('',#587,#527,#712,.T.);
#462=EDGE_CURVE('',#580,#576,#50,.F.);
#463=EDGE_CURVE('',#587,#588,#51,.T.);
#464=EDGE_CURVE('',#588,#589,#713,.T.);
#465=EDGE_CURVE('',#589,#584,#714,.T.);
#466=EDGE_CURVE('',#577,#578,#52,.F.);
#467=EDGE_CURVE('',#590,#585,#715,.T.);
#468=EDGE_CURVE('',#590,#591,#716,.T.);
#469=EDGE_CURVE('',#591,#586,#53,.T.);
#470=EDGE_CURVE('',#592,#593,#32,.T.);
#471=EDGE_CURVE('',#593,#594,#22,.F.);
#472=EDGE_CURVE('',#592,#594,#33,.T.);
#473=EDGE_CURVE('',#595,#596,#34,.T.);
#474=EDGE_CURVE('',#597,#596,#35,.T.);
#475=EDGE_CURVE('',#597,#595,#23,.F.);
#476=EDGE_CURVE('',#598,#599,#36,.T.);
#477=EDGE_CURVE('',#600,#598,#24,.F.);
#478=EDGE_CURVE('',#600,#599,#37,.T.);
#479=EDGE_CURVE('',#601,#602,#38,.T.);
#480=EDGE_CURVE('',#601,#603,#39,.T.);
#481=EDGE_CURVE('',#602,#603,#25,.F.);
#482=EDGE_CURVE('',#604,#605,#717,.T.);
#483=EDGE_CURVE('',#604,#606,#40,.F.);
#484=EDGE_CURVE('',#605,#606,#718,.T.);
#485=EDGE_CURVE('',#607,#608,#719,.T.);
#486=EDGE_CURVE('',#608,#609,#720,.F.);
#487=EDGE_CURVE('',#610,#609,#721,.T.);
#488=EDGE_CURVE('',#610,#607,#722,.F.);
#489=EDGE_CURVE('',#611,#611,#26,.T.);
#490=EDGE_CURVE('',#603,#600,#27,.T.);
#491=EDGE_CURVE('',#602,#598,#28,.T.);
#492=EDGE_CURVE('',#612,#612,#29,.T.);
#493=EDGE_CURVE('',#593,#595,#30,.T.);
#494=EDGE_CURVE('',#594,#597,#31,.T.);
#495=EDGE_CURVE('',#613,#614,#723,.T.);
#496=EDGE_CURVE('',#613,#615,#724,.T.);
#497=EDGE_CURVE('',#615,#616,#725,.T.);
#498=EDGE_CURVE('',#614,#616,#726,.T.);
#499=EDGE_CURVE('',#617,#616,#727,.T.);
#500=EDGE_CURVE('',#585,#617,#728,.T.);
#501=EDGE_CURVE('',#618,#584,#729,.T.);
#502=EDGE_CURVE('',#618,#614,#730,.T.);
#503=EDGE_CURVE('',#619,#589,#731,.T.);
#504=EDGE_CURVE('',#619,#618,#732,.T.);
#505=EDGE_CURVE('',#601,#620,#733,.T.);
#506=EDGE_CURVE('',#620,#608,#41,.F.);
#507=EDGE_CURVE('',#607,#613,#54,.F.);
#508=EDGE_CURVE('',#621,#619,#734,.T.);
#509=EDGE_CURVE('',#621,#622,#42,.F.);
#510=EDGE_CURVE('',#592,#622,#735,.T.);
#511=EDGE_CURVE('',#599,#596,#736,.T.);
#512=EDGE_CURVE('',#606,#620,#737,.T.);
#513=EDGE_CURVE('',#622,#623,#738,.T.);
#514=EDGE_CURVE('',#623,#624,#739,.T.);
#515=EDGE_CURVE('',#605,#624,#740,.T.);
#516=EDGE_CURVE('',#623,#625,#43,.F.);
#517=EDGE_CURVE('',#624,#625,#741,.T.);
#518=EDGE_CURVE('',#609,#604,#44,.T.);
#519=EDGE_CURVE('',#625,#626,#45,.T.);
#520=EDGE_CURVE('',#626,#627,#742,.T.);
#521=EDGE_CURVE('',#627,#617,#743,.T.);
#522=EDGE_CURVE('',#615,#610,#55,.T.);
#523=EDGE_CURVE('',#590,#627,#744,.T.);
#524=EDGE_CURVE('',#588,#591,#745,.F.);
#525=EDGE_CURVE('',#626,#621,#746,.F.);
#526=VERTEX_POINT('',#1435);
#527=VERTEX_POINT('',#1436);
#528=VERTEX_POINT('',#1438);
#529=VERTEX_POINT('',#1440);
#530=VERTEX_POINT('',#1444);
#531=VERTEX_POINT('',#1446);
#532=VERTEX_POINT('',#1450);
#533=VERTEX_POINT('',#1451);
#534=VERTEX_POINT('',#1456);
#535=VERTEX_POINT('',#1457);
#536=VERTEX_POINT('',#1462);
#537=VERTEX_POINT('',#1464);
#538=VERTEX_POINT('',#1468);
#539=VERTEX_POINT('',#1470);
#540=VERTEX_POINT('',#1474);
#541=VERTEX_POINT('',#1476);
#542=VERTEX_POINT('',#1480);
#543=VERTEX_POINT('',#1482);
#544=VERTEX_POINT('',#1486);
#545=VERTEX_POINT('',#1488);
#546=VERTEX_POINT('',#1492);
#547=VERTEX_POINT('',#1494);
#548=VERTEX_POINT('',#1498);
#549=VERTEX_POINT('',#1499);
#550=VERTEX_POINT('',#1504);
#551=VERTEX_POINT('',#1505);
#552=VERTEX_POINT('',#1510);
#553=VERTEX_POINT('',#1512);
#554=VERTEX_POINT('',#1516);
#555=VERTEX_POINT('',#1518);
#556=VERTEX_POINT('',#1522);
#557=VERTEX_POINT('',#1524);
#558=VERTEX_POINT('',#1528);
#559=VERTEX_POINT('',#1529);
#560=VERTEX_POINT('',#1534);
#561=VERTEX_POINT('',#1535);
#562=VERTEX_POINT('',#1540);
#563=VERTEX_POINT('',#1541);
#564=VERTEX_POINT('',#1546);
#565=VERTEX_POINT('',#1548);
#566=VERTEX_POINT('',#1552);
#567=VERTEX_POINT('',#1554);
#568=VERTEX_POINT('',#1558);
#569=VERTEX_POINT('',#1560);
#570=VERTEX_POINT('',#1564);
#571=VERTEX_POINT('',#1566);
#572=VERTEX_POINT('',#1570);
#573=VERTEX_POINT('',#1572);
#574=VERTEX_POINT('',#1576);
#575=VERTEX_POINT('',#1577);
#576=VERTEX_POINT('',#1582);
#577=VERTEX_POINT('',#1584);
#578=VERTEX_POINT('',#1588);
#579=VERTEX_POINT('',#1589);
#580=VERTEX_POINT('',#1591);
#581=VERTEX_POINT('',#1593);
#582=VERTEX_POINT('',#1597);
#583=VERTEX_POINT('',#1599);
#584=VERTEX_POINT('',#1603);
#585=VERTEX_POINT('',#1605);
#586=VERTEX_POINT('',#1609);
#587=VERTEX_POINT('',#1611);
#588=VERTEX_POINT('',#1616);
#589=VERTEX_POINT('',#1618);
#590=VERTEX_POINT('',#1623);
#591=VERTEX_POINT('',#1625);
#592=VERTEX_POINT('',#1629);
#593=VERTEX_POINT('',#1630);
#594=VERTEX_POINT('',#1635);
#595=VERTEX_POINT('',#1639);
#596=VERTEX_POINT('',#1640);
#597=VERTEX_POINT('',#1642);
#598=VERTEX_POINT('',#1649);
#599=VERTEX_POINT('',#1650);
#600=VERTEX_POINT('',#1655);
#601=VERTEX_POINT('',#1659);
#602=VERTEX_POINT('',#1660);
#603=VERTEX_POINT('',#1662);
#604=VERTEX_POINT('',#1669);
#605=VERTEX_POINT('',#1670);
#606=VERTEX_POINT('',#1672);
#607=VERTEX_POINT('',#1676);
#608=VERTEX_POINT('',#1677);
#609=VERTEX_POINT('',#1679);
#610=VERTEX_POINT('',#1681);
#611=VERTEX_POINT('',#1888);
#612=VERTEX_POINT('',#2120);
#613=VERTEX_POINT('',#2149);
#614=VERTEX_POINT('',#2150);
#615=VERTEX_POINT('',#2152);
#616=VERTEX_POINT('',#2154);
#617=VERTEX_POINT('',#2158);
#618=VERTEX_POINT('',#2161);
#619=VERTEX_POINT('',#2165);
#620=VERTEX_POINT('',#2169);
#621=VERTEX_POINT('',#2173);
#622=VERTEX_POINT('',#2175);
#623=VERTEX_POINT('',#2181);
#624=VERTEX_POINT('',#2183);
#625=VERTEX_POINT('',#2187);
#626=VERTEX_POINT('',#2192);
#627=VERTEX_POINT('',#2194);
#628=LINE('',#1434,#747);
#629=LINE('',#1437,#748);
#630=LINE('',#1439,#749);
#631=LINE('',#1441,#750);
#632=LINE('',#1443,#751);
#633=LINE('',#1445,#752);
#634=LINE('',#1447,#753);
#635=LINE('',#1449,#754);
#636=LINE('',#1452,#755);
#637=LINE('',#1453,#756);
#638=LINE('',#1455,#757);
#639=LINE('',#1458,#758);
#640=LINE('',#1459,#759);
#641=LINE('',#1461,#760);
#642=LINE('',#1463,#761);
#643=LINE('',#1465,#762);
#644=LINE('',#1469,#763);
#645=LINE('',#1473,#764);
#646=LINE('',#1475,#765);
#647=LINE('',#1477,#766);
#648=LINE('',#1479,#767);
#649=LINE('',#1481,#768);
#650=LINE('',#1483,#769);
#651=LINE('',#1485,#770);
#652=LINE('',#1487,#771);
#653=LINE('',#1489,#772);
#654=LINE('',#1491,#773);
#655=LINE('',#1493,#774);
#656=LINE('',#1495,#775);
#657=LINE('',#1497,#776);
#658=LINE('',#1500,#777);
#659=LINE('',#1501,#778);
#660=LINE('',#1503,#779);
#661=LINE('',#1506,#780);
#662=LINE('',#1507,#781);
#663=LINE('',#1509,#782);
#664=LINE('',#1511,#783);
#665=LINE('',#1513,#784);
#666=LINE('',#1515,#785);
#667=LINE('',#1517,#786);
#668=LINE('',#1519,#787);
#669=LINE('',#1521,#788);
#670=LINE('',#1523,#789);
#671=LINE('',#1525,#790);
#672=LINE('',#1527,#791);
#673=LINE('',#1530,#792);
#674=LINE('',#1531,#793);
#675=LINE('',#1533,#794);
#676=LINE('',#1536,#795);
#677=LINE('',#1537,#796);
#678=LINE('',#1539,#797);
#679=LINE('',#1542,#798);
#680=LINE('',#1543,#799);
#681=LINE('',#1547,#800);
#682=LINE('',#1551,#801);
#683=LINE('',#1553,#802);
#684=LINE('',#1555,#803);
#685=LINE('',#1557,#804);
#686=LINE('',#1559,#805);
#687=LINE('',#1561,#806);
#688=LINE('',#1563,#807);
#689=LINE('',#1565,#808);
#690=LINE('',#1567,#809);
#691=LINE('',#1569,#810);
#692=LINE('',#1571,#811);
#693=LINE('',#1573,#812);
#694=LINE('',#1575,#813);
#695=LINE('',#1578,#814);
#696=LINE('',#1579,#815);
#697=LINE('',#1581,#816);
#698=LINE('',#1583,#817);
#699=LINE('',#1585,#818);
#700=LINE('',#1587,#819);
#701=LINE('',#1590,#820);
#702=LINE('',#1592,#821);
#703=LINE('',#1594,#822);
#704=LINE('',#1596,#823);
#705=LINE('',#1598,#824);
#706=LINE('',#1600,#825);
#707=LINE('',#1602,#826);
#708=LINE('',#1604,#827);
#709=LINE('',#1606,#828);
#710=LINE('',#1608,#829);
#711=LINE('',#1610,#830);
#712=LINE('',#1612,#831);
#713=LINE('',#1617,#832);
#714=LINE('',#1619,#833);
#715=LINE('',#1622,#834);
#716=LINE('',#1624,#835);
#717=LINE('',#1668,#836);
#718=LINE('',#1673,#837);
#719=LINE('',#1675,#838);
#720=LINE('',#1678,#839);
#721=LINE('',#1680,#840);
#722=LINE('',#1682,#841);
#723=LINE('',#2148,#842);
#724=LINE('',#2151,#843);
#725=LINE('',#2153,#844);
#726=LINE('',#2155,#845);
#727=LINE('',#2157,#846);
#728=LINE('',#2159,#847);
#729=LINE('',#2160,#848);
#730=LINE('',#2162,#849);
#731=LINE('',#2164,#850);
#732=LINE('',#2166,#851);
#733=LINE('',#2168,#852);
#734=LINE('',#2172,#853);
#735=LINE('',#2176,#854);
#736=LINE('',#2177,#855);
#737=LINE('',#2179,#856);
#738=LINE('',#2180,#857);
#739=LINE('',#2182,#858);
#740=LINE('',#2184,#859);
#741=LINE('',#2188,#860);
#742=LINE('',#2193,#861);
#743=LINE('',#2195,#862);
#744=LINE('',#2198,#863);
#745=LINE('',#2200,#864);
#746=LINE('',#2201,#865);
#747=VECTOR('',#1165,1000.);
#748=VECTOR('',#1166,1000.);
#749=VECTOR('',#1167,1000.);
#750=VECTOR('',#1168,1000.);
#751=VECTOR('',#1171,1000.);
#752=VECTOR('',#1172,1000.);
#753=VECTOR('',#1173,1000.);
#754=VECTOR('',#1176,1000.);
#755=VECTOR('',#1177,1000.);
#756=VECTOR('',#1178,1000.);
#757=VECTOR('',#1181,1000.);
#758=VECTOR('',#1182,1000.);
#759=VECTOR('',#1183,1000.);
#760=VECTOR('',#1186,1000.);
#761=VECTOR('',#1187,1000.);
#762=VECTOR('',#1188,1000.);
#763=VECTOR('',#1193,1000.);
#764=VECTOR('',#1198,1000.);
#765=VECTOR('',#1199,1000.);
#766=VECTOR('',#1200,1000.);
#767=VECTOR('',#1203,1000.);
#768=VECTOR('',#1204,1000.);
#769=VECTOR('',#1205,1000.);
#770=VECTOR('',#1208,1000.);
#771=VECTOR('',#1209,1000.);
#772=VECTOR('',#1210,1000.);
#773=VECTOR('',#1213,1000.);
#774=VECTOR('',#1214,1000.);
#775=VECTOR('',#1215,1000.);
#776=VECTOR('',#1218,1000.);
#777=VECTOR('',#1219,1000.);
#778=VECTOR('',#1220,1000.);
#779=VECTOR('',#1223,1000.);
#780=VECTOR('',#1224,1000.);
#781=VECTOR('',#1225,1000.);
#782=VECTOR('',#1228,1000.);
#783=VECTOR('',#1229,1000.);
#784=VECTOR('',#1230,1000.);
#785=VECTOR('',#1233,1000.);
#786=VECTOR('',#1234,1000.);
#787=VECTOR('',#1235,1000.);
#788=VECTOR('',#1238,1000.);
#789=VECTOR('',#1239,1000.);
#790=VECTOR('',#1240,1000.);
#791=VECTOR('',#1243,1000.);
#792=VECTOR('',#1244,1000.);
#793=VECTOR('',#1245,1000.);
#794=VECTOR('',#1248,1000.);
#795=VECTOR('',#1249,1000.);
#796=VECTOR('',#1250,1000.);
#797=VECTOR('',#1253,1000.);
#798=VECTOR('',#1254,1000.);
#799=VECTOR('',#1255,1000.);
#800=VECTOR('',#1260,1000.);
#801=VECTOR('',#1265,1000.);
#802=VECTOR('',#1266,1000.);
#803=VECTOR('',#1267,1000.);
#804=VECTOR('',#1270,1000.);
#805=VECTOR('',#1271,1000.);
#806=VECTOR('',#1272,1000.);
#807=VECTOR('',#1275,1000.);
#808=VECTOR('',#1276,1000.);
#809=VECTOR('',#1277,1000.);
#810=VECTOR('',#1280,1000.);
#811=VECTOR('',#1281,1000.);
#812=VECTOR('',#1282,1000.);
#813=VECTOR('',#1285,1000.);
#814=VECTOR('',#1286,1000.);
#815=VECTOR('',#1287,1000.);
#816=VECTOR('',#1290,1000.);
#817=VECTOR('',#1291,1000.);
#818=VECTOR('',#1292,1000.);
#819=VECTOR('',#1295,1000.);
#820=VECTOR('',#1296,1000.);
#821=VECTOR('',#1297,1000.);
#822=VECTOR('',#1298,1000.);
#823=VECTOR('',#1301,1000.);
#824=VECTOR('',#1302,1000.);
#825=VECTOR('',#1303,1000.);
#826=VECTOR('',#1306,1000.);
#827=VECTOR('',#1307,1000.);
#828=VECTOR('',#1308,1000.);
#829=VECTOR('',#1311,1000.);
#830=VECTOR('',#1312,1000.);
#831=VECTOR('',#1313,1000.);
#832=VECTOR('',#1320,1000.);
#833=VECTOR('',#1321,1000.);
#834=VECTOR('',#1326,1000.);
#835=VECTOR('',#1327,1000.);
#836=VECTOR('',#1356,1000.);
#837=VECTOR('',#1359,1000.);
#838=VECTOR('',#1362,1000.);
#839=VECTOR('',#1363,1000.);
#840=VECTOR('',#1364,1000.);
#841=VECTOR('',#1365,1000.);
#842=VECTOR('',#1368,1000.);
#843=VECTOR('',#1369,1000.);
#844=VECTOR('',#1370,1000.);
#845=VECTOR('',#1371,1000.);
#846=VECTOR('',#1374,1000.);
#847=VECTOR('',#1375,1000.);
#848=VECTOR('',#1376,1000.);
#849=VECTOR('',#1377,1000.);
#850=VECTOR('',#1380,1000.);
#851=VECTOR('',#1381,1000.);
#852=VECTOR('',#1384,1000.);
#853=VECTOR('',#1389,1000.);
#854=VECTOR('',#1392,1000.);
#855=VECTOR('',#1393,1000.);
#856=VECTOR('',#1396,1000.);
#857=VECTOR('',#1397,1000.);
#858=VECTOR('',#1398,1000.);
#859=VECTOR('',#1399,1000.);
#860=VECTOR('',#1404,1000.);
#861=VECTOR('',#1411,1000.);
#862=VECTOR('',#1412,1000.);
#863=VECTOR('',#1417,1000.);
#864=VECTOR('',#1420,1000.);
#865=VECTOR('',#1421,1000.);
#866=EDGE_LOOP('',(#67,#68,#69,#70));
#867=EDGE_LOOP('',(#71,#72,#73,#74));
#868=EDGE_LOOP('',(#75,#76,#77,#78));
#869=EDGE_LOOP('',(#79,#80,#81,#82));
#870=EDGE_LOOP('',(#83,#84,#85,#86));
#871=EDGE_LOOP('',(#87,#88,#89,#90));
#872=EDGE_LOOP('',(#91,#92,#93,#94));
#873=EDGE_LOOP('',(#95,#96,#97,#98));
#874=EDGE_LOOP('',(#99,#100,#101,#102));
#875=EDGE_LOOP('',(#103,#104,#105,#106));
#876=EDGE_LOOP('',(#107,#108,#109,#110));
#877=EDGE_LOOP('',(#111,#112,#113,#114));
#878=EDGE_LOOP('',(#115,#116,#117,#118));
#879=EDGE_LOOP('',(#119,#120,#121,#122));
#880=EDGE_LOOP('',(#123,#124,#125,#126));
#881=EDGE_LOOP('',(#127,#128,#129,#130));
#882=EDGE_LOOP('',(#131,#132,#133,#134));
#883=EDGE_LOOP('',(#135,#136,#137,#138));
#884=EDGE_LOOP('',(#139,#140,#141,#142));
#885=EDGE_LOOP('',(#143,#144,#145,#146));
#886=EDGE_LOOP('',(#147,#148,#149,#150));
#887=EDGE_LOOP('',(#151,#152,#153,#154));
#888=EDGE_LOOP('',(#155,#156,#157,#158));
#889=EDGE_LOOP('',(#159,#160,#161,#162));
#890=EDGE_LOOP('',(#163,#164,#165,#166));
#891=EDGE_LOOP('',(#167,#168,#169,#170));
#892=EDGE_LOOP('',(#171,#172,#173,#174));
#893=EDGE_LOOP('',(#175,#176,#177,#178));
#894=EDGE_LOOP('',(#179,#180,#181,#182));
#895=EDGE_LOOP('',(#183,#184,#185,#186,#187,#188,#189,#190,#191,#192,#193,
#194,#195,#196,#197,#198,#199,#200,#201,#202,#203,#204,#205,#206,#207,#208,
#209,#210,#211,#212,#213,#214,#215));
#896=EDGE_LOOP('',(#216,#217,#218,#219,#220,#221,#222,#223,#224,#225,#226,
#227,#228,#229,#230,#231,#232,#233,#234,#235,#236,#237,#238,#239,#240,#241,
#242,#243,#244,#245,#246,#247,#248));
#897=EDGE_LOOP('',(#249,#250,#251));
#898=EDGE_LOOP('',(#252,#253,#254));
#899=EDGE_LOOP('',(#255,#256,#257));
#900=EDGE_LOOP('',(#258,#259,#260));
#901=EDGE_LOOP('',(#261,#262,#263));
#902=EDGE_LOOP('',(#264,#265,#266,#267));
#903=EDGE_LOOP('',(#268));
#904=EDGE_LOOP('',(#269,#270,#271,#272));
#905=EDGE_LOOP('',(#273));
#906=EDGE_LOOP('',(#274,#275,#276,#277));
#907=EDGE_LOOP('',(#278,#279,#280,#281));
#908=EDGE_LOOP('',(#282,#283,#284,#285,#286,#287));
#909=EDGE_LOOP('',(#288,#289,#290,#291));
#910=EDGE_LOOP('',(#292,#293,#294,#295,#296,#297,#298,#299,#300,#301,#302,
#303,#304,#305,#306,#307,#308));
#911=EDGE_LOOP('',(#309,#310,#311,#312,#313,#314,#315,#316,#317,#318,#319,
#320,#321,#322));
#912=EDGE_LOOP('',(#323,#324,#325));
#913=EDGE_LOOP('',(#326));
#914=EDGE_LOOP('',(#327));
#915=EDGE_LOOP('',(#328,#329,#330,#331,#332,#333,#334,#335,#336,#337,#338));
#916=EDGE_LOOP('',(#339,#340,#341,#342));
#917=EDGE_LOOP('',(#343,#344,#345,#346,#347,#348,#349,#350));
#918=EDGE_LOOP('',(#351,#352,#353,#354,#355));
#919=EDGE_LOOP('',(#356,#357,#358,#359));
#920=EDGE_LOOP('',(#360,#361,#362,#363));
#921=EDGE_LOOP('',(#364,#365,#366,#367,#368));
#922=EDGE_LOOP('',(#369,#370,#371,#372));
#923=FACE_BOUND('',#866,.T.);
#924=FACE_BOUND('',#867,.T.);
#925=FACE_BOUND('',#868,.T.);
#926=FACE_BOUND('',#869,.T.);
#927=FACE_BOUND('',#870,.T.);
#928=FACE_BOUND('',#871,.T.);
#929=FACE_BOUND('',#872,.T.);
#930=FACE_BOUND('',#873,.T.);
#931=FACE_BOUND('',#874,.T.);
#932=FACE_BOUND('',#875,.T.);
#933=FACE_BOUND('',#876,.T.);
#934=FACE_BOUND('',#877,.T.);
#935=FACE_BOUND('',#878,.T.);
#936=FACE_BOUND('',#879,.T.);
#937=FACE_BOUND('',#880,.T.);
#938=FACE_BOUND('',#881,.T.);
#939=FACE_BOUND('',#882,.T.);
#940=FACE_BOUND('',#883,.T.);
#941=FACE_BOUND('',#884,.T.);
#942=FACE_BOUND('',#885,.T.);
#943=FACE_BOUND('',#886,.T.);
#944=FACE_BOUND('',#887,.T.);
#945=FACE_BOUND('',#888,.T.);
#946=FACE_BOUND('',#889,.T.);
#947=FACE_BOUND('',#890,.T.);
#948=FACE_BOUND('',#891,.T.);
#949=FACE_BOUND('',#892,.T.);
#950=FACE_BOUND('',#893,.T.);
#951=FACE_BOUND('',#894,.T.);
#952=FACE_BOUND('',#895,.T.);
#953=FACE_BOUND('',#896,.T.);
#954=FACE_BOUND('',#897,.T.);
#955=FACE_BOUND('',#898,.T.);
#956=FACE_BOUND('',#899,.T.);
#957=FACE_BOUND('',#900,.T.);
#958=FACE_BOUND('',#901,.T.);
#959=FACE_BOUND('',#902,.T.);
#960=FACE_BOUND('',#903,.T.);
#961=FACE_BOUND('',#904,.T.);
#962=FACE_BOUND('',#905,.T.);
#963=FACE_BOUND('',#906,.T.);
#964=FACE_BOUND('',#907,.T.);
#965=FACE_BOUND('',#908,.T.);
#966=FACE_BOUND('',#909,.T.);
#967=FACE_BOUND('',#910,.T.);
#968=FACE_BOUND('',#911,.T.);
#969=FACE_BOUND('',#912,.T.);
#970=FACE_BOUND('',#913,.T.);
#971=FACE_BOUND('',#914,.T.);
#972=FACE_BOUND('',#915,.T.);
#973=FACE_BOUND('',#916,.T.);
#974=FACE_BOUND('',#917,.T.);
#975=FACE_BOUND('',#918,.T.);
#976=FACE_BOUND('',#919,.T.);
#977=FACE_BOUND('',#920,.T.);
#978=FACE_BOUND('',#921,.T.);
#979=FACE_BOUND('',#922,.T.);
#980=PLANE('',#1086);
#981=PLANE('',#1087);
#982=PLANE('',#1088);
#983=PLANE('',#1089);
#984=PLANE('',#1090);
#985=PLANE('',#1094);
#986=PLANE('',#1095);
#987=PLANE('',#1096);
#988=PLANE('',#1097);
#989=PLANE('',#1098);
#990=PLANE('',#1099);
#991=PLANE('',#1100);
#992=PLANE('',#1101);
#993=PLANE('',#1102);
#994=PLANE('',#1103);
#995=PLANE('',#1104);
#996=PLANE('',#1105);
#997=PLANE('',#1109);
#998=PLANE('',#1110);
#999=PLANE('',#1111);
#1000=PLANE('',#1112);
#1001=PLANE('',#1113);
#1002=PLANE('',#1114);
#1003=PLANE('',#1115);
#1004=PLANE('',#1116);
#1005=PLANE('',#1117);
#1006=PLANE('',#1118);
#1007=PLANE('',#1119);
#1008=PLANE('',#1122);
#1009=PLANE('',#1137);
#1010=PLANE('',#1139);
#1011=PLANE('',#1140);
#1012=PLANE('',#1141);
#1013=PLANE('',#1142);
#1014=PLANE('',#1143);
#1015=PLANE('',#1147);
#1016=PLANE('',#1148);
#1017=PLANE('',#1150);
#1018=PLANE('',#1154);
#1019=PLANE('',#1155);
#1020=ADVANCED_FACE('',(#923),#980,.F.);
#1021=ADVANCED_FACE('',(#924),#981,.F.);
#1022=ADVANCED_FACE('',(#925),#982,.F.);
#1023=ADVANCED_FACE('',(#926),#983,.T.);
#1024=ADVANCED_FACE('',(#927),#984,.F.);
#1025=ADVANCED_FACE('',(#928),#56,.F.);
#1026=ADVANCED_FACE('',(#929),#985,.T.);
#1027=ADVANCED_FACE('',(#930),#986,.T.);
#1028=ADVANCED_FACE('',(#931),#987,.F.);
#1029=ADVANCED_FACE('',(#932),#988,.F.);
#1030=ADVANCED_FACE('',(#933),#989,.F.);
#1031=ADVANCED_FACE('',(#934),#990,.T.);
#1032=ADVANCED_FACE('',(#935),#991,.T.);
#1033=ADVANCED_FACE('',(#936),#992,.F.);
#1034=ADVANCED_FACE('',(#937),#993,.F.);
#1035=ADVANCED_FACE('',(#938),#994,.F.);
#1036=ADVANCED_FACE('',(#939),#995,.T.);
#1037=ADVANCED_FACE('',(#940),#996,.T.);
#1038=ADVANCED_FACE('',(#941),#57,.F.);
#1039=ADVANCED_FACE('',(#942),#997,.F.);
#1040=ADVANCED_FACE('',(#943),#998,.T.);
#1041=ADVANCED_FACE('',(#944),#999,.F.);
#1042=ADVANCED_FACE('',(#945),#1000,.F.);
#1043=ADVANCED_FACE('',(#946),#1001,.F.);
#1044=ADVANCED_FACE('',(#947),#1002,.T.);
#1045=ADVANCED_FACE('',(#948),#1003,.F.);
#1046=ADVANCED_FACE('',(#949),#1004,.T.);
#1047=ADVANCED_FACE('',(#950),#1005,.F.);
#1048=ADVANCED_FACE('',(#951),#1006,.T.);
#1049=ADVANCED_FACE('',(#952),#1007,.F.);
#1050=ADVANCED_FACE('',(#953),#1008,.F.);
#1051=ADVANCED_FACE('',(#954),#58,.F.);
#1052=ADVANCED_FACE('',(#955),#59,.F.);
#1053=ADVANCED_FACE('',(#956),#60,.F.);
#1054=ADVANCED_FACE('',(#957),#61,.F.);
#1055=ADVANCED_FACE('',(#958),#1009,.T.);
#1056=ADVANCED_FACE('',(#959),#1010,.T.);
#1057=ADVANCED_FACE('',(#960,#961),#20,.F.);
#1058=ADVANCED_FACE('',(#962,#963),#21,.T.);
#1059=ADVANCED_FACE('',(#964),#1011,.T.);
#1060=ADVANCED_FACE('',(#965),#1012,.T.);
#1061=ADVANCED_FACE('',(#966),#1013,.T.);
#1062=ADVANCED_FACE('',(#967),#1014,.F.);
#1063=ADVANCED_FACE('',(#968),#1015,.T.);
#1064=ADVANCED_FACE('',(#969),#1016,.T.);
#1065=ADVANCED_FACE('',(#970,#971,#972),#1017,.T.);
#1066=ADVANCED_FACE('',(#973),#1018,.T.);
#1067=ADVANCED_FACE('',(#974),#1019,.T.);
#1068=ADVANCED_FACE('',(#975),#62,.T.);
#1069=ADVANCED_FACE('',(#976),#63,.T.);
#1070=ADVANCED_FACE('',(#977),#64,.T.);
#1071=ADVANCED_FACE('',(#978),#65,.T.);
#1072=ADVANCED_FACE('',(#979),#66,.F.);
#1073=CLOSED_SHELL('',(#1020,#1021,#1022,#1023,#1024,#1025,#1026,#1027,
#1028,#1029,#1030,#1031,#1032,#1033,#1034,#1035,#1036,#1037,#1038,#1039,
#1040,#1041,#1042,#1043,#1044,#1045,#1046,#1047,#1048,#1049,#1050,#1051,
#1052,#1053,#1054,#1055,#1056,#1057,#1058,#1059,#1060,#1061,#1062,#1063,
#1064,#1065,#1066,#1067,#1068,#1069,#1070,#1071,#1072));
#1074=STYLED_ITEM('',(#1075),#1082);
#1075=PRESENTATION_STYLE_ASSIGNMENT((#1076));
#1076=SURFACE_STYLE_USAGE(.BOTH.,#1077);
#1077=SURFACE_SIDE_STYLE('',(#1078));
#1078=SURFACE_STYLE_FILL_AREA(#1079);
#1079=FILL_AREA_STYLE('',(#1080));
#1080=FILL_AREA_STYLE_COLOUR('',#1081);
#1081=COLOUR_RGB('',0.506983280181885,0.531564235687256,0.550000011920929);
#1082=MANIFOLD_SOLID_BREP('',#1073);
#1083=SHAPE_DEFINITION_REPRESENTATION(#2213,#1084);
#1084=SHAPE_REPRESENTATION('FlareHolder05',(#1085),#2208);
#1085=AXIS2_PLACEMENT_3D('',#1432,#1161,#1162);
#1086=AXIS2_PLACEMENT_3D('',#1433,#1163,#1164);
#1087=AXIS2_PLACEMENT_3D('',#1442,#1169,#1170);
#1088=AXIS2_PLACEMENT_3D('',#1448,#1174,#1175);
#1089=AXIS2_PLACEMENT_3D('',#1454,#1179,#1180);
#1090=AXIS2_PLACEMENT_3D('',#1460,#1184,#1185);
#1091=AXIS2_PLACEMENT_3D('',#1466,#1189,#1190);
#1092=AXIS2_PLACEMENT_3D('',#1467,#1191,#1192);
#1093=AXIS2_PLACEMENT_3D('',#1471,#1194,#1195);
#1094=AXIS2_PLACEMENT_3D('',#1472,#1196,#1197);
#1095=AXIS2_PLACEMENT_3D('',#1478,#1201,#1202);
#1096=AXIS2_PLACEMENT_3D('',#1484,#1206,#1207);
#1097=AXIS2_PLACEMENT_3D('',#1490,#1211,#1212);
#1098=AXIS2_PLACEMENT_3D('',#1496,#1216,#1217);
#1099=AXIS2_PLACEMENT_3D('',#1502,#1221,#1222);
#1100=AXIS2_PLACEMENT_3D('',#1508,#1226,#1227);
#1101=AXIS2_PLACEMENT_3D('',#1514,#1231,#1232);
#1102=AXIS2_PLACEMENT_3D('',#1520,#1236,#1237);
#1103=AXIS2_PLACEMENT_3D('',#1526,#1241,#1242);
#1104=AXIS2_PLACEMENT_3D('',#1532,#1246,#1247);
#1105=AXIS2_PLACEMENT_3D('',#1538,#1251,#1252);
#1106=AXIS2_PLACEMENT_3D('',#1544,#1256,#1257);
#1107=AXIS2_PLACEMENT_3D('',#1545,#1258,#1259);
#1108=AXIS2_PLACEMENT_3D('',#1549,#1261,#1262);
#1109=AXIS2_PLACEMENT_3D('',#1550,#1263,#1264);
#1110=AXIS2_PLACEMENT_3D('',#1556,#1268,#1269);
#1111=AXIS2_PLACEMENT_3D('',#1562,#1273,#1274);
#1112=AXIS2_PLACEMENT_3D('',#1568,#1278,#1279);
#1113=AXIS2_PLACEMENT_3D('',#1574,#1283,#1284);
#1114=AXIS2_PLACEMENT_3D('',#1580,#1288,#1289);
#1115=AXIS2_PLACEMENT_3D('',#1586,#1293,#1294);
#1116=AXIS2_PLACEMENT_3D('',#1595,#1299,#1300);
#1117=AXIS2_PLACEMENT_3D('',#1601,#1304,#1305);
#1118=AXIS2_PLACEMENT_3D('',#1607,#1309,#1310);
#1119=AXIS2_PLACEMENT_3D('',#1613,#1314,#1315);
#1120=AXIS2_PLACEMENT_3D('',#1614,#1316,#1317);
#1121=AXIS2_PLACEMENT_3D('',#1615,#1318,#1319);
#1122=AXIS2_PLACEMENT_3D('',#1620,#1322,#1323);
#1123=AXIS2_PLACEMENT_3D('',#1621,#1324,#1325);
#1124=AXIS2_PLACEMENT_3D('',#1626,#1328,#1329);
#1125=AXIS2_PLACEMENT_3D('',#1627,#1330,#1331);
#1126=AXIS2_PLACEMENT_3D('',#1628,#1332,#1333);
#1127=AXIS2_PLACEMENT_3D('',#1636,#1334,#1335);
#1128=AXIS2_PLACEMENT_3D('',#1637,#1336,#1337);
#1129=AXIS2_PLACEMENT_3D('',#1638,#1338,#1339);
#1130=AXIS2_PLACEMENT_3D('',#1641,#1340,#1341);
#1131=AXIS2_PLACEMENT_3D('',#1647,#1342,#1343);
#1132=AXIS2_PLACEMENT_3D('',#1648,#1344,#1345);
#1133=AXIS2_PLACEMENT_3D('',#1656,#1346,#1347);
#1134=AXIS2_PLACEMENT_3D('',#1657,#1348,#1349);
#1135=AXIS2_PLACEMENT_3D('',#1658,#1350,#1351);
#1136=AXIS2_PLACEMENT_3D('',#1661,#1352,#1353);
#1137=AXIS2_PLACEMENT_3D('',#1667,#1354,#1355);
#1138=AXIS2_PLACEMENT_3D('',#1671,#1357,#1358);
#1139=AXIS2_PLACEMENT_3D('',#1674,#1360,#1361);
#1140=AXIS2_PLACEMENT_3D('',#2147,#1366,#1367);
#1141=AXIS2_PLACEMENT_3D('',#2156,#1372,#1373);
#1142=AXIS2_PLACEMENT_3D('',#2163,#1378,#1379);
#1143=AXIS2_PLACEMENT_3D('',#2167,#1382,#1383);
#1144=AXIS2_PLACEMENT_3D('',#2170,#1385,#1386);
#1145=AXIS2_PLACEMENT_3D('',#2171,#1387,#1388);
#1146=AXIS2_PLACEMENT_3D('',#2174,#1390,#1391);
#1147=AXIS2_PLACEMENT_3D('',#2178,#1394,#1395);
#1148=AXIS2_PLACEMENT_3D('',#2185,#1400,#1401);
#1149=AXIS2_PLACEMENT_3D('',#2186,#1402,#1403);
#1150=AXIS2_PLACEMENT_3D('',#2189,#1405,#1406);
#1151=AXIS2_PLACEMENT_3D('',#2190,#1407,#1408);
#1152=AXIS2_PLACEMENT_3D('',#2191,#1409,#1410);
#1153=AXIS2_PLACEMENT_3D('',#2196,#1413,#1414);
#1154=AXIS2_PLACEMENT_3D('',#2197,#1415,#1416);
#1155=AXIS2_PLACEMENT_3D('',#2199,#1418,#1419);
#1156=AXIS2_PLACEMENT_3D('',#2202,#1422,#1423);
#1157=AXIS2_PLACEMENT_3D('',#2203,#1424,#1425);
#1158=AXIS2_PLACEMENT_3D('',#2204,#1426,#1427);
#1159=AXIS2_PLACEMENT_3D('',#2205,#1428,#1429);
#1160=AXIS2_PLACEMENT_3D('',#2206,#1430,#1431);
#1161=DIRECTION('',(0.,0.,1.));
#1162=DIRECTION('',(1.,0.,0.));
#1163=DIRECTION('',(1.,7.2280144832367E-17,0.));
#1164=DIRECTION('',(-7.2280144832367E-17,1.,0.));
#1165=DIRECTION('',(-5.92084284009378E-17,1.,4.14581878918865E-17));
#1166=DIRECTION('',(0.,0.,1.));
#1167=DIRECTION('',(-7.2280144832367E-17,1.,0.));
#1168=DIRECTION('',(0.,0.,1.));
#1169=DIRECTION('',(0.,0.,-1.));
#1170=DIRECTION('',(-1.,0.,0.));
#1171=DIRECTION('',(-1.,0.,0.));
#1172=DIRECTION('',(0.0178301911750901,-0.999841029505521,0.));
#1173=DIRECTION('',(1.,-8.67361737988404E-16,0.));
#1174=DIRECTION('',(-0.999841029505521,-0.0178301911750901,0.));
#1175=DIRECTION('',(0.0178301911750901,-0.999841029505521,0.));
#1176=DIRECTION('',(0.0178301911750901,-0.999841029505521,0.));
#1177=DIRECTION('',(0.,0.,1.));
#1178=DIRECTION('',(0.,0.,1.));
#1179=DIRECTION('',(0.,0.,1.));
#1180=DIRECTION('',(1.,0.,0.));
#1181=DIRECTION('',(-2.12783765638395E-17,1.,0.));
#1182=DIRECTION('',(1.,-2.61501233285958E-16,0.));
#1183=DIRECTION('',(-1.,1.49429276163405E-16,0.));
#1184=DIRECTION('',(0.996194698091746,2.11974059168966E-17,0.0871557427476583));
#1185=DIRECTION('',(0.0871557427476583,-2.25673433732392E-17,-0.996194698091746));
#1186=DIRECTION('',(0.0871557427476583,-2.25673433732393E-17,-0.996194698091746));
#1187=DIRECTION('',(0.,-1.,0.));
#1188=DIRECTION('',(-0.0871557427476583,2.25673433732392E-17,0.996194698091746));
#1189=DIRECTION('',(0.,-1.,0.));
#1190=DIRECTION('',(0.,0.,-1.));
#1191=DIRECTION('',(-1.49429276163405E-16,-1.,0.));
#1192=DIRECTION('',(1.,-1.49429276163405E-16,0.));
#1193=DIRECTION('',(0.,-1.,0.));
#1194=DIRECTION('',(-1.12071957122553E-16,1.,0.));
#1195=DIRECTION('',(-1.,-1.12071957122553E-16,0.));
#1196=DIRECTION('',(0.996194698091746,1.867122450825E-16,-0.0871557427476584));
#1197=DIRECTION('',(0.0871557427476584,-4.89641351799436E-18,0.996194698091746));
#1198=DIRECTION('',(-0.0871557427476584,4.8964135179943E-18,-0.996194698091746));
#1199=DIRECTION('',(-1.87425455526069E-16,1.,0.));
#1200=DIRECTION('',(0.0871557427476584,-4.89641351799439E-18,0.996194698091746));
#1201=DIRECTION('',(0.,0.,1.));
#1202=DIRECTION('',(-1.,2.98858552326809E-16,0.));
#1203=DIRECTION('',(1.,-1.49429276163404E-16,0.));
#1204=DIRECTION('',(-0.0178301911750904,-0.999841029505521,0.));
#1205=DIRECTION('',(-1.,3.73573190408511E-17,0.));
#1206=DIRECTION('',(0.999841029505521,-0.0178301911750904,0.));
#1207=DIRECTION('',(-0.0178301911750904,-0.999841029505521,0.));
#1208=DIRECTION('',(0.,0.,1.));
#1209=DIRECTION('',(-0.0178301911750904,-0.999841029505521,0.));
#1210=DIRECTION('',(0.,0.,1.));
#1211=DIRECTION('',(0.,0.,-1.));
#1212=DIRECTION('',(1.,-2.98858552326809E-16,0.));
#1213=DIRECTION('',(1.,-2.98858552326809E-16,0.));
#1214=DIRECTION('',(3.71138697159176E-16,1.,0.));
#1215=DIRECTION('',(-1.,-5.68503185661594E-16,0.));
#1216=DIRECTION('',(-1.,3.71138697159176E-16,0.));
#1217=DIRECTION('',(3.71138697159176E-16,1.,0.));
#1218=DIRECTION('',(3.58066980727747E-16,1.,4.14581878918865E-17));
#1219=DIRECTION('',(0.,0.,1.));
#1220=DIRECTION('',(0.,0.,1.));
#1221=DIRECTION('',(-0.573576436351046,1.71418223416644E-16,0.819152044288992));
#1222=DIRECTION('',(-0.819152044288992,2.44810594091754E-16,-0.573576436351046));
#1223=DIRECTION('',(4.17437359691087E-16,1.,8.30297747883845E-17));
#1224=DIRECTION('',(-0.819152044288992,-1.66906391942037E-17,-0.573576436351046));
#1225=DIRECTION('',(0.819152044288992,-9.53813179283497E-17,0.573576436351046));
#1226=DIRECTION('',(0.573576436351046,-3.07446242926163E-16,0.819152044288992));
#1227=DIRECTION('',(0.819152044288992,-4.39078739015352E-16,-0.573576436351046));
#1228=DIRECTION('',(0.819152044288992,-7.0057997230131E-16,-0.573576436351046));
#1229=DIRECTION('',(-0.819152044288992,5.88508015178756E-16,0.573576436351046));
#1230=DIRECTION('',(4.76807738654427E-16,1.,4.14581878918865E-17));
#1231=DIRECTION('',(1.,-4.63736022222998E-16,0.));
#1232=DIRECTION('',(4.63736022222998E-16,1.,0.));
#1233=DIRECTION('',(0.,0.,1.));
#1234=DIRECTION('',(4.63736022222998E-16,1.,0.));
#1235=DIRECTION('',(0.,0.,1.));
#1236=DIRECTION('',(0.,0.,-1.));
#1237=DIRECTION('',(-1.,5.36016167055365E-16,0.));
#1238=DIRECTION('',(-1.,5.36016167055365E-16,0.));
#1239=DIRECTION('',(0.0178301911750896,-0.999841029505521,0.));
#1240=DIRECTION('',(1.,-1.40337790504377E-15,0.));
#1241=DIRECTION('',(-0.999841029505521,-0.0178301911750896,0.));
#1242=DIRECTION('',(0.0178301911750896,-0.999841029505521,0.));
#1243=DIRECTION('',(0.0178301911750896,-0.999841029505521,0.));
#1244=DIRECTION('',(0.,0.,1.));
#1245=DIRECTION('',(0.,0.,1.));
#1246=DIRECTION('',(0.,0.,1.));
#1247=DIRECTION('',(1.,-5.36016167055365E-16,0.));
#1248=DIRECTION('',(1.02230017490824E-15,1.,0.));
#1249=DIRECTION('',(1.,-7.97517400341323E-16,0.));
#1250=DIRECTION('',(-1.,6.8544544321877E-16,0.));
#1251=DIRECTION('',(-0.996194698091746,1.01841001410186E-15,-0.0871557427476584));
#1252=DIRECTION('',(-0.0871557427476584,6.78677127510019E-17,0.996194698091746));
#1253=DIRECTION('',(-8.34874719382174E-16,-1.,0.));
#1254=DIRECTION('',(-0.0871557427476584,6.78677127510019E-17,0.996194698091746));
#1255=DIRECTION('',(0.0871557427476584,-6.7867712751002E-17,-0.996194698091746));
#1256=DIRECTION('',(-8.34874719382174E-16,-1.,0.));
#1257=DIRECTION('',(0.,0.,-1.));
#1258=DIRECTION('',(6.85445443218769E-16,1.,0.));
#1259=DIRECTION('',(-1.,6.85445443218769E-16,0.));
#1260=DIRECTION('',(-8.34874719382174E-16,-1.,0.));
#1261=DIRECTION('',(-9.46946676504727E-16,-1.,0.));
#1262=DIRECTION('',(1.,-9.46946676504727E-16,0.));
#1263=DIRECTION('',(-0.996194698091746,8.52895174936252E-16,0.0871557427476583));
#1264=DIRECTION('',(-0.0871557427476583,5.01967828957569E-17,-0.996194698091746));
#1265=DIRECTION('',(-0.0871557427476583,5.01967828957569E-17,-0.996194698091746));
#1266=DIRECTION('',(8.56153095946014E-16,1.,0.));
#1267=DIRECTION('',(0.0871557427476583,-5.0196782895757E-17,0.996194698091746));
#1268=DIRECTION('',(0.,0.,1.));
#1269=DIRECTION('',(-1.,8.34874719382174E-16,0.));
#1270=DIRECTION('',(1.,-6.85445443218769E-16,0.));
#1271=DIRECTION('',(-0.0178301911750909,-0.999841029505521,0.));
#1272=DIRECTION('',(-1.,5.73373486096216E-16,0.));
#1273=DIRECTION('',(0.999841029505521,-0.0178301911750909,0.));
#1274=DIRECTION('',(-0.0178301911750909,-0.999841029505521,0.));
#1275=DIRECTION('',(0.,0.,1.));
#1276=DIRECTION('',(-0.0178301911750909,-0.999841029505521,0.));
#1277=DIRECTION('',(0.,0.,1.));
#1278=DIRECTION('',(0.,0.,-1.));
#1279=DIRECTION('',(1.,-8.34874719382174E-16,0.));
#1280=DIRECTION('',(1.,-8.34874719382174E-16,0.));
#1281=DIRECTION('',(9.07154864214541E-16,1.,0.));
#1282=DIRECTION('',(-1.,-3.24870186062295E-17,0.));
#1283=DIRECTION('',(-1.,9.07154864214541E-16,0.));
#1284=DIRECTION('',(9.07154864214541E-16,1.,0.));
#1285=DIRECTION('',(8.94083147783112E-16,1.,4.14581878918865E-17));
#1286=DIRECTION('',(0.,0.,1.));
#1287=DIRECTION('',(0.,0.,1.));
#1288=DIRECTION('',(-0.573576436351046,4.78864466342807E-16,0.819152044288992));
#1289=DIRECTION('',(-0.819152044288992,6.83889333107106E-16,-0.573576436351046));
#1290=DIRECTION('',(0.819152044288992,-5.34460056943702E-16,0.573576436351046));
#1291=DIRECTION('',(9.79435009046908E-16,1.,1.01222204549026E-16));
#1292=DIRECTION('',(-0.819152044288992,4.22388099821148E-16,-0.573576436351046));
#1293=DIRECTION('',(1.,-9.79435009046908E-16,0.));
#1294=DIRECTION('',(-9.79435009046908E-16,-1.,0.));
#1295=DIRECTION('',(0.,0.,-1.));
#1296=DIRECTION('',(9.79435009046908E-16,1.,1.01222204549026E-16));
#1297=DIRECTION('',(0.,0.,-1.));
#1298=DIRECTION('',(9.79435009046908E-16,1.,0.));
#1299=DIRECTION('',(0.,0.,-1.));
#1300=DIRECTION('',(-1.,0.,0.));
#1301=DIRECTION('',(-1.,1.49429276163405E-16,0.));
#1302=DIRECTION('',(0.,-1.,0.));
#1303=DIRECTION('',(1.,1.12071957122553E-16,0.));
#1304=DIRECTION('',(-1.,0.,0.));
#1305=DIRECTION('',(0.,0.,1.));
#1306=DIRECTION('',(0.,0.,-1.));
#1307=DIRECTION('',(0.,-1.,0.));
#1308=DIRECTION('',(0.,0.,-1.));
#1309=DIRECTION('',(0.573576436351046,0.,0.819152044288992));
#1310=DIRECTION('',(0.819152044288992,0.,-0.573576436351046));
#1311=DIRECTION('',(0.819152044288992,-2.61501233285958E-16,-0.573576436351046));
#1312=DIRECTION('',(0.,1.,0.));
#1313=DIRECTION('',(-0.819152044288992,1.49429276163405E-16,0.573576436351046));
#1314=DIRECTION('',(-1.49429276163405E-16,-1.,0.));
#1315=DIRECTION('',(1.,-1.49429276163405E-16,0.));
#1316=DIRECTION('',(-1.49429276163405E-16,-1.,0.));
#1317=DIRECTION('',(1.,-1.49429276163405E-16,0.));
#1318=DIRECTION('',(-1.49429276163405E-16,-1.,0.));
#1319=DIRECTION('',(1.,-1.49429276163405E-16,0.));
#1320=DIRECTION('',(-0.573576436351046,8.5709111708322E-17,-0.819152044288992));
#1321=DIRECTION('',(0.,0.,-1.));
#1322=DIRECTION('',(-1.12071957122553E-16,1.,0.));
#1323=DIRECTION('',(-1.,-1.12071957122553E-16,0.));
#1324=DIRECTION('',(-1.12071957122553E-16,1.,0.));
#1325=DIRECTION('',(-1.,-1.12071957122553E-16,0.));
#1326=DIRECTION('',(0.,0.,-1.));
#1327=DIRECTION('',(0.573576436351046,6.42818337812415E-17,0.819152044288992));
#1328=DIRECTION('',(-1.12071957122553E-16,1.,0.));
#1329=DIRECTION('',(-1.,-1.12071957122553E-16,0.));
#1330=DIRECTION('',(0.,-0.707106781186548,-0.707106781186547));
#1331=DIRECTION('',(0.,0.707106781186547,-0.707106781186548));
#1332=DIRECTION('',(1.74925804721994E-16,0.101964554768626,0.994788032482717));
#1333=DIRECTION('',(2.14880470434164E-16,-0.994788032482717,0.101964554768626));
#1334=DIRECTION('',(0.,-1.,0.));
#1335=DIRECTION('',(0.,0.,-1.));
#1336=DIRECTION('',(0.,-0.707106781186548,-0.707106781186547));
#1337=DIRECTION('',(0.,0.707106781186547,-0.707106781186548));
#1338=DIRECTION('',(1.74925804721994E-16,0.101964554768626,0.994788032482717));
#1339=DIRECTION('',(2.14880470434164E-16,-0.994788032482717,0.101964554768626));
#1340=DIRECTION('',(0.,-1.,0.));
#1341=DIRECTION('',(0.,0.,-1.));
#1342=DIRECTION('',(0.,-0.707106781186548,-0.707106781186547));
#1343=DIRECTION('',(0.,0.707106781186547,-0.707106781186548));
#1344=DIRECTION('',(1.74925804721994E-16,-0.101964554768626,-0.994788032482717));
#1345=DIRECTION('',(-2.14880470434164E-16,-0.994788032482717,0.101964554768626));
#1346=DIRECTION('',(0.,1.,0.));
#1347=DIRECTION('',(0.,0.,-1.));
#1348=DIRECTION('',(0.,-0.707106781186548,-0.707106781186547));
#1349=DIRECTION('',(0.,0.707106781186547,-0.707106781186548));
#1350=DIRECTION('',(1.74925804721994E-16,-0.101964554768626,-0.994788032482717));
#1351=DIRECTION('',(-2.14880470434164E-16,-0.994788032482717,0.101964554768626));
#1352=DIRECTION('',(0.,1.,0.));
#1353=DIRECTION('',(0.,0.,-1.));
#1354=DIRECTION('',(0.00636328039656467,0.,-0.99997975412635));
#1355=DIRECTION('',(-0.99997975412635,0.,-0.00636328039656467));
#1356=DIRECTION('',(0.99997975412635,0.,0.00636328039656467));
#1357=DIRECTION('',(0.00636328039656467,0.,-0.99997975412635));
#1358=DIRECTION('',(0.0709361369286012,0.997480757067322,0.000451395668425464));
#1359=DIRECTION('',(-0.998058287574758,0.0619622362821678,-0.00635105331857639));
#1360=DIRECTION('',(0.819152044288991,0.,0.573576436351048));
#1361=DIRECTION('',(0.573576436351048,0.,-0.819152044288991));
#1362=DIRECTION('',(-0.573576436351048,0.,0.819152044288991));
#1363=DIRECTION('',(0.0712150733588459,0.992262249115468,-0.101705665067429));
#1364=DIRECTION('',(-0.573576436351048,0.,0.819152044288991));
#1365=DIRECTION('',(0.,-1.,0.));
#1366=DIRECTION('',(1.,0.,0.));
#1367=DIRECTION('',(0.,0.,1.));
#1368=DIRECTION('',(0.,0.,-1.));
#1369=DIRECTION('',(0.,-1.,0.));
#1370=DIRECTION('',(0.,0.,-1.));
#1371=DIRECTION('',(0.,-1.,0.));
#1372=DIRECTION('',(0.,0.,-1.));
#1373=DIRECTION('',(-1.,0.,0.));
#1374=DIRECTION('',(1.,0.,0.));
#1375=DIRECTION('',(0.,-1.,0.));
#1376=DIRECTION('',(0.,-1.,0.));
#1377=DIRECTION('',(1.,0.,0.));
#1378=DIRECTION('',(-1.,0.,0.));
#1379=DIRECTION('',(0.,0.,1.));
#1380=DIRECTION('',(0.,-1.,0.));
#1381=DIRECTION('',(0.,0.,-1.));
#1382=DIRECTION('',(0.,-1.,0.));
#1383=DIRECTION('',(0.,0.,-1.));
#1384=DIRECTION('',(1.,0.,1.75842289020534E-16));
#1385=DIRECTION('',(0.,-1.,0.));
#1386=DIRECTION('',(0.573576436351048,0.,-0.819152044288991));
#1387=DIRECTION('',(0.,-1.,0.));
#1388=DIRECTION('',(0.,0.,-1.));
#1389=DIRECTION('',(-0.573576436351046,0.,-0.819152044288992));
#1390=DIRECTION('',(0.,-1.,0.));
#1391=DIRECTION('',(0.573576436351046,0.,0.819152044288992));
#1392=DIRECTION('',(-1.,0.,1.75842289020534E-16));
#1393=DIRECTION('',(-1.,0.,1.75842289020534E-16));
#1394=DIRECTION('',(1.74925804721994E-16,0.101964554768626,0.994788032482717));
#1395=DIRECTION('',(1.,-1.78362317960217E-17,-1.74014097109849E-16));
#1396=DIRECTION('',(0.0712150733588459,0.992262249115468,-0.101705665067429));
#1397=DIRECTION('',(0.0712150733588456,-0.992262249115468,0.101705665067429));
#1398=DIRECTION('',(-0.998058287574758,-0.0619622362821576,0.0063510533185757));
#1399=DIRECTION('',(-1.,1.78362317960217E-17,1.74014097109849E-16));
#1400=DIRECTION('',(-0.00636328039656397,0.,-0.99997975412635));
#1401=DIRECTION('',(-0.99997975412635,0.,0.00636328039656397));
#1402=DIRECTION('',(-0.00636328039656397,0.,-0.99997975412635));
#1403=DIRECTION('',(0.0709361369286009,-0.997480757067322,-0.000451395668425413));
#1404=DIRECTION('',(0.99997975412635,0.,-0.00636328039656397));
#1405=DIRECTION('',(0.,-1.,0.));
#1406=DIRECTION('',(0.,0.,-1.));
#1407=DIRECTION('',(0.,-1.,0.));
#1408=DIRECTION('',(0.573576436351048,0.,-0.819152044288991));
#1409=DIRECTION('',(0.,-1.,0.));
#1410=DIRECTION('',(0.573576436351046,0.,0.819152044288992));
#1411=DIRECTION('',(-0.573576436351046,0.,-0.819152044288991));
#1412=DIRECTION('',(0.,0.,-1.));
#1413=DIRECTION('',(0.,-1.,0.));
#1414=DIRECTION('',(0.,0.,-1.));
#1415=DIRECTION('',(-1.,0.,0.));
#1416=DIRECTION('',(0.,0.,1.));
#1417=DIRECTION('',(0.,-1.,0.));
#1418=DIRECTION('',(-0.819152044288991,0.,0.573576436351046));
#1419=DIRECTION('',(0.573576436351046,0.,0.819152044288992));
#1420=DIRECTION('',(0.,1.,0.));
#1421=DIRECTION('',(0.0712150733588456,-0.992262249115468,0.101705665067429));
#1422=DIRECTION('',(0.0712150733588456,-0.992262249115468,0.101705665067429));
#1423=DIRECTION('',(0.,-0.101964554768626,-0.994788032482717));
#1424=DIRECTION('',(-9.79435009046908E-16,-1.,-1.01222204549026E-16));
#1425=DIRECTION('',(1.,-9.79435009046908E-16,0.));
#1426=DIRECTION('',(0.,-1.,0.));
#1427=DIRECTION('',(0.,0.,-1.));
#1428=DIRECTION('',(0.0712150733588459,0.992262249115468,-0.101705665067429));
#1429=DIRECTION('',(0.,0.101964554768626,0.994788032482717));
#1430=DIRECTION('',(0.,-1.,0.));
#1431=DIRECTION('',(0.,0.,-1.));
#1432=CARTESIAN_POINT('',(0.,0.,0.));
#1433=CARTESIAN_POINT('',(7.82420473301009,1.4324711238014,-3.72294214703158));
#1434=CARTESIAN_POINT('',(7.82420473301009,1.4324711238014,3.27705785296842));
#1435=CARTESIAN_POINT('',(7.82420473301009,5.12117154457572,3.27705785296842));
#1436=CARTESIAN_POINT('',(7.82420473301009,13.4324711238014,3.27705785296842));
#1437=CARTESIAN_POINT('',(7.82420473301009,13.4324711238014,-3.72294214703158));
#1438=CARTESIAN_POINT('',(7.82420473301009,13.4324711238014,-3.72294214703158));
#1439=CARTESIAN_POINT('',(7.82420473301009,1.4324711238014,-3.72294214703158));
#1440=CARTESIAN_POINT('',(7.82420473301009,5.12117154457572,-3.72294214703158));
#1441=CARTESIAN_POINT('',(7.82420473301009,5.12117154457572,-3.72294214703158));
#1442=CARTESIAN_POINT('',(1.21020841980928,5.13543331659318,-3.72294214703158));
#1443=CARTESIAN_POINT('',(7.82420473301009,13.4324711238014,-3.72294214703158));
#1444=CARTESIAN_POINT('',(6.61020841980928,13.4324711238014,-3.72294214703158));
#1445=CARTESIAN_POINT('',(6.61020841980928,13.4324711238014,-3.72294214703158));
#1446=CARTESIAN_POINT('',(6.75842404213109,5.12117154457572,-3.72294214703158));
#1447=CARTESIAN_POINT('',(6.82420473301009,5.12117154457572,-3.72294214703158));
#1448=CARTESIAN_POINT('',(6.61020841980928,13.4324711238014,-3.72294214703158));
#1449=CARTESIAN_POINT('',(6.61020841980928,13.4324711238014,3.27705785296842));
#1450=CARTESIAN_POINT('',(6.61020841980928,13.4324711238014,3.27705785296842));
#1451=CARTESIAN_POINT('',(6.75842404213109,5.12117154457572,3.27705785296842));
#1452=CARTESIAN_POINT('',(6.75842404213109,5.12117154457572,8.27705785296842));
#1453=CARTESIAN_POINT('',(6.61020841980928,13.4324711238014,-3.72294214703158));
#1454=CARTESIAN_POINT('',(1.21020841980928,5.13543331659318,3.27705785296842));
#1455=CARTESIAN_POINT('',(5.19148676099447,5.13543331659318,3.27705785296842));
#1456=CARTESIAN_POINT('',(5.19148676099447,5.12117154457572,3.27705785296842));
#1457=CARTESIAN_POINT('',(5.19148676099447,13.4324711238014,3.27705785296842));
#1458=CARTESIAN_POINT('',(-10.398784948263,5.12117154457572,3.27705785296842));
#1459=CARTESIAN_POINT('',(1.21020841980928,13.4324711238014,3.27705785296842));
#1460=CARTESIAN_POINT('',(5.41020841980928,9.20148150092991,0.777057852968418));
#1461=CARTESIAN_POINT('',(5.41020841980928,13.4324711238014,0.777057852968418));
#1462=CARTESIAN_POINT('',(5.39422639577484,13.4324711238014,0.959733223586104));
#1463=CARTESIAN_POINT('',(5.39422615179461,9.27682133418855,0.959736012292852));
#1464=CARTESIAN_POINT('',(5.39422639579193,5.12117154457572,0.959733223390753));
#1465=CARTESIAN_POINT('',(4.75654034920185,5.12117154457572,8.24851808865651));
#1466=CARTESIAN_POINT('',(1.21020841980928,16.7354333165932,0.593681892752686));
#1467=CARTESIAN_POINT('',(1.21020841980928,13.4324711238014,0.593681892752686));
#1468=CARTESIAN_POINT('',(-2.97380931217605,13.4324711238014,0.959736012292853));
#1469=CARTESIAN_POINT('',(-2.97380931217605,16.7354333165932,0.959736012292853));
#1470=CARTESIAN_POINT('',(-2.97380931217605,5.12117154457572,0.959736012292853));
#1471=CARTESIAN_POINT('',(1.21020841980928,5.12117154457572,0.593681892752686));
#1472=CARTESIAN_POINT('',(-2.77902783766361,5.14543331659319,3.186098453579));
#1473=CARTESIAN_POINT('',(-2.99691719453275,13.4324711238014,0.695611708349642));
#1474=CARTESIAN_POINT('',(-2.77106992137591,13.4324711238014,3.27705785296842));
#1475=CARTESIAN_POINT('',(-2.77106992137591,5.13543331659318,3.27705785296842));
#1476=CARTESIAN_POINT('',(-2.7710699213759,5.12117154457572,3.27705785296842));
#1477=CARTESIAN_POINT('',(-2.34324912392531,5.12117154457572,8.16707194403773));
#1478=CARTESIAN_POINT('',(1.21020841980928,5.13543331659318,3.27705785296842));
#1479=CARTESIAN_POINT('',(1.21020841980929,13.4324711238014,3.27705785296842));
#1480=CARTESIAN_POINT('',(-4.18979158019071,13.4324711238014,3.27705785296842));
#1481=CARTESIAN_POINT('',(-4.18979158019071,13.4324711238014,3.27705785296842));
#1482=CARTESIAN_POINT('',(-4.33800720251253,5.12117154457572,3.27705785296842));
#1483=CARTESIAN_POINT('',(12.8192017878816,5.12117154457572,3.27705785296842));
#1484=CARTESIAN_POINT('',(-4.18979158019071,13.4324711238014,-3.72294214703158));
#1485=CARTESIAN_POINT('',(-4.18979158019071,13.4324711238014,-3.72294214703158));
#1486=CARTESIAN_POINT('',(-4.18979158019071,13.4324711238014,-3.72294214703158));
#1487=CARTESIAN_POINT('',(-4.18979158019071,13.4324711238014,-3.72294214703158));
#1488=CARTESIAN_POINT('',(-4.33800720251253,5.12117154457572,-3.72294214703158));
#1489=CARTESIAN_POINT('',(-4.33800720251253,5.12117154457572,8.27705785296842));
#1490=CARTESIAN_POINT('',(1.21020841980928,5.13543331659318,-3.72294214703158));
#1491=CARTESIAN_POINT('',(-5.40378789339152,13.4324711238014,-3.72294214703158));
#1492=CARTESIAN_POINT('',(-5.40378789339152,13.4324711238014,-3.72294214703158));
#1493=CARTESIAN_POINT('',(-5.40378789339152,1.4324711238014,-3.72294214703158));
#1494=CARTESIAN_POINT('',(-5.40378789339152,5.12117154457572,-3.72294214703158));
#1495=CARTESIAN_POINT('',(-4.40378789339152,5.12117154457572,-3.72294214703158));
#1496=CARTESIAN_POINT('',(-5.40378789339152,1.4324711238014,-3.72294214703158));
#1497=CARTESIAN_POINT('',(-5.40378789339152,1.4324711238014,3.27705785296842));
#1498=CARTESIAN_POINT('',(-5.40378789339152,5.12117154457572,3.27705785296842));
#1499=CARTESIAN_POINT('',(-5.40378789339152,13.4324711238014,3.27705785296842));
#1500=CARTESIAN_POINT('',(-5.40378789339152,5.12117154457572,-3.72294214703158));
#1501=CARTESIAN_POINT('',(-5.40378789339152,13.4324711238014,-3.72294214703158));
#1502=CARTESIAN_POINT('',(0.0140807074867719,5.13543331659318,7.0706902883331));
#1503=CARTESIAN_POINT('',(-6.89378200313451,5.13543331659318,2.23375274543832));
#1504=CARTESIAN_POINT('',(-6.89378200313451,5.12117154457572,2.23375274543832));
#1505=CARTESIAN_POINT('',(-6.8937820031345,13.4324711238014,2.23375274543832));
#1506=CARTESIAN_POINT('',(9.52361135708054,5.12117154457572,13.7293353340149));
#1507=CARTESIAN_POINT('',(0.0140807074867737,13.4324711238014,7.07069028833309));
#1508=CARTESIAN_POINT('',(-13.8016447137558,5.13543331659318,7.0706902883331));
#1509=CARTESIAN_POINT('',(-23.3111753633496,5.12117154457572,13.7293353340149));
#1510=CARTESIAN_POINT('',(-8.38377611287749,5.12117154457572,3.27705785296842));
#1511=CARTESIAN_POINT('',(-13.8016447137558,13.4324711238014,7.07069028833309));
#1512=CARTESIAN_POINT('',(-8.38377611287749,13.4324711238014,3.27705785296842));
#1513=CARTESIAN_POINT('',(-8.38377611287749,1.4324711238014,3.27705785296842));
#1514=CARTESIAN_POINT('',(-8.38377611287749,1.4324711238014,-3.72294214703158));
#1515=CARTESIAN_POINT('',(-8.38377611287748,13.4324711238014,-3.72294214703158));
#1516=CARTESIAN_POINT('',(-8.38377611287748,13.4324711238014,-3.72294214703158));
#1517=CARTESIAN_POINT('',(-8.38377611287749,1.4324711238014,-3.72294214703158));
#1518=CARTESIAN_POINT('',(-8.38377611287749,5.12117154457572,-3.72294214703158));
#1519=CARTESIAN_POINT('',(-8.38377611287749,5.12117154457572,-3.72294214703158));
#1520=CARTESIAN_POINT('',(-14.9977724260783,5.13543331659318,-3.72294214703158));
#1521=CARTESIAN_POINT('',(-8.38377611287748,13.4324711238014,-3.72294214703158));
#1522=CARTESIAN_POINT('',(-9.59777242607829,13.4324711238014,-3.72294214703158));
#1523=CARTESIAN_POINT('',(-9.59777242607829,13.4324711238014,-3.72294214703158));
#1524=CARTESIAN_POINT('',(-9.44955680375648,5.12117154457572,-3.72294214703158));
#1525=CARTESIAN_POINT('',(-9.38377611287749,5.12117154457572,-3.72294214703158));
#1526=CARTESIAN_POINT('',(-9.59777242607829,13.4324711238014,-3.72294214703158));
#1527=CARTESIAN_POINT('',(-9.59777242607829,13.4324711238014,3.27705785296842));
#1528=CARTESIAN_POINT('',(-9.59777242607829,13.4324711238014,3.27705785296842));
#1529=CARTESIAN_POINT('',(-9.44955680375648,5.12117154457572,3.27705785296842));
#1530=CARTESIAN_POINT('',(-9.44955680375648,5.12117154457572,8.27705785296842));
#1531=CARTESIAN_POINT('',(-9.59777242607829,13.4324711238014,-3.72294214703158));
#1532=CARTESIAN_POINT('',(-14.9977724260783,5.13543331659318,3.27705785296842));
#1533=CARTESIAN_POINT('',(-11.0164940848931,5.13543331659318,3.27705785296842));
#1534=CARTESIAN_POINT('',(-11.0164940848931,5.12117154457572,3.27705785296842));
#1535=CARTESIAN_POINT('',(-11.0164940848931,13.4324711238014,3.27705785296842));
#1536=CARTESIAN_POINT('',(-26.6067657941506,5.12117154457572,3.27705785296842));
#1537=CARTESIAN_POINT('',(-14.9977724260783,13.4324711238014,3.27705785296842));
#1538=CARTESIAN_POINT('',(-11.0085361686054,5.14543331659319,3.186098453579));
#1539=CARTESIAN_POINT('',(-10.813754694093,16.7354333165932,0.959736012292853));
#1540=CARTESIAN_POINT('',(-10.813754694093,5.12117154457572,0.959736012292853));
#1541=CARTESIAN_POINT('',(-10.813754694093,13.4324711238014,0.959736012292853));
#1542=CARTESIAN_POINT('',(-11.4443148823437,5.12117154457572,8.16707194403773));
#1543=CARTESIAN_POINT('',(-10.7906468117363,13.4324711238014,0.695611708349642));
#1544=CARTESIAN_POINT('',(-14.9977724260783,16.7354333165932,0.593681892752686));
#1545=CARTESIAN_POINT('',(-14.9977724260783,13.4324711238014,0.593681892752686));
#1546=CARTESIAN_POINT('',(-19.1817904020438,13.4324711238014,0.959733223586104));
#1547=CARTESIAN_POINT('',(-19.1817901580636,9.27682133418858,0.959736012292852));
#1548=CARTESIAN_POINT('',(-19.1817904020609,5.12117154457572,0.959733223390753));
#1549=CARTESIAN_POINT('',(-14.9977724260783,5.12117154457572,0.593681892752686));
#1550=CARTESIAN_POINT('',(-19.1977724260783,9.20148150092991,0.777057852968418));
#1551=CARTESIAN_POINT('',(-19.1977724260783,13.4324711238014,0.777057852968418));
#1552=CARTESIAN_POINT('',(-18.9790507672635,13.4324711238014,3.27705785296842));
#1553=CARTESIAN_POINT('',(-18.9790507672635,5.13543331659318,3.27705785296842));
#1554=CARTESIAN_POINT('',(-18.9790507672635,5.12117154457572,3.27705785296842));
#1555=CARTESIAN_POINT('',(-18.5441043554709,5.12117154457572,8.24851808865651));
#1556=CARTESIAN_POINT('',(-14.9977724260783,5.13543331659318,3.27705785296842));
#1557=CARTESIAN_POINT('',(-14.9977724260783,13.4324711238014,3.27705785296842));
#1558=CARTESIAN_POINT('',(-20.3977724260783,13.4324711238014,3.27705785296842));
#1559=CARTESIAN_POINT('',(-20.3977724260783,13.4324711238014,3.27705785296842));
#1560=CARTESIAN_POINT('',(-20.5459880484001,5.12117154457572,3.27705785296842));
#1561=CARTESIAN_POINT('',(-3.388779058006,5.12117154457572,3.27705785296842));
#1562=CARTESIAN_POINT('',(-20.3977724260783,13.4324711238014,-3.72294214703158));
#1563=CARTESIAN_POINT('',(-20.3977724260783,13.4324711238014,-3.72294214703158));
#1564=CARTESIAN_POINT('',(-20.3977724260783,13.4324711238014,-3.72294214703158));
#1565=CARTESIAN_POINT('',(-20.3977724260783,13.4324711238014,-3.72294214703158));
#1566=CARTESIAN_POINT('',(-20.5459880484001,5.12117154457572,-3.72294214703158));
#1567=CARTESIAN_POINT('',(-20.5459880484001,5.12117154457572,8.27705785296842));
#1568=CARTESIAN_POINT('',(-14.9977724260783,5.13543331659318,-3.72294214703158));
#1569=CARTESIAN_POINT('',(-21.6117687392791,13.4324711238014,-3.72294214703158));
#1570=CARTESIAN_POINT('',(-21.6117687392791,13.4324711238014,-3.72294214703158));
#1571=CARTESIAN_POINT('',(-21.6117687392791,1.43247112380143,-3.72294214703158));
#1572=CARTESIAN_POINT('',(-21.6117687392791,5.12117154457572,-3.72294214703158));
#1573=CARTESIAN_POINT('',(-20.6117687392791,5.12117154457572,-3.72294214703158));
#1574=CARTESIAN_POINT('',(-21.6117687392791,1.43247112380143,-3.72294214703158));
#1575=CARTESIAN_POINT('',(-21.6117687392791,1.43247112380143,3.27705785296842));
#1576=CARTESIAN_POINT('',(-21.6117687392791,5.12117154457572,3.27705785296842));
#1577=CARTESIAN_POINT('',(-21.6117687392791,13.4324711238014,3.27705785296842));
#1578=CARTESIAN_POINT('',(-21.6117687392791,5.12117154457572,-3.72294214703158));
#1579=CARTESIAN_POINT('',(-21.6117687392791,13.4324711238014,-3.72294214703158));
#1580=CARTESIAN_POINT('',(-16.1939001384008,5.13543331659318,7.0706902883331));
#1581=CARTESIAN_POINT('',(-16.1939001384008,13.4324711238014,7.07069028833309));
#1582=CARTESIAN_POINT('',(-25.5407068850282,13.4324711238014,0.525985746155215));
#1583=CARTESIAN_POINT('',(-25.5407068850282,5.12117154457575,0.525985746155215));
#1584=CARTESIAN_POINT('',(-25.5407068850282,5.12117154457573,0.525985746155214));
#1585=CARTESIAN_POINT('',(-6.68436948880704,5.12117154457572,13.7293353340149));
#1586=CARTESIAN_POINT('',(-26.6067657941506,13.4324711238014,8.27705785296842));
#1587=CARTESIAN_POINT('',(-26.6067657941506,5.12117154457575,8.27705785296842));
#1588=CARTESIAN_POINT('',(-26.6067657941506,5.12117154457575,-1.52189436456726));
#1589=CARTESIAN_POINT('',(-26.6067657941506,5.12117154457575,-6.6479653103104));
#1590=CARTESIAN_POINT('',(-26.6067657941506,13.4324711238014,-1.52189436456726));
#1591=CARTESIAN_POINT('',(-26.6067657941506,13.4324711238014,-1.52189436456726));
#1592=CARTESIAN_POINT('',(-26.6067657941506,13.4324711238014,8.27705785296842));
#1593=CARTESIAN_POINT('',(-26.6067657941506,13.4324711238014,-6.6479653103104));
#1594=CARTESIAN_POINT('',(-26.6067657941506,13.4324711238014,-6.6479653103104));
#1595=CARTESIAN_POINT('',(12.639313662155,13.3986176129259,-6.6479653103104));
#1596=CARTESIAN_POINT('',(1.21020841980928,13.4324711238014,-6.6479653103104));
#1597=CARTESIAN_POINT('',(12.639313662155,13.4324711238014,-6.6479653103104));
#1598=CARTESIAN_POINT('',(12.639313662155,28.3687079257349,-6.6479653103104));
#1599=CARTESIAN_POINT('',(12.639313662155,5.12117154457572,-6.6479653103104));
#1600=CARTESIAN_POINT('',(12.8192017878816,5.12117154457572,-6.6479653103104));
#1601=CARTESIAN_POINT('',(12.639313662155,28.3687079257349,-1.12916359522261));
#1602=CARTESIAN_POINT('',(12.639313662155,13.4324711238014,8.27705785296842));
#1603=CARTESIAN_POINT('',(12.639313662155,13.4324711238014,-6.61701308061154));
#1604=CARTESIAN_POINT('',(12.639313662155,13.436280235862,-6.61701308061154));
#1605=CARTESIAN_POINT('',(12.639313662155,5.12117154457572,-6.61701308061154));
#1606=CARTESIAN_POINT('',(12.639313662155,5.12117154457572,9.92175528085864));
#1607=CARTESIAN_POINT('',(2.4063361321318,5.13543331659318,7.0706902883331));
#1608=CARTESIAN_POINT('',(-7.10319451746197,5.12117154457572,13.7293353340149));
#1609=CARTESIAN_POINT('',(10.7713216771591,5.12117154457571,1.21346435268971));
#1610=CARTESIAN_POINT('',(10.7713216771591,13.4324711238014,1.21346435268971));
#1611=CARTESIAN_POINT('',(10.7713216771591,13.4324711238014,1.21346435268971));
#1612=CARTESIAN_POINT('',(2.4063361321318,13.4324711238014,7.07069028833309));
#1613=CARTESIAN_POINT('',(1.21020841980928,13.4324711238014,8.27705785296842));
#1614=CARTESIAN_POINT('',(-24.1067657941506,13.4324711238014,-1.52189436456726));
#1615=CARTESIAN_POINT('',(12.2052627680367,13.4324711238014,3.26134446341219));
#1616=CARTESIAN_POINT('',(14.2531428787592,13.4324711238014,1.82740337253458));
#1617=CARTESIAN_POINT('',(12.9924951667441,13.4324711238014,0.0270118554162643));
#1618=CARTESIAN_POINT('',(12.639313662155,13.4324711238014,-0.477383606380947));
#1619=CARTESIAN_POINT('',(12.639313662155,13.4324711238014,8.27705785296842));
#1620=CARTESIAN_POINT('',(12.8192017878816,5.12117154457572,8.27705785296842));
#1621=CARTESIAN_POINT('',(-24.1067657941506,5.12117154457572,-1.52189436456726));
#1622=CARTESIAN_POINT('',(12.639313662155,5.12117154457572,9.92175528085864));
#1623=CARTESIAN_POINT('',(12.639313662155,5.12117154457572,-0.477383606380947));
#1624=CARTESIAN_POINT('',(12.639313662155,5.12117154457572,-0.477383606380946));
#1625=CARTESIAN_POINT('',(14.2531428787592,5.12117154457572,1.82740337253458));
#1626=CARTESIAN_POINT('',(12.2052627680367,5.12117154457572,3.26134446341219));
#1627=CARTESIAN_POINT('',(23.3632158103801,13.313545343957,5.79981644859852));
#1628=CARTESIAN_POINT('',(23.3632158103801,12.714577457741,5.20084856238259));
#1629=CARTESIAN_POINT('',(20.8728979655183,13.436280235862,5.12687491167156));
#1630=CARTESIAN_POINT('',(20.8504945666867,13.2946025818584,5.14139669765957));
#1631=CARTESIAN_POINT('',(20.8949322575584,13.436280255884,4.99971902363401));
#1632=CARTESIAN_POINT('',(20.8774425749983,13.3895009070451,5.04649837247287));
#1633=CARTESIAN_POINT('',(20.8626140483002,13.3422241217172,5.09377515780075));
#1634=CARTESIAN_POINT('',(20.8504945666867,13.2946025818584,5.14139669765956));
#1635=CARTESIAN_POINT('',(20.8949322575584,13.436280255884,4.99971902363401));
#1636=CARTESIAN_POINT('',(23.3632158103801,13.436280235862,5.92255134050355));
#1637=CARTESIAN_POINT('',(23.3958206525316,13.3105962041656,5.80276558838993));
#1638=CARTESIAN_POINT('',(23.3958206525316,12.7092275383431,5.20139692256751));
#1639=CARTESIAN_POINT('',(25.9259515548071,13.2946025818584,5.14139669765956));
#1640=CARTESIAN_POINT('',(25.9035199954773,13.436280235862,5.12687491167156));
#1641=CARTESIAN_POINT('',(23.3958206525316,13.436280235862,5.92844962008639));
#1642=CARTESIAN_POINT('',(25.881488921127,13.4362802454962,4.99971903402173));
#1643=CARTESIAN_POINT('',(25.9259515548071,13.2946025818584,5.14139669765956));
#1644=CARTESIAN_POINT('',(25.9138050461394,13.3422217864336,5.09377749308437));
#1645=CARTESIAN_POINT('',(25.898968416829,13.3894978653112,5.04650141420682));
#1646=CARTESIAN_POINT('',(25.881488921127,13.4362802454962,4.99971903402173));
#1647=CARTESIAN_POINT('',(41.5504469889692,13.3105962041656,5.80276558838993));
#1648=CARTESIAN_POINT('',(41.5504469889692,12.7092275383431,5.20139692256751));
#1649=CARTESIAN_POINT('',(39.0203160866937,13.2946025818584,5.14139669765956));
#1650=CARTESIAN_POINT('',(39.0427476460235,13.436280235862,5.12687491167156));
#1651=CARTESIAN_POINT('',(39.0203160866937,13.2946025818584,5.14139669765956));
#1652=CARTESIAN_POINT('',(39.0324625953614,13.3422217864336,5.09377749308438));
#1653=CARTESIAN_POINT('',(39.0472992246718,13.3894978653111,5.04650141420682));
#1654=CARTESIAN_POINT('',(39.0647787203738,13.4362802454962,4.99971903402173));
#1655=CARTESIAN_POINT('',(39.0647787203738,13.4362802454962,4.99971903402173));
#1656=CARTESIAN_POINT('',(41.5504469889692,13.436280235862,5.92844962008639));
#1657=CARTESIAN_POINT('',(41.5830518311207,13.313545343957,5.79981644859852));
#1658=CARTESIAN_POINT('',(41.5830518311207,12.714577457741,5.20084856238259));
#1659=CARTESIAN_POINT('',(44.0733696759824,13.436280235862,5.12687491167156));
#1660=CARTESIAN_POINT('',(44.0957730748141,13.2946025818584,5.14139669765957));
#1661=CARTESIAN_POINT('',(41.5830518311207,13.436280235862,5.92255134050355));
#1662=CARTESIAN_POINT('',(44.0513353839424,13.436280255884,4.99971902363401));
#1663=CARTESIAN_POINT('',(44.0513353839424,13.436280255884,4.99971902363401));
#1664=CARTESIAN_POINT('',(44.0688250665025,13.3895009070451,5.04649837247287));
#1665=CARTESIAN_POINT('',(44.0836535932006,13.3422241217172,5.09377515780075));
#1666=CARTESIAN_POINT('',(44.0957730748141,13.2946025818584,5.14139669765956));
#1667=CARTESIAN_POINT('',(47.4428585576447,13.7235404431466,6.4692645747249));
#1668=CARTESIAN_POINT('',(47.4428585576447,0.0376626229361392,6.4692645747249));
#1669=CARTESIAN_POINT('',(46.537751729452,0.0376626229361392,6.46350500958083));
#1670=CARTESIAN_POINT('',(52.3069539793458,0.0376626229361392,6.50021680442376));
#1671=CARTESIAN_POINT('',(44.4044602984708,-23.990052669993,6.44993000320005));
#1672=CARTESIAN_POINT('',(46.1381307687909,0.420640336877146,6.46096205787152));
#1673=CARTESIAN_POINT('',(31.7171446644963,1.31593529062926,6.36919542179921));
#1674=CARTESIAN_POINT('',(52.3069539793458,13.7235404431466,-0.477383606380947));
#1675=CARTESIAN_POINT('',(34.8596532211227,13.436280235862,24.4399441945055));
#1676=CARTESIAN_POINT('',(51.8548340900683,13.436280235862,0.168310512299211));
#1677=CARTESIAN_POINT('',(49.1384438519263,13.436280235862,4.04771781643541));
#1678=CARTESIAN_POINT('',(49.2075873920494,14.3996791540751,3.94897060742948));
#1679=CARTESIAN_POINT('',(48.176819506082,0.0376626229361392,5.42105970918761));
#1680=CARTESIAN_POINT('',(52.3069539793458,0.0376626229361392,-0.477383606380947));
#1681=CARTESIAN_POINT('',(51.8548340900683,0.0376626229361392,0.168310512299216));
#1682=CARTESIAN_POINT('',(51.8548340900683,13.7235404431466,0.168310512299215));
#1683=CARTESIAN_POINT('',(36.0580525288516,0.0376626229361392,-0.668326497524119));
#1684=CARTESIAN_POINT('',(35.7321555184209,2.5914660619902,-1.19659572125379));
#1685=CARTESIAN_POINT('',(35.1388198802243,7.24097969618169,-2.15837489372004));
#1686=CARTESIAN_POINT('',(37.7862060187225,11.3554716179214,2.93168906804569));
#1687=CARTESIAN_POINT('',(38.9794822530616,13.2100274589432,5.22597182057472));
#1688=CARTESIAN_POINT('',(36.0580525288516,0.0376626229361392,0.730230956921832));
#1689=CARTESIAN_POINT('',(35.7321555184209,2.64471580715518,0.0462005772851413));
#1690=CARTESIAN_POINT('',(35.1388198802243,7.39117715955224,-1.19916095981891));
#1691=CARTESIAN_POINT('',(37.7862060187225,11.0731010223152,3.55874871099745));
#1692=CARTESIAN_POINT('',(38.9794822530616,12.732682213812,5.70331706570596));
#1693=CARTESIAN_POINT('',(36.2012028071759,0.0376626229361392,1.42923454782625));
#1694=CARTESIAN_POINT('',(35.8837880236085,2.67133020398724,0.667354232917822));
#1695=CARTESIAN_POINT('',(35.3058953239114,7.46624634309345,-0.719742697729658));
#1696=CARTESIAN_POINT('',(37.8843770873992,10.9319712748979,3.87215517187693));
#1697=CARTESIAN_POINT('',(39.0465955353631,12.4941034987316,5.9418957807864));
#1698=CARTESIAN_POINT('',(36.7522273929032,0.0376626229361392,2.72133315502995));
#1699=CARTESIAN_POINT('',(36.4674630211835,2.72052655365662,1.81554829621873));
#1700=CARTESIAN_POINT('',(35.9490144168018,7.60501070533662,0.166455423101229));
#1701=CARTESIAN_POINT('',(38.2622643893393,10.6710948610343,4.45148274166389));
#1702=CARTESIAN_POINT('',(39.3049329204514,12.0530939968132,6.38290528270474));
#1703=CARTESIAN_POINT('',(37.1598848956616,0.0376626229361392,3.31391978570251));
#1704=CARTESIAN_POINT('',(36.8992758623835,2.74308914983111,2.34213693855324));
#1705=CARTESIAN_POINT('',(36.4248050261045,7.66865128618753,0.572886600724758));
#1706=CARTESIAN_POINT('',(38.5418319400861,10.5514508383169,4.71717590991111));
#1707=CARTESIAN_POINT('',(39.4960553785088,11.8508367283824,6.58516255113562));
#1708=CARTESIAN_POINT('',(38.1780455689896,0.0376626229361392,4.30284924562023));
#1709=CARTESIAN_POINT('',(37.9777666301798,2.78074240573373,3.22092662888366));
#1710=CARTESIAN_POINT('',(37.6131341598818,7.77485693105387,1.25115327799487));
#1711=CARTESIAN_POINT('',(39.240076627803,10.3517846753561,5.16057403565071));
#1712=CARTESIAN_POINT('',(39.9734006236401,11.5133026685829,6.92269661093507));
#1713=CARTESIAN_POINT('',(38.7881481368117,0.0376626229361392,4.69880297335221));
#1714=CARTESIAN_POINT('',(38.6240202167126,2.79581825051352,3.57278191066251));
#1715=CARTESIAN_POINT('',(38.3252051275863,7.81738020768321,1.5227219086673));
#1716=CARTESIAN_POINT('',(39.6584790353049,10.2718410952216,5.3381045349146));
#1717=CARTESIAN_POINT('',(40.2594355957436,11.3781586824535,7.05784059706449));
#1718=CARTESIAN_POINT('',(40.1184391648756,0.0376626229361392,5.23400774037937));
#1719=CARTESIAN_POINT('',(40.0331363118763,2.81619604576581,4.04837946391802));
#1720=CARTESIAN_POINT('',(39.8778319638634,7.87485828849839,1.889797189265));
#1721=CARTESIAN_POINT('',(40.5707796846974,10.1637825464961,5.57806987137701));
#1722=CARTESIAN_POINT('',(40.8831172144919,11.1954865656235,7.24051271389447));
#1723=CARTESIAN_POINT('',(40.838104212404,0.0376626229361392,5.37304819945305));
#1724=CARTESIAN_POINT('',(40.7954443934958,2.82148997844607,4.17193460806644));
#1725=CARTESIAN_POINT('',(40.7177769400762,7.88979047751384,1.98515941074222));
#1726=CARTESIAN_POINT('',(41.0643189752396,10.1357100943296,5.64041029246262));
#1727=CARTESIAN_POINT('',(41.2205184690522,11.1480303086005,7.28796897091752));
#1728=CARTESIAN_POINT('',(42.2780008452993,0.0376626229361392,5.37304819945305));
#1729=CARTESIAN_POINT('',(42.3206606642075,2.82148997844607,4.17193460806644));
#1730=CARTESIAN_POINT('',(42.3983281176271,7.88979047751384,1.98515941074222));
#1731=CARTESIAN_POINT('',(42.0517860824637,10.1357100943296,5.64041029246262));
#1732=CARTESIAN_POINT('',(41.8955865886511,11.1480303086005,7.28796897091752));
#1733=CARTESIAN_POINT('',(42.9976658928277,0.0376626229361392,5.23400774037937));
#1734=CARTESIAN_POINT('',(43.0829687458269,2.81619604576581,4.04837946391802));
#1735=CARTESIAN_POINT('',(43.2382730938399,7.87485828849839,1.889797189265));
#1736=CARTESIAN_POINT('',(42.5453253730059,10.1637825464961,5.57806987137701));
#1737=CARTESIAN_POINT('',(42.2329878432114,11.1954865656235,7.24051271389447));
#1738=CARTESIAN_POINT('',(44.3279569208916,0.0376626229361392,4.69880297335221));
#1739=CARTESIAN_POINT('',(44.4920848409906,2.79581825051352,3.57278191066251));
#1740=CARTESIAN_POINT('',(44.7908999301169,7.81738020768321,1.5227219086673));
#1741=CARTESIAN_POINT('',(43.4576260223984,10.2718410952216,5.3381045349146));
#1742=CARTESIAN_POINT('',(42.8566694619597,11.3781586824535,7.05784059706449));
#1743=CARTESIAN_POINT('',(44.9380594887137,0.0376626229361392,4.30284924562024));
#1744=CARTESIAN_POINT('',(45.1383384275235,2.78074240573373,3.22092662888366));
#1745=CARTESIAN_POINT('',(45.5029708978215,7.77485693105387,1.25115327799487));
#1746=CARTESIAN_POINT('',(43.8760284299003,10.3517846753561,5.16057403565071));
#1747=CARTESIAN_POINT('',(43.1427044340632,11.5133026685829,6.92269661093507));
#1748=CARTESIAN_POINT('',(45.9562201620416,0.0376626229361392,3.31391978570251));
#1749=CARTESIAN_POINT('',(46.2168291953198,2.74308914983111,2.34213693855324));
#1750=CARTESIAN_POINT('',(46.6913000315988,7.66865128618753,0.572886600724753));
#1751=CARTESIAN_POINT('',(44.5742731176172,10.5514508383169,4.71717590991111));
#1752=CARTESIAN_POINT('',(43.6200496791944,11.8508367283824,6.58516255113562));
#1753=CARTESIAN_POINT('',(46.3638776648001,0.0376626229361392,2.72133315502995));
#1754=CARTESIAN_POINT('',(46.6486420365198,2.72052655365662,1.81554829621873));
#1755=CARTESIAN_POINT('',(47.1670906409015,7.60501070533662,0.166455423101225));
#1756=CARTESIAN_POINT('',(44.853840668364,10.6710948610343,4.45148274166389));
#1757=CARTESIAN_POINT('',(43.8111721372518,12.0530939968132,6.38290528270474));
#1758=CARTESIAN_POINT('',(46.9149022505274,0.0376626229361392,1.42923454782625));
#1759=CARTESIAN_POINT('',(47.2323170340948,2.67133020398724,0.667354232917821));
#1760=CARTESIAN_POINT('',(47.8102097337918,7.46624634309345,-0.719742697729661));
#1761=CARTESIAN_POINT('',(45.2317279703041,10.9319712748979,3.87215517187693));
#1762=CARTESIAN_POINT('',(44.0695095223402,12.4941034987316,5.9418957807864));
#1763=CARTESIAN_POINT('',(47.0580525288516,0.0376626229361392,0.730230956921835));
#1764=CARTESIAN_POINT('',(47.3839495392824,2.64471580715518,0.0462005772851413));
#1765=CARTESIAN_POINT('',(47.977285177479,7.39117715955224,-1.19916095981892));
#1766=CARTESIAN_POINT('',(45.3298990389807,11.0731010223152,3.55874871099745));
#1767=CARTESIAN_POINT('',(44.1366228046416,12.732682213812,5.70331706570596));
#1768=CARTESIAN_POINT('',(47.0580525288516,0.0376626229361392,-0.668326497524116));
#1769=CARTESIAN_POINT('',(47.3839495392824,2.5914660619902,-1.19659572125379));
#1770=CARTESIAN_POINT('',(47.977285177479,7.24097969618169,-2.15837489372005));
#1771=CARTESIAN_POINT('',(45.3298990389807,11.3554716179214,2.93168906804569));
#1772=CARTESIAN_POINT('',(44.1366228046416,13.2100274589432,5.22597182057472));
#1773=CARTESIAN_POINT('',(46.9149022505274,0.0376626229361392,-1.36733008842854));
#1774=CARTESIAN_POINT('',(47.2323170340948,2.56485166515813,-1.81774937688647));
#1775=CARTESIAN_POINT('',(47.8102097337918,7.16591051264047,-2.6377931558093));
#1776=CARTESIAN_POINT('',(45.2317279703041,11.4966013653387,2.61828260716621));
#1777=CARTESIAN_POINT('',(44.0695095223402,13.4486061740237,4.98739310549428));
#1778=CARTESIAN_POINT('',(46.3638776648001,0.0376626229361392,-2.65942869563224));
#1779=CARTESIAN_POINT('',(46.6486420365198,2.51565531548876,-2.96594344018738));
#1780=CARTESIAN_POINT('',(47.1670906409015,7.02714615039732,-3.52399127664018));
#1781=CARTESIAN_POINT('',(44.853840668364,11.7574777792023,2.03895503737925));
#1782=CARTESIAN_POINT('',(43.8111721372518,13.889615675942,4.54638360357595));
#1783=CARTESIAN_POINT('',(45.9562201620416,0.0376626229361392,-3.25201532630479));
#1784=CARTESIAN_POINT('',(46.2168291953198,2.49309271931428,-3.49253208252189));
#1785=CARTESIAN_POINT('',(46.6913000315988,6.96350556954639,-3.93042245426372));
#1786=CARTESIAN_POINT('',(44.5742731176172,11.8771218019197,1.77326186913203));
#1787=CARTESIAN_POINT('',(43.6200496791944,14.0918729443729,4.34412633514507));
#1788=CARTESIAN_POINT('',(44.9380594887137,0.0376626229361392,-4.24094478622252));
#1789=CARTESIAN_POINT('',(45.1383384275235,2.45543946341166,-4.37132177285231));
#1790=CARTESIAN_POINT('',(45.5029708978215,6.85729992468006,-4.60868913153383));
#1791=CARTESIAN_POINT('',(43.8760284299003,12.0767879648805,1.32986374339243));
#1792=CARTESIAN_POINT('',(43.1427044340632,14.4294070041723,4.00659227534562));
#1793=CARTESIAN_POINT('',(44.3279569208916,0.0376626229361392,-4.63689851395449));
#1794=CARTESIAN_POINT('',(44.4920848409906,2.44036361863185,-4.72317705463116));
#1795=CARTESIAN_POINT('',(44.7908999301169,6.8147766480507,-4.88025776220626));
#1796=CARTESIAN_POINT('',(43.4576260223984,12.156731545015,1.15233324412854));
#1797=CARTESIAN_POINT('',(42.8566694619597,14.5645509903018,3.87144828921619));
#1798=CARTESIAN_POINT('',(42.9976658928277,0.0376626229361392,-5.17210328098165));
#1799=CARTESIAN_POINT('',(43.0829687458269,2.41998582337956,-5.19877460788667));
#1800=CARTESIAN_POINT('',(43.2382730938399,6.75729856723554,-5.24733304280397));
#1801=CARTESIAN_POINT('',(42.5453253730059,12.2647900937405,0.912367907666136));
#1802=CARTESIAN_POINT('',(42.2329878432114,14.7472231071318,3.68877617238621));
#1803=CARTESIAN_POINT('',(42.2780008452993,0.0376626229361392,-5.31114374005533));
#1804=CARTESIAN_POINT('',(42.3206606642075,2.41469189069931,-5.32232975203509));
#1805=CARTESIAN_POINT('',(42.3983281176271,6.74236637822009,-5.34269526428118));
#1806=CARTESIAN_POINT('',(42.0517860824637,12.292862545907,0.850027486580519));
#1807=CARTESIAN_POINT('',(41.8955865886511,14.7946793641548,3.64131991536317));
#1808=CARTESIAN_POINT('',(40.838104212404,0.0376626229361392,-5.31114374005533));
#1809=CARTESIAN_POINT('',(40.7954443934958,2.41469189069931,-5.32232975203509));
#1810=CARTESIAN_POINT('',(40.7177769400762,6.74236637822009,-5.34269526428118));
#1811=CARTESIAN_POINT('',(41.0643189752396,12.292862545907,0.850027486580519));
#1812=CARTESIAN_POINT('',(41.2205184690522,14.7946793641548,3.64131991536317));
#1813=CARTESIAN_POINT('',(40.1184391648756,0.0376626229361392,-5.17210328098165));
#1814=CARTESIAN_POINT('',(40.0331363118763,2.41998582337956,-5.19877460788667));
#1815=CARTESIAN_POINT('',(39.8778319638634,6.75729856723554,-5.24733304280396));
#1816=CARTESIAN_POINT('',(40.5707796846974,12.2647900937405,0.912367907666136));
#1817=CARTESIAN_POINT('',(40.8831172144919,14.7472231071318,3.68877617238621));
#1818=CARTESIAN_POINT('',(38.7881481368117,0.0376626229361392,-4.63689851395449));
#1819=CARTESIAN_POINT('',(38.6240202167126,2.44036361863185,-4.72317705463116));
#1820=CARTESIAN_POINT('',(38.3252051275863,6.8147766480507,-4.88025776220626));
#1821=CARTESIAN_POINT('',(39.6584790353049,12.156731545015,1.15233324412854));
#1822=CARTESIAN_POINT('',(40.2594355957436,14.5645509903018,3.87144828921619));
#1823=CARTESIAN_POINT('',(38.1780455689896,0.0376626229361392,-4.24094478622252));
#1824=CARTESIAN_POINT('',(37.9777666301798,2.45543946341166,-4.37132177285231));
#1825=CARTESIAN_POINT('',(37.6131341598818,6.85729992468006,-4.60868913153383));
#1826=CARTESIAN_POINT('',(39.240076627803,12.0767879648805,1.32986374339243));
#1827=CARTESIAN_POINT('',(39.9734006236401,14.4294070041723,4.00659227534562));
#1828=CARTESIAN_POINT('',(37.1598848956616,0.0376626229361392,-3.25201532630479));
#1829=CARTESIAN_POINT('',(36.8992758623835,2.49309271931428,-3.4925320825219));
#1830=CARTESIAN_POINT('',(36.4248050261045,6.96350556954639,-3.93042245426372));
#1831=CARTESIAN_POINT('',(38.5418319400861,11.8771218019197,1.77326186913203));
#1832=CARTESIAN_POINT('',(39.4960553785088,14.0918729443729,4.34412633514507));
#1833=CARTESIAN_POINT('',(36.7522273929032,0.0376626229361392,-2.65942869563224));
#1834=CARTESIAN_POINT('',(36.4674630211835,2.51565531548876,-2.96594344018738));
#1835=CARTESIAN_POINT('',(35.9490144168018,7.02714615039732,-3.52399127664018));
#1836=CARTESIAN_POINT('',(38.2622643893393,11.7574777792023,2.03895503737926));
#1837=CARTESIAN_POINT('',(39.3049329204514,13.889615675942,4.54638360357595));
#1838=CARTESIAN_POINT('',(36.2012028071759,0.0376626229361392,-1.36733008842854));
#1839=CARTESIAN_POINT('',(35.8837880236085,2.56485166515813,-1.81774937688647));
#1840=CARTESIAN_POINT('',(35.3058953239114,7.16591051264047,-2.6377931558093));
#1841=CARTESIAN_POINT('',(37.8843770873992,11.4966013653387,2.61828260716622));
#1842=CARTESIAN_POINT('',(39.0465955353631,13.4486061740237,4.98739310549429));
#1843=CARTESIAN_POINT('',(36.0580525288516,0.0376626229361392,-0.668326497524119));
#1844=CARTESIAN_POINT('',(35.7321555184209,2.5914660619902,-1.19659572125379));
#1845=CARTESIAN_POINT('',(35.1388198802243,7.24097969618169,-2.15837489372004));
#1846=CARTESIAN_POINT('',(37.7862060187225,11.3554716179214,2.93168906804569));
#1847=CARTESIAN_POINT('',(38.9794822530616,13.2100274589432,5.22597182057472));
#1848=CARTESIAN_POINT('',(36.0580525288516,0.0376626229361392,0.730230956921832));
#1849=CARTESIAN_POINT('',(35.7321555184209,2.64471580715518,0.0462005772851413));
#1850=CARTESIAN_POINT('',(35.1388198802243,7.39117715955224,-1.19916095981891));
#1851=CARTESIAN_POINT('',(37.7862060187225,11.0731010223152,3.55874871099745));
#1852=CARTESIAN_POINT('',(38.9794822530616,12.732682213812,5.70331706570596));
#1853=CARTESIAN_POINT('',(36.1347142023486,0.0376626229361392,-1.05497399107658));
#1854=CARTESIAN_POINT('',(36.0226000929995,0.0376626229361393,-0.00482646360435796));
#1855=CARTESIAN_POINT('',(36.1235944513402,0.0376626229361392,1.04381814859634));
#1856=CARTESIAN_POINT('',(36.4227379662892,0.0376626229361392,2.03776323150989));
#1857=CARTESIAN_POINT('',(36.9239001851372,0.0376626229361393,2.97154457419621));
#1858=CARTESIAN_POINT('',(37.6035461711221,0.0376626229361392,3.79314017910578));
#1859=CARTESIAN_POINT('',(38.4351901416851,0.0376626229361392,4.47018481004249));
#1860=CARTESIAN_POINT('',(39.3868454050622,0.0376626229361392,4.97663563141296));
#1861=CARTESIAN_POINT('',(40.4219391086158,0.0376626229361392,5.29302614617264));
#1862=CARTESIAN_POINT('',(41.5006930004222,0.0376626229361392,5.40719825310906));
#1863=CARTESIAN_POINT('',(42.5816511920356,0.0376626229361392,5.31476420292493));
#1864=CARTESIAN_POINT('',(43.6232730597337,0.0376626229361392,5.01927623185566));
#1865=CARTESIAN_POINT('',(44.5855296609797,0.0376626229361392,4.53208976417488));
#1866=CARTESIAN_POINT('',(45.4314420137701,0.0376626229361392,3.87192710603289));
#1867=CARTESIAN_POINT('',(46.128502180904,0.0376626229361392,3.06415793724301));
#1868=CARTESIAN_POINT('',(46.6499225310393,0.0376626229361392,2.13982437420544));
#1869=CARTESIAN_POINT('',(46.9756651725463,0.0376626229361392,1.13444803731072));
#1870=CARTESIAN_POINT('',(47.093211998388,0.0376626229361392,0.0866649753789984));
#1871=CARTESIAN_POINT('',(46.998045749968,0.0376626229361392,-0.963259096125699));
#1872=CARTESIAN_POINT('',(46.6938236128452,0.0376626229361392,-1.97497618393427));
#1873=CARTESIAN_POINT('',(46.1922366731351,0.0376626229361392,-2.90960656776152));
#1874=CARTESIAN_POINT('',(45.5125606356487,0.0376626229361392,-3.73123292603109));
#1875=CARTESIAN_POINT('',(44.6809150693003,0.0376626229361392,-4.40828061882734));
#1876=CARTESIAN_POINT('',(43.7292596469655,0.0376626229361392,-4.91473108204183));
#1877=CARTESIAN_POINT('',(42.6941659522562,0.0376626229361392,-5.23112171200598));
#1878=CARTESIAN_POINT('',(41.6154120575132,0.0376626229361392,-5.3452937807662));
#1879=CARTESIAN_POINT('',(40.5344538619478,0.0376626229361392,-5.25285977004751));
#1880=CARTESIAN_POINT('',(39.4928320126365,0.0376626229361392,-4.95737167932401));
#1881=CARTESIAN_POINT('',(38.5305753417773,0.0376626229361392,-4.47018565079326));
#1882=CARTESIAN_POINT('',(37.6846632490509,0.0376626229361392,-3.81002135570453));
#1883=CARTESIAN_POINT('',(36.9876021112712,0.0376626229361392,-3.00225829554944));
#1884=CARTESIAN_POINT('',(36.4661853836558,0.0376626229361392,-2.07790193491824));
#1885=CARTESIAN_POINT('',(36.1347142023486,0.0376626229361392,-1.05497399107658));
#1886=CARTESIAN_POINT('',(36.0226000929995,0.0376626229361393,-0.00482646360435796));
#1887=CARTESIAN_POINT('',(36.1235944513402,0.0376626229361392,1.04381814859634));
#1888=CARTESIAN_POINT('',(36.0580525288516,0.0376626229361392,0.0309522296988579));
#1889=CARTESIAN_POINT('',(44.0512524923423,13.4362802408292,4.99971903372161));
#1890=CARTESIAN_POINT('',(44.0871840412501,13.4362802408292,4.63828121152359));
#1891=CARTESIAN_POINT('',(44.0617206058801,13.4362802335567,3.914545955263));
#1892=CARTESIAN_POINT('',(43.5596149764349,13.4362802364799,2.90974378735781));
#1893=CARTESIAN_POINT('',(42.6473947950119,13.4362802356957,2.27183787199457));
#1894=CARTESIAN_POINT('',(41.5583550488652,13.4362802359067,2.06183542333912));
#1895=CARTESIAN_POINT('',(40.4730605039859,13.4362802358495,2.27045122304323));
#1896=CARTESIAN_POINT('',(39.561254541969,13.4362802358654,2.9056942151929));
#1897=CARTESIAN_POINT('',(39.0564487115204,13.436280235861,3.90286009782733));
#1898=CARTESIAN_POINT('',(39.0288228379717,13.436280235862,4.63729368198005));
#1899=CARTESIAN_POINT('',(39.0648525605836,13.436280235862,4.99971903281547));
#1900=CARTESIAN_POINT('',(44.0956395247077,13.2945493732728,5.14140215147441));
#1901=CARTESIAN_POINT('',(44.2616501741516,12.882205471547,5.18366689630262));
#1902=CARTESIAN_POINT('',(44.4550696736101,12.2478884334991,5.24868361569894));
#1903=CARTESIAN_POINT('',(44.4027536529261,11.3384422564095,5.34190073482881));
#1904=CARTESIAN_POINT('',(44.0730655326519,10.7374135648996,5.40350543948137));
#1905=CARTESIAN_POINT('',(43.5147250674644,10.3430441078571,5.44392782574723));
#1906=CARTESIAN_POINT('',(42.6708751237487,10.0382846381743,5.47516529807604));
#1907=CARTESIAN_POINT('',(41.5563801906845,9.92162976416362,5.48712227976633));
#1908=CARTESIAN_POINT('',(40.4491403671265,10.037166617283,5.47527989384791));
#1909=CARTESIAN_POINT('',(39.6006311606977,10.343534452957,5.44387756597509));
#1910=CARTESIAN_POINT('',(39.0457597604839,10.7348766797172,5.40376546710515));
#1911=CARTESIAN_POINT('',(38.7140096335709,11.3361221310727,5.34213854483378));
#1912=CARTESIAN_POINT('',(38.6602116517642,12.2415408991026,5.24933423019917));
#1913=CARTESIAN_POINT('',(38.8541881660847,12.8815418589814,5.18373491577769));
#1914=CARTESIAN_POINT('',(39.02046333571,13.2945439155594,5.14140271088335));
#1915=CARTESIAN_POINT('',(28.8882151126491,0.0376626229361392,-0.668326497524119));
#1916=CARTESIAN_POINT('',(29.2141121230799,2.5914660619902,-1.19659572125379));
#1917=CARTESIAN_POINT('',(29.8074477612765,7.24097969618169,-2.15837489372004));
#1918=CARTESIAN_POINT('',(27.1600616227782,11.3554716179214,2.93168906804569));
#1919=CARTESIAN_POINT('',(25.9667853884391,13.2100274589432,5.22597182057472));
#1920=CARTESIAN_POINT('',(28.8882151126491,0.0376626229361392,0.730230956921832));
#1921=CARTESIAN_POINT('',(29.2141121230799,2.64471580715518,0.0462005772851413));
#1922=CARTESIAN_POINT('',(29.8074477612765,7.39117715955224,-1.19916095981891));
#1923=CARTESIAN_POINT('',(27.1600616227782,11.0731010223152,3.55874871099745));
#1924=CARTESIAN_POINT('',(25.9667853884391,12.732682213812,5.70331706570596));
#1925=CARTESIAN_POINT('',(28.7450648343249,0.0376626229361392,1.42923454782625));
#1926=CARTESIAN_POINT('',(29.0624796178923,2.67133020398724,0.667354232917822));
#1927=CARTESIAN_POINT('',(29.6403723175894,7.46624634309345,-0.719742697729658));
#1928=CARTESIAN_POINT('',(27.0618905541016,10.9319712748979,3.87215517187693));
#1929=CARTESIAN_POINT('',(25.8996721061377,12.4941034987316,5.9418957807864));
#1930=CARTESIAN_POINT('',(28.1940402485976,0.0376626229361392,2.72133315502995));
#1931=CARTESIAN_POINT('',(28.4788046203173,2.72052655365662,1.81554829621873));
#1932=CARTESIAN_POINT('',(28.997253224699,7.60501070533662,0.166455423101229));
#1933=CARTESIAN_POINT('',(26.6840032521615,10.6710948610343,4.45148274166389));
#1934=CARTESIAN_POINT('',(25.6413347210493,12.0530939968132,6.38290528270474));
#1935=CARTESIAN_POINT('',(27.7863827458391,0.0376626229361392,3.31391978570251));
#1936=CARTESIAN_POINT('',(28.0469917791173,2.74308914983111,2.34213693855324));
#1937=CARTESIAN_POINT('',(28.5214626153963,7.66865128618753,0.572886600724758));
#1938=CARTESIAN_POINT('',(26.4044357014147,10.5514508383169,4.71717590991111));
#1939=CARTESIAN_POINT('',(25.4502122629919,11.8508367283824,6.58516255113562));
#1940=CARTESIAN_POINT('',(26.7682220725112,0.0376626229361392,4.30284924562023));
#1941=CARTESIAN_POINT('',(26.968501011321,2.78074240573373,3.22092662888366));
#1942=CARTESIAN_POINT('',(27.333133481619,7.77485693105387,1.25115327799487));
#1943=CARTESIAN_POINT('',(25.7061910136978,10.3517846753561,5.16057403565071));
#1944=CARTESIAN_POINT('',(24.9728670178607,11.5133026685829,6.92269661093507));
#1945=CARTESIAN_POINT('',(26.1581195046891,0.0376626229361392,4.69880297335221));
#1946=CARTESIAN_POINT('',(26.3222474247881,2.79581825051352,3.57278191066251));
#1947=CARTESIAN_POINT('',(26.6210625139144,7.81738020768321,1.5227219086673));
#1948=CARTESIAN_POINT('',(25.2877886061959,10.2718410952216,5.3381045349146));
#1949=CARTESIAN_POINT('',(24.6868320457572,11.3781586824535,7.05784059706449));
#1950=CARTESIAN_POINT('',(24.8278284766252,0.0376626229361392,5.23400774037937));
#1951=CARTESIAN_POINT('',(24.9131313296244,2.81619604576581,4.04837946391802));
#1952=CARTESIAN_POINT('',(25.0684356776374,7.87485828849839,1.889797189265));
#1953=CARTESIAN_POINT('',(24.3754879568034,10.1637825464961,5.57806987137701));
#1954=CARTESIAN_POINT('',(24.0631504270089,11.1954865656235,7.24051271389447));
#1955=CARTESIAN_POINT('',(24.1081634290968,0.0376626229361392,5.37304819945305));
#1956=CARTESIAN_POINT('',(24.150823248005,2.82148997844607,4.17193460806644));
#1957=CARTESIAN_POINT('',(24.2284907014246,7.88979047751384,1.98515941074222));
#1958=CARTESIAN_POINT('',(23.8819486662612,10.1357100943296,5.64041029246262));
#1959=CARTESIAN_POINT('',(23.7257491724486,11.1480303086005,7.28796897091752));
#1960=CARTESIAN_POINT('',(22.6682667962015,0.0376626229361392,5.37304819945305));
#1961=CARTESIAN_POINT('',(22.6256069772933,2.82148997844607,4.17193460806644));
#1962=CARTESIAN_POINT('',(22.5479395238737,7.88979047751384,1.98515941074222));
#1963=CARTESIAN_POINT('',(22.8944815590371,10.1357100943296,5.64041029246262));
#1964=CARTESIAN_POINT('',(23.0506810528497,11.1480303086005,7.28796897091752));
#1965=CARTESIAN_POINT('',(21.9486017486731,0.0376626229361392,5.23400774037937));
#1966=CARTESIAN_POINT('',(21.8632988956739,2.81619604576581,4.04837946391802));
#1967=CARTESIAN_POINT('',(21.7079945476609,7.87485828849839,1.889797189265));
#1968=CARTESIAN_POINT('',(22.4009422684949,10.1637825464961,5.57806987137701));
#1969=CARTESIAN_POINT('',(22.7132797982894,11.1954865656235,7.24051271389447));
#1970=CARTESIAN_POINT('',(20.6183107206092,0.0376626229361392,4.69880297335221));
#1971=CARTESIAN_POINT('',(20.4541828005102,2.79581825051352,3.57278191066251));
#1972=CARTESIAN_POINT('',(20.1553677113839,7.81738020768321,1.5227219086673));
#1973=CARTESIAN_POINT('',(21.4886416191024,10.2718410952216,5.3381045349146));
#1974=CARTESIAN_POINT('',(22.0895981795411,11.3781586824535,7.05784059706449));
#1975=CARTESIAN_POINT('',(20.0082081527871,0.0376626229361392,4.30284924562024));
#1976=CARTESIAN_POINT('',(19.8079292139773,2.78074240573373,3.22092662888366));
#1977=CARTESIAN_POINT('',(19.4432967436793,7.77485693105387,1.25115327799487));
#1978=CARTESIAN_POINT('',(21.0702392116005,10.3517846753561,5.16057403565071));
#1979=CARTESIAN_POINT('',(21.8035632074376,11.5133026685829,6.92269661093507));
#1980=CARTESIAN_POINT('',(18.9900474794592,0.0376626229361392,3.31391978570251));
#1981=CARTESIAN_POINT('',(18.729438446181,2.74308914983111,2.34213693855324));
#1982=CARTESIAN_POINT('',(18.254967609902,7.66865128618753,0.572886600724753));
#1983=CARTESIAN_POINT('',(20.3719945238836,10.5514508383169,4.71717590991111));
#1984=CARTESIAN_POINT('',(21.3262179623064,11.8508367283824,6.58516255113562));
#1985=CARTESIAN_POINT('',(18.5823899767007,0.0376626229361392,2.72133315502995));
#1986=CARTESIAN_POINT('',(18.297625604981,2.72052655365662,1.81554829621873));
#1987=CARTESIAN_POINT('',(17.7791770005993,7.60501070533662,0.166455423101225));
#1988=CARTESIAN_POINT('',(20.0924269731368,10.6710948610343,4.45148274166389));
#1989=CARTESIAN_POINT('',(21.135095504249,12.0530939968132,6.38290528270474));
#1990=CARTESIAN_POINT('',(18.0313653909734,0.0376626229361392,1.42923454782625));
#1991=CARTESIAN_POINT('',(17.713950607406,2.67133020398724,0.667354232917821));
#1992=CARTESIAN_POINT('',(17.1360579077089,7.46624634309345,-0.719742697729661));
#1993=CARTESIAN_POINT('',(19.7145396711967,10.9319712748979,3.87215517187693));
#1994=CARTESIAN_POINT('',(20.8767581191606,12.4941034987316,5.9418957807864));
#1995=CARTESIAN_POINT('',(17.8882151126491,0.0376626229361392,0.730230956921835));
#1996=CARTESIAN_POINT('',(17.5623181022184,2.64471580715518,0.0462005772851413));
#1997=CARTESIAN_POINT('',(16.9689824640218,7.39117715955224,-1.19916095981892));
#1998=CARTESIAN_POINT('',(19.6163686025201,11.0731010223152,3.55874871099745));
#1999=CARTESIAN_POINT('',(20.8096448368591,12.732682213812,5.70331706570596));
#2000=CARTESIAN_POINT('',(17.8882151126491,0.0376626229361392,-0.668326497524116));
#2001=CARTESIAN_POINT('',(17.5623181022184,2.5914660619902,-1.19659572125379));
#2002=CARTESIAN_POINT('',(16.9689824640218,7.24097969618169,-2.15837489372005));
#2003=CARTESIAN_POINT('',(19.6163686025201,11.3554716179214,2.93168906804569));
#2004=CARTESIAN_POINT('',(20.8096448368591,13.2100274589432,5.22597182057472));
#2005=CARTESIAN_POINT('',(18.0313653909734,0.0376626229361392,-1.36733008842854));
#2006=CARTESIAN_POINT('',(17.713950607406,2.56485166515813,-1.81774937688647));
#2007=CARTESIAN_POINT('',(17.1360579077089,7.16591051264047,-2.6377931558093));
#2008=CARTESIAN_POINT('',(19.7145396711967,11.4966013653387,2.61828260716621));
#2009=CARTESIAN_POINT('',(20.8767581191606,13.4486061740237,4.98739310549428));
#2010=CARTESIAN_POINT('',(18.5823899767007,0.0376626229361392,-2.65942869563224));
#2011=CARTESIAN_POINT('',(18.297625604981,2.51565531548876,-2.96594344018738));
#2012=CARTESIAN_POINT('',(17.7791770005993,7.02714615039732,-3.52399127664018));
#2013=CARTESIAN_POINT('',(20.0924269731368,11.7574777792023,2.03895503737925));
#2014=CARTESIAN_POINT('',(21.135095504249,13.889615675942,4.54638360357595));
#2015=CARTESIAN_POINT('',(18.9900474794592,0.0376626229361392,-3.25201532630479));
#2016=CARTESIAN_POINT('',(18.729438446181,2.49309271931428,-3.49253208252189));
#2017=CARTESIAN_POINT('',(18.254967609902,6.96350556954639,-3.93042245426372));
#2018=CARTESIAN_POINT('',(20.3719945238836,11.8771218019197,1.77326186913203));
#2019=CARTESIAN_POINT('',(21.3262179623064,14.0918729443729,4.34412633514507));
#2020=CARTESIAN_POINT('',(20.0082081527871,0.0376626229361392,-4.24094478622252));
#2021=CARTESIAN_POINT('',(19.8079292139773,2.45543946341166,-4.37132177285231));
#2022=CARTESIAN_POINT('',(19.4432967436793,6.85729992468006,-4.60868913153383));
#2023=CARTESIAN_POINT('',(21.0702392116005,12.0767879648805,1.32986374339243));
#2024=CARTESIAN_POINT('',(21.8035632074376,14.4294070041723,4.00659227534562));
#2025=CARTESIAN_POINT('',(20.6183107206092,0.0376626229361392,-4.63689851395449));
#2026=CARTESIAN_POINT('',(20.4541828005102,2.44036361863185,-4.72317705463116));
#2027=CARTESIAN_POINT('',(20.1553677113839,6.8147766480507,-4.88025776220626));
#2028=CARTESIAN_POINT('',(21.4886416191024,12.156731545015,1.15233324412854));
#2029=CARTESIAN_POINT('',(22.0895981795411,14.5645509903018,3.87144828921619));
#2030=CARTESIAN_POINT('',(21.9486017486731,0.0376626229361392,-5.17210328098165));
#2031=CARTESIAN_POINT('',(21.8632988956739,2.41998582337956,-5.19877460788667));
#2032=CARTESIAN_POINT('',(21.7079945476609,6.75729856723554,-5.24733304280397));
#2033=CARTESIAN_POINT('',(22.4009422684949,12.2647900937405,0.912367907666136));
#2034=CARTESIAN_POINT('',(22.7132797982894,14.7472231071318,3.68877617238621));
#2035=CARTESIAN_POINT('',(22.6682667962015,0.0376626229361392,-5.31114374005533));
#2036=CARTESIAN_POINT('',(22.6256069772933,2.41469189069931,-5.32232975203509));
#2037=CARTESIAN_POINT('',(22.5479395238737,6.74236637822009,-5.34269526428118));
#2038=CARTESIAN_POINT('',(22.8944815590371,12.292862545907,0.850027486580519));
#2039=CARTESIAN_POINT('',(23.0506810528497,14.7946793641548,3.64131991536317));
#2040=CARTESIAN_POINT('',(24.1081634290968,0.0376626229361392,-5.31114374005533));
#2041=CARTESIAN_POINT('',(24.150823248005,2.41469189069931,-5.32232975203509));
#2042=CARTESIAN_POINT('',(24.2284907014246,6.74236637822009,-5.34269526428118));
#2043=CARTESIAN_POINT('',(23.8819486662612,12.292862545907,0.850027486580519));
#2044=CARTESIAN_POINT('',(23.7257491724486,14.7946793641548,3.64131991536317));
#2045=CARTESIAN_POINT('',(24.8278284766252,0.0376626229361392,-5.17210328098165));
#2046=CARTESIAN_POINT('',(24.9131313296244,2.41998582337956,-5.19877460788667));
#2047=CARTESIAN_POINT('',(25.0684356776374,6.75729856723554,-5.24733304280396));
#2048=CARTESIAN_POINT('',(24.3754879568034,12.2647900937405,0.912367907666136));
#2049=CARTESIAN_POINT('',(24.0631504270089,14.7472231071318,3.68877617238621));
#2050=CARTESIAN_POINT('',(26.1581195046891,0.0376626229361392,-4.63689851395449));
#2051=CARTESIAN_POINT('',(26.3222474247881,2.44036361863185,-4.72317705463116));
#2052=CARTESIAN_POINT('',(26.6210625139144,6.8147766480507,-4.88025776220626));
#2053=CARTESIAN_POINT('',(25.2877886061959,12.156731545015,1.15233324412854));
#2054=CARTESIAN_POINT('',(24.6868320457572,14.5645509903018,3.87144828921619));
#2055=CARTESIAN_POINT('',(26.7682220725112,0.0376626229361392,-4.24094478622252));
#2056=CARTESIAN_POINT('',(26.968501011321,2.45543946341166,-4.37132177285231));
#2057=CARTESIAN_POINT('',(27.333133481619,6.85729992468006,-4.60868913153383));
#2058=CARTESIAN_POINT('',(25.7061910136978,12.0767879648805,1.32986374339243));
#2059=CARTESIAN_POINT('',(24.9728670178607,14.4294070041723,4.00659227534562));
#2060=CARTESIAN_POINT('',(27.7863827458391,0.0376626229361392,-3.25201532630479));
#2061=CARTESIAN_POINT('',(28.0469917791173,2.49309271931428,-3.4925320825219));
#2062=CARTESIAN_POINT('',(28.5214626153963,6.96350556954639,-3.93042245426372));
#2063=CARTESIAN_POINT('',(26.4044357014147,11.8771218019197,1.77326186913203));
#2064=CARTESIAN_POINT('',(25.4502122629919,14.0918729443729,4.34412633514507));
#2065=CARTESIAN_POINT('',(28.1940402485976,0.0376626229361392,-2.65942869563224));
#2066=CARTESIAN_POINT('',(28.4788046203173,2.51565531548876,-2.96594344018738));
#2067=CARTESIAN_POINT('',(28.997253224699,7.02714615039732,-3.52399127664018));
#2068=CARTESIAN_POINT('',(26.6840032521615,11.7574777792023,2.03895503737926));
#2069=CARTESIAN_POINT('',(25.6413347210493,13.889615675942,4.54638360357595));
#2070=CARTESIAN_POINT('',(28.7450648343249,0.0376626229361392,-1.36733008842854));
#2071=CARTESIAN_POINT('',(29.0624796178923,2.56485166515813,-1.81774937688647));
#2072=CARTESIAN_POINT('',(29.6403723175894,7.16591051264047,-2.6377931558093));
#2073=CARTESIAN_POINT('',(27.0618905541016,11.4966013653387,2.61828260716622));
#2074=CARTESIAN_POINT('',(25.8996721061377,13.4486061740237,4.98739310549429));
#2075=CARTESIAN_POINT('',(28.8882151126491,0.0376626229361392,-0.668326497524119));
#2076=CARTESIAN_POINT('',(29.2141121230799,2.5914660619902,-1.19659572125379));
#2077=CARTESIAN_POINT('',(29.8074477612765,7.24097969618169,-2.15837489372004));
#2078=CARTESIAN_POINT('',(27.1600616227782,11.3554716179214,2.93168906804569));
#2079=CARTESIAN_POINT('',(25.9667853884391,13.2100274589432,5.22597182057472));
#2080=CARTESIAN_POINT('',(28.8882151126491,0.0376626229361392,0.730230956921832));
#2081=CARTESIAN_POINT('',(29.2141121230799,2.64471580715518,0.0462005772851413));
#2082=CARTESIAN_POINT('',(29.8074477612765,7.39117715955224,-1.19916095981891));
#2083=CARTESIAN_POINT('',(27.1600616227782,11.0731010223152,3.55874871099745));
#2084=CARTESIAN_POINT('',(25.9667853884391,12.732682213812,5.70331706570596));
#2085=CARTESIAN_POINT('',(28.8115534391522,0.0376626229361392,-1.05497399107658));
#2086=CARTESIAN_POINT('',(28.9236675485013,0.0376626229361393,-0.00482646360435996));
#2087=CARTESIAN_POINT('',(28.8226731901606,0.0376626229361392,1.04381814859634));
#2088=CARTESIAN_POINT('',(28.5235296752116,0.0376626229361392,2.03776323150989));
#2089=CARTESIAN_POINT('',(28.0223674563636,0.0376626229361393,2.97154457419621));
#2090=CARTESIAN_POINT('',(27.3427214703787,0.0376626229361392,3.79314017910578));
#2091=CARTESIAN_POINT('',(26.5110774998156,0.0376626229361392,4.47018481004249));
#2092=CARTESIAN_POINT('',(25.5594222364386,0.0376626229361392,4.97663563141296));
#2093=CARTESIAN_POINT('',(24.524328532885,0.0376626229361392,5.29302614617264));
#2094=CARTESIAN_POINT('',(23.4455746410786,0.0376626229361392,5.40719825310906));
#2095=CARTESIAN_POINT('',(22.3646164494652,0.0376626229361392,5.31476420292493));
#2096=CARTESIAN_POINT('',(21.322994581767,0.0376626229361392,5.01927623185566));
#2097=CARTESIAN_POINT('',(20.3607379805211,0.0376626229361392,4.53208976417488));
#2098=CARTESIAN_POINT('',(19.5148256277307,0.0376626229361392,3.87192710603289));
#2099=CARTESIAN_POINT('',(18.8177654605968,0.0376626229361392,3.06415793724301));
#2100=CARTESIAN_POINT('',(18.2963451104615,0.0376626229361392,2.13982437420544));
#2101=CARTESIAN_POINT('',(17.9706024689545,0.0376626229361392,1.13444803731072));
#2102=CARTESIAN_POINT('',(17.8530556431128,0.0376626229361392,0.0866649753789974));
#2103=CARTESIAN_POINT('',(17.9482218915328,0.0376626229361392,-0.963259096125698));
#2104=CARTESIAN_POINT('',(18.2524440286556,0.0376626229361392,-1.97497618393427));
#2105=CARTESIAN_POINT('',(18.7540309683657,0.0376626229361392,-2.90960656776152));
#2106=CARTESIAN_POINT('',(19.4337070058521,0.0376626229361392,-3.73123292603109));
#2107=CARTESIAN_POINT('',(20.2653525722005,0.0376626229361392,-4.40828061882734));
#2108=CARTESIAN_POINT('',(21.2170079945353,0.0376626229361392,-4.91473108204183));
#2109=CARTESIAN_POINT('',(22.2521016892445,0.0376626229361392,-5.23112171200598));
#2110=CARTESIAN_POINT('',(23.3308555839876,0.0376626229361392,-5.3452937807662));
#2111=CARTESIAN_POINT('',(24.411813779553,0.0376626229361392,-5.25285977004752));
#2112=CARTESIAN_POINT('',(25.4534356288642,0.0376626229361392,-4.95737167932401));
#2113=CARTESIAN_POINT('',(26.4156922997235,0.0376626229361392,-4.47018565079326));
#2114=CARTESIAN_POINT('',(27.2616043924499,0.0376626229361392,-3.81002135570453));
#2115=CARTESIAN_POINT('',(27.9586655302296,0.0376626229361392,-3.00225829554944));
#2116=CARTESIAN_POINT('',(28.480082257845,0.0376626229361392,-2.07790193491824));
#2117=CARTESIAN_POINT('',(28.8115534391522,0.0376626229361392,-1.05497399107658));
#2118=CARTESIAN_POINT('',(28.9236675485013,0.0376626229361393,-0.00482646360435996));
#2119=CARTESIAN_POINT('',(28.8226731901606,0.0376626229361392,1.04381814859634));
#2120=CARTESIAN_POINT('',(28.8882151126491,0.0376626229361392,0.0309522296988579));
#2121=CARTESIAN_POINT('',(20.8506281167931,13.2945493732728,5.14140215147441));
#2122=CARTESIAN_POINT('',(20.6846174673492,12.882205471547,5.18366689630262));
#2123=CARTESIAN_POINT('',(20.4911979678906,12.2478884334991,5.24868361569894));
#2124=CARTESIAN_POINT('',(20.5435139885747,11.3384422564095,5.34190073482881));
#2125=CARTESIAN_POINT('',(20.8732021088489,10.7374135648996,5.40350543948137));
#2126=CARTESIAN_POINT('',(21.4315425740364,10.3430441078571,5.44392782574723));
#2127=CARTESIAN_POINT('',(22.275392517752,10.0382846381743,5.47516529807603));
#2128=CARTESIAN_POINT('',(23.3898874508163,9.92162976416362,5.48712227976633));
#2129=CARTESIAN_POINT('',(24.4971272743742,10.037166617283,5.47527989384791));
#2130=CARTESIAN_POINT('',(25.3456364808031,10.343534452957,5.44387756597508));
#2131=CARTESIAN_POINT('',(25.9005078810169,10.7348766797173,5.40376546710516));
#2132=CARTESIAN_POINT('',(26.2322580079299,11.3361221310727,5.34213854483378));
#2133=CARTESIAN_POINT('',(26.2860559897366,12.2415408991026,5.24933423019916));
#2134=CARTESIAN_POINT('',(26.0920794754161,12.8815418589814,5.18373491577769));
#2135=CARTESIAN_POINT('',(25.9258043057908,13.2945439155594,5.14140271088335));
#2136=CARTESIAN_POINT('',(20.8950151491585,13.4362802408292,4.99971903372161));
#2137=CARTESIAN_POINT('',(20.8590836002506,13.4362802408292,4.63828121152359));
#2138=CARTESIAN_POINT('',(20.8845470356207,13.4362802335567,3.914545955263));
#2139=CARTESIAN_POINT('',(21.3866526650659,13.4362802364799,2.90974378735782));
#2140=CARTESIAN_POINT('',(22.2988728464889,13.4362802356957,2.27183787199456));
#2141=CARTESIAN_POINT('',(23.3879125926356,13.4362802359067,2.06183542333912));
#2142=CARTESIAN_POINT('',(24.4732071375149,13.4362802358495,2.27045122304324));
#2143=CARTESIAN_POINT('',(25.3850130995318,13.4362802358654,2.90569421519289));
#2144=CARTESIAN_POINT('',(25.8898189299805,13.4362802358611,3.90286009782733));
#2145=CARTESIAN_POINT('',(25.9174448035291,13.436280235862,4.63729368198005));
#2146=CARTESIAN_POINT('',(25.8814150809172,13.436280235862,4.99971903281547));
#2147=CARTESIAN_POINT('',(52.3069539793458,13.436280235862,9.9527075105575));
#2148=CARTESIAN_POINT('',(52.3069539793458,13.436280235862,9.9527075105575));
#2149=CARTESIAN_POINT('',(52.3069539793458,13.436280235862,-1.2656305785784));
#2150=CARTESIAN_POINT('',(52.3069539793458,13.436280235862,-6.61701308061154));
#2151=CARTESIAN_POINT('',(52.3069539793458,13.436280235862,-1.2656305785784));
#2152=CARTESIAN_POINT('',(52.3069539793458,0.0376626229361392,-1.2656305785784));
#2153=CARTESIAN_POINT('',(52.3069539793458,0.0376626229361392,9.9527075105575));
#2154=CARTESIAN_POINT('',(52.3069539793458,0.0376626229361392,-6.61701308061154));
#2155=CARTESIAN_POINT('',(52.3069539793458,13.436280235862,-6.61701308061154));
#2156=CARTESIAN_POINT('',(12.639313662155,13.436280235862,-6.61701308061154));
#2157=CARTESIAN_POINT('',(12.639313662155,0.0376626229361392,-6.61701308061154));
#2158=CARTESIAN_POINT('',(12.639313662155,0.0376626229361392,-6.61701308061154));
#2159=CARTESIAN_POINT('',(12.639313662155,13.436280235862,-6.61701308061154));
#2160=CARTESIAN_POINT('',(12.639313662155,13.436280235862,-6.61701308061154));
#2161=CARTESIAN_POINT('',(12.639313662155,13.436280235862,-6.61701308061154));
#2162=CARTESIAN_POINT('',(12.639313662155,13.436280235862,-6.61701308061154));
#2163=CARTESIAN_POINT('',(12.639313662155,13.436280235862,9.9527075105575));
#2164=CARTESIAN_POINT('',(12.639313662155,13.7235404431466,-0.477383606380947));
#2165=CARTESIAN_POINT('',(12.639313662155,13.436280235862,-0.477383606380947));
#2166=CARTESIAN_POINT('',(12.639313662155,13.436280235862,9.9527075105575));
#2167=CARTESIAN_POINT('',(0.,13.436280235862,0.0309522296988579));
#2168=CARTESIAN_POINT('',(64.9462676415008,13.436280235862,5.12687491167156));
#2169=CARTESIAN_POINT('',(47.0722686451888,13.436280235862,5.12687491167156));
#2170=CARTESIAN_POINT('',(47.0905637412038,13.436280235862,2.61377672555779));
#2171=CARTESIAN_POINT('',(49.8069539793458,13.436280235862,-1.2656305785784));
#2172=CARTESIAN_POINT('',(8.71994648323425,13.436280235862,-6.07482003064702));
#2173=CARTESIAN_POINT('',(15.8078237895745,13.436280235862,4.04771781643541));
#2174=CARTESIAN_POINT('',(17.8557039002969,13.436280235862,2.61377672555779));
#2175=CARTESIAN_POINT('',(17.8739989963119,13.436280235862,5.12687491167156));
#2176=CARTESIAN_POINT('',(8.96078709069738E-16,13.436280235862,5.12687491167156));
#2177=CARTESIAN_POINT('',(8.96078709069738E-16,13.436280235862,5.12687491167156));
#2178=CARTESIAN_POINT('',(32.4731338207504,13.3664470760869,5.13403272500671));
#2179=CARTESIAN_POINT('',(46.9932413312776,12.3351675564155,5.2397376125121));
#2180=CARTESIAN_POINT('',(17.9530263102232,12.3351675564155,5.23973761251211));
#2181=CARTESIAN_POINT('',(18.8081368727098,0.420640336877148,6.46096205787153));
#2182=CARTESIAN_POINT('',(33.2291229770043,1.31593529062911,6.36919542179923));
#2183=CARTESIAN_POINT('',(12.639313662155,0.0376626229361392,6.50021680442376));
#2184=CARTESIAN_POINT('',(32.4731338207504,0.0376626229361392,6.50021680442376));
#2185=CARTESIAN_POINT('',(12.639313662155,13.7235404431466,6.50021680442376));
#2186=CARTESIAN_POINT('',(20.5418073430299,-23.9900526699931,6.44993000320005));
#2187=CARTESIAN_POINT('',(18.4085159120488,0.0376626229361392,6.46350500958084));
#2188=CARTESIAN_POINT('',(12.639313662155,0.0376626229361392,6.50021680442376));
#2189=CARTESIAN_POINT('',(0.,0.0376626229361392,0.0309522296988579));
#2190=CARTESIAN_POINT('',(46.1289393953596,0.0376626229361392,3.98711861830999));
#2191=CARTESIAN_POINT('',(18.8173282461412,0.0376626229361392,3.98711861830999));
#2192=CARTESIAN_POINT('',(16.7694481354187,0.0376626229361392,5.42105970918761));
#2193=CARTESIAN_POINT('',(12.639313662155,0.0376626229361392,-0.477383606380947));
#2194=CARTESIAN_POINT('',(12.639313662155,0.0376626229361392,-0.477383606380947));
#2195=CARTESIAN_POINT('',(12.639313662155,0.0376626229361392,9.9527075105575));
#2196=CARTESIAN_POINT('',(49.8069539793458,0.0376626229361392,-1.2656305785784));
#2197=CARTESIAN_POINT('',(12.639313662155,13.436280235862,9.9527075105575));
#2198=CARTESIAN_POINT('',(12.639313662155,13.7235404431466,-0.477383606380947));
#2199=CARTESIAN_POINT('',(12.639313662155,13.7235404431466,-0.477383606380947));
#2200=CARTESIAN_POINT('',(14.2531428787592,5.12117154457572,1.82740337253458));
#2201=CARTESIAN_POINT('',(15.7386802494513,14.3996791540751,3.94897060742948));
#2202=CARTESIAN_POINT('',(17.9530263102232,12.0802561694939,2.75276753130531));
#2203=CARTESIAN_POINT('',(-24.1067657941506,13.4324711238014,-1.52189436456726));
#2204=CARTESIAN_POINT('',(49.8069539793458,13.436280235862,-1.2656305785784));
#2205=CARTESIAN_POINT('',(46.9932413312776,12.0802561694939,2.75276753130531));
#2206=CARTESIAN_POINT('',(12.2052627680367,5.13543331659318,3.26134446341219));
#2207=MECHANICAL_DESIGN_GEOMETRIC_PRESENTATION_REPRESENTATION('',(#1074),
#2208);
#2208=(
GEOMETRIC_REPRESENTATION_CONTEXT(3)
GLOBAL_UNCERTAINTY_ASSIGNED_CONTEXT((#2209))
GLOBAL_UNIT_ASSIGNED_CONTEXT((#2212,#2211,#2210))
REPRESENTATION_CONTEXT('FlareHolder05','TOP_LEVEL_ASSEMBLY_PART')
);
#2209=UNCERTAINTY_MEASURE_WITH_UNIT(LENGTH_MEASURE(0.005),#2212,
'DISTANCE_ACCURACY_VALUE','Maximum Tolerance applied to model');
#2210=(
NAMED_UNIT(*)
SI_UNIT($,.STERADIAN.)
SOLID_ANGLE_UNIT()
);
#2211=(
NAMED_UNIT(*)
PLANE_ANGLE_UNIT()
SI_UNIT($,.RADIAN.)
);
#2212=(
LENGTH_UNIT()
NAMED_UNIT(*)
SI_UNIT(.MILLI.,.METRE.)
);
#2213=PRODUCT_DEFINITION_SHAPE('','',#2214);
#2214=PRODUCT_DEFINITION('','',#2216,#2215);
#2215=PRODUCT_DEFINITION_CONTEXT('',#2222,'design');
#2216=PRODUCT_DEFINITION_FORMATION_WITH_SPECIFIED_SOURCE('','',#2218,
 .NOT_KNOWN.);
#2217=PRODUCT_RELATED_PRODUCT_CATEGORY('','',(#2218));
#2218=PRODUCT('FlareHolder05','FlareHolder05','FlareHolder05',(#2220));
#2219=PRODUCT_CATEGORY('','');
#2220=PRODUCT_CONTEXT('',#2222,'mechanical');
#2221=APPLICATION_PROTOCOL_DEFINITION('international standard',
'automotive_design',2010,#2222);
#2222=APPLICATION_CONTEXT(
'core data for automotive mechanical design processes');
ENDSEC;
END-ISO-10303-21;
