ISO-10303-21;
HEADER;
/* Generated by software containing ST-Developer
 * from STEP Tools, Inc. (www.steptools.com) 
 */
/* OPTION: strings as raw bytes, not using required /X/ escapes */

FILE_DESCRIPTION(
/* description */ ('Unknown'),
/* implementation_level */ '2;1');

FILE_NAME(
/* name */ 'FlareHolder04',
/* time_stamp */ '2023-05-24T19:13:39+01:00',
/* author */ ('Unknown'),
/* organization */ ('Unknown'),
/* preprocessor_version */ 'ST-DEVELOPER v18.102',
/* originating_system */ 'Solid Edge',
/* authorisation */ 'Unknown');

FILE_SCHEMA (('AUTOMOTIVE_DESIGN {1 0 10303 214 3 1 1}'));
ENDSEC;

DATA;
#10=PROPERTY_DEFINITION_REPRESENTATION(#14,#12);
#11=PROPERTY_DEFINITION_REPRESENTATION(#15,#13);
#12=REPRESENTATION('',(#16),#1908);
#13=REPRESENTATION('',(#17),#1908);
#14=PROPERTY_DEFINITION('pmi validation property','',#1913);
#15=PROPERTY_DEFINITION('pmi validation property','',#1913);
#16=VALUE_REPRESENTATION_ITEM('number of annotations',COUNT_MEASURE(0.));
#17=VALUE_REPRESENTATION_ITEM('number of views',COUNT_MEASURE(0.));
#18=SHAPE_REPRESENTATION_RELATIONSHIP('','',#913,#19);
#19=ADVANCED_BREP_SHAPE_REPRESENTATION('',(#911),#1908);
#20=B_SPLINE_SURFACE_WITH_KNOTS('',3,3,((#1546,#1547,#1548,#1549,#1550),
(#1551,#1552,#1553,#1554,#1555),(#1556,#1557,#1558,#1559,#1560),(#1561,
#1562,#1563,#1564,#1565),(#1566,#1567,#1568,#1569,#1570),(#1571,#1572,#1573,
#1574,#1575),(#1576,#1577,#1578,#1579,#1580),(#1581,#1582,#1583,#1584,#1585),
(#1586,#1587,#1588,#1589,#1590),(#1591,#1592,#1593,#1594,#1595),(#1596,
#1597,#1598,#1599,#1600),(#1601,#1602,#1603,#1604,#1605),(#1606,#1607,#1608,
#1609,#1610),(#1611,#1612,#1613,#1614,#1615),(#1616,#1617,#1618,#1619,#1620),
(#1621,#1622,#1623,#1624,#1625),(#1626,#1627,#1628,#1629,#1630),(#1631,
#1632,#1633,#1634,#1635),(#1636,#1637,#1638,#1639,#1640),(#1641,#1642,#1643,
#1644,#1645),(#1646,#1647,#1648,#1649,#1650),(#1651,#1652,#1653,#1654,#1655),
(#1656,#1657,#1658,#1659,#1660),(#1661,#1662,#1663,#1664,#1665),(#1666,
#1667,#1668,#1669,#1670),(#1671,#1672,#1673,#1674,#1675),(#1676,#1677,#1678,
#1679,#1680),(#1681,#1682,#1683,#1684,#1685),(#1686,#1687,#1688,#1689,#1690),
(#1691,#1692,#1693,#1694,#1695),(#1696,#1697,#1698,#1699,#1700),(#1701,
#1702,#1703,#1704,#1705),(#1706,#1707,#1708,#1709,#1710),(#1711,#1712,#1713,
#1714,#1715)),.UNSPECIFIED.,.T.,.F.,.F.,(2,2,2,2,2,2,2,2,2,2,2,2,2,2,2,
2,2,2,2),(4,1,4),(-0.0625,0.,0.0625,0.125,0.1875,0.25,0.3125,0.375,0.4375,
0.5,0.5625,0.625,0.6875,0.75,0.8125,0.875,0.9375,1.,1.0625),(0.,0.553154368625635,
1.),.UNSPECIFIED.);
#21=B_SPLINE_SURFACE_WITH_KNOTS('',3,3,((#1726,#1727,#1728,#1729,#1730),
(#1731,#1732,#1733,#1734,#1735),(#1736,#1737,#1738,#1739,#1740),(#1741,
#1742,#1743,#1744,#1745),(#1746,#1747,#1748,#1749,#1750),(#1751,#1752,#1753,
#1754,#1755),(#1756,#1757,#1758,#1759,#1760),(#1761,#1762,#1763,#1764,#1765),
(#1766,#1767,#1768,#1769,#1770),(#1771,#1772,#1773,#1774,#1775),(#1776,
#1777,#1778,#1779,#1780),(#1781,#1782,#1783,#1784,#1785),(#1786,#1787,#1788,
#1789,#1790),(#1791,#1792,#1793,#1794,#1795),(#1796,#1797,#1798,#1799,#1800),
(#1801,#1802,#1803,#1804,#1805),(#1806,#1807,#1808,#1809,#1810),(#1811,
#1812,#1813,#1814,#1815),(#1816,#1817,#1818,#1819,#1820),(#1821,#1822,#1823,
#1824,#1825),(#1826,#1827,#1828,#1829,#1830),(#1831,#1832,#1833,#1834,#1835),
(#1836,#1837,#1838,#1839,#1840),(#1841,#1842,#1843,#1844,#1845),(#1846,
#1847,#1848,#1849,#1850),(#1851,#1852,#1853,#1854,#1855),(#1856,#1857,#1858,
#1859,#1860),(#1861,#1862,#1863,#1864,#1865),(#1866,#1867,#1868,#1869,#1870),
(#1871,#1872,#1873,#1874,#1875),(#1876,#1877,#1878,#1879,#1880),(#1881,
#1882,#1883,#1884,#1885),(#1886,#1887,#1888,#1889,#1890),(#1891,#1892,#1893,
#1894,#1895)),.UNSPECIFIED.,.T.,.F.,.F.,(2,2,2,2,2,2,2,2,2,2,2,2,2,2,2,
2,2,2,2),(4,1,4),(-0.0625,0.,0.0625,0.125,0.1875,0.25,0.3125,0.375,0.4375,
0.5,0.5625,0.625,0.6875,0.75,0.8125,0.875,0.9375,1.,1.0625),(0.,0.553154368625635,
1.),.UNSPECIFIED.);
#22=B_SPLINE_CURVE_WITH_KNOTS('',3,(#1373,#1374,#1375,#1376,#1377,#1378,
#1379,#1380,#1381,#1382,#1383),.UNSPECIFIED.,.F.,.F.,(4,1,1,1,1,1,1,1,4),
(0.,0.00106837754600455,0.0021367550920091,0.00320513263801365,0.00427351018401819,
0.00534188773002274,0.00641026527602729,0.00747864282203184,0.00854702036803639),
 .UNSPECIFIED.);
#23=B_SPLINE_CURVE_WITH_KNOTS('',3,(#1391,#1392,#1393,#1394,#1395,#1396,
#1397,#1398,#1399,#1400,#1401),.UNSPECIFIED.,.F.,.F.,(4,1,1,1,1,1,1,1,4),
(0.,0.00106837754600455,0.0021367550920091,0.00320513263801365,0.00427351018401819,
0.00534188773002274,0.00641026527602729,0.00747864282203184,0.00854702036803639),
 .UNSPECIFIED.);
#24=B_SPLINE_CURVE_WITH_KNOTS('',3,(#1427,#1428,#1429,#1430,#1431,#1432,
#1433,#1434,#1435,#1436,#1437,#1438,#1439,#1440,#1441,#1442,#1443,#1444,
#1445,#1446,#1447,#1448,#1449,#1450,#1451,#1452,#1453,#1454,#1455,#1456,
#1457,#1458,#1459,#1460,#1461),.UNSPECIFIED.,.T.,.F.,(1,1,1,1,1,1,1,1,1,
1,1,1,1,1,1,1,1,1,1,1,1,1,1,1,1,1,1,1,1,1,1,1,1,1,1,1,1,1,1),(-0.0953947368421053,
-0.0641447368421053,-0.0328947368421053,0.,0.0296875,0.060859375,0.09210546875,
0.1233552734375,0.154605263671875,0.185855263183594,0.21710526315918,0.248355263157959,
0.279605263157898,0.310855263157895,0.342105263157895,0.373355263157895,
0.404605263157895,0.435855263157895,0.467105263157895,0.498355263157895,
0.529605263157895,0.560855263157895,0.592105263157895,0.623355263157895,
0.654605263157895,0.685855263157895,0.717105263157895,0.748355263157895,
0.779605263157895,0.810855263157895,0.842105263157895,0.873355263157895,
0.904605263157895,0.935855263157895,0.967105263157895,1.,1.0296875,1.060859375,
1.09210546875),.UNSPECIFIED.);
#25=B_SPLINE_CURVE_WITH_KNOTS('',3,(#1463,#1464,#1465,#1466,#1467,#1468,
#1469,#1470,#1471,#1472,#1473,#1474,#1475,#1476,#1477,#1478,#1479,#1480,
#1481,#1482,#1483,#1484,#1485,#1486,#1487,#1488,#1489,#1490,#1491,#1492,
#1493,#1494,#1495,#1496,#1497),.UNSPECIFIED.,.T.,.F.,(1,1,1,1,1,1,1,1,1,
1,1,1,1,1,1,1,1,1,1,1,1,1,1,1,1,1,1,1,1,1,1,1,1,1,1,1,1,1,1),(-0.0953947368421053,
-0.0641447368421053,-0.0328947368421053,0.,0.0296875,0.060859375,0.09210546875,
0.1233552734375,0.154605263671875,0.185855263183594,0.21710526315918,0.248355263157959,
0.279605263157898,0.310855263157895,0.342105263157895,0.373355263157895,
0.404605263157895,0.435855263157895,0.467105263157895,0.498355263157895,
0.529605263157895,0.560855263157895,0.592105263157895,0.623355263157895,
0.654605263157895,0.685855263157895,0.717105263157895,0.748355263157895,
0.779605263157895,0.810855263157895,0.842105263157895,0.873355263157895,
0.904605263157895,0.935855263157895,0.967105263157895,1.,1.0296875,1.060859375,
1.09210546875),.UNSPECIFIED.);
#26=B_SPLINE_CURVE_WITH_KNOTS('',3,(#1508,#1509,#1510,#1511,#1512,#1513,
#1514,#1515,#1516,#1517,#1518,#1519,#1520,#1521,#1522),.UNSPECIFIED.,.F.,
 .F.,(4,1,1,1,1,1,1,1,1,1,1,1,4),(0.,0.00131243623865581,0.00196865435798372,
0.00262487247731163,0.00328109059663954,0.00393730871596744,0.00524974495462326,
0.00656218119327907,0.00721839931260698,0.00787461743193489,0.00853083555126279,
0.0091870536705907,0.0104994899092465),.UNSPECIFIED.);
#27=B_SPLINE_CURVE_WITH_KNOTS('',3,(#1527,#1528,#1529,#1530,#1531,#1532,
#1533,#1534,#1535,#1536,#1537,#1538,#1539,#1540,#1541),.UNSPECIFIED.,.F.,
 .F.,(4,1,1,1,1,1,1,1,1,1,1,1,4),(0.,0.00131243623865581,0.00196865435798372,
0.00262487247731163,0.00328109059663954,0.00393730871596744,0.00524974495462326,
0.00656218119327907,0.00721839931260698,0.00787461743193489,0.00853083555126279,
0.0091870536705907,0.0104994899092465),.UNSPECIFIED.);
#28=B_SPLINE_CURVE_WITH_KNOTS('',3,(#1716,#1717,#1718,#1719),
 .UNSPECIFIED.,.F.,.F.,(4,4),(0.,1.),.UNSPECIFIED.);
#29=B_SPLINE_CURVE_WITH_KNOTS('',3,(#1720,#1721,#1722,#1723),
 .UNSPECIFIED.,.F.,.F.,(4,4),(0.,1.),.UNSPECIFIED.);
#30=B_SPLINE_CURVE_WITH_KNOTS('',3,(#1896,#1897,#1898,#1899),
 .UNSPECIFIED.,.F.,.F.,(4,4),(0.,1.),.UNSPECIFIED.);
#31=B_SPLINE_CURVE_WITH_KNOTS('',3,(#1900,#1901,#1902,#1903),
 .UNSPECIFIED.,.F.,.F.,(4,4),(0.,1.),.UNSPECIFIED.);
#32=ELLIPSE('',#950,3.40331402191231,2.40650642340146);
#33=ELLIPSE('',#951,3.40559425807031,2.40811879385149);
#34=ELLIPSE('',#952,3.40559425807031,2.40811879385149);
#35=ELLIPSE('',#953,3.40331402191231,2.40650642340146);
#36=ELLIPSE('',#959,3.1030827385068,2.40650642340146);
#37=ELLIPSE('',#960,3.10516181831432,2.40811879385149);
#38=ELLIPSE('',#961,3.10516181831432,2.40811879385149);
#39=ELLIPSE('',#962,3.1030827385068,2.40650642340146);
#40=CIRCLE('',#923,4.2);
#41=CIRCLE('',#924,4.2);
#42=CIRCLE('',#938,4.2);
#43=CIRCLE('',#939,4.2);
#44=CYLINDRICAL_SURFACE('',#922,4.2);
#45=CYLINDRICAL_SURFACE('',#937,4.2);
#46=CYLINDRICAL_SURFACE('',#964,2.40650642340146);
#47=CYLINDRICAL_SURFACE('',#965,2.40811879385149);
#48=CYLINDRICAL_SURFACE('',#966,2.40811879385149);
#49=CYLINDRICAL_SURFACE('',#967,2.40650642340146);
#50=ORIENTED_EDGE('',*,*,#304,.F.);
#51=ORIENTED_EDGE('',*,*,#305,.F.);
#52=ORIENTED_EDGE('',*,*,#306,.T.);
#53=ORIENTED_EDGE('',*,*,#307,.T.);
#54=ORIENTED_EDGE('',*,*,#308,.T.);
#55=ORIENTED_EDGE('',*,*,#309,.F.);
#56=ORIENTED_EDGE('',*,*,#306,.F.);
#57=ORIENTED_EDGE('',*,*,#310,.F.);
#58=ORIENTED_EDGE('',*,*,#308,.F.);
#59=ORIENTED_EDGE('',*,*,#311,.F.);
#60=ORIENTED_EDGE('',*,*,#312,.T.);
#61=ORIENTED_EDGE('',*,*,#313,.T.);
#62=ORIENTED_EDGE('',*,*,#314,.F.);
#63=ORIENTED_EDGE('',*,*,#312,.F.);
#64=ORIENTED_EDGE('',*,*,#315,.F.);
#65=ORIENTED_EDGE('',*,*,#316,.F.);
#66=ORIENTED_EDGE('',*,*,#317,.F.);
#67=ORIENTED_EDGE('',*,*,#318,.F.);
#68=ORIENTED_EDGE('',*,*,#316,.T.);
#69=ORIENTED_EDGE('',*,*,#319,.T.);
#70=ORIENTED_EDGE('',*,*,#320,.T.);
#71=ORIENTED_EDGE('',*,*,#321,.F.);
#72=ORIENTED_EDGE('',*,*,#317,.T.);
#73=ORIENTED_EDGE('',*,*,#322,.F.);
#74=ORIENTED_EDGE('',*,*,#323,.F.);
#75=ORIENTED_EDGE('',*,*,#320,.F.);
#76=ORIENTED_EDGE('',*,*,#324,.F.);
#77=ORIENTED_EDGE('',*,*,#325,.T.);
#78=ORIENTED_EDGE('',*,*,#326,.F.);
#79=ORIENTED_EDGE('',*,*,#325,.F.);
#80=ORIENTED_EDGE('',*,*,#327,.T.);
#81=ORIENTED_EDGE('',*,*,#328,.T.);
#82=ORIENTED_EDGE('',*,*,#328,.F.);
#83=ORIENTED_EDGE('',*,*,#329,.T.);
#84=ORIENTED_EDGE('',*,*,#330,.T.);
#85=ORIENTED_EDGE('',*,*,#331,.T.);
#86=ORIENTED_EDGE('',*,*,#330,.F.);
#87=ORIENTED_EDGE('',*,*,#332,.T.);
#88=ORIENTED_EDGE('',*,*,#333,.F.);
#89=ORIENTED_EDGE('',*,*,#334,.T.);
#90=ORIENTED_EDGE('',*,*,#333,.T.);
#91=ORIENTED_EDGE('',*,*,#335,.F.);
#92=ORIENTED_EDGE('',*,*,#336,.F.);
#93=ORIENTED_EDGE('',*,*,#337,.T.);
#94=ORIENTED_EDGE('',*,*,#338,.T.);
#95=ORIENTED_EDGE('',*,*,#336,.T.);
#96=ORIENTED_EDGE('',*,*,#339,.T.);
#97=ORIENTED_EDGE('',*,*,#340,.T.);
#98=ORIENTED_EDGE('',*,*,#341,.T.);
#99=ORIENTED_EDGE('',*,*,#342,.F.);
#100=ORIENTED_EDGE('',*,*,#340,.F.);
#101=ORIENTED_EDGE('',*,*,#343,.T.);
#102=ORIENTED_EDGE('',*,*,#344,.T.);
#103=ORIENTED_EDGE('',*,*,#345,.T.);
#104=ORIENTED_EDGE('',*,*,#346,.T.);
#105=ORIENTED_EDGE('',*,*,#341,.F.);
#106=ORIENTED_EDGE('',*,*,#345,.F.);
#107=ORIENTED_EDGE('',*,*,#347,.F.);
#108=ORIENTED_EDGE('',*,*,#348,.T.);
#109=ORIENTED_EDGE('',*,*,#349,.F.);
#110=ORIENTED_EDGE('',*,*,#348,.F.);
#111=ORIENTED_EDGE('',*,*,#350,.F.);
#112=ORIENTED_EDGE('',*,*,#351,.T.);
#113=ORIENTED_EDGE('',*,*,#352,.T.);
#114=ORIENTED_EDGE('',*,*,#353,.F.);
#115=ORIENTED_EDGE('',*,*,#351,.F.);
#116=ORIENTED_EDGE('',*,*,#354,.F.);
#117=ORIENTED_EDGE('',*,*,#355,.F.);
#118=ORIENTED_EDGE('',*,*,#356,.F.);
#119=ORIENTED_EDGE('',*,*,#357,.F.);
#120=ORIENTED_EDGE('',*,*,#355,.T.);
#121=ORIENTED_EDGE('',*,*,#358,.T.);
#122=ORIENTED_EDGE('',*,*,#359,.T.);
#123=ORIENTED_EDGE('',*,*,#360,.F.);
#124=ORIENTED_EDGE('',*,*,#356,.T.);
#125=ORIENTED_EDGE('',*,*,#361,.F.);
#126=ORIENTED_EDGE('',*,*,#362,.T.);
#127=ORIENTED_EDGE('',*,*,#363,.F.);
#128=ORIENTED_EDGE('',*,*,#359,.F.);
#129=ORIENTED_EDGE('',*,*,#364,.F.);
#130=ORIENTED_EDGE('',*,*,#365,.T.);
#131=ORIENTED_EDGE('',*,*,#362,.F.);
#132=ORIENTED_EDGE('',*,*,#366,.F.);
#133=ORIENTED_EDGE('',*,*,#367,.T.);
#134=ORIENTED_EDGE('',*,*,#368,.T.);
#135=ORIENTED_EDGE('',*,*,#367,.F.);
#136=ORIENTED_EDGE('',*,*,#369,.T.);
#137=ORIENTED_EDGE('',*,*,#370,.T.);
#138=ORIENTED_EDGE('',*,*,#370,.F.);
#139=ORIENTED_EDGE('',*,*,#371,.T.);
#140=ORIENTED_EDGE('',*,*,#372,.F.);
#141=ORIENTED_EDGE('',*,*,#373,.T.);
#142=ORIENTED_EDGE('',*,*,#372,.T.);
#143=ORIENTED_EDGE('',*,*,#374,.F.);
#144=ORIENTED_EDGE('',*,*,#375,.F.);
#145=ORIENTED_EDGE('',*,*,#376,.T.);
#146=ORIENTED_EDGE('',*,*,#377,.T.);
#147=ORIENTED_EDGE('',*,*,#375,.T.);
#148=ORIENTED_EDGE('',*,*,#378,.T.);
#149=ORIENTED_EDGE('',*,*,#379,.T.);
#150=ORIENTED_EDGE('',*,*,#346,.F.);
#151=ORIENTED_EDGE('',*,*,#349,.T.);
#152=ORIENTED_EDGE('',*,*,#352,.F.);
#153=ORIENTED_EDGE('',*,*,#353,.T.);
#154=ORIENTED_EDGE('',*,*,#357,.T.);
#155=ORIENTED_EDGE('',*,*,#360,.T.);
#156=ORIENTED_EDGE('',*,*,#363,.T.);
#157=ORIENTED_EDGE('',*,*,#365,.F.);
#158=ORIENTED_EDGE('',*,*,#368,.F.);
#159=ORIENTED_EDGE('',*,*,#373,.F.);
#160=ORIENTED_EDGE('',*,*,#376,.F.);
#161=ORIENTED_EDGE('',*,*,#377,.F.);
#162=ORIENTED_EDGE('',*,*,#380,.T.);
#163=ORIENTED_EDGE('',*,*,#381,.F.);
#164=ORIENTED_EDGE('',*,*,#382,.T.);
#165=ORIENTED_EDGE('',*,*,#383,.T.);
#166=ORIENTED_EDGE('',*,*,#307,.F.);
#167=ORIENTED_EDGE('',*,*,#309,.T.);
#168=ORIENTED_EDGE('',*,*,#313,.F.);
#169=ORIENTED_EDGE('',*,*,#314,.T.);
#170=ORIENTED_EDGE('',*,*,#318,.T.);
#171=ORIENTED_EDGE('',*,*,#321,.T.);
#172=ORIENTED_EDGE('',*,*,#323,.T.);
#173=ORIENTED_EDGE('',*,*,#326,.T.);
#174=ORIENTED_EDGE('',*,*,#331,.F.);
#175=ORIENTED_EDGE('',*,*,#334,.F.);
#176=ORIENTED_EDGE('',*,*,#337,.F.);
#177=ORIENTED_EDGE('',*,*,#338,.F.);
#178=ORIENTED_EDGE('',*,*,#342,.T.);
#179=ORIENTED_EDGE('',*,*,#384,.F.);
#180=ORIENTED_EDGE('',*,*,#385,.T.);
#181=ORIENTED_EDGE('',*,*,#386,.T.);
#182=ORIENTED_EDGE('',*,*,#382,.F.);
#183=ORIENTED_EDGE('',*,*,#387,.T.);
#184=ORIENTED_EDGE('',*,*,#388,.F.);
#185=ORIENTED_EDGE('',*,*,#389,.T.);
#186=ORIENTED_EDGE('',*,*,#390,.F.);
#187=ORIENTED_EDGE('',*,*,#391,.F.);
#188=ORIENTED_EDGE('',*,*,#378,.F.);
#189=ORIENTED_EDGE('',*,*,#374,.T.);
#190=ORIENTED_EDGE('',*,*,#371,.F.);
#191=ORIENTED_EDGE('',*,*,#369,.F.);
#192=ORIENTED_EDGE('',*,*,#366,.T.);
#193=ORIENTED_EDGE('',*,*,#364,.T.);
#194=ORIENTED_EDGE('',*,*,#361,.T.);
#195=ORIENTED_EDGE('',*,*,#358,.F.);
#196=ORIENTED_EDGE('',*,*,#354,.T.);
#197=ORIENTED_EDGE('',*,*,#350,.T.);
#198=ORIENTED_EDGE('',*,*,#347,.T.);
#199=ORIENTED_EDGE('',*,*,#344,.F.);
#200=ORIENTED_EDGE('',*,*,#343,.F.);
#201=ORIENTED_EDGE('',*,*,#339,.F.);
#202=ORIENTED_EDGE('',*,*,#335,.T.);
#203=ORIENTED_EDGE('',*,*,#332,.F.);
#204=ORIENTED_EDGE('',*,*,#329,.F.);
#205=ORIENTED_EDGE('',*,*,#327,.F.);
#206=ORIENTED_EDGE('',*,*,#324,.T.);
#207=ORIENTED_EDGE('',*,*,#322,.T.);
#208=ORIENTED_EDGE('',*,*,#319,.F.);
#209=ORIENTED_EDGE('',*,*,#315,.T.);
#210=ORIENTED_EDGE('',*,*,#311,.T.);
#211=ORIENTED_EDGE('',*,*,#310,.T.);
#212=ORIENTED_EDGE('',*,*,#305,.T.);
#213=ORIENTED_EDGE('',*,*,#392,.T.);
#214=ORIENTED_EDGE('',*,*,#380,.F.);
#215=ORIENTED_EDGE('',*,*,#379,.F.);
#216=ORIENTED_EDGE('',*,*,#391,.T.);
#217=ORIENTED_EDGE('',*,*,#392,.F.);
#218=ORIENTED_EDGE('',*,*,#390,.T.);
#219=ORIENTED_EDGE('',*,*,#393,.T.);
#220=ORIENTED_EDGE('',*,*,#384,.T.);
#221=ORIENTED_EDGE('',*,*,#381,.T.);
#222=ORIENTED_EDGE('',*,*,#385,.F.);
#223=ORIENTED_EDGE('',*,*,#394,.T.);
#224=ORIENTED_EDGE('',*,*,#395,.F.);
#225=ORIENTED_EDGE('',*,*,#396,.T.);
#226=ORIENTED_EDGE('',*,*,#397,.T.);
#227=ORIENTED_EDGE('',*,*,#398,.T.);
#228=ORIENTED_EDGE('',*,*,#399,.F.);
#229=ORIENTED_EDGE('',*,*,#400,.F.);
#230=ORIENTED_EDGE('',*,*,#401,.F.);
#231=ORIENTED_EDGE('',*,*,#402,.F.);
#232=ORIENTED_EDGE('',*,*,#403,.T.);
#233=ORIENTED_EDGE('',*,*,#404,.F.);
#234=ORIENTED_EDGE('',*,*,#405,.T.);
#235=ORIENTED_EDGE('',*,*,#406,.F.);
#236=ORIENTED_EDGE('',*,*,#386,.F.);
#237=ORIENTED_EDGE('',*,*,#406,.T.);
#238=ORIENTED_EDGE('',*,*,#407,.T.);
#239=ORIENTED_EDGE('',*,*,#408,.F.);
#240=ORIENTED_EDGE('',*,*,#409,.F.);
#241=ORIENTED_EDGE('',*,*,#387,.F.);
#242=ORIENTED_EDGE('',*,*,#304,.T.);
#243=ORIENTED_EDGE('',*,*,#383,.F.);
#244=ORIENTED_EDGE('',*,*,#410,.F.);
#245=ORIENTED_EDGE('',*,*,#388,.T.);
#246=ORIENTED_EDGE('',*,*,#409,.T.);
#247=ORIENTED_EDGE('',*,*,#411,.F.);
#248=ORIENTED_EDGE('',*,*,#389,.F.);
#249=ORIENTED_EDGE('',*,*,#410,.T.);
#250=ORIENTED_EDGE('',*,*,#412,.T.);
#251=ORIENTED_EDGE('',*,*,#413,.T.);
#252=ORIENTED_EDGE('',*,*,#394,.F.);
#253=ORIENTED_EDGE('',*,*,#393,.F.);
#254=ORIENTED_EDGE('',*,*,#414,.F.);
#255=ORIENTED_EDGE('',*,*,#415,.T.);
#256=ORIENTED_EDGE('',*,*,#416,.F.);
#257=ORIENTED_EDGE('',*,*,#417,.T.);
#258=ORIENTED_EDGE('',*,*,#418,.T.);
#259=ORIENTED_EDGE('',*,*,#412,.F.);
#260=ORIENTED_EDGE('',*,*,#411,.T.);
#261=ORIENTED_EDGE('',*,*,#408,.T.);
#262=ORIENTED_EDGE('',*,*,#418,.F.);
#263=ORIENTED_EDGE('',*,*,#419,.T.);
#264=ORIENTED_EDGE('',*,*,#403,.F.);
#265=ORIENTED_EDGE('',*,*,#420,.T.);
#266=ORIENTED_EDGE('',*,*,#421,.T.);
#267=ORIENTED_EDGE('',*,*,#422,.T.);
#268=ORIENTED_EDGE('',*,*,#399,.T.);
#269=ORIENTED_EDGE('',*,*,#423,.F.);
#270=ORIENTED_EDGE('',*,*,#424,.F.);
#271=ORIENTED_EDGE('',*,*,#425,.F.);
#272=ORIENTED_EDGE('',*,*,#395,.T.);
#273=ORIENTED_EDGE('',*,*,#413,.F.);
#274=ORIENTED_EDGE('',*,*,#405,.F.);
#275=ORIENTED_EDGE('',*,*,#426,.T.);
#276=ORIENTED_EDGE('',*,*,#416,.T.);
#277=ORIENTED_EDGE('',*,*,#407,.F.);
#278=ORIENTED_EDGE('',*,*,#424,.T.);
#279=ORIENTED_EDGE('',*,*,#427,.F.);
#280=ORIENTED_EDGE('',*,*,#397,.F.);
#281=ORIENTED_EDGE('',*,*,#428,.F.);
#282=ORIENTED_EDGE('',*,*,#414,.T.);
#283=ORIENTED_EDGE('',*,*,#425,.T.);
#284=ORIENTED_EDGE('',*,*,#428,.T.);
#285=ORIENTED_EDGE('',*,*,#396,.F.);
#286=ORIENTED_EDGE('',*,*,#423,.T.);
#287=ORIENTED_EDGE('',*,*,#398,.F.);
#288=ORIENTED_EDGE('',*,*,#427,.T.);
#289=ORIENTED_EDGE('',*,*,#421,.F.);
#290=ORIENTED_EDGE('',*,*,#429,.T.);
#291=ORIENTED_EDGE('',*,*,#401,.T.);
#292=ORIENTED_EDGE('',*,*,#430,.T.);
#293=ORIENTED_EDGE('',*,*,#415,.F.);
#294=ORIENTED_EDGE('',*,*,#422,.F.);
#295=ORIENTED_EDGE('',*,*,#430,.F.);
#296=ORIENTED_EDGE('',*,*,#400,.T.);
#297=ORIENTED_EDGE('',*,*,#420,.F.);
#298=ORIENTED_EDGE('',*,*,#402,.T.);
#299=ORIENTED_EDGE('',*,*,#429,.F.);
#300=ORIENTED_EDGE('',*,*,#417,.F.);
#301=ORIENTED_EDGE('',*,*,#426,.F.);
#302=ORIENTED_EDGE('',*,*,#404,.T.);
#303=ORIENTED_EDGE('',*,*,#419,.F.);
#304=EDGE_CURVE('',#431,#432,#516,.T.);
#305=EDGE_CURVE('',#433,#431,#517,.T.);
#306=EDGE_CURVE('',#433,#434,#518,.T.);
#307=EDGE_CURVE('',#434,#432,#519,.T.);
#308=EDGE_CURVE('',#435,#436,#520,.T.);
#309=EDGE_CURVE('',#434,#436,#521,.T.);
#310=EDGE_CURVE('',#435,#433,#522,.T.);
#311=EDGE_CURVE('',#437,#435,#523,.T.);
#312=EDGE_CURVE('',#437,#438,#524,.T.);
#313=EDGE_CURVE('',#438,#436,#525,.T.);
#314=EDGE_CURVE('',#438,#439,#526,.T.);
#315=EDGE_CURVE('',#440,#437,#527,.T.);
#316=EDGE_CURVE('',#439,#440,#528,.T.);
#317=EDGE_CURVE('',#441,#442,#529,.T.);
#318=EDGE_CURVE('',#439,#441,#530,.T.);
#319=EDGE_CURVE('',#440,#442,#531,.T.);
#320=EDGE_CURVE('',#443,#444,#532,.T.);
#321=EDGE_CURVE('',#441,#444,#533,.T.);
#322=EDGE_CURVE('',#443,#442,#534,.T.);
#323=EDGE_CURVE('',#444,#445,#535,.T.);
#324=EDGE_CURVE('',#446,#443,#536,.T.);
#325=EDGE_CURVE('',#446,#445,#537,.F.);
#326=EDGE_CURVE('',#445,#447,#40,.F.);
#327=EDGE_CURVE('',#446,#448,#41,.T.);
#328=EDGE_CURVE('',#448,#447,#538,.F.);
#329=EDGE_CURVE('',#448,#449,#539,.T.);
#330=EDGE_CURVE('',#449,#450,#540,.T.);
#331=EDGE_CURVE('',#450,#447,#541,.T.);
#332=EDGE_CURVE('',#449,#451,#542,.T.);
#333=EDGE_CURVE('',#452,#451,#543,.T.);
#334=EDGE_CURVE('',#452,#450,#544,.T.);
#335=EDGE_CURVE('',#453,#451,#545,.T.);
#336=EDGE_CURVE('',#454,#453,#546,.T.);
#337=EDGE_CURVE('',#454,#452,#547,.T.);
#338=EDGE_CURVE('',#455,#454,#548,.T.);
#339=EDGE_CURVE('',#453,#456,#549,.T.);
#340=EDGE_CURVE('',#456,#455,#550,.T.);
#341=EDGE_CURVE('',#457,#458,#551,.T.);
#342=EDGE_CURVE('',#455,#458,#552,.T.);
#343=EDGE_CURVE('',#456,#457,#553,.T.);
#344=EDGE_CURVE('',#457,#459,#554,.T.);
#345=EDGE_CURVE('',#459,#460,#555,.T.);
#346=EDGE_CURVE('',#460,#458,#556,.T.);
#347=EDGE_CURVE('',#461,#459,#557,.T.);
#348=EDGE_CURVE('',#461,#462,#558,.T.);
#349=EDGE_CURVE('',#460,#462,#559,.T.);
#350=EDGE_CURVE('',#463,#461,#560,.T.);
#351=EDGE_CURVE('',#463,#464,#561,.T.);
#352=EDGE_CURVE('',#464,#462,#562,.T.);
#353=EDGE_CURVE('',#464,#465,#563,.T.);
#354=EDGE_CURVE('',#466,#463,#564,.T.);
#355=EDGE_CURVE('',#465,#466,#565,.T.);
#356=EDGE_CURVE('',#467,#468,#566,.T.);
#357=EDGE_CURVE('',#465,#467,#567,.T.);
#358=EDGE_CURVE('',#466,#468,#568,.T.);
#359=EDGE_CURVE('',#469,#470,#569,.T.);
#360=EDGE_CURVE('',#467,#470,#570,.T.);
#361=EDGE_CURVE('',#469,#468,#571,.T.);
#362=EDGE_CURVE('',#471,#472,#572,.F.);
#363=EDGE_CURVE('',#470,#472,#573,.T.);
#364=EDGE_CURVE('',#471,#469,#574,.T.);
#365=EDGE_CURVE('',#473,#472,#42,.F.);
#366=EDGE_CURVE('',#474,#471,#43,.T.);
#367=EDGE_CURVE('',#474,#473,#575,.F.);
#368=EDGE_CURVE('',#475,#473,#576,.T.);
#369=EDGE_CURVE('',#474,#476,#577,.T.);
#370=EDGE_CURVE('',#476,#475,#578,.T.);
#371=EDGE_CURVE('',#476,#477,#579,.T.);
#372=EDGE_CURVE('',#478,#477,#580,.T.);
#373=EDGE_CURVE('',#478,#475,#581,.T.);
#374=EDGE_CURVE('',#479,#477,#582,.T.);
#375=EDGE_CURVE('',#480,#479,#583,.T.);
#376=EDGE_CURVE('',#480,#478,#584,.T.);
#377=EDGE_CURVE('',#481,#480,#585,.T.);
#378=EDGE_CURVE('',#479,#482,#586,.T.);
#379=EDGE_CURVE('',#482,#481,#587,.T.);
#380=EDGE_CURVE('',#481,#483,#588,.T.);
#381=EDGE_CURVE('',#484,#483,#589,.T.);
#382=EDGE_CURVE('',#484,#485,#590,.T.);
#383=EDGE_CURVE('',#485,#432,#591,.T.);
#384=EDGE_CURVE('',#486,#484,#592,.T.);
#385=EDGE_CURVE('',#486,#487,#593,.T.);
#386=EDGE_CURVE('',#487,#485,#594,.T.);
#387=EDGE_CURVE('',#431,#488,#595,.T.);
#388=EDGE_CURVE('',#489,#488,#596,.T.);
#389=EDGE_CURVE('',#489,#490,#597,.T.);
#390=EDGE_CURVE('',#491,#490,#598,.T.);
#391=EDGE_CURVE('',#482,#491,#599,.T.);
#392=EDGE_CURVE('',#491,#483,#600,.T.);
#393=EDGE_CURVE('',#490,#486,#601,.T.);
#394=EDGE_CURVE('',#486,#492,#602,.T.);
#395=EDGE_CURVE('',#493,#492,#603,.T.);
#396=EDGE_CURVE('',#493,#494,#32,.T.);
#397=EDGE_CURVE('',#494,#495,#22,.T.);
#398=EDGE_CURVE('',#495,#496,#33,.T.);
#399=EDGE_CURVE('',#497,#496,#604,.T.);
#400=EDGE_CURVE('',#498,#497,#34,.T.);
#401=EDGE_CURVE('',#499,#498,#23,.T.);
#402=EDGE_CURVE('',#500,#499,#35,.T.);
#403=EDGE_CURVE('',#500,#501,#605,.T.);
#404=EDGE_CURVE('',#502,#501,#606,.T.);
#405=EDGE_CURVE('',#502,#503,#607,.T.);
#406=EDGE_CURVE('',#487,#503,#608,.T.);
#407=EDGE_CURVE('',#503,#504,#609,.T.);
#408=EDGE_CURVE('',#505,#504,#610,.T.);
#409=EDGE_CURVE('',#488,#505,#611,.T.);
#410=EDGE_CURVE('',#489,#506,#612,.T.);
#411=EDGE_CURVE('',#506,#505,#613,.T.);
#412=EDGE_CURVE('',#506,#507,#614,.T.);
#413=EDGE_CURVE('',#507,#492,#615,.T.);
#414=EDGE_CURVE('',#508,#508,#24,.T.);
#415=EDGE_CURVE('',#509,#509,#25,.T.);
#416=EDGE_CURVE('',#510,#504,#616,.T.);
#417=EDGE_CURVE('',#510,#511,#617,.T.);
#418=EDGE_CURVE('',#511,#507,#618,.T.);
#419=EDGE_CURVE('',#511,#501,#619,.T.);
#420=EDGE_CURVE('',#500,#512,#36,.T.);
#421=EDGE_CURVE('',#512,#513,#26,.T.);
#422=EDGE_CURVE('',#513,#497,#37,.T.);
#423=EDGE_CURVE('',#514,#496,#38,.T.);
#424=EDGE_CURVE('',#515,#514,#27,.T.);
#425=EDGE_CURVE('',#493,#515,#39,.T.);
#426=EDGE_CURVE('',#502,#510,#620,.T.);
#427=EDGE_CURVE('',#495,#514,#28,.F.);
#428=EDGE_CURVE('',#515,#494,#29,.F.);
#429=EDGE_CURVE('',#512,#499,#30,.F.);
#430=EDGE_CURVE('',#498,#513,#31,.F.);
#431=VERTEX_POINT('',#1187);
#432=VERTEX_POINT('',#1188);
#433=VERTEX_POINT('',#1190);
#434=VERTEX_POINT('',#1192);
#435=VERTEX_POINT('',#1196);
#436=VERTEX_POINT('',#1197);
#437=VERTEX_POINT('',#1202);
#438=VERTEX_POINT('',#1204);
#439=VERTEX_POINT('',#1208);
#440=VERTEX_POINT('',#1210);
#441=VERTEX_POINT('',#1214);
#442=VERTEX_POINT('',#1215);
#443=VERTEX_POINT('',#1220);
#444=VERTEX_POINT('',#1221);
#445=VERTEX_POINT('',#1226);
#446=VERTEX_POINT('',#1228);
#447=VERTEX_POINT('',#1232);
#448=VERTEX_POINT('',#1234);
#449=VERTEX_POINT('',#1238);
#450=VERTEX_POINT('',#1240);
#451=VERTEX_POINT('',#1244);
#452=VERTEX_POINT('',#1246);
#453=VERTEX_POINT('',#1250);
#454=VERTEX_POINT('',#1252);
#455=VERTEX_POINT('',#1256);
#456=VERTEX_POINT('',#1258);
#457=VERTEX_POINT('',#1262);
#458=VERTEX_POINT('',#1263);
#459=VERTEX_POINT('',#1268);
#460=VERTEX_POINT('',#1270);
#461=VERTEX_POINT('',#1274);
#462=VERTEX_POINT('',#1276);
#463=VERTEX_POINT('',#1280);
#464=VERTEX_POINT('',#1282);
#465=VERTEX_POINT('',#1286);
#466=VERTEX_POINT('',#1288);
#467=VERTEX_POINT('',#1292);
#468=VERTEX_POINT('',#1293);
#469=VERTEX_POINT('',#1298);
#470=VERTEX_POINT('',#1299);
#471=VERTEX_POINT('',#1304);
#472=VERTEX_POINT('',#1305);
#473=VERTEX_POINT('',#1310);
#474=VERTEX_POINT('',#1312);
#475=VERTEX_POINT('',#1316);
#476=VERTEX_POINT('',#1318);
#477=VERTEX_POINT('',#1322);
#478=VERTEX_POINT('',#1324);
#479=VERTEX_POINT('',#1328);
#480=VERTEX_POINT('',#1330);
#481=VERTEX_POINT('',#1334);
#482=VERTEX_POINT('',#1336);
#483=VERTEX_POINT('',#1340);
#484=VERTEX_POINT('',#1342);
#485=VERTEX_POINT('',#1344);
#486=VERTEX_POINT('',#1348);
#487=VERTEX_POINT('',#1350);
#488=VERTEX_POINT('',#1354);
#489=VERTEX_POINT('',#1356);
#490=VERTEX_POINT('',#1358);
#491=VERTEX_POINT('',#1360);
#492=VERTEX_POINT('',#1368);
#493=VERTEX_POINT('',#1370);
#494=VERTEX_POINT('',#1372);
#495=VERTEX_POINT('',#1384);
#496=VERTEX_POINT('',#1386);
#497=VERTEX_POINT('',#1388);
#498=VERTEX_POINT('',#1390);
#499=VERTEX_POINT('',#1402);
#500=VERTEX_POINT('',#1404);
#501=VERTEX_POINT('',#1406);
#502=VERTEX_POINT('',#1408);
#503=VERTEX_POINT('',#1410);
#504=VERTEX_POINT('',#1414);
#505=VERTEX_POINT('',#1416);
#506=VERTEX_POINT('',#1420);
#507=VERTEX_POINT('',#1424);
#508=VERTEX_POINT('',#1462);
#509=VERTEX_POINT('',#1498);
#510=VERTEX_POINT('',#1500);
#511=VERTEX_POINT('',#1502);
#512=VERTEX_POINT('',#1507);
#513=VERTEX_POINT('',#1523);
#514=VERTEX_POINT('',#1526);
#515=VERTEX_POINT('',#1542);
#516=LINE('',#1186,#621);
#517=LINE('',#1189,#622);
#518=LINE('',#1191,#623);
#519=LINE('',#1193,#624);
#520=LINE('',#1195,#625);
#521=LINE('',#1198,#626);
#522=LINE('',#1199,#627);
#523=LINE('',#1201,#628);
#524=LINE('',#1203,#629);
#525=LINE('',#1205,#630);
#526=LINE('',#1207,#631);
#527=LINE('',#1209,#632);
#528=LINE('',#1211,#633);
#529=LINE('',#1213,#634);
#530=LINE('',#1216,#635);
#531=LINE('',#1217,#636);
#532=LINE('',#1219,#637);
#533=LINE('',#1222,#638);
#534=LINE('',#1223,#639);
#535=LINE('',#1225,#640);
#536=LINE('',#1227,#641);
#537=LINE('',#1229,#642);
#538=LINE('',#1235,#643);
#539=LINE('',#1237,#644);
#540=LINE('',#1239,#645);
#541=LINE('',#1241,#646);
#542=LINE('',#1243,#647);
#543=LINE('',#1245,#648);
#544=LINE('',#1247,#649);
#545=LINE('',#1249,#650);
#546=LINE('',#1251,#651);
#547=LINE('',#1253,#652);
#548=LINE('',#1255,#653);
#549=LINE('',#1257,#654);
#550=LINE('',#1259,#655);
#551=LINE('',#1261,#656);
#552=LINE('',#1264,#657);
#553=LINE('',#1265,#658);
#554=LINE('',#1267,#659);
#555=LINE('',#1269,#660);
#556=LINE('',#1271,#661);
#557=LINE('',#1273,#662);
#558=LINE('',#1275,#663);
#559=LINE('',#1277,#664);
#560=LINE('',#1279,#665);
#561=LINE('',#1281,#666);
#562=LINE('',#1283,#667);
#563=LINE('',#1285,#668);
#564=LINE('',#1287,#669);
#565=LINE('',#1289,#670);
#566=LINE('',#1291,#671);
#567=LINE('',#1294,#672);
#568=LINE('',#1295,#673);
#569=LINE('',#1297,#674);
#570=LINE('',#1300,#675);
#571=LINE('',#1301,#676);
#572=LINE('',#1303,#677);
#573=LINE('',#1306,#678);
#574=LINE('',#1307,#679);
#575=LINE('',#1313,#680);
#576=LINE('',#1315,#681);
#577=LINE('',#1317,#682);
#578=LINE('',#1319,#683);
#579=LINE('',#1321,#684);
#580=LINE('',#1323,#685);
#581=LINE('',#1325,#686);
#582=LINE('',#1327,#687);
#583=LINE('',#1329,#688);
#584=LINE('',#1331,#689);
#585=LINE('',#1333,#690);
#586=LINE('',#1335,#691);
#587=LINE('',#1337,#692);
#588=LINE('',#1339,#693);
#589=LINE('',#1341,#694);
#590=LINE('',#1343,#695);
#591=LINE('',#1345,#696);
#592=LINE('',#1347,#697);
#593=LINE('',#1349,#698);
#594=LINE('',#1351,#699);
#595=LINE('',#1353,#700);
#596=LINE('',#1355,#701);
#597=LINE('',#1357,#702);
#598=LINE('',#1359,#703);
#599=LINE('',#1361,#704);
#600=LINE('',#1363,#705);
#601=LINE('',#1365,#706);
#602=LINE('',#1367,#707);
#603=LINE('',#1369,#708);
#604=LINE('',#1387,#709);
#605=LINE('',#1405,#710);
#606=LINE('',#1407,#711);
#607=LINE('',#1409,#712);
#608=LINE('',#1411,#713);
#609=LINE('',#1413,#714);
#610=LINE('',#1415,#715);
#611=LINE('',#1417,#716);
#612=LINE('',#1419,#717);
#613=LINE('',#1421,#718);
#614=LINE('',#1423,#719);
#615=LINE('',#1425,#720);
#616=LINE('',#1499,#721);
#617=LINE('',#1501,#722);
#618=LINE('',#1503,#723);
#619=LINE('',#1505,#724);
#620=LINE('',#1545,#725);
#621=VECTOR('',#973,1000.);
#622=VECTOR('',#974,1000.);
#623=VECTOR('',#975,1000.);
#624=VECTOR('',#976,1000.);
#625=VECTOR('',#979,1000.);
#626=VECTOR('',#980,1000.);
#627=VECTOR('',#981,1000.);
#628=VECTOR('',#984,1000.);
#629=VECTOR('',#985,1000.);
#630=VECTOR('',#986,1000.);
#631=VECTOR('',#989,1000.);
#632=VECTOR('',#990,1000.);
#633=VECTOR('',#991,1000.);
#634=VECTOR('',#994,1000.);
#635=VECTOR('',#995,1000.);
#636=VECTOR('',#996,1000.);
#637=VECTOR('',#999,1000.);
#638=VECTOR('',#1000,1000.);
#639=VECTOR('',#1001,1000.);
#640=VECTOR('',#1004,1000.);
#641=VECTOR('',#1005,1000.);
#642=VECTOR('',#1006,1000.);
#643=VECTOR('',#1013,1000.);
#644=VECTOR('',#1016,1000.);
#645=VECTOR('',#1017,1000.);
#646=VECTOR('',#1018,1000.);
#647=VECTOR('',#1021,1000.);
#648=VECTOR('',#1022,1000.);
#649=VECTOR('',#1023,1000.);
#650=VECTOR('',#1026,1000.);
#651=VECTOR('',#1027,1000.);
#652=VECTOR('',#1028,1000.);
#653=VECTOR('',#1031,1000.);
#654=VECTOR('',#1032,1000.);
#655=VECTOR('',#1033,1000.);
#656=VECTOR('',#1036,1000.);
#657=VECTOR('',#1037,1000.);
#658=VECTOR('',#1038,1000.);
#659=VECTOR('',#1041,1000.);
#660=VECTOR('',#1042,1000.);
#661=VECTOR('',#1043,1000.);
#662=VECTOR('',#1046,1000.);
#663=VECTOR('',#1047,1000.);
#664=VECTOR('',#1048,1000.);
#665=VECTOR('',#1051,1000.);
#666=VECTOR('',#1052,1000.);
#667=VECTOR('',#1053,1000.);
#668=VECTOR('',#1056,1000.);
#669=VECTOR('',#1057,1000.);
#670=VECTOR('',#1058,1000.);
#671=VECTOR('',#1061,1000.);
#672=VECTOR('',#1062,1000.);
#673=VECTOR('',#1063,1000.);
#674=VECTOR('',#1066,1000.);
#675=VECTOR('',#1067,1000.);
#676=VECTOR('',#1068,1000.);
#677=VECTOR('',#1071,1000.);
#678=VECTOR('',#1072,1000.);
#679=VECTOR('',#1073,1000.);
#680=VECTOR('',#1080,1000.);
#681=VECTOR('',#1083,1000.);
#682=VECTOR('',#1084,1000.);
#683=VECTOR('',#1085,1000.);
#684=VECTOR('',#1088,1000.);
#685=VECTOR('',#1089,1000.);
#686=VECTOR('',#1090,1000.);
#687=VECTOR('',#1093,1000.);
#688=VECTOR('',#1094,1000.);
#689=VECTOR('',#1095,1000.);
#690=VECTOR('',#1098,1000.);
#691=VECTOR('',#1099,1000.);
#692=VECTOR('',#1100,1000.);
#693=VECTOR('',#1103,1000.);
#694=VECTOR('',#1104,1000.);
#695=VECTOR('',#1105,1000.);
#696=VECTOR('',#1106,1000.);
#697=VECTOR('',#1109,1000.);
#698=VECTOR('',#1110,1000.);
#699=VECTOR('',#1111,1000.);
#700=VECTOR('',#1114,1000.);
#701=VECTOR('',#1115,1000.);
#702=VECTOR('',#1116,1000.);
#703=VECTOR('',#1117,1000.);
#704=VECTOR('',#1118,1000.);
#705=VECTOR('',#1121,1000.);
#706=VECTOR('',#1124,1000.);
#707=VECTOR('',#1127,1000.);
#708=VECTOR('',#1128,1000.);
#709=VECTOR('',#1133,1000.);
#710=VECTOR('',#1138,1000.);
#711=VECTOR('',#1139,1000.);
#712=VECTOR('',#1140,1000.);
#713=VECTOR('',#1141,1000.);
#714=VECTOR('',#1144,1000.);
#715=VECTOR('',#1145,1000.);
#716=VECTOR('',#1146,1000.);
#717=VECTOR('',#1149,1000.);
#718=VECTOR('',#1150,1000.);
#719=VECTOR('',#1153,1000.);
#720=VECTOR('',#1154,1000.);
#721=VECTOR('',#1157,1000.);
#722=VECTOR('',#1158,1000.);
#723=VECTOR('',#1159,1000.);
#724=VECTOR('',#1162,1000.);
#725=VECTOR('',#1173,1000.);
#726=EDGE_LOOP('',(#50,#51,#52,#53));
#727=EDGE_LOOP('',(#54,#55,#56,#57));
#728=EDGE_LOOP('',(#58,#59,#60,#61));
#729=EDGE_LOOP('',(#62,#63,#64,#65));
#730=EDGE_LOOP('',(#66,#67,#68,#69));
#731=EDGE_LOOP('',(#70,#71,#72,#73));
#732=EDGE_LOOP('',(#74,#75,#76,#77));
#733=EDGE_LOOP('',(#78,#79,#80,#81));
#734=EDGE_LOOP('',(#82,#83,#84,#85));
#735=EDGE_LOOP('',(#86,#87,#88,#89));
#736=EDGE_LOOP('',(#90,#91,#92,#93));
#737=EDGE_LOOP('',(#94,#95,#96,#97));
#738=EDGE_LOOP('',(#98,#99,#100,#101));
#739=EDGE_LOOP('',(#102,#103,#104,#105));
#740=EDGE_LOOP('',(#106,#107,#108,#109));
#741=EDGE_LOOP('',(#110,#111,#112,#113));
#742=EDGE_LOOP('',(#114,#115,#116,#117));
#743=EDGE_LOOP('',(#118,#119,#120,#121));
#744=EDGE_LOOP('',(#122,#123,#124,#125));
#745=EDGE_LOOP('',(#126,#127,#128,#129));
#746=EDGE_LOOP('',(#130,#131,#132,#133));
#747=EDGE_LOOP('',(#134,#135,#136,#137));
#748=EDGE_LOOP('',(#138,#139,#140,#141));
#749=EDGE_LOOP('',(#142,#143,#144,#145));
#750=EDGE_LOOP('',(#146,#147,#148,#149));
#751=EDGE_LOOP('',(#150,#151,#152,#153,#154,#155,#156,#157,#158,#159,#160,
#161,#162,#163,#164,#165,#166,#167,#168,#169,#170,#171,#172,#173,#174,#175,
#176,#177,#178));
#752=EDGE_LOOP('',(#179,#180,#181,#182));
#753=EDGE_LOOP('',(#183,#184,#185,#186,#187,#188,#189,#190,#191,#192,#193,
#194,#195,#196,#197,#198,#199,#200,#201,#202,#203,#204,#205,#206,#207,#208,
#209,#210,#211,#212));
#754=EDGE_LOOP('',(#213,#214,#215,#216));
#755=EDGE_LOOP('',(#217,#218,#219,#220,#221));
#756=EDGE_LOOP('',(#222,#223,#224,#225,#226,#227,#228,#229,#230,#231,#232,
#233,#234,#235));
#757=EDGE_LOOP('',(#236,#237,#238,#239,#240,#241,#242,#243));
#758=EDGE_LOOP('',(#244,#245,#246,#247));
#759=EDGE_LOOP('',(#248,#249,#250,#251,#252,#253));
#760=EDGE_LOOP('',(#254));
#761=EDGE_LOOP('',(#255));
#762=EDGE_LOOP('',(#256,#257,#258,#259,#260,#261));
#763=EDGE_LOOP('',(#262,#263,#264,#265,#266,#267,#268,#269,#270,#271,#272,
#273));
#764=EDGE_LOOP('',(#274,#275,#276,#277));
#765=EDGE_LOOP('',(#278,#279,#280,#281));
#766=EDGE_LOOP('',(#282));
#767=EDGE_LOOP('',(#283,#284,#285));
#768=EDGE_LOOP('',(#286,#287,#288));
#769=EDGE_LOOP('',(#289,#290,#291,#292));
#770=EDGE_LOOP('',(#293));
#771=EDGE_LOOP('',(#294,#295,#296));
#772=EDGE_LOOP('',(#297,#298,#299));
#773=EDGE_LOOP('',(#300,#301,#302,#303));
#774=FACE_BOUND('',#726,.T.);
#775=FACE_BOUND('',#727,.T.);
#776=FACE_BOUND('',#728,.T.);
#777=FACE_BOUND('',#729,.T.);
#778=FACE_BOUND('',#730,.T.);
#779=FACE_BOUND('',#731,.T.);
#780=FACE_BOUND('',#732,.T.);
#781=FACE_BOUND('',#733,.T.);
#782=FACE_BOUND('',#734,.T.);
#783=FACE_BOUND('',#735,.T.);
#784=FACE_BOUND('',#736,.T.);
#785=FACE_BOUND('',#737,.T.);
#786=FACE_BOUND('',#738,.T.);
#787=FACE_BOUND('',#739,.T.);
#788=FACE_BOUND('',#740,.T.);
#789=FACE_BOUND('',#741,.T.);
#790=FACE_BOUND('',#742,.T.);
#791=FACE_BOUND('',#743,.T.);
#792=FACE_BOUND('',#744,.T.);
#793=FACE_BOUND('',#745,.T.);
#794=FACE_BOUND('',#746,.T.);
#795=FACE_BOUND('',#747,.T.);
#796=FACE_BOUND('',#748,.T.);
#797=FACE_BOUND('',#749,.T.);
#798=FACE_BOUND('',#750,.T.);
#799=FACE_BOUND('',#751,.T.);
#800=FACE_BOUND('',#752,.T.);
#801=FACE_BOUND('',#753,.T.);
#802=FACE_BOUND('',#754,.T.);
#803=FACE_BOUND('',#755,.T.);
#804=FACE_BOUND('',#756,.T.);
#805=FACE_BOUND('',#757,.T.);
#806=FACE_BOUND('',#758,.T.);
#807=FACE_BOUND('',#759,.T.);
#808=FACE_BOUND('',#760,.T.);
#809=FACE_BOUND('',#761,.T.);
#810=FACE_BOUND('',#762,.T.);
#811=FACE_BOUND('',#763,.T.);
#812=FACE_BOUND('',#764,.T.);
#813=FACE_BOUND('',#765,.T.);
#814=FACE_BOUND('',#766,.T.);
#815=FACE_BOUND('',#767,.T.);
#816=FACE_BOUND('',#768,.T.);
#817=FACE_BOUND('',#769,.T.);
#818=FACE_BOUND('',#770,.T.);
#819=FACE_BOUND('',#771,.T.);
#820=FACE_BOUND('',#772,.T.);
#821=FACE_BOUND('',#773,.T.);
#822=PLANE('',#915);
#823=PLANE('',#916);
#824=PLANE('',#917);
#825=PLANE('',#918);
#826=PLANE('',#919);
#827=PLANE('',#920);
#828=PLANE('',#921);
#829=PLANE('',#925);
#830=PLANE('',#926);
#831=PLANE('',#927);
#832=PLANE('',#928);
#833=PLANE('',#929);
#834=PLANE('',#930);
#835=PLANE('',#931);
#836=PLANE('',#932);
#837=PLANE('',#933);
#838=PLANE('',#934);
#839=PLANE('',#935);
#840=PLANE('',#936);
#841=PLANE('',#940);
#842=PLANE('',#941);
#843=PLANE('',#942);
#844=PLANE('',#943);
#845=PLANE('',#944);
#846=PLANE('',#945);
#847=PLANE('',#946);
#848=PLANE('',#947);
#849=PLANE('',#948);
#850=PLANE('',#949);
#851=PLANE('',#954);
#852=PLANE('',#955);
#853=PLANE('',#956);
#854=PLANE('',#957);
#855=PLANE('',#958);
#856=PLANE('',#963);
#857=PLANE('',#968);
#858=ADVANCED_FACE('',(#774),#822,.F.);
#859=ADVANCED_FACE('',(#775),#823,.T.);
#860=ADVANCED_FACE('',(#776),#824,.F.);
#861=ADVANCED_FACE('',(#777),#825,.F.);
#862=ADVANCED_FACE('',(#778),#826,.F.);
#863=ADVANCED_FACE('',(#779),#827,.T.);
#864=ADVANCED_FACE('',(#780),#828,.F.);
#865=ADVANCED_FACE('',(#781),#44,.F.);
#866=ADVANCED_FACE('',(#782),#829,.T.);
#867=ADVANCED_FACE('',(#783),#830,.T.);
#868=ADVANCED_FACE('',(#784),#831,.F.);
#869=ADVANCED_FACE('',(#785),#832,.F.);
#870=ADVANCED_FACE('',(#786),#833,.F.);
#871=ADVANCED_FACE('',(#787),#834,.T.);
#872=ADVANCED_FACE('',(#788),#835,.T.);
#873=ADVANCED_FACE('',(#789),#836,.F.);
#874=ADVANCED_FACE('',(#790),#837,.F.);
#875=ADVANCED_FACE('',(#791),#838,.F.);
#876=ADVANCED_FACE('',(#792),#839,.T.);
#877=ADVANCED_FACE('',(#793),#840,.T.);
#878=ADVANCED_FACE('',(#794),#45,.F.);
#879=ADVANCED_FACE('',(#795),#841,.F.);
#880=ADVANCED_FACE('',(#796),#842,.T.);
#881=ADVANCED_FACE('',(#797),#843,.F.);
#882=ADVANCED_FACE('',(#798),#844,.F.);
#883=ADVANCED_FACE('',(#799),#845,.F.);
#884=ADVANCED_FACE('',(#800),#846,.F.);
#885=ADVANCED_FACE('',(#801),#847,.F.);
#886=ADVANCED_FACE('',(#802),#848,.F.);
#887=ADVANCED_FACE('',(#803),#849,.T.);
#888=ADVANCED_FACE('',(#804),#850,.F.);
#889=ADVANCED_FACE('',(#805),#851,.T.);
#890=ADVANCED_FACE('',(#806),#852,.T.);
#891=ADVANCED_FACE('',(#807),#853,.F.);
#892=ADVANCED_FACE('',(#808,#809,#810),#854,.T.);
#893=ADVANCED_FACE('',(#811),#855,.T.);
#894=ADVANCED_FACE('',(#812),#856,.T.);
#895=ADVANCED_FACE('',(#813,#814),#20,.T.);
#896=ADVANCED_FACE('',(#815),#46,.F.);
#897=ADVANCED_FACE('',(#816),#47,.F.);
#898=ADVANCED_FACE('',(#817,#818),#21,.F.);
#899=ADVANCED_FACE('',(#819),#48,.F.);
#900=ADVANCED_FACE('',(#820),#49,.F.);
#901=ADVANCED_FACE('',(#821),#857,.T.);
#902=CLOSED_SHELL('',(#858,#859,#860,#861,#862,#863,#864,#865,#866,#867,
#868,#869,#870,#871,#872,#873,#874,#875,#876,#877,#878,#879,#880,#881,#882,
#883,#884,#885,#886,#887,#888,#889,#890,#891,#892,#893,#894,#895,#896,#897,
#898,#899,#900,#901));
#903=STYLED_ITEM('',(#904),#911);
#904=PRESENTATION_STYLE_ASSIGNMENT((#905));
#905=SURFACE_STYLE_USAGE(.BOTH.,#906);
#906=SURFACE_SIDE_STYLE('',(#907));
#907=SURFACE_STYLE_FILL_AREA(#908);
#908=FILL_AREA_STYLE('',(#909));
#909=FILL_AREA_STYLE_COLOUR('',#910);
#910=COLOUR_RGB('',0.506983280181885,0.531564235687256,0.550000011920929);
#911=MANIFOLD_SOLID_BREP('',#902);
#912=SHAPE_DEFINITION_REPRESENTATION(#1913,#913);
#913=SHAPE_REPRESENTATION('FlareHolder04',(#914),#1908);
#914=AXIS2_PLACEMENT_3D('',#1184,#969,#970);
#915=AXIS2_PLACEMENT_3D('',#1185,#971,#972);
#916=AXIS2_PLACEMENT_3D('',#1194,#977,#978);
#917=AXIS2_PLACEMENT_3D('',#1200,#982,#983);
#918=AXIS2_PLACEMENT_3D('',#1206,#987,#988);
#919=AXIS2_PLACEMENT_3D('',#1212,#992,#993);
#920=AXIS2_PLACEMENT_3D('',#1218,#997,#998);
#921=AXIS2_PLACEMENT_3D('',#1224,#1002,#1003);
#922=AXIS2_PLACEMENT_3D('',#1230,#1007,#1008);
#923=AXIS2_PLACEMENT_3D('',#1231,#1009,#1010);
#924=AXIS2_PLACEMENT_3D('',#1233,#1011,#1012);
#925=AXIS2_PLACEMENT_3D('',#1236,#1014,#1015);
#926=AXIS2_PLACEMENT_3D('',#1242,#1019,#1020);
#927=AXIS2_PLACEMENT_3D('',#1248,#1024,#1025);
#928=AXIS2_PLACEMENT_3D('',#1254,#1029,#1030);
#929=AXIS2_PLACEMENT_3D('',#1260,#1034,#1035);
#930=AXIS2_PLACEMENT_3D('',#1266,#1039,#1040);
#931=AXIS2_PLACEMENT_3D('',#1272,#1044,#1045);
#932=AXIS2_PLACEMENT_3D('',#1278,#1049,#1050);
#933=AXIS2_PLACEMENT_3D('',#1284,#1054,#1055);
#934=AXIS2_PLACEMENT_3D('',#1290,#1059,#1060);
#935=AXIS2_PLACEMENT_3D('',#1296,#1064,#1065);
#936=AXIS2_PLACEMENT_3D('',#1302,#1069,#1070);
#937=AXIS2_PLACEMENT_3D('',#1308,#1074,#1075);
#938=AXIS2_PLACEMENT_3D('',#1309,#1076,#1077);
#939=AXIS2_PLACEMENT_3D('',#1311,#1078,#1079);
#940=AXIS2_PLACEMENT_3D('',#1314,#1081,#1082);
#941=AXIS2_PLACEMENT_3D('',#1320,#1086,#1087);
#942=AXIS2_PLACEMENT_3D('',#1326,#1091,#1092);
#943=AXIS2_PLACEMENT_3D('',#1332,#1096,#1097);
#944=AXIS2_PLACEMENT_3D('',#1338,#1101,#1102);
#945=AXIS2_PLACEMENT_3D('',#1346,#1107,#1108);
#946=AXIS2_PLACEMENT_3D('',#1352,#1112,#1113);
#947=AXIS2_PLACEMENT_3D('',#1362,#1119,#1120);
#948=AXIS2_PLACEMENT_3D('',#1364,#1122,#1123);
#949=AXIS2_PLACEMENT_3D('',#1366,#1125,#1126);
#950=AXIS2_PLACEMENT_3D('',#1371,#1129,#1130);
#951=AXIS2_PLACEMENT_3D('',#1385,#1131,#1132);
#952=AXIS2_PLACEMENT_3D('',#1389,#1134,#1135);
#953=AXIS2_PLACEMENT_3D('',#1403,#1136,#1137);
#954=AXIS2_PLACEMENT_3D('',#1412,#1142,#1143);
#955=AXIS2_PLACEMENT_3D('',#1418,#1147,#1148);
#956=AXIS2_PLACEMENT_3D('',#1422,#1151,#1152);
#957=AXIS2_PLACEMENT_3D('',#1426,#1155,#1156);
#958=AXIS2_PLACEMENT_3D('',#1504,#1160,#1161);
#959=AXIS2_PLACEMENT_3D('',#1506,#1163,#1164);
#960=AXIS2_PLACEMENT_3D('',#1524,#1165,#1166);
#961=AXIS2_PLACEMENT_3D('',#1525,#1167,#1168);
#962=AXIS2_PLACEMENT_3D('',#1543,#1169,#1170);
#963=AXIS2_PLACEMENT_3D('',#1544,#1171,#1172);
#964=AXIS2_PLACEMENT_3D('',#1724,#1174,#1175);
#965=AXIS2_PLACEMENT_3D('',#1725,#1176,#1177);
#966=AXIS2_PLACEMENT_3D('',#1904,#1178,#1179);
#967=AXIS2_PLACEMENT_3D('',#1905,#1180,#1181);
#968=AXIS2_PLACEMENT_3D('',#1906,#1182,#1183);
#969=DIRECTION('',(0.,0.,1.));
#970=DIRECTION('',(1.,0.,0.));
#971=DIRECTION('',(1.,-9.79435009046908E-16,0.));
#972=DIRECTION('',(-9.79435009046908E-16,-1.,0.));
#973=DIRECTION('',(9.79435009046908E-16,1.,0.));
#974=DIRECTION('',(0.,0.,-1.));
#975=DIRECTION('',(9.79435009046908E-16,1.,1.01222204549026E-16));
#976=DIRECTION('',(0.,0.,-1.));
#977=DIRECTION('',(-0.573576436351046,4.78864466342807E-16,0.819152044288992));
#978=DIRECTION('',(-0.819152044288992,6.83889333107106E-16,-0.573576436351046));
#979=DIRECTION('',(8.94083147783112E-16,1.,4.14581878918865E-17));
#980=DIRECTION('',(0.819152044288992,-5.34460056943702E-16,0.573576436351046));
#981=DIRECTION('',(-0.819152044288992,4.22388099821148E-16,-0.573576436351046));
#982=DIRECTION('',(-1.,9.07154864214541E-16,0.));
#983=DIRECTION('',(9.07154864214541E-16,1.,0.));
#984=DIRECTION('',(0.,0.,1.));
#985=DIRECTION('',(9.07154864214541E-16,1.,0.));
#986=DIRECTION('',(0.,0.,1.));
#987=DIRECTION('',(0.,0.,-1.));
#988=DIRECTION('',(1.,-8.34874719382174E-16,0.));
#989=DIRECTION('',(1.,-8.34874719382174E-16,0.));
#990=DIRECTION('',(-1.,-3.24870186062295E-17,0.));
#991=DIRECTION('',(-0.0178301911750909,-0.999841029505521,0.));
#992=DIRECTION('',(0.999841029505521,-0.0178301911750909,0.));
#993=DIRECTION('',(-0.0178301911750909,-0.999841029505521,0.));
#994=DIRECTION('',(-0.0178301911750909,-0.999841029505521,0.));
#995=DIRECTION('',(0.,0.,1.));
#996=DIRECTION('',(0.,0.,1.));
#997=DIRECTION('',(0.,0.,1.));
#998=DIRECTION('',(-1.,8.34874719382174E-16,0.));
#999=DIRECTION('',(8.56153095946014E-16,1.,0.));
#1000=DIRECTION('',(1.,-6.85445443218769E-16,0.));
#1001=DIRECTION('',(-1.,5.73373486096216E-16,0.));
#1002=DIRECTION('',(-0.996194698091746,8.52895174936252E-16,0.0871557427476583));
#1003=DIRECTION('',(-0.0871557427476583,5.01967828957569E-17,-0.996194698091746));
#1004=DIRECTION('',(-0.0871557427476583,5.01967828957569E-17,-0.996194698091746));
#1005=DIRECTION('',(0.0871557427476583,-5.0196782895757E-17,0.996194698091746));
#1006=DIRECTION('',(-8.34874719382174E-16,-1.,0.));
#1007=DIRECTION('',(-8.34874719382174E-16,-1.,0.));
#1008=DIRECTION('',(0.,0.,-1.));
#1009=DIRECTION('',(6.85445443218769E-16,1.,0.));
#1010=DIRECTION('',(-1.,6.85445443218769E-16,0.));
#1011=DIRECTION('',(-9.46946676504727E-16,-1.,0.));
#1012=DIRECTION('',(1.,-9.46946676504727E-16,0.));
#1013=DIRECTION('',(-8.34874719382174E-16,-1.,0.));
#1014=DIRECTION('',(-0.996194698091746,1.01841001410186E-15,-0.0871557427476584));
#1015=DIRECTION('',(-0.0871557427476584,6.78677127510019E-17,0.996194698091746));
#1016=DIRECTION('',(-0.0871557427476584,6.78677127510019E-17,0.996194698091746));
#1017=DIRECTION('',(1.02230017490824E-15,1.,0.));
#1018=DIRECTION('',(0.0871557427476584,-6.7867712751002E-17,-0.996194698091746));
#1019=DIRECTION('',(0.,0.,1.));
#1020=DIRECTION('',(1.,-5.36016167055365E-16,0.));
#1021=DIRECTION('',(1.,-7.97517400341323E-16,0.));
#1022=DIRECTION('',(0.0178301911750896,-0.999841029505521,0.));
#1023=DIRECTION('',(-1.,6.8544544321877E-16,0.));
#1024=DIRECTION('',(-0.999841029505521,-0.0178301911750896,0.));
#1025=DIRECTION('',(0.0178301911750896,-0.999841029505521,0.));
#1026=DIRECTION('',(0.,0.,1.));
#1027=DIRECTION('',(0.0178301911750896,-0.999841029505521,0.));
#1028=DIRECTION('',(0.,0.,1.));
#1029=DIRECTION('',(0.,0.,-1.));
#1030=DIRECTION('',(-1.,5.36016167055365E-16,0.));
#1031=DIRECTION('',(-1.,5.36016167055365E-16,0.));
#1032=DIRECTION('',(1.,-1.40337790504377E-15,0.));
#1033=DIRECTION('',(4.63736022222998E-16,1.,0.));
#1034=DIRECTION('',(1.,-4.63736022222998E-16,0.));
#1035=DIRECTION('',(4.63736022222998E-16,1.,0.));
#1036=DIRECTION('',(4.76807738654427E-16,1.,4.14581878918865E-17));
#1037=DIRECTION('',(0.,0.,1.));
#1038=DIRECTION('',(0.,0.,1.));
#1039=DIRECTION('',(0.573576436351046,-3.07446242926163E-16,0.819152044288992));
#1040=DIRECTION('',(0.819152044288992,-4.39078739015352E-16,-0.573576436351046));
#1041=DIRECTION('',(0.819152044288992,-7.0057997230131E-16,-0.573576436351046));
#1042=DIRECTION('',(4.17437359691087E-16,1.,8.30297747883845E-17));
#1043=DIRECTION('',(-0.819152044288992,5.88508015178756E-16,0.573576436351046));
#1044=DIRECTION('',(-0.573576436351046,1.71418223416644E-16,0.819152044288992));
#1045=DIRECTION('',(-0.819152044288992,2.44810594091754E-16,-0.573576436351046));
#1046=DIRECTION('',(-0.819152044288992,-1.66906391942037E-17,-0.573576436351046));
#1047=DIRECTION('',(3.58066980727747E-16,1.,4.14581878918865E-17));
#1048=DIRECTION('',(0.819152044288992,-9.53813179283497E-17,0.573576436351046));
#1049=DIRECTION('',(-1.,3.71138697159176E-16,0.));
#1050=DIRECTION('',(3.71138697159176E-16,1.,0.));
#1051=DIRECTION('',(0.,0.,1.));
#1052=DIRECTION('',(3.71138697159176E-16,1.,0.));
#1053=DIRECTION('',(0.,0.,1.));
#1054=DIRECTION('',(0.,0.,-1.));
#1055=DIRECTION('',(1.,-2.98858552326809E-16,0.));
#1056=DIRECTION('',(1.,-2.98858552326809E-16,0.));
#1057=DIRECTION('',(-1.,-5.68503185661594E-16,0.));
#1058=DIRECTION('',(-0.0178301911750904,-0.999841029505521,0.));
#1059=DIRECTION('',(0.999841029505521,-0.0178301911750904,0.));
#1060=DIRECTION('',(-0.0178301911750904,-0.999841029505521,0.));
#1061=DIRECTION('',(-0.0178301911750904,-0.999841029505521,0.));
#1062=DIRECTION('',(0.,0.,1.));
#1063=DIRECTION('',(0.,0.,1.));
#1064=DIRECTION('',(0.,0.,1.));
#1065=DIRECTION('',(-1.,2.98858552326809E-16,0.));
#1066=DIRECTION('',(-1.87425455526069E-16,1.,0.));
#1067=DIRECTION('',(1.,-1.49429276163404E-16,0.));
#1068=DIRECTION('',(-1.,3.73573190408511E-17,0.));
#1069=DIRECTION('',(0.996194698091746,1.867122450825E-16,-0.0871557427476584));
#1070=DIRECTION('',(0.0871557427476584,-4.89641351799436E-18,0.996194698091746));
#1071=DIRECTION('',(0.,-1.,0.));
#1072=DIRECTION('',(-0.0871557427476584,4.8964135179943E-18,-0.996194698091746));
#1073=DIRECTION('',(0.0871557427476584,-4.89641351799439E-18,0.996194698091746));
#1074=DIRECTION('',(0.,-1.,0.));
#1075=DIRECTION('',(0.,0.,-1.));
#1076=DIRECTION('',(-1.49429276163405E-16,-1.,0.));
#1077=DIRECTION('',(1.,-1.49429276163405E-16,0.));
#1078=DIRECTION('',(-1.12071957122553E-16,1.,0.));
#1079=DIRECTION('',(-1.,-1.12071957122553E-16,0.));
#1080=DIRECTION('',(0.,-1.,0.));
#1081=DIRECTION('',(0.996194698091746,2.11974059168966E-17,0.0871557427476583));
#1082=DIRECTION('',(0.0871557427476583,-2.25673433732392E-17,-0.996194698091746));
#1083=DIRECTION('',(0.0871557427476583,-2.25673433732393E-17,-0.996194698091746));
#1084=DIRECTION('',(-0.0871557427476583,2.25673433732392E-17,0.996194698091746));
#1085=DIRECTION('',(-2.12783765638395E-17,1.,0.));
#1086=DIRECTION('',(0.,0.,1.));
#1087=DIRECTION('',(1.,0.,0.));
#1088=DIRECTION('',(1.,-2.61501233285958E-16,0.));
#1089=DIRECTION('',(0.0178301911750901,-0.999841029505521,0.));
#1090=DIRECTION('',(-1.,1.49429276163405E-16,0.));
#1091=DIRECTION('',(-0.999841029505521,-0.0178301911750901,0.));
#1092=DIRECTION('',(0.0178301911750901,-0.999841029505521,0.));
#1093=DIRECTION('',(0.,0.,1.));
#1094=DIRECTION('',(0.0178301911750901,-0.999841029505521,0.));
#1095=DIRECTION('',(0.,0.,1.));
#1096=DIRECTION('',(0.,0.,-1.));
#1097=DIRECTION('',(-1.,0.,0.));
#1098=DIRECTION('',(-1.,0.,0.));
#1099=DIRECTION('',(1.,-8.67361737988404E-16,0.));
#1100=DIRECTION('',(-7.2280144832367E-17,1.,0.));
#1101=DIRECTION('',(-1.49429276163405E-16,-1.,0.));
#1102=DIRECTION('',(1.,-1.49429276163405E-16,0.));
#1103=DIRECTION('',(0.,0.,1.));
#1104=DIRECTION('',(-0.819152044288992,1.49429276163405E-16,0.573576436351046));
#1105=DIRECTION('',(0.,0.,-1.));
#1106=DIRECTION('',(-1.,1.49429276163405E-16,0.));
#1107=DIRECTION('',(-1.,-1.44560289664734E-16,0.));
#1108=DIRECTION('',(1.44560289664734E-16,-1.,0.));
#1109=DIRECTION('',(-1.44560289664734E-16,1.,1.01222204549026E-16));
#1110=DIRECTION('',(0.,0.,-1.));
#1111=DIRECTION('',(-1.44560289664734E-16,1.,0.));
#1112=DIRECTION('',(-1.12071957122553E-16,1.,0.));
#1113=DIRECTION('',(-1.,-1.12071957122553E-16,0.));
#1114=DIRECTION('',(1.,1.12071957122553E-16,0.));
#1115=DIRECTION('',(0.,0.,-1.));
#1116=DIRECTION('',(0.573576436351046,6.42818337812415E-17,0.819152044288992));
#1117=DIRECTION('',(0.819152044288992,-2.61501233285958E-16,-0.573576436351046));
#1118=DIRECTION('',(0.,0.,1.));
#1119=DIRECTION('',(1.,7.2280144832367E-17,0.));
#1120=DIRECTION('',(-7.2280144832367E-17,1.,0.));
#1121=DIRECTION('',(-5.92084284009378E-17,1.,4.14581878918865E-17));
#1122=DIRECTION('',(0.573576436351046,0.,0.819152044288992));
#1123=DIRECTION('',(0.819152044288992,0.,-0.573576436351046));
#1124=DIRECTION('',(-1.44560289664734E-16,1.,-2.06453489538752E-16));
#1125=DIRECTION('',(0.,-1.,0.));
#1126=DIRECTION('',(0.,0.,-1.));
#1127=DIRECTION('',(0.573576436351046,0.,0.819152044288992));
#1128=DIRECTION('',(-1.,0.,1.75842289020534E-16));
#1129=DIRECTION('',(0.,-1.,0.));
#1130=DIRECTION('',(0.,0.,-1.));
#1131=DIRECTION('',(0.,-1.,0.));
#1132=DIRECTION('',(0.,0.,-1.));
#1133=DIRECTION('',(-1.,0.,1.75842289020534E-16));
#1134=DIRECTION('',(0.,1.,0.));
#1135=DIRECTION('',(0.,0.,-1.));
#1136=DIRECTION('',(0.,1.,0.));
#1137=DIRECTION('',(0.,0.,-1.));
#1138=DIRECTION('',(1.,0.,1.75842289020534E-16));
#1139=DIRECTION('',(-0.573576436351047,0.,0.819152044288992));
#1140=DIRECTION('',(0.,0.,-1.));
#1141=DIRECTION('',(1.,0.,0.));
#1142=DIRECTION('',(0.,0.,-1.));
#1143=DIRECTION('',(-1.,0.,0.));
#1144=DIRECTION('',(0.,-1.,0.));
#1145=DIRECTION('',(1.,0.,0.));
#1146=DIRECTION('',(0.,-1.,0.));
#1147=DIRECTION('',(-1.,0.,0.));
#1148=DIRECTION('',(0.,0.,1.));
#1149=DIRECTION('',(0.,-1.,0.));
#1150=DIRECTION('',(0.,0.,-1.));
#1151=DIRECTION('',(0.819152044288992,0.,-0.573576436351046));
#1152=DIRECTION('',(-0.573576436351046,0.,-0.819152044288992));
#1153=DIRECTION('',(0.573576436351046,0.,0.819152044288991));
#1154=DIRECTION('',(-0.0712150733588456,0.992262249115468,-0.101705665067429));
#1155=DIRECTION('',(0.,-1.,0.));
#1156=DIRECTION('',(0.,0.,-1.));
#1157=DIRECTION('',(0.,0.,-1.));
#1158=DIRECTION('',(-0.573576436351047,0.,0.819152044288991));
#1159=DIRECTION('',(-1.,1.78362317960217E-17,1.74014097109849E-16));
#1160=DIRECTION('',(1.74925804721994E-16,0.101964554768626,0.994788032482717));
#1161=DIRECTION('',(1.,-1.78362317960217E-17,-1.74014097109849E-16));
#1162=DIRECTION('',(0.0712150733588457,0.992262249115468,-0.101705665067429));
#1163=DIRECTION('',(1.74925804721994E-16,-0.101964554768626,-0.994788032482717));
#1164=DIRECTION('',(-2.14880470434164E-16,-0.994788032482717,0.101964554768626));
#1165=DIRECTION('',(1.74925804721994E-16,-0.101964554768626,-0.994788032482717));
#1166=DIRECTION('',(-2.14880470434164E-16,-0.994788032482717,0.101964554768626));
#1167=DIRECTION('',(1.74925804721994E-16,0.101964554768626,0.994788032482717));
#1168=DIRECTION('',(2.14880470434164E-16,-0.994788032482717,0.101964554768626));
#1169=DIRECTION('',(1.74925804721994E-16,0.101964554768626,0.994788032482717));
#1170=DIRECTION('',(2.14880470434164E-16,-0.994788032482717,0.101964554768626));
#1171=DIRECTION('',(1.,0.,0.));
#1172=DIRECTION('',(0.,0.,1.));
#1173=DIRECTION('',(0.,-1.,0.));
#1174=DIRECTION('',(0.,-0.707106781186548,-0.707106781186547));
#1175=DIRECTION('',(0.,0.707106781186547,-0.707106781186548));
#1176=DIRECTION('',(0.,-0.707106781186548,-0.707106781186547));
#1177=DIRECTION('',(0.,0.707106781186547,-0.707106781186548));
#1178=DIRECTION('',(0.,-0.707106781186548,-0.707106781186547));
#1179=DIRECTION('',(0.,0.707106781186547,-0.707106781186548));
#1180=DIRECTION('',(0.,-0.707106781186548,-0.707106781186547));
#1181=DIRECTION('',(0.,0.707106781186547,-0.707106781186548));
#1182=DIRECTION('',(0.819152044288991,0.,0.573576436351047));
#1183=DIRECTION('',(0.573576436351047,0.,-0.819152044288992));
#1184=CARTESIAN_POINT('',(0.,0.,0.));
#1185=CARTESIAN_POINT('',(-26.6067657941506,13.4324711238014,8.27705785296842));
#1186=CARTESIAN_POINT('',(-26.6067657941506,13.4324711238014,-6.6479653103104));
#1187=CARTESIAN_POINT('',(-26.6067657941506,5.12117154457575,-6.6479653103104));
#1188=CARTESIAN_POINT('',(-26.6067657941506,13.4324711238014,-6.6479653103104));
#1189=CARTESIAN_POINT('',(-26.6067657941506,5.12117154457575,8.27705785296842));
#1190=CARTESIAN_POINT('',(-26.6067657941506,5.12117154457575,-0.220476738187902));
#1191=CARTESIAN_POINT('',(-26.6067657941506,13.4324711238014,-0.220476738187899));
#1192=CARTESIAN_POINT('',(-26.6067657941506,13.4324711238014,-0.220476738187899));
#1193=CARTESIAN_POINT('',(-26.6067657941506,13.4324711238014,8.27705785296842));
#1194=CARTESIAN_POINT('',(-16.1939001384008,5.13543331659318,7.0706902883331));
#1195=CARTESIAN_POINT('',(-21.6117687392791,1.43247112380143,3.27705785296842));
#1196=CARTESIAN_POINT('',(-21.6117687392791,5.12117154457572,3.27705785296842));
#1197=CARTESIAN_POINT('',(-21.6117687392791,13.4324711238014,3.27705785296842));
#1198=CARTESIAN_POINT('',(-16.1939001384008,13.4324711238014,7.07069028833309));
#1199=CARTESIAN_POINT('',(-6.68436948880704,5.12117154457572,13.7293353340149));
#1200=CARTESIAN_POINT('',(-21.6117687392791,1.43247112380143,-3.72294214703158));
#1201=CARTESIAN_POINT('',(-21.6117687392791,5.12117154457572,-3.72294214703158));
#1202=CARTESIAN_POINT('',(-21.6117687392791,5.12117154457572,-3.72294214703158));
#1203=CARTESIAN_POINT('',(-21.6117687392791,1.43247112380143,-3.72294214703158));
#1204=CARTESIAN_POINT('',(-21.6117687392791,13.4324711238014,-3.72294214703158));
#1205=CARTESIAN_POINT('',(-21.6117687392791,13.4324711238014,-3.72294214703158));
#1206=CARTESIAN_POINT('',(-14.9977724260783,5.13543331659318,-3.72294214703158));
#1207=CARTESIAN_POINT('',(-21.6117687392791,13.4324711238014,-3.72294214703158));
#1208=CARTESIAN_POINT('',(-20.3977724260783,13.4324711238014,-3.72294214703158));
#1209=CARTESIAN_POINT('',(-20.6117687392791,5.12117154457572,-3.72294214703158));
#1210=CARTESIAN_POINT('',(-20.5459880484001,5.12117154457572,-3.72294214703158));
#1211=CARTESIAN_POINT('',(-20.3977724260783,13.4324711238014,-3.72294214703158));
#1212=CARTESIAN_POINT('',(-20.3977724260783,13.4324711238014,-3.72294214703158));
#1213=CARTESIAN_POINT('',(-20.3977724260783,13.4324711238014,3.27705785296842));
#1214=CARTESIAN_POINT('',(-20.3977724260783,13.4324711238014,3.27705785296842));
#1215=CARTESIAN_POINT('',(-20.5459880484001,5.12117154457572,3.27705785296842));
#1216=CARTESIAN_POINT('',(-20.3977724260783,13.4324711238014,-3.72294214703158));
#1217=CARTESIAN_POINT('',(-20.5459880484001,5.12117154457572,8.27705785296842));
#1218=CARTESIAN_POINT('',(-14.9977724260783,5.13543331659318,3.27705785296842));
#1219=CARTESIAN_POINT('',(-18.9790507672635,5.13543331659318,3.27705785296842));
#1220=CARTESIAN_POINT('',(-18.9790507672635,5.12117154457572,3.27705785296842));
#1221=CARTESIAN_POINT('',(-18.9790507672635,13.4324711238014,3.27705785296842));
#1222=CARTESIAN_POINT('',(-14.9977724260783,13.4324711238014,3.27705785296842));
#1223=CARTESIAN_POINT('',(-3.388779058006,5.12117154457572,3.27705785296842));
#1224=CARTESIAN_POINT('',(-19.1977724260783,9.20148150092991,0.777057852968418));
#1225=CARTESIAN_POINT('',(-19.1977724260783,13.4324711238014,0.777057852968418));
#1226=CARTESIAN_POINT('',(-19.1817904020438,13.4324711238014,0.959733223586104));
#1227=CARTESIAN_POINT('',(-18.5441043554709,5.12117154457572,8.24851808865651));
#1228=CARTESIAN_POINT('',(-19.1817904020609,5.12117154457572,0.959733223390753));
#1229=CARTESIAN_POINT('',(-19.1817901580636,9.27682133418858,0.959736012292852));
#1230=CARTESIAN_POINT('',(-14.9977724260783,16.7354333165932,0.593681892752686));
#1231=CARTESIAN_POINT('',(-14.9977724260783,13.4324711238014,0.593681892752686));
#1232=CARTESIAN_POINT('',(-10.813754694093,13.4324711238014,0.959736012292853));
#1233=CARTESIAN_POINT('',(-14.9977724260783,5.12117154457572,0.593681892752686));
#1234=CARTESIAN_POINT('',(-10.813754694093,5.12117154457572,0.959736012292853));
#1235=CARTESIAN_POINT('',(-10.813754694093,16.7354333165932,0.959736012292853));
#1236=CARTESIAN_POINT('',(-11.0085361686054,5.14543331659319,3.186098453579));
#1237=CARTESIAN_POINT('',(-11.4443148823437,5.12117154457572,8.16707194403773));
#1238=CARTESIAN_POINT('',(-11.0164940848931,5.12117154457572,3.27705785296842));
#1239=CARTESIAN_POINT('',(-11.0164940848931,5.13543331659318,3.27705785296842));
#1240=CARTESIAN_POINT('',(-11.0164940848931,13.4324711238014,3.27705785296842));
#1241=CARTESIAN_POINT('',(-10.7906468117363,13.4324711238014,0.695611708349642));
#1242=CARTESIAN_POINT('',(-14.9977724260783,5.13543331659318,3.27705785296842));
#1243=CARTESIAN_POINT('',(-26.6067657941506,5.12117154457572,3.27705785296842));
#1244=CARTESIAN_POINT('',(-9.44955680375648,5.12117154457572,3.27705785296842));
#1245=CARTESIAN_POINT('',(-9.59777242607829,13.4324711238014,3.27705785296842));
#1246=CARTESIAN_POINT('',(-9.59777242607829,13.4324711238014,3.27705785296842));
#1247=CARTESIAN_POINT('',(-14.9977724260783,13.4324711238014,3.27705785296842));
#1248=CARTESIAN_POINT('',(-9.59777242607829,13.4324711238014,-3.72294214703158));
#1249=CARTESIAN_POINT('',(-9.44955680375648,5.12117154457572,8.27705785296842));
#1250=CARTESIAN_POINT('',(-9.44955680375648,5.12117154457572,-3.72294214703158));
#1251=CARTESIAN_POINT('',(-9.59777242607829,13.4324711238014,-3.72294214703158));
#1252=CARTESIAN_POINT('',(-9.59777242607829,13.4324711238014,-3.72294214703158));
#1253=CARTESIAN_POINT('',(-9.59777242607829,13.4324711238014,-3.72294214703158));
#1254=CARTESIAN_POINT('',(-14.9977724260783,5.13543331659318,-3.72294214703158));
#1255=CARTESIAN_POINT('',(-8.38377611287748,13.4324711238014,-3.72294214703158));
#1256=CARTESIAN_POINT('',(-8.38377611287748,13.4324711238014,-3.72294214703158));
#1257=CARTESIAN_POINT('',(-9.38377611287749,5.12117154457572,-3.72294214703158));
#1258=CARTESIAN_POINT('',(-8.38377611287749,5.12117154457572,-3.72294214703158));
#1259=CARTESIAN_POINT('',(-8.38377611287749,1.4324711238014,-3.72294214703158));
#1260=CARTESIAN_POINT('',(-8.38377611287749,1.4324711238014,-3.72294214703158));
#1261=CARTESIAN_POINT('',(-8.38377611287749,1.4324711238014,3.27705785296842));
#1262=CARTESIAN_POINT('',(-8.38377611287749,5.12117154457572,3.27705785296842));
#1263=CARTESIAN_POINT('',(-8.38377611287749,13.4324711238014,3.27705785296842));
#1264=CARTESIAN_POINT('',(-8.38377611287748,13.4324711238014,-3.72294214703158));
#1265=CARTESIAN_POINT('',(-8.38377611287749,5.12117154457572,-3.72294214703158));
#1266=CARTESIAN_POINT('',(-13.8016447137558,5.13543331659318,7.0706902883331));
#1267=CARTESIAN_POINT('',(-23.3111753633496,5.12117154457572,13.7293353340149));
#1268=CARTESIAN_POINT('',(-6.89378200313451,5.12117154457572,2.23375274543832));
#1269=CARTESIAN_POINT('',(-6.89378200313451,5.13543331659318,2.23375274543832));
#1270=CARTESIAN_POINT('',(-6.8937820031345,13.4324711238014,2.23375274543832));
#1271=CARTESIAN_POINT('',(-13.8016447137558,13.4324711238014,7.07069028833309));
#1272=CARTESIAN_POINT('',(0.0140807074867719,5.13543331659318,7.0706902883331));
#1273=CARTESIAN_POINT('',(9.52361135708054,5.12117154457572,13.7293353340149));
#1274=CARTESIAN_POINT('',(-5.40378789339152,5.12117154457572,3.27705785296842));
#1275=CARTESIAN_POINT('',(-5.40378789339152,1.4324711238014,3.27705785296842));
#1276=CARTESIAN_POINT('',(-5.40378789339152,13.4324711238014,3.27705785296842));
#1277=CARTESIAN_POINT('',(0.0140807074867737,13.4324711238014,7.07069028833309));
#1278=CARTESIAN_POINT('',(-5.40378789339152,1.4324711238014,-3.72294214703158));
#1279=CARTESIAN_POINT('',(-5.40378789339152,5.12117154457572,-3.72294214703158));
#1280=CARTESIAN_POINT('',(-5.40378789339152,5.12117154457572,-3.72294214703158));
#1281=CARTESIAN_POINT('',(-5.40378789339152,1.4324711238014,-3.72294214703158));
#1282=CARTESIAN_POINT('',(-5.40378789339152,13.4324711238014,-3.72294214703158));
#1283=CARTESIAN_POINT('',(-5.40378789339152,13.4324711238014,-3.72294214703158));
#1284=CARTESIAN_POINT('',(1.21020841980928,5.13543331659318,-3.72294214703158));
#1285=CARTESIAN_POINT('',(-5.40378789339152,13.4324711238014,-3.72294214703158));
#1286=CARTESIAN_POINT('',(-4.18979158019071,13.4324711238014,-3.72294214703158));
#1287=CARTESIAN_POINT('',(-4.40378789339152,5.12117154457572,-3.72294214703158));
#1288=CARTESIAN_POINT('',(-4.33800720251253,5.12117154457572,-3.72294214703158));
#1289=CARTESIAN_POINT('',(-4.18979158019071,13.4324711238014,-3.72294214703158));
#1290=CARTESIAN_POINT('',(-4.18979158019071,13.4324711238014,-3.72294214703158));
#1291=CARTESIAN_POINT('',(-4.18979158019071,13.4324711238014,3.27705785296842));
#1292=CARTESIAN_POINT('',(-4.18979158019071,13.4324711238014,3.27705785296842));
#1293=CARTESIAN_POINT('',(-4.33800720251253,5.12117154457572,3.27705785296842));
#1294=CARTESIAN_POINT('',(-4.18979158019071,13.4324711238014,-3.72294214703158));
#1295=CARTESIAN_POINT('',(-4.33800720251253,5.12117154457572,8.27705785296842));
#1296=CARTESIAN_POINT('',(1.21020841980928,5.13543331659318,3.27705785296842));
#1297=CARTESIAN_POINT('',(-2.77106992137591,5.13543331659318,3.27705785296842));
#1298=CARTESIAN_POINT('',(-2.7710699213759,5.12117154457572,3.27705785296842));
#1299=CARTESIAN_POINT('',(-2.77106992137591,13.4324711238014,3.27705785296842));
#1300=CARTESIAN_POINT('',(1.21020841980929,13.4324711238014,3.27705785296842));
#1301=CARTESIAN_POINT('',(12.8192017878816,5.12117154457572,3.27705785296842));
#1302=CARTESIAN_POINT('',(-2.77902783766361,5.14543331659319,3.186098453579));
#1303=CARTESIAN_POINT('',(-2.97380931217605,16.7354333165932,0.959736012292853));
#1304=CARTESIAN_POINT('',(-2.97380931217605,5.12117154457572,0.959736012292853));
#1305=CARTESIAN_POINT('',(-2.97380931217605,13.4324711238014,0.959736012292853));
#1306=CARTESIAN_POINT('',(-2.99691719453275,13.4324711238014,0.695611708349642));
#1307=CARTESIAN_POINT('',(-2.34324912392531,5.12117154457572,8.16707194403773));
#1308=CARTESIAN_POINT('',(1.21020841980928,16.7354333165932,0.593681892752686));
#1309=CARTESIAN_POINT('',(1.21020841980928,13.4324711238014,0.593681892752686));
#1310=CARTESIAN_POINT('',(5.39422639577484,13.4324711238014,0.959733223586104));
#1311=CARTESIAN_POINT('',(1.21020841980928,5.12117154457572,0.593681892752686));
#1312=CARTESIAN_POINT('',(5.39422639579193,5.12117154457572,0.959733223390753));
#1313=CARTESIAN_POINT('',(5.39422615179461,9.27682133418855,0.959736012292852));
#1314=CARTESIAN_POINT('',(5.41020841980928,9.20148150092991,0.777057852968418));
#1315=CARTESIAN_POINT('',(5.41020841980928,13.4324711238014,0.777057852968418));
#1316=CARTESIAN_POINT('',(5.19148676099447,13.4324711238014,3.27705785296842));
#1317=CARTESIAN_POINT('',(4.75654034920185,5.12117154457572,8.24851808865651));
#1318=CARTESIAN_POINT('',(5.19148676099447,5.12117154457572,3.27705785296842));
#1319=CARTESIAN_POINT('',(5.19148676099447,5.13543331659318,3.27705785296842));
#1320=CARTESIAN_POINT('',(1.21020841980928,5.13543331659318,3.27705785296842));
#1321=CARTESIAN_POINT('',(-10.398784948263,5.12117154457572,3.27705785296842));
#1322=CARTESIAN_POINT('',(6.75842404213109,5.12117154457572,3.27705785296842));
#1323=CARTESIAN_POINT('',(6.61020841980928,13.4324711238014,3.27705785296842));
#1324=CARTESIAN_POINT('',(6.61020841980928,13.4324711238014,3.27705785296842));
#1325=CARTESIAN_POINT('',(1.21020841980928,13.4324711238014,3.27705785296842));
#1326=CARTESIAN_POINT('',(6.61020841980928,13.4324711238014,-3.72294214703158));
#1327=CARTESIAN_POINT('',(6.75842404213109,5.12117154457572,8.27705785296842));
#1328=CARTESIAN_POINT('',(6.75842404213109,5.12117154457572,-3.72294214703158));
#1329=CARTESIAN_POINT('',(6.61020841980928,13.4324711238014,-3.72294214703158));
#1330=CARTESIAN_POINT('',(6.61020841980928,13.4324711238014,-3.72294214703158));
#1331=CARTESIAN_POINT('',(6.61020841980928,13.4324711238014,-3.72294214703158));
#1332=CARTESIAN_POINT('',(1.21020841980928,5.13543331659318,-3.72294214703158));
#1333=CARTESIAN_POINT('',(7.82420473301009,13.4324711238014,-3.72294214703158));
#1334=CARTESIAN_POINT('',(7.82420473301009,13.4324711238014,-3.72294214703158));
#1335=CARTESIAN_POINT('',(6.82420473301009,5.12117154457572,-3.72294214703158));
#1336=CARTESIAN_POINT('',(7.82420473301009,5.12117154457572,-3.72294214703158));
#1337=CARTESIAN_POINT('',(7.82420473301009,1.4324711238014,-3.72294214703158));
#1338=CARTESIAN_POINT('',(1.21020841980928,13.4324711238014,8.27705785296842));
#1339=CARTESIAN_POINT('',(7.82420473301009,13.4324711238014,-3.72294214703158));
#1340=CARTESIAN_POINT('',(7.82420473301009,13.4324711238014,3.27705785296842));
#1341=CARTESIAN_POINT('',(2.4063361321318,13.4324711238014,7.07069028833309));
#1342=CARTESIAN_POINT('',(12.8192017878816,13.4324711238014,-0.220476738187899));
#1343=CARTESIAN_POINT('',(12.8192017878816,13.4324711238014,8.27705785296842));
#1344=CARTESIAN_POINT('',(12.8192017878816,13.4324711238014,-6.6479653103104));
#1345=CARTESIAN_POINT('',(1.21020841980928,13.4324711238014,-6.6479653103104));
#1346=CARTESIAN_POINT('',(12.8192017878816,13.4324711238014,8.27705785296842));
#1347=CARTESIAN_POINT('',(12.8192017878816,13.4324711238014,-0.220476738187899));
#1348=CARTESIAN_POINT('',(12.8192017878816,13.3986176129259,-0.220476738187903));
#1349=CARTESIAN_POINT('',(12.8192017878816,13.3986176129259,0.));
#1350=CARTESIAN_POINT('',(12.8192017878816,13.3986176129259,-6.6479653103104));
#1351=CARTESIAN_POINT('',(12.8192017878816,13.4324711238014,-6.6479653103104));
#1352=CARTESIAN_POINT('',(12.8192017878816,5.12117154457572,8.27705785296842));
#1353=CARTESIAN_POINT('',(12.8192017878816,5.12117154457572,-6.6479653103104));
#1354=CARTESIAN_POINT('',(12.639313662155,5.12117154457572,-6.6479653103104));
#1355=CARTESIAN_POINT('',(12.639313662155,5.12117154457572,9.92175528085864));
#1356=CARTESIAN_POINT('',(12.639313662155,5.12117154457572,-0.477383606380947));
#1357=CARTESIAN_POINT('',(12.639313662155,5.12117154457572,-0.477383606380946));
#1358=CARTESIAN_POINT('',(12.8192017878816,5.12117154457572,-0.220476738187901));
#1359=CARTESIAN_POINT('',(-7.10319451746197,5.12117154457572,13.7293353340149));
#1360=CARTESIAN_POINT('',(7.82420473301009,5.12117154457572,3.27705785296842));
#1361=CARTESIAN_POINT('',(7.82420473301009,5.12117154457572,-3.72294214703158));
#1362=CARTESIAN_POINT('',(7.82420473301009,1.4324711238014,-3.72294214703158));
#1363=CARTESIAN_POINT('',(7.82420473301009,1.4324711238014,3.27705785296842));
#1364=CARTESIAN_POINT('',(2.4063361321318,5.13543331659318,7.0706902883331));
#1365=CARTESIAN_POINT('',(12.8192017878816,23.0013602354676,-0.220476738187905));
#1366=CARTESIAN_POINT('',(0.,13.3986176129259,0.));
#1367=CARTESIAN_POINT('',(8.70540369231181,13.3986176129259,-6.09558928851537));
#1368=CARTESIAN_POINT('',(16.5417847380118,13.3986176129259,5.0959226819727));
#1369=CARTESIAN_POINT('',(8.96078709069738E-16,13.3986176129259,5.09592268197271));
#1370=CARTESIAN_POINT('',(20.8728232406766,13.3986176129259,5.0959226819727));
#1371=CARTESIAN_POINT('',(23.2203397016771,13.3986176129259,5.84484141081343));
#1372=CARTESIAN_POINT('',(20.8949322575584,13.3986176329478,4.96876679393515));
#1373=CARTESIAN_POINT('',(20.8950151491585,13.398617617893,4.96876680402275));
#1374=CARTESIAN_POINT('',(20.8661656013817,13.398617617893,4.60854720165105));
#1375=CARTESIAN_POINT('',(20.9037958862105,13.3986176106206,3.89020370114444));
#1376=CARTESIAN_POINT('',(21.4033138179001,13.3986176135435,2.89243293889485));
#1377=CARTESIAN_POINT('',(22.3038655184525,13.3986176127604,2.2489193566071));
#1378=CARTESIAN_POINT('',(23.3855314447681,13.3986176129702,2.03419611151828));
#1379=CARTESIAN_POINT('',(24.4669466200402,13.398617612914,2.24647583503685));
#1380=CARTESIAN_POINT('',(25.3680075181622,13.3986176129291,2.88803633425072));
#1381=CARTESIAN_POINT('',(25.8701314303491,13.3986176129247,3.87708309381285));
#1382=CARTESIAN_POINT('',(25.9103463508606,13.3986176129259,4.60752681230592));
#1383=CARTESIAN_POINT('',(25.8814150807012,13.3986176129259,4.96876680319721));
#1384=CARTESIAN_POINT('',(25.881488921127,13.3986176225601,4.96876680432287));
#1385=CARTESIAN_POINT('',(23.5545445031011,13.3986176129259,5.84554019838984));
#1386=CARTESIAN_POINT('',(25.9036023812388,13.3986176129259,5.0959226819727));
#1387=CARTESIAN_POINT('',(8.96078709069738E-16,13.3986176129259,5.09592268197271));
#1388=CARTESIAN_POINT('',(39.042665260262,13.3986176129259,5.0959226819727));
#1389=CARTESIAN_POINT('',(41.3917231383997,13.3986176129259,5.84554019838984));
#1390=CARTESIAN_POINT('',(39.0647787203738,13.3986176225601,4.96876680432287));
#1391=CARTESIAN_POINT('',(44.0512524923423,13.398617617893,4.96876680402275));
#1392=CARTESIAN_POINT('',(44.0801020401191,13.398617617893,4.60854720165105));
#1393=CARTESIAN_POINT('',(44.0424717552903,13.3986176106206,3.89020370114444));
#1394=CARTESIAN_POINT('',(43.5429538236007,13.3986176135435,2.89243293889485));
#1395=CARTESIAN_POINT('',(42.6424021230483,13.3986176127604,2.2489193566071));
#1396=CARTESIAN_POINT('',(41.5607361967326,13.3986176129702,2.03419611151829));
#1397=CARTESIAN_POINT('',(40.4793210214606,13.398617612914,2.24647583503685));
#1398=CARTESIAN_POINT('',(39.5782601233386,13.3986176129291,2.88803633425072));
#1399=CARTESIAN_POINT('',(39.0761362111517,13.3986176129247,3.87708309381285));
#1400=CARTESIAN_POINT('',(39.0359212906402,13.3986176129259,4.60752681230592));
#1401=CARTESIAN_POINT('',(39.0648525607996,13.3986176129259,4.96876680319721));
#1402=CARTESIAN_POINT('',(44.0513353839424,13.3986176329478,4.96876679393515));
#1403=CARTESIAN_POINT('',(41.7259279398237,13.3986176129259,5.84484141081343));
#1404=CARTESIAN_POINT('',(44.0734444008242,13.3986176129259,5.0959226819727));
#1405=CARTESIAN_POINT('',(64.9462676415008,13.3986176129259,5.09592268197271));
#1406=CARTESIAN_POINT('',(48.404482903489,13.3986176129259,5.0959226819727));
#1407=CARTESIAN_POINT('',(34.8741960120452,13.3986176129259,24.4191749366371));
#1408=CARTESIAN_POINT('',(52.3069539793458,13.3986176129259,-0.477383606380947));
#1409=CARTESIAN_POINT('',(52.3069539793458,13.3986176129259,9.92175528085864));
#1410=CARTESIAN_POINT('',(52.3069539793458,13.3986176129259,-6.6479653103104));
#1411=CARTESIAN_POINT('',(12.639313662155,13.3986176129259,-6.6479653103104));
#1412=CARTESIAN_POINT('',(12.639313662155,13.3986176129259,-6.6479653103104));
#1413=CARTESIAN_POINT('',(52.3069539793458,13.3986176129259,-6.6479653103104));
#1414=CARTESIAN_POINT('',(52.3069539793458,0.,-6.6479653103104));
#1415=CARTESIAN_POINT('',(12.639313662155,0.,-6.6479653103104));
#1416=CARTESIAN_POINT('',(12.639313662155,0.,-6.6479653103104));
#1417=CARTESIAN_POINT('',(12.639313662155,13.3986176129259,-6.6479653103104));
#1418=CARTESIAN_POINT('',(12.639313662155,13.3986176129259,9.92175528085864));
#1419=CARTESIAN_POINT('',(12.639313662155,23.0013602354676,-0.477383606380947));
#1420=CARTESIAN_POINT('',(12.639313662155,0.,-0.477383606380947));
#1421=CARTESIAN_POINT('',(12.639313662155,0.,9.92175528085864));
#1422=CARTESIAN_POINT('',(12.639313662155,23.0013602354676,-0.477383606380947));
#1423=CARTESIAN_POINT('',(12.639313662155,0.,-0.477383606380947));
#1424=CARTESIAN_POINT('',(17.5034090838561,0.,6.4692645747249));
#1425=CARTESIAN_POINT('',(16.6275684920017,12.2033653066805,5.21843457924424));
#1426=CARTESIAN_POINT('',(0.,0.,0.));
#1427=CARTESIAN_POINT('',(30.1411115405732,0.,-1.08592622006416));
#1428=CARTESIAN_POINT('',(30.2807109761254,0.,-0.0357786924376612));
#1429=CARTESIAN_POINT('',(30.1549573530166,0.,1.01286591519524));
#1430=CARTESIAN_POINT('',(29.782477333621,0.,2.00681100061186));
#1431=CARTESIAN_POINT('',(29.1584527323704,0.,2.94059233071239));
#1432=CARTESIAN_POINT('',(28.312188200284,0.,3.76218793168014));
#1433=CARTESIAN_POINT('',(27.2766626249394,0.,4.43923255682739));
#1434=CARTESIAN_POINT('',(26.0917044110367,0.,4.94568337935089));
#1435=CARTESIAN_POINT('',(24.8028523859186,0.,5.26207390417683));
#1436=CARTESIAN_POINT('',(23.4596366682926,0.,5.37624601895806));
#1437=CARTESIAN_POINT('',(22.1136762520408,0.,5.28381197766911));
#1438=CARTESIAN_POINT('',(20.8166956499444,0.,4.98832401449995));
#1439=CARTESIAN_POINT('',(19.6185371045038,0.,4.50113755666447));
#1440=CARTESIAN_POINT('',(18.5652451470052,0.,3.84097489865949));
#1441=CARTESIAN_POINT('',(17.6972972366799,0.,3.03320572387863));
#1442=CARTESIAN_POINT('',(17.0480481053799,0.,2.10887215695943));
#1443=CARTESIAN_POINT('',(16.642448046727,0.,1.10349580593018));
#1444=CARTESIAN_POINT('',(16.4960840384039,0.,0.0557127491636774));
#1445=CARTESIAN_POINT('',(16.6145807599631,0.,-0.994211322683437));
#1446=CARTESIAN_POINT('',(16.9933844531148,0.,-2.00592841428911));
#1447=CARTESIAN_POINT('',(17.6179378959321,0.,-2.94055878317835));
#1448=CARTESIAN_POINT('',(18.4642398472491,0.,-3.76218513813453));
#1449=CARTESIAN_POINT('',(19.4997674094717,0.,-4.43923282497346));
#1450=CARTESIAN_POINT('',(20.6847258213351,0.,-4.94568328938723));
#1451=CARTESIAN_POINT('',(21.973577835434,0.,-5.26207392940571));
#1452=CARTESIAN_POINT('',(23.3167935567175,0.,-5.37624600601337));
#1453=CARTESIAN_POINT('',(24.6627539778896,0.,-5.28381200418975));
#1454=CARTESIAN_POINT('',(25.959734557092,0.,-4.98832392136422));
#1455=CARTESIAN_POINT('',(27.1578931892101,0.,-4.50113790268668));
#1456=CARTESIAN_POINT('',(28.2111848228926,0.,-3.84097360770647));
#1457=CARTESIAN_POINT('',(29.0791339418024,0.,-3.03321054166984));
#1458=CARTESIAN_POINT('',(29.7283785625784,0.,-2.10885417675187));
#1459=CARTESIAN_POINT('',(30.1411115405732,0.,-1.08592622006416));
#1460=CARTESIAN_POINT('',(30.2807109761254,0.,-0.0357786924376612));
#1461=CARTESIAN_POINT('',(30.1549573530166,0.,1.01286591519524));
#1462=CARTESIAN_POINT('',(30.2365672009226,0.,-8.67361737988404E-16));
#1463=CARTESIAN_POINT('',(34.8051561009275,0.,-1.08592622006416));
#1464=CARTESIAN_POINT('',(34.6655566653754,0.,-0.0357786924376612));
#1465=CARTESIAN_POINT('',(34.7913102884842,0.,1.01286591519524));
#1466=CARTESIAN_POINT('',(35.1637903078798,0.,2.00681100061186));
#1467=CARTESIAN_POINT('',(35.7878149091303,0.,2.94059233071239));
#1468=CARTESIAN_POINT('',(36.6340794412168,0.,3.76218793168014));
#1469=CARTESIAN_POINT('',(37.6696050165614,0.,4.43923255682739));
#1470=CARTESIAN_POINT('',(38.8545632304641,0.,4.94568337935089));
#1471=CARTESIAN_POINT('',(40.1434152555822,0.,5.26207390417683));
#1472=CARTESIAN_POINT('',(41.4866309732082,0.,5.37624601895806));
#1473=CARTESIAN_POINT('',(42.83259138946,0.,5.28381197766911));
#1474=CARTESIAN_POINT('',(44.1295719915564,0.,4.98832401449995));
#1475=CARTESIAN_POINT('',(45.327730536997,0.,4.50113755666447));
#1476=CARTESIAN_POINT('',(46.3810224944956,0.,3.84097489865949));
#1477=CARTESIAN_POINT('',(47.2489704048209,0.,3.03320572387863));
#1478=CARTESIAN_POINT('',(47.8982195361209,0.,2.10887215695943));
#1479=CARTESIAN_POINT('',(48.3038195947739,0.,1.10349580593018));
#1480=CARTESIAN_POINT('',(48.4501836030969,0.,0.0557127491636774));
#1481=CARTESIAN_POINT('',(48.3316868815377,0.,-0.994211322683437));
#1482=CARTESIAN_POINT('',(47.952883188386,0.,-2.00592841428911));
#1483=CARTESIAN_POINT('',(47.3283297455687,0.,-2.94055878317835));
#1484=CARTESIAN_POINT('',(46.4820277942517,0.,-3.76218513813453));
#1485=CARTESIAN_POINT('',(45.4465002320291,0.,-4.43923282497346));
#1486=CARTESIAN_POINT('',(44.2615418201657,0.,-4.94568328938723));
#1487=CARTESIAN_POINT('',(42.9726898060668,0.,-5.26207392940571));
#1488=CARTESIAN_POINT('',(41.6294740847833,0.,-5.37624600601337));
#1489=CARTESIAN_POINT('',(40.2835136636112,0.,-5.28381200418975));
#1490=CARTESIAN_POINT('',(38.9865330844088,0.,-4.98832392136422));
#1491=CARTESIAN_POINT('',(37.7883744522907,0.,-4.50113790268668));
#1492=CARTESIAN_POINT('',(36.7350828186081,0.,-3.84097360770647));
#1493=CARTESIAN_POINT('',(35.8671336996984,0.,-3.03321054166984));
#1494=CARTESIAN_POINT('',(35.2178890789225,0.,-2.10885417675187));
#1495=CARTESIAN_POINT('',(34.8051561009275,0.,-1.08592622006416));
#1496=CARTESIAN_POINT('',(34.6655566653754,0.,-0.0357786924376612));
#1497=CARTESIAN_POINT('',(34.7913102884842,0.,1.01286591519524));
#1498=CARTESIAN_POINT('',(34.7097004405782,0.,-8.38681246433814E-16));
#1499=CARTESIAN_POINT('',(52.3069539793458,0.,9.92175528085864));
#1500=CARTESIAN_POINT('',(52.3069539793458,0.,-0.477383606380947));
#1501=CARTESIAN_POINT('',(52.3069539793458,0.,-0.477383606380947));
#1502=CARTESIAN_POINT('',(47.4428585576447,-3.75423697578437E-16,6.4692645747249));
#1503=CARTESIAN_POINT('',(32.4731338207504,-1.0842021724855E-16,6.4692645747249));
#1504=CARTESIAN_POINT('',(32.4731338207504,13.3287844531508,5.10308049530785));
#1505=CARTESIAN_POINT('',(48.3186991494991,12.2033653066805,5.21843457924424));
#1506=CARTESIAN_POINT('',(41.7259279398237,12.7193254941627,5.16554929205028));
#1507=CARTESIAN_POINT('',(44.0956568464311,13.2569399567079,5.11044447017505));
#1508=CARTESIAN_POINT('',(44.0956181018091,13.2569399618268,5.11044446641634));
#1509=CARTESIAN_POINT('',(44.2538965108106,12.845469582166,5.15261967630289));
#1510=CARTESIAN_POINT('',(44.4318994668183,12.2144195423021,5.21730153391538));
#1511=CARTESIAN_POINT('',(44.3688370666096,11.3147608358474,5.30951544895982));
#1512=CARTESIAN_POINT('',(44.0504372283819,10.7146174258699,5.37102941340691));
#1513=CARTESIAN_POINT('',(43.5048152014143,10.308926123325,5.41261227495023));
#1514=CARTESIAN_POINT('',(42.6731644527095,9.99381225069584,5.44491106090336));
#1515=CARTESIAN_POINT('',(41.5668996378856,9.87076784215569,5.45752296205301));
#1516=CARTESIAN_POINT('',(40.4677449688454,9.98876011793105,5.44542889832111));
#1517=CARTESIAN_POINT('',(39.6303296939897,10.2991081677475,5.41361860337418));
#1518=CARTESIAN_POINT('',(39.0800763639206,10.6983667599384,5.37269508674444));
#1519=CARTESIAN_POINT('',(38.7520462627745,11.2964921731684,5.31138796455966));
#1520=CARTESIAN_POINT('',(38.6802342340366,12.1941589106748,5.21937822355728));
#1521=CARTESIAN_POINT('',(38.8608574295703,12.8419571320395,5.15297969938495));
#1522=CARTESIAN_POINT('',(39.0204869563285,13.2569399618925,5.11044446765625));
#1523=CARTESIAN_POINT('',(39.020444240854,13.2569399662029,5.11044446068011));
#1524=CARTESIAN_POINT('',(41.3917231383997,12.7186916725275,5.1656142579915));
#1525=CARTESIAN_POINT('',(23.5545445031011,12.7186916725275,5.1656142579915));
#1526=CARTESIAN_POINT('',(25.9258234006468,13.2569399662029,5.11044446068011));
#1527=CARTESIAN_POINT('',(20.8506495396917,13.2569399618268,5.11044446641634));
#1528=CARTESIAN_POINT('',(20.6923711306902,12.845469582166,5.15261967630289));
#1529=CARTESIAN_POINT('',(20.5143681746825,12.2144195423021,5.21730153391538));
#1530=CARTESIAN_POINT('',(20.5774305748912,11.3147608358473,5.30951544895981));
#1531=CARTESIAN_POINT('',(20.8958304131189,10.7146174258699,5.37102941340691));
#1532=CARTESIAN_POINT('',(21.4414524400865,10.308926123325,5.41261227495022));
#1533=CARTESIAN_POINT('',(22.2731031887912,9.99381225069584,5.44491106090337));
#1534=CARTESIAN_POINT('',(23.3793680036152,9.87076784215569,5.45752296205301));
#1535=CARTESIAN_POINT('',(24.4785226726554,9.98876011793105,5.44542889832111));
#1536=CARTESIAN_POINT('',(25.3159379475111,10.2991081677475,5.41361860337418));
#1537=CARTESIAN_POINT('',(25.8661912775802,10.6983667599384,5.37269508674443));
#1538=CARTESIAN_POINT('',(26.1942213787263,11.2964921731684,5.31138796455966));
#1539=CARTESIAN_POINT('',(26.2660334074641,12.1941589106748,5.21937822355728));
#1540=CARTESIAN_POINT('',(26.0854102119305,12.8419571320395,5.15297969938495));
#1541=CARTESIAN_POINT('',(25.9257806851723,13.2569399618925,5.11044446765625));
#1542=CARTESIAN_POINT('',(20.8506107950697,13.2569399567079,5.11044447017505));
#1543=CARTESIAN_POINT('',(23.2203397016771,12.7193254941627,5.16554929205028));
#1544=CARTESIAN_POINT('',(52.3069539793458,13.3986176129259,9.92175528085864));
#1545=CARTESIAN_POINT('',(52.3069539793458,13.3986176129259,-0.477383606380966));
#1546=CARTESIAN_POINT('',(30.2365672009226,0.,-0.699278727222976));
#1547=CARTESIAN_POINT('',(29.9962192716155,2.54407964933374,-1.24193132887893));
#1548=CARTESIAN_POINT('',(29.561715012155,7.14330148257127,-2.22294609154677));
#1549=CARTESIAN_POINT('',(27.0770479918724,11.3103412984975,2.90404570465217));
#1550=CARTESIAN_POINT('',(25.9667853884391,13.1723648360071,5.19501959087586));
#1551=CARTESIAN_POINT('',(30.2365672009226,0.,0.699278727222974));
#1552=CARTESIAN_POINT('',(29.9962192716155,2.59855706880977,0.00168212545835934));
#1553=CARTESIAN_POINT('',(29.561715012155,7.2962639228045,-1.25944251050512));
#1554=CARTESIAN_POINT('',(27.0770479918724,11.0276610746507,3.53153670400007));
#1555=CARTESIAN_POINT('',(25.9667853884391,12.6950195908759,5.6723648360071));
#1556=CARTESIAN_POINT('',(30.0583229268319,0.,1.3982823181274));
#1557=CARTESIAN_POINT('',(29.824230610793,2.62578506127866,0.623244198232263));
#1558=CARTESIAN_POINT('',(29.4010353341824,7.37271505082691,-0.777880268742099));
#1559=CARTESIAN_POINT('',(26.9810375458083,10.8863765740258,3.84515875821747));
#1560=CARTESIAN_POINT('',(25.8996721061377,12.4564408757954,5.91094355108754));
#1561=CARTESIAN_POINT('',(29.3722119500399,0.,2.69038092533109));
#1562=CARTESIAN_POINT('',(29.1621992009423,2.6761156341166,1.77219321505014));
#1563=CARTESIAN_POINT('',(28.7825352933437,7.51403391860138,0.112280969283603));
#1564=CARTESIAN_POINT('',(26.6114670714281,10.6252141009681,4.42488484935005));
#1565=CARTESIAN_POINT('',(25.6413347210493,12.0154313738771,6.35195305300588));
#1566=CARTESIAN_POINT('',(28.8646152027097,0.,3.28296755600365));
#1567=CARTESIAN_POINT('',(28.6724169330038,2.69919841155446,2.29912809671844));
#1568=CARTESIAN_POINT('',(28.3249582838324,7.57884605541357,0.520529725110795));
#1569=CARTESIAN_POINT('',(26.3380524533122,10.5054388848161,4.69076078880385));
#1570=CARTESIAN_POINT('',(25.4502122629919,11.8131741054462,6.55421032143676));
#1571=CARTESIAN_POINT('',(27.5968474257309,0.,4.27189701592138));
#1572=CARTESIAN_POINT('',(27.4491423941225,2.7377197642875,3.17849560345516));
#1573=CARTESIAN_POINT('',(27.1821192266559,7.68700683416933,1.20182964096286));
#1574=CARTESIAN_POINT('',(25.6551752591114,10.3055537816267,5.13446392957627));
#1575=CARTESIAN_POINT('',(24.9728670178607,11.4756400456468,6.89174438123621));
#1576=CARTESIAN_POINT('',(26.8371752085663,0.,4.66785074365335));
#1577=CARTESIAN_POINT('',(26.7161314294745,2.75314318307533,3.53058223496045));
#1578=CARTESIAN_POINT('',(26.4973068373581,7.73031291946515,1.47461273856372));
#1579=CARTESIAN_POINT('',(25.2459813660422,10.2255225408419,5.31211655265603));
#1580=CARTESIAN_POINT('',(24.6868320457572,11.3404960595173,7.02688836736564));
#1581=CARTESIAN_POINT('',(25.1807567831022,0.,5.20305551068051));
#1582=CARTESIAN_POINT('',(25.1178462210959,2.77399078894681,4.00649250020165));
#1583=CARTESIAN_POINT('',(25.004115650437,7.78884911111654,1.84332959605279));
#1584=CARTESIAN_POINT('',(24.3537593145408,10.1173455025184,5.55224696206468));
#1585=CARTESIAN_POINT('',(24.0631504270089,11.1578239426874,7.20956048419561));
#1586=CARTESIAN_POINT('',(24.2846623047207,0.,5.34209596975419));
#1587=CARTESIAN_POINT('',(24.253200834345,2.77940677338779,4.13012888357052));
#1588=CARTESIAN_POINT('',(24.1963243597835,7.80405618598032,1.93911828160253));
#1589=CARTESIAN_POINT('',(23.8710822073862,10.0892422680251,5.61463026733154));
#1590=CARTESIAN_POINT('',(23.7257491724486,11.1103676856643,7.25701674121866));
#1591=CARTESIAN_POINT('',(22.4917679205776,0.,5.34209596975419));
#1592=CARTESIAN_POINT('',(22.5232293909533,2.77940677338779,4.13012888357052));
#1593=CARTESIAN_POINT('',(22.5801058655148,7.80405618598032,1.93911828160253));
#1594=CARTESIAN_POINT('',(22.9053480179121,10.0892422680251,5.61463026733154));
#1595=CARTESIAN_POINT('',(23.0506810528497,11.1103676856643,7.25701674121866));
#1596=CARTESIAN_POINT('',(21.5956734421961,0.,5.20305551068051));
#1597=CARTESIAN_POINT('',(21.6585840042024,2.77399078894681,4.00649250020165));
#1598=CARTESIAN_POINT('',(21.7723145748613,7.78884911111654,1.84332959605279));
#1599=CARTESIAN_POINT('',(22.4226709107575,10.1173455025184,5.55224696206468));
#1600=CARTESIAN_POINT('',(22.7132797982894,11.1578239426874,7.20956048419561));
#1601=CARTESIAN_POINT('',(19.939255016732,0.,4.66785074365335));
#1602=CARTESIAN_POINT('',(20.0602987958238,2.75314318307533,3.53058223496045));
#1603=CARTESIAN_POINT('',(20.2791233879402,7.73031291946515,1.47461273856372));
#1604=CARTESIAN_POINT('',(21.5304488592561,10.2255225408419,5.31211655265603));
#1605=CARTESIAN_POINT('',(22.0895981795411,11.3404960595173,7.02688836736564));
#1606=CARTESIAN_POINT('',(19.1795827995674,0.,4.27189701592138));
#1607=CARTESIAN_POINT('',(19.3272878311758,2.7377197642875,3.17849560345516));
#1608=CARTESIAN_POINT('',(19.5943109986424,7.68700683416933,1.20182964096286));
#1609=CARTESIAN_POINT('',(21.1212549661869,10.3055537816267,5.13446392957627));
#1610=CARTESIAN_POINT('',(21.8035632074376,11.4756400456468,6.89174438123621));
#1611=CARTESIAN_POINT('',(17.9118150225886,0.,3.28296755600365));
#1612=CARTESIAN_POINT('',(18.1040132922945,2.69919841155446,2.29912809671844));
#1613=CARTESIAN_POINT('',(18.4514719414658,7.57884605541357,0.520529725110789));
#1614=CARTESIAN_POINT('',(20.4383777719861,10.5054388848161,4.69076078880385));
#1615=CARTESIAN_POINT('',(21.3262179623064,11.8131741054462,6.55421032143676));
#1616=CARTESIAN_POINT('',(17.4042182752584,0.,2.69038092533109));
#1617=CARTESIAN_POINT('',(17.614231024356,2.6761156341166,1.77219321505014));
#1618=CARTESIAN_POINT('',(17.9938949319546,7.51403391860138,0.1122809692836));
#1619=CARTESIAN_POINT('',(20.1649631538702,10.625214100968,4.42488484935005));
#1620=CARTESIAN_POINT('',(21.135095504249,12.0154313738771,6.35195305300588));
#1621=CARTESIAN_POINT('',(16.7181072984664,0.,1.39828231812739));
#1622=CARTESIAN_POINT('',(16.9521996145053,2.62578506127866,0.623244198232261));
#1623=CARTESIAN_POINT('',(17.3753948911159,7.37271505082691,-0.777880268742104));
#1624=CARTESIAN_POINT('',(19.79539267949,10.8863765740258,3.84515875821747));
#1625=CARTESIAN_POINT('',(20.8767581191606,12.4564408757954,5.91094355108754));
#1626=CARTESIAN_POINT('',(16.5398630243757,0.,0.699278727222977));
#1627=CARTESIAN_POINT('',(16.7802109536828,2.59855706880977,0.00168212545835991));
#1628=CARTESIAN_POINT('',(17.2147152131433,7.2962639228045,-1.25944251050513));
#1629=CARTESIAN_POINT('',(19.6993822334259,11.0276610746507,3.53153670400007));
#1630=CARTESIAN_POINT('',(20.8096448368591,12.6950195908759,5.6723648360071));
#1631=CARTESIAN_POINT('',(16.5398630243757,0.,-0.699278727222974));
#1632=CARTESIAN_POINT('',(16.7802109536828,2.54407964933374,-1.24193132887893));
#1633=CARTESIAN_POINT('',(17.2147152131433,7.14330148257127,-2.22294609154677));
#1634=CARTESIAN_POINT('',(19.6993822334259,11.3103412984975,2.90404570465216));
#1635=CARTESIAN_POINT('',(20.8096448368591,13.1723648360071,5.19501959087587));
#1636=CARTESIAN_POINT('',(16.7181072984664,0.,-1.3982823181274));
#1637=CARTESIAN_POINT('',(16.9521996145053,2.51685165686486,-1.86349340165283));
#1638=CARTESIAN_POINT('',(17.3753948911159,7.06685035454887,-2.70450833330979));
#1639=CARTESIAN_POINT('',(19.79539267949,11.4516257991223,2.59042365043477));
#1640=CARTESIAN_POINT('',(20.8767581191606,13.4109435510875,4.95644087579542));
#1641=CARTESIAN_POINT('',(17.4042182752584,0.,-2.6903809253311));
#1642=CARTESIAN_POINT('',(17.614231024356,2.46652108402692,-3.01244241847071));
#1643=CARTESIAN_POINT('',(17.9938949319546,6.9255314867744,-3.59466957133549));
#1644=CARTESIAN_POINT('',(20.1649631538702,11.7127882721801,2.01069755930219));
#1645=CARTESIAN_POINT('',(21.135095504249,13.8519530530059,4.51543137387709));
#1646=CARTESIAN_POINT('',(17.9118150225886,0.,-3.28296755600365));
#1647=CARTESIAN_POINT('',(18.1040132922945,2.44343830658906,-3.53937730013901));
#1648=CARTESIAN_POINT('',(18.4514719414659,6.8607193499622,-4.00291832716269));
#1649=CARTESIAN_POINT('',(20.4383777719861,11.832563488332,1.74482161984839));
#1650=CARTESIAN_POINT('',(21.3262179623064,14.0542103214368,4.31317410544621));
#1651=CARTESIAN_POINT('',(19.1795827995674,0.,-4.27189701592137));
#1652=CARTESIAN_POINT('',(19.3272878311758,2.40491695385601,-4.41874480687573));
#1653=CARTESIAN_POINT('',(19.5943109986424,6.75255857120644,-4.68421824301476));
#1654=CARTESIAN_POINT('',(21.1212549661869,12.0324485915214,1.30111847907596));
#1655=CARTESIAN_POINT('',(21.8035632074376,14.3917443812362,3.97564004564676));
#1656=CARTESIAN_POINT('',(19.939255016732,0.,-4.66785074365335));
#1657=CARTESIAN_POINT('',(20.0602987958238,2.38949353506819,-4.77083143838102));
#1658=CARTESIAN_POINT('',(20.2791233879402,6.70925248591063,-4.95700134061562));
#1659=CARTESIAN_POINT('',(21.5304488592561,12.1124798323063,1.12346585599621));
#1660=CARTESIAN_POINT('',(22.0895981795411,14.5268883673656,3.84049605951733));
#1661=CARTESIAN_POINT('',(21.5956734421961,0.,-5.20305551068051));
#1662=CARTESIAN_POINT('',(21.6585840042024,2.36864592919671,-5.24674170362222));
#1663=CARTESIAN_POINT('',(21.7723145748613,6.65071629425923,-5.32571819810469));
#1664=CARTESIAN_POINT('',(22.4226709107575,12.2206568706297,0.883335446587552));
#1665=CARTESIAN_POINT('',(22.7132797982894,14.7095604841956,3.65782394268736));
#1666=CARTESIAN_POINT('',(22.4917679205776,0.,-5.34209596975419));
#1667=CARTESIAN_POINT('',(22.5232293909533,2.36322994475572,-5.37037808699109));
#1668=CARTESIAN_POINT('',(22.5801058655148,6.63550921939545,-5.42150688365442));
#1669=CARTESIAN_POINT('',(22.9053480179121,12.248760105123,0.820952141320699));
#1670=CARTESIAN_POINT('',(23.0506810528497,14.7570167412187,3.61036768566431));
#1671=CARTESIAN_POINT('',(24.2846623047207,0.,-5.34209596975419));
#1672=CARTESIAN_POINT('',(24.253200834345,2.36322994475572,-5.37037808699109));
#1673=CARTESIAN_POINT('',(24.1963243597835,6.63550921939545,-5.42150688365442));
#1674=CARTESIAN_POINT('',(23.8710822073862,12.248760105123,0.820952141320699));
#1675=CARTESIAN_POINT('',(23.7257491724486,14.7570167412187,3.61036768566431));
#1676=CARTESIAN_POINT('',(25.1807567831022,0.,-5.20305551068051));
#1677=CARTESIAN_POINT('',(25.1178462210959,2.36864592919671,-5.24674170362222));
#1678=CARTESIAN_POINT('',(25.004115650437,6.65071629425923,-5.32571819810469));
#1679=CARTESIAN_POINT('',(24.3537593145408,12.2206568706297,0.883335446587552));
#1680=CARTESIAN_POINT('',(24.0631504270089,14.7095604841956,3.65782394268736));
#1681=CARTESIAN_POINT('',(26.8371752085663,0.,-4.66785074365335));
#1682=CARTESIAN_POINT('',(26.7161314294745,2.38949353506819,-4.77083143838102));
#1683=CARTESIAN_POINT('',(26.4973068373581,6.70925248591063,-4.95700134061561));
#1684=CARTESIAN_POINT('',(25.2459813660422,12.1124798323063,1.12346585599621));
#1685=CARTESIAN_POINT('',(24.6868320457572,14.5268883673656,3.84049605951733));
#1686=CARTESIAN_POINT('',(27.5968474257309,0.,-4.27189701592138));
#1687=CARTESIAN_POINT('',(27.4491423941225,2.40491695385601,-4.41874480687573));
#1688=CARTESIAN_POINT('',(27.1821192266559,6.75255857120644,-4.68421824301475));
#1689=CARTESIAN_POINT('',(25.6551752591114,12.0324485915214,1.30111847907596));
#1690=CARTESIAN_POINT('',(24.9728670178607,14.3917443812362,3.97564004564676));
#1691=CARTESIAN_POINT('',(28.8646152027097,0.,-3.28296755600365));
#1692=CARTESIAN_POINT('',(28.6724169330038,2.44343830658906,-3.53937730013901));
#1693=CARTESIAN_POINT('',(28.3249582838324,6.8607193499622,-4.00291832716269));
#1694=CARTESIAN_POINT('',(26.3380524533122,11.832563488332,1.74482161984839));
#1695=CARTESIAN_POINT('',(25.4502122629919,14.0542103214368,4.31317410544621));
#1696=CARTESIAN_POINT('',(29.3722119500399,0.,-2.6903809253311));
#1697=CARTESIAN_POINT('',(29.1621992009423,2.46652108402692,-3.01244241847072));
#1698=CARTESIAN_POINT('',(28.7825352933437,6.9255314867744,-3.59466957133549));
#1699=CARTESIAN_POINT('',(26.6114670714281,11.7127882721801,2.01069755930219));
#1700=CARTESIAN_POINT('',(25.6413347210493,13.8519530530059,4.51543137387709));
#1701=CARTESIAN_POINT('',(30.0583229268319,0.,-1.3982823181274));
#1702=CARTESIAN_POINT('',(29.824230610793,2.51685165686486,-1.86349340165283));
#1703=CARTESIAN_POINT('',(29.4010353341824,7.06685035454887,-2.70450833330979));
#1704=CARTESIAN_POINT('',(26.9810375458083,11.4516257991223,2.59042365043477));
#1705=CARTESIAN_POINT('',(25.8996721061377,13.4109435510875,4.95644087579543));
#1706=CARTESIAN_POINT('',(30.2365672009226,0.,-0.699278727222976));
#1707=CARTESIAN_POINT('',(29.9962192716155,2.54407964933374,-1.24193132887893));
#1708=CARTESIAN_POINT('',(29.561715012155,7.14330148257127,-2.22294609154677));
#1709=CARTESIAN_POINT('',(27.0770479918724,11.3103412984975,2.90404570465217));
#1710=CARTESIAN_POINT('',(25.9667853884391,13.1723648360071,5.19501959087586));
#1711=CARTESIAN_POINT('',(30.2365672009226,0.,0.699278727222974));
#1712=CARTESIAN_POINT('',(29.9962192716155,2.59855706880977,0.00168212545835934));
#1713=CARTESIAN_POINT('',(29.561715012155,7.2962639228045,-1.25944251050512));
#1714=CARTESIAN_POINT('',(27.0770479918724,11.0276610746507,3.53153670400007));
#1715=CARTESIAN_POINT('',(25.9667853884391,12.6950195908759,5.6723648360071));
#1716=CARTESIAN_POINT('',(25.9258234006468,13.2569399662029,5.11044446068011));
#1717=CARTESIAN_POINT('',(25.913900713388,13.3045826267962,5.06280180008674));
#1718=CARTESIAN_POINT('',(25.8991046548701,13.3518657102303,5.01551871665271));
#1719=CARTESIAN_POINT('',(25.881488921127,13.3986176225601,4.96876680432287));
#1720=CARTESIAN_POINT('',(20.8949322575584,13.3986176329478,4.96876679393515));
#1721=CARTESIAN_POINT('',(20.877319001889,13.3518659132612,5.01551851362176));
#1722=CARTESIAN_POINT('',(20.8625272641204,13.3045827480197,5.06280167886329));
#1723=CARTESIAN_POINT('',(20.8506107950697,13.2569399567079,5.11044447017506));
#1724=CARTESIAN_POINT('',(23.2203397016771,14.1367571955081,6.5829809933957));
#1725=CARTESIAN_POINT('',(23.5545445031011,14.1364078017199,6.5833303871839));
#1726=CARTESIAN_POINT('',(34.7097004405782,0.,-0.699278727222976));
#1727=CARTESIAN_POINT('',(34.9500483698853,2.54407964933374,-1.24193132887893));
#1728=CARTESIAN_POINT('',(35.3845526293458,7.14330148257127,-2.22294609154677));
#1729=CARTESIAN_POINT('',(37.8692196496284,11.3103412984975,2.90404570465217));
#1730=CARTESIAN_POINT('',(38.9794822530616,13.1723648360071,5.19501959087586));
#1731=CARTESIAN_POINT('',(34.7097004405782,0.,0.699278727222974));
#1732=CARTESIAN_POINT('',(34.9500483698853,2.59855706880977,0.00168212545835934));
#1733=CARTESIAN_POINT('',(35.3845526293458,7.2962639228045,-1.25944251050512));
#1734=CARTESIAN_POINT('',(37.8692196496284,11.0276610746507,3.53153670400007));
#1735=CARTESIAN_POINT('',(38.9794822530616,12.6950195908759,5.6723648360071));
#1736=CARTESIAN_POINT('',(34.8879447146689,0.,1.3982823181274));
#1737=CARTESIAN_POINT('',(35.1220370307078,2.62578506127866,0.623244198232263));
#1738=CARTESIAN_POINT('',(35.5452323073184,7.37271505082691,-0.777880268742099));
#1739=CARTESIAN_POINT('',(37.9652300956925,10.8863765740258,3.84515875821747));
#1740=CARTESIAN_POINT('',(39.0465955353631,12.4564408757954,5.91094355108754));
#1741=CARTESIAN_POINT('',(35.5740556914609,0.,2.69038092533109));
#1742=CARTESIAN_POINT('',(35.7840684405585,2.6761156341166,1.77219321505014));
#1743=CARTESIAN_POINT('',(36.1637323481571,7.51403391860138,0.112280969283603));
#1744=CARTESIAN_POINT('',(38.3348005700727,10.6252141009681,4.42488484935005));
#1745=CARTESIAN_POINT('',(39.3049329204514,12.0154313738771,6.35195305300588));
#1746=CARTESIAN_POINT('',(36.081652438791,0.,3.28296755600365));
#1747=CARTESIAN_POINT('',(36.273850708497,2.69919841155446,2.29912809671844));
#1748=CARTESIAN_POINT('',(36.6213093576683,7.57884605541357,0.520529725110795));
#1749=CARTESIAN_POINT('',(38.6082151881886,10.5054388848161,4.69076078880385));
#1750=CARTESIAN_POINT('',(39.4960553785088,11.8131741054462,6.55421032143676));
#1751=CARTESIAN_POINT('',(37.3494202157698,0.,4.27189701592138));
#1752=CARTESIAN_POINT('',(37.4971252473783,2.7377197642875,3.17849560345516));
#1753=CARTESIAN_POINT('',(37.7641484148449,7.68700683416933,1.20182964096286));
#1754=CARTESIAN_POINT('',(39.2910923823894,10.3055537816267,5.13446392957627));
#1755=CARTESIAN_POINT('',(39.9734006236401,11.4756400456468,6.89174438123621));
#1756=CARTESIAN_POINT('',(38.1090924329345,0.,4.66785074365335));
#1757=CARTESIAN_POINT('',(38.2301362120263,2.75314318307533,3.53058223496045));
#1758=CARTESIAN_POINT('',(38.4489608041427,7.73031291946515,1.47461273856372));
#1759=CARTESIAN_POINT('',(39.7002862754586,10.2255225408419,5.31211655265603));
#1760=CARTESIAN_POINT('',(40.2594355957436,11.3404960595173,7.02688836736564));
#1761=CARTESIAN_POINT('',(39.7655108583986,0.,5.20305551068051));
#1762=CARTESIAN_POINT('',(39.8284214204049,2.77399078894681,4.00649250020165));
#1763=CARTESIAN_POINT('',(39.9421519910638,7.78884911111654,1.84332959605279));
#1764=CARTESIAN_POINT('',(40.59250832696,10.1173455025184,5.55224696206468));
#1765=CARTESIAN_POINT('',(40.8831172144919,11.1578239426874,7.20956048419561));
#1766=CARTESIAN_POINT('',(40.6616053367801,0.,5.34209596975419));
#1767=CARTESIAN_POINT('',(40.6930668071558,2.77940677338779,4.13012888357052));
#1768=CARTESIAN_POINT('',(40.7499432817173,7.80405618598032,1.93911828160253));
#1769=CARTESIAN_POINT('',(41.0751854341146,10.0892422680251,5.61463026733154));
#1770=CARTESIAN_POINT('',(41.2205184690522,11.1103676856643,7.25701674121866));
#1771=CARTESIAN_POINT('',(42.4544997209231,0.,5.34209596975419));
#1772=CARTESIAN_POINT('',(42.4230382505475,2.77940677338779,4.13012888357052));
#1773=CARTESIAN_POINT('',(42.366161775986,7.80405618598032,1.93911828160253));
#1774=CARTESIAN_POINT('',(42.0409196235886,10.0892422680251,5.61463026733154));
#1775=CARTESIAN_POINT('',(41.8955865886511,11.1103676856643,7.25701674121866));
#1776=CARTESIAN_POINT('',(43.3505941993047,0.,5.20305551068051));
#1777=CARTESIAN_POINT('',(43.2876836372984,2.77399078894681,4.00649250020165));
#1778=CARTESIAN_POINT('',(43.1739530666395,7.78884911111654,1.84332959605279));
#1779=CARTESIAN_POINT('',(42.5235967307433,10.1173455025184,5.55224696206468));
#1780=CARTESIAN_POINT('',(42.2329878432114,11.1578239426874,7.20956048419561));
#1781=CARTESIAN_POINT('',(45.0070126247688,0.,4.66785074365335));
#1782=CARTESIAN_POINT('',(44.8859688456769,2.75314318307533,3.53058223496045));
#1783=CARTESIAN_POINT('',(44.6671442535606,7.73031291946515,1.47461273856372));
#1784=CARTESIAN_POINT('',(43.4158187822447,10.2255225408419,5.31211655265603));
#1785=CARTESIAN_POINT('',(42.8566694619597,11.3404960595173,7.02688836736564));
#1786=CARTESIAN_POINT('',(45.7666848419334,0.,4.27189701592138));
#1787=CARTESIAN_POINT('',(45.618979810325,2.7377197642875,3.17849560345516));
#1788=CARTESIAN_POINT('',(45.3519566428584,7.68700683416933,1.20182964096286));
#1789=CARTESIAN_POINT('',(43.8250126753139,10.3055537816267,5.13446392957627));
#1790=CARTESIAN_POINT('',(43.1427044340632,11.4756400456468,6.89174438123621));
#1791=CARTESIAN_POINT('',(47.0344526189122,0.,3.28296755600365));
#1792=CARTESIAN_POINT('',(46.8422543492063,2.69919841155446,2.29912809671844));
#1793=CARTESIAN_POINT('',(46.4947957000349,7.57884605541357,0.520529725110789));
#1794=CARTESIAN_POINT('',(44.5078898695147,10.5054388848161,4.69076078880385));
#1795=CARTESIAN_POINT('',(43.6200496791944,11.8131741054462,6.55421032143676));
#1796=CARTESIAN_POINT('',(47.5420493662424,0.,2.69038092533109));
#1797=CARTESIAN_POINT('',(47.3320366171448,2.6761156341166,1.77219321505014));
#1798=CARTESIAN_POINT('',(46.9523727095462,7.51403391860138,0.1122809692836));
#1799=CARTESIAN_POINT('',(44.7813044876305,10.625214100968,4.42488484935005));
#1800=CARTESIAN_POINT('',(43.8111721372518,12.0154313738771,6.35195305300588));
#1801=CARTESIAN_POINT('',(48.2281603430343,0.,1.39828231812739));
#1802=CARTESIAN_POINT('',(47.9940680269955,2.62578506127866,0.623244198232261));
#1803=CARTESIAN_POINT('',(47.5708727503849,7.37271505082691,-0.777880268742104));
#1804=CARTESIAN_POINT('',(45.1508749620108,10.8863765740258,3.84515875821747));
#1805=CARTESIAN_POINT('',(44.0695095223402,12.4564408757954,5.91094355108754));
#1806=CARTESIAN_POINT('',(48.4064046171251,0.,0.699278727222977));
#1807=CARTESIAN_POINT('',(48.166056687818,2.59855706880977,0.00168212545835991));
#1808=CARTESIAN_POINT('',(47.7315524283575,7.2962639228045,-1.25944251050513));
#1809=CARTESIAN_POINT('',(45.2468854080749,11.0276610746507,3.53153670400007));
#1810=CARTESIAN_POINT('',(44.1366228046416,12.6950195908759,5.6723648360071));
#1811=CARTESIAN_POINT('',(48.4064046171251,0.,-0.699278727222974));
#1812=CARTESIAN_POINT('',(48.166056687818,2.54407964933374,-1.24193132887893));
#1813=CARTESIAN_POINT('',(47.7315524283575,7.14330148257127,-2.22294609154677));
#1814=CARTESIAN_POINT('',(45.2468854080749,11.3103412984975,2.90404570465216));
#1815=CARTESIAN_POINT('',(44.1366228046416,13.1723648360071,5.19501959087587));
#1816=CARTESIAN_POINT('',(48.2281603430343,0.,-1.3982823181274));
#1817=CARTESIAN_POINT('',(47.9940680269955,2.51685165686486,-1.86349340165283));
#1818=CARTESIAN_POINT('',(47.5708727503849,7.06685035454887,-2.70450833330979));
#1819=CARTESIAN_POINT('',(45.1508749620108,11.4516257991223,2.59042365043477));
#1820=CARTESIAN_POINT('',(44.0695095223402,13.4109435510875,4.95644087579542));
#1821=CARTESIAN_POINT('',(47.5420493662424,0.,-2.6903809253311));
#1822=CARTESIAN_POINT('',(47.3320366171448,2.46652108402692,-3.01244241847071));
#1823=CARTESIAN_POINT('',(46.9523727095462,6.9255314867744,-3.59466957133549));
#1824=CARTESIAN_POINT('',(44.7813044876305,11.7127882721801,2.01069755930219));
#1825=CARTESIAN_POINT('',(43.8111721372518,13.8519530530059,4.51543137387709));
#1826=CARTESIAN_POINT('',(47.0344526189122,0.,-3.28296755600365));
#1827=CARTESIAN_POINT('',(46.8422543492063,2.44343830658906,-3.53937730013901));
#1828=CARTESIAN_POINT('',(46.4947957000349,6.8607193499622,-4.00291832716269));
#1829=CARTESIAN_POINT('',(44.5078898695147,11.832563488332,1.74482161984839));
#1830=CARTESIAN_POINT('',(43.6200496791944,14.0542103214368,4.31317410544621));
#1831=CARTESIAN_POINT('',(45.7666848419334,0.,-4.27189701592137));
#1832=CARTESIAN_POINT('',(45.618979810325,2.40491695385601,-4.41874480687573));
#1833=CARTESIAN_POINT('',(45.3519566428584,6.75255857120644,-4.68421824301476));
#1834=CARTESIAN_POINT('',(43.8250126753139,12.0324485915214,1.30111847907596));
#1835=CARTESIAN_POINT('',(43.1427044340632,14.3917443812362,3.97564004564676));
#1836=CARTESIAN_POINT('',(45.0070126247688,0.,-4.66785074365335));
#1837=CARTESIAN_POINT('',(44.8859688456769,2.38949353506819,-4.77083143838102));
#1838=CARTESIAN_POINT('',(44.6671442535606,6.70925248591063,-4.95700134061562));
#1839=CARTESIAN_POINT('',(43.4158187822447,12.1124798323063,1.12346585599621));
#1840=CARTESIAN_POINT('',(42.8566694619597,14.5268883673656,3.84049605951733));
#1841=CARTESIAN_POINT('',(43.3505941993047,0.,-5.20305551068051));
#1842=CARTESIAN_POINT('',(43.2876836372984,2.36864592919671,-5.24674170362222));
#1843=CARTESIAN_POINT('',(43.1739530666395,6.65071629425923,-5.32571819810469));
#1844=CARTESIAN_POINT('',(42.5235967307433,12.2206568706297,0.883335446587552));
#1845=CARTESIAN_POINT('',(42.2329878432114,14.7095604841956,3.65782394268736));
#1846=CARTESIAN_POINT('',(42.4544997209231,0.,-5.34209596975419));
#1847=CARTESIAN_POINT('',(42.4230382505475,2.36322994475572,-5.37037808699109));
#1848=CARTESIAN_POINT('',(42.366161775986,6.63550921939545,-5.42150688365442));
#1849=CARTESIAN_POINT('',(42.0409196235886,12.248760105123,0.820952141320699));
#1850=CARTESIAN_POINT('',(41.8955865886511,14.7570167412187,3.61036768566431));
#1851=CARTESIAN_POINT('',(40.6616053367801,0.,-5.34209596975419));
#1852=CARTESIAN_POINT('',(40.6930668071558,2.36322994475572,-5.37037808699109));
#1853=CARTESIAN_POINT('',(40.7499432817173,6.63550921939545,-5.42150688365442));
#1854=CARTESIAN_POINT('',(41.0751854341146,12.248760105123,0.820952141320699));
#1855=CARTESIAN_POINT('',(41.2205184690522,14.7570167412187,3.61036768566431));
#1856=CARTESIAN_POINT('',(39.7655108583986,0.,-5.20305551068051));
#1857=CARTESIAN_POINT('',(39.8284214204049,2.36864592919671,-5.24674170362222));
#1858=CARTESIAN_POINT('',(39.9421519910638,6.65071629425923,-5.32571819810469));
#1859=CARTESIAN_POINT('',(40.59250832696,12.2206568706297,0.883335446587552));
#1860=CARTESIAN_POINT('',(40.8831172144919,14.7095604841956,3.65782394268736));
#1861=CARTESIAN_POINT('',(38.1090924329345,0.,-4.66785074365335));
#1862=CARTESIAN_POINT('',(38.2301362120263,2.38949353506819,-4.77083143838102));
#1863=CARTESIAN_POINT('',(38.4489608041427,6.70925248591063,-4.95700134061561));
#1864=CARTESIAN_POINT('',(39.7002862754586,12.1124798323063,1.12346585599621));
#1865=CARTESIAN_POINT('',(40.2594355957436,14.5268883673656,3.84049605951733));
#1866=CARTESIAN_POINT('',(37.3494202157698,0.,-4.27189701592138));
#1867=CARTESIAN_POINT('',(37.4971252473783,2.40491695385601,-4.41874480687573));
#1868=CARTESIAN_POINT('',(37.7641484148449,6.75255857120644,-4.68421824301475));
#1869=CARTESIAN_POINT('',(39.2910923823894,12.0324485915214,1.30111847907596));
#1870=CARTESIAN_POINT('',(39.9734006236401,14.3917443812362,3.97564004564676));
#1871=CARTESIAN_POINT('',(36.0816524387911,0.,-3.28296755600365));
#1872=CARTESIAN_POINT('',(36.273850708497,2.44343830658906,-3.53937730013901));
#1873=CARTESIAN_POINT('',(36.6213093576683,6.8607193499622,-4.00291832716269));
#1874=CARTESIAN_POINT('',(38.6082151881886,11.832563488332,1.74482161984839));
#1875=CARTESIAN_POINT('',(39.4960553785088,14.0542103214368,4.31317410544621));
#1876=CARTESIAN_POINT('',(35.5740556914609,0.,-2.6903809253311));
#1877=CARTESIAN_POINT('',(35.7840684405585,2.46652108402692,-3.01244241847072));
#1878=CARTESIAN_POINT('',(36.1637323481571,6.9255314867744,-3.59466957133549));
#1879=CARTESIAN_POINT('',(38.3348005700727,11.7127882721801,2.01069755930219));
#1880=CARTESIAN_POINT('',(39.3049329204514,13.8519530530059,4.51543137387709));
#1881=CARTESIAN_POINT('',(34.8879447146689,0.,-1.3982823181274));
#1882=CARTESIAN_POINT('',(35.1220370307078,2.51685165686486,-1.86349340165283));
#1883=CARTESIAN_POINT('',(35.5452323073184,7.06685035454887,-2.70450833330979));
#1884=CARTESIAN_POINT('',(37.9652300956925,11.4516257991223,2.59042365043477));
#1885=CARTESIAN_POINT('',(39.0465955353631,13.4109435510875,4.95644087579543));
#1886=CARTESIAN_POINT('',(34.7097004405782,0.,-0.699278727222976));
#1887=CARTESIAN_POINT('',(34.9500483698853,2.54407964933374,-1.24193132887893));
#1888=CARTESIAN_POINT('',(35.3845526293458,7.14330148257127,-2.22294609154677));
#1889=CARTESIAN_POINT('',(37.8692196496284,11.3103412984975,2.90404570465217));
#1890=CARTESIAN_POINT('',(38.9794822530616,13.1723648360071,5.19501959087586));
#1891=CARTESIAN_POINT('',(34.7097004405782,0.,0.699278727222974));
#1892=CARTESIAN_POINT('',(34.9500483698853,2.59855706880977,0.00168212545835934));
#1893=CARTESIAN_POINT('',(35.3845526293458,7.2962639228045,-1.25944251050512));
#1894=CARTESIAN_POINT('',(37.8692196496284,11.0276610746507,3.53153670400007));
#1895=CARTESIAN_POINT('',(38.9794822530616,12.6950195908759,5.6723648360071));
#1896=CARTESIAN_POINT('',(44.0513353839424,13.3986176329478,4.96876679393515));
#1897=CARTESIAN_POINT('',(44.0689486396118,13.3518659132612,5.01551851362176));
#1898=CARTESIAN_POINT('',(44.0837403773804,13.3045827480197,5.06280167886329));
#1899=CARTESIAN_POINT('',(44.0956568464311,13.2569399567079,5.11044447017506));
#1900=CARTESIAN_POINT('',(39.020444240854,13.2569399662029,5.11044446068011));
#1901=CARTESIAN_POINT('',(39.0323669281128,13.3045826267962,5.06280180008674));
#1902=CARTESIAN_POINT('',(39.0471629866307,13.3518657102303,5.01551871665271));
#1903=CARTESIAN_POINT('',(39.0647787203738,13.3986176225601,4.96876680432287));
#1904=CARTESIAN_POINT('',(41.3917231383997,14.1364078017199,6.5833303871839));
#1905=CARTESIAN_POINT('',(41.7259279398237,14.1367571955081,6.5829809933957));
#1906=CARTESIAN_POINT('',(52.3069539793458,24.3011787932787,-0.477383606380947));
#1907=MECHANICAL_DESIGN_GEOMETRIC_PRESENTATION_REPRESENTATION('',(#903),
#1908);
#1908=(
GEOMETRIC_REPRESENTATION_CONTEXT(3)
GLOBAL_UNCERTAINTY_ASSIGNED_CONTEXT((#1909))
GLOBAL_UNIT_ASSIGNED_CONTEXT((#1912,#1911,#1910))
REPRESENTATION_CONTEXT('FlareHolder04','TOP_LEVEL_ASSEMBLY_PART')
);
#1909=UNCERTAINTY_MEASURE_WITH_UNIT(LENGTH_MEASURE(0.005),#1912,
'DISTANCE_ACCURACY_VALUE','Maximum Tolerance applied to model');
#1910=(
NAMED_UNIT(*)
SI_UNIT($,.STERADIAN.)
SOLID_ANGLE_UNIT()
);
#1911=(
NAMED_UNIT(*)
PLANE_ANGLE_UNIT()
SI_UNIT($,.RADIAN.)
);
#1912=(
LENGTH_UNIT()
NAMED_UNIT(*)
SI_UNIT(.MILLI.,.METRE.)
);
#1913=PRODUCT_DEFINITION_SHAPE('','',#1914);
#1914=PRODUCT_DEFINITION('','',#1916,#1915);
#1915=PRODUCT_DEFINITION_CONTEXT('',#1922,'design');
#1916=PRODUCT_DEFINITION_FORMATION_WITH_SPECIFIED_SOURCE('','',#1918,
 .NOT_KNOWN.);
#1917=PRODUCT_RELATED_PRODUCT_CATEGORY('','',(#1918));
#1918=PRODUCT('FlareHolder04','FlareHolder04','FlareHolder04',(#1920));
#1919=PRODUCT_CATEGORY('','');
#1920=PRODUCT_CONTEXT('',#1922,'mechanical');
#1921=APPLICATION_PROTOCOL_DEFINITION('international standard',
'automotive_design',2010,#1922);
#1922=APPLICATION_CONTEXT(
'core data for automotive mechanical design processes');
ENDSEC;
END-ISO-10303-21;
