ISO-10303-21;
HEADER;
/* Generated by software containing ST-Developer
 * from STEP Tools, Inc. (www.steptools.com) 
 */
/* OPTION: strings as raw bytes, not using required /X/ escapes */

FILE_DESCRIPTION(
/* description */ ('Unknown'),
/* implementation_level */ '2;1');

FILE_NAME(
/* name */ 'BinStencil23',
/* time_stamp */ '2023-10-05T19:50:38+01:00',
/* author */ ('Unknown'),
/* organization */ ('Unknown'),
/* preprocessor_version */ 'ST-DEVELOPER v18.1',
/* originating_system */ 'Solid Edge',
/* authorisation */ 'Unknown');

FILE_SCHEMA (('AUTOMOTIVE_DESIGN {1 0 10303 214 3 1 1}'));
ENDSEC;

DATA;
#10=PROPERTY_DEFINITION_REPRESENTATION(#14,#12);
#11=PROPERTY_DEFINITION_REPRESENTATION(#15,#13);
#12=REPRESENTATION('',(#16),#3454);
#13=REPRESENTATION('',(#17),#3454);
#14=PROPERTY_DEFINITION('pmi validation property','',#3459);
#15=PROPERTY_DEFINITION('pmi validation property','',#3459);
#16=VALUE_REPRESENTATION_ITEM('number of annotations',COUNT_MEASURE(0.));
#17=VALUE_REPRESENTATION_ITEM('number of views',COUNT_MEASURE(0.));
#18=SHAPE_REPRESENTATION_RELATIONSHIP('','',#728,#19);
#19=ADVANCED_BREP_SHAPE_REPRESENTATION('',(#726),#3454);
#20=B_SPLINE_SURFACE_WITH_KNOTS('',3,1,((#1798,#1799),(#1800,#1801),(#1802,
#1803),(#1804,#1805),(#1806,#1807),(#1808,#1809),(#1810,#1811),(#1812,#1813),
(#1814,#1815),(#1816,#1817),(#1818,#1819),(#1820,#1821),(#1822,#1823),(#1824,
#1825),(#1826,#1827),(#1828,#1829),(#1830,#1831),(#1832,#1833),(#1834,#1835),
(#1836,#1837),(#1838,#1839),(#1840,#1841),(#1842,#1843),(#1844,#1845),(#1846,
#1847),(#1848,#1849),(#1850,#1851),(#1852,#1853),(#1854,#1855),(#1856,#1857),
(#1858,#1859),(#1860,#1861),(#1862,#1863),(#1864,#1865),(#1866,#1867),(#1868,
#1869),(#1870,#1871),(#1872,#1873),(#1874,#1875),(#1876,#1877),(#1878,#1879),
(#1880,#1881),(#1882,#1883),(#1884,#1885),(#1886,#1887),(#1888,#1889),(#1890,
#1891),(#1892,#1893),(#1894,#1895),(#1896,#1897),(#1898,#1899),(#1900,#1901),
(#1902,#1903),(#1904,#1905),(#1906,#1907),(#1908,#1909),(#1910,#1911),(#1912,
#1913),(#1914,#1915),(#1916,#1917),(#1918,#1919),(#1920,#1921),(#1922,#1923),
(#1924,#1925),(#1926,#1927),(#1928,#1929),(#1930,#1931),(#1932,#1933),(#1934,
#1935),(#1936,#1937),(#1938,#1939),(#1940,#1941),(#1942,#1943),(#1944,#1945),
(#1946,#1947),(#1948,#1949),(#1950,#1951),(#1952,#1953),(#1954,#1955),(#1956,
#1957),(#1958,#1959),(#1960,#1961),(#1962,#1963),(#1964,#1965),(#1966,#1967),
(#1968,#1969),(#1970,#1971),(#1972,#1973),(#1974,#1975),(#1976,#1977),(#1978,
#1979),(#1980,#1981),(#1982,#1983),(#1984,#1985),(#1986,#1987),(#1988,#1989),
(#1990,#1991),(#1992,#1993),(#1994,#1995),(#1996,#1997)),
 .SURF_OF_LINEAR_EXTRUSION.,.F.,.F.,.F.,(4,1,1,1,1,1,1,1,1,1,1,1,1,1,1,
1,1,1,1,1,1,1,1,1,1,1,1,1,1,1,1,1,1,1,1,1,1,1,1,1,1,1,1,1,1,1,1,1,1,1,1,
1,1,1,1,1,1,1,1,1,1,1,1,1,1,1,1,1,1,1,1,1,1,1,1,1,1,1,1,1,1,1,1,1,1,1,1,
1,1,1,1,1,1,1,1,1,1,4),(2,2),(0.,0.015625,0.0234375,0.03125,0.0390625,0.046875,
0.0546875,0.05859375,0.0625,0.06640625,0.0703125,0.078125,0.0859375,0.08984375,
0.091796875,0.09375,0.095703125,0.09765625,0.1015625,0.109375,0.1171875,
0.125,0.12890625,0.1328125,0.13671875,0.138671875,0.1396484375,0.140625,
0.1416015625,0.142578125,0.14453125,0.1484375,0.15234375,0.154296875,0.15625,
0.158203125,0.16015625,0.1640625,0.171875,0.1796875,0.18359375,0.1875,0.19140625,
0.1953125,0.203125,0.2109375,0.21875,0.2265625,0.234375,0.2421875,0.25,
0.2578125,0.265625,0.2734375,0.28125,0.2890625,0.296875,0.3125,0.328125,
0.3359375,0.34375,0.3515625,0.359375,0.3671875,0.375,0.376953125,0.37890625,
0.3798828125,0.380859375,0.38134765625,0.3818359375,0.38232421875,0.3828125,
0.384765625,0.38671875,0.390625,0.39453125,0.3984375,0.40625,0.421875,0.4375,
0.453125,0.46875,0.484375,0.5,0.515625,0.53125,0.5625,0.59375,0.625,0.6875,
0.71875,0.75,0.78125,0.8125,0.875,0.9375,1.),(0.,1.),.UNSPECIFIED.);
#21=B_SPLINE_SURFACE_WITH_KNOTS('',3,1,((#2093,#2094),(#2095,#2096),(#2097,
#2098),(#2099,#2100),(#2101,#2102),(#2103,#2104),(#2105,#2106),(#2107,#2108),
(#2109,#2110),(#2111,#2112),(#2113,#2114),(#2115,#2116),(#2117,#2118),(#2119,
#2120),(#2121,#2122),(#2123,#2124),(#2125,#2126),(#2127,#2128),(#2129,#2130),
(#2131,#2132),(#2133,#2134)),.SURF_OF_LINEAR_EXTRUSION.,.F.,.F.,.F.,(4,
1,1,1,1,1,1,1,1,1,1,1,1,1,1,1,1,1,4),(2,2),(0.,0.125,0.1875,0.25,0.28125,
0.3125,0.375,0.4375,0.5,0.53125,0.5625,0.59375,0.625,0.6875,0.75,0.8125,
0.875,0.9375,1.),(0.,1.),.UNSPECIFIED.);
#22=B_SPLINE_SURFACE_WITH_KNOTS('',3,1,((#2216,#2217),(#2218,#2219),(#2220,
#2221),(#2222,#2223),(#2224,#2225),(#2226,#2227),(#2228,#2229),(#2230,#2231),
(#2232,#2233),(#2234,#2235),(#2236,#2237),(#2238,#2239),(#2240,#2241),(#2242,
#2243),(#2244,#2245),(#2246,#2247),(#2248,#2249),(#2250,#2251),(#2252,#2253),
(#2254,#2255),(#2256,#2257),(#2258,#2259),(#2260,#2261),(#2262,#2263)),
 .SURF_OF_LINEAR_EXTRUSION.,.F.,.F.,.F.,(4,1,1,1,1,1,1,1,1,1,1,1,1,1,1,
1,1,1,1,1,1,4),(2,2),(0.,0.03125,0.046875,0.0625,0.09375,0.125,0.1875,0.25,
0.28125,0.3125,0.34375,0.375,0.5,0.5625,0.625,0.6875,0.75,0.78125,0.8125,
0.875,0.9375,1.),(0.,1.),.UNSPECIFIED.);
#23=B_SPLINE_SURFACE_WITH_KNOTS('',3,1,((#2357,#2358),(#2359,#2360),(#2361,
#2362),(#2363,#2364),(#2365,#2366),(#2367,#2368),(#2369,#2370),(#2371,#2372),
(#2373,#2374),(#2375,#2376),(#2377,#2378),(#2379,#2380),(#2381,#2382),(#2383,
#2384),(#2385,#2386),(#2387,#2388),(#2389,#2390),(#2391,#2392),(#2393,#2394),
(#2395,#2396),(#2397,#2398),(#2399,#2400),(#2401,#2402),(#2403,#2404),(#2405,
#2406),(#2407,#2408),(#2409,#2410),(#2411,#2412),(#2413,#2414)),
 .UNSPECIFIED.,.F.,.F.,.F.,(4,1,1,1,1,1,1,1,1,1,1,1,1,1,1,1,1,1,1,1,1,1,
1,1,1,1,4),(2,2),(0.,0.03125,0.0625,0.078125,0.09375,0.125,0.15625,0.1875,
0.203125,0.2109375,0.21875,0.2265625,0.234375,0.2421875,0.25,0.25390625,
0.2578125,0.265625,0.28125,0.296875,0.3125,0.34375,0.375,0.4375,0.5,0.875,
1.),(0.,1.),.UNSPECIFIED.);
#24=B_SPLINE_SURFACE_WITH_KNOTS('',3,1,((#2504,#2505),(#2506,#2507),(#2508,
#2509),(#2510,#2511),(#2512,#2513),(#2514,#2515),(#2516,#2517),(#2518,#2519),
(#2520,#2521),(#2522,#2523),(#2524,#2525),(#2526,#2527),(#2528,#2529),(#2530,
#2531),(#2532,#2533),(#2534,#2535),(#2536,#2537),(#2538,#2539),(#2540,#2541),
(#2542,#2543),(#2544,#2545)),.SURF_OF_LINEAR_EXTRUSION.,.F.,.F.,.F.,(4,
1,1,1,1,1,1,1,1,1,1,1,1,1,1,1,1,1,4),(2,2),(0.,0.125,0.25,0.3125,0.375,
0.4375,0.5,0.53125,0.5625,0.625,0.6875,0.75,0.78125,0.796875,0.8125,0.84375,
0.875,0.9375,1.),(0.,1.),.UNSPECIFIED.);
#25=B_SPLINE_SURFACE_WITH_KNOTS('',3,1,((#2623,#2624),(#2625,#2626),(#2627,
#2628),(#2629,#2630)),.SURF_OF_LINEAR_EXTRUSION.,.F.,.F.,.F.,(4,4),(2,2),
(0.,1.),(0.,1.),.PIECEWISE_BEZIER_KNOTS.);
#26=B_SPLINE_SURFACE_WITH_KNOTS('',3,1,((#2640,#2641),(#2642,#2643),(#2644,
#2645),(#2646,#2647),(#2648,#2649),(#2650,#2651),(#2652,#2653),(#2654,#2655),
(#2656,#2657),(#2658,#2659),(#2660,#2661),(#2662,#2663),(#2664,#2665),(#2666,
#2667),(#2668,#2669),(#2670,#2671),(#2672,#2673),(#2674,#2675),(#2676,#2677),
(#2678,#2679),(#2680,#2681),(#2682,#2683),(#2684,#2685)),
 .SURF_OF_LINEAR_EXTRUSION.,.F.,.F.,.F.,(4,1,1,1,1,1,1,1,1,1,1,1,1,1,1,
1,1,1,1,1,4),(2,2),(0.,0.0625,0.125,0.15625,0.1875,0.25,0.3125,0.34375,
0.375,0.40625,0.4375,0.46875,0.5,0.5625,0.625,0.65625,0.6875,0.75,0.8125,
0.875,1.),(0.,1.),.UNSPECIFIED.);
#27=B_SPLINE_SURFACE_WITH_KNOTS('',3,1,((#2787,#2788),(#2789,#2790),(#2791,
#2792),(#2793,#2794),(#2795,#2796),(#2797,#2798),(#2799,#2800),(#2801,#2802),
(#2803,#2804),(#2805,#2806),(#2807,#2808),(#2809,#2810),(#2811,#2812),(#2813,
#2814),(#2815,#2816),(#2817,#2818),(#2819,#2820),(#2821,#2822),(#2823,#2824),
(#2825,#2826),(#2827,#2828),(#2829,#2830),(#2831,#2832),(#2833,#2834),(#2835,
#2836),(#2837,#2838),(#2839,#2840),(#2841,#2842),(#2843,#2844),(#2845,#2846),
(#2847,#2848),(#2849,#2850),(#2851,#2852),(#2853,#2854),(#2855,#2856),(#2857,
#2858),(#2859,#2860),(#2861,#2862),(#2863,#2864),(#2865,#2866),(#2867,#2868),
(#2869,#2870),(#2871,#2872),(#2873,#2874),(#2875,#2876),(#2877,#2878),(#2879,
#2880),(#2881,#2882),(#2883,#2884),(#2885,#2886),(#2887,#2888),(#2889,#2890),
(#2891,#2892),(#2893,#2894),(#2895,#2896),(#2897,#2898),(#2899,#2900),(#2901,
#2902),(#2903,#2904),(#2905,#2906),(#2907,#2908),(#2909,#2910),(#2911,#2912),
(#2913,#2914),(#2915,#2916),(#2917,#2918),(#2919,#2920),(#2921,#2922),(#2923,
#2924),(#2925,#2926),(#2927,#2928),(#2929,#2930),(#2931,#2932),(#2933,#2934)),
 .SURF_OF_LINEAR_EXTRUSION.,.F.,.F.,.F.,(4,1,1,1,1,1,1,1,1,1,1,1,1,1,1,
1,1,1,1,1,1,1,1,1,1,1,1,1,1,1,1,1,1,1,1,1,1,1,1,1,1,1,1,1,1,1,1,1,1,1,1,
1,1,1,1,1,1,1,1,1,1,1,1,1,1,1,1,1,1,1,1,4),(2,2),(0.,0.03125,0.0625,0.078125,
0.0859375,0.09375,0.1015625,0.109375,0.111328125,0.11328125,0.1142578125,
0.115234375,0.1171875,0.12109375,0.125,0.1328125,0.140625,0.1484375,0.15234375,
0.15625,0.158203125,0.1591796875,0.16015625,0.1611328125,0.162109375,0.1640625,
0.16796875,0.171875,0.1796875,0.1875,0.203125,0.21875,0.25,0.28125,0.3125,
0.328125,0.34375,0.359375,0.3671875,0.375,0.3828125,0.38671875,0.390625,
0.392578125,0.39453125,0.3955078125,0.396484375,0.3974609375,0.3984375,
0.40234375,0.40625,0.41015625,0.4140625,0.421875,0.4375,0.453125,0.46875,
0.5,0.5078125,0.515625,0.53125,0.5625,0.59375,0.625,0.6875,0.71875,0.75,
0.78125,0.8125,0.875,0.9375,1.),(0.,1.),.UNSPECIFIED.);
#28=B_SPLINE_SURFACE_WITH_KNOTS('',3,1,((#3033,#3034),(#3035,#3036),(#3037,
#3038),(#3039,#3040),(#3041,#3042),(#3043,#3044),(#3045,#3046),(#3047,#3048),
(#3049,#3050),(#3051,#3052),(#3053,#3054),(#3055,#3056),(#3057,#3058),(#3059,
#3060),(#3061,#3062),(#3063,#3064),(#3065,#3066),(#3067,#3068),(#3069,#3070),
(#3071,#3072)),.SURF_OF_LINEAR_EXTRUSION.,.F.,.F.,.F.,(4,1,1,1,1,1,1,1,
1,1,1,1,1,1,1,1,1,4),(2,2),(0.,0.125,0.1875,0.25,0.28125,0.3125,0.375,0.4375,
0.5,0.53125,0.5625,0.625,0.6875,0.75,0.78125,0.8125,0.875,1.),(0.,1.),
 .UNSPECIFIED.);
#29=B_SPLINE_SURFACE_WITH_KNOTS('',3,1,((#3176,#3177),(#3178,#3179),(#3180,
#3181),(#3182,#3183),(#3184,#3185),(#3186,#3187),(#3188,#3189),(#3190,#3191),
(#3192,#3193),(#3194,#3195),(#3196,#3197),(#3198,#3199),(#3200,#3201),(#3202,
#3203),(#3204,#3205),(#3206,#3207),(#3208,#3209),(#3210,#3211),(#3212,#3213),
(#3214,#3215),(#3216,#3217),(#3218,#3219)),.SURF_OF_LINEAR_EXTRUSION.,.F.,
 .F.,.F.,(4,1,1,1,1,1,1,1,1,1,1,1,1,1,1,1,1,1,1,4),(2,2),(0.,0.125,0.1875,
0.25,0.3125,0.375,0.4375,0.5,0.5625,0.59375,0.625,0.6875,0.75,0.78125,0.796875,
0.8125,0.84375,0.875,0.9375,1.),(0.,1.),.UNSPECIFIED.);
#30=B_SPLINE_SURFACE_WITH_KNOTS('',3,1,((#3298,#3299),(#3300,#3301),(#3302,
#3303),(#3304,#3305),(#3306,#3307)),.SURF_OF_LINEAR_EXTRUSION.,.F.,.F.,
 .F.,(4,1,4),(2,2),(0.,0.5,1.),(0.,1.),.UNSPECIFIED.);
#31=B_SPLINE_SURFACE_WITH_KNOTS('',3,1,((#3320,#3321),(#3322,#3323),(#3324,
#3325),(#3326,#3327),(#3328,#3329),(#3330,#3331),(#3332,#3333),(#3334,#3335),
(#3336,#3337),(#3338,#3339),(#3340,#3341),(#3342,#3343),(#3344,#3345),(#3346,
#3347),(#3348,#3349),(#3350,#3351),(#3352,#3353),(#3354,#3355),(#3356,#3357),
(#3358,#3359),(#3360,#3361),(#3362,#3363)),.SURF_OF_LINEAR_EXTRUSION.,.F.,
 .F.,.F.,(4,1,1,1,1,1,1,1,1,1,1,1,1,1,1,1,1,1,1,4),(2,2),(0.,0.125,0.1875,
0.25,0.3125,0.375,0.40625,0.421875,0.4375,0.46875,0.5,0.5625,0.625,0.65625,
0.6875,0.71875,0.75,0.8125,0.875,1.),(0.,1.),.UNSPECIFIED.);
#32=B_SPLINE_CURVE_WITH_KNOTS('',3,(#897,#898,#899,#900,#901,#902,#903,
#904,#905,#906,#907,#908,#909,#910,#911,#912,#913,#914,#915,#916,#917,#918,
#919,#920,#921,#922,#923,#924,#925,#926,#927,#928,#929,#930,#931,#932,#933,
#934,#935,#936,#937,#938,#939,#940,#941,#942,#943,#944,#945,#946,#947,#948,
#949,#950,#951,#952,#953,#954,#955,#956,#957,#958,#959,#960,#961,#962,#963,
#964,#965,#966,#967,#968,#969,#970,#971,#972),.UNSPECIFIED.,.F.,.F.,(4,
2,2,2,2,2,2,2,2,2,2,2,2,2,2,2,2,2,2,2,2,2,2,2,2,2,2,2,2,2,2,2,2,2,2,2,2,
4),(0.,0.0308195446911585,0.061489256870018,0.0860250266131055,0.122828681227737,
0.147364450970824,0.184168105585456,0.208703875328543,0.245507529943175,
0.276177242122034,0.306846954300894,0.331382724043981,0.368186378658613,
0.3927221484017,0.429525803016331,0.454061572759419,0.49086522737405,0.52153493955291,
0.536869795642339,0.540703509664697,0.544537223687054,0.552204651731769,
0.582874363910629,0.613544076089488,0.644213788268348,0.674883500447207,
0.705553212626067,0.736222924804926,0.751557780894356,0.759225208939071,
0.766892636983785,0.797562349162645,0.828232061341504,0.858901773520364,
0.889571485699223,0.920241197878083,0.950910910056942,1.),.UNSPECIFIED.);
#33=B_SPLINE_CURVE_WITH_KNOTS('',3,(#974,#975,#976,#977,#978,#979,#980,
#981,#982,#983,#984,#985,#986,#987,#988,#989,#990,#991,#992,#993,#994,#995,
#996,#997,#998,#999,#1000,#1001,#1002,#1003,#1004,#1005,#1006,#1007,#1008,
#1009,#1010,#1011,#1012,#1013,#1014,#1015,#1016,#1017,#1018,#1019,#1020,
#1021,#1022,#1023,#1024,#1025,#1026,#1027,#1028,#1029,#1030,#1031,#1032,
#1033,#1034,#1035,#1036,#1037,#1038,#1039,#1040,#1041,#1042,#1043,#1044,
#1045,#1046,#1047,#1048,#1049,#1050,#1051,#1052,#1053,#1054,#1055,#1056,
#1057,#1058,#1059,#1060,#1061,#1062,#1063,#1064,#1065,#1066,#1067,#1068,
#1069),.UNSPECIFIED.,.F.,.F.,(4,2,2,3,2,3,2,2,2,2,2,2,2,2,2,2,2,2,2,2,2,
2,2,2,2,2,2,2,2,2,2,2,2,2,2,2,2,2,2,2,2,2,2,2,2,2,4),(0.,0.0533893314581456,
0.083919772896042,0.114450214333938,0.144980655771835,0.160245876490783,
0.175511097209731,0.206041538647628,0.236571980085524,0.26710242152342,
0.297632862961317,0.328163304399213,0.35869374583711,0.389224187275006,
0.393040492454743,0.394948645044612,0.395902721339546,0.39685679763448,
0.404489407993954,0.419754628712902,0.435019849431851,0.450285070150799,
0.465550290869747,0.480815511588695,0.496080732307643,0.503713342667117,
0.507529647846854,0.509437800436723,0.510391876731657,0.511345953026592,
0.551222447965885,0.581129819170355,0.611037190374825,0.633467718778177,
0.668359651850059,0.69452860165397,0.725059043091866,0.740324263810814,
0.746430352098394,0.755589484529763,0.786119925967659,0.816650367405555,
0.847180808843452,0.877711250281348,0.908241691719245,0.938772133157141,
1.),.UNSPECIFIED.);
#34=B_SPLINE_CURVE_WITH_KNOTS('',3,(#1077,#1078,#1079,#1080,#1081,#1082,
#1083,#1084,#1085,#1086,#1087,#1088,#1089,#1090,#1091,#1092,#1093,#1094,
#1095,#1096,#1097,#1098,#1099,#1100,#1101,#1102,#1103,#1104,#1105,#1106,
#1107,#1108,#1109,#1110,#1111,#1112,#1113,#1114,#1115,#1116,#1117,#1118,
#1119,#1120,#1121,#1122,#1123,#1124,#1125,#1126,#1127,#1128,#1129,#1130,
#1131,#1132,#1133,#1134,#1135,#1136,#1137,#1138,#1139,#1140,#1141,#1142,
#1143,#1144,#1145,#1146,#1147,#1148,#1149,#1150,#1151,#1152,#1153,#1154,
#1155,#1156,#1157,#1158,#1159,#1160,#1161,#1162,#1163,#1164),
 .UNSPECIFIED.,.F.,.F.,(4,2,2,2,2,2,2,2,2,2,2,2,2,2,2,2,2,2,2,2,2,2,2,2,
2,2,2,2,2,2,2,2,2,2,2,2,2,2,2,2,2,2,2,4),(0.,0.0457866256697336,0.0771074007623801,
0.108428175855027,0.139748950947673,0.155409338493996,0.159324435380577,
0.163239532267158,0.17106972604032,0.202390501132966,0.229236879783806,
0.265032051318259,0.291878429969099,0.327673601503552,0.354519980154392,
0.390315151688845,0.421635926781492,0.425551023668073,0.429466120554653,
0.437296314327815,0.452956701874138,0.479803080524978,0.515598252059431,
0.542444630710271,0.578239802244724,0.605086180895564,0.640881352430017,
0.672202127522664,0.680032321295826,0.687862515068987,0.70352290261531,
0.734843677707957,0.766164452800603,0.79748522789325,0.828806002985896,
0.84446639053222,0.8483814874188,0.852296584305381,0.860126778078543,0.89144755317119,
0.922768328263836,0.954089103356482,0.985409878449129,1.),.UNSPECIFIED.);
#35=B_SPLINE_CURVE_WITH_KNOTS('',3,(#1168,#1169,#1170,#1171,#1172,#1173),
 .UNSPECIFIED.,.F.,.F.,(4,2,4),(0.,0.377342627642942,1.),.UNSPECIFIED.);
#36=B_SPLINE_CURVE_WITH_KNOTS('',3,(#1175,#1176,#1177,#1178,#1179,#1180,
#1181,#1182,#1183,#1184,#1185,#1186,#1187,#1188,#1189,#1190,#1191,#1192,
#1193,#1194,#1195,#1196,#1197,#1198,#1199,#1200,#1201,#1202,#1203,#1204,
#1205,#1206,#1207,#1208,#1209,#1210,#1211,#1212,#1213,#1214,#1215,#1216,
#1217,#1218,#1219,#1220,#1221,#1222,#1223,#1224,#1225,#1226,#1227,#1228,
#1229,#1230,#1231,#1232,#1233,#1234,#1235,#1236,#1237,#1238,#1239,#1240,
#1241,#1242,#1243,#1244,#1245,#1246,#1247,#1248,#1249,#1250),
 .UNSPECIFIED.,.F.,.F.,(4,2,2,2,2,2,2,2,2,2,2,2,2,2,2,2,2,2,2,2,2,2,2,2,
2,2,2,2,2,2,2,2,2,2,2,2,2,4),(0.,0.0853688785127264,0.118870846675331,0.17749929095989,
0.236127735244449,0.294756179529008,0.309413290600148,0.316741846135718,
0.324070401671288,0.353384623813567,0.382698845955846,0.412013068098126,
0.441327290240405,0.470641512382685,0.499955734524964,0.529269956667244,
0.558584178809523,0.573241289880663,0.580569845416233,0.587898400951803,
0.623075467522538,0.646526845236361,0.681703911807097,0.70515528952092,
0.740332356091656,0.763783733805479,0.793097955947759,0.800426511483328,
0.80482364480467,0.807755067018898,0.822412178090038,0.847538654211992,
0.881040622374597,0.906167098496551,0.939669066659156,0.968983288801435,
0.983640399872575,1.),.UNSPECIFIED.);
#37=B_SPLINE_CURVE_WITH_KNOTS('',2,(#1285,#1286,#1287,#1288,#1289,#1290,
#1291,#1292,#1293,#1294,#1295,#1296,#1297,#1298,#1299,#1300,#1301,#1302,
#1303,#1304,#1305,#1306,#1307,#1308,#1309,#1310,#1311,#1312,#1313,#1314,
#1315,#1316,#1317,#1318,#1319,#1320,#1321,#1322,#1323,#1324,#1325,#1326,
#1327,#1328,#1329,#1330,#1331,#1332,#1333,#1334,#1335,#1336,#1337,#1338,
#1339,#1340,#1341,#1342,#1343,#1344,#1345,#1346,#1347,#1348,#1349,#1350,
#1351,#1352,#1353,#1354,#1355,#1356,#1357,#1358,#1359),.UNSPECIFIED.,.F.,
 .F.,(3,2,2,2,2,2,2,2,2,2,2,2,2,2,2,2,2,2,2,2,2,2,2,2,2,2,2,2,2,2,2,2,2,
2,2,2,2,3),(0.,0.0267857142857143,0.0625,0.125,0.1875,0.25,0.265625,0.2734375,
0.28125,0.3125,0.34375,0.375,0.40625,0.4375,0.46875,0.5,0.53125,0.546875,
0.5546875,0.5625,0.6,0.625,0.6625,0.6875,0.725,0.75,0.78125,0.7890625,0.79375,
0.796875,0.8125,0.839285714285714,0.875,0.901785714285714,0.9375,0.96875,
0.984375,1.),.UNSPECIFIED.);
#38=B_SPLINE_CURVE_WITH_KNOTS('',2,(#1361,#1362,#1363),.UNSPECIFIED.,.F.,
 .F.,(3,3),(0.,1.),.UNSPECIFIED.);
#39=B_SPLINE_CURVE_WITH_KNOTS('',2,(#1367,#1368,#1369,#1370,#1371,#1372,
#1373,#1374,#1375,#1376,#1377,#1378,#1379,#1380,#1381,#1382,#1383,#1384,
#1385,#1386,#1387,#1388,#1389,#1390,#1391,#1392,#1393,#1394,#1395,#1396,
#1397,#1398,#1399,#1400,#1401,#1402,#1403,#1404,#1405,#1406,#1407,#1408,
#1409,#1410,#1411,#1412,#1413,#1414,#1415,#1416,#1417,#1418,#1419,#1420,
#1421,#1422,#1423,#1424,#1425,#1426,#1427,#1428,#1429,#1430,#1431,#1432,
#1433,#1434,#1435,#1436,#1437,#1438,#1439,#1440,#1441,#1442,#1443,#1444,
#1445,#1446,#1447,#1448,#1449,#1450,#1451,#1452,#1453),.UNSPECIFIED.,.F.,
 .F.,(3,2,2,2,2,2,2,2,2,2,2,2,2,2,2,2,2,2,2,2,2,2,2,2,2,2,2,2,2,2,2,2,2,
2,2,2,2,2,2,2,2,2,2,3),(0.,0.03125,0.0625,0.09375,0.125,0.140625,0.14453125,
0.1484375,0.15625,0.1875,0.214285714285714,0.25,0.276785714285714,0.3125,
0.339285714285714,0.375,0.40625,0.41015625,0.4140625,0.421875,0.4375,0.464285714285714,
0.5,0.526785714285714,0.5625,0.589285714285714,0.625,0.65625,0.6640625,
0.671875,0.6875,0.71875,0.75,0.78125,0.8125,0.828125,0.83203125,0.8359375,
0.84375,0.875,0.90625,0.9375,0.96875,1.),.UNSPECIFIED.);
#40=B_SPLINE_CURVE_WITH_KNOTS('',2,(#1454,#1455,#1456,#1457,#1458,#1459,
#1460,#1461,#1462,#1463,#1464,#1465,#1466,#1467,#1468,#1469,#1470,#1471,
#1472,#1473,#1474,#1475,#1476,#1477,#1478,#1479,#1480,#1481,#1482,#1483,
#1484,#1485,#1486,#1487,#1488,#1489,#1490,#1491,#1492,#1493,#1494,#1495,
#1496,#1497,#1498,#1499,#1500,#1501,#1502,#1503,#1504,#1505,#1506,#1507,
#1508,#1509,#1510,#1511,#1512,#1513,#1514,#1515,#1516,#1517,#1518,#1519,
#1520,#1521,#1522,#1523,#1524),.UNSPECIFIED.,.F.,.F.,(3,2,2,2,2,2,2,2,2,
2,2,2,2,2,2,2,2,2,2,2,2,2,2,2,2,2,2,2,2,2,2,2,2,2,2,3),(0.,0.0078125,0.015625,
0.021875,0.03125,0.0375,0.046875,0.0625,0.06875,0.078125,0.09375,0.09765625,
0.1015625,0.109375,0.115625,0.125,0.13125,0.140625,0.146875,0.15625,0.1625,
0.171875,0.1875,0.1953125,0.19921875,0.203125,0.21875,0.234375,0.2421875,
0.24609375,0.248046875,0.24853515625,0.2490234375,0.25,0.5,1.),
 .UNSPECIFIED.);
#41=B_SPLINE_CURVE_WITH_KNOTS('',2,(#1529,#1530,#1531,#1532,#1533,#1534,
#1535,#1536,#1537,#1538,#1539,#1540,#1541,#1542,#1543,#1544,#1545,#1546,
#1547,#1548,#1549,#1550,#1551,#1552,#1553,#1554,#1555,#1556,#1557,#1558,
#1559,#1560,#1561,#1562,#1563,#1564,#1565,#1566,#1567,#1568,#1569,#1570,
#1571,#1572,#1573,#1574,#1575,#1576,#1577,#1578,#1579,#1580,#1581,#1582,
#1583,#1584,#1585,#1586,#1587,#1588,#1589,#1590,#1591,#1592,#1593,#1594,
#1595,#1596,#1597,#1598,#1599,#1600,#1601,#1602,#1603,#1604,#1605,#1606,
#1607,#1608,#1609,#1610,#1611,#1612,#1613,#1614,#1615,#1616,#1617,#1618,
#1619,#1620,#1621),.UNSPECIFIED.,.F.,.F.,(3,2,2,2,2,2,2,2,2,2,2,2,2,2,2,
2,2,2,2,2,2,2,2,2,2,2,2,2,2,2,2,2,2,2,2,2,2,2,2,2,2,2,2,2,2,2,3),(0.,0.03125,
0.0625,0.09375,0.125,0.140625,0.15625,0.1875,0.21875,0.25,0.28125,0.3125,
0.34375,0.375,0.37890625,0.380859375,0.3818359375,0.3828125,0.390625,0.40625,
0.421875,0.4375,0.453125,0.46875,0.484375,0.4921875,0.49609375,0.498046875,
0.4990234375,0.5,0.540816326530612,0.571428571428571,0.602040816326531,
0.625,0.660714285714286,0.6875,0.71875,0.734375,0.740625,0.75,0.78125,0.8125,
0.84375,0.875,0.90625,0.9375,1.),.UNSPECIFIED.);
#42=B_SPLINE_CURVE_WITH_KNOTS('',2,(#1623,#1624,#1625,#1626,#1627,#1628,
#1629,#1630,#1631,#1632,#1633,#1634,#1635,#1636,#1637,#1638,#1639,#1640,
#1641,#1642,#1643,#1644,#1645,#1646,#1647,#1648,#1649,#1650,#1651,#1652,
#1653,#1654,#1655,#1656,#1657,#1658,#1659,#1660,#1661,#1662,#1663,#1664,
#1665,#1666,#1667,#1668,#1669,#1670,#1671,#1672,#1673,#1674,#1675,#1676,
#1677,#1678,#1679,#1680,#1681,#1682,#1683,#1684,#1685,#1686,#1687,#1688,
#1689,#1690,#1691,#1692,#1693,#1694,#1695,#1696,#1697),.UNSPECIFIED.,.F.,
 .F.,(3,2,2,2,2,2,2,2,2,2,2,2,2,2,2,2,2,2,2,2,2,2,2,2,2,2,2,2,2,2,2,2,2,
2,2,2,2,3),(0.,0.03125,0.0625,0.0875,0.125,0.15,0.1875,0.2125,0.25,0.28125,
0.3125,0.3375,0.375,0.4,0.4375,0.4625,0.5,0.53125,0.546875,0.55078125,0.5546875,
0.5625,0.59375,0.625,0.65625,0.6875,0.71875,0.75,0.765625,0.7734375,0.78125,
0.8125,0.84375,0.875,0.90625,0.9375,0.96875,1.),.UNSPECIFIED.);
#43=B_SPLINE_CURVE_WITH_KNOTS('',2,(#1701,#1702,#1703,#1704,#1705,#1706,
#1707,#1708,#1709,#1710,#1711,#1712,#1713,#1714,#1715,#1716,#1717,#1718,
#1719,#1720,#1721,#1722,#1723,#1724,#1725,#1726,#1727,#1728,#1729,#1730,
#1731,#1732,#1733,#1734,#1735,#1736,#1737,#1738,#1739,#1740,#1741,#1742,
#1743,#1744,#1745,#1746,#1747,#1748,#1749,#1750,#1751,#1752,#1753,#1754,
#1755,#1756,#1757,#1758,#1759,#1760,#1761,#1762,#1763,#1764,#1765,#1766,
#1767,#1768,#1769,#1770,#1771,#1772,#1773,#1774,#1775,#1776,#1777,#1778,
#1779,#1780,#1781,#1782,#1783,#1784,#1785,#1786,#1787,#1788,#1789,#1790,
#1791),.UNSPECIFIED.,.F.,.F.,(3,2,2,2,2,2,2,2,2,2,2,2,2,2,2,2,2,2,2,2,2,
2,2,2,2,2,2,2,2,2,2,2,2,2,2,2,2,2,2,2,2,2,2,2,2,3),(0.,0.0125,0.03125,0.046875,
0.0546875,0.0558035714285714,0.0569196428571429,0.05859375,0.0625,0.0982142857142857,
0.125,0.15,0.1875,0.21875,0.25,0.28125,0.296875,0.30078125,0.3046875,0.3125,
0.3375,0.375,0.4,0.4375,0.4625,0.5,0.53125,0.5390625,0.546875,0.5625,0.59375,
0.625,0.65625,0.6875,0.71875,0.75,0.765625,0.7734375,0.77734375,0.78125,
0.8125,0.84375,0.875,0.90625,0.9375,1.),.UNSPECIFIED.);
#44=B_SPLINE_CURVE_WITH_KNOTS('',2,(#1998,#1999,#2000,#2001,#2002,#2003,
#2004,#2005,#2006,#2007,#2008,#2009,#2010,#2011,#2012,#2013,#2014,#2015,
#2016,#2017,#2018,#2019,#2020,#2021,#2022,#2023,#2024,#2025,#2026,#2027,
#2028,#2029,#2030,#2031,#2032,#2033,#2034,#2035,#2036,#2037,#2038,#2039,
#2040,#2041,#2042,#2043,#2044,#2045,#2046,#2047,#2048,#2049,#2050,#2051,
#2052,#2053,#2054,#2055,#2056,#2057,#2058,#2059,#2060,#2061,#2062,#2063,
#2064,#2065,#2066,#2067,#2068,#2069,#2070,#2071,#2072,#2073,#2074,#2075,
#2076,#2077,#2078,#2079,#2080,#2081,#2082,#2083,#2084,#2085,#2086,#2087,
#2088,#2089,#2090),.UNSPECIFIED.,.F.,.F.,(3,2,2,2,2,2,2,2,2,2,2,2,2,2,2,
2,2,2,2,2,2,2,2,2,2,2,2,2,2,2,2,2,2,2,2,2,2,2,2,2,2,2,2,2,2,2,3),(0.,0.03125,
0.0625,0.09375,0.125,0.140625,0.15625,0.1875,0.21875,0.25,0.28125,0.3125,
0.34375,0.375,0.37890625,0.380859375,0.3818359375,0.3828125,0.390625,0.40625,
0.421875,0.4375,0.453125,0.46875,0.484375,0.4921875,0.49609375,0.498046875,
0.4990234375,0.5,0.540816326530612,0.571428571428571,0.602040816326531,
0.625,0.660714285714286,0.6875,0.71875,0.734375,0.740625,0.75,0.78125,0.8125,
0.84375,0.875,0.90625,0.9375,1.),.UNSPECIFIED.);
#45=B_SPLINE_CURVE_WITH_KNOTS('',2,(#2135,#2136,#2137,#2138,#2139,#2140,
#2141,#2142,#2143,#2144,#2145,#2146,#2147,#2148,#2149,#2150,#2151,#2152,
#2153,#2154,#2155,#2156,#2157,#2158,#2159,#2160,#2161,#2162,#2163,#2164,
#2165,#2166,#2167,#2168,#2169,#2170,#2171,#2172,#2173,#2174,#2175,#2176,
#2177,#2178,#2179,#2180,#2181,#2182,#2183,#2184,#2185,#2186,#2187,#2188,
#2189,#2190,#2191,#2192,#2193,#2194,#2195,#2196,#2197,#2198,#2199,#2200,
#2201,#2202,#2203,#2204,#2205,#2206,#2207,#2208,#2209),.UNSPECIFIED.,.F.,
 .F.,(3,2,2,2,2,2,2,2,2,2,2,2,2,2,2,2,2,2,2,2,2,2,2,2,2,2,2,2,2,2,2,2,2,
2,2,2,2,3),(0.,0.03125,0.0625,0.0875,0.125,0.15,0.1875,0.2125,0.25,0.28125,
0.3125,0.3375,0.375,0.4,0.4375,0.4625,0.5,0.53125,0.546875,0.55078125,0.5546875,
0.5625,0.59375,0.625,0.65625,0.6875,0.71875,0.75,0.765625,0.7734375,0.78125,
0.8125,0.84375,0.875,0.90625,0.9375,0.96875,1.),.UNSPECIFIED.);
#46=B_SPLINE_CURVE_WITH_KNOTS('',2,(#2264,#2265,#2266,#2267,#2268,#2269,
#2270,#2271,#2272,#2273,#2274,#2275,#2276,#2277,#2278,#2279,#2280,#2281,
#2282,#2283,#2284,#2285,#2286,#2287,#2288,#2289,#2290,#2291,#2292,#2293,
#2294,#2295,#2296,#2297,#2298,#2299,#2300,#2301,#2302,#2303,#2304,#2305,
#2306,#2307,#2308,#2309,#2310,#2311,#2312,#2313,#2314,#2315,#2316,#2317,
#2318,#2319,#2320,#2321,#2322,#2323,#2324,#2325,#2326,#2327,#2328,#2329,
#2330,#2331,#2332,#2333,#2334,#2335,#2336,#2337,#2338,#2339,#2340,#2341,
#2342,#2343,#2344,#2345,#2346,#2347,#2348,#2349,#2350,#2351,#2352,#2353,
#2354),.UNSPECIFIED.,.F.,.F.,(3,2,2,2,2,2,2,2,2,2,2,2,2,2,2,2,2,2,2,2,2,
2,2,2,2,2,2,2,2,2,2,2,2,2,2,2,2,2,2,2,2,2,2,2,2,3),(0.,0.0125,0.03125,0.046875,
0.0546875,0.0558035714285714,0.0569196428571429,0.05859375,0.0625,0.0982142857142857,
0.125,0.15,0.1875,0.21875,0.25,0.28125,0.296875,0.30078125,0.3046875,0.3125,
0.3375,0.375,0.4,0.4375,0.4625,0.5,0.53125,0.5390625,0.546875,0.5625,0.59375,
0.625,0.65625,0.6875,0.71875,0.75,0.765625,0.7734375,0.77734375,0.78125,
0.8125,0.84375,0.875,0.90625,0.9375,1.),.UNSPECIFIED.);
#47=B_SPLINE_CURVE_WITH_KNOTS('',2,(#2415,#2416,#2417,#2418,#2419,#2420,
#2421,#2422,#2423,#2424,#2425,#2426,#2427,#2428,#2429,#2430,#2431,#2432,
#2433,#2434,#2435,#2436,#2437,#2438,#2439,#2440,#2441,#2442,#2443,#2444,
#2445,#2446,#2447,#2448,#2449,#2450,#2451,#2452,#2453,#2454,#2455,#2456,
#2457,#2458,#2459,#2460,#2461,#2462,#2463,#2464,#2465,#2466,#2467,#2468,
#2469,#2470,#2471,#2472,#2473,#2474,#2475,#2476,#2477,#2478,#2479,#2480,
#2481,#2482,#2483,#2484,#2485),.UNSPECIFIED.,.F.,.F.,(3,2,2,2,2,2,2,2,2,
2,2,2,2,2,2,2,2,2,2,2,2,2,2,2,2,2,2,2,2,2,2,2,2,2,2,3),(0.,0.0078125,0.015625,
0.021875,0.03125,0.0375,0.046875,0.0625,0.06875,0.078125,0.09375,0.09765625,
0.1015625,0.109375,0.115625,0.125,0.13125,0.140625,0.146875,0.15625,0.1625,
0.171875,0.1875,0.1953125,0.19921875,0.203125,0.21875,0.234375,0.2421875,
0.24609375,0.248046875,0.24853515625,0.2490234375,0.25,0.5,1.),
 .UNSPECIFIED.);
#48=B_SPLINE_CURVE_WITH_KNOTS('',2,(#2546,#2547,#2548,#2549,#2550,#2551,
#2552,#2553,#2554,#2555,#2556,#2557,#2558,#2559,#2560,#2561,#2562,#2563,
#2564,#2565,#2566,#2567,#2568,#2569,#2570,#2571,#2572,#2573,#2574,#2575,
#2576,#2577,#2578,#2579,#2580,#2581,#2582,#2583,#2584,#2585,#2586,#2587,
#2588,#2589,#2590,#2591,#2592,#2593,#2594,#2595,#2596,#2597,#2598,#2599,
#2600,#2601,#2602,#2603,#2604,#2605,#2606,#2607,#2608,#2609,#2610,#2611,
#2612,#2613,#2614,#2615,#2616,#2617,#2618,#2619,#2620),.UNSPECIFIED.,.F.,
 .F.,(3,2,2,2,2,2,2,2,2,2,2,2,2,2,2,2,2,2,2,2,2,2,2,2,2,2,2,2,2,2,2,2,2,
2,2,2,2,3),(0.,0.0267857142857143,0.0625,0.125,0.1875,0.25,0.265625,0.2734375,
0.28125,0.3125,0.34375,0.375,0.40625,0.4375,0.46875,0.5,0.53125,0.546875,
0.5546875,0.5625,0.6,0.625,0.6625,0.6875,0.725,0.75,0.78125,0.7890625,0.79375,
0.796875,0.8125,0.839285714285714,0.875,0.901785714285714,0.9375,0.96875,
0.984375,1.),.UNSPECIFIED.);
#49=B_SPLINE_CURVE_WITH_KNOTS('',2,(#2631,#2632,#2633),.UNSPECIFIED.,.F.,
 .F.,(3,3),(0.,1.),.UNSPECIFIED.);
#50=B_SPLINE_CURVE_WITH_KNOTS('',2,(#2686,#2687,#2688,#2689,#2690,#2691,
#2692,#2693,#2694,#2695,#2696,#2697,#2698,#2699,#2700,#2701,#2702,#2703,
#2704,#2705,#2706,#2707,#2708,#2709,#2710,#2711,#2712,#2713,#2714,#2715,
#2716,#2717,#2718,#2719,#2720,#2721,#2722,#2723,#2724,#2725,#2726,#2727,
#2728,#2729,#2730,#2731,#2732,#2733,#2734,#2735,#2736,#2737,#2738,#2739,
#2740,#2741,#2742,#2743,#2744,#2745,#2746,#2747,#2748,#2749,#2750,#2751,
#2752,#2753,#2754,#2755,#2756,#2757,#2758,#2759,#2760,#2761,#2762,#2763,
#2764,#2765,#2766,#2767,#2768,#2769,#2770,#2771,#2772),.UNSPECIFIED.,.F.,
 .F.,(3,2,2,2,2,2,2,2,2,2,2,2,2,2,2,2,2,2,2,2,2,2,2,2,2,2,2,2,2,2,2,2,2,
2,2,2,2,2,2,2,2,2,2,3),(0.,0.03125,0.0625,0.09375,0.125,0.140625,0.14453125,
0.1484375,0.15625,0.1875,0.214285714285714,0.25,0.276785714285714,0.3125,
0.339285714285714,0.375,0.40625,0.41015625,0.4140625,0.421875,0.4375,0.464285714285714,
0.5,0.526785714285714,0.5625,0.589285714285714,0.625,0.65625,0.6640625,
0.671875,0.6875,0.71875,0.75,0.78125,0.8125,0.828125,0.83203125,0.8359375,
0.84375,0.875,0.90625,0.9375,0.96875,1.),.UNSPECIFIED.);
#51=B_SPLINE_CURVE_WITH_KNOTS('',3,(#2937,#2938,#2939,#2940,#2941,#2942,
#2943,#2944,#2945,#2946,#2947,#2948,#2949,#2950,#2951,#2952,#2953,#2954,
#2955,#2956,#2957,#2958,#2959,#2960,#2961,#2962,#2963,#2964,#2965,#2966,
#2967,#2968,#2969,#2970,#2971,#2972,#2973,#2974,#2975,#2976,#2977,#2978,
#2979,#2980,#2981,#2982,#2983,#2984,#2985,#2986,#2987,#2988,#2989,#2990,
#2991,#2992,#2993,#2994,#2995,#2996,#2997,#2998,#2999,#3000,#3001,#3002,
#3003,#3004,#3005,#3006,#3007,#3008,#3009,#3010,#3011,#3012,#3013,#3014,
#3015,#3016,#3017,#3018,#3019,#3020,#3021,#3022,#3023,#3024,#3025,#3026,
#3027,#3028,#3029,#3030,#3031,#3032),.UNSPECIFIED.,.F.,.F.,(4,2,2,3,2,3,
2,2,2,2,2,2,2,2,2,2,2,2,2,2,2,2,2,2,2,2,2,2,2,2,2,2,2,2,2,2,2,2,2,2,2,2,
2,2,2,2,4),(0.,0.0533893314581456,0.083919772896042,0.114450214333938,0.144980655771835,
0.160245876490783,0.175511097209731,0.206041538647628,0.236571980085524,
0.26710242152342,0.297632862961317,0.328163304399213,0.35869374583711,0.389224187275006,
0.393040492454743,0.394948645044612,0.395902721339546,0.39685679763448,
0.404489407993954,0.419754628712902,0.435019849431851,0.450285070150799,
0.465550290869747,0.480815511588695,0.496080732307643,0.503713342667117,
0.507529647846854,0.509437800436723,0.510391876731657,0.511345953026592,
0.551222447965885,0.581129819170355,0.611037190374825,0.633467718778177,
0.668359651850059,0.69452860165397,0.725059043091866,0.740324263810814,
0.746430352098394,0.755589484529763,0.786119925967659,0.816650367405555,
0.847180808843452,0.877711250281348,0.908241691719245,0.938772133157141,
1.),.UNSPECIFIED.);
#52=B_SPLINE_CURVE_WITH_KNOTS('',3,(#3075,#3076,#3077,#3078,#3079,#3080,
#3081,#3082,#3083,#3084,#3085,#3086,#3087,#3088,#3089,#3090,#3091,#3092,
#3093,#3094,#3095,#3096,#3097,#3098,#3099,#3100,#3101,#3102,#3103,#3104,
#3105,#3106,#3107,#3108,#3109,#3110,#3111,#3112,#3113,#3114,#3115,#3116,
#3117,#3118,#3119,#3120,#3121,#3122,#3123,#3124,#3125,#3126,#3127,#3128,
#3129,#3130,#3131,#3132,#3133,#3134,#3135,#3136,#3137,#3138,#3139,#3140,
#3141,#3142,#3143,#3144,#3145,#3146,#3147,#3148,#3149,#3150),
 .UNSPECIFIED.,.F.,.F.,(4,2,2,2,2,2,2,2,2,2,2,2,2,2,2,2,2,2,2,2,2,2,2,2,
2,2,2,2,2,2,2,2,2,2,2,2,2,4),(0.,0.0308195446911585,0.061489256870018,0.0860250266131055,
0.122828681227737,0.147364450970824,0.184168105585456,0.208703875328543,
0.245507529943175,0.276177242122034,0.306846954300894,0.331382724043981,
0.368186378658613,0.3927221484017,0.429525803016331,0.454061572759419,0.49086522737405,
0.52153493955291,0.536869795642339,0.540703509664697,0.544537223687054,
0.552204651731769,0.582874363910629,0.613544076089488,0.644213788268348,
0.674883500447207,0.705553212626067,0.736222924804926,0.751557780894356,
0.759225208939071,0.766892636983785,0.797562349162645,0.828232061341504,
0.858901773520364,0.889571485699223,0.920241197878083,0.950910910056942,
1.),.UNSPECIFIED.);
#53=B_SPLINE_CURVE_WITH_KNOTS('',3,(#3222,#3223,#3224,#3225,#3226,#3227,
#3228,#3229,#3230,#3231,#3232,#3233,#3234,#3235,#3236,#3237,#3238,#3239,
#3240,#3241,#3242,#3243,#3244,#3245,#3246,#3247,#3248,#3249,#3250,#3251,
#3252,#3253,#3254,#3255,#3256,#3257,#3258,#3259,#3260,#3261,#3262,#3263,
#3264,#3265,#3266,#3267,#3268,#3269,#3270,#3271,#3272,#3273,#3274,#3275,
#3276,#3277,#3278,#3279,#3280,#3281,#3282,#3283,#3284,#3285,#3286,#3287,
#3288,#3289,#3290,#3291,#3292,#3293,#3294,#3295,#3296,#3297),
 .UNSPECIFIED.,.F.,.F.,(4,2,2,2,2,2,2,2,2,2,2,2,2,2,2,2,2,2,2,2,2,2,2,2,
2,2,2,2,2,2,2,2,2,2,2,2,2,4),(0.,0.0853688785127264,0.118870846675331,0.17749929095989,
0.236127735244449,0.294756179529008,0.309413290600148,0.316741846135718,
0.324070401671288,0.353384623813567,0.382698845955846,0.412013068098126,
0.441327290240405,0.470641512382685,0.499955734524964,0.529269956667244,
0.558584178809523,0.573241289880663,0.580569845416233,0.587898400951803,
0.623075467522538,0.646526845236361,0.681703911807097,0.70515528952092,
0.740332356091656,0.763783733805479,0.793097955947759,0.800426511483328,
0.80482364480467,0.807755067018898,0.822412178090038,0.847538654211992,
0.881040622374597,0.906167098496551,0.939669066659156,0.968983288801435,
0.983640399872575,1.),.UNSPECIFIED.);
#54=B_SPLINE_CURVE_WITH_KNOTS('',3,(#3310,#3311,#3312,#3313,#3314,#3315),
 .UNSPECIFIED.,.F.,.F.,(4,2,4),(0.,0.377342627642942,1.),.UNSPECIFIED.);
#55=B_SPLINE_CURVE_WITH_KNOTS('',3,(#3364,#3365,#3366,#3367,#3368,#3369,
#3370,#3371,#3372,#3373,#3374,#3375,#3376,#3377,#3378,#3379,#3380,#3381,
#3382,#3383,#3384,#3385,#3386,#3387,#3388,#3389,#3390,#3391,#3392,#3393,
#3394,#3395,#3396,#3397,#3398,#3399,#3400,#3401,#3402,#3403,#3404,#3405,
#3406,#3407,#3408,#3409,#3410,#3411,#3412,#3413,#3414,#3415,#3416,#3417,
#3418,#3419,#3420,#3421,#3422,#3423,#3424,#3425,#3426,#3427,#3428,#3429,
#3430,#3431,#3432,#3433,#3434,#3435,#3436,#3437,#3438,#3439,#3440,#3441,
#3442,#3443,#3444,#3445,#3446,#3447,#3448,#3449,#3450,#3451),
 .UNSPECIFIED.,.F.,.F.,(4,2,2,2,2,2,2,2,2,2,2,2,2,2,2,2,2,2,2,2,2,2,2,2,
2,2,2,2,2,2,2,2,2,2,2,2,2,2,2,2,2,2,2,4),(0.,0.0457866256697336,0.0771074007623801,
0.108428175855027,0.139748950947673,0.155409338493996,0.159324435380577,
0.163239532267158,0.17106972604032,0.202390501132966,0.229236879783806,
0.265032051318259,0.291878429969099,0.327673601503552,0.354519980154392,
0.390315151688845,0.421635926781492,0.425551023668073,0.429466120554653,
0.437296314327815,0.452956701874138,0.479803080524978,0.515598252059431,
0.542444630710271,0.578239802244724,0.605086180895564,0.640881352430017,
0.672202127522664,0.680032321295826,0.687862515068987,0.70352290261531,
0.734843677707957,0.766164452800603,0.79748522789325,0.828806002985896,
0.84446639053222,0.8483814874188,0.852296584305381,0.860126778078543,0.89144755317119,
0.922768328263836,0.954089103356482,0.985409878449129,1.),.UNSPECIFIED.);
#56=ORIENTED_EDGE('',*,*,#254,.T.);
#57=ORIENTED_EDGE('',*,*,#255,.T.);
#58=ORIENTED_EDGE('',*,*,#256,.T.);
#59=ORIENTED_EDGE('',*,*,#257,.T.);
#60=ORIENTED_EDGE('',*,*,#258,.F.);
#61=ORIENTED_EDGE('',*,*,#259,.F.);
#62=ORIENTED_EDGE('',*,*,#260,.F.);
#63=ORIENTED_EDGE('',*,*,#261,.F.);
#64=ORIENTED_EDGE('',*,*,#262,.F.);
#65=ORIENTED_EDGE('',*,*,#263,.F.);
#66=ORIENTED_EDGE('',*,*,#264,.F.);
#67=ORIENTED_EDGE('',*,*,#265,.F.);
#68=ORIENTED_EDGE('',*,*,#266,.F.);
#69=ORIENTED_EDGE('',*,*,#267,.F.);
#70=ORIENTED_EDGE('',*,*,#268,.F.);
#71=ORIENTED_EDGE('',*,*,#269,.F.);
#72=ORIENTED_EDGE('',*,*,#270,.F.);
#73=ORIENTED_EDGE('',*,*,#271,.F.);
#74=ORIENTED_EDGE('',*,*,#272,.T.);
#75=ORIENTED_EDGE('',*,*,#273,.F.);
#76=ORIENTED_EDGE('',*,*,#254,.F.);
#77=ORIENTED_EDGE('',*,*,#274,.T.);
#78=ORIENTED_EDGE('',*,*,#275,.T.);
#79=ORIENTED_EDGE('',*,*,#276,.F.);
#80=ORIENTED_EDGE('',*,*,#255,.F.);
#81=ORIENTED_EDGE('',*,*,#273,.T.);
#82=ORIENTED_EDGE('',*,*,#277,.T.);
#83=ORIENTED_EDGE('',*,*,#278,.F.);
#84=ORIENTED_EDGE('',*,*,#256,.F.);
#85=ORIENTED_EDGE('',*,*,#276,.T.);
#86=ORIENTED_EDGE('',*,*,#279,.T.);
#87=ORIENTED_EDGE('',*,*,#274,.F.);
#88=ORIENTED_EDGE('',*,*,#257,.F.);
#89=ORIENTED_EDGE('',*,*,#278,.T.);
#90=ORIENTED_EDGE('',*,*,#280,.T.);
#91=ORIENTED_EDGE('',*,*,#281,.T.);
#92=ORIENTED_EDGE('',*,*,#282,.T.);
#93=ORIENTED_EDGE('',*,*,#283,.T.);
#94=ORIENTED_EDGE('',*,*,#284,.T.);
#95=ORIENTED_EDGE('',*,*,#285,.T.);
#96=ORIENTED_EDGE('',*,*,#286,.T.);
#97=ORIENTED_EDGE('',*,*,#287,.T.);
#98=ORIENTED_EDGE('',*,*,#288,.T.);
#99=ORIENTED_EDGE('',*,*,#289,.T.);
#100=ORIENTED_EDGE('',*,*,#290,.T.);
#101=ORIENTED_EDGE('',*,*,#291,.T.);
#102=ORIENTED_EDGE('',*,*,#292,.T.);
#103=ORIENTED_EDGE('',*,*,#293,.T.);
#104=ORIENTED_EDGE('',*,*,#294,.T.);
#105=ORIENTED_EDGE('',*,*,#272,.F.);
#106=ORIENTED_EDGE('',*,*,#279,.F.);
#107=ORIENTED_EDGE('',*,*,#277,.F.);
#108=ORIENTED_EDGE('',*,*,#275,.F.);
#109=ORIENTED_EDGE('',*,*,#295,.T.);
#110=ORIENTED_EDGE('',*,*,#296,.T.);
#111=ORIENTED_EDGE('',*,*,#297,.F.);
#112=ORIENTED_EDGE('',*,*,#290,.F.);
#113=ORIENTED_EDGE('',*,*,#297,.T.);
#114=ORIENTED_EDGE('',*,*,#298,.T.);
#115=ORIENTED_EDGE('',*,*,#299,.F.);
#116=ORIENTED_EDGE('',*,*,#291,.F.);
#117=ORIENTED_EDGE('',*,*,#299,.T.);
#118=ORIENTED_EDGE('',*,*,#300,.T.);
#119=ORIENTED_EDGE('',*,*,#301,.F.);
#120=ORIENTED_EDGE('',*,*,#292,.F.);
#121=ORIENTED_EDGE('',*,*,#301,.T.);
#122=ORIENTED_EDGE('',*,*,#302,.T.);
#123=ORIENTED_EDGE('',*,*,#303,.F.);
#124=ORIENTED_EDGE('',*,*,#293,.F.);
#125=ORIENTED_EDGE('',*,*,#303,.T.);
#126=ORIENTED_EDGE('',*,*,#304,.T.);
#127=ORIENTED_EDGE('',*,*,#305,.F.);
#128=ORIENTED_EDGE('',*,*,#294,.F.);
#129=ORIENTED_EDGE('',*,*,#305,.T.);
#130=ORIENTED_EDGE('',*,*,#306,.T.);
#131=ORIENTED_EDGE('',*,*,#295,.F.);
#132=ORIENTED_EDGE('',*,*,#289,.F.);
#133=ORIENTED_EDGE('',*,*,#307,.T.);
#134=ORIENTED_EDGE('',*,*,#308,.T.);
#135=ORIENTED_EDGE('',*,*,#309,.F.);
#136=ORIENTED_EDGE('',*,*,#281,.F.);
#137=ORIENTED_EDGE('',*,*,#309,.T.);
#138=ORIENTED_EDGE('',*,*,#310,.T.);
#139=ORIENTED_EDGE('',*,*,#311,.F.);
#140=ORIENTED_EDGE('',*,*,#282,.F.);
#141=ORIENTED_EDGE('',*,*,#311,.T.);
#142=ORIENTED_EDGE('',*,*,#312,.T.);
#143=ORIENTED_EDGE('',*,*,#313,.F.);
#144=ORIENTED_EDGE('',*,*,#283,.F.);
#145=ORIENTED_EDGE('',*,*,#313,.T.);
#146=ORIENTED_EDGE('',*,*,#314,.T.);
#147=ORIENTED_EDGE('',*,*,#315,.F.);
#148=ORIENTED_EDGE('',*,*,#284,.F.);
#149=ORIENTED_EDGE('',*,*,#315,.T.);
#150=ORIENTED_EDGE('',*,*,#316,.T.);
#151=ORIENTED_EDGE('',*,*,#317,.F.);
#152=ORIENTED_EDGE('',*,*,#285,.F.);
#153=ORIENTED_EDGE('',*,*,#317,.T.);
#154=ORIENTED_EDGE('',*,*,#318,.T.);
#155=ORIENTED_EDGE('',*,*,#319,.F.);
#156=ORIENTED_EDGE('',*,*,#286,.F.);
#157=ORIENTED_EDGE('',*,*,#319,.T.);
#158=ORIENTED_EDGE('',*,*,#320,.T.);
#159=ORIENTED_EDGE('',*,*,#321,.F.);
#160=ORIENTED_EDGE('',*,*,#287,.F.);
#161=ORIENTED_EDGE('',*,*,#321,.T.);
#162=ORIENTED_EDGE('',*,*,#322,.T.);
#163=ORIENTED_EDGE('',*,*,#323,.F.);
#164=ORIENTED_EDGE('',*,*,#288,.F.);
#165=ORIENTED_EDGE('',*,*,#323,.T.);
#166=ORIENTED_EDGE('',*,*,#324,.T.);
#167=ORIENTED_EDGE('',*,*,#307,.F.);
#168=ORIENTED_EDGE('',*,*,#280,.F.);
#169=ORIENTED_EDGE('',*,*,#258,.T.);
#170=ORIENTED_EDGE('',*,*,#325,.F.);
#171=ORIENTED_EDGE('',*,*,#326,.F.);
#172=ORIENTED_EDGE('',*,*,#327,.T.);
#173=ORIENTED_EDGE('',*,*,#262,.T.);
#174=ORIENTED_EDGE('',*,*,#328,.F.);
#175=ORIENTED_EDGE('',*,*,#329,.F.);
#176=ORIENTED_EDGE('',*,*,#325,.T.);
#177=ORIENTED_EDGE('',*,*,#261,.T.);
#178=ORIENTED_EDGE('',*,*,#330,.F.);
#179=ORIENTED_EDGE('',*,*,#331,.F.);
#180=ORIENTED_EDGE('',*,*,#328,.T.);
#181=ORIENTED_EDGE('',*,*,#260,.T.);
#182=ORIENTED_EDGE('',*,*,#332,.F.);
#183=ORIENTED_EDGE('',*,*,#333,.F.);
#184=ORIENTED_EDGE('',*,*,#330,.T.);
#185=ORIENTED_EDGE('',*,*,#259,.T.);
#186=ORIENTED_EDGE('',*,*,#327,.F.);
#187=ORIENTED_EDGE('',*,*,#334,.F.);
#188=ORIENTED_EDGE('',*,*,#332,.T.);
#189=ORIENTED_EDGE('',*,*,#326,.T.);
#190=ORIENTED_EDGE('',*,*,#329,.T.);
#191=ORIENTED_EDGE('',*,*,#331,.T.);
#192=ORIENTED_EDGE('',*,*,#333,.T.);
#193=ORIENTED_EDGE('',*,*,#334,.T.);
#194=ORIENTED_EDGE('',*,*,#306,.F.);
#195=ORIENTED_EDGE('',*,*,#304,.F.);
#196=ORIENTED_EDGE('',*,*,#302,.F.);
#197=ORIENTED_EDGE('',*,*,#300,.F.);
#198=ORIENTED_EDGE('',*,*,#298,.F.);
#199=ORIENTED_EDGE('',*,*,#296,.F.);
#200=ORIENTED_EDGE('',*,*,#264,.T.);
#201=ORIENTED_EDGE('',*,*,#335,.F.);
#202=ORIENTED_EDGE('',*,*,#336,.F.);
#203=ORIENTED_EDGE('',*,*,#337,.T.);
#204=ORIENTED_EDGE('',*,*,#263,.T.);
#205=ORIENTED_EDGE('',*,*,#338,.F.);
#206=ORIENTED_EDGE('',*,*,#339,.F.);
#207=ORIENTED_EDGE('',*,*,#335,.T.);
#208=ORIENTED_EDGE('',*,*,#271,.T.);
#209=ORIENTED_EDGE('',*,*,#340,.F.);
#210=ORIENTED_EDGE('',*,*,#341,.F.);
#211=ORIENTED_EDGE('',*,*,#338,.T.);
#212=ORIENTED_EDGE('',*,*,#270,.T.);
#213=ORIENTED_EDGE('',*,*,#342,.F.);
#214=ORIENTED_EDGE('',*,*,#343,.F.);
#215=ORIENTED_EDGE('',*,*,#340,.T.);
#216=ORIENTED_EDGE('',*,*,#269,.T.);
#217=ORIENTED_EDGE('',*,*,#344,.F.);
#218=ORIENTED_EDGE('',*,*,#345,.F.);
#219=ORIENTED_EDGE('',*,*,#342,.T.);
#220=ORIENTED_EDGE('',*,*,#268,.T.);
#221=ORIENTED_EDGE('',*,*,#346,.F.);
#222=ORIENTED_EDGE('',*,*,#347,.F.);
#223=ORIENTED_EDGE('',*,*,#344,.T.);
#224=ORIENTED_EDGE('',*,*,#267,.T.);
#225=ORIENTED_EDGE('',*,*,#348,.F.);
#226=ORIENTED_EDGE('',*,*,#349,.F.);
#227=ORIENTED_EDGE('',*,*,#346,.T.);
#228=ORIENTED_EDGE('',*,*,#266,.T.);
#229=ORIENTED_EDGE('',*,*,#350,.F.);
#230=ORIENTED_EDGE('',*,*,#351,.F.);
#231=ORIENTED_EDGE('',*,*,#348,.T.);
#232=ORIENTED_EDGE('',*,*,#265,.T.);
#233=ORIENTED_EDGE('',*,*,#337,.F.);
#234=ORIENTED_EDGE('',*,*,#352,.F.);
#235=ORIENTED_EDGE('',*,*,#350,.T.);
#236=ORIENTED_EDGE('',*,*,#322,.F.);
#237=ORIENTED_EDGE('',*,*,#320,.F.);
#238=ORIENTED_EDGE('',*,*,#318,.F.);
#239=ORIENTED_EDGE('',*,*,#316,.F.);
#240=ORIENTED_EDGE('',*,*,#314,.F.);
#241=ORIENTED_EDGE('',*,*,#312,.F.);
#242=ORIENTED_EDGE('',*,*,#310,.F.);
#243=ORIENTED_EDGE('',*,*,#308,.F.);
#244=ORIENTED_EDGE('',*,*,#324,.F.);
#245=ORIENTED_EDGE('',*,*,#336,.T.);
#246=ORIENTED_EDGE('',*,*,#339,.T.);
#247=ORIENTED_EDGE('',*,*,#341,.T.);
#248=ORIENTED_EDGE('',*,*,#343,.T.);
#249=ORIENTED_EDGE('',*,*,#345,.T.);
#250=ORIENTED_EDGE('',*,*,#347,.T.);
#251=ORIENTED_EDGE('',*,*,#349,.T.);
#252=ORIENTED_EDGE('',*,*,#351,.T.);
#253=ORIENTED_EDGE('',*,*,#352,.T.);
#254=EDGE_CURVE('',#353,#354,#419,.T.);
#255=EDGE_CURVE('',#354,#355,#420,.T.);
#256=EDGE_CURVE('',#355,#356,#421,.T.);
#257=EDGE_CURVE('',#356,#353,#422,.T.);
#258=EDGE_CURVE('',#357,#358,#423,.T.);
#259=EDGE_CURVE('',#359,#357,#424,.T.);
#260=EDGE_CURVE('',#360,#359,#32,.T.);
#261=EDGE_CURVE('',#361,#360,#33,.T.);
#262=EDGE_CURVE('',#358,#361,#425,.T.);
#263=EDGE_CURVE('',#362,#363,#426,.T.);
#264=EDGE_CURVE('',#364,#362,#427,.T.);
#265=EDGE_CURVE('',#365,#364,#34,.T.);
#266=EDGE_CURVE('',#366,#365,#428,.T.);
#267=EDGE_CURVE('',#367,#366,#35,.T.);
#268=EDGE_CURVE('',#368,#367,#36,.T.);
#269=EDGE_CURVE('',#369,#368,#429,.T.);
#270=EDGE_CURVE('',#370,#369,#430,.T.);
#271=EDGE_CURVE('',#363,#370,#431,.T.);
#272=EDGE_CURVE('',#371,#372,#432,.T.);
#273=EDGE_CURVE('',#354,#372,#433,.T.);
#274=EDGE_CURVE('',#353,#371,#434,.T.);
#275=EDGE_CURVE('',#372,#373,#435,.T.);
#276=EDGE_CURVE('',#355,#373,#436,.T.);
#277=EDGE_CURVE('',#373,#374,#437,.T.);
#278=EDGE_CURVE('',#356,#374,#438,.T.);
#279=EDGE_CURVE('',#374,#371,#439,.T.);
#280=EDGE_CURVE('',#375,#376,#440,.T.);
#281=EDGE_CURVE('',#376,#377,#441,.T.);
#282=EDGE_CURVE('',#377,#378,#442,.T.);
#283=EDGE_CURVE('',#378,#379,#443,.T.);
#284=EDGE_CURVE('',#379,#380,#444,.T.);
#285=EDGE_CURVE('',#380,#381,#37,.T.);
#286=EDGE_CURVE('',#381,#382,#38,.T.);
#287=EDGE_CURVE('',#382,#383,#445,.T.);
#288=EDGE_CURVE('',#383,#375,#39,.T.);
#289=EDGE_CURVE('',#384,#385,#40,.T.);
#290=EDGE_CURVE('',#385,#386,#446,.T.);
#291=EDGE_CURVE('',#386,#387,#41,.T.);
#292=EDGE_CURVE('',#387,#388,#42,.T.);
#293=EDGE_CURVE('',#388,#389,#447,.T.);
#294=EDGE_CURVE('',#389,#384,#43,.T.);
#295=EDGE_CURVE('',#385,#390,#448,.T.);
#296=EDGE_CURVE('',#390,#391,#449,.T.);
#297=EDGE_CURVE('',#386,#391,#450,.T.);
#298=EDGE_CURVE('',#391,#392,#44,.T.);
#299=EDGE_CURVE('',#387,#392,#451,.T.);
#300=EDGE_CURVE('',#392,#393,#45,.T.);
#301=EDGE_CURVE('',#388,#393,#452,.T.);
#302=EDGE_CURVE('',#393,#394,#453,.T.);
#303=EDGE_CURVE('',#389,#394,#454,.T.);
#304=EDGE_CURVE('',#394,#395,#46,.T.);
#305=EDGE_CURVE('',#384,#395,#455,.T.);
#306=EDGE_CURVE('',#395,#390,#47,.T.);
#307=EDGE_CURVE('',#376,#396,#456,.T.);
#308=EDGE_CURVE('',#396,#397,#457,.T.);
#309=EDGE_CURVE('',#377,#397,#458,.T.);
#310=EDGE_CURVE('',#397,#398,#459,.T.);
#311=EDGE_CURVE('',#378,#398,#460,.T.);
#312=EDGE_CURVE('',#398,#399,#461,.T.);
#313=EDGE_CURVE('',#379,#399,#462,.T.);
#314=EDGE_CURVE('',#399,#400,#463,.T.);
#315=EDGE_CURVE('',#380,#400,#464,.T.);
#316=EDGE_CURVE('',#400,#401,#48,.T.);
#317=EDGE_CURVE('',#381,#401,#465,.T.);
#318=EDGE_CURVE('',#401,#402,#49,.T.);
#319=EDGE_CURVE('',#382,#402,#466,.T.);
#320=EDGE_CURVE('',#402,#403,#467,.T.);
#321=EDGE_CURVE('',#383,#403,#468,.T.);
#322=EDGE_CURVE('',#403,#404,#50,.T.);
#323=EDGE_CURVE('',#375,#404,#469,.T.);
#324=EDGE_CURVE('',#404,#396,#470,.T.);
#325=EDGE_CURVE('',#405,#358,#471,.T.);
#326=EDGE_CURVE('',#406,#405,#472,.T.);
#327=EDGE_CURVE('',#406,#357,#473,.T.);
#328=EDGE_CURVE('',#407,#361,#474,.T.);
#329=EDGE_CURVE('',#405,#407,#475,.T.);
#330=EDGE_CURVE('',#408,#360,#476,.T.);
#331=EDGE_CURVE('',#407,#408,#51,.T.);
#332=EDGE_CURVE('',#409,#359,#477,.T.);
#333=EDGE_CURVE('',#408,#409,#52,.T.);
#334=EDGE_CURVE('',#409,#406,#478,.T.);
#335=EDGE_CURVE('',#410,#362,#479,.T.);
#336=EDGE_CURVE('',#411,#410,#480,.T.);
#337=EDGE_CURVE('',#411,#364,#481,.T.);
#338=EDGE_CURVE('',#412,#363,#482,.T.);
#339=EDGE_CURVE('',#410,#412,#483,.T.);
#340=EDGE_CURVE('',#413,#370,#484,.T.);
#341=EDGE_CURVE('',#412,#413,#485,.T.);
#342=EDGE_CURVE('',#414,#369,#486,.T.);
#343=EDGE_CURVE('',#413,#414,#487,.T.);
#344=EDGE_CURVE('',#415,#368,#488,.T.);
#345=EDGE_CURVE('',#414,#415,#489,.T.);
#346=EDGE_CURVE('',#416,#367,#490,.T.);
#347=EDGE_CURVE('',#415,#416,#53,.T.);
#348=EDGE_CURVE('',#417,#366,#491,.T.);
#349=EDGE_CURVE('',#416,#417,#54,.T.);
#350=EDGE_CURVE('',#418,#365,#492,.T.);
#351=EDGE_CURVE('',#417,#418,#493,.T.);
#352=EDGE_CURVE('',#418,#411,#55,.T.);
#353=VERTEX_POINT('',#885);
#354=VERTEX_POINT('',#886);
#355=VERTEX_POINT('',#888);
#356=VERTEX_POINT('',#890);
#357=VERTEX_POINT('',#893);
#358=VERTEX_POINT('',#894);
#359=VERTEX_POINT('',#896);
#360=VERTEX_POINT('',#973);
#361=VERTEX_POINT('',#1070);
#362=VERTEX_POINT('',#1073);
#363=VERTEX_POINT('',#1074);
#364=VERTEX_POINT('',#1076);
#365=VERTEX_POINT('',#1165);
#366=VERTEX_POINT('',#1167);
#367=VERTEX_POINT('',#1174);
#368=VERTEX_POINT('',#1251);
#369=VERTEX_POINT('',#1253);
#370=VERTEX_POINT('',#1255);
#371=VERTEX_POINT('',#1259);
#372=VERTEX_POINT('',#1260);
#373=VERTEX_POINT('',#1265);
#374=VERTEX_POINT('',#1269);
#375=VERTEX_POINT('',#1275);
#376=VERTEX_POINT('',#1276);
#377=VERTEX_POINT('',#1278);
#378=VERTEX_POINT('',#1280);
#379=VERTEX_POINT('',#1282);
#380=VERTEX_POINT('',#1284);
#381=VERTEX_POINT('',#1360);
#382=VERTEX_POINT('',#1364);
#383=VERTEX_POINT('',#1366);
#384=VERTEX_POINT('',#1525);
#385=VERTEX_POINT('',#1526);
#386=VERTEX_POINT('',#1528);
#387=VERTEX_POINT('',#1622);
#388=VERTEX_POINT('',#1698);
#389=VERTEX_POINT('',#1700);
#390=VERTEX_POINT('',#1794);
#391=VERTEX_POINT('',#1796);
#392=VERTEX_POINT('',#2091);
#393=VERTEX_POINT('',#2210);
#394=VERTEX_POINT('',#2214);
#395=VERTEX_POINT('',#2355);
#396=VERTEX_POINT('',#2488);
#397=VERTEX_POINT('',#2490);
#398=VERTEX_POINT('',#2494);
#399=VERTEX_POINT('',#2498);
#400=VERTEX_POINT('',#2502);
#401=VERTEX_POINT('',#2621);
#402=VERTEX_POINT('',#2634);
#403=VERTEX_POINT('',#2638);
#404=VERTEX_POINT('',#2773);
#405=VERTEX_POINT('',#2779);
#406=VERTEX_POINT('',#2781);
#407=VERTEX_POINT('',#2785);
#408=VERTEX_POINT('',#2936);
#409=VERTEX_POINT('',#3074);
#410=VERTEX_POINT('',#3156);
#411=VERTEX_POINT('',#3158);
#412=VERTEX_POINT('',#3162);
#413=VERTEX_POINT('',#3166);
#414=VERTEX_POINT('',#3170);
#415=VERTEX_POINT('',#3174);
#416=VERTEX_POINT('',#3221);
#417=VERTEX_POINT('',#3309);
#418=VERTEX_POINT('',#3318);
#419=LINE('',#884,#494);
#420=LINE('',#887,#495);
#421=LINE('',#889,#496);
#422=LINE('',#891,#497);
#423=LINE('',#892,#498);
#424=LINE('',#895,#499);
#425=LINE('',#1071,#500);
#426=LINE('',#1072,#501);
#427=LINE('',#1075,#502);
#428=LINE('',#1166,#503);
#429=LINE('',#1252,#504);
#430=LINE('',#1254,#505);
#431=LINE('',#1256,#506);
#432=LINE('',#1258,#507);
#433=LINE('',#1261,#508);
#434=LINE('',#1262,#509);
#435=LINE('',#1264,#510);
#436=LINE('',#1266,#511);
#437=LINE('',#1268,#512);
#438=LINE('',#1270,#513);
#439=LINE('',#1272,#514);
#440=LINE('',#1274,#515);
#441=LINE('',#1277,#516);
#442=LINE('',#1279,#517);
#443=LINE('',#1281,#518);
#444=LINE('',#1283,#519);
#445=LINE('',#1365,#520);
#446=LINE('',#1527,#521);
#447=LINE('',#1699,#522);
#448=LINE('',#1793,#523);
#449=LINE('',#1795,#524);
#450=LINE('',#1797,#525);
#451=LINE('',#2092,#526);
#452=LINE('',#2211,#527);
#453=LINE('',#2213,#528);
#454=LINE('',#2215,#529);
#455=LINE('',#2356,#530);
#456=LINE('',#2487,#531);
#457=LINE('',#2489,#532);
#458=LINE('',#2491,#533);
#459=LINE('',#2493,#534);
#460=LINE('',#2495,#535);
#461=LINE('',#2497,#536);
#462=LINE('',#2499,#537);
#463=LINE('',#2501,#538);
#464=LINE('',#2503,#539);
#465=LINE('',#2622,#540);
#466=LINE('',#2635,#541);
#467=LINE('',#2637,#542);
#468=LINE('',#2639,#543);
#469=LINE('',#2774,#544);
#470=LINE('',#2776,#545);
#471=LINE('',#2778,#546);
#472=LINE('',#2780,#547);
#473=LINE('',#2782,#548);
#474=LINE('',#2784,#549);
#475=LINE('',#2786,#550);
#476=LINE('',#2935,#551);
#477=LINE('',#3073,#552);
#478=LINE('',#3152,#553);
#479=LINE('',#3155,#554);
#480=LINE('',#3157,#555);
#481=LINE('',#3159,#556);
#482=LINE('',#3161,#557);
#483=LINE('',#3163,#558);
#484=LINE('',#3165,#559);
#485=LINE('',#3167,#560);
#486=LINE('',#3169,#561);
#487=LINE('',#3171,#562);
#488=LINE('',#3173,#563);
#489=LINE('',#3175,#564);
#490=LINE('',#3220,#565);
#491=LINE('',#3308,#566);
#492=LINE('',#3317,#567);
#493=LINE('',#3319,#568);
#494=VECTOR('',#759,1000.);
#495=VECTOR('',#760,1000.);
#496=VECTOR('',#761,1000.);
#497=VECTOR('',#762,1000.);
#498=VECTOR('',#763,1000.);
#499=VECTOR('',#764,1000.);
#500=VECTOR('',#765,1000.);
#501=VECTOR('',#766,1000.);
#502=VECTOR('',#767,1000.);
#503=VECTOR('',#768,1000.);
#504=VECTOR('',#769,1000.);
#505=VECTOR('',#770,1000.);
#506=VECTOR('',#771,1000.);
#507=VECTOR('',#774,1000.);
#508=VECTOR('',#775,1000.);
#509=VECTOR('',#776,1000.);
#510=VECTOR('',#779,1000.);
#511=VECTOR('',#780,1000.);
#512=VECTOR('',#783,1000.);
#513=VECTOR('',#784,1000.);
#514=VECTOR('',#787,1000.);
#515=VECTOR('',#790,1000.);
#516=VECTOR('',#791,1000.);
#517=VECTOR('',#792,1000.);
#518=VECTOR('',#793,1000.);
#519=VECTOR('',#794,1000.);
#520=VECTOR('',#795,1000.);
#521=VECTOR('',#796,1000.);
#522=VECTOR('',#797,1000.);
#523=VECTOR('',#800,1000.);
#524=VECTOR('',#801,1000.);
#525=VECTOR('',#802,1000.);
#526=VECTOR('',#803,1000.);
#527=VECTOR('',#804,1000.);
#528=VECTOR('',#807,1000.);
#529=VECTOR('',#808,1000.);
#530=VECTOR('',#809,1000.);
#531=VECTOR('',#812,1000.);
#532=VECTOR('',#813,1000.);
#533=VECTOR('',#814,1000.);
#534=VECTOR('',#817,1000.);
#535=VECTOR('',#818,1000.);
#536=VECTOR('',#821,1000.);
#537=VECTOR('',#822,1000.);
#538=VECTOR('',#825,1000.);
#539=VECTOR('',#826,1000.);
#540=VECTOR('',#827,1000.);
#541=VECTOR('',#828,1000.);
#542=VECTOR('',#831,1000.);
#543=VECTOR('',#832,1000.);
#544=VECTOR('',#833,1000.);
#545=VECTOR('',#836,1000.);
#546=VECTOR('',#839,1000.);
#547=VECTOR('',#840,1000.);
#548=VECTOR('',#841,1000.);
#549=VECTOR('',#844,1000.);
#550=VECTOR('',#845,1000.);
#551=VECTOR('',#846,1000.);
#552=VECTOR('',#847,1000.);
#553=VECTOR('',#850,1000.);
#554=VECTOR('',#855,1000.);
#555=VECTOR('',#856,1000.);
#556=VECTOR('',#857,1000.);
#557=VECTOR('',#860,1000.);
#558=VECTOR('',#861,1000.);
#559=VECTOR('',#864,1000.);
#560=VECTOR('',#865,1000.);
#561=VECTOR('',#868,1000.);
#562=VECTOR('',#869,1000.);
#563=VECTOR('',#872,1000.);
#564=VECTOR('',#873,1000.);
#565=VECTOR('',#874,1000.);
#566=VECTOR('',#875,1000.);
#567=VECTOR('',#878,1000.);
#568=VECTOR('',#879,1000.);
#569=EDGE_LOOP('',(#56,#57,#58,#59));
#570=EDGE_LOOP('',(#60,#61,#62,#63,#64));
#571=EDGE_LOOP('',(#65,#66,#67,#68,#69,#70,#71,#72,#73));
#572=EDGE_LOOP('',(#74,#75,#76,#77));
#573=EDGE_LOOP('',(#78,#79,#80,#81));
#574=EDGE_LOOP('',(#82,#83,#84,#85));
#575=EDGE_LOOP('',(#86,#87,#88,#89));
#576=EDGE_LOOP('',(#90,#91,#92,#93,#94,#95,#96,#97,#98));
#577=EDGE_LOOP('',(#99,#100,#101,#102,#103,#104));
#578=EDGE_LOOP('',(#105,#106,#107,#108));
#579=EDGE_LOOP('',(#109,#110,#111,#112));
#580=EDGE_LOOP('',(#113,#114,#115,#116));
#581=EDGE_LOOP('',(#117,#118,#119,#120));
#582=EDGE_LOOP('',(#121,#122,#123,#124));
#583=EDGE_LOOP('',(#125,#126,#127,#128));
#584=EDGE_LOOP('',(#129,#130,#131,#132));
#585=EDGE_LOOP('',(#133,#134,#135,#136));
#586=EDGE_LOOP('',(#137,#138,#139,#140));
#587=EDGE_LOOP('',(#141,#142,#143,#144));
#588=EDGE_LOOP('',(#145,#146,#147,#148));
#589=EDGE_LOOP('',(#149,#150,#151,#152));
#590=EDGE_LOOP('',(#153,#154,#155,#156));
#591=EDGE_LOOP('',(#157,#158,#159,#160));
#592=EDGE_LOOP('',(#161,#162,#163,#164));
#593=EDGE_LOOP('',(#165,#166,#167,#168));
#594=EDGE_LOOP('',(#169,#170,#171,#172));
#595=EDGE_LOOP('',(#173,#174,#175,#176));
#596=EDGE_LOOP('',(#177,#178,#179,#180));
#597=EDGE_LOOP('',(#181,#182,#183,#184));
#598=EDGE_LOOP('',(#185,#186,#187,#188));
#599=EDGE_LOOP('',(#189,#190,#191,#192,#193));
#600=EDGE_LOOP('',(#194,#195,#196,#197,#198,#199));
#601=EDGE_LOOP('',(#200,#201,#202,#203));
#602=EDGE_LOOP('',(#204,#205,#206,#207));
#603=EDGE_LOOP('',(#208,#209,#210,#211));
#604=EDGE_LOOP('',(#212,#213,#214,#215));
#605=EDGE_LOOP('',(#216,#217,#218,#219));
#606=EDGE_LOOP('',(#220,#221,#222,#223));
#607=EDGE_LOOP('',(#224,#225,#226,#227));
#608=EDGE_LOOP('',(#228,#229,#230,#231));
#609=EDGE_LOOP('',(#232,#233,#234,#235));
#610=EDGE_LOOP('',(#236,#237,#238,#239,#240,#241,#242,#243,#244));
#611=EDGE_LOOP('',(#245,#246,#247,#248,#249,#250,#251,#252,#253));
#612=FACE_BOUND('',#569,.T.);
#613=FACE_BOUND('',#570,.T.);
#614=FACE_BOUND('',#571,.T.);
#615=FACE_BOUND('',#572,.T.);
#616=FACE_BOUND('',#573,.T.);
#617=FACE_BOUND('',#574,.T.);
#618=FACE_BOUND('',#575,.T.);
#619=FACE_BOUND('',#576,.T.);
#620=FACE_BOUND('',#577,.T.);
#621=FACE_BOUND('',#578,.T.);
#622=FACE_BOUND('',#579,.T.);
#623=FACE_BOUND('',#580,.T.);
#624=FACE_BOUND('',#581,.T.);
#625=FACE_BOUND('',#582,.T.);
#626=FACE_BOUND('',#583,.T.);
#627=FACE_BOUND('',#584,.T.);
#628=FACE_BOUND('',#585,.T.);
#629=FACE_BOUND('',#586,.T.);
#630=FACE_BOUND('',#587,.T.);
#631=FACE_BOUND('',#588,.T.);
#632=FACE_BOUND('',#589,.T.);
#633=FACE_BOUND('',#590,.T.);
#634=FACE_BOUND('',#591,.T.);
#635=FACE_BOUND('',#592,.T.);
#636=FACE_BOUND('',#593,.T.);
#637=FACE_BOUND('',#594,.T.);
#638=FACE_BOUND('',#595,.T.);
#639=FACE_BOUND('',#596,.T.);
#640=FACE_BOUND('',#597,.T.);
#641=FACE_BOUND('',#598,.T.);
#642=FACE_BOUND('',#599,.T.);
#643=FACE_BOUND('',#600,.T.);
#644=FACE_BOUND('',#601,.T.);
#645=FACE_BOUND('',#602,.T.);
#646=FACE_BOUND('',#603,.T.);
#647=FACE_BOUND('',#604,.T.);
#648=FACE_BOUND('',#605,.T.);
#649=FACE_BOUND('',#606,.T.);
#650=FACE_BOUND('',#607,.T.);
#651=FACE_BOUND('',#608,.T.);
#652=FACE_BOUND('',#609,.T.);
#653=FACE_BOUND('',#610,.T.);
#654=FACE_BOUND('',#611,.T.);
#655=PLANE('',#730);
#656=PLANE('',#731);
#657=PLANE('',#732);
#658=PLANE('',#733);
#659=PLANE('',#734);
#660=PLANE('',#735);
#661=PLANE('',#736);
#662=PLANE('',#737);
#663=PLANE('',#738);
#664=PLANE('',#739);
#665=PLANE('',#740);
#666=PLANE('',#741);
#667=PLANE('',#742);
#668=PLANE('',#743);
#669=PLANE('',#744);
#670=PLANE('',#745);
#671=PLANE('',#746);
#672=PLANE('',#747);
#673=PLANE('',#748);
#674=PLANE('',#749);
#675=PLANE('',#750);
#676=PLANE('',#751);
#677=PLANE('',#752);
#678=PLANE('',#753);
#679=PLANE('',#754);
#680=ADVANCED_FACE('',(#612,#613,#614),#655,.T.);
#681=ADVANCED_FACE('',(#615),#656,.F.);
#682=ADVANCED_FACE('',(#616),#657,.F.);
#683=ADVANCED_FACE('',(#617),#658,.F.);
#684=ADVANCED_FACE('',(#618),#659,.F.);
#685=ADVANCED_FACE('',(#619,#620,#621),#660,.F.);
#686=ADVANCED_FACE('',(#622),#661,.F.);
#687=ADVANCED_FACE('',(#623),#20,.F.);
#688=ADVANCED_FACE('',(#624),#21,.F.);
#689=ADVANCED_FACE('',(#625),#662,.F.);
#690=ADVANCED_FACE('',(#626),#22,.F.);
#691=ADVANCED_FACE('',(#627),#23,.F.);
#692=ADVANCED_FACE('',(#628),#663,.F.);
#693=ADVANCED_FACE('',(#629),#664,.F.);
#694=ADVANCED_FACE('',(#630),#665,.F.);
#695=ADVANCED_FACE('',(#631),#666,.F.);
#696=ADVANCED_FACE('',(#632),#24,.F.);
#697=ADVANCED_FACE('',(#633),#25,.F.);
#698=ADVANCED_FACE('',(#634),#667,.F.);
#699=ADVANCED_FACE('',(#635),#26,.F.);
#700=ADVANCED_FACE('',(#636),#668,.F.);
#701=ADVANCED_FACE('',(#637),#669,.F.);
#702=ADVANCED_FACE('',(#638),#670,.F.);
#703=ADVANCED_FACE('',(#639),#27,.F.);
#704=ADVANCED_FACE('',(#640),#28,.F.);
#705=ADVANCED_FACE('',(#641),#671,.F.);
#706=ADVANCED_FACE('',(#642,#643),#672,.F.);
#707=ADVANCED_FACE('',(#644),#673,.F.);
#708=ADVANCED_FACE('',(#645),#674,.F.);
#709=ADVANCED_FACE('',(#646),#675,.F.);
#710=ADVANCED_FACE('',(#647),#676,.F.);
#711=ADVANCED_FACE('',(#648),#677,.F.);
#712=ADVANCED_FACE('',(#649),#29,.F.);
#713=ADVANCED_FACE('',(#650),#30,.F.);
#714=ADVANCED_FACE('',(#651),#678,.F.);
#715=ADVANCED_FACE('',(#652),#31,.F.);
#716=ADVANCED_FACE('',(#653,#654),#679,.T.);
#717=CLOSED_SHELL('',(#680,#681,#682,#683,#684,#685,#686,#687,#688,#689,
#690,#691,#692,#693,#694,#695,#696,#697,#698,#699,#700,#701,#702,#703,#704,
#705,#706,#707,#708,#709,#710,#711,#712,#713,#714,#715,#716));
#718=STYLED_ITEM('',(#719),#726);
#719=PRESENTATION_STYLE_ASSIGNMENT((#720));
#720=SURFACE_STYLE_USAGE(.BOTH.,#721);
#721=SURFACE_SIDE_STYLE('',(#722));
#722=SURFACE_STYLE_FILL_AREA(#723);
#723=FILL_AREA_STYLE('',(#724));
#724=FILL_AREA_STYLE_COLOUR('',#725);
#725=COLOUR_RGB('',0.506983280181885,0.531564235687256,0.550000011920929);
#726=MANIFOLD_SOLID_BREP('',#717);
#727=SHAPE_DEFINITION_REPRESENTATION(#3459,#728);
#728=SHAPE_REPRESENTATION('BinStencil23',(#729),#3454);
#729=AXIS2_PLACEMENT_3D('',#882,#755,#756);
#730=AXIS2_PLACEMENT_3D('',#883,#757,#758);
#731=AXIS2_PLACEMENT_3D('',#1257,#772,#773);
#732=AXIS2_PLACEMENT_3D('',#1263,#777,#778);
#733=AXIS2_PLACEMENT_3D('',#1267,#781,#782);
#734=AXIS2_PLACEMENT_3D('',#1271,#785,#786);
#735=AXIS2_PLACEMENT_3D('',#1273,#788,#789);
#736=AXIS2_PLACEMENT_3D('',#1792,#798,#799);
#737=AXIS2_PLACEMENT_3D('',#2212,#805,#806);
#738=AXIS2_PLACEMENT_3D('',#2486,#810,#811);
#739=AXIS2_PLACEMENT_3D('',#2492,#815,#816);
#740=AXIS2_PLACEMENT_3D('',#2496,#819,#820);
#741=AXIS2_PLACEMENT_3D('',#2500,#823,#824);
#742=AXIS2_PLACEMENT_3D('',#2636,#829,#830);
#743=AXIS2_PLACEMENT_3D('',#2775,#834,#835);
#744=AXIS2_PLACEMENT_3D('',#2777,#837,#838);
#745=AXIS2_PLACEMENT_3D('',#2783,#842,#843);
#746=AXIS2_PLACEMENT_3D('',#3151,#848,#849);
#747=AXIS2_PLACEMENT_3D('',#3153,#851,#852);
#748=AXIS2_PLACEMENT_3D('',#3154,#853,#854);
#749=AXIS2_PLACEMENT_3D('',#3160,#858,#859);
#750=AXIS2_PLACEMENT_3D('',#3164,#862,#863);
#751=AXIS2_PLACEMENT_3D('',#3168,#866,#867);
#752=AXIS2_PLACEMENT_3D('',#3172,#870,#871);
#753=AXIS2_PLACEMENT_3D('',#3316,#876,#877);
#754=AXIS2_PLACEMENT_3D('',#3452,#880,#881);
#755=DIRECTION('',(0.,0.,1.));
#756=DIRECTION('',(1.,0.,0.));
#757=DIRECTION('',(0.,0.,1.));
#758=DIRECTION('',(1.,0.,0.));
#759=DIRECTION('',(1.,0.,0.));
#760=DIRECTION('',(0.,1.,0.));
#761=DIRECTION('',(-1.,0.,0.));
#762=DIRECTION('',(0.,-1.,0.));
#763=DIRECTION('',(-0.316598756001121,-0.948559554112731,0.));
#764=DIRECTION('',(0.361774694156477,0.932265558018738,0.));
#765=DIRECTION('',(0.936106619072881,-0.351716359767269,0.));
#766=DIRECTION('',(-1.,0.,0.));
#767=DIRECTION('',(0.371093068610217,0.928595678661845,0.));
#768=DIRECTION('',(-5.1608538628493E-17,-1.,0.));
#769=DIRECTION('',(-0.330502190572195,-0.943805224623693,0.));
#770=DIRECTION('',(1.,0.,0.));
#771=DIRECTION('',(5.37314999269738E-17,-1.,0.));
#772=DIRECTION('',(0.,1.,0.));
#773=DIRECTION('',(0.,0.,1.));
#774=DIRECTION('',(1.,0.,0.));
#775=DIRECTION('',(0.,0.,-1.));
#776=DIRECTION('',(0.,0.,-1.));
#777=DIRECTION('',(-1.,0.,0.));
#778=DIRECTION('',(0.,0.,1.));
#779=DIRECTION('',(0.,1.,0.));
#780=DIRECTION('',(0.,0.,-1.));
#781=DIRECTION('',(0.,-1.,0.));
#782=DIRECTION('',(0.,0.,-1.));
#783=DIRECTION('',(-1.,0.,0.));
#784=DIRECTION('',(0.,0.,-1.));
#785=DIRECTION('',(1.,0.,0.));
#786=DIRECTION('',(0.,0.,-1.));
#787=DIRECTION('',(0.,-1.,0.));
#788=DIRECTION('',(0.,0.,1.));
#789=DIRECTION('',(1.,0.,0.));
#790=DIRECTION('',(0.371093068610217,0.928595678661845,0.));
#791=DIRECTION('',(-1.,0.,0.));
#792=DIRECTION('',(0.,-1.,0.));
#793=DIRECTION('',(1.,0.,0.));
#794=DIRECTION('',(-0.330502190572195,-0.943805224623693,0.));
#795=DIRECTION('',(0.,-1.,0.));
#796=DIRECTION('',(0.936106619072882,-0.351716359767268,0.));
#797=DIRECTION('',(0.361774694156519,0.932265558018721,0.));
#798=DIRECTION('',(-0.351716359767268,-0.936106619072882,0.));
#799=DIRECTION('',(0.936106619072882,-0.351716359767268,0.));
#800=DIRECTION('',(0.,0.,1.));
#801=DIRECTION('',(0.936106619072882,-0.351716359767268,0.));
#802=DIRECTION('',(0.,0.,1.));
#803=DIRECTION('',(0.,0.,1.));
#804=DIRECTION('',(0.,0.,1.));
#805=DIRECTION('',(0.932265558018721,-0.361774694156519,0.));
#806=DIRECTION('',(0.361774694156519,0.932265558018721,0.));
#807=DIRECTION('',(0.361774694156519,0.932265558018721,0.));
#808=DIRECTION('',(0.,0.,1.));
#809=DIRECTION('',(0.,0.,1.));
#810=DIRECTION('',(0.,1.,0.));
#811=DIRECTION('',(0.,0.,1.));
#812=DIRECTION('',(0.,0.,1.));
#813=DIRECTION('',(-1.,0.,0.));
#814=DIRECTION('',(0.,0.,1.));
#815=DIRECTION('',(-1.,0.,0.));
#816=DIRECTION('',(0.,0.,1.));
#817=DIRECTION('',(0.,-1.,0.));
#818=DIRECTION('',(0.,0.,1.));
#819=DIRECTION('',(0.,-1.,0.));
#820=DIRECTION('',(0.,0.,-1.));
#821=DIRECTION('',(1.,0.,0.));
#822=DIRECTION('',(0.,0.,1.));
#823=DIRECTION('',(-0.943805224623694,0.330502190572195,0.));
#824=DIRECTION('',(-0.330502190572195,-0.943805224623693,0.));
#825=DIRECTION('',(-0.330502190572195,-0.943805224623693,0.));
#826=DIRECTION('',(0.,0.,1.));
#827=DIRECTION('',(0.,0.,1.));
#828=DIRECTION('',(0.,0.,1.));
#829=DIRECTION('',(-1.,0.,0.));
#830=DIRECTION('',(0.,0.,1.));
#831=DIRECTION('',(0.,-1.,0.));
#832=DIRECTION('',(0.,0.,1.));
#833=DIRECTION('',(0.,0.,1.));
#834=DIRECTION('',(0.928595678661845,-0.371093068610217,0.));
#835=DIRECTION('',(0.371093068610217,0.928595678661845,0.));
#836=DIRECTION('',(0.371093068610217,0.928595678661845,0.));
#837=DIRECTION('',(0.948559554112731,-0.316598756001121,0.));
#838=DIRECTION('',(0.316598756001121,0.948559554112731,0.));
#839=DIRECTION('',(0.,0.,-1.));
#840=DIRECTION('',(-0.316598756001121,-0.948559554112731,0.));
#841=DIRECTION('',(0.,0.,-1.));
#842=DIRECTION('',(0.351716359767269,0.936106619072881,0.));
#843=DIRECTION('',(-0.936106619072881,0.351716359767269,0.));
#844=DIRECTION('',(0.,0.,-1.));
#845=DIRECTION('',(0.936106619072881,-0.351716359767269,0.));
#846=DIRECTION('',(0.,0.,-1.));
#847=DIRECTION('',(0.,0.,-1.));
#848=DIRECTION('',(-0.932265558018738,0.361774694156476,0.));
#849=DIRECTION('',(-0.361774694156476,-0.932265558018738,0.));
#850=DIRECTION('',(0.361774694156477,0.932265558018738,0.));
#851=DIRECTION('',(0.,0.,-1.));
#852=DIRECTION('',(-1.,0.,0.));
#853=DIRECTION('',(-0.928595678661845,0.371093068610217,0.));
#854=DIRECTION('',(-0.371093068610217,-0.928595678661845,0.));
#855=DIRECTION('',(0.,0.,-1.));
#856=DIRECTION('',(0.371093068610217,0.928595678661845,0.));
#857=DIRECTION('',(0.,0.,-1.));
#858=DIRECTION('',(0.,-1.,0.));
#859=DIRECTION('',(0.,0.,-1.));
#860=DIRECTION('',(0.,0.,-1.));
#861=DIRECTION('',(-1.,0.,0.));
#862=DIRECTION('',(1.,5.37314999269738E-17,0.));
#863=DIRECTION('',(-5.37314999269738E-17,1.,0.));
#864=DIRECTION('',(0.,0.,-1.));
#865=DIRECTION('',(5.37314999269738E-17,-1.,0.));
#866=DIRECTION('',(0.,1.,0.));
#867=DIRECTION('',(0.,0.,1.));
#868=DIRECTION('',(0.,0.,-1.));
#869=DIRECTION('',(1.,0.,0.));
#870=DIRECTION('',(0.943805224623693,-0.330502190572195,0.));
#871=DIRECTION('',(0.330502190572195,0.943805224623693,0.));
#872=DIRECTION('',(0.,0.,-1.));
#873=DIRECTION('',(-0.330502190572195,-0.943805224623693,0.));
#874=DIRECTION('',(0.,0.,-1.));
#875=DIRECTION('',(0.,0.,-1.));
#876=DIRECTION('',(1.,-5.1608538628493E-17,0.));
#877=DIRECTION('',(5.1608538628493E-17,1.,0.));
#878=DIRECTION('',(0.,0.,-1.));
#879=DIRECTION('',(-5.1608538628493E-17,-1.,0.));
#880=DIRECTION('',(0.,0.,1.));
#881=DIRECTION('',(1.,0.,0.));
#882=CARTESIAN_POINT('',(0.,0.,0.));
#883=CARTESIAN_POINT('',(0.,0.,1.));
#884=CARTESIAN_POINT('',(-75.,-75.,1.));
#885=CARTESIAN_POINT('',(-75.,-75.,1.));
#886=CARTESIAN_POINT('',(75.,-75.,1.));
#887=CARTESIAN_POINT('',(75.,-75.,1.));
#888=CARTESIAN_POINT('',(75.,75.,1.));
#889=CARTESIAN_POINT('',(75.,75.,1.));
#890=CARTESIAN_POINT('',(-75.,75.,1.));
#891=CARTESIAN_POINT('',(-75.,75.,1.));
#892=CARTESIAN_POINT('',(-41.6294892888932,-25.2220961238886,1.));
#893=CARTESIAN_POINT('',(-41.6294892888932,-25.2220961238886,1.));
#894=CARTESIAN_POINT('',(-48.1422542578171,-44.7349505425003,1.));
#895=CARTESIAN_POINT('',(-42.4095689330317,-27.2323013607072,1.));
#896=CARTESIAN_POINT('',(-42.4095689330317,-27.2323013607072,1.));
#897=CARTESIAN_POINT('',(-35.7336721448179,50.4566216761616,1.));
#898=CARTESIAN_POINT('',(-36.8867092688527,50.4489082809294,1.));
#899=CARTESIAN_POINT('',(-38.0227642587222,50.393788902629,1.));
#900=CARTESIAN_POINT('',(-40.2546634126818,50.1880972720451,1.));
#901=CARTESIAN_POINT('',(-41.3508352795739,50.0378598683507,1.));
#902=CARTESIAN_POINT('',(-43.291439731269,49.680994801115,1.));
#903=CARTESIAN_POINT('',(-44.1424829241819,49.4915666963756,1.));
#904=CARTESIAN_POINT('',(-46.2402624085411,48.9407212154607,1.));
#905=CARTESIAN_POINT('',(-47.4716921110812,48.5405473185505,1.));
#906=CARTESIAN_POINT('',(-49.4754699786859,47.7578941592537,1.));
#907=CARTESIAN_POINT('',(-50.264183817483,47.4138599770891,1.));
#908=CARTESIAN_POINT('',(-52.2026005114526,46.4769767021884,1.));
#909=CARTESIAN_POINT('',(-53.335218073018,45.8456976029826,1.));
#910=CARTESIAN_POINT('',(-55.1697619973066,44.6804391740664,1.));
#911=CARTESIAN_POINT('',(-55.8895522626188,44.1840225019815,1.));
#912=CARTESIAN_POINT('',(-57.6532482273218,42.868350298195,1.));
#913=CARTESIAN_POINT('',(-58.678902874862,42.011852317638,1.));
#914=CARTESIAN_POINT('',(-60.4983719912143,40.321888817286,1.));
#915=CARTESIAN_POINT('',(-61.302379019329,39.5083367440289,1.));
#916=CARTESIAN_POINT('',(-62.8591845131652,37.7979672619656,1.));
#917=CARTESIAN_POINT('',(-63.5920445313393,36.9231028476893,1.));
#918=CARTESIAN_POINT('',(-64.8334534743718,35.3073007846428,1.));
#919=CARTESIAN_POINT('',(-65.3575949410613,34.5743807018816,1.));
#920=CARTESIAN_POINT('',(-66.5981853905838,32.7055375965319,1.));
#921=CARTESIAN_POINT('',(-67.2792336603234,31.5517044419652,1.));
#922=CARTESIAN_POINT('',(-68.3071295932799,29.5763179297262,1.));
#923=CARTESIAN_POINT('',(-68.6897834248679,28.7719015854954,1.));
#924=CARTESIAN_POINT('',(-69.574623758585,26.7262802080519,1.));
#925=CARTESIAN_POINT('',(-70.0404916392113,25.46819693486,1.));
#926=CARTESIAN_POINT('',(-70.7080796409647,23.3226952599592,1.));
#927=CARTESIAN_POINT('',(-70.9461164429172,22.4511903894078,1.));
#928=CARTESIAN_POINT('',(-71.4687931587432,20.240249185589,1.));
#929=CARTESIAN_POINT('',(-71.7169185473672,18.8851858403503,1.));
#930=CARTESIAN_POINT('',(-72.0526592231852,16.3506103692375,1.));
#931=CARTESIAN_POINT('',(-72.1600661119185,15.1792037871936,1.));
#932=CARTESIAN_POINT('',(-72.2539441891046,13.3943486957121,1.));
#933=CARTESIAN_POINT('',(-72.2740183103187,12.7945692374405,1.));
#934=CARTESIAN_POINT('',(-72.2851639275307,12.0391327684679,1.));
#935=CARTESIAN_POINT('',(-72.2866933237974,11.8877311500239,1.));
#936=CARTESIAN_POINT('',(-72.2883503100928,11.58638957642,1.));
#937=CARTESIAN_POINT('',(-72.2884906278117,11.4347131694727,1.));
#938=CARTESIAN_POINT('',(-72.2869112037884,10.9784556256457,1.));
#939=CARTESIAN_POINT('',(-72.2832522959118,10.6774156883881,1.));
#940=CARTESIAN_POINT('',(-72.2518910256269,9.17962178745212,1.));
#941=CARTESIAN_POINT('',(-72.1849257037839,8.00540185640531,1.));
#942=CARTESIAN_POINT('',(-71.9661187878901,5.7052516003846,1.));
#943=CARTESIAN_POINT('',(-71.814245333214,4.57952882250438,1.));
#944=CARTESIAN_POINT('',(-71.4244108476354,2.37750318630069,1.));
#945=CARTESIAN_POINT('',(-71.1864180188825,1.30140377911843,1.));
#946=CARTESIAN_POINT('',(-70.6232759992492,-0.799718133302059,1.));
#947=CARTESIAN_POINT('',(-70.2980935154032,-1.82453667830634,1.));
#948=CARTESIAN_POINT('',(-69.5598607805172,-3.82091220214246,1.));
#949=CARTESIAN_POINT('',(-69.1467840865805,-4.79225360951244,1.));
#950=CARTESIAN_POINT('',(-68.2326427046245,-6.67907511113011,1.));
#951=CARTESIAN_POINT('',(-67.7315600232447,-7.59433669060899,1.));
#952=CARTESIAN_POINT('',(-66.9145481430768,-8.9230378363909,1.));
#953=CARTESIAN_POINT('',(-66.6312498418529,-9.35863417284612,1.));
#954=CARTESIAN_POINT('',(-66.190091319781,-10.0007253017718,1.));
#955=CARTESIAN_POINT('',(-66.0403116361845,-10.2128907914602,1.));
#956=CARTESIAN_POINT('',(-65.7368099824565,-10.6314411445029,1.));
#957=CARTESIAN_POINT('',(-65.5817142800013,-10.8397594956709,1.));
#958=CARTESIAN_POINT('',(-64.7898661706,-11.8767549770143,1.));
#959=CARTESIAN_POINT('',(-64.1064255322657,-12.688644975383,1.));
#960=CARTESIAN_POINT('',(-62.638934247262,-14.2811211162698,1.));
#961=CARTESIAN_POINT('',(-61.8549869443051,-15.0612832842193,1.));
#962=CARTESIAN_POINT('',(-60.1878613742929,-16.5906816659654,1.));
#963=CARTESIAN_POINT('',(-59.3048255566624,-17.3394828959624,1.));
#964=CARTESIAN_POINT('',(-57.4403623745069,-18.8066688755064,1.));
#965=CARTESIAN_POINT('',(-56.4591113186497,-19.5246180493494,1.));
#966=CARTESIAN_POINT('',(-54.3986483457085,-20.9305631280642,1.));
#967=CARTESIAN_POINT('',(-53.3196358805695,-21.6181332140941,1.));
#968=CARTESIAN_POINT('',(-51.0637801135242,-22.9636642652866,1.));
#969=CARTESIAN_POINT('',(-49.887165259993,-23.6212035703239,1.));
#970=CARTESIAN_POINT('',(-46.69981807309,-25.2930196360457,1.));
#971=CARTESIAN_POINT('',(-44.6135552963951,-26.2831226889487,1.));
#972=CARTESIAN_POINT('',(-42.4095689330317,-27.2323013607072,1.));
#973=CARTESIAN_POINT('',(-35.7336721448179,50.4566216761616,1.));
#974=CARTESIAN_POINT('',(-20.0392851274544,-55.2938695799199,1.));
#975=CARTESIAN_POINT('',(-19.4347240597193,-53.501615345695,1.));
#976=CARTESIAN_POINT('',(-18.7223683374132,-51.3830292822805,1.));
#977=CARTESIAN_POINT('',(-17.6228737962889,-48.1053735326529,1.));
#978=CARTESIAN_POINT('',(-17.2196155088679,-46.901925394938,1.));
#979=CARTESIAN_POINT('',(-16.4304345371008,-44.5445057543746,1.));
#980=CARTESIAN_POINT('',(-16.0278385961536,-43.3410476354618,1.));
#981=CARTESIAN_POINT('',(-15.5827219757766,-42.0097385018482,1.));
#982=CARTESIAN_POINT('',(-15.297520884559,-41.1567242573276,1.));
#983=CARTESIAN_POINT('',(-14.8953052882463,-39.9533736129388,1.));
#984=CARTESIAN_POINT('',(-14.0805179745497,-37.5152938503923,1.));
#985=CARTESIAN_POINT('',(-13.8794484566919,-36.913646864743,1.));
#986=CARTESIAN_POINT('',(-13.7728442589016,-36.5946787698929,1.));
#987=CARTESIAN_POINT('',(-13.5471446345175,-35.9193678469614,1.));
#988=CARTESIAN_POINT('',(-13.3460640118135,-35.3177902419407,1.));
#989=CARTESIAN_POINT('',(-12.7205537706223,-33.4467204132635,1.));
#990=CARTESIAN_POINT('',(-12.3182014707958,-32.2437815102395,1.));
#991=CARTESIAN_POINT('',(-11.5324889435964,-29.8961776626176,1.));
#992=CARTESIAN_POINT('',(-11.1296472557196,-28.6936248808645,1.));
#993=CARTESIAN_POINT('',(-10.3313710182583,-26.313090337573,1.));
#994=CARTESIAN_POINT('',(-9.92775108497607,-25.1110188032135,1.));
#995=CARTESIAN_POINT('',(-9.1239884107918,-22.7206470694103,1.));
#996=CARTESIAN_POINT('',(-8.71930232082997,-21.5191542850742,1.));
#997=CARTESIAN_POINT('',(-7.91149073504314,-19.1251638435252,1.));
#998=CARTESIAN_POINT('',(-7.50545092526572,-17.9243478991888,1.));
#999=CARTESIAN_POINT('',(-6.69377579163834,-15.5292098603669,1.));
#1000=CARTESIAN_POINT('',(-6.28609491421225,-14.3291690358986,1.));
#1001=CARTESIAN_POINT('',(-5.47033256569347,-11.934129782481,1.));
#1002=CARTESIAN_POINT('',(-5.06072344407136,-10.7349624160168,1.));
#1003=CARTESIAN_POINT('',(-4.60780514460185,-9.41294174336296,1.));
#1004=CARTESIAN_POINT('',(-4.55645425244378,-9.26311245013713,1.));
#1005=CARTESIAN_POINT('',(-4.47950258247449,-9.03867411714698,1.));
#1006=CARTESIAN_POINT('',(-4.45381397952808,-8.96376521943285,1.));
#1007=CARTESIAN_POINT('',(-4.42446748825254,-8.87820663713951,1.));
#1008=CARTESIAN_POINT('',(-4.41127477776509,-8.83974764670383,1.));
#1009=CARTESIAN_POINT('',(-4.36165093711436,-8.69508804744719,1.));
#1010=CARTESIAN_POINT('',(-4.33476782578522,-8.61657020807125,1.));
#1011=CARTESIAN_POINT('',(-4.09357913240433,-7.91077985546956,1.));
#1012=CARTESIAN_POINT('',(-3.88632614712891,-7.29461187852137,1.));
#1013=CARTESIAN_POINT('',(-3.28487407968041,-5.47630455090105,1.));
#1014=CARTESIAN_POINT('',(-2.9121413599988,-4.30759848064603,1.));
#1015=CARTESIAN_POINT('',(-2.22259532464412,-2.05452623539297,1.));
#1016=CARTESIAN_POINT('',(-1.90579731153565,-0.969826726388057,1.));
#1017=CARTESIAN_POINT('',(-1.32844243052873,1.11644087915215,1.));
#1018=CARTESIAN_POINT('',(-1.06792217643726,2.1183007583139,1.));
#1019=CARTESIAN_POINT('',(-0.603567647094637,4.04058651920163,1.));
#1020=CARTESIAN_POINT('',(-0.399785834706458,4.96127413332665,1.));
#1021=CARTESIAN_POINT('',(-0.04961957285233,6.723683969701,1.));
#1022=CARTESIAN_POINT('',(0.0966990891281246,7.56563367851537,1.));
#1023=CARTESIAN_POINT('',(0.330629997008479,9.17422381786411,1.));
#1024=CARTESIAN_POINT('',(0.418172152063442,9.94104949521408,1.));
#1025=CARTESIAN_POINT('',(0.503457565884515,11.0382887201989,1.));
#1026=CARTESIAN_POINT('',(0.524181707140205,11.3955762362438,1.));
#1027=CARTESIAN_POINT('',(0.54329720564247,11.9189819453066,1.));
#1028=CARTESIAN_POINT('',(0.547662571444279,12.0914403067577,1.));
#1029=CARTESIAN_POINT('',(0.551144250600236,12.3470330334536,1.));
#1030=CARTESIAN_POINT('',(0.551788995756537,12.43175309074,1.));
#1031=CARTESIAN_POINT('',(0.551971026400357,12.5506244170723,1.));
#1032=CARTESIAN_POINT('',(0.551943553216079,12.5901197485793,1.));
#1033=CARTESIAN_POINT('',(0.551767020539385,12.6748057224327,1.));
#1034=CARTESIAN_POINT('',(0.551629720474116,12.713980178995,1.));
#1035=CARTESIAN_POINT('',(0.543465793936032,14.3898502159559,1.));
#1036=CARTESIAN_POINT('',(0.440096414440196,15.9983699750046,1.));
#1037=CARTESIAN_POINT('',(0.0903740071237209,18.7605789168677,1.));
#1038=CARTESIAN_POINT('',(-0.113808349811821,19.9274006706727,1.));
#1039=CARTESIAN_POINT('',(-0.631062911897723,22.2249741876733,1.));
#1040=CARTESIAN_POINT('',(-0.944193372841303,23.3556993820753,1.));
#1041=CARTESIAN_POINT('',(-1.58721752448136,25.3008597855803,1.));
#1042=CARTESIAN_POINT('',(-1.89337400075612,26.123681937639,1.));
#1043=CARTESIAN_POINT('',(-2.75333103839359,28.1976580110537,1.));
#1044=CARTESIAN_POINT('',(-3.3503273057098,29.4327427267295,1.));
#1045=CARTESIAN_POINT('',(-4.52170259082287,31.5438292354633,1.));
#1046=CARTESIAN_POINT('',(-5.0644445129528,32.4324033321204,1.));
#1047=CARTESIAN_POINT('',(-6.3272709005694,34.32177549751,1.));
#1048=CARTESIAN_POINT('',(-7.06188136789361,35.3165545843673,1.));
#1049=CARTESIAN_POINT('',(-8.24428686809695,36.7745005964089,1.));
#1050=CARTESIAN_POINT('',(-8.65183633964149,37.2547538868482,1.));
#1051=CARTESIAN_POINT('',(-9.24106222389663,37.9191605299001,1.));
#1052=CARTESIAN_POINT('',(-9.41153064609355,38.1080594042142,1.));
#1053=CARTESIAN_POINT('',(-9.84266579795683,38.5776633934334,1.));
#1054=CARTESIAN_POINT('',(-10.1062757338115,38.8575311647933,1.));
#1055=CARTESIAN_POINT('',(-11.2668455334003,40.0591067433586,1.));
#1056=CARTESIAN_POINT('',(-12.1799382679028,40.928325575289,1.));
#1057=CARTESIAN_POINT('',(-14.0486777343967,42.5564794042725,1.));
#1058=CARTESIAN_POINT('',(-15.0045634497198,43.3155496643486,1.));
#1059=CARTESIAN_POINT('',(-16.9589983010512,44.7215730660982,1.));
#1060=CARTESIAN_POINT('',(-17.9577332528107,45.3686001402905,1.));
#1061=CARTESIAN_POINT('',(-19.9970534068012,46.5485147101259,1.));
#1062=CARTESIAN_POINT('',(-21.0378140667612,47.0814607475875,1.));
#1063=CARTESIAN_POINT('',(-23.1594408277367,48.0314311421122,1.));
#1064=CARTESIAN_POINT('',(-24.2404703473356,48.4485061342633,1.));
#1065=CARTESIAN_POINT('',(-26.4401595055615,49.1656122330399,1.));
#1066=CARTESIAN_POINT('',(-27.55897482916,49.4656939521238,1.));
#1067=CARTESIAN_POINT('',(-30.9728804785603,50.191295226786,1.));
#1068=CARTESIAN_POINT('',(-33.322067570617,50.4398780975645,1.));
#1069=CARTESIAN_POINT('',(-35.7336721448179,50.4566216761616,1.));
#1070=CARTESIAN_POINT('',(-20.0392851274544,-55.2938695799199,1.));
#1071=CARTESIAN_POINT('',(-48.1422542578171,-44.7349505425003,1.));
#1072=CARTESIAN_POINT('',(67.2137983399373,48.0869007639711,1.));
#1073=CARTESIAN_POINT('',(67.2137983399373,48.0869007639711,1.));
#1074=CARTESIAN_POINT('',(13.8999446239915,48.0869007639711,1.));
#1075=CARTESIAN_POINT('',(52.0017945045269,10.0215144223397,1.));
#1076=CARTESIAN_POINT('',(52.0017945045269,10.0215144223397,1.));
#1077=CARTESIAN_POINT('',(13.4937157817437,-50.2434217692707,1.));
#1078=CARTESIAN_POINT('',(15.1392329726033,-50.9762600976405,1.));
#1079=CARTESIAN_POINT('',(16.7880874702132,-51.606685137963,1.));
#1080=CARTESIAN_POINT('',(19.5748455684932,-52.4948466269527,1.));
#1081=CARTESIAN_POINT('',(20.7102251491621,-52.8074847395425,1.));
#1082=CARTESIAN_POINT('',(22.986608590059,-53.3352518803247,1.));
#1083=CARTESIAN_POINT('',(24.1283741716623,-53.5504802012288,1.));
#1084=CARTESIAN_POINT('',(26.4173412534173,-53.8826612455018,1.));
#1085=CARTESIAN_POINT('',(27.5652817811598,-53.9996865265587,1.));
#1086=CARTESIAN_POINT('',(29.2908645693431,-54.1012446945462,1.));
#1087=CARTESIAN_POINT('',(29.8669081199731,-54.1227961167313,1.));
#1088=CARTESIAN_POINT('',(30.5877375766678,-54.1343243947343,1.));
#1089=CARTESIAN_POINT('',(30.7319561168572,-54.135862634032,1.));
#1090=CARTESIAN_POINT('',(31.0192915525382,-54.1373888555034,1.));
#1091=CARTESIAN_POINT('',(31.1633493157428,-54.1373936619024,1.));
#1092=CARTESIAN_POINT('',(31.5957345519707,-54.1351573649635,1.));
#1093=CARTESIAN_POINT('',(31.8820106635211,-54.1307176858597,1.));
#1094=CARTESIAN_POINT('',(33.3066856453094,-54.0936982609585,1.));
#1095=CARTESIAN_POINT('',(34.4293947980556,-54.0167426755758,1.));
#1096=CARTESIAN_POINT('',(36.4803190149251,-53.785058990309,1.));
#1097=CARTESIAN_POINT('',(37.4131515939724,-53.6432093421913,1.));
#1098=CARTESIAN_POINT('',(39.556185127139,-53.2303651093853,1.));
#1099=CARTESIAN_POINT('',(40.7560414525064,-52.9322140355259,1.));
#1100=CARTESIAN_POINT('',(42.8098641629288,-52.3013738779552,1.));
#1101=CARTESIAN_POINT('',(43.6748772146645,-51.9962880477187,1.));
#1102=CARTESIAN_POINT('',(45.6563075547722,-51.2037876134587,1.));
#1103=CARTESIAN_POINT('',(46.7611539447614,-50.6895135708309,1.));
#1104=CARTESIAN_POINT('',(48.6441568050137,-49.6835018592758,1.));
#1105=CARTESIAN_POINT('',(49.4345917533307,-49.2186767159792,1.));
#1106=CARTESIAN_POINT('',(51.2392361927956,-48.0566680264615,1.));
#1107=CARTESIAN_POINT('',(52.2408962149009,-47.3335798081861,1.));
#1108=CARTESIAN_POINT('',(54.0620649535964,-45.8696717096226,1.));
#1109=CARTESIAN_POINT('',(54.8885461476714,-45.14279874572,1.));
#1110=CARTESIAN_POINT('',(55.7927087968054,-44.2760745131026,1.));
#1111=CARTESIAN_POINT('',(55.8927274897523,-44.179182048987,1.));
#1112=CARTESIAN_POINT('',(56.0958280292875,-43.9803423599509,1.));
#1113=CARTESIAN_POINT('',(56.1976471348141,-43.8795742853295,1.));
#1114=CARTESIAN_POINT('',(56.505324996711,-43.5716328589102,1.));
#1115=CARTESIAN_POINT('',(56.7097245306245,-43.3622494036617,1.));
#1116=CARTESIAN_POINT('',(57.3134473071341,-42.7290771818749,1.));
#1117=CARTESIAN_POINT('',(57.7034854855471,-42.3001267456301,1.));
#1118=CARTESIAN_POINT('',(58.7276444537929,-41.1177200657355,1.));
#1119=CARTESIAN_POINT('',(59.3375381662859,-40.3509914367169,1.));
#1120=CARTESIAN_POINT('',(60.6723185996741,-38.5167870250311,1.));
#1121=CARTESIAN_POINT('',(61.3681794083508,-37.4340118375599,1.));
#1122=CARTESIAN_POINT('',(62.4663950011616,-35.4808621109573,1.));
#1123=CARTESIAN_POINT('',(62.8986023136989,-34.6254194606177,1.));
#1124=CARTESIAN_POINT('',(63.8164058270732,-32.5882307828472,1.));
#1125=CARTESIAN_POINT('',(64.2720839008749,-31.3925405959472,1.));
#1126=CARTESIAN_POINT('',(64.9484509028604,-29.2482946467781,1.));
#1127=CARTESIAN_POINT('',(65.1994541940907,-28.31302526895,1.));
#1128=CARTESIAN_POINT('',(65.6946583697676,-26.0944796353058,1.));
#1129=CARTESIAN_POINT('',(65.9089549305296,-24.7988875960996,1.));
#1130=CARTESIAN_POINT('',(66.1832755589128,-22.3204331213186,1.));
#1131=CARTESIAN_POINT('',(66.2593741218023,-21.1439794834866,1.));
#1132=CARTESIAN_POINT('',(66.2904330914727,-19.6497226299822,1.));
#1133=CARTESIAN_POINT('',(66.2934517580009,-19.3496640066127,1.));
#1134=CARTESIAN_POINT('',(66.2931575176484,-18.7488325520388,1.));
#1135=CARTESIAN_POINT('',(66.2902676216941,-18.4514669122298,1.));
#1136=CARTESIAN_POINT('',(66.2733357559986,-17.5644418947098,1.));
#1137=CARTESIAN_POINT('',(66.2510761273017,-16.978880711518,1.));
#1138=CARTESIAN_POINT('',(66.1513078648474,-15.2424082178131,1.));
#1139=CARTESIAN_POINT('',(66.0409729216042,-14.1083700184179,1.));
#1140=CARTESIAN_POINT('',(65.7318869890959,-11.8904283437944,1.));
#1141=CARTESIAN_POINT('',(65.5336369440063,-10.8070789742075,1.));
#1142=CARTESIAN_POINT('',(65.04883683201,-8.69233492995513,1.));
#1143=CARTESIAN_POINT('',(64.762812900069,-7.66146774401966,1.));
#1144=CARTESIAN_POINT('',(64.1028594790737,-5.65399226508051,1.));
#1145=CARTESIAN_POINT('',(63.7294824826529,-4.6778835951874,1.));
#1146=CARTESIAN_POINT('',(63.1037133056503,-3.25547378214779,1.));
#1147=CARTESIAN_POINT('',(62.8845389346167,-2.78893182053476,1.));
#1148=CARTESIAN_POINT('',(62.5966601722594,-2.21400342309748,1.));
#1149=CARTESIAN_POINT('',(62.5385198343807,-2.09967650380156,1.));
#1150=CARTESIAN_POINT('',(62.4212301860404,-1.87265360992171,1.));
#1151=CARTESIAN_POINT('',(62.3615931867737,-1.75911905320257,1.));
#1152=CARTESIAN_POINT('',(62.1801395096078,-1.4193146321539,1.));
#1153=CARTESIAN_POINT('',(62.0557775617574,-1.19379542966081,1.));
#1154=CARTESIAN_POINT('',(61.4172792732505,-0.0717416022985392,1.));
#1155=CARTESIAN_POINT('',(60.8526594047658,0.809243088563226,1.));
#1156=CARTESIAN_POINT('',(59.6187471656249,2.53679448355909,1.));
#1157=CARTESIAN_POINT('',(58.9499343453966,3.38292242702716,1.));
#1158=CARTESIAN_POINT('',(57.5106254282505,5.04039948139085,1.));
#1159=CARTESIAN_POINT('',(56.7406287133546,5.85129741906598,1.));
#1160=CARTESIAN_POINT('',(55.1013479343842,7.43844923422548,1.));
#1161=CARTESIAN_POINT('',(54.2325938181084,8.21423933245438,1.));
#1162=CARTESIAN_POINT('',(52.8878214117137,9.32619625742075,1.));
#1163=CARTESIAN_POINT('',(52.4500006850589,9.67575226972426,1.));
#1164=CARTESIAN_POINT('',(52.0017945045269,10.0215144223397,1.));
#1165=CARTESIAN_POINT('',(13.4937157817437,-50.2434217692707,1.));
#1166=CARTESIAN_POINT('',(13.4937157817437,-16.6303119607502,1.));
#1167=CARTESIAN_POINT('',(13.4937157817437,-16.6303119607502,1.));
#1168=CARTESIAN_POINT('',(25.9354481529023,-23.0698025532585,1.));
#1169=CARTESIAN_POINT('',(24.9534251734553,-23.1041233567161,1.));
#1170=CARTESIAN_POINT('',(23.733027230404,-22.8904957888961,1.));
#1171=CARTESIAN_POINT('',(19.8845454696035,-21.3985909916942,1.));
#1172=CARTESIAN_POINT('',(16.8938715380185,-19.5301161670056,1.));
#1173=CARTESIAN_POINT('',(13.4937157817437,-16.6303119607502,1.));
#1174=CARTESIAN_POINT('',(25.9354481529023,-23.0698025532585,1.));
#1175=CARTESIAN_POINT('',(16.0641523896814,-3.12747796286898,1.));
#1176=CARTESIAN_POINT('',(17.8629133091084,-2.96098804864881,1.));
#1177=CARTESIAN_POINT('',(19.505426997319,-2.91471858089664,1.));
#1178=CARTESIAN_POINT('',(21.6187035843711,-3.00878460710762,1.));
#1179=CARTESIAN_POINT('',(22.1942788207696,-3.05285884225823,1.));
#1180=CARTESIAN_POINT('',(23.7240301379167,-3.22118267492366,1.));
#1181=CARTESIAN_POINT('',(24.6352095486019,-3.38085318306392,1.));
#1182=CARTESIAN_POINT('',(26.3364568949617,-3.79896615630186,1.));
#1183=CARTESIAN_POINT('',(27.125856597257,-4.05767294372273,1.));
#1184=CARTESIAN_POINT('',(28.5893067916755,-4.66852420546755,1.));
#1185=CARTESIAN_POINT('',(29.262867864079,-5.02083770480329,1.));
#1186=CARTESIAN_POINT('',(30.0388675311461,-5.51847885646594,1.));
#1187=CARTESIAN_POINT('',(30.191088846675,-5.62112627234355,1.));
#1188=CARTESIAN_POINT('',(30.4146613008038,-5.77952055691903,1.));
#1189=CARTESIAN_POINT('',(30.4884248930047,-5.83307934227283,1.));
#1190=CARTESIAN_POINT('',(30.6333427156637,-5.94090733406692,1.));
#1191=CARTESIAN_POINT('',(30.7058867399008,-5.99618376927387,1.));
#1192=CARTESIAN_POINT('',(31.066333237822,-6.27736701680983,1.));
#1193=CARTESIAN_POINT('',(31.3327461813062,-6.50594572044329,1.));
#1194=CARTESIAN_POINT('',(31.8264155822153,-6.97182526325294,1.));
#1195=CARTESIAN_POINT('',(32.0538658874888,-7.20937933440774,1.));
#1196=CARTESIAN_POINT('',(32.4725049549292,-7.69391227013104,1.));
#1197=CARTESIAN_POINT('',(32.6638802829293,-7.9411706168216,1.));
#1198=CARTESIAN_POINT('',(33.0133927647029,-8.44704943379247,1.));
#1199=CARTESIAN_POINT('',(33.1717053926787,-8.70599211511948,1.));
#1200=CARTESIAN_POINT('',(33.4576394248387,-9.23841705206835,1.));
#1201=CARTESIAN_POINT('',(33.5854000025416,-9.51224491768071,1.));
#1202=CARTESIAN_POINT('',(33.81170659311,-10.0783979829925,1.));
#1203=CARTESIAN_POINT('',(33.9103468742686,-10.3710756687445,1.));
#1204=CARTESIAN_POINT('',(34.0785640956231,-10.9789484281715,1.));
#1205=CARTESIAN_POINT('',(34.1481938957063,-11.294485006909,1.));
#1206=CARTESIAN_POINT('',(34.2573835178894,-11.9514684016222,1.));
#1207=CARTESIAN_POINT('',(34.2969700930582,-12.2932529378805,1.));
#1208=CARTESIAN_POINT('',(34.3325168114738,-12.8271757957439,1.));
#1209=CARTESIAN_POINT('',(34.3403965966921,-13.0087656078906,1.));
#1210=CARTESIAN_POINT('',(34.3460730670023,-13.2866010105486,1.));
#1211=CARTESIAN_POINT('',(34.3469440306999,-13.3801473911229,1.));
#1212=CARTESIAN_POINT('',(34.3466085044769,-13.5688639876702,1.));
#1213=CARTESIAN_POINT('',(34.3454150014725,-13.6624184808379,1.));
#1214=CARTESIAN_POINT('',(34.3326626185978,-14.1978041048264,1.));
#1215=CARTESIAN_POINT('',(34.2990905093926,-14.6258291894443,1.));
#1216=CARTESIAN_POINT('',(34.2066581548865,-15.3143911901841,1.));
#1217=CARTESIAN_POINT('',(34.1602993426518,-15.5823750105752,1.));
#1218=CARTESIAN_POINT('',(34.0216008123731,-16.2351389916744,1.));
#1219=CARTESIAN_POINT('',(33.9179110541975,-16.6139006619689,1.));
#1220=CARTESIAN_POINT('',(33.7111319067743,-17.2270294656665,1.));
#1221=CARTESIAN_POINT('',(33.6198638406999,-17.4666432398055,1.));
#1222=CARTESIAN_POINT('',(33.3701664360953,-18.0529578854447,1.));
#1223=CARTESIAN_POINT('',(33.20056589699,-18.395729373045,1.));
#1224=CARTESIAN_POINT('',(32.8834398977384,-18.9545136335456,1.));
#1225=CARTESIAN_POINT('',(32.7481158523841,-19.1738737359972,1.));
#1226=CARTESIAN_POINT('',(32.4236326970318,-19.6593668536504,1.));
#1227=CARTESIAN_POINT('',(32.2292726807044,-19.9243940924377,1.));
#1228=CARTESIAN_POINT('',(31.9670024732088,-20.2513710297859,1.));
#1229=CARTESIAN_POINT('',(31.913912001928,-20.3161625942029,1.));
#1230=CARTESIAN_POINT('',(31.8266865524258,-20.4203764394207,1.));
#1231=CARTESIAN_POINT('',(31.7938021480545,-20.4591695826164,1.));
#1232=CARTESIAN_POINT('',(31.7367723822751,-20.5255891511749,1.));
#1233=CARTESIAN_POINT('',(31.7123096722213,-20.5537438072622,1.));
#1234=CARTESIAN_POINT('',(31.5652800254909,-20.7209634798386,1.));
#1235=CARTESIAN_POINT('',(31.4416283769294,-20.8532945631709,1.));
#1236=CARTESIAN_POINT('',(31.103098389835,-21.1941831304319,1.));
#1237=CARTESIAN_POINT('',(30.8861959396829,-21.389674470693,1.));
#1238=CARTESIAN_POINT('',(30.372253648955,-21.8035874690552,1.));
#1239=CARTESIAN_POINT('',(30.0727361197301,-22.0080305207242,1.));
#1240=CARTESIAN_POINT('',(29.533543557816,-22.3167920048736,1.));
#1241=CARTESIAN_POINT('',(29.2975169008263,-22.4333720038046,1.));
#1242=CARTESIAN_POINT('',(28.7307317632935,-22.6713694019178,1.));
#1243=CARTESIAN_POINT('',(28.3945517220732,-22.7816061508559,1.));
#1244=CARTESIAN_POINT('',(27.7313043363363,-22.9411021122032,1.));
#1245=CARTESIAN_POINT('',(27.408317486582,-22.9961598926333,1.));
#1246=CARTESIAN_POINT('',(26.8993051185331,-23.0481157472905,1.));
#1247=CARTESIAN_POINT('',(26.7255760684129,-23.0603020514038,1.));
#1248=CARTESIAN_POINT('',(26.3490254488598,-23.0747826994943,1.));
#1249=CARTESIAN_POINT('',(26.1448656717883,-23.0757781568061,1.));
#1250=CARTESIAN_POINT('',(25.9354481529023,-23.0698025532585,1.));
#1251=CARTESIAN_POINT('',(16.0641523896814,-3.12747796286898,1.));
#1252=CARTESIAN_POINT('',(22.6928387595444,15.8018635263273,1.));
#1253=CARTESIAN_POINT('',(22.6928387595444,15.8018635263273,1.));
#1254=CARTESIAN_POINT('',(13.8999446239915,15.8018635263273,1.));
#1255=CARTESIAN_POINT('',(13.8999446239915,15.8018635263273,1.));
#1256=CARTESIAN_POINT('',(13.8999446239915,48.0869007639711,1.));
#1257=CARTESIAN_POINT('',(-75.,-75.,1.));
#1258=CARTESIAN_POINT('',(-75.,-75.,0.));
#1259=CARTESIAN_POINT('',(-75.,-75.,0.));
#1260=CARTESIAN_POINT('',(75.,-75.,0.));
#1261=CARTESIAN_POINT('',(75.,-75.,1.));
#1262=CARTESIAN_POINT('',(-75.,-75.,1.));
#1263=CARTESIAN_POINT('',(75.,-75.,1.));
#1264=CARTESIAN_POINT('',(75.,-75.,0.));
#1265=CARTESIAN_POINT('',(75.,75.,0.));
#1266=CARTESIAN_POINT('',(75.,75.,1.));
#1267=CARTESIAN_POINT('',(75.,75.,1.));
#1268=CARTESIAN_POINT('',(75.,75.,0.));
#1269=CARTESIAN_POINT('',(-75.,75.,0.));
#1270=CARTESIAN_POINT('',(-75.,75.,1.));
#1271=CARTESIAN_POINT('',(-75.,75.,1.));
#1272=CARTESIAN_POINT('',(-75.,75.,0.));
#1273=CARTESIAN_POINT('',(0.,0.,0.));
#1274=CARTESIAN_POINT('',(39.0657668065398,-15.611784132725,0.));
#1275=CARTESIAN_POINT('',(48.9659568108568,9.16171457575178,0.));
#1276=CARTESIAN_POINT('',(63.5224903247362,45.5869007639711,0.));
#1277=CARTESIAN_POINT('',(0.,45.5869007639711,0.));
#1278=CARTESIAN_POINT('',(16.3999446239915,45.5869007639711,0.));
#1279=CARTESIAN_POINT('',(16.3999446239915,0.,0.));
#1280=CARTESIAN_POINT('',(16.3999446239915,18.3018635263273,0.));
#1281=CARTESIAN_POINT('',(0.,18.3018635263273,0.));
#1282=CARTESIAN_POINT('',(26.21714164498,18.3018635263273,0.));
#1283=CARTESIAN_POINT('',(17.6445040538297,-6.17876134736996,0.));
#1284=CARTESIAN_POINT('',(19.6497753619739,-0.452368024112824,0.));
#1285=CARTESIAN_POINT('',(19.6497753619739,-0.452368024112818,0.));
#1286=CARTESIAN_POINT('',(20.4068609866999,-0.452368024112818,0.));
#1287=CARTESIAN_POINT('',(21.1334155101877,-0.484709399221404,0.));
#1288=CARTESIAN_POINT('',(22.1051829824979,-0.527966023912751,0.));
#1289=CARTESIAN_POINT('',(23.0223554759274,-0.628893097946526,0.));
#1290=CARTESIAN_POINT('',(24.634400274181,-0.806284990818001,0.));
#1291=CARTESIAN_POINT('',(26.0801280490829,-1.16157809603408,0.));
#1292=CARTESIAN_POINT('',(27.5332318578717,-1.51868388966173,0.));
#1293=CARTESIAN_POINT('',(28.8184284165607,-2.05508768325512,0.));
#1294=CARTESIAN_POINT('',(30.1102448074492,-2.59425440294003,0.));
#1295=CARTESIAN_POINT('',(31.2325919134812,-3.31408652448925,0.));
#1296=CARTESIAN_POINT('',(31.5145023794369,-3.49489352056493,0.));
#1297=CARTESIAN_POINT('',(31.7849397612711,-3.68649057115291,0.));
#1298=CARTESIAN_POINT('',(31.9209151305517,-3.78282518114685,0.));
#1299=CARTESIAN_POINT('',(32.0533846224953,-3.88139085364279,0.));
#1300=CARTESIAN_POINT('',(32.1850611998216,-3.97936654756072,0.));
#1301=CARTESIAN_POINT('',(32.3163352814002,-4.08177277682883,0.));
#1302=CARTESIAN_POINT('',(32.836267359253,-4.4873690904968,0.));
#1303=CARTESIAN_POINT('',(33.2947909552605,-4.92007636491191,0.));
#1304=CARTESIAN_POINT('',(33.7551056326314,-5.35447387717256,0.));
#1305=CARTESIAN_POINT('',(34.1543585266853,-5.81656304658186,0.));
#1306=CARTESIAN_POINT('',(34.5550702662319,-6.28034066136515,0.));
#1307=CARTESIAN_POINT('',(34.8950379956748,-6.77239898805854,0.));
#1308=CARTESIAN_POINT('',(35.23615436784,-7.26611982318142,0.));
#1309=CARTESIAN_POINT('',(35.5168293622288,-7.78875035556188,0.));
#1310=CARTESIAN_POINT('',(35.798368711707,-8.31299035928651,0.));
#1311=CARTESIAN_POINT('',(36.0197326263475,-8.86678331531181,0.));
#1312=CARTESIAN_POINT('',(36.2417128579925,-9.42211813066083,0.));
#1313=CARTESIAN_POINT('',(36.4037477880308,-10.0076640335282,0.));
#1314=CARTESIAN_POINT('',(36.5661864661863,-10.594668961655,0.));
#1315=CARTESIAN_POINT('',(36.6688748472786,-11.212558676431,0.));
#1316=CARTESIAN_POINT('',(36.7717863788256,-11.8317911173195,0.));
#1317=CARTESIAN_POINT('',(36.8151138040911,-12.48263341024,0.));
#1318=CARTESIAN_POINT('',(36.8368355150706,-12.8089257780286,0.));
#1319=CARTESIAN_POINT('',(36.8436502440841,-13.1424777381781,0.));
#1320=CARTESIAN_POINT('',(36.8470727329394,-13.3099939906996,0.));
#1321=CARTESIAN_POINT('',(36.8467728677228,-13.4786397825766,0.));
#1322=CARTESIAN_POINT('',(36.8464721465849,-13.6477669491119,0.));
#1323=CARTESIAN_POINT('',(36.8425061078839,-13.8143596908351,0.));
#1324=CARTESIAN_POINT('',(36.8235462939724,-14.6107632612992,0.));
#1325=CARTESIAN_POINT('',(36.7212255732463,-15.3729513776926,0.));
#1326=CARTESIAN_POINT('',(36.6536484459427,-15.8763341041364,0.));
#1327=CARTESIAN_POINT('',(36.5499634947881,-16.3643515436405,0.));
#1328=CARTESIAN_POINT('',(36.3959279277761,-17.0893559166835,0.));
#1329=CARTESIAN_POINT('',(36.1623246673329,-17.7819859527245,0.));
#1330=CARTESIAN_POINT('',(36.0081157153538,-18.2392130982899,0.));
#1331=CARTESIAN_POINT('',(35.8195739852651,-18.6819465977788,0.));
#1332=CARTESIAN_POINT('',(35.5396305740994,-19.3393094321283,0.));
#1333=CARTESIAN_POINT('',(35.1838276397983,-19.9662197219555,0.));
#1334=CARTESIAN_POINT('',(34.9490969494136,-20.3798056453809,0.));
#1335=CARTESIAN_POINT('',(34.6817555373247,-20.7798048413603,0.));
#1336=CARTESIAN_POINT('',(34.350715784041,-21.2751102043267,0.));
#1337=CARTESIAN_POINT('',(33.969566073326,-21.7502889054767,0.));
#1338=CARTESIAN_POINT('',(33.8746365047033,-21.8686374384829,0.));
#1339=CARTESIAN_POINT('',(33.7772372914609,-21.9850064321736,0.));
#1340=CARTESIAN_POINT('',(33.7172724128635,-22.0566502611827,0.));
#1341=CARTESIAN_POINT('',(33.6582546528503,-22.1253851872069,0.));
#1342=CARTESIAN_POINT('',(33.611773615604,-22.1795192420394,0.));
#1343=CARTESIAN_POINT('',(33.5656030774595,-22.2320299574307,0.));
#1344=CARTESIAN_POINT('',(33.3326939274537,-22.4969223883938,0.));
#1345=CARTESIAN_POINT('',(33.0911778700142,-22.7401273149446,0.));
#1346=CARTESIAN_POINT('',(32.6761691162235,-23.1580381344305,0.));
#1347=CARTESIAN_POINT('',(32.2345756206523,-23.5137220954788,0.));
#1348=CARTESIAN_POINT('',(31.6448489999265,-23.9887207141158,0.));
#1349=CARTESIAN_POINT('',(31.0073548653797,-24.3537418515801,0.));
#1350=CARTESIAN_POINT('',(30.5284590880545,-24.627951560961,0.));
#1351=CARTESIAN_POINT('',(30.0231259818327,-24.8401767051978,0.));
#1352=CARTESIAN_POINT('',(29.3482558590323,-25.1236024443567,0.));
#1353=CARTESIAN_POINT('',(28.6257363809799,-25.2973165587436,0.));
#1354=CARTESIAN_POINT('',(27.9925905178233,-25.4495427287459,0.));
#1355=CARTESIAN_POINT('',(27.323253833868,-25.5178389762733,0.));
#1356=CARTESIAN_POINT('',(26.9878070823879,-25.5520665256077,0.));
#1357=CARTESIAN_POINT('',(26.6440942340841,-25.5652839510252,0.));
#1358=CARTESIAN_POINT('',(26.2996006747973,-25.5785313985651,0.));
#1359=CARTESIAN_POINT('',(25.9463224168148,-25.5708514364351,0.));
#1360=CARTESIAN_POINT('',(25.9463224168148,-25.5708514364351,0.));
#1361=CARTESIAN_POINT('',(25.9463224168148,-25.5708514364351,0.));
#1362=CARTESIAN_POINT('',(21.7824767837748,-25.672408646997,0.));
#1363=CARTESIAN_POINT('',(15.9937157817437,-21.711677435081,0.));
#1364=CARTESIAN_POINT('',(15.9937157817437,-21.711677435081,0.));
#1365=CARTESIAN_POINT('',(15.9937157817437,0.,0.));
#1366=CARTESIAN_POINT('',(15.9937157817437,-48.5904858304771,0.));
#1367=CARTESIAN_POINT('',(15.9937157817437,-48.5904858304771,0.));
#1368=CARTESIAN_POINT('',(17.5984637880845,-49.2410593465612,0.));
#1369=CARTESIAN_POINT('',(19.2009573284455,-49.7517856245498,0.));
#1370=CARTESIAN_POINT('',(20.8066076203165,-50.2635179820692,0.));
#1371=CARTESIAN_POINT('',(22.4121432777869,-50.6357519152042,0.));
#1372=CARTESIAN_POINT('',(24.0204258188661,-51.008622697035,0.));
#1373=CARTESIAN_POINT('',(25.6312180324074,-51.2423847024404,0.));
#1374=CARTESIAN_POINT('',(27.2441296966477,-51.4764542875829,0.));
#1375=CARTESIAN_POINT('',(28.8621259949467,-51.5716839862582,0.));
#1376=CARTESIAN_POINT('',(29.6721985771402,-51.6193620730305,0.));
#1377=CARTESIAN_POINT('',(30.4832500550108,-51.6323335643853,0.));
#1378=CARTESIAN_POINT('',(30.6866584620517,-51.6355867615811,0.));
#1379=CARTESIAN_POINT('',(30.8892051622748,-51.6366626189398,0.));
#1380=CARTESIAN_POINT('',(31.0909940002234,-51.6377344507987,0.));
#1381=CARTESIAN_POINT('',(31.2951718632212,-51.6366784419542,0.));
#1382=CARTESIAN_POINT('',(31.7009030746303,-51.6345799982666,0.));
#1383=CARTESIAN_POINT('',(32.1019821306954,-51.624157571635,0.));
#1384=CARTESIAN_POINT('',(33.7069510487923,-51.5824509042288,0.));
#1385=CARTESIAN_POINT('',(35.2537826691507,-51.4077123289753,0.));
#1386=CARTESIAN_POINT('',(36.5780914024858,-51.2581111582899,0.));
#1387=CARTESIAN_POINT('',(37.8594396576682,-51.0112617699677,0.));
#1388=CARTESIAN_POINT('',(39.5656631840585,-50.6825609408786,0.));
#1389=CARTESIAN_POINT('',(41.1963439898764,-50.1816951682452,0.));
#1390=CARTESIAN_POINT('',(42.4177893509346,-49.8065266053277,0.));
#1391=CARTESIAN_POINT('',(43.5963134638118,-49.3351546389176,0.));
#1392=CARTESIAN_POINT('',(45.1657843667645,-48.7074164554856,0.));
#1393=CARTESIAN_POINT('',(46.659723676171,-47.9092727566644,0.));
#1394=CARTESIAN_POINT('',(47.7788456492022,-47.3113768814016,0.));
#1395=CARTESIAN_POINT('',(48.8551394849151,-46.6183492768609,0.));
#1396=CARTESIAN_POINT('',(50.2885297671657,-45.6953866055919,0.));
#1397=CARTESIAN_POINT('',(51.6465673766131,-44.6037614738694,0.));
#1398=CARTESIAN_POINT('',(52.8332540846564,-43.6498725499034,0.));
#1399=CARTESIAN_POINT('',(53.9621149973202,-42.5677588744029,0.));
#1400=CARTESIAN_POINT('',(54.1035036249713,-42.4322252884445,0.));
#1401=CARTESIAN_POINT('',(54.2432448170363,-42.2954157634068,0.));
#1402=CARTESIAN_POINT('',(54.3891762584259,-42.1525458559046,0.));
#1403=CARTESIAN_POINT('',(54.5291182377684,-42.0124839732228,0.));
#1404=CARTESIAN_POINT('',(54.8202032820453,-41.7211495250928,0.));
#1405=CARTESIAN_POINT('',(55.1014800268391,-41.4261520186887,0.));
#1406=CARTESIAN_POINT('',(55.6648414204606,-40.8353096920521,0.));
#1407=CARTESIAN_POINT('',(56.1911052571069,-40.2277280903583,0.));
#1408=CARTESIAN_POINT('',(57.0934980067855,-39.1858985097803,0.));
#1409=CARTESIAN_POINT('',(57.8883589674765,-38.0936205073939,0.));
#1410=CARTESIAN_POINT('',(58.9477037422154,-36.6378954792277,0.));
#1411=CARTESIAN_POINT('',(59.8167418972985,-35.0923458109719,0.));
#1412=CARTESIAN_POINT('',(60.4682446602658,-33.9336741539425,0.));
#1413=CARTESIAN_POINT('',(61.0126967720648,-32.7251755397062,0.));
#1414=CARTESIAN_POINT('',(61.7383649451095,-31.1144388697314,0.));
#1415=CARTESIAN_POINT('',(62.2744569875442,-29.4149263253441,0.));
#1416=CARTESIAN_POINT('',(62.6763858944259,-28.1407361394666,0.));
#1417=CARTESIAN_POINT('',(62.9717766263998,-26.8173569654696,0.));
#1418=CARTESIAN_POINT('',(63.3655105209469,-25.0533908699245,0.));
#1419=CARTESIAN_POINT('',(63.5704655937933,-23.201684699424,0.));
#1420=CARTESIAN_POINT('',(63.7497239912323,-21.5821401034206,0.));
#1421=CARTESIAN_POINT('',(63.7847721735283,-19.8960727919636,0.));
#1422=CARTESIAN_POINT('',(63.7935131288709,-19.4755705545086,0.));
#1423=CARTESIAN_POINT('',(63.793304265014,-19.0490792447916,0.));
#1424=CARTESIAN_POINT('',(63.79309584273,-18.6234896087156,0.));
#1425=CARTESIAN_POINT('',(63.7850783775502,-18.2034704484327,0.));
#1426=CARTESIAN_POINT('',(63.7690413971331,-17.3633247294113,0.));
#1427=CARTESIAN_POINT('',(63.7218812979525,-16.542502849081,0.));
#1428=CARTESIAN_POINT('',(63.627777021635,-14.9046172132145,0.));
#1429=CARTESIAN_POINT('',(63.4100784189005,-13.342460843131,0.));
#1430=CARTESIAN_POINT('',(63.1931336532552,-11.7857138390067,0.));
#1431=CARTESIAN_POINT('',(62.8540591492278,-10.3066444642611,0.));
#1432=CARTESIAN_POINT('',(62.5160169357166,-8.83207802108466,0.));
#1433=CARTESIAN_POINT('',(62.0574177719601,-7.43709535656154,0.));
#1434=CARTESIAN_POINT('',(61.6000165401059,-6.04575660238334,0.));
#1435=CARTESIAN_POINT('',(61.0237485701234,-4.73585516412265,0.));
#1436=CARTESIAN_POINT('',(60.7359759361866,-4.08172582374422,0.));
#1437=CARTESIAN_POINT('',(60.4191517484371,-3.44898892490418,0.));
#1438=CARTESIAN_POINT('',(60.3392012626744,-3.28931796423166,0.));
#1439=CARTESIAN_POINT('',(60.2590536115175,-3.13418622324152,0.));
#1440=CARTESIAN_POINT('',(60.1784747086371,-2.97821976245992,0.));
#1441=CARTESIAN_POINT('',(60.0959532304133,-2.82368358536904,0.));
#1442=CARTESIAN_POINT('',(59.9302215930702,-2.51332155345577,0.));
#1443=CARTESIAN_POINT('',(59.7553307588142,-2.20598249074059,0.));
#1444=CARTESIAN_POINT('',(59.0548367342783,-0.974990724623386,0.));
#1445=CARTESIAN_POINT('',(58.2012963698517,0.220021183575031,0.));
#1446=CARTESIAN_POINT('',(57.3477378140246,1.41505856091479,0.));
#1447=CARTESIAN_POINT('',(56.3427412069795,2.57239330097723,0.));
#1448=CARTESIAN_POINT('',(55.3373659673682,3.73016406701192,0.));
#1449=CARTESIAN_POINT('',(54.1822658437928,4.84853328787085,0.));
#1450=CARTESIAN_POINT('',(53.0263186201948,5.96772267191132,0.));
#1451=CARTESIAN_POINT('',(51.7224708538869,7.04584057066074,0.));
#1452=CARTESIAN_POINT('',(50.4174032699236,8.12496710498978,0.));
#1453=CARTESIAN_POINT('',(48.9659568108568,9.16171457575178,0.));
#1454=CARTESIAN_POINT('',(-35.6650519907681,21.9579231065575,0.));
#1455=CARTESIAN_POINT('',(-35.3710528542978,21.9495231312297,0.));
#1456=CARTESIAN_POINT('',(-35.0843674052107,21.923708421979,0.));
#1457=CARTESIAN_POINT('',(-34.7982341518267,21.8979434354177,0.));
#1458=CARTESIAN_POINT('',(-34.5186777913378,21.8546046941117,0.));
#1459=CARTESIAN_POINT('',(-34.295817009621,21.8200552896583,0.));
#1460=CARTESIAN_POINT('',(-34.0766816634876,21.7741240813446,0.));
#1461=CARTESIAN_POINT('',(-33.7491373177931,21.705470129166,0.));
#1462=CARTESIAN_POINT('',(-33.4308500479038,21.6112686840742,0.));
#1463=CARTESIAN_POINT('',(-33.219462895892,21.5487057823273,0.));
#1464=CARTESIAN_POINT('',(-33.011469781237,21.474522634586,0.));
#1465=CARTESIAN_POINT('',(-32.7007927444719,21.3637160794921,0.));
#1466=CARTESIAN_POINT('',(-32.3987018989833,21.2269922275725,0.));
#1467=CARTESIAN_POINT('',(-31.8969439392614,20.9999006688277,0.));
#1468=CARTESIAN_POINT('',(-31.4193664830935,20.7008524757342,0.));
#1469=CARTESIAN_POINT('',(-31.2290904531462,20.5817059326764,0.));
#1470=CARTESIAN_POINT('',(-31.0417777050141,20.4504681341572,0.));
#1471=CARTESIAN_POINT('',(-30.7621673999466,20.2545634707201,0.));
#1472=CARTESIAN_POINT('',(-30.4899769387516,20.0319265796869,0.));
#1473=CARTESIAN_POINT('',(-30.0384708129631,19.6626192950502,0.));
#1474=CARTESIAN_POINT('',(-29.6076664044746,19.2192916905583,0.));
#1475=CARTESIAN_POINT('',(-29.5062028674614,19.1148786763899,0.));
#1476=CARTESIAN_POINT('',(-29.4091227630847,19.0095915109338,0.));
#1477=CARTESIAN_POINT('',(-29.3134952346103,18.9058797207862,0.));
#1478=CARTESIAN_POINT('',(-29.2211737573625,18.8002237808785,0.));
#1479=CARTESIAN_POINT('',(-29.0376025870474,18.590138488509,0.));
#1480=CARTESIAN_POINT('',(-28.869130864121,18.3743115133522,0.));
#1481=CARTESIAN_POINT('',(-28.7349998655345,18.2024780020849,0.));
#1482=CARTESIAN_POINT('',(-28.610206567309,18.0265010685187,0.));
#1483=CARTESIAN_POINT('',(-28.4239518397817,17.7638544658681,0.));
#1484=CARTESIAN_POINT('',(-28.2592551610878,17.4925693592756,0.));
#1485=CARTESIAN_POINT('',(-28.150018952195,17.3126376398977,0.));
#1486=CARTESIAN_POINT('',(-28.0499860332074,17.1282126420545,0.));
#1487=CARTESIAN_POINT('',(-27.900772572363,16.8531162790478,0.));
#1488=CARTESIAN_POINT('',(-27.7726873991067,16.5686315429531,0.));
#1489=CARTESIAN_POINT('',(-27.687790820432,16.3800712266759,0.));
#1490=CARTESIAN_POINT('',(-27.6119667984554,16.1866219116417,0.));
#1491=CARTESIAN_POINT('',(-27.498947789093,15.8982772765636,0.));
#1492=CARTESIAN_POINT('',(-27.4066609739212,15.5997314601279,0.));
#1493=CARTESIAN_POINT('',(-27.3455269554694,15.4019642556068,0.));
#1494=CARTESIAN_POINT('',(-27.2933822587963,15.1989622730236,0.));
#1495=CARTESIAN_POINT('',(-27.2156950774207,14.8965220854929,0.));
#1496=CARTESIAN_POINT('',(-27.1584092812747,14.5831025065434,0.));
#1497=CARTESIAN_POINT('',(-27.0636781051781,14.0648133786436,0.));
#1498=CARTESIAN_POINT('',(-27.0251657169103,13.5159780779429,0.));
#1499=CARTESIAN_POINT('',(-27.0060610092755,13.2437192430271,0.));
#1500=CARTESIAN_POINT('',(-27.0008074190038,12.9626154966815,0.));
#1501=CARTESIAN_POINT('',(-26.9982248269022,12.824428794347,0.));
#1502=CARTESIAN_POINT('',(-26.9990330405417,12.6807834621246,0.));
#1503=CARTESIAN_POINT('',(-26.9998361083879,12.5380527014183,0.));
#1504=CARTESIAN_POINT('',(-27.0040143459787,12.3943397366366,0.));
#1505=CARTESIAN_POINT('',(-27.0213855186534,11.796847929969,0.));
#1506=CARTESIAN_POINT('',(-27.0974060351016,11.1988033949737,0.));
#1507=CARTESIAN_POINT('',(-27.1782392410394,10.5628979931703,0.));
#1508=CARTESIAN_POINT('',(-27.3256951329039,9.92643244324823,0.));
#1509=CARTESIAN_POINT('',(-27.4024959367978,9.59493625637655,0.));
#1510=CARTESIAN_POINT('',(-27.4976558187598,9.26259386089329,0.));
#1511=CARTESIAN_POINT('',(-27.5459958957544,9.09376791602029,0.));
#1512=CARTESIAN_POINT('',(-27.599355377449,8.923964270742,0.));
#1513=CARTESIAN_POINT('',(-27.6260570551016,8.83899263952537,0.));
#1514=CARTESIAN_POINT('',(-27.6542931084242,8.75299727312906,0.));
#1515=CARTESIAN_POINT('',(-27.6611672832682,8.7320613732839,0.));
#1516=CARTESIAN_POINT('',(-27.6684610179747,8.71008464637328,0.));
#1517=CARTESIAN_POINT('',(-27.6720776650792,8.69918733944514,0.));
#1518=CARTESIAN_POINT('',(-27.6813023116255,8.67154943358186,0.));
#1519=CARTESIAN_POINT('',(-27.69256824989,8.63779562635962,0.));
#1520=CARTESIAN_POINT('',(-27.7038341881546,8.60404181913739,0.));
#1521=CARTESIAN_POINT('',(-30.5879143838734,-0.036932829754574,0.));
#1522=CARTESIAN_POINT('',(-33.4719945795922,-8.67790747864654,0.));
#1523=CARTESIAN_POINT('',(-39.2401549710299,-25.9598567764305,0.));
#1524=CARTESIAN_POINT('',(-45.0083153624675,-43.2418060742144,0.));
#1525=CARTESIAN_POINT('',(-35.6650519907681,21.9579231065575,0.));
#1526=CARTESIAN_POINT('',(-45.0083153624675,-43.2418060742144,0.));
#1527=CARTESIAN_POINT('',(-19.8048322805811,-52.711322839085,0.));
#1528=CARTESIAN_POINT('',(-21.5824521261778,-52.0434309895834,0.));
#1529=CARTESIAN_POINT('',(-21.5824521261778,-52.0434309895834,0.));
#1530=CARTESIAN_POINT('',(-21.0040498758763,-50.3240708756733,0.));
#1531=CARTESIAN_POINT('',(-20.3705045267534,-48.4354361638047,0.));
#1532=CARTESIAN_POINT('',(-19.8046345936988,-46.748545715553,0.));
#1533=CARTESIAN_POINT('',(-19.1612116967062,-44.8265305777287,0.));
#1534=CARTESIAN_POINT('',(-18.6212633263429,-43.2136116929134,0.));
#1535=CARTESIAN_POINT('',(-17.9537096439028,-41.2170106374158,0.));
#1536=CARTESIAN_POINT('',(-17.5260035911358,-39.9377751558948,0.));
#1537=CARTESIAN_POINT('',(-16.7471343762095,-37.6071727489265,0.));
#1538=CARTESIAN_POINT('',(-16.3038503404185,-36.2807384503479,0.));
#1539=CARTESIAN_POINT('',(-16.1439242892374,-35.8022272010095,0.));
#1540=CARTESIAN_POINT('',(-15.8053491327332,-34.7891838604327,0.));
#1541=CARTESIAN_POINT('',(-15.5406219014928,-33.9973133183211,0.));
#1542=CARTESIAN_POINT('',(-14.8669349132309,-31.9821338518618,0.));
#1543=CARTESIAN_POINT('',(-14.333308227619,-30.38772875166,0.));
#1544=CARTESIAN_POINT('',(-13.6879932407341,-28.459613958926,0.));
#1545=CARTESIAN_POINT('',(-13.1243293624548,-26.7787154550038,0.));
#1546=CARTESIAN_POINT('',(-12.490016782978,-24.887135903878,0.));
#1547=CARTESIAN_POINT('',(-11.9128213138664,-23.1705698344128,0.));
#1548=CARTESIAN_POINT('',(-11.2836190601141,-21.2993367817964,0.));
#1549=CARTESIAN_POINT('',(-10.6979200897203,-19.5635882959474,0.));
#1550=CARTESIAN_POINT('',(-10.070954330602,-17.7055435970864,0.));
#1551=CARTESIAN_POINT('',(-9.47876169788297,-15.9580672456681,0.));
#1552=CARTESIAN_POINT('',(-8.85229842347453,-14.1094630980036,0.));
#1553=CARTESIAN_POINT('',(-8.25448214622084,-12.3543030896352,0.));
#1554=CARTESIAN_POINT('',(-7.62731330478048,-10.5129653561634,0.));
#1555=CARTESIAN_POINT('',(-7.02421744260033,-8.75259223390919,0.));
#1556=CARTESIAN_POINT('',(-6.94708398073963,-8.52744780563347,0.));
#1557=CARTESIAN_POINT('',(-6.86997049279248,-8.30253751203247,0.));
#1558=CARTESIAN_POINT('',(-6.83150976367806,-8.19036240353315,0.));
#1559=CARTESIAN_POINT('',(-6.79280635884594,-8.07752409981676,0.));
#1560=CARTESIAN_POINT('',(-6.78738964276854,-8.06173187025614,0.));
#1561=CARTESIAN_POINT('',(-6.75326343767231,-7.96224978382541,0.));
#1562=CARTESIAN_POINT('',(-6.71342181661419,-7.84610655669341,0.));
#1563=CARTESIAN_POINT('',(-6.67356369113919,-7.72946976784576,0.));
#1564=CARTESIAN_POINT('',(-6.35593108398778,-6.79998181802509,0.));
#1565=CARTESIAN_POINT('',(-6.05964152208447,-5.90424213294279,0.));
#1566=CARTESIAN_POINT('',(-5.46585525187105,-4.10911332965155,0.));
#1567=CARTESIAN_POINT('',(-4.95845126747311,-2.45118682545388,0.));
#1568=CARTESIAN_POINT('',(-4.44949131858642,-0.788176256398987,0.));
#1569=CARTESIAN_POINT('',(-4.02695047468442,0.738668532278884,0.));
#1570=CARTESIAN_POINT('',(-3.60327360578573,2.26961832967022,0.));
#1571=CARTESIAN_POINT('',(-3.26611996430868,3.66532394025551,0.));
#1572=CARTESIAN_POINT('',(-2.92818838065969,5.06424997654741,0.));
#1573=CARTESIAN_POINT('',(-2.67694055693615,6.32877939847598,0.));
#1574=CARTESIAN_POINT('',(-2.42521303873316,7.5957231210493,0.));
#1575=CARTESIAN_POINT('',(-2.26039307315709,8.72903490694032,0.));
#1576=CARTESIAN_POINT('',(-2.0953249030476,9.86405336181444,0.));
#1577=CARTESIAN_POINT('',(-2.01745833356178,10.8660904656485,0.));
#1578=CARTESIAN_POINT('',(-1.97851911013139,11.367185440416,0.));
#1579=CARTESIAN_POINT('',(-1.96140224926748,11.835918263844,0.));
#1580=CARTESIAN_POINT('',(-1.95286543007528,12.0696928674274,0.));
#1581=CARTESIAN_POINT('',(-1.9497806671222,12.2961571676522,0.));
#1582=CARTESIAN_POINT('',(-1.94824959194857,12.408559278628,0.));
#1583=CARTESIAN_POINT('',(-1.94807819587828,12.5201078707338,0.));
#1584=CARTESIAN_POINT('',(-1.94800907774013,12.5650915800224,0.));
#1585=CARTESIAN_POINT('',(-1.94814645386254,12.6308043871191,0.));
#1586=CARTESIAN_POINT('',(-1.94826057706374,12.6853943389541,0.));
#1587=CARTESIAN_POINT('',(-1.94853360229016,12.7413631747813,0.));
#1588=CARTESIAN_POINT('',(-1.95979530222262,15.0499565707328,0.));
#1589=CARTESIAN_POINT('',(-2.24000468278174,17.2631648903933,0.));
#1590=CARTESIAN_POINT('',(-2.45000956084559,18.9218693290982,0.));
#1591=CARTESIAN_POINT('',(-2.81148311668061,20.5274811326314,0.));
#1592=CARTESIAN_POINT('',(-3.17265760269447,22.1317645124745,0.));
#1593=CARTESIAN_POINT('',(-3.68542594217678,23.6829101938946,0.));
#1594=CARTESIAN_POINT('',(-4.06963098196322,24.8451465145813,0.));
#1595=CARTESIAN_POINT('',(-4.53937531828463,25.9780247773271,0.));
#1596=CARTESIAN_POINT('',(-5.2694266787973,27.7386831888569,0.));
#1597=CARTESIAN_POINT('',(-6.20591300783548,29.4264611006042,0.));
#1598=CARTESIAN_POINT('',(-6.90769660969026,30.6912471688145,0.));
#1599=CARTESIAN_POINT('',(-7.72598629145142,31.915527137139,0.));
#1600=CARTESIAN_POINT('',(-8.67981941798724,33.3425997447622,0.));
#1601=CARTESIAN_POINT('',(-9.79208930682721,34.7140712066796,0.));
#1602=CARTESIAN_POINT('',(-10.3476186189343,35.3990601697523,0.));
#1603=CARTESIAN_POINT('',(-10.9433401967132,36.0707914638587,0.));
#1604=CARTESIAN_POINT('',(-11.1811340923848,36.3389261214375,0.));
#1605=CARTESIAN_POINT('',(-11.4259044373445,36.6055365682465,0.));
#1606=CARTESIAN_POINT('',(-11.7916849230733,37.0039545169167,0.));
#1607=CARTESIAN_POINT('',(-12.1733098393676,37.3990630339465,0.));
#1608=CARTESIAN_POINT('',(-13.4393253082684,38.7098094582401,0.));
#1609=CARTESIAN_POINT('',(-14.7568974173479,39.8577521472148,0.));
#1610=CARTESIAN_POINT('',(-16.0733781468557,41.0047439651202,0.));
#1611=CARTESIAN_POINT('',(-17.4421553361143,41.9894418418309,0.));
#1612=CARTESIAN_POINT('',(-18.809571873351,42.9731608659076,0.));
#1613=CARTESIAN_POINT('',(-20.2298688955345,43.7949174176623,0.));
#1614=CARTESIAN_POINT('',(-21.6486082497793,44.6157727326938,0.));
#1615=CARTESIAN_POINT('',(-23.1208233954762,45.2749641745767,0.));
#1616=CARTESIAN_POINT('',(-24.5912724271923,45.9333648303948,0.));
#1617=CARTESIAN_POINT('',(-26.1158041358068,46.4303674124416,0.));
#1618=CARTESIAN_POINT('',(-27.6383495458316,46.9267224543146,0.));
#1619=CARTESIAN_POINT('',(-29.2155964163942,47.2619124311249,0.));
#1620=CARTESIAN_POINT('',(-32.3651799303649,47.9312488835938,0.));
#1621=CARTESIAN_POINT('',(-35.7327567978095,47.9565690104166,0.));
#1622=CARTESIAN_POINT('',(-35.7327567978095,47.9565690104166,0.));
#1623=CARTESIAN_POINT('',(-35.7327567978095,47.9565690104166,0.));
#1624=CARTESIAN_POINT('',(-37.3511282091933,47.9450911989884,0.));
#1625=CARTESIAN_POINT('',(-38.9118288849965,47.8012558525715,0.));
#1626=CARTESIAN_POINT('',(-40.472865878709,47.6573895108434,0.));
#1627=CARTESIAN_POINT('',(-41.9767906661586,47.3808281631803,0.));
#1628=CARTESIAN_POINT('',(-43.1797663710342,47.1596092665156,0.));
#1629=CARTESIAN_POINT('',(-44.3466006707501,46.8532096932141,0.));
#1630=CARTESIAN_POINT('',(-46.0967293868984,46.3936425618906,0.));
#1631=CARTESIAN_POINT('',(-47.7643833104073,45.7422848103544,0.));
#1632=CARTESIAN_POINT('',(-48.8760457343399,45.308088046438,0.));
#1633=CARTESIAN_POINT('',(-49.9516168253587,44.7882324856851,0.));
#1634=CARTESIAN_POINT('',(-51.5647498175053,44.00855723855,0.));
#1635=CARTESIAN_POINT('',(-53.0955347305558,43.0362501931271,0.));
#1636=CARTESIAN_POINT('',(-54.1159201588351,42.3881330523683,0.));
#1637=CARTESIAN_POINT('',(-55.1001917558671,41.6538885102299,0.));
#1638=CARTESIAN_POINT('',(-56.5763664247731,40.5526953058792,0.));
#1639=CARTESIAN_POINT('',(-57.970244926604,39.2580355526867,0.));
#1640=CARTESIAN_POINT('',(-59.1309538652121,38.179947938872,0.));
#1641=CARTESIAN_POINT('',(-60.2349133791742,36.9670918254921,0.));
#1642=CARTESIAN_POINT('',(-61.3295651529485,35.7644615849326,0.));
#1643=CARTESIAN_POINT('',(-62.2991622476404,34.5024478031241,0.));
#1644=CARTESIAN_POINT('',(-63.0749759774749,33.4926596916213,0.));
#1645=CARTESIAN_POINT('',(-63.7708471940407,32.444381414514,0.));
#1646=CARTESIAN_POINT('',(-64.8149541604481,30.8715118578984,0.));
#1647=CARTESIAN_POINT('',(-65.6781477191985,29.2126598999175,0.));
#1648=CARTESIAN_POINT('',(-66.2537675955941,28.1064559097093,0.));
#1649=CARTESIAN_POINT('',(-66.7490925221861,26.9613266515766,0.));
#1650=CARTESIAN_POINT('',(-67.492246208206,25.2432483085264,0.));
#1651=CARTESIAN_POINT('',(-68.0538762045813,23.4382982197405,0.));
#1652=CARTESIAN_POINT('',(-68.4283749437557,22.2347451031233,0.));
#1653=CARTESIAN_POINT('',(-68.7222053606315,20.9918226081441,0.));
#1654=CARTESIAN_POINT('',(-69.1630263132844,19.1271202259461,0.));
#1655=CARTESIAN_POINT('',(-69.4216589449771,17.1746740037814,0.));
#1656=CARTESIAN_POINT('',(-69.6372594498971,15.5470820461347,0.));
#1657=CARTESIAN_POINT('',(-69.7261054236762,13.8579232077549,0.));
#1658=CARTESIAN_POINT('',(-69.7705145387928,13.0136075217073,0.));
#1659=CARTESIAN_POINT('',(-69.7832110236536,12.1530567212324,0.));
#1660=CARTESIAN_POINT('',(-69.7863762366335,11.9385228094141,0.));
#1661=CARTESIAN_POINT('',(-69.7875669351178,11.7219848767866,0.));
#1662=CARTESIAN_POINT('',(-69.7887348723225,11.509586262812,0.));
#1663=CARTESIAN_POINT('',(-69.7879723911074,11.2893281488173,0.));
#1664=CARTESIAN_POINT('',(-69.7864780134098,10.8576469391697,0.));
#1665=CARTESIAN_POINT('',(-69.7775217285298,10.4298902999828,0.));
#1666=CARTESIAN_POINT('',(-69.7417491245809,8.72137286833544,0.));
#1667=CARTESIAN_POINT('',(-69.5867357422581,7.09184338179946,0.));
#1668=CARTESIAN_POINT('',(-69.4318009246351,5.46313978198963,0.));
#1669=CARTESIAN_POINT('',(-69.1575764184478,3.91415707892234,0.));
#1670=CARTESIAN_POINT('',(-68.8834680911069,2.36583062290616,0.));
#1671=CARTESIAN_POINT('',(-68.490043757099,0.897942660496726,0.));
#1672=CARTESIAN_POINT('',(-68.0967534720763,-0.569445157730407,0.));
#1673=CARTESIAN_POINT('',(-67.5841377582115,-1.95568860433207,0.));
#1674=CARTESIAN_POINT('',(-67.0716483364797,-3.34159052484124,0.));
#1675=CARTESIAN_POINT('',(-66.4398584217855,-4.64562544641879,0.));
#1676=CARTESIAN_POINT('',(-65.8081574046272,-5.94947688059236,0.));
#1677=CARTESIAN_POINT('',(-65.0572057478209,-7.17075659661815,0.));
#1678=CARTESIAN_POINT('',(-64.6819531951621,-7.78103333919578,0.));
#1679=CARTESIAN_POINT('',(-64.2764894092616,-8.37117276565217,0.));
#1680=CARTESIAN_POINT('',(-64.0741330037915,-8.66569596899741,0.));
#1681=CARTESIAN_POINT('',(-63.8637837395878,-8.95578272612137,0.));
#1682=CARTESIAN_POINT('',(-63.6561373952925,-9.24214196238148,0.));
#1683=CARTESIAN_POINT('',(-63.4354628689141,-9.53113506793426,0.));
#1684=CARTESIAN_POINT('',(-62.5600927525164,-10.6775108304551,0.));
#1685=CARTESIAN_POINT('',(-61.5347338325336,-11.790200578048,0.));
#1686=CARTESIAN_POINT('',(-60.5081564571761,-12.9042125580581,0.));
#1687=CARTESIAN_POINT('',(-59.3320652352708,-13.9831435387256,0.));
#1688=CARTESIAN_POINT('',(-58.1542243209482,-15.0636796647429,0.));
#1689=CARTESIAN_POINT('',(-56.8274570771259,-16.1077414116766,0.));
#1690=CARTESIAN_POINT('',(-55.4983098526051,-17.1536760167302,0.));
#1691=CARTESIAN_POINT('',(-54.0209093580988,-18.1617716586104,0.));
#1692=CARTESIAN_POINT('',(-52.540432092451,-19.1719667173991,0.));
#1693=CARTESIAN_POINT('',(-50.9124220781894,-20.1430117412363,0.));
#1694=CARTESIAN_POINT('',(-49.2805805588497,-21.1163421097013,0.));
#1695=CARTESIAN_POINT('',(-47.5019952373979,-22.0492391212639,0.));
#1696=CARTESIAN_POINT('',(-45.7185229193585,-22.9846994422484,0.));
#1697=CARTESIAN_POINT('',(-43.7896288357242,-23.8782312604026,0.));
#1698=CARTESIAN_POINT('',(-43.7896288357242,-23.8782312604026,0.));
#1699=CARTESIAN_POINT('',(-30.0049883810154,11.6437268344239,0.));
#1700=CARTESIAN_POINT('',(-33.2276789372814,3.33910117019998,0.));
#1701=CARTESIAN_POINT('',(-33.2276789372814,3.33910117019998,0.));
#1702=CARTESIAN_POINT('',(-33.5888772418433,3.24880159405949,0.));
#1703=CARTESIAN_POINT('',(-33.9104484013278,3.17846122909196,0.));
#1704=CARTESIAN_POINT('',(-34.3918346429469,3.07316296795403,0.));
#1705=CARTESIAN_POINT('',(-34.7838162238435,3.01289450420696,0.));
#1706=CARTESIAN_POINT('',(-35.1094954923905,2.9628202401441,0.));
#1707=CARTESIAN_POINT('',(-35.373401900182,2.94403265468172,0.));
#1708=CARTESIAN_POINT('',(-35.5045701160137,2.93469474551344,0.));
#1709=CARTESIAN_POINT('',(-35.6210739966156,2.93316210078692,0.));
#1710=CARTESIAN_POINT('',(-35.6371249090402,2.93295094604979,0.));
#1711=CARTESIAN_POINT('',(-35.6538913305695,2.93289136157027,0.));
#1712=CARTESIAN_POINT('',(-35.6657571225329,2.93284919293953,0.));
#1713=CARTESIAN_POINT('',(-35.6861952943497,2.93289839713874,0.));
#1714=CARTESIAN_POINT('',(-35.7098663630732,2.93295538442662,0.));
#1715=CARTESIAN_POINT('',(-35.7345113510216,2.93315417281659,0.));
#1716=CARTESIAN_POINT('',(-35.79028711437,2.93360406446266,0.));
#1717=CARTESIAN_POINT('',(-35.8468436040536,2.93481092362849,0.));
#1718=CARTESIAN_POINT('',(-36.3564315154259,2.94568502216389,0.));
#1719=CARTESIAN_POINT('',(-36.8477411085795,3.01809904193033,0.));
#1720=CARTESIAN_POINT('',(-37.2126446257502,3.07188209618666,0.));
#1721=CARTESIAN_POINT('',(-37.5677994819035,3.15991779540093,0.));
#1722=CARTESIAN_POINT('',(-37.8961974599408,3.24132100618678,0.));
#1723=CARTESIAN_POINT('',(-38.216496192787,3.35235954518541,0.));
#1724=CARTESIAN_POINT('',(-38.6918324343343,3.51714521675369,0.));
#1725=CARTESIAN_POINT('',(-39.1478424122543,3.74740310722184,0.));
#1726=CARTESIAN_POINT('',(-39.5236317007899,3.93715432545919,0.));
#1727=CARTESIAN_POINT('',(-39.8863050877247,4.1718309936531,0.));
#1728=CARTESIAN_POINT('',(-40.2452931826246,4.40412300367453,0.));
#1729=CARTESIAN_POINT('',(-40.5910798050488,4.68060546869962,0.));
#1730=CARTESIAN_POINT('',(-40.9334348506923,4.95434412946589,0.));
#1731=CARTESIAN_POINT('',(-41.2626799904694,5.27164385856248,0.));
#1732=CARTESIAN_POINT('',(-41.4257969478277,5.42884273601859,0.));
#1733=CARTESIAN_POINT('',(-41.5862000794169,5.59736118598787,0.));
#1734=CARTESIAN_POINT('',(-41.6257542210625,5.63891650086202,0.));
#1735=CARTESIAN_POINT('',(-41.6658117981061,5.68189208965449,0.));
#1736=CARTESIAN_POINT('',(-41.707598724226,5.72672300271437,0.));
#1737=CARTESIAN_POINT('',(-41.747650873999,5.77070666149051,0.));
#1738=CARTESIAN_POINT('',(-41.8298131658052,5.86093398330843,0.));
#1739=CARTESIAN_POINT('',(-41.9098533069536,5.95329863524702,0.));
#1740=CARTESIAN_POINT('',(-42.1642377515796,6.24685297372479,0.));
#1741=CARTESIAN_POINT('',(-42.390713811515,6.55531090313046,0.));
#1742=CARTESIAN_POINT('',(-42.7287881477289,7.0157644705561,0.));
#1743=CARTESIAN_POINT('',(-43.003730536864,7.50895202456306,0.));
#1744=CARTESIAN_POINT('',(-43.1861275243676,7.83613301840006,0.));
#1745=CARTESIAN_POINT('',(-43.3409163206096,8.17846125192311,0.));
#1746=CARTESIAN_POINT('',(-43.5719032354876,8.68930793112005,0.));
#1747=CARTESIAN_POINT('',(-43.7406409256545,9.23334781257066,0.));
#1748=CARTESIAN_POINT('',(-43.8525444673156,9.59414444003995,0.));
#1749=CARTESIAN_POINT('',(-43.9371119364772,9.97035399940736,0.));
#1750=CARTESIAN_POINT('',(-44.0632690066579,10.5315803936028,0.));
#1751=CARTESIAN_POINT('',(-44.1279843430572,11.1264859992699,0.));
#1752=CARTESIAN_POINT('',(-44.181611542968,11.6194622181738,0.));
#1753=CARTESIAN_POINT('',(-44.1928808967791,12.1363334921288,0.));
#1754=CARTESIAN_POINT('',(-44.1956781000041,12.2646278041732,0.));
#1755=CARTESIAN_POINT('',(-44.1958475293305,12.3953868652924,0.));
#1756=CARTESIAN_POINT('',(-44.1960164163397,12.5257273868347,0.));
#1757=CARTESIAN_POINT('',(-44.1933355291822,12.6545853288906,0.));
#1758=CARTESIAN_POINT('',(-44.1879953844049,12.9112615803948,0.));
#1759=CARTESIAN_POINT('',(-44.1712043005264,13.164036319721,0.));
#1760=CARTESIAN_POINT('',(-44.1379307369045,13.6649400393308,0.));
#1761=CARTESIAN_POINT('',(-44.0594007390405,14.1481812117613,0.));
#1762=CARTESIAN_POINT('',(-43.9817075389976,14.6262730760148,0.));
#1763=CARTESIAN_POINT('',(-43.8592472439368,15.0881053391081,0.));
#1764=CARTESIAN_POINT('',(-43.7381842808322,15.5446678698423,0.));
#1765=CARTESIAN_POINT('',(-43.5727896615531,15.986355127522,0.));
#1766=CARTESIAN_POINT('',(-43.4094119261393,16.4226562855365,0.));
#1767=CARTESIAN_POINT('',(-43.2020738382269,16.8454770027636,0.));
#1768=CARTESIAN_POINT('',(-42.9974400239846,17.262782944851,0.));
#1769=CARTESIAN_POINT('',(-42.7491456202959,17.6680173905937,0.));
#1770=CARTESIAN_POINT('',(-42.5043189967517,18.0675921680397,0.));
#1771=CARTESIAN_POINT('',(-42.2160508540976,18.4565227167728,0.));
#1772=CARTESIAN_POINT('',(-42.0737217571677,18.6485527248757,0.));
#1773=CARTESIAN_POINT('',(-41.9200803423788,18.8388079897935,0.));
#1774=CARTESIAN_POINT('',(-41.8441317387285,18.9328556899365,0.));
#1775=CARTESIAN_POINT('',(-41.7648511865861,19.0270980364454,0.));
#1776=CARTESIAN_POINT('',(-41.7249057800753,19.0745819242348,0.));
#1777=CARTESIAN_POINT('',(-41.6850738037945,19.1209721083323,0.));
#1778=CARTESIAN_POINT('',(-41.6426933781863,19.1703303358085,0.));
#1779=CARTESIAN_POINT('',(-41.5992282625667,19.2195716891063,0.));
#1780=CARTESIAN_POINT('',(-41.2562732805042,19.6081032090683,0.));
#1781=CARTESIAN_POINT('',(-40.8857877552099,19.9418116699843,0.));
#1782=CARTESIAN_POINT('',(-40.5194492148157,20.2717848056205,0.));
#1783=CARTESIAN_POINT('',(-40.1257156677663,20.5481068968977,0.));
#1784=CARTESIAN_POINT('',(-39.7365539496766,20.8212204799119,0.));
#1785=CARTESIAN_POINT('',(-39.3201311562795,21.0418148379767,0.));
#1786=CARTESIAN_POINT('',(-38.9087048772497,21.2597623599487,0.));
#1787=CARTESIAN_POINT('',(-38.4701533767927,21.4262929613518,0.));
#1788=CARTESIAN_POINT('',(-38.0370327752236,21.5907612944535,0.));
#1789=CARTESIAN_POINT('',(-37.5769014853496,21.7048987351534,0.));
#1790=CARTESIAN_POINT('',(-36.6729571193263,21.9291258171701,0.));
#1791=CARTESIAN_POINT('',(-35.6650519907681,21.9579231065575,0.));
#1792=CARTESIAN_POINT('',(-45.0083153624675,-43.2418060742144,-27.9463244826045));
#1793=CARTESIAN_POINT('',(-45.0083153624675,-43.2418060742144,-27.9463244826045));
#1794=CARTESIAN_POINT('',(-45.0083153624675,-43.2418060742144,3.5));
#1795=CARTESIAN_POINT('',(-45.0083153624675,-43.2418060742144,3.5));
#1796=CARTESIAN_POINT('',(-21.5824521261778,-52.0434309895834,3.5));
#1797=CARTESIAN_POINT('',(-21.5824521261778,-52.0434309895834,-27.9463244826045));
#1798=CARTESIAN_POINT('',(-21.5824521261778,-52.0434309895834,0.));
#1799=CARTESIAN_POINT('',(-21.5824521261778,-52.0434309895834,3.5));
#1800=CARTESIAN_POINT('',(-21.3896513760773,-51.4703109516134,0.));
#1801=CARTESIAN_POINT('',(-21.3896513760773,-51.4703109516134,3.5));
#1802=CARTESIAN_POINT('',(-21.0920580271835,-50.5850004219831,0.));
#1803=CARTESIAN_POINT('',(-21.0920580271835,-50.5850004219831,3.5));
#1804=CARTESIAN_POINT('',(-20.6874784661811,-49.3801523247081,0.));
#1805=CARTESIAN_POINT('',(-20.6874784661811,-49.3801523247081,3.5));
#1806=CARTESIAN_POINT('',(-20.3621575441734,-48.4106454477027,0.));
#1807=CARTESIAN_POINT('',(-20.3621575441734,-48.4106454477027,3.5));
#1808=CARTESIAN_POINT('',(-20.0869185176453,-47.5898828673092,0.));
#1809=CARTESIAN_POINT('',(-20.0869185176453,-47.5898828673092,3.5));
#1810=CARTESIAN_POINT('',(-19.786503385125,-46.6935969625438,0.));
#1811=CARTESIAN_POINT('',(-19.786503385125,-46.6935969625438,3.5));
#1812=CARTESIAN_POINT('',(-19.5298722793047,-45.9275299449862,0.));
#1813=CARTESIAN_POINT('',(-19.5298722793047,-45.9275299449862,3.5));
#1814=CARTESIAN_POINT('',(-19.3231574750958,-45.3102552671438,0.));
#1815=CARTESIAN_POINT('',(-19.3231574750958,-45.3102552671438,3.5));
#1816=CARTESIAN_POINT('',(-19.1543104567215,-44.8059308893604,0.));
#1817=CARTESIAN_POINT('',(-19.1543104567215,-44.8059308893604,3.5));
#1818=CARTESIAN_POINT('',(-19.0268708782557,-44.4252046417866,0.));
#1819=CARTESIAN_POINT('',(-19.0268708782557,-44.4252046417866,3.5));
#1820=CARTESIAN_POINT('',(-18.8358305831694,-43.8543790915922,0.));
#1821=CARTESIAN_POINT('',(-18.8358305831694,-43.8543790915922,3.5));
#1822=CARTESIAN_POINT('',(-18.5921030529932,-43.1259299615381,0.));
#1823=CARTESIAN_POINT('',(-18.5921030529932,-43.1259299615381,3.5));
#1824=CARTESIAN_POINT('',(-18.3346702494694,-42.3562867750075,0.));
#1825=CARTESIAN_POINT('',(-18.3346702494694,-42.3562867750075,3.5));
#1826=CARTESIAN_POINT('',(-18.1448268809304,-41.7885903853995,0.));
#1827=CARTESIAN_POINT('',(-18.1448268809304,-41.7885903853995,3.5));
#1828=CARTESIAN_POINT('',(-18.0390384514542,-41.4722173470912,0.));
#1829=CARTESIAN_POINT('',(-18.0390384514542,-41.4722173470912,3.5));
#1830=CARTESIAN_POINT('',(-17.9453987963669,-41.1921555510553,0.));
#1831=CARTESIAN_POINT('',(-17.9453987963669,-41.1921555510553,3.5));
#1832=CARTESIAN_POINT('',(-17.9016242264949,-41.0612242731823,0.));
#1833=CARTESIAN_POINT('',(-17.9016242264949,-41.0612242731823,3.5));
#1834=CARTESIAN_POINT('',(-17.821261571011,-40.8208494519452,0.));
#1835=CARTESIAN_POINT('',(-17.821261571011,-40.8208494519452,3.5));
#1836=CARTESIAN_POINT('',(-17.6794503237414,-40.3966445477714,0.));
#1837=CARTESIAN_POINT('',(-17.6794503237414,-40.3966445477714,3.5));
#1838=CARTESIAN_POINT('',(-17.4459792814881,-39.6981852645733,0.));
#1839=CARTESIAN_POINT('',(-17.4459792814881,-39.6981852645733,3.5));
#1840=CARTESIAN_POINT('',(-17.1192151454313,-38.7205230844938,0.));
#1841=CARTESIAN_POINT('',(-17.1192151454313,-38.7205230844938,3.5));
#1842=CARTESIAN_POINT('',(-16.8239424017493,-37.8370067764761,0.));
#1843=CARTESIAN_POINT('',(-16.8239424017493,-37.8370067764761,3.5));
#1844=CARTESIAN_POINT('',(-16.5344637763935,-36.9708014322237,0.));
#1845=CARTESIAN_POINT('',(-16.5344637763935,-36.9708014322237,3.5));
#1846=CARTESIAN_POINT('',(-16.3697855431282,-36.4780435719805,0.));
#1847=CARTESIAN_POINT('',(-16.3697855431282,-36.4780435719805,3.5));
#1848=CARTESIAN_POINT('',(-16.2570751492876,-36.140790225165,0.));
#1849=CARTESIAN_POINT('',(-16.2570751492876,-36.140790225165,3.5));
#1850=CARTESIAN_POINT('',(-16.196721184259,-35.9602013410867,0.));
#1851=CARTESIAN_POINT('',(-16.196721184259,-35.9602013410867,3.5));
#1852=CARTESIAN_POINT('',(-16.1629354481045,-35.8591103387809,0.));
#1853=CARTESIAN_POINT('',(-16.1629354481045,-35.8591103387809,3.5));
#1854=CARTESIAN_POINT('',(-16.150114933936,-35.8207498938936,0.));
#1855=CARTESIAN_POINT('',(-16.150114933936,-35.8207498938936,3.5));
#1856=CARTESIAN_POINT('',(-16.1001505515759,-35.6712532917017,0.));
#1857=CARTESIAN_POINT('',(-16.1001505515759,-35.6712532917017,3.5));
#1858=CARTESIAN_POINT('',(-16.0474538675482,-35.5135840726165,0.));
#1859=CARTESIAN_POINT('',(-16.0474538675482,-35.5135840726165,3.5));
#1860=CARTESIAN_POINT('',(-15.9511677136576,-35.2255000217405,0.));
#1861=CARTESIAN_POINT('',(-15.9511677136576,-35.2255000217405,3.5));
#1862=CARTESIAN_POINT('',(-15.8222285098477,-34.8397375785762,0.));
#1863=CARTESIAN_POINT('',(-15.8222285098477,-34.8397375785762,3.5));
#1864=CARTESIAN_POINT('',(-15.7012023270451,-34.4776725427758,0.));
#1865=CARTESIAN_POINT('',(-15.7012023270451,-34.4776725427758,3.5));
#1866=CARTESIAN_POINT('',(-15.6061931466752,-34.1934575751311,0.));
#1867=CARTESIAN_POINT('',(-15.6061931466752,-34.1934575751311,3.5));
#1868=CARTESIAN_POINT('',(-15.5455228801572,-34.011971571561,0.));
#1869=CARTESIAN_POINT('',(-15.5455228801572,-34.011971571561,3.5));
#1870=CARTESIAN_POINT('',(-15.4554467416523,-33.7425360485514,0.));
#1871=CARTESIAN_POINT('',(-15.4554467416523,-33.7425360485514,3.5));
#1872=CARTESIAN_POINT('',(-15.3474363985651,-33.419476575182,0.));
#1873=CARTESIAN_POINT('',(-15.3474363985651,-33.419476575182,3.5));
#1874=CARTESIAN_POINT('',(-15.1573601568673,-32.8510062575335,0.));
#1875=CARTESIAN_POINT('',(-15.1573601568673,-32.8510062575335,3.5));
#1876=CARTESIAN_POINT('',(-14.8987904954604,-32.0778403241345,0.));
#1877=CARTESIAN_POINT('',(-14.8987904954604,-32.0778403241345,3.5));
#1878=CARTESIAN_POINT('',(-14.6560183012186,-31.3521099871939,0.));
#1879=CARTESIAN_POINT('',(-14.6560183012186,-31.3521099871939,3.5));
#1880=CARTESIAN_POINT('',(-14.4660349767362,-30.7843230571801,0.));
#1881=CARTESIAN_POINT('',(-14.4660349767362,-30.7843230571801,3.5));
#1882=CARTESIAN_POINT('',(-14.3407576704627,-30.4099722736887,0.));
#1883=CARTESIAN_POINT('',(-14.3407576704627,-30.4099722736887,3.5));
#1884=CARTESIAN_POINT('',(-14.1707837071271,-29.9021603580254,0.));
#1885=CARTESIAN_POINT('',(-14.1707837071271,-29.9021603580254,3.5));
#1886=CARTESIAN_POINT('',(-13.9639243347542,-29.2842974035181,0.));
#1887=CARTESIAN_POINT('',(-13.9639243347542,-29.2842974035181,3.5));
#1888=CARTESIAN_POINT('',(-13.7070713785427,-28.5173571783663,0.));
#1889=CARTESIAN_POINT('',(-13.7070713785427,-28.5173571783663,3.5));
#1890=CARTESIAN_POINT('',(-13.4068556671458,-27.6213940247599,0.));
#1891=CARTESIAN_POINT('',(-13.4068556671458,-27.6213940247599,3.5));
#1892=CARTESIAN_POINT('',(-13.1330929281677,-26.804761072688,0.));
#1893=CARTESIAN_POINT('',(-13.1330929281677,-26.804761072688,3.5));
#1894=CARTESIAN_POINT('',(-12.8067487949117,-25.8318544145111,0.));
#1895=CARTESIAN_POINT('',(-12.8067487949117,-25.8318544145111,3.5));
#1896=CARTESIAN_POINT('',(-12.5043692448704,-24.9310054015358,0.));
#1897=CARTESIAN_POINT('',(-12.5043692448704,-24.9310054015358,3.5));
#1898=CARTESIAN_POINT('',(-12.2015505890223,-24.0294596251047,0.));
#1899=CARTESIAN_POINT('',(-12.2015505890223,-24.0294596251047,3.5));
#1900=CARTESIAN_POINT('',(-11.9193616059605,-23.1899033685405,0.));
#1901=CARTESIAN_POINT('',(-11.9193616059605,-23.1899033685405,3.5));
#1902=CARTESIAN_POINT('',(-11.5979308703337,-22.2343459072102,0.));
#1903=CARTESIAN_POINT('',(-11.5979308703337,-22.2343459072102,3.5));
#1904=CARTESIAN_POINT('',(-11.2945497659054,-21.3332395637841,0.));
#1905=CARTESIAN_POINT('',(-11.2945497659054,-21.3332395637841,3.5));
#1906=CARTESIAN_POINT('',(-10.9908393517671,-20.431943378583,0.));
#1907=CARTESIAN_POINT('',(-10.9908393517671,-20.431943378583,3.5));
#1908=CARTESIAN_POINT('',(-10.7030240077889,-19.5785688676533,0.));
#1909=CARTESIAN_POINT('',(-10.7030240077889,-19.5785688676533,3.5));
#1910=CARTESIAN_POINT('',(-10.3845851553989,-18.6353109264887,0.));
#1911=CARTESIAN_POINT('',(-10.3845851553989,-18.6353109264887,3.5));
#1912=CARTESIAN_POINT('',(-9.9762030201767,-17.42695800555,0.));
#1913=CARTESIAN_POINT('',(-9.9762030201767,-17.42695800555,3.5));
#1914=CARTESIAN_POINT('',(-9.48596122444288,-15.9786085768129,0.));
#1915=CARTESIAN_POINT('',(-9.48596122444288,-15.9786085768129,3.5));
#1916=CARTESIAN_POINT('',(-8.95972179590948,-14.4275524923518,0.));
#1917=CARTESIAN_POINT('',(-8.95972179590948,-14.4275524923518,3.5));
#1918=CARTESIAN_POINT('',(-8.55368904076401,-13.2331561968871,0.));
#1919=CARTESIAN_POINT('',(-8.55368904076401,-13.2331561968871,3.5));
#1920=CARTESIAN_POINT('',(-8.25811456283997,-12.3647619091183,0.));
#1921=CARTESIAN_POINT('',(-8.25811456283997,-12.3647619091183,3.5));
#1922=CARTESIAN_POINT('',(-7.94074558520113,-11.4336147044508,0.));
#1923=CARTESIAN_POINT('',(-7.94074558520113,-11.4336147044508,3.5));
#1924=CARTESIAN_POINT('',(-7.63331681658202,-10.5329463396809,0.));
#1925=CARTESIAN_POINT('',(-7.63331681658202,-10.5329463396809,3.5));
#1926=CARTESIAN_POINT('',(-7.32597644604397,-9.6338389906324,0.));
#1927=CARTESIAN_POINT('',(-7.32597644604397,-9.6338389906324,3.5));
#1928=CARTESIAN_POINT('',(-7.10129186796632,-8.97750889556848,0.));
#1929=CARTESIAN_POINT('',(-7.10129186796632,-8.97750889556848,3.5));
#1930=CARTESIAN_POINT('',(-6.94741546298519,-8.52844306766299,0.));
#1931=CARTESIAN_POINT('',(-6.94741546298519,-8.52844306766299,3.5));
#1932=CARTESIAN_POINT('',(-6.88166785040719,-8.33664866423153,0.));
#1933=CARTESIAN_POINT('',(-6.88166785040719,-8.33664866423153,3.5));
#1934=CARTESIAN_POINT('',(-6.83342625504746,-8.19595632694807,0.));
#1935=CARTESIAN_POINT('',(-6.83342625504746,-8.19595632694807,3.5));
#1936=CARTESIAN_POINT('',(-6.79338945645349,-8.07922500504996,0.));
#1937=CARTESIAN_POINT('',(-6.79338945645349,-8.07922500504996,3.5));
#1938=CARTESIAN_POINT('',(-6.78363280391204,-8.05077602497075,0.));
#1939=CARTESIAN_POINT('',(-6.78363280391204,-8.05077602497075,3.5));
#1940=CARTESIAN_POINT('',(-6.75579211411673,-7.96963957631854,0.));
#1941=CARTESIAN_POINT('',(-6.75579211411673,-7.96963957631854,3.5));
#1942=CARTESIAN_POINT('',(-6.71277936565491,-7.84416437270755,0.));
#1943=CARTESIAN_POINT('',(-6.71277936565491,-7.84416437270755,3.5));
#1944=CARTESIAN_POINT('',(-6.63441376699198,-7.61503948816892,0.));
#1945=CARTESIAN_POINT('',(-6.63441376699198,-7.61503948816892,3.5));
#1946=CARTESIAN_POINT('',(-6.5153859857062,-7.26540484469966,0.));
#1947=CARTESIAN_POINT('',(-6.5153859857062,-7.26540484469966,3.5));
#1948=CARTESIAN_POINT('',(-6.30934377868046,-6.65527386345405,0.));
#1949=CARTESIAN_POINT('',(-6.30934377868046,-6.65527386345405,3.5));
#1950=CARTESIAN_POINT('',(-6.0579787428419,-5.90179426856047,0.));
#1951=CARTESIAN_POINT('',(-6.0579787428419,-5.90179426856047,3.5));
#1952=CARTESIAN_POINT('',(-5.76631737529109,-5.01230594098212,0.));
#1953=CARTESIAN_POINT('',(-5.76631737529109,-5.01230594098212,3.5));
#1954=CARTESIAN_POINT('',(-5.39207478829115,-3.8498969762782,0.));
#1955=CARTESIAN_POINT('',(-5.39207478829115,-3.8498969762782,3.5));
#1956=CARTESIAN_POINT('',(-4.77527341500079,-1.87688971443241,0.));
#1957=CARTESIAN_POINT('',(-4.77527341500079,-1.87688971443241,3.5));
#1958=CARTESIAN_POINT('',(-3.99836192614065,0.782980830792858,0.));
#1959=CARTESIAN_POINT('',(-3.99836192614065,0.782980830792858,3.5));
#1960=CARTESIAN_POINT('',(-3.23759943077112,3.70895169397934,0.));
#1961=CARTESIAN_POINT('',(-3.23759943077112,3.70895169397934,3.5));
#1962=CARTESIAN_POINT('',(-2.64796013662696,6.37315603482284,0.));
#1963=CARTESIAN_POINT('',(-2.64796013662696,6.37315603482284,3.5));
#1964=CARTESIAN_POINT('',(-2.23220336433796,8.77110055758519,0.));
#1965=CARTESIAN_POINT('',(-2.23220336433796,8.77110055758519,3.5));
#1966=CARTESIAN_POINT('',(-1.98558484496379,10.9166511764783,0.));
#1967=CARTESIAN_POINT('',(-1.98558484496379,10.9166511764783,3.5));
#1968=CARTESIAN_POINT('',(-1.93020725717756,12.7588375303927,0.));
#1969=CARTESIAN_POINT('',(-1.93020725717756,12.7588375303927,3.5));
#1970=CARTESIAN_POINT('',(-1.98478774006694,14.4961777506384,0.));
#1971=CARTESIAN_POINT('',(-1.98478774006694,14.4961777506384,3.5));
#1972=CARTESIAN_POINT('',(-2.1518109124689,16.802423359956,0.));
#1973=CARTESIAN_POINT('',(-2.1518109124689,16.802423359956,3.5));
#1974=CARTESIAN_POINT('',(-2.56121718220169,19.604558484513,0.));
#1975=CARTESIAN_POINT('',(-2.56121718220169,19.604558484513,3.5));
#1976=CARTESIAN_POINT('',(-3.36625500494436,22.8579158444567,0.));
#1977=CARTESIAN_POINT('',(-3.36625500494436,22.8579158444567,3.5));
#1978=CARTESIAN_POINT('',(-4.8599662441073,27.0428676704206,0.));
#1979=CARTESIAN_POINT('',(-4.8599662441073,27.0428676704206,3.5));
#1980=CARTESIAN_POINT('',(-6.98772009088706,31.0045602571542,0.));
#1981=CARTESIAN_POINT('',(-6.98772009088706,31.0045602571542,3.5));
#1982=CARTESIAN_POINT('',(-9.73445715427509,34.727884043792,0.));
#1983=CARTESIAN_POINT('',(-9.73445715427509,34.727884043792,3.5));
#1984=CARTESIAN_POINT('',(-12.1403028671288,37.4374998610964,0.));
#1985=CARTESIAN_POINT('',(-12.1403028671288,37.4374998610964,3.5));
#1986=CARTESIAN_POINT('',(-14.744190413415,39.9164947155013,0.));
#1987=CARTESIAN_POINT('',(-14.744190413415,39.9164947155013,3.5));
#1988=CARTESIAN_POINT('',(-18.3176965065932,42.7518806417493,0.));
#1989=CARTESIAN_POINT('',(-18.3176965065932,42.7518806417493,3.5));
#1990=CARTESIAN_POINT('',(-23.0521094153019,45.4922282742127,0.));
#1991=CARTESIAN_POINT('',(-23.0521094153019,45.4922282742127,3.5));
#1992=CARTESIAN_POINT('',(-29.1456887867982,47.4770608353527,0.));
#1993=CARTESIAN_POINT('',(-29.1456887867982,47.4770608353527,3.5));
#1994=CARTESIAN_POINT('',(-33.4877055528464,47.939688925868,0.));
#1995=CARTESIAN_POINT('',(-33.4877055528464,47.939688925868,3.5));
#1996=CARTESIAN_POINT('',(-35.7327567978095,47.9565690104166,0.));
#1997=CARTESIAN_POINT('',(-35.7327567978095,47.9565690104166,3.5));
#1998=CARTESIAN_POINT('',(-21.5824521261778,-52.0434309895834,3.5));
#1999=CARTESIAN_POINT('',(-21.0040498758763,-50.3240708756733,3.5));
#2000=CARTESIAN_POINT('',(-20.3705045267534,-48.4354361638047,3.5));
#2001=CARTESIAN_POINT('',(-19.8046345936988,-46.748545715553,3.5));
#2002=CARTESIAN_POINT('',(-19.1612116967062,-44.8265305777287,3.5));
#2003=CARTESIAN_POINT('',(-18.6212633263429,-43.2136116929134,3.5));
#2004=CARTESIAN_POINT('',(-17.9537096439028,-41.2170106374158,3.5));
#2005=CARTESIAN_POINT('',(-17.5260035911358,-39.9377751558948,3.5));
#2006=CARTESIAN_POINT('',(-16.7471343762095,-37.6071727489265,3.5));
#2007=CARTESIAN_POINT('',(-16.3038503404185,-36.2807384503479,3.5));
#2008=CARTESIAN_POINT('',(-16.1439242892374,-35.8022272010095,3.5));
#2009=CARTESIAN_POINT('',(-15.8053491327332,-34.7891838604327,3.5));
#2010=CARTESIAN_POINT('',(-15.5406219014928,-33.9973133183211,3.5));
#2011=CARTESIAN_POINT('',(-14.8669349132309,-31.9821338518618,3.5));
#2012=CARTESIAN_POINT('',(-14.333308227619,-30.38772875166,3.5));
#2013=CARTESIAN_POINT('',(-13.6879932407341,-28.459613958926,3.5));
#2014=CARTESIAN_POINT('',(-13.1243293624548,-26.7787154550038,3.5));
#2015=CARTESIAN_POINT('',(-12.490016782978,-24.887135903878,3.5));
#2016=CARTESIAN_POINT('',(-11.9128213138664,-23.1705698344128,3.5));
#2017=CARTESIAN_POINT('',(-11.2836190601141,-21.2993367817964,3.5));
#2018=CARTESIAN_POINT('',(-10.6979200897203,-19.5635882959474,3.5));
#2019=CARTESIAN_POINT('',(-10.070954330602,-17.7055435970864,3.5));
#2020=CARTESIAN_POINT('',(-9.47876169788297,-15.9580672456681,3.5));
#2021=CARTESIAN_POINT('',(-8.85229842347453,-14.1094630980036,3.5));
#2022=CARTESIAN_POINT('',(-8.25448214622084,-12.3543030896352,3.5));
#2023=CARTESIAN_POINT('',(-7.62731330478048,-10.5129653561634,3.5));
#2024=CARTESIAN_POINT('',(-7.02421744260033,-8.75259223390919,3.5));
#2025=CARTESIAN_POINT('',(-6.94708398073963,-8.52744780563347,3.5));
#2026=CARTESIAN_POINT('',(-6.86997049279248,-8.30253751203247,3.5));
#2027=CARTESIAN_POINT('',(-6.83150976367806,-8.19036240353315,3.5));
#2028=CARTESIAN_POINT('',(-6.79280635884594,-8.07752409981676,3.5));
#2029=CARTESIAN_POINT('',(-6.78738964276854,-8.06173187025614,3.5));
#2030=CARTESIAN_POINT('',(-6.75326343767231,-7.96224978382541,3.5));
#2031=CARTESIAN_POINT('',(-6.71342181661419,-7.84610655669341,3.5));
#2032=CARTESIAN_POINT('',(-6.67356369113919,-7.72946976784576,3.5));
#2033=CARTESIAN_POINT('',(-6.35593108398778,-6.79998181802509,3.5));
#2034=CARTESIAN_POINT('',(-6.05964152208447,-5.90424213294279,3.5));
#2035=CARTESIAN_POINT('',(-5.46585525187105,-4.10911332965155,3.5));
#2036=CARTESIAN_POINT('',(-4.95845126747311,-2.45118682545388,3.5));
#2037=CARTESIAN_POINT('',(-4.44949131858642,-0.788176256398987,3.5));
#2038=CARTESIAN_POINT('',(-4.02695047468442,0.738668532278884,3.5));
#2039=CARTESIAN_POINT('',(-3.60327360578573,2.26961832967022,3.5));
#2040=CARTESIAN_POINT('',(-3.26611996430868,3.66532394025551,3.5));
#2041=CARTESIAN_POINT('',(-2.92818838065969,5.06424997654741,3.5));
#2042=CARTESIAN_POINT('',(-2.67694055693615,6.32877939847598,3.5));
#2043=CARTESIAN_POINT('',(-2.42521303873316,7.5957231210493,3.5));
#2044=CARTESIAN_POINT('',(-2.26039307315709,8.72903490694032,3.5));
#2045=CARTESIAN_POINT('',(-2.0953249030476,9.86405336181444,3.5));
#2046=CARTESIAN_POINT('',(-2.01745833356178,10.8660904656485,3.5));
#2047=CARTESIAN_POINT('',(-1.97851911013139,11.367185440416,3.5));
#2048=CARTESIAN_POINT('',(-1.96140224926748,11.835918263844,3.5));
#2049=CARTESIAN_POINT('',(-1.95286543007528,12.0696928674274,3.5));
#2050=CARTESIAN_POINT('',(-1.9497806671222,12.2961571676522,3.5));
#2051=CARTESIAN_POINT('',(-1.94824959194857,12.408559278628,3.5));
#2052=CARTESIAN_POINT('',(-1.94807819587828,12.5201078707338,3.5));
#2053=CARTESIAN_POINT('',(-1.94800907774013,12.5650915800224,3.5));
#2054=CARTESIAN_POINT('',(-1.94814645386254,12.6308043871191,3.5));
#2055=CARTESIAN_POINT('',(-1.94826057706374,12.6853943389541,3.5));
#2056=CARTESIAN_POINT('',(-1.94853360229016,12.7413631747813,3.5));
#2057=CARTESIAN_POINT('',(-1.95979530222262,15.0499565707328,3.5));
#2058=CARTESIAN_POINT('',(-2.24000468278174,17.2631648903933,3.5));
#2059=CARTESIAN_POINT('',(-2.45000956084559,18.9218693290982,3.5));
#2060=CARTESIAN_POINT('',(-2.81148311668061,20.5274811326314,3.5));
#2061=CARTESIAN_POINT('',(-3.17265760269447,22.1317645124745,3.5));
#2062=CARTESIAN_POINT('',(-3.68542594217678,23.6829101938946,3.5));
#2063=CARTESIAN_POINT('',(-4.06963098196322,24.8451465145813,3.5));
#2064=CARTESIAN_POINT('',(-4.53937531828463,25.9780247773271,3.5));
#2065=CARTESIAN_POINT('',(-5.2694266787973,27.7386831888569,3.5));
#2066=CARTESIAN_POINT('',(-6.20591300783548,29.4264611006042,3.5));
#2067=CARTESIAN_POINT('',(-6.90769660969026,30.6912471688145,3.5));
#2068=CARTESIAN_POINT('',(-7.72598629145142,31.915527137139,3.5));
#2069=CARTESIAN_POINT('',(-8.67981941798724,33.3425997447622,3.5));
#2070=CARTESIAN_POINT('',(-9.79208930682721,34.7140712066796,3.5));
#2071=CARTESIAN_POINT('',(-10.3476186189343,35.3990601697523,3.5));
#2072=CARTESIAN_POINT('',(-10.9433401967132,36.0707914638587,3.5));
#2073=CARTESIAN_POINT('',(-11.1811340923848,36.3389261214375,3.5));
#2074=CARTESIAN_POINT('',(-11.4259044373445,36.6055365682465,3.5));
#2075=CARTESIAN_POINT('',(-11.7916849230733,37.0039545169167,3.5));
#2076=CARTESIAN_POINT('',(-12.1733098393676,37.3990630339465,3.5));
#2077=CARTESIAN_POINT('',(-13.4393253082684,38.7098094582401,3.5));
#2078=CARTESIAN_POINT('',(-14.7568974173479,39.8577521472148,3.5));
#2079=CARTESIAN_POINT('',(-16.0733781468557,41.0047439651202,3.5));
#2080=CARTESIAN_POINT('',(-17.4421553361143,41.9894418418309,3.5));
#2081=CARTESIAN_POINT('',(-18.809571873351,42.9731608659076,3.5));
#2082=CARTESIAN_POINT('',(-20.2298688955345,43.7949174176623,3.5));
#2083=CARTESIAN_POINT('',(-21.6486082497793,44.6157727326938,3.5));
#2084=CARTESIAN_POINT('',(-23.1208233954762,45.2749641745767,3.5));
#2085=CARTESIAN_POINT('',(-24.5912724271923,45.9333648303948,3.5));
#2086=CARTESIAN_POINT('',(-26.1158041358068,46.4303674124416,3.5));
#2087=CARTESIAN_POINT('',(-27.6383495458316,46.9267224543146,3.5));
#2088=CARTESIAN_POINT('',(-29.2155964163942,47.2619124311249,3.5));
#2089=CARTESIAN_POINT('',(-32.3651799303649,47.9312488835938,3.5));
#2090=CARTESIAN_POINT('',(-35.7327567978095,47.9565690104166,3.5));
#2091=CARTESIAN_POINT('',(-35.7327567978095,47.9565690104166,3.5));
#2092=CARTESIAN_POINT('',(-35.7327567978095,47.9565690104166,-27.9463244826045));
#2093=CARTESIAN_POINT('',(-35.7327567978095,47.9565690104166,0.));
#2094=CARTESIAN_POINT('',(-35.7327567978095,47.9565690104166,3.5));
#2095=CARTESIAN_POINT('',(-40.048413894833,47.9259615132746,0.));
#2096=CARTESIAN_POINT('',(-40.048413894833,47.9259615132746,3.5));
#2097=CARTESIAN_POINT('',(-46.0615128571236,46.8238575126323,0.));
#2098=CARTESIAN_POINT('',(-46.0615128571236,46.8238575126323,3.5));
#2099=CARTESIAN_POINT('',(-53.1744905377382,43.2117714055844,0.));
#2100=CARTESIAN_POINT('',(-53.1744905377382,43.2117714055844,3.5));
#2101=CARTESIAN_POINT('',(-57.2253225522102,40.0766115263929,0.));
#2102=CARTESIAN_POINT('',(-57.2253225522102,40.0766115263929,3.5));
#2103=CARTESIAN_POINT('',(-60.270256078286,36.9938516294361,0.));
#2104=CARTESIAN_POINT('',(-60.270256078286,36.9938516294361,3.5));
#2105=CARTESIAN_POINT('',(-63.0324480114674,33.6970133009274,0.));
#2106=CARTESIAN_POINT('',(-63.0324480114674,33.6970133009274,3.5));
#2107=CARTESIAN_POINT('',(-65.8441212199686,29.2943391913345,0.));
#2108=CARTESIAN_POINT('',(-65.8441212199686,29.2943391913345,3.5));
#2109=CARTESIAN_POINT('',(-68.2222880655493,23.5210545113212,0.));
#2110=CARTESIAN_POINT('',(-68.2222880655493,23.5210545113212,3.5));
#2111=CARTESIAN_POINT('',(-69.3620344653599,18.2962024867399,0.));
#2112=CARTESIAN_POINT('',(-69.3620344653599,18.2962024867399,3.5));
#2113=CARTESIAN_POINT('',(-69.7688571841737,13.8866466329482,0.));
#2114=CARTESIAN_POINT('',(-69.7688571841737,13.8866466329482,3.5));
#2115=CARTESIAN_POINT('',(-69.8174636602994,10.4071391914447,0.));
#2116=CARTESIAN_POINT('',(-69.8174636602994,10.4071391914447,3.5));
#2117=CARTESIAN_POINT('',(-69.6264185458079,7.06413840117,0.));
#2118=CARTESIAN_POINT('',(-69.6264185458079,7.06413840117,3.5));
#2119=CARTESIAN_POINT('',(-69.0542292980876,2.82844385917281,0.));
#2120=CARTESIAN_POINT('',(-69.0542292980876,2.82844385917281,3.5));
#2121=CARTESIAN_POINT('',(-67.7434898648889,-2.06433055457021,0.));
#2122=CARTESIAN_POINT('',(-67.7434898648889,-2.06433055457021,3.5));
#2123=CARTESIAN_POINT('',(-65.2144899049862,-7.28380814963299,0.));
#2124=CARTESIAN_POINT('',(-65.2144899049862,-7.28380814963299,3.5));
#2125=CARTESIAN_POINT('',(-61.7417850020915,-11.8249764266067,0.));
#2126=CARTESIAN_POINT('',(-61.7417850020915,-11.8249764266067,3.5));
#2127=CARTESIAN_POINT('',(-57.0267730818494,-16.1574896122279,0.));
#2128=CARTESIAN_POINT('',(-57.0267730818494,-16.1574896122279,3.5));
#2129=CARTESIAN_POINT('',(-51.1158651332663,-20.1915135945413,0.));
#2130=CARTESIAN_POINT('',(-51.1158651332663,-20.1915135945413,3.5));
#2131=CARTESIAN_POINT('',(-46.3614876139033,-22.6868555028637,0.));
#2132=CARTESIAN_POINT('',(-46.3614876139033,-22.6868555028637,3.5));
#2133=CARTESIAN_POINT('',(-43.7896288357242,-23.8782312604026,0.));
#2134=CARTESIAN_POINT('',(-43.7896288357242,-23.8782312604026,3.5));
#2135=CARTESIAN_POINT('',(-35.7327567978095,47.9565690104166,3.5));
#2136=CARTESIAN_POINT('',(-37.3511282091933,47.9450911989884,3.5));
#2137=CARTESIAN_POINT('',(-38.9118288849965,47.8012558525715,3.5));
#2138=CARTESIAN_POINT('',(-40.472865878709,47.6573895108434,3.5));
#2139=CARTESIAN_POINT('',(-41.9767906661586,47.3808281631803,3.5));
#2140=CARTESIAN_POINT('',(-43.1797663710342,47.1596092665156,3.5));
#2141=CARTESIAN_POINT('',(-44.3466006707501,46.8532096932141,3.5));
#2142=CARTESIAN_POINT('',(-46.0967293868984,46.3936425618906,3.5));
#2143=CARTESIAN_POINT('',(-47.7643833104073,45.7422848103544,3.5));
#2144=CARTESIAN_POINT('',(-48.8760457343399,45.308088046438,3.5));
#2145=CARTESIAN_POINT('',(-49.9516168253587,44.7882324856851,3.5));
#2146=CARTESIAN_POINT('',(-51.5647498175053,44.00855723855,3.5));
#2147=CARTESIAN_POINT('',(-53.0955347305558,43.0362501931271,3.5));
#2148=CARTESIAN_POINT('',(-54.1159201588351,42.3881330523683,3.5));
#2149=CARTESIAN_POINT('',(-55.1001917558671,41.6538885102299,3.5));
#2150=CARTESIAN_POINT('',(-56.5763664247731,40.5526953058792,3.5));
#2151=CARTESIAN_POINT('',(-57.970244926604,39.2580355526867,3.5));
#2152=CARTESIAN_POINT('',(-59.1309538652121,38.179947938872,3.5));
#2153=CARTESIAN_POINT('',(-60.2349133791742,36.9670918254921,3.5));
#2154=CARTESIAN_POINT('',(-61.3295651529485,35.7644615849326,3.5));
#2155=CARTESIAN_POINT('',(-62.2991622476404,34.5024478031241,3.5));
#2156=CARTESIAN_POINT('',(-63.0749759774749,33.4926596916213,3.5));
#2157=CARTESIAN_POINT('',(-63.7708471940407,32.444381414514,3.5));
#2158=CARTESIAN_POINT('',(-64.8149541604481,30.8715118578984,3.5));
#2159=CARTESIAN_POINT('',(-65.6781477191985,29.2126598999175,3.5));
#2160=CARTESIAN_POINT('',(-66.2537675955941,28.1064559097093,3.5));
#2161=CARTESIAN_POINT('',(-66.7490925221861,26.9613266515766,3.5));
#2162=CARTESIAN_POINT('',(-67.492246208206,25.2432483085264,3.5));
#2163=CARTESIAN_POINT('',(-68.0538762045813,23.4382982197405,3.5));
#2164=CARTESIAN_POINT('',(-68.4283749437557,22.2347451031233,3.5));
#2165=CARTESIAN_POINT('',(-68.7222053606315,20.9918226081441,3.5));
#2166=CARTESIAN_POINT('',(-69.1630263132844,19.1271202259461,3.5));
#2167=CARTESIAN_POINT('',(-69.4216589449771,17.1746740037814,3.5));
#2168=CARTESIAN_POINT('',(-69.6372594498971,15.5470820461347,3.5));
#2169=CARTESIAN_POINT('',(-69.7261054236762,13.8579232077549,3.5));
#2170=CARTESIAN_POINT('',(-69.7705145387928,13.0136075217073,3.5));
#2171=CARTESIAN_POINT('',(-69.7832110236536,12.1530567212324,3.5));
#2172=CARTESIAN_POINT('',(-69.7863762366335,11.9385228094141,3.5));
#2173=CARTESIAN_POINT('',(-69.7875669351178,11.7219848767866,3.5));
#2174=CARTESIAN_POINT('',(-69.7887348723225,11.509586262812,3.5));
#2175=CARTESIAN_POINT('',(-69.7879723911074,11.2893281488173,3.5));
#2176=CARTESIAN_POINT('',(-69.7864780134098,10.8576469391697,3.5));
#2177=CARTESIAN_POINT('',(-69.7775217285298,10.4298902999828,3.5));
#2178=CARTESIAN_POINT('',(-69.7417491245809,8.72137286833544,3.5));
#2179=CARTESIAN_POINT('',(-69.5867357422581,7.09184338179946,3.5));
#2180=CARTESIAN_POINT('',(-69.4318009246351,5.46313978198963,3.5));
#2181=CARTESIAN_POINT('',(-69.1575764184478,3.91415707892234,3.5));
#2182=CARTESIAN_POINT('',(-68.8834680911069,2.36583062290616,3.5));
#2183=CARTESIAN_POINT('',(-68.490043757099,0.897942660496726,3.5));
#2184=CARTESIAN_POINT('',(-68.0967534720763,-0.569445157730407,3.5));
#2185=CARTESIAN_POINT('',(-67.5841377582115,-1.95568860433207,3.5));
#2186=CARTESIAN_POINT('',(-67.0716483364797,-3.34159052484124,3.5));
#2187=CARTESIAN_POINT('',(-66.4398584217855,-4.64562544641879,3.5));
#2188=CARTESIAN_POINT('',(-65.8081574046272,-5.94947688059236,3.5));
#2189=CARTESIAN_POINT('',(-65.0572057478209,-7.17075659661815,3.5));
#2190=CARTESIAN_POINT('',(-64.6819531951621,-7.78103333919578,3.5));
#2191=CARTESIAN_POINT('',(-64.2764894092616,-8.37117276565217,3.5));
#2192=CARTESIAN_POINT('',(-64.0741330037915,-8.66569596899741,3.5));
#2193=CARTESIAN_POINT('',(-63.8637837395878,-8.95578272612137,3.5));
#2194=CARTESIAN_POINT('',(-63.6561373952925,-9.24214196238148,3.5));
#2195=CARTESIAN_POINT('',(-63.4354628689141,-9.53113506793426,3.5));
#2196=CARTESIAN_POINT('',(-62.5600927525164,-10.6775108304551,3.5));
#2197=CARTESIAN_POINT('',(-61.5347338325336,-11.790200578048,3.5));
#2198=CARTESIAN_POINT('',(-60.5081564571761,-12.9042125580581,3.5));
#2199=CARTESIAN_POINT('',(-59.3320652352708,-13.9831435387256,3.5));
#2200=CARTESIAN_POINT('',(-58.1542243209482,-15.0636796647429,3.5));
#2201=CARTESIAN_POINT('',(-56.8274570771259,-16.1077414116766,3.5));
#2202=CARTESIAN_POINT('',(-55.4983098526051,-17.1536760167302,3.5));
#2203=CARTESIAN_POINT('',(-54.0209093580988,-18.1617716586104,3.5));
#2204=CARTESIAN_POINT('',(-52.540432092451,-19.1719667173991,3.5));
#2205=CARTESIAN_POINT('',(-50.9124220781894,-20.1430117412363,3.5));
#2206=CARTESIAN_POINT('',(-49.2805805588497,-21.1163421097013,3.5));
#2207=CARTESIAN_POINT('',(-47.5019952373979,-22.0492391212639,3.5));
#2208=CARTESIAN_POINT('',(-45.7185229193585,-22.9846994422484,3.5));
#2209=CARTESIAN_POINT('',(-43.7896288357242,-23.8782312604026,3.5));
#2210=CARTESIAN_POINT('',(-43.7896288357242,-23.8782312604026,3.5));
#2211=CARTESIAN_POINT('',(-43.7896288357242,-23.8782312604026,-27.9463244826045));
#2212=CARTESIAN_POINT('',(-43.7896288357242,-23.8782312604026,-27.9463244826045));
#2213=CARTESIAN_POINT('',(-43.7896288357242,-23.8782312604026,3.5));
#2214=CARTESIAN_POINT('',(-33.2276789372814,3.33910117019998,3.5));
#2215=CARTESIAN_POINT('',(-33.2276789372814,3.33910117019998,-27.9463244826045));
#2216=CARTESIAN_POINT('',(-33.2276789372814,3.33910117019998,0.));
#2217=CARTESIAN_POINT('',(-33.2276789372814,3.33910117019998,3.5));
#2218=CARTESIAN_POINT('',(-33.8296761115513,3.1886018766325,0.));
#2219=CARTESIAN_POINT('',(-33.8296761115513,3.1886018766325,3.5));
#2220=CARTESIAN_POINT('',(-34.6067463931248,3.02589145446469,0.));
#2221=CARTESIAN_POINT('',(-34.6067463931248,3.02589145446469,3.5));
#2222=CARTESIAN_POINT('',(-35.3969793124721,2.93266379630223,0.));
#2223=CARTESIAN_POINT('',(-35.3969793124721,2.93266379630223,3.5));
#2224=CARTESIAN_POINT('',(-35.9985929334988,2.93038700517569,0.));
#2225=CARTESIAN_POINT('',(-35.9985929334988,2.93038700517569,3.5));
#2226=CARTESIAN_POINT('',(-36.7304210969551,2.98536182633493,0.));
#2227=CARTESIAN_POINT('',(-36.7304210969551,2.98536182633493,3.5));
#2228=CARTESIAN_POINT('',(-37.8550022753964,3.1980837155739,0.));
#2229=CARTESIAN_POINT('',(-37.8550022753964,3.1980837155739,3.5));
#2230=CARTESIAN_POINT('',(-39.1698662652095,3.6892043591742,0.));
#2231=CARTESIAN_POINT('',(-39.1698662652095,3.6892043591742,3.5));
#2232=CARTESIAN_POINT('',(-40.3746109902469,4.47131874301269,0.));
#2233=CARTESIAN_POINT('',(-40.3746109902469,4.47131874301269,3.5));
#2234=CARTESIAN_POINT('',(-41.2649663796601,5.25560179684119,0.));
#2235=CARTESIAN_POINT('',(-41.2649663796601,5.25560179684119,3.5));
#2236=CARTESIAN_POINT('',(-41.9190145865762,5.94006645754033,0.));
#2237=CARTESIAN_POINT('',(-41.9190145865762,5.94006645754033,3.5));
#2238=CARTESIAN_POINT('',(-42.5180951157568,6.70392418447957,0.));
#2239=CARTESIAN_POINT('',(-42.5180951157568,6.70392418447957,3.5));
#2240=CARTESIAN_POINT('',(-43.5189338857117,8.30100586073168,0.));
#2241=CARTESIAN_POINT('',(-43.5189338857117,8.30100586073168,3.5));
#2242=CARTESIAN_POINT('',(-44.1691403818654,10.3913128848692,0.));
#2243=CARTESIAN_POINT('',(-44.1691403818654,10.3913128848692,3.5));
#2244=CARTESIAN_POINT('',(-44.231445550056,13.1940628063961,0.));
#2245=CARTESIAN_POINT('',(-44.231445550056,13.1940628063961,3.5));
#2246=CARTESIAN_POINT('',(-43.9167269290213,15.1159663274908,0.));
#2247=CARTESIAN_POINT('',(-43.9167269290213,15.1159663274908,3.5));
#2248=CARTESIAN_POINT('',(-43.2571301974799,16.8707039182891,0.));
#2249=CARTESIAN_POINT('',(-43.2571301974799,16.8707039182891,3.5));
#2250=CARTESIAN_POINT('',(-42.4321844582638,18.2068506663269,0.));
#2251=CARTESIAN_POINT('',(-42.4321844582638,18.2068506663269,3.5));
#2252=CARTESIAN_POINT('',(-41.6187944979221,19.2230961672721,0.));
#2253=CARTESIAN_POINT('',(-41.6187944979221,19.2230961672721,3.5));
#2254=CARTESIAN_POINT('',(-40.6488746547375,20.2111458428904,0.));
#2255=CARTESIAN_POINT('',(-40.6488746547375,20.2111458428904,3.5));
#2256=CARTESIAN_POINT('',(-39.3529719459011,21.1113816273902,0.));
#2257=CARTESIAN_POINT('',(-39.3529719459011,21.1113816273902,3.5));
#2258=CARTESIAN_POINT('',(-37.6008439575675,21.774263832309,0.));
#2259=CARTESIAN_POINT('',(-37.6008439575675,21.774263832309,3.5));
#2260=CARTESIAN_POINT('',(-36.3369887431402,21.9387249136325,0.));
#2261=CARTESIAN_POINT('',(-36.3369887431402,21.9387249136325,3.5));
#2262=CARTESIAN_POINT('',(-35.6650519907681,21.9579231065575,0.));
#2263=CARTESIAN_POINT('',(-35.6650519907681,21.9579231065575,3.5));
#2264=CARTESIAN_POINT('',(-33.2276789372814,3.33910117019998,3.5));
#2265=CARTESIAN_POINT('',(-33.5888772418433,3.24880159405949,3.5));
#2266=CARTESIAN_POINT('',(-33.9104484013278,3.17846122909196,3.5));
#2267=CARTESIAN_POINT('',(-34.3918346429469,3.07316296795403,3.5));
#2268=CARTESIAN_POINT('',(-34.7838162238435,3.01289450420696,3.5));
#2269=CARTESIAN_POINT('',(-35.1094954923905,2.9628202401441,3.5));
#2270=CARTESIAN_POINT('',(-35.373401900182,2.94403265468172,3.5));
#2271=CARTESIAN_POINT('',(-35.5045701160137,2.93469474551344,3.5));
#2272=CARTESIAN_POINT('',(-35.6210739966156,2.93316210078692,3.5));
#2273=CARTESIAN_POINT('',(-35.6371249090402,2.93295094604979,3.5));
#2274=CARTESIAN_POINT('',(-35.6538913305695,2.93289136157027,3.5));
#2275=CARTESIAN_POINT('',(-35.6657571225329,2.93284919293953,3.5));
#2276=CARTESIAN_POINT('',(-35.6861952943497,2.93289839713874,3.5));
#2277=CARTESIAN_POINT('',(-35.7098663630732,2.93295538442662,3.5));
#2278=CARTESIAN_POINT('',(-35.7345113510216,2.93315417281659,3.5));
#2279=CARTESIAN_POINT('',(-35.79028711437,2.93360406446266,3.5));
#2280=CARTESIAN_POINT('',(-35.8468436040536,2.93481092362849,3.5));
#2281=CARTESIAN_POINT('',(-36.3564315154259,2.94568502216389,3.5));
#2282=CARTESIAN_POINT('',(-36.8477411085795,3.01809904193033,3.5));
#2283=CARTESIAN_POINT('',(-37.2126446257502,3.07188209618666,3.5));
#2284=CARTESIAN_POINT('',(-37.5677994819035,3.15991779540093,3.5));
#2285=CARTESIAN_POINT('',(-37.8961974599408,3.24132100618678,3.5));
#2286=CARTESIAN_POINT('',(-38.216496192787,3.35235954518541,3.5));
#2287=CARTESIAN_POINT('',(-38.6918324343343,3.51714521675369,3.5));
#2288=CARTESIAN_POINT('',(-39.1478424122543,3.74740310722184,3.5));
#2289=CARTESIAN_POINT('',(-39.5236317007899,3.93715432545919,3.5));
#2290=CARTESIAN_POINT('',(-39.8863050877247,4.1718309936531,3.5));
#2291=CARTESIAN_POINT('',(-40.2452931826246,4.40412300367453,3.5));
#2292=CARTESIAN_POINT('',(-40.5910798050488,4.68060546869962,3.5));
#2293=CARTESIAN_POINT('',(-40.9334348506923,4.95434412946589,3.5));
#2294=CARTESIAN_POINT('',(-41.2626799904694,5.27164385856248,3.5));
#2295=CARTESIAN_POINT('',(-41.4257969478277,5.42884273601859,3.5));
#2296=CARTESIAN_POINT('',(-41.5862000794169,5.59736118598787,3.5));
#2297=CARTESIAN_POINT('',(-41.6257542210625,5.63891650086202,3.5));
#2298=CARTESIAN_POINT('',(-41.6658117981061,5.68189208965449,3.5));
#2299=CARTESIAN_POINT('',(-41.707598724226,5.72672300271437,3.5));
#2300=CARTESIAN_POINT('',(-41.747650873999,5.77070666149051,3.5));
#2301=CARTESIAN_POINT('',(-41.8298131658052,5.86093398330843,3.5));
#2302=CARTESIAN_POINT('',(-41.9098533069536,5.95329863524702,3.5));
#2303=CARTESIAN_POINT('',(-42.1642377515796,6.24685297372479,3.5));
#2304=CARTESIAN_POINT('',(-42.390713811515,6.55531090313046,3.5));
#2305=CARTESIAN_POINT('',(-42.7287881477289,7.0157644705561,3.5));
#2306=CARTESIAN_POINT('',(-43.003730536864,7.50895202456306,3.5));
#2307=CARTESIAN_POINT('',(-43.1861275243676,7.83613301840006,3.5));
#2308=CARTESIAN_POINT('',(-43.3409163206096,8.17846125192311,3.5));
#2309=CARTESIAN_POINT('',(-43.5719032354876,8.68930793112005,3.5));
#2310=CARTESIAN_POINT('',(-43.7406409256545,9.23334781257066,3.5));
#2311=CARTESIAN_POINT('',(-43.8525444673156,9.59414444003995,3.5));
#2312=CARTESIAN_POINT('',(-43.9371119364772,9.97035399940736,3.5));
#2313=CARTESIAN_POINT('',(-44.0632690066579,10.5315803936028,3.5));
#2314=CARTESIAN_POINT('',(-44.1279843430572,11.1264859992699,3.5));
#2315=CARTESIAN_POINT('',(-44.181611542968,11.6194622181738,3.5));
#2316=CARTESIAN_POINT('',(-44.1928808967791,12.1363334921288,3.5));
#2317=CARTESIAN_POINT('',(-44.1956781000041,12.2646278041732,3.5));
#2318=CARTESIAN_POINT('',(-44.1958475293305,12.3953868652924,3.5));
#2319=CARTESIAN_POINT('',(-44.1960164163397,12.5257273868347,3.5));
#2320=CARTESIAN_POINT('',(-44.1933355291822,12.6545853288906,3.5));
#2321=CARTESIAN_POINT('',(-44.1879953844049,12.9112615803948,3.5));
#2322=CARTESIAN_POINT('',(-44.1712043005264,13.164036319721,3.5));
#2323=CARTESIAN_POINT('',(-44.1379307369045,13.6649400393308,3.5));
#2324=CARTESIAN_POINT('',(-44.0594007390405,14.1481812117613,3.5));
#2325=CARTESIAN_POINT('',(-43.9817075389976,14.6262730760148,3.5));
#2326=CARTESIAN_POINT('',(-43.8592472439368,15.0881053391081,3.5));
#2327=CARTESIAN_POINT('',(-43.7381842808322,15.5446678698423,3.5));
#2328=CARTESIAN_POINT('',(-43.5727896615531,15.986355127522,3.5));
#2329=CARTESIAN_POINT('',(-43.4094119261393,16.4226562855365,3.5));
#2330=CARTESIAN_POINT('',(-43.2020738382269,16.8454770027636,3.5));
#2331=CARTESIAN_POINT('',(-42.9974400239846,17.262782944851,3.5));
#2332=CARTESIAN_POINT('',(-42.7491456202959,17.6680173905937,3.5));
#2333=CARTESIAN_POINT('',(-42.5043189967517,18.0675921680397,3.5));
#2334=CARTESIAN_POINT('',(-42.2160508540976,18.4565227167728,3.5));
#2335=CARTESIAN_POINT('',(-42.0737217571677,18.6485527248757,3.5));
#2336=CARTESIAN_POINT('',(-41.9200803423788,18.8388079897935,3.5));
#2337=CARTESIAN_POINT('',(-41.8441317387285,18.9328556899365,3.5));
#2338=CARTESIAN_POINT('',(-41.7648511865861,19.0270980364454,3.5));
#2339=CARTESIAN_POINT('',(-41.7249057800753,19.0745819242348,3.5));
#2340=CARTESIAN_POINT('',(-41.6850738037945,19.1209721083323,3.5));
#2341=CARTESIAN_POINT('',(-41.6426933781863,19.1703303358085,3.5));
#2342=CARTESIAN_POINT('',(-41.5992282625667,19.2195716891063,3.5));
#2343=CARTESIAN_POINT('',(-41.2562732805042,19.6081032090683,3.5));
#2344=CARTESIAN_POINT('',(-40.8857877552099,19.9418116699843,3.5));
#2345=CARTESIAN_POINT('',(-40.5194492148157,20.2717848056205,3.5));
#2346=CARTESIAN_POINT('',(-40.1257156677663,20.5481068968977,3.5));
#2347=CARTESIAN_POINT('',(-39.7365539496766,20.8212204799119,3.5));
#2348=CARTESIAN_POINT('',(-39.3201311562795,21.0418148379767,3.5));
#2349=CARTESIAN_POINT('',(-38.9087048772497,21.2597623599487,3.5));
#2350=CARTESIAN_POINT('',(-38.4701533767927,21.4262929613518,3.5));
#2351=CARTESIAN_POINT('',(-38.0370327752236,21.5907612944535,3.5));
#2352=CARTESIAN_POINT('',(-37.5769014853496,21.7048987351534,3.5));
#2353=CARTESIAN_POINT('',(-36.6729571193263,21.9291258171701,3.5));
#2354=CARTESIAN_POINT('',(-35.6650519907681,21.9579231065575,3.5));
#2355=CARTESIAN_POINT('',(-35.6650519907681,21.9579231065575,3.5));
#2356=CARTESIAN_POINT('',(-35.6650519907681,21.9579231065575,-27.9463244826045));
#2357=CARTESIAN_POINT('',(-35.6650519907681,21.9579231065575,0.));
#2358=CARTESIAN_POINT('',(-35.6650519907681,21.9579231065575,3.5));
#2359=CARTESIAN_POINT('',(-34.881054293514,21.9355231723502,0.));
#2360=CARTESIAN_POINT('',(-34.881054293514,21.9355231723502,3.5));
#2361=CARTESIAN_POINT('',(-33.39467346848,21.7065127739022,0.));
#2362=CARTESIAN_POINT('',(-33.39467346848,21.7065127739022,3.5));
#2363=CARTESIAN_POINT('',(-31.7175803343066,20.9440293267021,0.));
#2364=CARTESIAN_POINT('',(-31.7175803343066,20.9440293267021,3.5));
#2365=CARTESIAN_POINT('',(-30.4875201538329,20.0620020843584,0.));
#2366=CARTESIAN_POINT('',(-30.4875201538329,20.0620020843584,3.5));
#2367=CARTESIAN_POINT('',(-29.2771142527088,18.9393708046431,0.));
#2368=CARTESIAN_POINT('',(-29.2771142527088,18.9393708046431,3.5));
#2369=CARTESIAN_POINT('',(-28.1833670235748,17.5250276947953,0.));
#2370=CARTESIAN_POINT('',(-28.1833670235748,17.5250276947953,3.5));
#2371=CARTESIAN_POINT('',(-27.3261991736917,15.63306594986,0.));
#2372=CARTESIAN_POINT('',(-27.3261991736917,15.63306594986,3.5));
#2373=CARTESIAN_POINT('',(-27.0142016332701,13.8897587137532,0.));
#2374=CARTESIAN_POINT('',(-27.0142016332701,13.8897587137532,3.5));
#2375=CARTESIAN_POINT('',(-26.988382783252,12.6035057784324,0.));
#2376=CARTESIAN_POINT('',(-26.988382783252,12.6035057784324,3.5));
#2377=CARTESIAN_POINT('',(-27.0315890642868,11.7922572337135,0.));
#2378=CARTESIAN_POINT('',(-27.0315890642868,11.7922572337135,3.5));
#2379=CARTESIAN_POINT('',(-27.090746516923,11.2105359102157,0.));
#2380=CARTESIAN_POINT('',(-27.090746516923,11.2105359102157,3.5));
#2381=CARTESIAN_POINT('',(-27.1898610786309,10.5584194952661,0.));
#2382=CARTESIAN_POINT('',(-27.1898610786309,10.5584194952661,3.5));
#2383=CARTESIAN_POINT('',(-27.31917864368,9.93233384556378,0.));
#2384=CARTESIAN_POINT('',(-27.31917864368,9.93233384556378,3.5));
#2385=CARTESIAN_POINT('',(-27.4875951440722,9.27083978196817,0.));
#2386=CARTESIAN_POINT('',(-27.4875951440722,9.27083978196817,3.5));
#2387=CARTESIAN_POINT('',(-27.6782456011704,8.67836512359746,0.));
#2388=CARTESIAN_POINT('',(-27.6782456011704,8.67836512359746,3.5));
#2389=CARTESIAN_POINT('',(-27.7931414535426,8.33690027854311,0.));
#2390=CARTESIAN_POINT('',(-27.7931414535426,8.33690027854311,3.5));
#2391=CARTESIAN_POINT('',(-27.9145992317404,7.97232409602,0.));
#2392=CARTESIAN_POINT('',(-27.9145992317404,7.97232409602,3.5));
#2393=CARTESIAN_POINT('',(-28.124093020704,7.34508377715275,0.));
#2394=CARTESIAN_POINT('',(-28.124093020704,7.34508377715275,3.5));
#2395=CARTESIAN_POINT('',(-28.4249682649415,6.44339654672277,0.));
#2396=CARTESIAN_POINT('',(-28.4249682649415,6.44339654672277,3.5));
#2397=CARTESIAN_POINT('',(-28.7853343908832,5.36378153135657,0.));
#2398=CARTESIAN_POINT('',(-28.7853343908832,5.36378153135657,3.5));
#2399=CARTESIAN_POINT('',(-29.2660615241327,3.9234531997723,0.));
#2400=CARTESIAN_POINT('',(-29.2660615241327,3.9234531997723,3.5));
#2401=CARTESIAN_POINT('',(-29.8668886185994,2.12333096563754,0.));
#2402=CARTESIAN_POINT('',(-29.8668886185994,2.12333096563754,3.5));
#2403=CARTESIAN_POINT('',(-30.8282577005006,-0.757025674331065,0.));
#2404=CARTESIAN_POINT('',(-30.8282577005006,-0.757025674331065,3.5));
#2405=CARTESIAN_POINT('',(-32.0299533605989,-4.35741620552673,0.));
#2406=CARTESIAN_POINT('',(-32.0299533605989,-4.35741620552673,3.5));
#2407=CARTESIAN_POINT('',(-35.8753974110564,-15.8787290841341,0.));
#2408=CARTESIAN_POINT('',(-35.8753974110564,-15.8787290841341,3.5));
#2409=CARTESIAN_POINT('',(-40.2015150451235,-28.8401816905784,0.));
#2410=CARTESIAN_POINT('',(-40.2015150451235,-28.8401816905784,3.5));
#2411=CARTESIAN_POINT('',(-44.0469552972279,-40.3614811912504,0.));
#2412=CARTESIAN_POINT('',(-44.0469552972279,-40.3614811912504,3.5));
#2413=CARTESIAN_POINT('',(-45.0083153624675,-43.2418060742144,0.));
#2414=CARTESIAN_POINT('',(-45.0083153624675,-43.2418060742144,3.5));
#2415=CARTESIAN_POINT('',(-35.6650519907681,21.9579231065575,3.5));
#2416=CARTESIAN_POINT('',(-35.3710528542978,21.9495231312297,3.5));
#2417=CARTESIAN_POINT('',(-35.0843674052107,21.923708421979,3.5));
#2418=CARTESIAN_POINT('',(-34.7982341518267,21.8979434354177,3.5));
#2419=CARTESIAN_POINT('',(-34.5186777913378,21.8546046941117,3.5));
#2420=CARTESIAN_POINT('',(-34.295817009621,21.8200552896583,3.5));
#2421=CARTESIAN_POINT('',(-34.0766816634876,21.7741240813446,3.5));
#2422=CARTESIAN_POINT('',(-33.7491373177931,21.705470129166,3.5));
#2423=CARTESIAN_POINT('',(-33.4308500479038,21.6112686840742,3.5));
#2424=CARTESIAN_POINT('',(-33.219462895892,21.5487057823273,3.5));
#2425=CARTESIAN_POINT('',(-33.011469781237,21.474522634586,3.5));
#2426=CARTESIAN_POINT('',(-32.7007927444719,21.3637160794921,3.5));
#2427=CARTESIAN_POINT('',(-32.3987018989833,21.2269922275725,3.5));
#2428=CARTESIAN_POINT('',(-31.8969439392614,20.9999006688277,3.5));
#2429=CARTESIAN_POINT('',(-31.4193664830935,20.7008524757342,3.5));
#2430=CARTESIAN_POINT('',(-31.2290904531462,20.5817059326764,3.5));
#2431=CARTESIAN_POINT('',(-31.0417777050141,20.4504681341572,3.5));
#2432=CARTESIAN_POINT('',(-30.7621673999466,20.2545634707201,3.5));
#2433=CARTESIAN_POINT('',(-30.4899769387516,20.0319265796869,3.5));
#2434=CARTESIAN_POINT('',(-30.0384708129631,19.6626192950502,3.5));
#2435=CARTESIAN_POINT('',(-29.6076664044746,19.2192916905583,3.5));
#2436=CARTESIAN_POINT('',(-29.5062028674614,19.1148786763899,3.5));
#2437=CARTESIAN_POINT('',(-29.4091227630847,19.0095915109338,3.5));
#2438=CARTESIAN_POINT('',(-29.3134952346103,18.9058797207862,3.5));
#2439=CARTESIAN_POINT('',(-29.2211737573625,18.8002237808785,3.5));
#2440=CARTESIAN_POINT('',(-29.0376025870474,18.590138488509,3.5));
#2441=CARTESIAN_POINT('',(-28.869130864121,18.3743115133522,3.5));
#2442=CARTESIAN_POINT('',(-28.7349998655345,18.2024780020849,3.5));
#2443=CARTESIAN_POINT('',(-28.610206567309,18.0265010685187,3.5));
#2444=CARTESIAN_POINT('',(-28.4239518397817,17.7638544658681,3.5));
#2445=CARTESIAN_POINT('',(-28.2592551610878,17.4925693592756,3.5));
#2446=CARTESIAN_POINT('',(-28.150018952195,17.3126376398977,3.5));
#2447=CARTESIAN_POINT('',(-28.0499860332074,17.1282126420545,3.5));
#2448=CARTESIAN_POINT('',(-27.900772572363,16.8531162790478,3.5));
#2449=CARTESIAN_POINT('',(-27.7726873991067,16.5686315429531,3.5));
#2450=CARTESIAN_POINT('',(-27.687790820432,16.3800712266759,3.5));
#2451=CARTESIAN_POINT('',(-27.6119667984554,16.1866219116417,3.5));
#2452=CARTESIAN_POINT('',(-27.498947789093,15.8982772765636,3.5));
#2453=CARTESIAN_POINT('',(-27.4066609739212,15.5997314601279,3.5));
#2454=CARTESIAN_POINT('',(-27.3455269554694,15.4019642556068,3.5));
#2455=CARTESIAN_POINT('',(-27.2933822587963,15.1989622730236,3.5));
#2456=CARTESIAN_POINT('',(-27.2156950774207,14.8965220854929,3.5));
#2457=CARTESIAN_POINT('',(-27.1584092812747,14.5831025065434,3.5));
#2458=CARTESIAN_POINT('',(-27.0636781051781,14.0648133786436,3.5));
#2459=CARTESIAN_POINT('',(-27.0251657169103,13.5159780779429,3.5));
#2460=CARTESIAN_POINT('',(-27.0060610092755,13.2437192430271,3.5));
#2461=CARTESIAN_POINT('',(-27.0008074190038,12.9626154966815,3.5));
#2462=CARTESIAN_POINT('',(-26.9982248269022,12.824428794347,3.5));
#2463=CARTESIAN_POINT('',(-26.9990330405417,12.6807834621246,3.5));
#2464=CARTESIAN_POINT('',(-26.9998361083879,12.5380527014183,3.5));
#2465=CARTESIAN_POINT('',(-27.0040143459787,12.3943397366366,3.5));
#2466=CARTESIAN_POINT('',(-27.0213855186534,11.796847929969,3.5));
#2467=CARTESIAN_POINT('',(-27.0974060351016,11.1988033949737,3.5));
#2468=CARTESIAN_POINT('',(-27.1782392410394,10.5628979931703,3.5));
#2469=CARTESIAN_POINT('',(-27.3256951329039,9.92643244324823,3.5));
#2470=CARTESIAN_POINT('',(-27.4024959367978,9.59493625637655,3.5));
#2471=CARTESIAN_POINT('',(-27.4976558187598,9.26259386089329,3.5));
#2472=CARTESIAN_POINT('',(-27.5459958957544,9.09376791602029,3.5));
#2473=CARTESIAN_POINT('',(-27.599355377449,8.923964270742,3.5));
#2474=CARTESIAN_POINT('',(-27.6260570551016,8.83899263952537,3.5));
#2475=CARTESIAN_POINT('',(-27.6542931084242,8.75299727312906,3.5));
#2476=CARTESIAN_POINT('',(-27.6611672832682,8.7320613732839,3.5));
#2477=CARTESIAN_POINT('',(-27.6684610179747,8.71008464637328,3.5));
#2478=CARTESIAN_POINT('',(-27.6720776650792,8.69918733944514,3.5));
#2479=CARTESIAN_POINT('',(-27.6813023116255,8.67154943358186,3.5));
#2480=CARTESIAN_POINT('',(-27.69256824989,8.63779562635962,3.5));
#2481=CARTESIAN_POINT('',(-27.7038341881546,8.60404181913739,3.5));
#2482=CARTESIAN_POINT('',(-30.5879143838734,-0.036932829754574,3.5));
#2483=CARTESIAN_POINT('',(-33.4719945795922,-8.67790747864654,3.5));
#2484=CARTESIAN_POINT('',(-39.2401549710299,-25.9598567764305,3.5));
#2485=CARTESIAN_POINT('',(-45.0083153624675,-43.2418060742144,3.5));
#2486=CARTESIAN_POINT('',(63.5224903247362,45.5869007639711,-33.3863628879608));
#2487=CARTESIAN_POINT('',(63.5224903247362,45.5869007639711,-33.3863628879608));
#2488=CARTESIAN_POINT('',(63.5224903247362,45.5869007639711,3.5));
#2489=CARTESIAN_POINT('',(63.5224903247362,45.5869007639711,3.5));
#2490=CARTESIAN_POINT('',(16.3999446239915,45.5869007639711,3.5));
#2491=CARTESIAN_POINT('',(16.3999446239915,45.5869007639711,-33.3863628879608));
#2492=CARTESIAN_POINT('',(16.3999446239915,45.5869007639711,-33.3863628879608));
#2493=CARTESIAN_POINT('',(16.3999446239915,45.5869007639711,3.5));
#2494=CARTESIAN_POINT('',(16.3999446239915,18.3018635263273,3.5));
#2495=CARTESIAN_POINT('',(16.3999446239915,18.3018635263273,-33.3863628879608));
#2496=CARTESIAN_POINT('',(16.3999446239915,18.3018635263273,-33.3863628879608));
#2497=CARTESIAN_POINT('',(16.3999446239915,18.3018635263273,3.5));
#2498=CARTESIAN_POINT('',(26.21714164498,18.3018635263273,3.5));
#2499=CARTESIAN_POINT('',(26.21714164498,18.3018635263273,-33.3863628879608));
#2500=CARTESIAN_POINT('',(26.21714164498,18.3018635263273,-33.3863628879608));
#2501=CARTESIAN_POINT('',(26.21714164498,18.3018635263273,3.5));
#2502=CARTESIAN_POINT('',(19.6497753619739,-0.452368024112831,3.5));
#2503=CARTESIAN_POINT('',(19.6497753619739,-0.452368024112824,-33.3863628879608));
#2504=CARTESIAN_POINT('',(19.6497753619739,-0.452368024112818,0.));
#2505=CARTESIAN_POINT('',(19.6497753619739,-0.452368024112818,3.5));
#2506=CARTESIAN_POINT('',(22.0051528611215,-0.452368024112818,0.));
#2507=CARTESIAN_POINT('',(22.0051528611215,-0.452368024112818,3.5));
#2508=CARTESIAN_POINT('',(26.2923971736344,-0.92177602319575,0.));
#2509=CARTESIAN_POINT('',(26.2923971736344,-0.92177602319575,3.5));
#2510=CARTESIAN_POINT('',(30.5901069415182,-2.70754638624108,0.));
#2511=CARTESIAN_POINT('',(30.5901069415182,-2.70754638624108,3.5));
#2512=CARTESIAN_POINT('',(33.377103810984,-4.88432087359467,0.));
#2513=CARTESIAN_POINT('',(33.377103810984,-4.88432087359467,3.5));
#2514=CARTESIAN_POINT('',(34.9734743287425,-6.73143468701334,0.));
#2515=CARTESIAN_POINT('',(34.9734743287425,-6.73143468701334,3.5));
#2516=CARTESIAN_POINT('',(36.0992268480949,-8.8243343067032,0.));
#2517=CARTESIAN_POINT('',(36.0992268480949,-8.8243343067032,3.5));
#2518=CARTESIAN_POINT('',(36.6398828388184,-10.7806623661545,0.));
#2519=CARTESIAN_POINT('',(36.6398828388184,-10.7806623661545,3.5));
#2520=CARTESIAN_POINT('',(36.8349900623438,-12.4676169088742,0.));
#2521=CARTESIAN_POINT('',(36.8349900623438,-12.4676169088742,3.5));
#2522=CARTESIAN_POINT('',(36.8710872198477,-14.2747034625206,0.));
#2523=CARTESIAN_POINT('',(36.8710872198477,-14.2747034625206,3.5));
#2524=CARTESIAN_POINT('',(36.6228563279104,-16.4049796554707,0.));
#2525=CARTESIAN_POINT('',(36.6228563279104,-16.4049796554707,3.5));
#2526=CARTESIAN_POINT('',(35.887622258852,-18.7175424160296,0.));
#2527=CARTESIAN_POINT('',(35.887622258852,-18.7175424160296,3.5));
#2528=CARTESIAN_POINT('',(34.9346858333689,-20.4666989585749,0.));
#2529=CARTESIAN_POINT('',(34.9346858333689,-20.4666989585749,3.5));
#2530=CARTESIAN_POINT('',(34.1039799317933,-21.594704295832,0.));
#2531=CARTESIAN_POINT('',(34.1039799317933,-21.594704295832,3.5));
#2532=CARTESIAN_POINT('',(33.5820660847377,-22.2226017443743,0.));
#2533=CARTESIAN_POINT('',(33.5820660847377,-22.2226017443743,3.5));
#2534=CARTESIAN_POINT('',(32.9284481794565,-22.9259248973675,0.));
#2535=CARTESIAN_POINT('',(32.9284481794565,-22.9259248973675,3.5));
#2536=CARTESIAN_POINT('',(32.1013040114162,-23.6555769259892,0.));
#2537=CARTESIAN_POINT('',(32.1013040114162,-23.6555769259892,3.5));
#2538=CARTESIAN_POINT('',(30.6586220357614,-24.6244315798282,0.));
#2539=CARTESIAN_POINT('',(30.6586220357614,-24.6244315798282,3.5));
#2540=CARTESIAN_POINT('',(28.6762046017618,-25.4083589253015,0.));
#2541=CARTESIAN_POINT('',(28.6762046017618,-25.4083589253015,3.5));
#2542=CARTESIAN_POINT('',(26.8883977714347,-25.5913313354486,0.));
#2543=CARTESIAN_POINT('',(26.8883977714347,-25.5913313354486,3.5));
#2544=CARTESIAN_POINT('',(25.9463224168148,-25.5708514364351,0.));
#2545=CARTESIAN_POINT('',(25.9463224168148,-25.5708514364351,3.5));
#2546=CARTESIAN_POINT('',(19.6497753619739,-0.452368024112828,3.5));
#2547=CARTESIAN_POINT('',(20.4068609866999,-0.452368024112818,3.5));
#2548=CARTESIAN_POINT('',(21.1334155101877,-0.484709399221404,3.5));
#2549=CARTESIAN_POINT('',(22.1051829824979,-0.527966023912751,3.5));
#2550=CARTESIAN_POINT('',(23.0223554759274,-0.628893097946526,3.5));
#2551=CARTESIAN_POINT('',(24.634400274181,-0.806284990818001,3.5));
#2552=CARTESIAN_POINT('',(26.0801280490829,-1.16157809603408,3.5));
#2553=CARTESIAN_POINT('',(27.5332318578717,-1.51868388966173,3.5));
#2554=CARTESIAN_POINT('',(28.8184284165607,-2.05508768325512,3.5));
#2555=CARTESIAN_POINT('',(30.1102448074492,-2.59425440294003,3.5));
#2556=CARTESIAN_POINT('',(31.2325919134812,-3.31408652448925,3.5));
#2557=CARTESIAN_POINT('',(31.5145023794369,-3.49489352056493,3.5));
#2558=CARTESIAN_POINT('',(31.7849397612711,-3.68649057115291,3.5));
#2559=CARTESIAN_POINT('',(31.9209151305517,-3.78282518114685,3.5));
#2560=CARTESIAN_POINT('',(32.0533846224953,-3.88139085364279,3.5));
#2561=CARTESIAN_POINT('',(32.1850611998216,-3.97936654756072,3.5));
#2562=CARTESIAN_POINT('',(32.3163352814002,-4.08177277682883,3.5));
#2563=CARTESIAN_POINT('',(32.836267359253,-4.4873690904968,3.5));
#2564=CARTESIAN_POINT('',(33.2947909552605,-4.92007636491191,3.5));
#2565=CARTESIAN_POINT('',(33.7551056326314,-5.35447387717256,3.5));
#2566=CARTESIAN_POINT('',(34.1543585266853,-5.81656304658186,3.5));
#2567=CARTESIAN_POINT('',(34.5550702662319,-6.28034066136515,3.5));
#2568=CARTESIAN_POINT('',(34.8950379956748,-6.77239898805854,3.5));
#2569=CARTESIAN_POINT('',(35.23615436784,-7.26611982318142,3.5));
#2570=CARTESIAN_POINT('',(35.5168293622288,-7.78875035556188,3.5));
#2571=CARTESIAN_POINT('',(35.798368711707,-8.31299035928651,3.5));
#2572=CARTESIAN_POINT('',(36.0197326263475,-8.86678331531181,3.5));
#2573=CARTESIAN_POINT('',(36.2417128579925,-9.42211813066083,3.5));
#2574=CARTESIAN_POINT('',(36.4037477880308,-10.0076640335282,3.5));
#2575=CARTESIAN_POINT('',(36.5661864661863,-10.594668961655,3.5));
#2576=CARTESIAN_POINT('',(36.6688748472786,-11.212558676431,3.5));
#2577=CARTESIAN_POINT('',(36.7717863788256,-11.8317911173195,3.5));
#2578=CARTESIAN_POINT('',(36.8151138040911,-12.48263341024,3.5));
#2579=CARTESIAN_POINT('',(36.8368355150706,-12.8089257780286,3.5));
#2580=CARTESIAN_POINT('',(36.8436502440841,-13.1424777381781,3.5));
#2581=CARTESIAN_POINT('',(36.8470727329394,-13.3099939906996,3.5));
#2582=CARTESIAN_POINT('',(36.8467728677228,-13.4786397825766,3.5));
#2583=CARTESIAN_POINT('',(36.8464721465849,-13.6477669491119,3.5));
#2584=CARTESIAN_POINT('',(36.8425061078839,-13.8143596908351,3.5));
#2585=CARTESIAN_POINT('',(36.8235462939724,-14.6107632612992,3.5));
#2586=CARTESIAN_POINT('',(36.7212255732463,-15.3729513776926,3.5));
#2587=CARTESIAN_POINT('',(36.6536484459427,-15.8763341041364,3.5));
#2588=CARTESIAN_POINT('',(36.5499634947881,-16.3643515436405,3.5));
#2589=CARTESIAN_POINT('',(36.3959279277761,-17.0893559166835,3.5));
#2590=CARTESIAN_POINT('',(36.1623246673329,-17.7819859527245,3.5));
#2591=CARTESIAN_POINT('',(36.0081157153538,-18.2392130982899,3.5));
#2592=CARTESIAN_POINT('',(35.8195739852651,-18.6819465977788,3.5));
#2593=CARTESIAN_POINT('',(35.5396305740994,-19.3393094321283,3.5));
#2594=CARTESIAN_POINT('',(35.1838276397983,-19.9662197219555,3.5));
#2595=CARTESIAN_POINT('',(34.9490969494136,-20.3798056453809,3.5));
#2596=CARTESIAN_POINT('',(34.6817555373247,-20.7798048413603,3.5));
#2597=CARTESIAN_POINT('',(34.350715784041,-21.2751102043267,3.5));
#2598=CARTESIAN_POINT('',(33.969566073326,-21.7502889054767,3.5));
#2599=CARTESIAN_POINT('',(33.8746365047033,-21.8686374384829,3.5));
#2600=CARTESIAN_POINT('',(33.7772372914609,-21.9850064321736,3.5));
#2601=CARTESIAN_POINT('',(33.7172724128635,-22.0566502611827,3.5));
#2602=CARTESIAN_POINT('',(33.6582546528503,-22.1253851872069,3.5));
#2603=CARTESIAN_POINT('',(33.611773615604,-22.1795192420394,3.5));
#2604=CARTESIAN_POINT('',(33.5656030774595,-22.2320299574307,3.5));
#2605=CARTESIAN_POINT('',(33.3326939274537,-22.4969223883938,3.5));
#2606=CARTESIAN_POINT('',(33.0911778700142,-22.7401273149446,3.5));
#2607=CARTESIAN_POINT('',(32.6761691162235,-23.1580381344305,3.5));
#2608=CARTESIAN_POINT('',(32.2345756206523,-23.5137220954788,3.5));
#2609=CARTESIAN_POINT('',(31.6448489999265,-23.9887207141158,3.5));
#2610=CARTESIAN_POINT('',(31.0073548653797,-24.3537418515801,3.5));
#2611=CARTESIAN_POINT('',(30.5284590880545,-24.627951560961,3.5));
#2612=CARTESIAN_POINT('',(30.0231259818327,-24.8401767051978,3.5));
#2613=CARTESIAN_POINT('',(29.3482558590323,-25.1236024443567,3.5));
#2614=CARTESIAN_POINT('',(28.6257363809799,-25.2973165587436,3.5));
#2615=CARTESIAN_POINT('',(27.9925905178233,-25.4495427287459,3.5));
#2616=CARTESIAN_POINT('',(27.323253833868,-25.5178389762733,3.5));
#2617=CARTESIAN_POINT('',(26.9878070823879,-25.5520665256077,3.5));
#2618=CARTESIAN_POINT('',(26.6440942340841,-25.5652839510252,3.5));
#2619=CARTESIAN_POINT('',(26.2996006747973,-25.5785313985651,3.5));
#2620=CARTESIAN_POINT('',(25.9463224168148,-25.5708514364351,3.5));
#2621=CARTESIAN_POINT('',(25.9463224168148,-25.5708514364351,3.5));
#2622=CARTESIAN_POINT('',(25.9463224168148,-25.5708514364351,-33.3863628879608));
#2623=CARTESIAN_POINT('',(25.9463224168148,-25.5708514364351,0.));
#2624=CARTESIAN_POINT('',(25.9463224168148,-25.5708514364351,3.5));
#2625=CARTESIAN_POINT('',(23.1704253281215,-25.6385562434764,0.));
#2626=CARTESIAN_POINT('',(23.1704253281215,-25.6385562434764,3.5));
#2627=CARTESIAN_POINT('',(19.8528897830978,-24.3521649096917,0.));
#2628=CARTESIAN_POINT('',(19.8528897830978,-24.3521649096917,3.5));
#2629=CARTESIAN_POINT('',(15.9937157817437,-21.711677435081,0.));
#2630=CARTESIAN_POINT('',(15.9937157817437,-21.711677435081,3.5));
#2631=CARTESIAN_POINT('',(25.9463224168148,-25.5708514364351,3.5));
#2632=CARTESIAN_POINT('',(21.7824767837748,-25.672408646997,3.5));
#2633=CARTESIAN_POINT('',(15.9937157817437,-21.711677435081,3.5));
#2634=CARTESIAN_POINT('',(15.9937157817437,-21.711677435081,3.5));
#2635=CARTESIAN_POINT('',(15.9937157817437,-21.711677435081,-33.3863628879608));
#2636=CARTESIAN_POINT('',(15.9937157817437,-21.711677435081,-33.3863628879608));
#2637=CARTESIAN_POINT('',(15.9937157817437,-21.711677435081,3.5));
#2638=CARTESIAN_POINT('',(15.9937157817437,-48.5904858304771,3.5));
#2639=CARTESIAN_POINT('',(15.9937157817437,-48.5904858304771,-33.3863628879608));
#2640=CARTESIAN_POINT('',(15.9937157817437,-48.5904858304771,6.93889390390723E-15));
#2641=CARTESIAN_POINT('',(15.9937157817437,-48.5904858304771,3.50000000000001));
#2642=CARTESIAN_POINT('',(18.133379790198,-49.4579171852559,6.93889390390723E-15));
#2643=CARTESIAN_POINT('',(18.133379790198,-49.4579171852559,3.50000000000001));
#2644=CARTESIAN_POINT('',(22.4090532711689,-50.8200313929769,6.93889390390723E-15));
#2645=CARTESIAN_POINT('',(22.4090532711689,-50.8200313929769,3.50000000000001));
#2646=CARTESIAN_POINT('',(27.7690951554722,-51.6012767637645,6.93889390390723E-15));
#2647=CARTESIAN_POINT('',(27.7690951554722,-51.6012767637645,3.50000000000001));
#2648=CARTESIAN_POINT('',(32.1201960507565,-51.6687475054032,6.93889390390723E-15));
#2649=CARTESIAN_POINT('',(32.1201960507565,-51.6687475054032,3.50000000000001));
#2650=CARTESIAN_POINT('',(36.3255855855521,-51.3794987768962,6.93889390390723E-15));
#2651=CARTESIAN_POINT('',(36.3255855855521,-51.3794987768962,3.50000000000001));
#2652=CARTESIAN_POINT('',(41.2754895135083,-50.3564584155477,6.93889390390723E-15));
#2653=CARTESIAN_POINT('',(41.2754895135083,-50.3564584155477,3.50000000000001));
#2654=CARTESIAN_POINT('',(45.8296658233048,-48.4596018176867,6.93889390390723E-15));
#2655=CARTESIAN_POINT('',(45.8296658233048,-48.4596018176867,3.50000000000001));
#2656=CARTESIAN_POINT('',(49.2306746438628,-46.4292433150478,6.93889390390723E-15));
#2657=CARTESIAN_POINT('',(49.2306746438628,-46.4292433150478,3.50000000000001));
#2658=CARTESIAN_POINT('',(51.671241415896,-44.6408540963766,6.93889390390723E-15));
#2659=CARTESIAN_POINT('',(51.671241415896,-44.6408540963766,3.50000000000001));
#2660=CARTESIAN_POINT('',(53.9637639522317,-42.6299091426621,6.93889390390723E-15));
#2661=CARTESIAN_POINT('',(53.9637639522317,-42.6299091426621,3.50000000000001));
#2662=CARTESIAN_POINT('',(56.2463927590983,-40.2460625793924,6.93889390390723E-15));
#2663=CARTESIAN_POINT('',(56.2463927590983,-40.2460625793924,3.50000000000001));
#2664=CARTESIAN_POINT('',(58.1972965540165,-37.7522090819182,6.93889390390723E-15));
#2665=CARTESIAN_POINT('',(58.1972965540165,-37.7522090819182,3.50000000000001));
#2666=CARTESIAN_POINT('',(60.4219021436086,-34.2356843527485,6.93889390390723E-15));
#2667=CARTESIAN_POINT('',(60.4219021436086,-34.2356843527485,3.50000000000001));
#2668=CARTESIAN_POINT('',(62.4675263969175,-29.5029825802507,6.93889390390723E-15));
#2669=CARTESIAN_POINT('',(62.4675263969175,-29.5029825802507,3.50000000000001));
#2670=CARTESIAN_POINT('',(63.5478036033597,-24.3299995332197,6.93889390390723E-15));
#2671=CARTESIAN_POINT('',(63.5478036033597,-24.3299995332197,3.50000000000001));
#2672=CARTESIAN_POINT('',(63.8318450159489,-19.9104584224266,6.93889390390723E-15));
#2673=CARTESIAN_POINT('',(63.8318450159489,-19.9104584224266,3.50000000000001));
#2674=CARTESIAN_POINT('',(63.7393036891732,-15.3758322679297,6.93889390390723E-15));
#2675=CARTESIAN_POINT('',(63.7393036891732,-15.3758322679297,3.50000000000001));
#2676=CARTESIAN_POINT('',(63.0152611869842,-10.202760212715,6.93889390390723E-15));
#2677=CARTESIAN_POINT('',(63.0152611869842,-10.202760212715,3.50000000000001));
#2678=CARTESIAN_POINT('',(61.1791979578189,-4.618379255734,6.93889390390723E-15));
#2679=CARTESIAN_POINT('',(61.1791979578189,-4.618379255734,3.50000000000001));
#2680=CARTESIAN_POINT('',(57.4875185507014,1.8876547531315,6.93889390390723E-15));
#2681=CARTESIAN_POINT('',(57.4875185507014,1.8876547531315,3.50000000000001));
#2682=CARTESIAN_POINT('',(52.8364807017016,6.39705465371977,6.93889390390723E-15));
#2683=CARTESIAN_POINT('',(52.8364807017016,6.39705465371977,3.50000000000001));
#2684=CARTESIAN_POINT('',(48.9659568108568,9.16171457575178,6.93889390390723E-15));
#2685=CARTESIAN_POINT('',(48.9659568108568,9.16171457575178,3.50000000000001));
#2686=CARTESIAN_POINT('',(15.9937157817437,-48.5904858304771,3.5));
#2687=CARTESIAN_POINT('',(17.5984637880845,-49.2410593465612,3.5));
#2688=CARTESIAN_POINT('',(19.2009573284455,-49.7517856245498,3.5));
#2689=CARTESIAN_POINT('',(20.8066076203165,-50.2635179820692,3.5));
#2690=CARTESIAN_POINT('',(22.4121432777869,-50.6357519152042,3.5));
#2691=CARTESIAN_POINT('',(24.0204258188661,-51.008622697035,3.5));
#2692=CARTESIAN_POINT('',(25.6312180324074,-51.2423847024404,3.5));
#2693=CARTESIAN_POINT('',(27.2441296966477,-51.4764542875829,3.5));
#2694=CARTESIAN_POINT('',(28.8621259949467,-51.5716839862582,3.5));
#2695=CARTESIAN_POINT('',(29.6721985771402,-51.6193620730305,3.5));
#2696=CARTESIAN_POINT('',(30.4832500550108,-51.6323335643853,3.5));
#2697=CARTESIAN_POINT('',(30.6866584620517,-51.6355867615811,3.5));
#2698=CARTESIAN_POINT('',(30.8892051622748,-51.6366626189398,3.5));
#2699=CARTESIAN_POINT('',(31.0909940002234,-51.6377344507987,3.5));
#2700=CARTESIAN_POINT('',(31.2951718632212,-51.6366784419542,3.5));
#2701=CARTESIAN_POINT('',(31.7009030746303,-51.6345799982666,3.5));
#2702=CARTESIAN_POINT('',(32.1019821306954,-51.624157571635,3.5));
#2703=CARTESIAN_POINT('',(33.7069510487923,-51.5824509042288,3.5));
#2704=CARTESIAN_POINT('',(35.2537826691507,-51.4077123289753,3.5));
#2705=CARTESIAN_POINT('',(36.5780914024858,-51.2581111582899,3.5));
#2706=CARTESIAN_POINT('',(37.8594396576682,-51.0112617699677,3.5));
#2707=CARTESIAN_POINT('',(39.5656631840585,-50.6825609408786,3.5));
#2708=CARTESIAN_POINT('',(41.1963439898764,-50.1816951682452,3.5));
#2709=CARTESIAN_POINT('',(42.4177893509346,-49.8065266053277,3.5));
#2710=CARTESIAN_POINT('',(43.5963134638118,-49.3351546389176,3.5));
#2711=CARTESIAN_POINT('',(45.1657843667645,-48.7074164554856,3.5));
#2712=CARTESIAN_POINT('',(46.659723676171,-47.9092727566644,3.5));
#2713=CARTESIAN_POINT('',(47.7788456492022,-47.3113768814016,3.5));
#2714=CARTESIAN_POINT('',(48.8551394849151,-46.6183492768609,3.5));
#2715=CARTESIAN_POINT('',(50.2885297671657,-45.6953866055919,3.5));
#2716=CARTESIAN_POINT('',(51.6465673766131,-44.6037614738694,3.5));
#2717=CARTESIAN_POINT('',(52.8332540846564,-43.6498725499034,3.5));
#2718=CARTESIAN_POINT('',(53.9621149973202,-42.5677588744029,3.5));
#2719=CARTESIAN_POINT('',(54.1035036249713,-42.4322252884445,3.5));
#2720=CARTESIAN_POINT('',(54.2432448170363,-42.2954157634068,3.5));
#2721=CARTESIAN_POINT('',(54.3891762584259,-42.1525458559046,3.5));
#2722=CARTESIAN_POINT('',(54.5291182377684,-42.0124839732228,3.5));
#2723=CARTESIAN_POINT('',(54.8202032820453,-41.7211495250928,3.5));
#2724=CARTESIAN_POINT('',(55.1014800268391,-41.4261520186887,3.5));
#2725=CARTESIAN_POINT('',(55.6648414204606,-40.8353096920521,3.5));
#2726=CARTESIAN_POINT('',(56.1911052571069,-40.2277280903583,3.5));
#2727=CARTESIAN_POINT('',(57.0934980067855,-39.1858985097803,3.5));
#2728=CARTESIAN_POINT('',(57.8883589674765,-38.0936205073939,3.5));
#2729=CARTESIAN_POINT('',(58.9477037422154,-36.6378954792277,3.5));
#2730=CARTESIAN_POINT('',(59.8167418972985,-35.0923458109719,3.5));
#2731=CARTESIAN_POINT('',(60.4682446602658,-33.9336741539425,3.5));
#2732=CARTESIAN_POINT('',(61.0126967720648,-32.7251755397062,3.5));
#2733=CARTESIAN_POINT('',(61.7383649451095,-31.1144388697314,3.5));
#2734=CARTESIAN_POINT('',(62.2744569875442,-29.4149263253441,3.5));
#2735=CARTESIAN_POINT('',(62.6763858944259,-28.1407361394666,3.5));
#2736=CARTESIAN_POINT('',(62.9717766263998,-26.8173569654696,3.5));
#2737=CARTESIAN_POINT('',(63.3655105209469,-25.0533908699245,3.5));
#2738=CARTESIAN_POINT('',(63.5704655937933,-23.201684699424,3.5));
#2739=CARTESIAN_POINT('',(63.7497239912323,-21.5821401034206,3.5));
#2740=CARTESIAN_POINT('',(63.7847721735283,-19.8960727919636,3.5));
#2741=CARTESIAN_POINT('',(63.7935131288709,-19.4755705545086,3.5));
#2742=CARTESIAN_POINT('',(63.793304265014,-19.0490792447916,3.5));
#2743=CARTESIAN_POINT('',(63.79309584273,-18.6234896087156,3.5));
#2744=CARTESIAN_POINT('',(63.7850783775502,-18.2034704484327,3.5));
#2745=CARTESIAN_POINT('',(63.7690413971331,-17.3633247294113,3.5));
#2746=CARTESIAN_POINT('',(63.7218812979525,-16.542502849081,3.5));
#2747=CARTESIAN_POINT('',(63.627777021635,-14.9046172132145,3.5));
#2748=CARTESIAN_POINT('',(63.4100784189005,-13.342460843131,3.5));
#2749=CARTESIAN_POINT('',(63.1931336532552,-11.7857138390067,3.5));
#2750=CARTESIAN_POINT('',(62.8540591492278,-10.3066444642611,3.5));
#2751=CARTESIAN_POINT('',(62.5160169357166,-8.83207802108466,3.5));
#2752=CARTESIAN_POINT('',(62.0574177719601,-7.43709535656154,3.5));
#2753=CARTESIAN_POINT('',(61.6000165401059,-6.04575660238334,3.5));
#2754=CARTESIAN_POINT('',(61.0237485701234,-4.73585516412265,3.5));
#2755=CARTESIAN_POINT('',(60.7359759361866,-4.08172582374422,3.5));
#2756=CARTESIAN_POINT('',(60.4191517484371,-3.44898892490418,3.5));
#2757=CARTESIAN_POINT('',(60.3392012626744,-3.28931796423166,3.5));
#2758=CARTESIAN_POINT('',(60.2590536115175,-3.13418622324152,3.5));
#2759=CARTESIAN_POINT('',(60.1784747086371,-2.97821976245992,3.5));
#2760=CARTESIAN_POINT('',(60.0959532304133,-2.82368358536904,3.5));
#2761=CARTESIAN_POINT('',(59.9302215930702,-2.51332155345577,3.5));
#2762=CARTESIAN_POINT('',(59.7553307588142,-2.20598249074059,3.5));
#2763=CARTESIAN_POINT('',(59.0548367342783,-0.974990724623386,3.5));
#2764=CARTESIAN_POINT('',(58.2012963698517,0.220021183575031,3.5));
#2765=CARTESIAN_POINT('',(57.3477378140246,1.41505856091479,3.5));
#2766=CARTESIAN_POINT('',(56.3427412069795,2.57239330097723,3.5));
#2767=CARTESIAN_POINT('',(55.3373659673682,3.73016406701192,3.5));
#2768=CARTESIAN_POINT('',(54.1822658437928,4.84853328787085,3.5));
#2769=CARTESIAN_POINT('',(53.0263186201948,5.96772267191132,3.5));
#2770=CARTESIAN_POINT('',(51.7224708538869,7.04584057066074,3.5));
#2771=CARTESIAN_POINT('',(50.4174032699236,8.12496710498978,3.5));
#2772=CARTESIAN_POINT('',(48.9659568108568,9.16171457575178,3.5));
#2773=CARTESIAN_POINT('',(48.9659568108568,9.16171457575178,3.5));
#2774=CARTESIAN_POINT('',(48.9659568108568,9.16171457575178,-33.3863628879608));
#2775=CARTESIAN_POINT('',(48.9659568108568,9.16171457575178,-33.3863628879608));
#2776=CARTESIAN_POINT('',(48.9659568108568,9.16171457575178,3.5));
#2777=CARTESIAN_POINT('',(-41.6294892888932,-25.2220961238886,3.5));
#2778=CARTESIAN_POINT('',(-48.1422542578171,-44.7349505425003,3.5));
#2779=CARTESIAN_POINT('',(-48.1422542578171,-44.7349505425003,3.5));
#2780=CARTESIAN_POINT('',(-41.6294892888932,-25.2220961238886,3.5));
#2781=CARTESIAN_POINT('',(-41.6294892888932,-25.2220961238886,3.5));
#2782=CARTESIAN_POINT('',(-41.6294892888932,-25.2220961238886,3.5));
#2783=CARTESIAN_POINT('',(-48.1422542578171,-44.7349505425003,3.5));
#2784=CARTESIAN_POINT('',(-20.0392851274544,-55.2938695799199,3.5));
#2785=CARTESIAN_POINT('',(-20.0392851274544,-55.2938695799199,3.5));
#2786=CARTESIAN_POINT('',(-48.1422542578171,-44.7349505425003,3.5));
#2787=CARTESIAN_POINT('',(-20.0392851274544,-55.2938695799199,3.5));
#2788=CARTESIAN_POINT('',(-20.0392851274544,-55.2938695799199,1.));
#2789=CARTESIAN_POINT('',(-19.6854216710159,-54.244822077547,3.5));
#2790=CARTESIAN_POINT('',(-19.6854216710159,-54.244822077547,1.));
#2791=CARTESIAN_POINT('',(-18.9017893506283,-51.917101158804,3.5));
#2792=CARTESIAN_POINT('',(-18.9017893506283,-51.917101158804,1.));
#2793=CARTESIAN_POINT('',(-17.868793837511,-48.8391951810878,3.5));
#2794=CARTESIAN_POINT('',(-17.868793837511,-48.8391951810878,1.));
#2795=CARTESIAN_POINT('',(-17.1510283496318,-46.6969645595828,3.5));
#2796=CARTESIAN_POINT('',(-17.1510283496318,-46.6969645595828,0.999999999999998));
#2797=CARTESIAN_POINT('',(-16.7470967038151,-45.4904771334294,3.5));
#2798=CARTESIAN_POINT('',(-16.7470967038151,-45.4904771334294,1.));
#2799=CARTESIAN_POINT('',(-16.441622911141,-44.577721850223,3.5));
#2800=CARTESIAN_POINT('',(-16.441622911141,-44.577721850223,0.999999999999998));
#2801=CARTESIAN_POINT('',(-16.1277973920626,-43.6396941154797,3.5));
#2802=CARTESIAN_POINT('',(-16.1277973920626,-43.6396941154797,1.));
#2803=CARTESIAN_POINT('',(-15.8855757096267,-42.9154615176421,3.5));
#2804=CARTESIAN_POINT('',(-15.8855757096267,-42.9154615176421,0.999999999999999));
#2805=CARTESIAN_POINT('',(-15.717535143005,-42.4129356735799,3.5));
#2806=CARTESIAN_POINT('',(-15.717535143005,-42.4129356735799,1.));
#2807=CARTESIAN_POINT('',(-15.6497416371647,-42.2101858840236,3.5));
#2808=CARTESIAN_POINT('',(-15.6497416371647,-42.2101858840236,0.999999999999999));
#2809=CARTESIAN_POINT('',(-15.5879543104561,-42.0253885480946,3.5));
#2810=CARTESIAN_POINT('',(-15.5879543104561,-42.0253885480946,1.));
#2811=CARTESIAN_POINT('',(-15.5515904925169,-41.916625975732,3.5));
#2812=CARTESIAN_POINT('',(-15.5515904925169,-41.916625975732,1.));
#2813=CARTESIAN_POINT('',(-15.4844416702992,-41.7157801135677,3.5));
#2814=CARTESIAN_POINT('',(-15.4844416702992,-41.7157801135677,0.999999999999998));
#2815=CARTESIAN_POINT('',(-15.3816819437491,-41.4083984963615,3.5));
#2816=CARTESIAN_POINT('',(-15.3816819437491,-41.4083984963615,1.));
#2817=CARTESIAN_POINT('',(-15.2011732023812,-40.8684076472264,3.5));
#2818=CARTESIAN_POINT('',(-15.2011732023812,-40.8684076472264,1.));
#2819=CARTESIAN_POINT('',(-14.9434859028138,-40.0974632515344,3.5));
#2820=CARTESIAN_POINT('',(-14.9434859028138,-40.0974632515344,1.));
#2821=CARTESIAN_POINT('',(-14.5889226527214,-39.0365908683149,3.5));
#2822=CARTESIAN_POINT('',(-14.5889226527214,-39.0365908683149,0.999999999999999));
#2823=CARTESIAN_POINT('',(-14.229140563823,-37.9600142996858,3.5));
#2824=CARTESIAN_POINT('',(-14.229140563823,-37.9600142996858,1.));
#2825=CARTESIAN_POINT('',(-14.0059559954831,-37.2921899636303,3.5));
#2826=CARTESIAN_POINT('',(-14.0059559954831,-37.2921899636303,1.));
#2827=CARTESIAN_POINT('',(-13.89177152746,-36.9505258559875,3.5));
#2828=CARTESIAN_POINT('',(-13.89177152746,-36.9505258559875,0.999999999999999));
#2829=CARTESIAN_POINT('',(-13.8292036519359,-36.7633124196624,3.5));
#2830=CARTESIAN_POINT('',(-13.8292036519359,-36.7633124196624,1.));
#2831=CARTESIAN_POINT('',(-13.7946289254933,-36.6598605397672,3.5));
#2832=CARTESIAN_POINT('',(-13.7946289254933,-36.6598605397672,1.));
#2833=CARTESIAN_POINT('',(-13.7802583278038,-36.6168620618104,3.5));
#2834=CARTESIAN_POINT('',(-13.7802583278038,-36.6168620618104,1.));
#2835=CARTESIAN_POINT('',(-13.732728171984,-36.4746487042072,3.5));
#2836=CARTESIAN_POINT('',(-13.732728171984,-36.4746487042072,1.));
#2837=CARTESIAN_POINT('',(-13.6775026427855,-36.3094129798661,3.5));
#2838=CARTESIAN_POINT('',(-13.6775026427855,-36.3094129798661,0.999999999999997));
#2839=CARTESIAN_POINT('',(-13.5791964752913,-36.0152854680155,3.5));
#2840=CARTESIAN_POINT('',(-13.5791964752913,-36.0152854680155,1.));
#2841=CARTESIAN_POINT('',(-13.4445719502248,-35.6125148710161,3.5));
#2842=CARTESIAN_POINT('',(-13.4445719502248,-35.6125148710161,1.));
#2843=CARTESIAN_POINT('',(-13.2329625671213,-34.9794663884616,3.5));
#2844=CARTESIAN_POINT('',(-13.2329625671213,-34.9794663884616,1.));
#2845=CARTESIAN_POINT('',(-12.9663298898304,-34.1818942768739,3.5));
#2846=CARTESIAN_POINT('',(-12.9663298898304,-34.1818942768739,0.999999999999999));
#2847=CARTESIAN_POINT('',(-12.5469752426532,-32.9278332464834,3.5));
#2848=CARTESIAN_POINT('',(-12.5469752426532,-32.9278332464834,1.));
#2849=CARTESIAN_POINT('',(-12.0370972546053,-31.4036797685356,3.5));
#2850=CARTESIAN_POINT('',(-12.0370972546053,-31.4036797685356,1.));
#2851=CARTESIAN_POINT('',(-11.2300906591913,-28.9930883975792,3.5));
#2852=CARTESIAN_POINT('',(-11.2300906591913,-28.9930883975792,1.));
#2853=CARTESIAN_POINT('',(-10.2020437757168,-25.926659138124,3.5));
#2854=CARTESIAN_POINT('',(-10.2020437757168,-25.926659138124,0.999999999999999));
#2855=CARTESIAN_POINT('',(-8.96684020791197,-22.2524279532648,3.5));
#2856=CARTESIAN_POINT('',(-8.96684020791197,-22.2524279532648,1.));
#2857=CARTESIAN_POINT('',(-7.9319690438134,-19.1850515325202,3.5));
#2858=CARTESIAN_POINT('',(-7.9319690438134,-19.1850515325202,0.999999999999999));
#2859=CARTESIAN_POINT('',(-7.10135457027933,-16.7311822368913,3.5));
#2860=CARTESIAN_POINT('',(-7.10135457027933,-16.7311822368913,1.));
#2861=CARTESIAN_POINT('',(-6.47711161558321,-14.8914053167202,3.5));
#2862=CARTESIAN_POINT('',(-6.47711161558321,-14.8914053167202,0.999999999999999));
#2863=CARTESIAN_POINT('',(-5.95542271387213,-13.357866476319,3.5));
#2864=CARTESIAN_POINT('',(-5.95542271387213,-13.357866476319,1.));
#2865=CARTESIAN_POINT('',(-5.53753766858572,-12.1320086464961,3.5));
#2866=CARTESIAN_POINT('',(-5.53753766858572,-12.1320086464961,1.));
#2867=CARTESIAN_POINT('',(-5.22435220682587,-11.214652606285,3.5));
#2868=CARTESIAN_POINT('',(-5.22435220682587,-11.214652606285,1.));
#2869=CARTESIAN_POINT('',(-4.96420948631602,-10.4537933211048,3.5));
#2870=CARTESIAN_POINT('',(-4.96420948631602,-10.4537933211048,1.));
#2871=CARTESIAN_POINT('',(-4.75741998576512,-9.8496648518332,3.5));
#2872=CARTESIAN_POINT('',(-4.75741998576512,-9.8496648518332,0.999999999999999));
#2873=CARTESIAN_POINT('',(-4.6279827171529,-9.47181215288744,3.5));
#2874=CARTESIAN_POINT('',(-4.6279827171529,-9.47181215288744,0.999999999999999));
#2875=CARTESIAN_POINT('',(-4.5252019576132,-9.1719465226758,3.5));
#2876=CARTESIAN_POINT('',(-4.5252019576132,-9.1719465226758,1.));
#2877=CARTESIAN_POINT('',(-4.45395268009377,-8.96416931322298,3.5));
#2878=CARTESIAN_POINT('',(-4.45395268009377,-8.96416931322298,1.));
#2879=CARTESIAN_POINT('',(-4.42155362219854,-8.86970776102996,3.5));
#2880=CARTESIAN_POINT('',(-4.42155362219854,-8.86970776102996,1.));
#2881=CARTESIAN_POINT('',(-4.33923157972505,-8.62974482381034,3.5));
#2882=CARTESIAN_POINT('',(-4.33923157972505,-8.62974482381034,1.));
#2883=CARTESIAN_POINT('',(-4.25709217555649,-8.38923862682203,3.5));
#2884=CARTESIAN_POINT('',(-4.25709217555649,-8.38923862682203,1.));
#2885=CARTESIAN_POINT('',(-4.09404206706956,-7.90998971166995,3.5));
#2886=CARTESIAN_POINT('',(-4.09404206706956,-7.90998971166995,1.));
#2887=CARTESIAN_POINT('',(-3.85475316058836,-7.19941173062614,3.5));
#2888=CARTESIAN_POINT('',(-3.85475316058836,-7.19941173062614,1.));
#2889=CARTESIAN_POINT('',(-3.54638396094975,-6.2679747995215,3.5));
#2890=CARTESIAN_POINT('',(-3.54638396094975,-6.2679747995215,1.));
#2891=CARTESIAN_POINT('',(-3.24911048941751,-5.35360656245061,3.5));
#2892=CARTESIAN_POINT('',(-3.24911048941751,-5.35360656245061,1.));
#2893=CARTESIAN_POINT('',(-2.86748048919602,-4.15695809742384,3.5));
#2894=CARTESIAN_POINT('',(-2.86748048919602,-4.15695809742384,1.));
#2895=CARTESIAN_POINT('',(-2.23819294276519,-2.12155674545943,3.5));
#2896=CARTESIAN_POINT('',(-2.23819294276519,-2.12155674545943,1.));
#2897=CARTESIAN_POINT('',(-1.44915302935776,0.62193214038847,3.5));
#2898=CARTESIAN_POINT('',(-1.44915302935776,0.62193214038847,1.));
#2899=CARTESIAN_POINT('',(-0.679260510192478,3.65338739593549,3.5));
#2900=CARTESIAN_POINT('',(-0.679260510192478,3.65338739593549,1.));
#2901=CARTESIAN_POINT('',(0.108443100729246,7.36167010310721,3.5));
#2902=CARTESIAN_POINT('',(0.108443100729246,7.36167010310721,1.));
#2903=CARTESIAN_POINT('',(0.483520628227242,10.1532639345891,3.5));
#2904=CARTESIAN_POINT('',(0.483520628227242,10.1532639345891,0.999999999999999));
#2905=CARTESIAN_POINT('',(0.558307866434251,12.3203569614047,3.5));
#2906=CARTESIAN_POINT('',(0.558307866434251,12.3203569614047,1.));
#2907=CARTESIAN_POINT('',(0.545429217536687,13.5996308927866,3.5));
#2908=CARTESIAN_POINT('',(0.545429217536687,13.5996308927866,1.));
#2909=CARTESIAN_POINT('',(0.458349622796541,15.8225063488914,3.5));
#2910=CARTESIAN_POINT('',(0.458349622796541,15.8225063488914,1.));
#2911=CARTESIAN_POINT('',(0.106467976707171,18.9273227001445,3.5));
#2912=CARTESIAN_POINT('',(0.106467976707171,18.9273227001445,1.));
#2913=CARTESIAN_POINT('',(-0.669410817776114,22.5410680497815,3.5));
#2914=CARTESIAN_POINT('',(-0.669410817776114,22.5410680497815,1.));
#2915=CARTESIAN_POINT('',(-2.18014556557182,27.1967159134112,3.5));
#2916=CARTESIAN_POINT('',(-2.18014556557182,27.1967159134112,1.));
#2917=CARTESIAN_POINT('',(-4.40252559770779,31.5947608776906,3.5));
#2918=CARTESIAN_POINT('',(-4.40252559770779,31.5947608776906,1.));
#2919=CARTESIAN_POINT('',(-7.30958902456001,35.7046235979647,3.5));
#2920=CARTESIAN_POINT('',(-7.30958902456001,35.7046235979647,1.));
#2921=CARTESIAN_POINT('',(-9.84246456142547,38.6574934085232,3.5));
#2922=CARTESIAN_POINT('',(-9.84246456142547,38.6574934085232,1.));
#2923=CARTESIAN_POINT('',(-12.6523971500678,41.4120202756656,3.5));
#2924=CARTESIAN_POINT('',(-12.6523971500678,41.4120202756656,1.));
#2925=CARTESIAN_POINT('',(-16.5302204703125,44.5776190292004,3.5));
#2926=CARTESIAN_POINT('',(-16.5302204703125,44.5776190292004,1.));
#2927=CARTESIAN_POINT('',(-21.7324723220817,47.6725738302695,3.5));
#2928=CARTESIAN_POINT('',(-21.7324723220817,47.6725738302695,0.999999999999999));
#2929=CARTESIAN_POINT('',(-28.4792601520587,49.9222710075062,3.5));
#2930=CARTESIAN_POINT('',(-28.4792601520587,49.9222710075062,1.));
#2931=CARTESIAN_POINT('',(-33.2719615927519,50.4395302157486,3.5));
#2932=CARTESIAN_POINT('',(-33.2719615927519,50.4395302157486,1.));
#2933=CARTESIAN_POINT('',(-35.7336721448179,50.4566216761616,3.5));
#2934=CARTESIAN_POINT('',(-35.7336721448179,50.4566216761616,1.));
#2935=CARTESIAN_POINT('',(-35.7336721448179,50.4566216761616,3.5));
#2936=CARTESIAN_POINT('',(-35.7336721448179,50.4566216761616,3.5));
#2937=CARTESIAN_POINT('',(-20.0392851274544,-55.2938695799199,3.5));
#2938=CARTESIAN_POINT('',(-19.4347240597193,-53.501615345695,3.5));
#2939=CARTESIAN_POINT('',(-18.7223683374132,-51.3830292822805,3.5));
#2940=CARTESIAN_POINT('',(-17.6228737962889,-48.1053735326529,3.5));
#2941=CARTESIAN_POINT('',(-17.2196155088679,-46.901925394938,3.5));
#2942=CARTESIAN_POINT('',(-16.4304345371008,-44.5445057543746,3.5));
#2943=CARTESIAN_POINT('',(-16.0278385961536,-43.3410476354618,3.5));
#2944=CARTESIAN_POINT('',(-15.5827219757766,-42.0097385018482,3.5));
#2945=CARTESIAN_POINT('',(-15.297520884559,-41.1567242573276,3.5));
#2946=CARTESIAN_POINT('',(-14.8953052882463,-39.9533736129388,3.5));
#2947=CARTESIAN_POINT('',(-14.0805179745497,-37.5152938503923,3.5));
#2948=CARTESIAN_POINT('',(-13.8794484566919,-36.913646864743,3.5));
#2949=CARTESIAN_POINT('',(-13.7728442589016,-36.5946787698929,3.5));
#2950=CARTESIAN_POINT('',(-13.5471446345175,-35.9193678469614,3.5));
#2951=CARTESIAN_POINT('',(-13.3460640118135,-35.3177902419407,3.5));
#2952=CARTESIAN_POINT('',(-12.7205537706223,-33.4467204132635,3.5));
#2953=CARTESIAN_POINT('',(-12.3182014707958,-32.2437815102395,3.5));
#2954=CARTESIAN_POINT('',(-11.5324889435964,-29.8961776626176,3.5));
#2955=CARTESIAN_POINT('',(-11.1296472557196,-28.6936248808645,3.5));
#2956=CARTESIAN_POINT('',(-10.3313710182583,-26.313090337573,3.5));
#2957=CARTESIAN_POINT('',(-9.92775108497607,-25.1110188032135,3.5));
#2958=CARTESIAN_POINT('',(-9.1239884107918,-22.7206470694103,3.5));
#2959=CARTESIAN_POINT('',(-8.71930232082997,-21.5191542850742,3.5));
#2960=CARTESIAN_POINT('',(-7.91149073504314,-19.1251638435252,3.5));
#2961=CARTESIAN_POINT('',(-7.50545092526572,-17.9243478991888,3.5));
#2962=CARTESIAN_POINT('',(-6.69377579163834,-15.5292098603669,3.5));
#2963=CARTESIAN_POINT('',(-6.28609491421225,-14.3291690358986,3.5));
#2964=CARTESIAN_POINT('',(-5.47033256569347,-11.934129782481,3.5));
#2965=CARTESIAN_POINT('',(-5.06072344407136,-10.7349624160168,3.5));
#2966=CARTESIAN_POINT('',(-4.60780514460185,-9.41294174336296,3.5));
#2967=CARTESIAN_POINT('',(-4.55645425244378,-9.26311245013713,3.5));
#2968=CARTESIAN_POINT('',(-4.47950258247449,-9.03867411714698,3.5));
#2969=CARTESIAN_POINT('',(-4.45381397952808,-8.96376521943285,3.5));
#2970=CARTESIAN_POINT('',(-4.42446748825254,-8.87820663713951,3.5));
#2971=CARTESIAN_POINT('',(-4.41127477776509,-8.83974764670383,3.5));
#2972=CARTESIAN_POINT('',(-4.36165093711436,-8.69508804744719,3.5));
#2973=CARTESIAN_POINT('',(-4.33476782578522,-8.61657020807125,3.5));
#2974=CARTESIAN_POINT('',(-4.09357913240433,-7.91077985546956,3.5));
#2975=CARTESIAN_POINT('',(-3.88632614712891,-7.29461187852137,3.5));
#2976=CARTESIAN_POINT('',(-3.28487407968041,-5.47630455090105,3.5));
#2977=CARTESIAN_POINT('',(-2.9121413599988,-4.30759848064603,3.5));
#2978=CARTESIAN_POINT('',(-2.22259532464412,-2.05452623539297,3.5));
#2979=CARTESIAN_POINT('',(-1.90579731153565,-0.969826726388057,3.5));
#2980=CARTESIAN_POINT('',(-1.32844243052873,1.11644087915215,3.5));
#2981=CARTESIAN_POINT('',(-1.06792217643726,2.1183007583139,3.5));
#2982=CARTESIAN_POINT('',(-0.603567647094637,4.04058651920163,3.5));
#2983=CARTESIAN_POINT('',(-0.399785834706458,4.96127413332665,3.5));
#2984=CARTESIAN_POINT('',(-0.04961957285233,6.723683969701,3.5));
#2985=CARTESIAN_POINT('',(0.0966990891281246,7.56563367851537,3.5));
#2986=CARTESIAN_POINT('',(0.330629997008479,9.17422381786411,3.5));
#2987=CARTESIAN_POINT('',(0.418172152063442,9.94104949521408,3.5));
#2988=CARTESIAN_POINT('',(0.503457565884515,11.0382887201989,3.5));
#2989=CARTESIAN_POINT('',(0.524181707140205,11.3955762362438,3.5));
#2990=CARTESIAN_POINT('',(0.54329720564247,11.9189819453066,3.5));
#2991=CARTESIAN_POINT('',(0.547662571444279,12.0914403067577,3.5));
#2992=CARTESIAN_POINT('',(0.551144250600236,12.3470330334536,3.5));
#2993=CARTESIAN_POINT('',(0.551788995756537,12.43175309074,3.5));
#2994=CARTESIAN_POINT('',(0.551971026400357,12.5506244170723,3.5));
#2995=CARTESIAN_POINT('',(0.551943553216079,12.5901197485793,3.5));
#2996=CARTESIAN_POINT('',(0.551767020539385,12.6748057224327,3.5));
#2997=CARTESIAN_POINT('',(0.551629720474116,12.713980178995,3.5));
#2998=CARTESIAN_POINT('',(0.543465793936032,14.3898502159559,3.5));
#2999=CARTESIAN_POINT('',(0.440096414440196,15.9983699750046,3.5));
#3000=CARTESIAN_POINT('',(0.0903740071237209,18.7605789168677,3.5));
#3001=CARTESIAN_POINT('',(-0.113808349811821,19.9274006706727,3.5));
#3002=CARTESIAN_POINT('',(-0.631062911897723,22.2249741876733,3.5));
#3003=CARTESIAN_POINT('',(-0.944193372841303,23.3556993820753,3.5));
#3004=CARTESIAN_POINT('',(-1.58721752448136,25.3008597855803,3.5));
#3005=CARTESIAN_POINT('',(-1.89337400075612,26.123681937639,3.5));
#3006=CARTESIAN_POINT('',(-2.75333103839359,28.1976580110537,3.5));
#3007=CARTESIAN_POINT('',(-3.3503273057098,29.4327427267295,3.5));
#3008=CARTESIAN_POINT('',(-4.52170259082287,31.5438292354633,3.5));
#3009=CARTESIAN_POINT('',(-5.0644445129528,32.4324033321204,3.5));
#3010=CARTESIAN_POINT('',(-6.3272709005694,34.32177549751,3.5));
#3011=CARTESIAN_POINT('',(-7.06188136789361,35.3165545843673,3.5));
#3012=CARTESIAN_POINT('',(-8.24428686809695,36.7745005964089,3.5));
#3013=CARTESIAN_POINT('',(-8.65183633964149,37.2547538868482,3.5));
#3014=CARTESIAN_POINT('',(-9.24106222389663,37.9191605299001,3.5));
#3015=CARTESIAN_POINT('',(-9.41153064609355,38.1080594042142,3.5));
#3016=CARTESIAN_POINT('',(-9.84266579795683,38.5776633934334,3.5));
#3017=CARTESIAN_POINT('',(-10.1062757338115,38.8575311647933,3.5));
#3018=CARTESIAN_POINT('',(-11.2668455334003,40.0591067433586,3.5));
#3019=CARTESIAN_POINT('',(-12.1799382679028,40.928325575289,3.5));
#3020=CARTESIAN_POINT('',(-14.0486777343967,42.5564794042725,3.5));
#3021=CARTESIAN_POINT('',(-15.0045634497198,43.3155496643486,3.5));
#3022=CARTESIAN_POINT('',(-16.9589983010512,44.7215730660982,3.5));
#3023=CARTESIAN_POINT('',(-17.9577332528107,45.3686001402905,3.5));
#3024=CARTESIAN_POINT('',(-19.9970534068012,46.5485147101259,3.5));
#3025=CARTESIAN_POINT('',(-21.0378140667612,47.0814607475875,3.5));
#3026=CARTESIAN_POINT('',(-23.1594408277367,48.0314311421122,3.5));
#3027=CARTESIAN_POINT('',(-24.2404703473356,48.4485061342633,3.5));
#3028=CARTESIAN_POINT('',(-26.4401595055615,49.1656122330399,3.5));
#3029=CARTESIAN_POINT('',(-27.55897482916,49.4656939521238,3.5));
#3030=CARTESIAN_POINT('',(-30.9728804785603,50.191295226786,3.5));
#3031=CARTESIAN_POINT('',(-33.322067570617,50.4398780975645,3.5));
#3032=CARTESIAN_POINT('',(-35.7336721448179,50.4566216761616,3.5));
#3033=CARTESIAN_POINT('',(-35.7336721448179,50.4566216761616,3.5));
#3034=CARTESIAN_POINT('',(-35.7336721448179,50.4566216761616,1.));
#3035=CARTESIAN_POINT('',(-40.4102383286685,50.4253371645414,3.5));
#3036=CARTESIAN_POINT('',(-40.4102383286685,50.4253371645414,1.));
#3037=CARTESIAN_POINT('',(-47.0163031428221,49.2027243533636,3.5));
#3038=CARTESIAN_POINT('',(-47.0163031428221,49.2027243533636,1.));
#3039=CARTESIAN_POINT('',(-54.8287638201581,45.1483552172954,3.5));
#3040=CARTESIAN_POINT('',(-54.8287638201581,45.1483552172954,1.));
#3041=CARTESIAN_POINT('',(-59.2383291410724,41.6474972527872,3.5));
#3042=CARTESIAN_POINT('',(-59.2383291410724,41.6474972527872,1.));
#3043=CARTESIAN_POINT('',(-62.5050909830567,38.2535860469072,3.5));
#3044=CARTESIAN_POINT('',(-62.5050909830567,38.2535860469072,1.));
#3045=CARTESIAN_POINT('',(-65.4375023093368,34.6484353874557,3.5));
#3046=CARTESIAN_POINT('',(-65.4375023093368,34.6484353874557,1.));
#3047=CARTESIAN_POINT('',(-68.4172061430361,29.796765848186,3.5));
#3048=CARTESIAN_POINT('',(-68.4172061430361,29.796765848186,1.));
#3049=CARTESIAN_POINT('',(-70.8810736315588,23.4235717265316,3.5));
#3050=CARTESIAN_POINT('',(-70.8810736315588,23.4235717265316,1.));
#3051=CARTESIAN_POINT('',(-71.990019285591,17.6944267256892,3.5));
#3052=CARTESIAN_POINT('',(-71.990019285591,17.6944267256892,1.));
#3053=CARTESIAN_POINT('',(-72.3149240880014,12.8697686554566,3.5));
#3054=CARTESIAN_POINT('',(-72.3149240880014,12.8697686554566,1.));
#3055=CARTESIAN_POINT('',(-72.2695034014659,7.90934040397055,3.5));
#3056=CARTESIAN_POINT('',(-72.2695034014659,7.90934040397055,1.));
#3057=CARTESIAN_POINT('',(-71.5628952813369,2.1564907999234,3.5));
#3058=CARTESIAN_POINT('',(-71.5628952813369,2.1564907999234,1.));
#3059=CARTESIAN_POINT('',(-69.6347072569672,-4.1546322229378,3.5));
#3060=CARTESIAN_POINT('',(-69.6347072569672,-4.1546322229378,1.));
#3061=CARTESIAN_POINT('',(-67.110002472403,-8.84515864390887,3.5));
#3062=CARTESIAN_POINT('',(-67.110002472403,-8.84515864390887,1.));
#3063=CARTESIAN_POINT('',(-64.5543710930446,-12.2158153026046,3.5));
#3064=CARTESIAN_POINT('',(-64.5543710930446,-12.2158153026046,1.));
#3065=CARTESIAN_POINT('',(-61.570290528875,-15.466361232629,3.5));
#3066=CARTESIAN_POINT('',(-61.570290528875,-15.466361232629,1.));
#3067=CARTESIAN_POINT('',(-55.2687667175565,-20.8022144614126,3.5));
#3068=CARTESIAN_POINT('',(-55.2687667175565,-20.8022144614126,1.));
#3069=CARTESIAN_POINT('',(-48.0217792172312,-24.8153216589559,3.5));
#3070=CARTESIAN_POINT('',(-48.0217792172312,-24.8153216589559,1.));
#3071=CARTESIAN_POINT('',(-42.4095689330317,-27.2323013607072,3.5));
#3072=CARTESIAN_POINT('',(-42.4095689330317,-27.2323013607072,1.));
#3073=CARTESIAN_POINT('',(-42.4095689330317,-27.2323013607072,3.5));
#3074=CARTESIAN_POINT('',(-42.4095689330317,-27.2323013607072,3.5));
#3075=CARTESIAN_POINT('',(-35.7336721448179,50.4566216761616,3.5));
#3076=CARTESIAN_POINT('',(-36.8867092688527,50.4489082809294,3.5));
#3077=CARTESIAN_POINT('',(-38.0227642587222,50.393788902629,3.5));
#3078=CARTESIAN_POINT('',(-40.2546634126818,50.1880972720451,3.5));
#3079=CARTESIAN_POINT('',(-41.3508352795739,50.0378598683507,3.5));
#3080=CARTESIAN_POINT('',(-43.291439731269,49.680994801115,3.5));
#3081=CARTESIAN_POINT('',(-44.1424829241819,49.4915666963756,3.5));
#3082=CARTESIAN_POINT('',(-46.2402624085411,48.9407212154607,3.5));
#3083=CARTESIAN_POINT('',(-47.4716921110812,48.5405473185505,3.5));
#3084=CARTESIAN_POINT('',(-49.4754699786859,47.7578941592537,3.5));
#3085=CARTESIAN_POINT('',(-50.264183817483,47.4138599770891,3.5));
#3086=CARTESIAN_POINT('',(-52.2026005114526,46.4769767021884,3.5));
#3087=CARTESIAN_POINT('',(-53.335218073018,45.8456976029826,3.5));
#3088=CARTESIAN_POINT('',(-55.1697619973066,44.6804391740664,3.5));
#3089=CARTESIAN_POINT('',(-55.8895522626188,44.1840225019815,3.5));
#3090=CARTESIAN_POINT('',(-57.6532482273218,42.868350298195,3.5));
#3091=CARTESIAN_POINT('',(-58.678902874862,42.011852317638,3.5));
#3092=CARTESIAN_POINT('',(-60.4983719912143,40.321888817286,3.5));
#3093=CARTESIAN_POINT('',(-61.302379019329,39.5083367440289,3.5));
#3094=CARTESIAN_POINT('',(-62.8591845131652,37.7979672619656,3.5));
#3095=CARTESIAN_POINT('',(-63.5920445313393,36.9231028476893,3.5));
#3096=CARTESIAN_POINT('',(-64.8334534743718,35.3073007846428,3.5));
#3097=CARTESIAN_POINT('',(-65.3575949410613,34.5743807018816,3.5));
#3098=CARTESIAN_POINT('',(-66.5981853905838,32.7055375965319,3.5));
#3099=CARTESIAN_POINT('',(-67.2792336603234,31.5517044419652,3.5));
#3100=CARTESIAN_POINT('',(-68.3071295932799,29.5763179297262,3.5));
#3101=CARTESIAN_POINT('',(-68.6897834248679,28.7719015854954,3.5));
#3102=CARTESIAN_POINT('',(-69.574623758585,26.7262802080519,3.5));
#3103=CARTESIAN_POINT('',(-70.0404916392113,25.46819693486,3.5));
#3104=CARTESIAN_POINT('',(-70.7080796409647,23.3226952599592,3.5));
#3105=CARTESIAN_POINT('',(-70.9461164429172,22.4511903894078,3.5));
#3106=CARTESIAN_POINT('',(-71.4687931587432,20.240249185589,3.5));
#3107=CARTESIAN_POINT('',(-71.7169185473672,18.8851858403503,3.5));
#3108=CARTESIAN_POINT('',(-72.0526592231852,16.3506103692375,3.5));
#3109=CARTESIAN_POINT('',(-72.1600661119185,15.1792037871936,3.5));
#3110=CARTESIAN_POINT('',(-72.2539441891046,13.3943486957121,3.5));
#3111=CARTESIAN_POINT('',(-72.2740183103187,12.7945692374405,3.5));
#3112=CARTESIAN_POINT('',(-72.2851639275307,12.0391327684679,3.5));
#3113=CARTESIAN_POINT('',(-72.2866933237974,11.8877311500239,3.5));
#3114=CARTESIAN_POINT('',(-72.2883503100928,11.58638957642,3.5));
#3115=CARTESIAN_POINT('',(-72.2884906278117,11.4347131694727,3.5));
#3116=CARTESIAN_POINT('',(-72.2869112037884,10.9784556256457,3.5));
#3117=CARTESIAN_POINT('',(-72.2832522959118,10.6774156883881,3.5));
#3118=CARTESIAN_POINT('',(-72.2518910256269,9.17962178745212,3.5));
#3119=CARTESIAN_POINT('',(-72.1849257037839,8.00540185640531,3.5));
#3120=CARTESIAN_POINT('',(-71.9661187878901,5.7052516003846,3.5));
#3121=CARTESIAN_POINT('',(-71.814245333214,4.57952882250438,3.5));
#3122=CARTESIAN_POINT('',(-71.4244108476354,2.37750318630069,3.5));
#3123=CARTESIAN_POINT('',(-71.1864180188825,1.30140377911843,3.5));
#3124=CARTESIAN_POINT('',(-70.6232759992492,-0.799718133302059,3.5));
#3125=CARTESIAN_POINT('',(-70.2980935154032,-1.82453667830634,3.5));
#3126=CARTESIAN_POINT('',(-69.5598607805172,-3.82091220214246,3.5));
#3127=CARTESIAN_POINT('',(-69.1467840865805,-4.79225360951244,3.5));
#3128=CARTESIAN_POINT('',(-68.2326427046245,-6.67907511113011,3.5));
#3129=CARTESIAN_POINT('',(-67.7315600232447,-7.59433669060899,3.5));
#3130=CARTESIAN_POINT('',(-66.9145481430768,-8.9230378363909,3.5));
#3131=CARTESIAN_POINT('',(-66.6312498418529,-9.35863417284612,3.5));
#3132=CARTESIAN_POINT('',(-66.190091319781,-10.0007253017718,3.5));
#3133=CARTESIAN_POINT('',(-66.0403116361845,-10.2128907914602,3.5));
#3134=CARTESIAN_POINT('',(-65.7368099824565,-10.6314411445029,3.5));
#3135=CARTESIAN_POINT('',(-65.5817142800013,-10.8397594956709,3.5));
#3136=CARTESIAN_POINT('',(-64.7898661706,-11.8767549770143,3.5));
#3137=CARTESIAN_POINT('',(-64.1064255322657,-12.688644975383,3.5));
#3138=CARTESIAN_POINT('',(-62.638934247262,-14.2811211162698,3.5));
#3139=CARTESIAN_POINT('',(-61.8549869443051,-15.0612832842193,3.5));
#3140=CARTESIAN_POINT('',(-60.1878613742929,-16.5906816659654,3.5));
#3141=CARTESIAN_POINT('',(-59.3048255566624,-17.3394828959624,3.5));
#3142=CARTESIAN_POINT('',(-57.4403623745069,-18.8066688755064,3.5));
#3143=CARTESIAN_POINT('',(-56.4591113186497,-19.5246180493494,3.5));
#3144=CARTESIAN_POINT('',(-54.3986483457085,-20.9305631280642,3.5));
#3145=CARTESIAN_POINT('',(-53.3196358805695,-21.6181332140941,3.5));
#3146=CARTESIAN_POINT('',(-51.0637801135242,-22.9636642652866,3.5));
#3147=CARTESIAN_POINT('',(-49.887165259993,-23.6212035703239,3.5));
#3148=CARTESIAN_POINT('',(-46.69981807309,-25.2930196360457,3.5));
#3149=CARTESIAN_POINT('',(-44.6135552963951,-26.2831226889487,3.5));
#3150=CARTESIAN_POINT('',(-42.4095689330317,-27.2323013607072,3.5));
#3151=CARTESIAN_POINT('',(-42.4095689330317,-27.2323013607072,3.5));
#3152=CARTESIAN_POINT('',(-42.4095689330317,-27.2323013607072,3.5));
#3153=CARTESIAN_POINT('',(0.512690654485323,11.2292870584675,3.5));
#3154=CARTESIAN_POINT('',(52.0017945045269,10.0215144223397,3.5));
#3155=CARTESIAN_POINT('',(67.2137983399373,48.0869007639711,3.5));
#3156=CARTESIAN_POINT('',(67.2137983399373,48.0869007639711,3.5));
#3157=CARTESIAN_POINT('',(52.0017945045269,10.0215144223397,3.5));
#3158=CARTESIAN_POINT('',(52.0017945045269,10.0215144223397,3.5));
#3159=CARTESIAN_POINT('',(52.0017945045269,10.0215144223397,3.5));
#3160=CARTESIAN_POINT('',(67.2137983399373,48.0869007639711,3.5));
#3161=CARTESIAN_POINT('',(13.8999446239915,48.0869007639711,3.5));
#3162=CARTESIAN_POINT('',(13.8999446239915,48.0869007639711,3.5));
#3163=CARTESIAN_POINT('',(67.2137983399373,48.0869007639711,3.5));
#3164=CARTESIAN_POINT('',(13.8999446239915,48.0869007639711,3.5));
#3165=CARTESIAN_POINT('',(13.8999446239915,15.8018635263273,3.5));
#3166=CARTESIAN_POINT('',(13.8999446239915,15.8018635263273,3.5));
#3167=CARTESIAN_POINT('',(13.8999446239915,48.0869007639711,3.5));
#3168=CARTESIAN_POINT('',(13.8999446239915,15.8018635263273,3.5));
#3169=CARTESIAN_POINT('',(22.6928387595444,15.8018635263273,3.5));
#3170=CARTESIAN_POINT('',(22.6928387595444,15.8018635263273,3.5));
#3171=CARTESIAN_POINT('',(13.8999446239915,15.8018635263273,3.5));
#3172=CARTESIAN_POINT('',(22.6928387595444,15.8018635263273,3.5));
#3173=CARTESIAN_POINT('',(16.0641523896814,-3.12747796286898,3.5));
#3174=CARTESIAN_POINT('',(16.0641523896814,-3.12747796286898,3.5));
#3175=CARTESIAN_POINT('',(22.6928387595444,15.8018635263273,3.5));
#3176=CARTESIAN_POINT('',(16.0641523896814,-3.12747796286898,3.5));
#3177=CARTESIAN_POINT('',(16.0641523896814,-3.12747796286898,1.00000000000001));
#3178=CARTESIAN_POINT('',(18.6979589810947,-2.88369779801161,3.5));
#3179=CARTESIAN_POINT('',(18.6979589810947,-2.88369779801161,1.00000000000001));
#3180=CARTESIAN_POINT('',(22.1657265152045,-2.90462591903265,3.5));
#3181=CARTESIAN_POINT('',(22.1657265152045,-2.90462591903265,1.00000000000001));
#3182=CARTESIAN_POINT('',(25.9859306230962,-3.64586791371617,3.5));
#3183=CARTESIAN_POINT('',(25.9859306230962,-3.64586791371617,1.00000000000001));
#3184=CARTESIAN_POINT('',(28.430294176914,-4.5338535841646,3.5));
#3185=CARTESIAN_POINT('',(28.430294176914,-4.5338535841646,1.00000000000001));
#3186=CARTESIAN_POINT('',(30.4966426804273,-5.74529301836223,3.5));
#3187=CARTESIAN_POINT('',(30.4966426804273,-5.74529301836223,1.00000000000001));
#3188=CARTESIAN_POINT('',(32.186283429929,-7.24784027114928,3.5));
#3189=CARTESIAN_POINT('',(32.186283429929,-7.24784027114928,1.00000000000001));
#3190=CARTESIAN_POINT('',(33.3251582033525,-8.83377709311876,3.5));
#3191=CARTESIAN_POINT('',(33.3251582033525,-8.83377709311876,1.00000000000001));
#3192=CARTESIAN_POINT('',(34.0604088904679,-10.626867788781,3.5));
#3193=CARTESIAN_POINT('',(34.0604088904679,-10.626867788781,1.));
#3194=CARTESIAN_POINT('',(34.3452553766108,-12.3687160447982,3.5));
#3195=CARTESIAN_POINT('',(34.3452553766108,-12.3687160447982,1.00000000000001));
#3196=CARTESIAN_POINT('',(34.3543955345062,-13.9887971606148,3.5));
#3197=CARTESIAN_POINT('',(34.3543955345062,-13.9887971606148,1.));
#3198=CARTESIAN_POINT('',(34.2167229762649,-15.4952327841235,3.5));
#3199=CARTESIAN_POINT('',(34.2167229762649,-15.4952327841235,1.00000000000001));
#3200=CARTESIAN_POINT('',(33.7926017658703,-17.1982851777298,3.5));
#3201=CARTESIAN_POINT('',(33.7926017658703,-17.1982851777298,1.00000000000001));
#3202=CARTESIAN_POINT('',(33.0602084036453,-18.7228984798252,3.5));
#3203=CARTESIAN_POINT('',(33.0602084036453,-18.7228984798252,1.00000000000001));
#3204=CARTESIAN_POINT('',(32.3777796060409,-19.7311340765578,3.5));
#3205=CARTESIAN_POINT('',(32.3777796060409,-19.7311340765578,1.));
#3206=CARTESIAN_POINT('',(31.9460816704983,-20.2828670476129,3.5));
#3207=CARTESIAN_POINT('',(31.9460816704983,-20.2828670476129,1.00000000000001));
#3208=CARTESIAN_POINT('',(31.447641695236,-20.8655501425738,3.5));
#3209=CARTESIAN_POINT('',(31.447641695236,-20.8655501425738,1.00000000000001));
#3210=CARTESIAN_POINT('',(30.7676852623581,-21.5169813119847,3.5));
#3211=CARTESIAN_POINT('',(30.7676852623581,-21.5169813119847,1.));
#3212=CARTESIAN_POINT('',(29.6610077114602,-22.3080798970736,3.5));
#3213=CARTESIAN_POINT('',(29.6610077114602,-22.3080798970736,1.00000000000001));
#3214=CARTESIAN_POINT('',(28.1695081220086,-22.9364685198123,3.5));
#3215=CARTESIAN_POINT('',(28.1695081220086,-22.9364685198123,1.));
#3216=CARTESIAN_POINT('',(26.7355040728777,-23.092631670035,3.5));
#3217=CARTESIAN_POINT('',(26.7355040728777,-23.092631670035,1.00000000000001));
#3218=CARTESIAN_POINT('',(25.9354481529023,-23.0698025532585,3.5));
#3219=CARTESIAN_POINT('',(25.9354481529023,-23.0698025532585,1.00000000000001));
#3220=CARTESIAN_POINT('',(25.9354481529023,-23.0698025532585,3.5));
#3221=CARTESIAN_POINT('',(25.9354481529023,-23.0698025532585,3.5));
#3222=CARTESIAN_POINT('',(16.0641523896814,-3.12747796286898,3.5));
#3223=CARTESIAN_POINT('',(17.8629133091084,-2.96098804864881,3.5));
#3224=CARTESIAN_POINT('',(19.505426997319,-2.91471858089664,3.5));
#3225=CARTESIAN_POINT('',(21.6187035843711,-3.00878460710762,3.5));
#3226=CARTESIAN_POINT('',(22.1942788207696,-3.05285884225823,3.5));
#3227=CARTESIAN_POINT('',(23.7240301379167,-3.22118267492366,3.5));
#3228=CARTESIAN_POINT('',(24.6352095486019,-3.38085318306392,3.5));
#3229=CARTESIAN_POINT('',(26.3364568949617,-3.79896615630186,3.5));
#3230=CARTESIAN_POINT('',(27.125856597257,-4.05767294372273,3.5));
#3231=CARTESIAN_POINT('',(28.5893067916755,-4.66852420546755,3.5));
#3232=CARTESIAN_POINT('',(29.262867864079,-5.02083770480329,3.5));
#3233=CARTESIAN_POINT('',(30.0388675311461,-5.51847885646594,3.5));
#3234=CARTESIAN_POINT('',(30.191088846675,-5.62112627234355,3.5));
#3235=CARTESIAN_POINT('',(30.4146613008038,-5.77952055691903,3.5));
#3236=CARTESIAN_POINT('',(30.4884248930047,-5.83307934227283,3.5));
#3237=CARTESIAN_POINT('',(30.6333427156637,-5.94090733406692,3.5));
#3238=CARTESIAN_POINT('',(30.7058867399008,-5.99618376927387,3.5));
#3239=CARTESIAN_POINT('',(31.066333237822,-6.27736701680983,3.5));
#3240=CARTESIAN_POINT('',(31.3327461813062,-6.50594572044329,3.5));
#3241=CARTESIAN_POINT('',(31.8264155822153,-6.97182526325294,3.5));
#3242=CARTESIAN_POINT('',(32.0538658874888,-7.20937933440774,3.5));
#3243=CARTESIAN_POINT('',(32.4725049549292,-7.69391227013104,3.5));
#3244=CARTESIAN_POINT('',(32.6638802829293,-7.9411706168216,3.5));
#3245=CARTESIAN_POINT('',(33.0133927647029,-8.44704943379247,3.5));
#3246=CARTESIAN_POINT('',(33.1717053926787,-8.70599211511948,3.5));
#3247=CARTESIAN_POINT('',(33.4576394248387,-9.23841705206835,3.5));
#3248=CARTESIAN_POINT('',(33.5854000025416,-9.51224491768071,3.5));
#3249=CARTESIAN_POINT('',(33.81170659311,-10.0783979829925,3.5));
#3250=CARTESIAN_POINT('',(33.9103468742686,-10.3710756687445,3.5));
#3251=CARTESIAN_POINT('',(34.0785640956231,-10.9789484281715,3.5));
#3252=CARTESIAN_POINT('',(34.1481938957063,-11.294485006909,3.5));
#3253=CARTESIAN_POINT('',(34.2573835178894,-11.9514684016222,3.5));
#3254=CARTESIAN_POINT('',(34.2969700930582,-12.2932529378805,3.5));
#3255=CARTESIAN_POINT('',(34.3325168114738,-12.8271757957439,3.5));
#3256=CARTESIAN_POINT('',(34.3403965966921,-13.0087656078906,3.5));
#3257=CARTESIAN_POINT('',(34.3460730670023,-13.2866010105486,3.5));
#3258=CARTESIAN_POINT('',(34.3469440306999,-13.3801473911229,3.5));
#3259=CARTESIAN_POINT('',(34.3466085044769,-13.5688639876702,3.5));
#3260=CARTESIAN_POINT('',(34.3454150014725,-13.6624184808379,3.5));
#3261=CARTESIAN_POINT('',(34.3326626185978,-14.1978041048264,3.5));
#3262=CARTESIAN_POINT('',(34.2990905093926,-14.6258291894443,3.5));
#3263=CARTESIAN_POINT('',(34.2066581548865,-15.3143911901841,3.5));
#3264=CARTESIAN_POINT('',(34.1602993426518,-15.5823750105752,3.5));
#3265=CARTESIAN_POINT('',(34.0216008123731,-16.2351389916744,3.5));
#3266=CARTESIAN_POINT('',(33.9179110541975,-16.6139006619689,3.5));
#3267=CARTESIAN_POINT('',(33.7111319067743,-17.2270294656665,3.5));
#3268=CARTESIAN_POINT('',(33.6198638406999,-17.4666432398055,3.5));
#3269=CARTESIAN_POINT('',(33.3701664360953,-18.0529578854447,3.5));
#3270=CARTESIAN_POINT('',(33.20056589699,-18.395729373045,3.5));
#3271=CARTESIAN_POINT('',(32.8834398977384,-18.9545136335456,3.5));
#3272=CARTESIAN_POINT('',(32.7481158523841,-19.1738737359972,3.5));
#3273=CARTESIAN_POINT('',(32.4236326970318,-19.6593668536504,3.5));
#3274=CARTESIAN_POINT('',(32.2292726807044,-19.9243940924377,3.5));
#3275=CARTESIAN_POINT('',(31.9670024732088,-20.2513710297859,3.5));
#3276=CARTESIAN_POINT('',(31.913912001928,-20.3161625942029,3.5));
#3277=CARTESIAN_POINT('',(31.8266865524258,-20.4203764394207,3.5));
#3278=CARTESIAN_POINT('',(31.7938021480545,-20.4591695826164,3.5));
#3279=CARTESIAN_POINT('',(31.7367723822751,-20.5255891511749,3.5));
#3280=CARTESIAN_POINT('',(31.7123096722213,-20.5537438072622,3.5));
#3281=CARTESIAN_POINT('',(31.5652800254909,-20.7209634798386,3.5));
#3282=CARTESIAN_POINT('',(31.4416283769294,-20.8532945631709,3.5));
#3283=CARTESIAN_POINT('',(31.103098389835,-21.1941831304319,3.5));
#3284=CARTESIAN_POINT('',(30.8861959396829,-21.389674470693,3.5));
#3285=CARTESIAN_POINT('',(30.372253648955,-21.8035874690552,3.5));
#3286=CARTESIAN_POINT('',(30.0727361197301,-22.0080305207242,3.5));
#3287=CARTESIAN_POINT('',(29.533543557816,-22.3167920048736,3.5));
#3288=CARTESIAN_POINT('',(29.2975169008263,-22.4333720038046,3.5));
#3289=CARTESIAN_POINT('',(28.7307317632935,-22.6713694019178,3.5));
#3290=CARTESIAN_POINT('',(28.3945517220732,-22.7816061508559,3.5));
#3291=CARTESIAN_POINT('',(27.7313043363363,-22.9411021122032,3.5));
#3292=CARTESIAN_POINT('',(27.408317486582,-22.9961598926333,3.5));
#3293=CARTESIAN_POINT('',(26.8993051185331,-23.0481157472905,3.5));
#3294=CARTESIAN_POINT('',(26.7255760684129,-23.0603020514038,3.5));
#3295=CARTESIAN_POINT('',(26.3490254488598,-23.0747826994943,3.5));
#3296=CARTESIAN_POINT('',(26.1448656717883,-23.0757781568061,3.5));
#3297=CARTESIAN_POINT('',(25.9354481529023,-23.0698025532585,3.5));
#3298=CARTESIAN_POINT('',(25.9354481529023,-23.0698025532585,3.5));
#3299=CARTESIAN_POINT('',(25.9354481529023,-23.0698025532585,1.));
#3300=CARTESIAN_POINT('',(24.6342130054434,-23.1152795295439,3.5));
#3301=CARTESIAN_POINT('',(24.6342130054434,-23.1152795295439,1.));
#3302=CARTESIAN_POINT('',(21.1646854459711,-22.2998781112459,3.5));
#3303=CARTESIAN_POINT('',(21.1646854459711,-22.2998781112459,1.));
#3304=CARTESIAN_POINT('',(16.2240743282133,-18.9588832866451,3.5));
#3305=CARTESIAN_POINT('',(16.2240743282133,-18.9588832866451,1.));
#3306=CARTESIAN_POINT('',(13.4937157817437,-16.6303119607502,3.5));
#3307=CARTESIAN_POINT('',(13.4937157817437,-16.6303119607502,1.));
#3308=CARTESIAN_POINT('',(13.4937157817437,-16.6303119607502,3.5));
#3309=CARTESIAN_POINT('',(13.4937157817437,-16.6303119607502,3.5));
#3310=CARTESIAN_POINT('',(25.9354481529023,-23.0698025532585,3.5));
#3311=CARTESIAN_POINT('',(24.9534251734553,-23.1041233567161,3.5));
#3312=CARTESIAN_POINT('',(23.733027230404,-22.8904957888961,3.5));
#3313=CARTESIAN_POINT('',(19.8845454696035,-21.3985909916942,3.5));
#3314=CARTESIAN_POINT('',(16.8938715380185,-19.5301161670056,3.5));
#3315=CARTESIAN_POINT('',(13.4937157817437,-16.6303119607502,3.5));
#3316=CARTESIAN_POINT('',(13.4937157817437,-16.6303119607502,3.5));
#3317=CARTESIAN_POINT('',(13.4937157817437,-50.2434217692707,3.5));
#3318=CARTESIAN_POINT('',(13.4937157817437,-50.2434217692707,3.5));
#3319=CARTESIAN_POINT('',(13.4937157817437,-16.6303119607502,3.5));
#3320=CARTESIAN_POINT('',(13.4937157817437,-50.2434217692707,3.5));
#3321=CARTESIAN_POINT('',(13.4937157817437,-50.2434217692707,1.));
#3322=CARTESIAN_POINT('',(17.9860679882837,-52.2441106103089,3.5));
#3323=CARTESIAN_POINT('',(17.9860679882837,-52.2441106103089,1.));
#3324=CARTESIAN_POINT('',(24.7551355525948,-54.1053666222166,3.5));
#3325=CARTESIAN_POINT('',(24.7551355525948,-54.1053666222166,1.));
#3326=CARTESIAN_POINT('',(34.0228363325288,-54.2265700695876,3.5));
#3327=CARTESIAN_POINT('',(34.0228363325288,-54.2265700695876,1.));
#3328=CARTESIAN_POINT('',(40.5146933846282,-53.1834049946076,3.5));
#3329=CARTESIAN_POINT('',(40.5146933846282,-53.1834049946076,1.));
#3330=CARTESIAN_POINT('',(46.542300127845,-50.997277924107,3.5));
#3331=CARTESIAN_POINT('',(46.542300127845,-50.997277924107,0.999999999999999));
#3332=CARTESIAN_POINT('',(51.1206167596078,-48.254015612449,3.5));
#3333=CARTESIAN_POINT('',(51.1206167596078,-48.254015612449,1.));
#3334=CARTESIAN_POINT('',(54.095950363983,-45.8555419347118,3.5));
#3335=CARTESIAN_POINT('',(54.095950363983,-45.8555419347118,1.));
#3336=CARTESIAN_POINT('',(55.7069241368779,-44.3749060765513,3.5));
#3337=CARTESIAN_POINT('',(55.7069241368779,-44.3749060765513,1.));
#3338=CARTESIAN_POINT('',(57.3476714436494,-42.7328468497384,3.5));
#3339=CARTESIAN_POINT('',(57.3476714436494,-42.7328468497384,1.));
#3340=CARTESIAN_POINT('',(59.2362916969838,-40.5506166546825,3.5));
#3341=CARTESIAN_POINT('',(59.2362916969838,-40.5506166546825,1.));
#3342=CARTESIAN_POINT('',(61.8384694266252,-36.8617354468579,3.5));
#3343=CARTESIAN_POINT('',(61.8384694266252,-36.8617354468579,1.));
#3344=CARTESIAN_POINT('',(64.3204590694577,-31.8596321134483,3.5));
#3345=CARTESIAN_POINT('',(64.3204590694577,-31.8596321134483,0.999999999999999));
#3346=CARTESIAN_POINT('',(65.7433328715489,-26.3906780757468,3.5));
#3347=CARTESIAN_POINT('',(65.7433328715489,-26.3906780757468,1.));
#3348=CARTESIAN_POINT('',(66.2588499024448,-21.7872561087875,3.5));
#3349=CARTESIAN_POINT('',(66.2588499024448,-21.7872561087875,1.));
#3350=CARTESIAN_POINT('',(66.3300930960102,-18.1724753231089,3.5));
#3351=CARTESIAN_POINT('',(66.3300930960102,-18.1724753231089,1.));
#3352=CARTESIAN_POINT('',(66.1331168382885,-14.704060056801,3.5));
#3353=CARTESIAN_POINT('',(66.1331168382885,-14.704060056801,1.));
#3354=CARTESIAN_POINT('',(65.5231021404493,-10.2753247285554,3.5));
#3355=CARTESIAN_POINT('',(65.5231021404493,-10.2753247285554,1.));
#3356=CARTESIAN_POINT('',(64.0963376355671,-5.11464259055519,3.5));
#3357=CARTESIAN_POINT('',(64.0963376355671,-5.11464259055519,0.999999999999999));
#3358=CARTESIAN_POINT('',(60.4692977588474,2.19347142479299,3.5));
#3359=CARTESIAN_POINT('',(60.4692977588474,2.19347142479299,1.));
#3360=CARTESIAN_POINT('',(55.8417743409626,7.05921771177215,3.5));
#3361=CARTESIAN_POINT('',(55.8417743409626,7.05921771177215,1.));
#3362=CARTESIAN_POINT('',(52.0017945045269,10.0215144223397,3.5));
#3363=CARTESIAN_POINT('',(52.0017945045269,10.0215144223397,1.));
#3364=CARTESIAN_POINT('',(13.4937157817437,-50.2434217692707,3.5));
#3365=CARTESIAN_POINT('',(15.1392329726033,-50.9762600976405,3.5));
#3366=CARTESIAN_POINT('',(16.7880874702132,-51.606685137963,3.5));
#3367=CARTESIAN_POINT('',(19.5748455684932,-52.4948466269527,3.5));
#3368=CARTESIAN_POINT('',(20.7102251491621,-52.8074847395425,3.5));
#3369=CARTESIAN_POINT('',(22.986608590059,-53.3352518803247,3.5));
#3370=CARTESIAN_POINT('',(24.1283741716623,-53.5504802012288,3.5));
#3371=CARTESIAN_POINT('',(26.4173412534173,-53.8826612455018,3.5));
#3372=CARTESIAN_POINT('',(27.5652817811598,-53.9996865265587,3.5));
#3373=CARTESIAN_POINT('',(29.2908645693431,-54.1012446945462,3.5));
#3374=CARTESIAN_POINT('',(29.8669081199731,-54.1227961167313,3.5));
#3375=CARTESIAN_POINT('',(30.5877375766678,-54.1343243947343,3.5));
#3376=CARTESIAN_POINT('',(30.7319561168572,-54.135862634032,3.5));
#3377=CARTESIAN_POINT('',(31.0192915525382,-54.1373888555034,3.5));
#3378=CARTESIAN_POINT('',(31.1633493157428,-54.1373936619024,3.5));
#3379=CARTESIAN_POINT('',(31.5957345519707,-54.1351573649635,3.5));
#3380=CARTESIAN_POINT('',(31.8820106635211,-54.1307176858597,3.5));
#3381=CARTESIAN_POINT('',(33.3066856453094,-54.0936982609585,3.5));
#3382=CARTESIAN_POINT('',(34.4293947980556,-54.0167426755758,3.5));
#3383=CARTESIAN_POINT('',(36.4803190149251,-53.785058990309,3.5));
#3384=CARTESIAN_POINT('',(37.4131515939724,-53.6432093421913,3.5));
#3385=CARTESIAN_POINT('',(39.556185127139,-53.2303651093853,3.5));
#3386=CARTESIAN_POINT('',(40.7560414525064,-52.9322140355259,3.5));
#3387=CARTESIAN_POINT('',(42.8098641629288,-52.3013738779552,3.5));
#3388=CARTESIAN_POINT('',(43.6748772146645,-51.9962880477187,3.5));
#3389=CARTESIAN_POINT('',(45.6563075547722,-51.2037876134587,3.5));
#3390=CARTESIAN_POINT('',(46.7611539447614,-50.6895135708309,3.5));
#3391=CARTESIAN_POINT('',(48.6441568050137,-49.6835018592758,3.5));
#3392=CARTESIAN_POINT('',(49.4345917533307,-49.2186767159792,3.5));
#3393=CARTESIAN_POINT('',(51.2392361927956,-48.0566680264615,3.5));
#3394=CARTESIAN_POINT('',(52.2408962149009,-47.3335798081861,3.5));
#3395=CARTESIAN_POINT('',(54.0620649535964,-45.8696717096226,3.5));
#3396=CARTESIAN_POINT('',(54.8885461476714,-45.14279874572,3.5));
#3397=CARTESIAN_POINT('',(55.7927087968054,-44.2760745131026,3.5));
#3398=CARTESIAN_POINT('',(55.8927274897523,-44.179182048987,3.5));
#3399=CARTESIAN_POINT('',(56.0958280292875,-43.9803423599509,3.5));
#3400=CARTESIAN_POINT('',(56.1976471348141,-43.8795742853295,3.5));
#3401=CARTESIAN_POINT('',(56.505324996711,-43.5716328589102,3.5));
#3402=CARTESIAN_POINT('',(56.7097245306245,-43.3622494036617,3.5));
#3403=CARTESIAN_POINT('',(57.3134473071341,-42.7290771818749,3.5));
#3404=CARTESIAN_POINT('',(57.7034854855471,-42.3001267456301,3.5));
#3405=CARTESIAN_POINT('',(58.7276444537929,-41.1177200657355,3.5));
#3406=CARTESIAN_POINT('',(59.3375381662859,-40.3509914367169,3.5));
#3407=CARTESIAN_POINT('',(60.6723185996741,-38.5167870250311,3.5));
#3408=CARTESIAN_POINT('',(61.3681794083508,-37.4340118375599,3.5));
#3409=CARTESIAN_POINT('',(62.4663950011616,-35.4808621109573,3.5));
#3410=CARTESIAN_POINT('',(62.8986023136989,-34.6254194606177,3.5));
#3411=CARTESIAN_POINT('',(63.8164058270732,-32.5882307828472,3.5));
#3412=CARTESIAN_POINT('',(64.2720839008749,-31.3925405959472,3.5));
#3413=CARTESIAN_POINT('',(64.9484509028604,-29.2482946467781,3.5));
#3414=CARTESIAN_POINT('',(65.1994541940907,-28.31302526895,3.5));
#3415=CARTESIAN_POINT('',(65.6946583697676,-26.0944796353058,3.5));
#3416=CARTESIAN_POINT('',(65.9089549305296,-24.7988875960996,3.5));
#3417=CARTESIAN_POINT('',(66.1832755589128,-22.3204331213186,3.5));
#3418=CARTESIAN_POINT('',(66.2593741218023,-21.1439794834866,3.5));
#3419=CARTESIAN_POINT('',(66.2904330914727,-19.6497226299822,3.5));
#3420=CARTESIAN_POINT('',(66.2934517580009,-19.3496640066127,3.5));
#3421=CARTESIAN_POINT('',(66.2931575176484,-18.7488325520388,3.5));
#3422=CARTESIAN_POINT('',(66.2902676216941,-18.4514669122298,3.5));
#3423=CARTESIAN_POINT('',(66.2733357559986,-17.5644418947098,3.5));
#3424=CARTESIAN_POINT('',(66.2510761273017,-16.978880711518,3.5));
#3425=CARTESIAN_POINT('',(66.1513078648474,-15.2424082178131,3.5));
#3426=CARTESIAN_POINT('',(66.0409729216042,-14.1083700184179,3.5));
#3427=CARTESIAN_POINT('',(65.7318869890959,-11.8904283437944,3.5));
#3428=CARTESIAN_POINT('',(65.5336369440063,-10.8070789742075,3.5));
#3429=CARTESIAN_POINT('',(65.04883683201,-8.69233492995513,3.5));
#3430=CARTESIAN_POINT('',(64.762812900069,-7.66146774401966,3.5));
#3431=CARTESIAN_POINT('',(64.1028594790737,-5.65399226508051,3.5));
#3432=CARTESIAN_POINT('',(63.7294824826529,-4.6778835951874,3.5));
#3433=CARTESIAN_POINT('',(63.1037133056503,-3.25547378214779,3.5));
#3434=CARTESIAN_POINT('',(62.8845389346167,-2.78893182053476,3.5));
#3435=CARTESIAN_POINT('',(62.5966601722594,-2.21400342309748,3.5));
#3436=CARTESIAN_POINT('',(62.5385198343807,-2.09967650380156,3.5));
#3437=CARTESIAN_POINT('',(62.4212301860404,-1.87265360992171,3.5));
#3438=CARTESIAN_POINT('',(62.3615931867737,-1.75911905320257,3.5));
#3439=CARTESIAN_POINT('',(62.1801395096078,-1.4193146321539,3.5));
#3440=CARTESIAN_POINT('',(62.0557775617574,-1.19379542966081,3.5));
#3441=CARTESIAN_POINT('',(61.4172792732505,-0.0717416022985392,3.5));
#3442=CARTESIAN_POINT('',(60.8526594047658,0.809243088563226,3.5));
#3443=CARTESIAN_POINT('',(59.6187471656249,2.53679448355909,3.5));
#3444=CARTESIAN_POINT('',(58.9499343453966,3.38292242702716,3.5));
#3445=CARTESIAN_POINT('',(57.5106254282505,5.04039948139085,3.5));
#3446=CARTESIAN_POINT('',(56.7406287133546,5.85129741906598,3.5));
#3447=CARTESIAN_POINT('',(55.1013479343842,7.43844923422548,3.5));
#3448=CARTESIAN_POINT('',(54.2325938181084,8.21423933245438,3.5));
#3449=CARTESIAN_POINT('',(52.8878214117137,9.32619625742075,3.5));
#3450=CARTESIAN_POINT('',(52.4500006850589,9.67575226972426,3.5));
#3451=CARTESIAN_POINT('',(52.0017945045269,10.0215144223397,3.5));
#3452=CARTESIAN_POINT('',(33.9948364065106,-10.6763889907074,3.5));
#3453=MECHANICAL_DESIGN_GEOMETRIC_PRESENTATION_REPRESENTATION('',(#718),
#3454);
#3454=(
GEOMETRIC_REPRESENTATION_CONTEXT(3)
GLOBAL_UNCERTAINTY_ASSIGNED_CONTEXT((#3455))
GLOBAL_UNIT_ASSIGNED_CONTEXT((#3458,#3457,#3456))
REPRESENTATION_CONTEXT('BinStencil23','TOP_LEVEL_ASSEMBLY_PART')
);
#3455=UNCERTAINTY_MEASURE_WITH_UNIT(LENGTH_MEASURE(0.005),#3458,
'DISTANCE_ACCURACY_VALUE','Maximum Tolerance applied to model');
#3456=(
NAMED_UNIT(*)
SI_UNIT($,.STERADIAN.)
SOLID_ANGLE_UNIT()
);
#3457=(
NAMED_UNIT(*)
PLANE_ANGLE_UNIT()
SI_UNIT($,.RADIAN.)
);
#3458=(
LENGTH_UNIT()
NAMED_UNIT(*)
SI_UNIT(.MILLI.,.METRE.)
);
#3459=PRODUCT_DEFINITION_SHAPE('','',#3460);
#3460=PRODUCT_DEFINITION('','',#3462,#3461);
#3461=PRODUCT_DEFINITION_CONTEXT('',#3468,'design');
#3462=PRODUCT_DEFINITION_FORMATION_WITH_SPECIFIED_SOURCE('','',#3464,
 .NOT_KNOWN.);
#3463=PRODUCT_RELATED_PRODUCT_CATEGORY('','',(#3464));
#3464=PRODUCT('BinStencil23','BinStencil23','BinStencil23',(#3466));
#3465=PRODUCT_CATEGORY('','');
#3466=PRODUCT_CONTEXT('',#3468,'mechanical');
#3467=APPLICATION_PROTOCOL_DEFINITION('international standard',
'automotive_design',2010,#3468);
#3468=APPLICATION_CONTEXT(
'core data for automotive mechanical design processes');
ENDSEC;
END-ISO-10303-21;
