  0
SECTION
  2
HEADER
  9
$ACADVER
  1
AC1014
  9
$ACADMAINTVER
 70
     9
  9
$DWGCODEPAGE
  3
ANSI_1252
  9
$INSBASE
 10
0.0
 20
0.0
 30
0.0
  9
$EXTMIN
 10
65.45367
 20
41.66051
 30
0.0
  9
$EXTMAX
 10
76.06831
 20
48.52848
 30
0.0
  9
$LIMMIN
 10
0.0
 20
0.0
  9
$LIMMAX
 10
12.0
 20
9.0
  9
$ORTHOMODE
 70
     0
  9
$REGENMODE
 70
     1
  9
$FILLMODE
 70
     1
  9
$QTEXTMODE
 70
     0
  9
$MIRRTEXT
 70
     1
  9
$DRAGMODE
 70
     2
  9
$LTSCALE
 40
1.0
  9
$OSMODE
 70
    37
  9
$ATTMODE
 70
     1
  9
$TEXTSIZE
 40
0.2
  9
$TRACEWID
 40
0.05
  9
$TEXTSTYLE
  7
STANDARD
  9
$CLAYER
  8
0
  9
$CELTYPE
  6
BYLAYER
  9
$CECOLOR
 62
   256
  9
$CELTSCALE
 40
1.0
  9
$DELOBJ
 70
     1
  9
$DISPSILH
 70
     0
  9
$DIMSCALE
 40
1.0
  9
$DIMASZ
 40
0.18
  9
$DIMEXO
 40
0.0625
  9
$DIMDLI
 40
0.38
  9
$DIMRND
 40
0.0
  9
$DIMDLE
 40
0.0
  9
$DIMEXE
 40
0.18
  9
$DIMTP
 40
0.0
  9
$DIMTM
 40
0.0
  9
$DIMTXT
 40
0.18
  9
$DIMCEN
 40
0.09
  9
$DIMTSZ
 40
0.0
  9
$DIMTOL
 70
     0
  9
$DIMLIM
 70
     0
  9
$DIMTIH
 70
     1
  9
$DIMTOH
 70
     1
  9
$DIMSE1
 70
     0
  9
$DIMSE2
 70
     0
  9
$DIMTAD
 70
     0
  9
$DIMZIN
 70
     0
  9
$DIMBLK
  1

  9
$DIMASO
 70
     1
  9
$DIMSHO
 70
     1
  9
$DIMPOST
  1

  9
$DIMAPOST
  1

  9
$DIMALT
 70
     0
  9
$DIMALTD
 70
     2
  9
$DIMALTF
 40
25.4
  9
$DIMLFAC
 40
1.0
  9
$DIMTOFL
 70
     0
  9
$DIMTVP
 40
0.0
  9
$DIMTIX
 70
     0
  9
$DIMSOXD
 70
     0
  9
$DIMSAH
 70
     0
  9
$DIMBLK1
  1

  9
$DIMBLK2
  1

  9
$DIMSTYLE
  2
STANDARD
  9
$DIMCLRD
 70
     0
  9
$DIMCLRE
 70
     0
  9
$DIMCLRT
 70
     0
  9
$DIMTFAC
 40
1.0
  9
$DIMGAP
 40
0.09
  9
$DIMJUST
 70
     0
  9
$DIMSD1
 70
     0
  9
$DIMSD2
 70
     0
  9
$DIMTOLJ
 70
     1
  9
$DIMTZIN
 70
     0
  9
$DIMALTZ
 70
     0
  9
$DIMALTTZ
 70
     0
  9
$DIMFIT
 70
     3
  9
$DIMUPT
 70
     0
  9
$DIMUNIT
 70
     2
  9
$DIMDEC
 70
     4
  9
$DIMTDEC
 70
     4
  9
$DIMALTU
 70
     2
  9
$DIMALTTD
 70
     2
  9
$DIMTXSTY
  7
STANDARD
  9
$DIMAUNIT
 70
     0
  9
$LUNITS
 70
     2
  9
$LUPREC
 70
     4
  9
$SKETCHINC
 40
0.1
  9
$FILLETRAD
 40
0.5
  9
$AUNITS
 70
     0
  9
$AUPREC
 70
     0
  9
$MENU
  1
.
  9
$ELEVATION
 40
0.0
  9
$PELEVATION
 40
0.0
  9
$THICKNESS
 40
0.0
  9
$LIMCHECK
 70
     0
  9
$CHAMFERA
 40
0.0
  9
$CHAMFERB
 40
0.0
  9
$CHAMFERC
 40
0.0
  9
$CHAMFERD
 40
0.0
  9
$SKPOLY
 70
     0
  9
$TDCREATE
 40
2459033.55941382
  9
$TDUPDATE
 40
2459033.559413947
  9
$TDINDWG
 40
0.0000000116
  9
$TDUSRTIMER
 40
0.0000000116
  9
$USRTIMER
 70
     1
  9
$ANGBASE
 50
0.0
  9
$ANGDIR
 70
     0
  9
$PDMODE
 70
     0
  9
$PDSIZE
 40
0.0
  9
$PLINEWID
 40
0.0
  9
$COORDS
 70
     1
  9
$SPLFRAME
 70
     0
  9
$SPLINETYPE
 70
     6
  9
$SPLINESEGS
 70
     8
  9
$ATTDIA
 70
     0
  9
$ATTREQ
 70
     1
  9
$HANDLING
 70
     1
  9
$HANDSEED
  5
E3
  9
$SURFTAB1
 70
     6
  9
$SURFTAB2
 70
     6
  9
$SURFTYPE
 70
     6
  9
$SURFU
 70
     6
  9
$SURFV
 70
     6
  9
$UCSNAME
  2

  9
$UCSORG
 10
0.0
 20
0.0
 30
0.0
  9
$UCSXDIR
 10
1.0
 20
0.0
 30
0.0
  9
$UCSYDIR
 10
0.0
 20
1.0
 30
0.0
  9
$PUCSNAME
  2

  9
$PUCSORG
 10
0.0
 20
0.0
 30
0.0
  9
$PUCSXDIR
 10
1.0
 20
0.0
 30
0.0
  9
$PUCSYDIR
 10
0.0
 20
1.0
 30
0.0
  9
$USERI1
 70
     0
  9
$USERI2
 70
     0
  9
$USERI3
 70
     0
  9
$USERI4
 70
     0
  9
$USERI5
 70
     0
  9
$USERR1
 40
0.0
  9
$USERR2
 40
0.0
  9
$USERR3
 40
0.0
  9
$USERR4
 40
0.0
  9
$USERR5
 40
0.0
  9
$WORLDVIEW
 70
     1
  9
$SHADEDGE
 70
     3
  9
$SHADEDIF
 70
    70
  9
$TILEMODE
 70
     1
  9
$MAXACTVP
 70
    64
  9
$PINSBASE
 10
0.0
 20
0.0
 30
0.0
  9
$PLIMCHECK
 70
     0
  9
$PEXTMIN
 10
1.000000000000000E+20
 20
1.000000000000000E+20
 30
1.000000000000000E+20
  9
$PEXTMAX
 10
-1.000000000000000E+20
 20
-1.000000000000000E+20
 30
-1.000000000000000E+20
  9
$PLIMMIN
 10
0.0
 20
0.0
  9
$PLIMMAX
 10
12.0
 20
9.0
  9
$UNITMODE
 70
     0
  9
$VISRETAIN
 70
     1
  9
$PLINEGEN
 70
     0
  9
$PSLTSCALE
 70
     1
  9
$TREEDEPTH
 70
  3020
  9
$PICKSTYLE
 70
     1
  9
$CMLSTYLE
  2
STANDARD
  9
$CMLJUST
 70
     0
  9
$CMLSCALE
 40
1.0
  9
$PROXYGRAPHICS
 70
     1
  9
$MEASUREMENT
 70
     0
  0
ENDSEC
  0
SECTION
  2
CLASSES
  0
CLASS
  1
ACDBDICTIONARYWDFLT
  2
AcDbDictionaryWithDefault
  3
ObjectDBX Classes
 90
        0
280
     0
281
     0
  0
CLASS
  1
VISUALSTYLE
  2
AcDbVisualStyle
  3
ObjectDBX Classes
 90
     4095
280
     0
281
     0
  0
CLASS
  1
MATERIAL
  2
AcDbMaterial
  3
ObjectDBX Classes
 90
     1153
280
     0
281
     0
  0
CLASS
  1
SCALE
  2
AcDbScale
  3
ObjectDBX Classes
 90
     1153
280
     0
281
     0
  0
CLASS
  1
TABLESTYLE
  2
AcDbTableStyle
  3
ObjectDBX Classes
 90
     4095
280
     0
281
     0
  0
CLASS
  1
MLEADERSTYLE
  2
AcDbMLeaderStyle
  3
ACDB_MLEADERSTYLE_CLASS
 90
     4095
280
     0
281
     0
  0
CLASS
  1
SUN
  2
AcDbSun
  3
SCENEOE
 90
     1153
280
     0
281
     0
  0
CLASS
  1
DICTIONARYVAR
  2
AcDbDictionaryVar
  3
ObjectDBX Classes
 90
        0
280
     0
281
     0
  0
CLASS
  1
XRECORD
  2
AcDbXrecord
  3
ObjectDBX Classes
 90
        0
280
     0
281
     0
  0
CLASS
  1
LWPOLYLINE
  2
AcDbPolyline
  3
ObjectDBX Classes
 90
        0
280
     0
281
     1
  0
CLASS
  1
HATCH
  2
AcDbHatch
  3
ObjectDBX Classes
 90
        0
280
     0
281
     1
  0
CLASS
  1
ACDBPLACEHOLDER
  2
AcDbPlaceHolder
  3
ObjectDBX Classes
 90
        0
280
     0
281
     0
  0
CLASS
  1
LAYOUT
  2
AcDbLayout
  3
ObjectDBX Classes
 90
        0
280
     0
281
     0
  0
ENDSEC
  0
SECTION
  2
TABLES
  0
TABLE
  2
VPORT
  5
8
102
{ACAD_XDICTIONARY
360
D8
102
}
330
0
100
AcDbSymbolTable
 70
     1
  0
VPORT
  5
29
330
8
100
AcDbSymbolTableRecord
100
AcDbViewportTableRecord
  2
*ACTIVE
 70
     0
 10
0.0
 20
0.0
 11
1.0
 21
1.0
 12
10.42990654205607
 22
4.5
 13
0.0
 23
0.0
 14
0.5
 24
0.5
 15
0.5
 25
0.5
 16
0.0
 26
0.0
 36
1.0
 17
0.0
 27
0.0
 37
0.0
 40
9.0
 41
1.972972972850329
 42
50.0
 43
0.0
 44
0.0
 50
0.0
 51
0.0
 71
     0
 72
   100
 73
     1
 74
     3
 75
     0
 76
     0
 77
     0
 78
     0
  0
ENDTAB
  0
TABLE
  2
LTYPE
  5
5
330
0
100
AcDbSymbolTable
 70
     1
  0
LTYPE
  5
14
330
5
100
AcDbSymbolTableRecord
100
AcDbLinetypeTableRecord
  2
BYBLOCK
 70
     0
  3

 72
    65
 73
     0
 40
0.0
  0
LTYPE
  5
15
330
5
100
AcDbSymbolTableRecord
100
AcDbLinetypeTableRecord
  2
BYLAYER
 70
     0
  3

 72
    65
 73
     0
 40
0.0
  0
LTYPE
  5
16
330
5
100
AcDbSymbolTableRecord
100
AcDbLinetypeTableRecord
  2
CONTINUOUS
 70
     0
  3
Solid line
 72
    65
 73
     0
 40
0.0
  0
ENDTAB
  0
TABLE
  2
LAYER
  5
2
330
0
100
AcDbSymbolTable
 70
     2
  0
LAYER
  5
10
330
2
100
AcDbSymbolTableRecord
100
AcDbLayerTableRecord
  2
0
 70
     0
 62
     7
  6
CONTINUOUS
  0
LAYER
  5
6F
330
2
100
AcDbSymbolTableRecord
100
AcDbLayerTableRecord
  2
LAYER_1
 70
     0
 62
     7
  6
CONTINUOUS
  0
ENDTAB
  0
TABLE
  2
STYLE
  5
3
330
0
100
AcDbSymbolTable
 70
     1
  0
STYLE
  5
11
330
3
100
AcDbSymbolTableRecord
100
AcDbTextStyleTableRecord
  2
STANDARD
 70
     0
 40
0.0
 41
1.0
 50
0.0
 71
     0
 42
0.2
  3
txt
  4

  0
ENDTAB
  0
TABLE
  2
VIEW
  5
6
330
0
100
AcDbSymbolTable
 70
     0
  0
ENDTAB
  0
TABLE
  2
UCS
  5
7
330
0
100
AcDbSymbolTable
 70
     0
  0
ENDTAB
  0
TABLE
  2
APPID
  5
9
330
0
100
AcDbSymbolTable
 70
     3
  0
APPID
  5
12
330
9
100
AcDbSymbolTableRecord
100
AcDbRegAppTableRecord
  2
ACAD
 70
     0
  0
APPID
  5
6E
330
9
100
AcDbSymbolTableRecord
100
AcDbRegAppTableRecord
  2
ODA
 70
     0
  0
APPID
  5
E2
330
9
100
AcDbSymbolTableRecord
100
AcDbRegAppTableRecord
  2
ACAD_MLEADERVER
 70
     0
  0
ENDTAB
  0
TABLE
  2
DIMSTYLE
  5
A
330
0
100
AcDbSymbolTable
 70
     1
  0
DIMSTYLE
105
27
330
A
100
AcDbSymbolTableRecord
100
AcDbDimStyleTableRecord
  2
STANDARD
 70
     0
  3

  4

  5

  6

  7

 40
1.0
 41
0.18
 42
0.0625
 43
0.38
 44
0.18
 45
0.0
 46
0.0
 47
0.0
 48
0.0
140
0.18
141
0.09
142
0.0
143
25.4
144
1.0
145
0.0
146
1.0
147
0.09
 71
     0
 72
     0
 73
     1
 74
     1
 75
     0
 76
     0
 77
     0
 78
     0
170
     0
171
     2
172
     0
173
     0
174
     0
175
     0
176
     0
177
     0
178
     0
270
     2
271
     4
272
     4
273
     2
274
     2
340
11
275
     0
280
     0
281
     0
282
     0
283
     1
284
     0
285
     0
286
     0
287
     3
288
     0
  0
ENDTAB
  0
TABLE
  2
BLOCK_RECORD
  5
1
330
0
100
AcDbSymbolTable
 70
     1
  0
BLOCK_RECORD
  5
1F
330
1
100
AcDbSymbolTableRecord
100
AcDbBlockTableRecord
  2
*MODEL_SPACE
  0
BLOCK_RECORD
  5
1B
330
1
100
AcDbSymbolTableRecord
100
AcDbBlockTableRecord
  2
*PAPER_SPACE
  0
ENDTAB
  0
ENDSEC
  0
SECTION
  2
BLOCKS
  0
BLOCK
  5
20
330
1F
100
AcDbEntity
  8
0
100
AcDbBlockBegin
  2
*MODEL_SPACE
 70
     0
 10
0.0
 20
0.0
 30
0.0
  3
*MODEL_SPACE
  1

  0
ENDBLK
  5
21
330
1F
100
AcDbEntity
  8
0
100
AcDbBlockEnd
  0
BLOCK
  5
1C
330
1B
100
AcDbEntity
 67
     1
  8
0
100
AcDbBlockBegin
  2
*PAPER_SPACE
 70
     0
 10
0.0
 20
0.0
 30
0.0
  3
*PAPER_SPACE
  1

  0
ENDBLK
  5
1D
330
1B
100
AcDbEntity
 67
     1
  8
0
100
AcDbBlockEnd
  0
ENDSEC
  0
SECTION
  2
ENTITIES
  0
SPLINE
  5
70
330
1F
100
AcDbEntity
  8
LAYER_1
 62
   250
100
AcDbSpline
210
0.0
220
0.0
230
1.0
 70
    11
 71
     3
 72
    28
 73
    24
 74
     0
 42
0.000000001
 43
0.0000000001
 40
0.0
 40
0.0
 40
0.0
 40
0.0
 40
0.1428571428571428
 40
0.1428571428571428
 40
0.1428571428571428
 40
0.1428571428571428
 40
0.2857142857142857
 40
0.2857142857142857
 40
0.2857142857142857
 40
0.2857142857142857
 40
0.4285714285714285
 40
0.4285714285714285
 40
0.4285714285714285
 40
0.4285714285714285
 40
0.5714285714285714
 40
0.5714285714285714
 40
0.5714285714285714
 40
0.5714285714285714
 40
0.7142857142857143
 40
0.7142857142857143
 40
0.7142857142857143
 40
0.7142857142857143
 40
1.0
 40
1.0
 40
1.0
 40
1.0
 10
71.20052
 20
47.50181
 30
0.0
 10
71.2163
 20
47.28933
 30
0.0
 10
71.09438
 20
47.14967
 30
0.0
 10
71.09438
 20
47.14967
 30
0.0
 10
71.09438
 20
47.14967
 30
0.0
 10
71.12886
 20
47.36734
 30
0.0
 10
70.99595
 20
47.50175
 30
0.0
 10
70.99595
 20
47.50175
 30
0.0
 10
70.99595
 20
47.50175
 30
0.0
 10
71.09441
 20
47.12803
 30
0.0
 10
70.95282
 20
46.85263
 30
0.0
 10
70.95282
 20
46.85263
 30
0.0
 10
70.95282
 20
46.85263
 30
0.0
 10
71.4485
 20
46.97467
 30
0.0
 10
71.44839
 20
47.44677
 30
0.0
 10
71.44839
 20
47.44677
 30
0.0
 10
71.44839
 20
47.44677
 30
0.0
 10
71.39861
 20
47.30618
 30
0.0
 10
71.31276
 20
47.18529
 30
0.0
 10
71.22639
 20
47.08988
 30
0.0
 10
71.22639
 20
47.08988
 30
0.0
 10
71.29106
 20
47.3248
 30
0.0
 10
71.20052
 20
47.50181
 30
0.0
 10
71.20052
 20
47.50181
 30
0.0
  0
SPLINE
  5
71
330
1F
100
AcDbEntity
  8
LAYER_1
 62
   250
100
AcDbSpline
210
0.0
220
0.0
230
1.0
 70
    11
 71
     3
 72
    24
 73
    20
 74
     0
 42
0.000000001
 43
0.0000000001
 40
0.0
 40
0.0
 40
0.0
 40
0.0
 40
0.1666666666666667
 40
0.1666666666666667
 40
0.1666666666666667
 40
0.1666666666666667
 40
0.3333333333333333
 40
0.3333333333333333
 40
0.3333333333333333
 40
0.3333333333333333
 40
0.5
 40
0.5
 40
0.5
 40
0.5
 40
0.6666666666666666
 40
0.6666666666666666
 40
0.6666666666666666
 40
0.6666666666666666
 40
1.0
 40
1.0
 40
1.0
 40
1.0
 10
70.53403
 20
45.21971
 30
0.0
 10
70.53403
 20
45.21971
 30
0.0
 10
70.5968
 20
45.96726
 30
0.0
 10
71.37184
 20
45.79428
 30
0.0
 10
71.37184
 20
45.79428
 30
0.0
 10
71.37184
 20
45.79428
 30
0.0
 10
71.39165
 20
45.42447
 30
0.0
 10
71.10054
 20
45.20019
 30
0.0
 10
71.10054
 20
45.20019
 30
0.0
 10
70.80943
 20
44.97585
 30
0.0
 10
70.57341
 20
45.09384
 30
0.0
 10
70.57341
 20
45.09384
 30
0.0
 10
70.57341
 20
45.09384
 30
0.0
 10
70.57341
 20
45.09384
 30
0.0
 10
70.84871
 20
45.4415
 30
0.0
 10
70.84871
 20
45.4415
 30
0.0
 10
70.84871
 20
45.4415
 30
0.0
 10
70.84871
 20
45.4415
 30
0.0
 10
70.53403
 20
45.21971
 30
0.0
 10
70.53403
 20
45.21971
 30
0.0
  0
SPLINE
  5
72
330
1F
100
AcDbEntity
  8
LAYER_1
 62
   250
100
AcDbSpline
210
0.0
220
0.0
230
1.0
 70
    11
 71
     3
 72
   248
 73
   244
 74
     0
 42
0.000000001
 43
0.0000000001
 40
0.0
 40
0.0
 40
0.0
 40
0.0
 40
0.0161290322580645
 40
0.0161290322580645
 40
0.0161290322580645
 40
0.0161290322580645
 40
0.032258064516129
 40
0.032258064516129
 40
0.032258064516129
 40
0.032258064516129
 40
0.0483870967741935
 40
0.0483870967741935
 40
0.0483870967741935
 40
0.0483870967741935
 40
0.0645161290322581
 40
0.0645161290322581
 40
0.0645161290322581
 40
0.0645161290322581
 40
0.0806451612903226
 40
0.0806451612903226
 40
0.0806451612903226
 40
0.0806451612903226
 40
0.0967741935483871
 40
0.0967741935483871
 40
0.0967741935483871
 40
0.0967741935483871
 40
0.1129032258064516
 40
0.1129032258064516
 40
0.1129032258064516
 40
0.1129032258064516
 40
0.1290322580645161
 40
0.1290322580645161
 40
0.1290322580645161
 40
0.1290322580645161
 40
0.1451612903225807
 40
0.1451612903225807
 40
0.1451612903225807
 40
0.1451612903225807
 40
0.1612903225806452
 40
0.1612903225806452
 40
0.1612903225806452
 40
0.1612903225806452
 40
0.1774193548387097
 40
0.1774193548387097
 40
0.1774193548387097
 40
0.1774193548387097
 40
0.1935483870967742
 40
0.1935483870967742
 40
0.1935483870967742
 40
0.1935483870967742
 40
0.2096774193548387
 40
0.2096774193548387
 40
0.2096774193548387
 40
0.2096774193548387
 40
0.2258064516129032
 40
0.2258064516129032
 40
0.2258064516129032
 40
0.2258064516129032
 40
0.2419354838709677
 40
0.2419354838709677
 40
0.2419354838709677
 40
0.2419354838709677
 40
0.2580645161290323
 40
0.2580645161290323
 40
0.2580645161290323
 40
0.2580645161290323
 40
0.2741935483870968
 40
0.2741935483870968
 40
0.2741935483870968
 40
0.2741935483870968
 40
0.2903225806451613
 40
0.2903225806451613
 40
0.2903225806451613
 40
0.2903225806451613
 40
0.3064516129032258
 40
0.3064516129032258
 40
0.3064516129032258
 40
0.3064516129032258
 40
0.3225806451612903
 40
0.3225806451612903
 40
0.3225806451612903
 40
0.3225806451612903
 40
0.3387096774193548
 40
0.3387096774193548
 40
0.3387096774193548
 40
0.3387096774193548
 40
0.3548387096774194
 40
0.3548387096774194
 40
0.3548387096774194
 40
0.3548387096774194
 40
0.3709677419354839
 40
0.3709677419354839
 40
0.3709677419354839
 40
0.3709677419354839
 40
0.3870967741935484
 40
0.3870967741935484
 40
0.3870967741935484
 40
0.3870967741935484
 40
0.4032258064516129
 40
0.4032258064516129
 40
0.4032258064516129
 40
0.4032258064516129
 40
0.4193548387096774
 40
0.4193548387096774
 40
0.4193548387096774
 40
0.4193548387096774
 40
0.4354838709677419
 40
0.4354838709677419
 40
0.4354838709677419
 40
0.4354838709677419
 40
0.4516129032258064
 40
0.4516129032258064
 40
0.4516129032258064
 40
0.4516129032258064
 40
0.4677419354838709
 40
0.4677419354838709
 40
0.4677419354838709
 40
0.4677419354838709
 40
0.4838709677419355
 40
0.4838709677419355
 40
0.4838709677419355
 40
0.4838709677419355
 40
0.5
 40
0.5
 40
0.5
 40
0.5
 40
0.5161290322580645
 40
0.5161290322580645
 40
0.5161290322580645
 40
0.5161290322580645
 40
0.532258064516129
 40
0.532258064516129
 40
0.532258064516129
 40
0.532258064516129
 40
0.5483870967741935
 40
0.5483870967741935
 40
0.5483870967741935
 40
0.5483870967741935
 40
0.5645161290322581
 40
0.5645161290322581
 40
0.5645161290322581
 40
0.5645161290322581
 40
0.5806451612903226
 40
0.5806451612903226
 40
0.5806451612903226
 40
0.5806451612903226
 40
0.5967741935483871
 40
0.5967741935483871
 40
0.5967741935483871
 40
0.5967741935483871
 40
0.6129032258064516
 40
0.6129032258064516
 40
0.6129032258064516
 40
0.6129032258064516
 40
0.6290322580645161
 40
0.6290322580645161
 40
0.6290322580645161
 40
0.6290322580645161
 40
0.6451612903225806
 40
0.6451612903225806
 40
0.6451612903225806
 40
0.6451612903225806
 40
0.6612903225806451
 40
0.6612903225806451
 40
0.6612903225806451
 40
0.6612903225806451
 40
0.6774193548387096
 40
0.6774193548387096
 40
0.6774193548387096
 40
0.6774193548387096
 40
0.6935483870967742
 40
0.6935483870967742
 40
0.6935483870967742
 40
0.6935483870967742
 40
0.7096774193548387
 40
0.7096774193548387
 40
0.7096774193548387
 40
0.7096774193548387
 40
0.7258064516129032
 40
0.7258064516129032
 40
0.7258064516129032
 40
0.7258064516129032
 40
0.7419354838709677
 40
0.7419354838709677
 40
0.7419354838709677
 40
0.7419354838709677
 40
0.7580645161290323
 40
0.7580645161290323
 40
0.7580645161290323
 40
0.7580645161290323
 40
0.7741935483870968
 40
0.7741935483870968
 40
0.7741935483870968
 40
0.7741935483870968
 40
0.7903225806451613
 40
0.7903225806451613
 40
0.7903225806451613
 40
0.7903225806451613
 40
0.8064516129032258
 40
0.8064516129032258
 40
0.8064516129032258
 40
0.8064516129032258
 40
0.8225806451612904
 40
0.8225806451612904
 40
0.8225806451612904
 40
0.8225806451612904
 40
0.8387096774193549
 40
0.8387096774193549
 40
0.8387096774193549
 40
0.8387096774193549
 40
0.8548387096774194
 40
0.8548387096774194
 40
0.8548387096774194
 40
0.8548387096774194
 40
0.8709677419354839
 40
0.8709677419354839
 40
0.8709677419354839
 40
0.8709677419354839
 40
0.8870967741935484
 40
0.8870967741935484
 40
0.8870967741935484
 40
0.8870967741935484
 40
0.9032258064516129
 40
0.9032258064516129
 40
0.9032258064516129
 40
0.9032258064516129
 40
0.9193548387096774
 40
0.9193548387096774
 40
0.9193548387096774
 40
0.9193548387096774
 40
0.9354838709677419
 40
0.9354838709677419
 40
0.9354838709677419
 40
0.9354838709677419
 40
0.9516129032258065
 40
0.9516129032258065
 40
0.9516129032258065
 40
0.9516129032258065
 40
0.967741935483871
 40
0.967741935483871
 40
0.967741935483871
 40
0.967741935483871
 40
1.0
 40
1.0
 40
1.0
 40
1.0
 10
70.14718
 20
46.46768
 30
0.0
 10
70.19697
 20
46.41135
 30
0.0
 10
70.29602
 20
46.25389
 30
0.0
 10
70.3078
 20
45.88468
 30
0.0
 10
70.3078
 20
45.88468
 30
0.0
 10
70.3196
 20
45.51567
 30
0.0
 10
70.3445
 20
45.03985
 30
0.0
 10
70.40843
 20
44.59191
 30
0.0
 10
70.40843
 20
44.59191
 30
0.0
 10
70.30285
 20
44.7476
 30
0.0
 10
70.17424
 20
44.94038
 30
0.0
 10
70.17424
 20
44.94038
 30
0.0
 10
70.17424
 20
44.94038
 30
0.0
 10
70.17424
 20
44.94038
 30
0.0
 10
70.18464
 20
45.28137
 30
0.0
 10
69.9276
 20
45.44133
 30
0.0
 10
69.9276
 20
45.44133
 30
0.0
 10
69.67053
 20
45.60123
 30
0.0
 10
69.37418
 20
45.54057
 30
0.0
 10
69.37418
 20
45.54057
 30
0.0
 10
69.37418
 20
45.54057
 30
0.0
 10
69.37418
 20
45.54057
 30
0.0
 10
69.23786
 20
45.13956
 30
0.0
 10
69.48708
 20
44.94026
 30
0.0
 10
69.48708
 20
44.94026
 30
0.0
 10
69.72878
 20
44.74699
 30
0.0
 10
70.00639
 20
44.87482
 30
0.0
 10
70.00639
 20
44.87482
 30
0.0
 10
70.00639
 20
44.87482
 30
0.0
 10
69.91458
 20
45.00072
 30
0.0
 10
69.76765
 20
45.16327
 30
0.0
 10
69.76765
 20
45.16327
 30
0.0
 10
69.76765
 20
45.16327
 30
0.0
 10
69.93439
 20
45.08647
 30
0.0
 10
70.10693
 20
44.90427
 30
0.0
 10
70.23842
 20
44.74028
 30
0.0
 10
70.23842
 20
44.74028
 30
0.0
 10
70.18123
 20
44.71569
 30
0.0
 10
69.96476
 20
44.61546
 30
0.0
 10
69.75993
 20
44.4263
 30
0.0
 10
69.75993
 20
44.4263
 30
0.0
 10
69.75993
 20
44.4263
 30
0.0
 10
69.92774
 20
44.66236
 30
0.0
 10
70.13493
 20
44.78566
 30
0.0
 10
70.13493
 20
44.78566
 30
0.0
 10
70.14203
 20
44.7899
 30
0.0
 10
69.77561
 20
44.83279
 30
0.0
 10
69.60776
 20
44.60722
 30
0.0
 10
69.60776
 20
44.60722
 30
0.0
 10
69.43995
 20
44.38157
 30
0.0
 10
69.54492
 20
44.20852
 30
0.0
 10
69.54492
 20
44.20852
 30
0.0
 10
69.54492
 20
44.20852
 30
0.0
 10
69.54492
 20
44.20852
 30
0.0
 10
70.1455
 20
44.16102
 30
0.0
 10
70.28146
 20
44.68542
 30
0.0
 10
70.28146
 20
44.68542
 30
0.0
 10
70.34305
 20
44.60523
 30
0.0
 10
70.39274
 20
44.53332
 30
0.0
 10
70.42444
 20
44.48573
 30
0.0
 10
70.42444
 20
44.48573
 30
0.0
 10
70.44299
 20
44.36892
 30
0.0
 10
70.46439
 20
44.25478
 30
0.0
 10
70.48914
 20
44.14582
 30
0.0
 10
70.48914
 20
44.14582
 30
0.0
 10
70.61513
 20
43.59112
 30
0.0
 10
70.88278
 20
42.96565
 30
0.0
 10
70.88278
 20
42.96565
 30
0.0
 10
70.88278
 20
42.96565
 30
0.0
 10
70.88278
 20
42.96565
 30
0.0
 10
70.88275
 20
43.14268
 30
0.0
 10
70.88275
 20
43.14268
 30
0.0
 10
70.88275
 20
43.14268
 30
0.0
 10
70.88275
 20
43.14268
 30
0.0
 10
70.68589
 20
43.77602
 30
0.0
 10
70.58746
 20
44.24417
 30
0.0
 10
70.58746
 20
44.24417
 30
0.0
 10
70.489
 20
44.71233
 30
0.0
 10
70.44963
 20
44.98377
 30
0.0
 10
70.43774
 20
45.25917
 30
0.0
 10
70.43774
 20
45.25917
 30
0.0
 10
70.42589
 20
45.53455
 30
0.0
 10
70.41009
 20
46.0224
 30
0.0
 10
70.50051
 20
46.16011
 30
0.0
 10
70.50051
 20
46.16011
 30
0.0
 10
70.5622
 20
46.25401
 30
0.0
 10
70.63849
 20
46.36434
 30
0.0
 10
70.6808
 20
46.42506
 30
0.0
 10
70.6808
 20
46.42506
 30
0.0
 10
70.70487
 20
46.42706
 30
0.0
 10
70.72919
 20
46.42965
 30
0.0
 10
70.75368
 20
46.4329
 30
0.0
 10
70.75368
 20
46.4329
 30
0.0
 10
70.81458
 20
46.38406
 30
0.0
 10
70.94175
 20
46.3096
 30
0.0
 10
71.12204
 20
46.34515
 30
0.0
 10
71.12204
 20
46.34515
 30
0.0
 10
71.3817
 20
46.39634
 30
0.0
 10
71.55471
 20
46.74259
 30
0.0
 10
71.91669
 20
46.77412
 30
0.0
 10
71.91669
 20
46.77412
 30
0.0
 10
71.91669
 20
46.77412
 30
0.0
 10
71.69637
 20
46.81735
 30
0.0
 10
71.44853
 20
46.656
 30
0.0
 10
71.44853
 20
46.656
 30
0.0
 10
71.29447
 20
46.55567
 30
0.0
 10
71.16167
 20
46.52837
 30
0.0
 10
71.08325
 20
46.52206
 30
0.0
 10
71.08325
 20
46.52206
 30
0.0
 10
71.32751
 20
46.62817
 30
0.0
 10
71.55264
 20
46.8333
 30
0.0
 10
71.67736
 20
47.21016
 30
0.0
 10
71.67736
 20
47.21016
 30
0.0
 10
71.67987
 20
47.21771
 30
0.0
 10
71.6818
 20
47.22379
 30
0.0
 10
71.68345
 20
47.22825
 30
0.0
 10
71.68345
 20
47.22825
 30
0.0
 10
71.73647
 20
47.37072
 30
0.0
 10
71.8462
 20
47.50106
 30
0.0
 10
71.8472
 20
47.50217
 30
0.0
 10
71.8472
 20
47.50217
 30
0.0
 10
71.8831
 20
47.54423
 30
0.0
 10
71.89123
 20
47.60332
 30
0.0
 10
71.86808
 20
47.65348
 30
0.0
 10
71.86808
 20
47.65348
 30
0.0
 10
71.84496
 20
47.70367
 30
0.0
 10
71.79473
 20
47.73583
 30
0.0
 10
71.73944
 20
47.73581
 30
0.0
 10
71.73944
 20
47.73581
 30
0.0
 10
71.68146
 20
47.73578
 30
0.0
 10
71.64659
 20
47.75511
 30
0.0
 10
71.57331
 20
47.7987
 30
0.0
 10
71.57331
 20
47.7987
 30
0.0
 10
71.5226
 20
47.82888
 30
0.0
 10
71.46107
 20
47.86552
 30
0.0
 10
71.37939
 20
47.89537
 30
0.0
 10
71.37939
 20
47.89537
 30
0.0
 10
71.396
 20
48.00512
 30
0.0
 10
71.38669
 20
48.16099
 30
0.0
 10
71.28944
 20
48.30212
 30
0.0
 10
71.28944
 20
48.30212
 30
0.0
 10
71.25106
 20
48.35786
 30
0.0
 10
71.17547
 20
48.39097
 30
0.0
 10
71.11388
 20
48.36651
 30
0.0
 10
71.11388
 20
48.36651
 30
0.0
 10
71.04218
 20
48.42094
 30
0.0
 10
70.94307
 20
48.46554
 30
0.0
 10
70.80657
 20
48.48047
 30
0.0
 10
70.80657
 20
48.48047
 30
0.0
 10
70.75531
 20
48.48609
 30
0.0
 10
70.70484
 20
48.46404
 30
0.0
 10
70.67528
 20
48.42314
 30
0.0
 10
70.67528
 20
48.42314
 30
0.0
 10
70.61441
 20
48.46819
 30
0.0
 10
70.54261
 20
48.5045
 30
0.0
 10
70.4581
 20
48.52459
 30
0.0
 10
70.4581
 20
48.52459
 30
0.0
 10
70.41184
 20
48.53565
 30
0.0
 10
70.36503
 20
48.52247
 30
0.0
 10
70.33151
 20
48.49272
 30
0.0
 10
70.33151
 20
48.49272
 30
0.0
 10
70.26687
 20
48.50574
 30
0.0
 10
70.19504
 20
48.51403
 30
0.0
 10
70.11691
 20
48.51403
 30
0.0
 10
70.11691
 20
48.51403
 30
0.0
 10
69.95306
 20
48.51397
 30
0.0
 10
69.78656
 20
48.47778
 30
0.0
 10
69.62199
 20
48.40647
 30
0.0
 10
69.62199
 20
48.40647
 30
0.0
 10
69.59873
 20
48.39636
 30
0.0
 10
69.5792
 20
48.38043
 30
0.0
 10
69.56466
 20
48.36077
 30
0.0
 10
69.56466
 20
48.36077
 30
0.0
 10
69.54358
 20
48.35739
 30
0.0
 10
69.52304
 20
48.34951
 30
0.0
 10
69.50475
 20
48.33641
 30
0.0
 10
69.50475
 20
48.33641
 30
0.0
 10
69.46344
 20
48.30677
 30
0.0
 10
69.44215
 20
48.25807
 30
0.0
 10
69.44622
 20
48.20945
 30
0.0
 10
69.44622
 20
48.20945
 30
0.0
 10
69.42555
 20
48.17848
 30
0.0
 10
69.41721
 20
48.13963
 30
0.0
 10
69.42531
 20
48.10125
 30
0.0
 10
69.42531
 20
48.10125
 30
0.0
 10
69.43771
 20
48.04207
 30
0.0
 10
69.45476
 20
47.86676
 30
0.0
 10
69.3851
 20
47.76791
 30
0.0
 10
69.3851
 20
47.76791
 30
0.0
 10
69.37511
 20
47.75371
 30
0.0
 10
69.36829
 20
47.73804
 30
0.0
 10
69.36398
 20
47.72178
 30
0.0
 10
69.36398
 20
47.72178
 30
0.0
 10
69.17795
 20
47.6826
 30
0.0
 10
69.05358
 20
47.56626
 30
0.0
 10
69.00411
 20
47.49201
 30
0.0
 10
69.00411
 20
47.49201
 30
0.0
 10
68.98899
 20
47.46932
 30
0.0
 10
68.98113
 20
47.44324
 30
0.0
 10
68.98051
 20
47.41708
 30
0.0
 10
68.98051
 20
47.41708
 30
0.0
 10
68.96563
 20
47.39289
 30
0.0
 10
68.95788
 20
47.36417
 30
0.0
 10
68.95967
 20
47.33425
 30
0.0
 10
68.95967
 20
47.33425
 30
0.0
 10
68.96356
 20
47.26837
 30
0.0
 10
69.01245
 20
47.21397
 30
0.0
 10
69.07745
 20
47.20296
 30
0.0
 10
69.07745
 20
47.20296
 30
0.0
 10
69.0787
 20
47.20279
 30
0.0
 10
69.20234
 20
47.1775
 30
0.0
 10
69.26814
 20
47.06791
 30
0.0
 10
69.26814
 20
47.06791
 30
0.0
 10
69.28685
 20
47.03673
 30
0.0
 10
69.30607
 20
47.00571
 30
0.0
 10
69.32612
 20
46.97521
 30
0.0
 10
69.32612
 20
46.97521
 30
0.0
 10
69.31369
 20
46.9438
 30
0.0
 10
69.31245
 20
46.90797
 30
0.0
 10
69.32488
 20
46.87416
 30
0.0
 10
69.32488
 20
46.87416
 30
0.0
 10
69.32587
 20
46.87146
 30
0.0
 10
69.33112
 20
46.85764
 30
0.0
 10
69.34137
 20
46.83666
 30
0.0
 10
69.34137
 20
46.83666
 30
0.0
 10
69.24913
 20
46.86569
 30
0.0
 10
69.08248
 20
46.89232
 30
0.0
 10
68.88736
 20
46.80497
 30
0.0
 10
68.88736
 20
46.80497
 30
0.0
 10
68.88736
 20
46.80497
 30
0.0
 10
69.30924
 20
46.7603
 30
0.0
 10
69.53462
 20
46.59812
 30
0.0
 10
69.53462
 20
46.59812
 30
0.0
 10
69.61329
 20
46.53727
 30
0.0
 10
69.71745
 20
46.48665
 30
0.0
 10
69.8526
 20
46.47281
 30
0.0
 10
69.8526
 20
46.47281
 30
0.0
 10
69.91441
 20
46.46647
 30
0.0
 10
69.97514
 20
46.46332
 30
0.0
 10
70.03316
 20
46.46332
 30
0.0
 10
70.03316
 20
46.46332
 30
0.0
 10
70.07479
 20
46.46333
 30
0.0
 10
70.11279
 20
46.46498
 30
0.0
 10
70.14718
 20
46.46768
 30
0.0
  0
SPLINE
  5
73
330
1F
100
AcDbEntity
  8
LAYER_1
 62
   250
100
AcDbSpline
210
0.0
220
0.0
230
1.0
 70
    11
 71
     3
 72
    28
 73
    24
 74
     0
 42
0.000000001
 43
0.0000000001
 40
0.0
 40
0.0
 40
0.0
 40
0.0
 40
0.1428571428571428
 40
0.1428571428571428
 40
0.1428571428571428
 40
0.1428571428571428
 40
0.2857142857142857
 40
0.2857142857142857
 40
0.2857142857142857
 40
0.2857142857142857
 40
0.4285714285714285
 40
0.4285714285714285
 40
0.4285714285714285
 40
0.4285714285714285
 40
0.5714285714285714
 40
0.5714285714285714
 40
0.5714285714285714
 40
0.5714285714285714
 40
0.7142857142857143
 40
0.7142857142857143
 40
0.7142857142857143
 40
0.7142857142857143
 40
1.0
 40
1.0
 40
1.0
 40
1.0
 10
71.15711
 20
48.0565
 30
0.0
 10
71.15711
 20
48.0565
 30
0.0
 10
71.15711
 20
48.0565
 30
0.0
 10
71.15711
 20
48.0565
 30
0.0
 10
71.15711
 20
48.0565
 30
0.0
 10
71.17675
 20
48.19813
 30
0.0
 10
71.17286
 20
48.22173
 30
0.0
 10
71.17286
 20
48.22173
 30
0.0
 10
71.17286
 20
48.22173
 30
0.0
 10
71.29481
 20
48.04473
 30
0.0
 10
71.22405
 20
47.85348
 30
0.0
 10
71.22405
 20
47.85348
 30
0.0
 10
71.22405
 20
47.85348
 30
0.0
 10
71.05486
 20
47.87072
 30
0.0
 10
70.95265
 20
47.85343
 30
0.0
 10
70.95265
 20
47.85343
 30
0.0
 10
70.95265
 20
47.85343
 30
0.0
 10
70.92498
 20
48.19722
 30
0.0
 10
70.79118
 20
48.33971
 30
0.0
 10
70.79118
 20
48.33971
 30
0.0
 10
70.79118
 20
48.33971
 30
0.0
 10
71.11766
 20
48.30405
 30
0.0
 10
71.15711
 20
48.0565
 30
0.0
 10
71.15711
 20
48.0565
 30
0.0
  0
SPLINE
  5
74
330
1F
100
AcDbEntity
  8
LAYER_1
 62
   250
100
AcDbSpline
210
0.0
220
0.0
230
1.0
 70
    11
 71
     3
 72
    40
 73
    36
 74
     0
 42
0.000000001
 43
0.0000000001
 40
0.0
 40
0.0
 40
0.0
 40
0.0
 40
0.1
 40
0.1
 40
0.1
 40
0.1
 40
0.2
 40
0.2
 40
0.2
 40
0.2
 40
0.3
 40
0.3
 40
0.3
 40
0.3
 40
0.4
 40
0.4
 40
0.4
 40
0.4
 40
0.5
 40
0.5
 40
0.5
 40
0.5
 40
0.6
 40
0.6
 40
0.6
 40
0.6
 40
0.7
 40
0.7
 40
0.7
 40
0.7
 40
0.8
 40
0.8
 40
0.8
 40
0.8
 40
1.0
 40
1.0
 40
1.0
 40
1.0
 10
70.62205
 20
48.22164
 30
0.0
 10
70.62205
 20
48.22164
 30
0.0
 10
70.62205
 20
48.22164
 30
0.0
 10
70.62205
 20
48.22164
 30
0.0
 10
70.62205
 20
48.22164
 30
0.0
 10
70.55122
 20
48.31998
 30
0.0
 10
70.42534
 20
48.38682
 30
0.0
 10
70.42534
 20
48.38682
 30
0.0
 10
70.42534
 20
48.38682
 30
0.0
 10
70.75579
 20
48.3082
 30
0.0
 10
70.84636
 20
47.89513
 30
0.0
 10
70.84636
 20
47.89513
 30
0.0
 10
70.84636
 20
47.89513
 30
0.0
 10
70.84636
 20
47.89513
 30
0.0
 10
70.69292
 20
48.00135
 30
0.0
 10
70.46865
 20
47.99738
 30
0.0
 10
70.46865
 20
47.99738
 30
0.0
 10
70.24445
 20
47.99337
 30
0.0
 10
70.09886
 20
47.85956
 30
0.0
 10
70.09886
 20
47.85956
 30
0.0
 10
70.09886
 20
47.85956
 30
0.0
 10
70.24837
 20
47.93828
 30
0.0
 10
70.40575
 20
47.93048
 30
0.0
 10
70.40575
 20
47.93048
 30
0.0
 10
70.40575
 20
47.93048
 30
0.0
 10
70.13034
 20
47.88318
 30
0.0
 10
69.97304
 20
47.62745
 30
0.0
 10
69.97304
 20
47.62745
 30
0.0
 10
69.97304
 20
47.62745
 30
0.0
 10
69.94145
 20
48.10347
 30
0.0
 10
69.67832
 20
48.27652
 30
0.0
 10
69.67832
 20
48.27652
 30
0.0
 10
69.67832
 20
48.27652
 30
0.0
 10
70.24131
 20
48.52055
 30
0.0
 10
70.62205
 20
48.22164
 30
0.0
 10
70.62205
 20
48.22164
 30
0.0
  0
SPLINE
  5
75
330
1F
100
AcDbEntity
  8
LAYER_1
 62
   250
100
AcDbSpline
210
0.0
220
0.0
230
1.0
 70
    11
 71
     3
 72
    28
 73
    24
 74
     0
 42
0.000000001
 43
0.0000000001
 40
0.0
 40
0.0
 40
0.0
 40
0.0
 40
0.1428571428571428
 40
0.1428571428571428
 40
0.1428571428571428
 40
0.1428571428571428
 40
0.2857142857142857
 40
0.2857142857142857
 40
0.2857142857142857
 40
0.2857142857142857
 40
0.4285714285714285
 40
0.4285714285714285
 40
0.4285714285714285
 40
0.4285714285714285
 40
0.5714285714285714
 40
0.5714285714285714
 40
0.5714285714285714
 40
0.5714285714285714
 40
0.7142857142857143
 40
0.7142857142857143
 40
0.7142857142857143
 40
0.7142857142857143
 40
1.0
 40
1.0
 40
1.0
 40
1.0
 10
69.56377
 20
48.13091
 30
0.0
 10
69.56377
 20
48.13091
 30
0.0
 10
69.56377
 20
48.13091
 30
0.0
 10
69.56377
 20
48.13091
 30
0.0
 10
69.56377
 20
48.13091
 30
0.0
 10
69.6543
 20
48.02865
 30
0.0
 10
69.67838
 20
47.94212
 30
0.0
 10
69.67838
 20
47.94212
 30
0.0
 10
69.67838
 20
47.94212
 30
0.0
 10
69.65523
 20
48.05621
 30
0.0
 10
69.58736
 20
48.22143
 30
0.0
 10
69.58736
 20
48.22143
 30
0.0
 10
69.58736
 20
48.22143
 30
0.0
 10
69.91396
 20
47.93821
 30
0.0
 10
69.85109
 20
47.5684
 30
0.0
 10
69.85109
 20
47.5684
 30
0.0
 10
69.85109
 20
47.5684
 30
0.0
 10
69.68582
 20
47.71001
 30
0.0
 10
69.50093
 20
47.68634
 30
0.0
 10
69.50093
 20
47.68634
 30
0.0
 10
69.50093
 20
47.68634
 30
0.0
 10
69.62285
 20
47.85949
 30
0.0
 10
69.56377
 20
48.13091
 30
0.0
 10
69.56377
 20
48.13091
 30
0.0
  0
SPLINE
  5
76
330
1F
100
AcDbEntity
  8
LAYER_1
 62
   250
100
AcDbSpline
210
0.0
220
0.0
230
1.0
 70
    11
 71
     3
 72
    52
 73
    48
 74
     0
 42
0.000000001
 43
0.0000000001
 40
0.0
 40
0.0
 40
0.0
 40
0.0
 40
0.0769230769230769
 40
0.0769230769230769
 40
0.0769230769230769
 40
0.0769230769230769
 40
0.1538461538461539
 40
0.1538461538461539
 40
0.1538461538461539
 40
0.1538461538461539
 40
0.2307692307692308
 40
0.2307692307692308
 40
0.2307692307692308
 40
0.2307692307692308
 40
0.3076923076923077
 40
0.3076923076923077
 40
0.3076923076923077
 40
0.3076923076923077
 40
0.3846153846153846
 40
0.3846153846153846
 40
0.3846153846153846
 40
0.3846153846153846
 40
0.4615384615384616
 40
0.4615384615384616
 40
0.4615384615384616
 40
0.4615384615384616
 40
0.5384615384615384
 40
0.5384615384615384
 40
0.5384615384615384
 40
0.5384615384615384
 40
0.6153846153846154
 40
0.6153846153846154
 40
0.6153846153846154
 40
0.6153846153846154
 40
0.6923076923076923
 40
0.6923076923076923
 40
0.6923076923076923
 40
0.6923076923076923
 40
0.7692307692307693
 40
0.7692307692307693
 40
0.7692307692307693
 40
0.7692307692307693
 40
0.8461538461538461
 40
0.8461538461538461
 40
0.8461538461538461
 40
0.8461538461538461
 40
1.0
 40
1.0
 40
1.0
 40
1.0
 10
70.33126
 20
46.64527
 30
0.0
 10
70.33126
 20
46.64527
 30
0.0
 10
70.33126
 20
46.64527
 30
0.0
 10
70.33126
 20
46.64527
 30
0.0
 10
70.33126
 20
46.64527
 30
0.0
 10
70.33126
 20
46.64527
 30
0.0
 10
70.17389
 20
46.58231
 30
0.0
 10
69.867
 20
46.61371
 30
0.0
 10
69.867
 20
46.61371
 30
0.0
 10
69.56011
 20
46.64511
 30
0.0
 10
69.4578
 20
46.9231
 30
0.0
 10
69.4578
 20
46.9231
 30
0.0
 10
69.4578
 20
46.9231
 30
0.0
 10
69.57321
 20
46.76312
 30
0.0
 10
69.79883
 20
46.73693
 30
0.0
 10
69.79883
 20
46.73693
 30
0.0
 10
69.79883
 20
46.73693
 30
0.0
 10
69.61517
 20
46.79456
 30
0.0
 10
69.49187
 20
46.97033
 30
0.0
 10
69.38955
 20
47.14076
 30
0.0
 10
69.38955
 20
47.14076
 30
0.0
 10
69.28723
 20
47.31127
 30
0.0
 10
69.10102
 20
47.34266
 30
0.0
 10
69.10102
 20
47.34266
 30
0.0
 10
69.10102
 20
47.34266
 30
0.0
 10
69.41315
 20
47.43449
 30
0.0
 10
69.75672
 20
47.22477
 30
0.0
 10
69.75672
 20
47.22477
 30
0.0
 10
69.75672
 20
47.22477
 30
0.0
 10
69.53638
 20
47.47385
 30
0.0
 10
69.122
 20
47.41346
 30
0.0
 10
69.122
 20
47.41346
 30
0.0
 10
69.122
 20
47.41346
 30
0.0
 10
69.122
 20
47.41346
 30
0.0
 10
69.28981
 20
47.66528
 30
0.0
 10
69.6439
 20
47.5736
 30
0.0
 10
69.6439
 20
47.5736
 30
0.0
 10
69.99799
 20
47.48189
 30
0.0
 10
70.19215
 20
47.13043
 30
0.0
 10
70.19215
 20
47.13043
 30
0.0
 10
70.19215
 20
47.13043
 30
0.0
 10
70.16852
 20
47.26155
 30
0.0
 10
70.13441
 20
47.34285
 30
0.0
 10
70.13441
 20
47.34285
 30
0.0
 10
70.13441
 20
47.34285
 30
0.0
 10
70.35476
 20
47.11738
 30
0.0
 10
70.33126
 20
46.64527
 30
0.0
 10
70.33126
 20
46.64527
 30
0.0
  0
SPLINE
  5
77
330
1F
100
AcDbEntity
  8
LAYER_1
 62
   250
100
AcDbSpline
210
0.0
220
0.0
230
1.0
 70
    11
 71
     3
 72
    60
 73
    56
 74
     0
 42
0.000000001
 43
0.0000000001
 40
0.0
 40
0.0
 40
0.0
 40
0.0
 40
0.0666666666666667
 40
0.0666666666666667
 40
0.0666666666666667
 40
0.0666666666666667
 40
0.1333333333333333
 40
0.1333333333333333
 40
0.1333333333333333
 40
0.1333333333333333
 40
0.2
 40
0.2
 40
0.2
 40
0.2
 40
0.2666666666666667
 40
0.2666666666666667
 40
0.2666666666666667
 40
0.2666666666666667
 40
0.3333333333333333
 40
0.3333333333333333
 40
0.3333333333333333
 40
0.3333333333333333
 40
0.4
 40
0.4
 40
0.4
 40
0.4
 40
0.4666666666666667
 40
0.4666666666666667
 40
0.4666666666666667
 40
0.4666666666666667
 40
0.5333333333333333
 40
0.5333333333333333
 40
0.5333333333333333
 40
0.5333333333333333
 40
0.6
 40
0.6
 40
0.6
 40
0.6
 40
0.6666666666666666
 40
0.6666666666666666
 40
0.6666666666666666
 40
0.6666666666666666
 40
0.7333333333333333
 40
0.7333333333333333
 40
0.7333333333333333
 40
0.7333333333333333
 40
0.8
 40
0.8
 40
0.8
 40
0.8
 40
0.8666666666666667
 40
0.8666666666666667
 40
0.8666666666666667
 40
0.8666666666666667
 40
1.0
 40
1.0
 40
1.0
 40
1.0
 10
71.55071
 20
47.27762
 30
0.0
 10
71.55071
 20
47.27762
 30
0.0
 10
71.55071
 20
47.27762
 30
0.0
 10
71.55071
 20
47.27762
 30
0.0
 10
71.55071
 20
47.27762
 30
0.0
 10
71.51713
 20
47.1872
 30
0.0
 10
71.36199
 20
46.54977
 30
0.0
 10
70.52404
 20
46.5614
 30
0.0
 10
70.52404
 20
46.5614
 30
0.0
 10
70.52404
 20
46.5614
 30
0.0
 10
70.66567
 20
46.57321
 30
0.0
 10
70.90562
 20
46.72278
 30
0.0
 10
70.90562
 20
46.72278
 30
0.0
 10
70.90562
 20
46.72278
 30
0.0
 10
70.76792
 20
46.65979
 30
0.0
 10
70.5083
 20
46.62434
 30
0.0
 10
70.5083
 20
46.62434
 30
0.0
 10
70.5083
 20
46.62434
 30
0.0
 10
70.5712
 20
46.884
 30
0.0
 10
70.40589
 20
47.19082
 30
0.0
 10
70.40589
 20
47.19082
 30
0.0
 10
70.40589
 20
47.19082
 30
0.0
 10
70.50816
 20
47.10431
 30
0.0
 10
70.56328
 20
46.97057
 30
0.0
 10
70.56328
 20
46.97057
 30
0.0
 10
70.56328
 20
46.97057
 30
0.0
 10
70.43337
 20
47.45051
 30
0.0
 10
70.0714
 20
47.56843
 30
0.0
 10
70.0714
 20
47.56843
 30
0.0
 10
70.0714
 20
47.56843
 30
0.0
 10
70.24841
 20
47.83601
 30
0.0
 10
70.4569
 20
47.85178
 30
0.0
 10
70.4569
 20
47.85178
 30
0.0
 10
70.66539
 20
47.86759
 30
0.0
 10
70.8464
 20
47.75743
 30
0.0
 10
70.8464
 20
47.75743
 30
0.0
 10
70.8464
 20
47.75743
 30
0.0
 10
70.8464
 20
47.75743
 30
0.0
 10
70.77557
 20
47.79283
 30
0.0
 10
70.59852
 20
47.77705
 30
0.0
 10
70.59852
 20
47.77705
 30
0.0
 10
70.59852
 20
47.77705
 30
0.0
 10
70.74408
 20
47.76138
 30
0.0
 10
70.89363
 20
47.67874
 30
0.0
 10
70.89363
 20
47.67874
 30
0.0
 10
70.89363
 20
47.67874
 30
0.0
 10
71.0982
 20
47.83619
 30
0.0
 10
71.29881
 20
47.77328
 30
0.0
 10
71.29881
 20
47.77328
 30
0.0
 10
71.49945
 20
47.71039
 30
0.0
 10
71.56639
 20
47.59413
 30
0.0
 10
71.73947
 20
47.59417
 30
0.0
 10
71.73947
 20
47.59417
 30
0.0
 10
71.73947
 20
47.59417
 30
0.0
 10
71.61362
 20
47.44682
 30
0.0
 10
71.55071
 20
47.27762
 30
0.0
  0
SPLINE
  5
78
330
1F
100
AcDbEntity
  8
LAYER_1
 62
   250
100
AcDbSpline
210
0.0
220
0.0
230
1.0
 70
    11
 71
     3
 72
   160
 73
   156
 74
     0
 42
0.000000001
 43
0.0000000001
 40
0.0
 40
0.0
 40
0.0
 40
0.0
 40
0.025
 40
0.025
 40
0.025
 40
0.025
 40
0.05
 40
0.05
 40
0.05
 40
0.05
 40
0.075
 40
0.075
 40
0.075
 40
0.075
 40
0.1
 40
0.1
 40
0.1
 40
0.1
 40
0.125
 40
0.125
 40
0.125
 40
0.125
 40
0.15
 40
0.15
 40
0.15
 40
0.15
 40
0.175
 40
0.175
 40
0.175
 40
0.175
 40
0.2
 40
0.2
 40
0.2
 40
0.2
 40
0.225
 40
0.225
 40
0.225
 40
0.225
 40
0.25
 40
0.25
 40
0.25
 40
0.25
 40
0.275
 40
0.275
 40
0.275
 40
0.275
 40
0.3
 40
0.3
 40
0.3
 40
0.3
 40
0.325
 40
0.325
 40
0.325
 40
0.325
 40
0.35
 40
0.35
 40
0.35
 40
0.35
 40
0.375
 40
0.375
 40
0.375
 40
0.375
 40
0.4
 40
0.4
 40
0.4
 40
0.4
 40
0.425
 40
0.425
 40
0.425
 40
0.425
 40
0.45
 40
0.45
 40
0.45
 40
0.45
 40
0.475
 40
0.475
 40
0.475
 40
0.475
 40
0.5
 40
0.5
 40
0.5
 40
0.5
 40
0.525
 40
0.525
 40
0.525
 40
0.525
 40
0.55
 40
0.55
 40
0.55
 40
0.55
 40
0.575
 40
0.575
 40
0.575
 40
0.575
 40
0.6
 40
0.6
 40
0.6
 40
0.6
 40
0.625
 40
0.625
 40
0.625
 40
0.625
 40
0.65
 40
0.65
 40
0.65
 40
0.65
 40
0.675
 40
0.675
 40
0.675
 40
0.675
 40
0.7
 40
0.7
 40
0.7
 40
0.7
 40
0.725
 40
0.725
 40
0.725
 40
0.725
 40
0.75
 40
0.75
 40
0.75
 40
0.75
 40
0.775
 40
0.775
 40
0.775
 40
0.775
 40
0.8
 40
0.8
 40
0.8
 40
0.8
 40
0.825
 40
0.825
 40
0.825
 40
0.825
 40
0.85
 40
0.85
 40
0.85
 40
0.85
 40
0.875
 40
0.875
 40
0.875
 40
0.875
 40
0.9
 40
0.9
 40
0.9
 40
0.9
 40
0.925
 40
0.925
 40
0.925
 40
0.925
 40
0.95
 40
0.95
 40
0.95
 40
0.95
 40
1.0
 40
1.0
 40
1.0
 40
1.0
 10
68.61327
 20
46.82875
 30
0.0
 10
68.59633
 20
46.83587
 30
0.0
 10
68.57855
 20
46.83919
 30
0.0
 10
68.56112
 20
46.83885
 30
0.0
 10
68.56112
 20
46.83885
 30
0.0
 10
68.56022
 20
46.87998
 30
0.0
 10
68.55626
 20
46.92287
 30
0.0
 10
68.54854
 20
46.96711
 30
0.0
 10
68.54854
 20
46.96711
 30
0.0
 10
68.54344
 20
46.99616
 30
0.0
 10
68.52859
 20
47.02119
 30
0.0
 10
68.50796
 20
47.03976
 30
0.0
 10
68.50796
 20
47.03976
 30
0.0
 10
68.63519
 20
47.31341
 30
0.0
 10
68.66354
 20
47.6138
 30
0.0
 10
68.48026
 20
47.86655
 30
0.0
 10
68.48026
 20
47.86655
 30
0.0
 10
68.34866
 20
48.04792
 30
0.0
 10
68.15694
 20
48.16309
 30
0.0
 10
67.91023
 20
48.20887
 30
0.0
 10
67.91023
 20
48.20887
 30
0.0
 10
67.64751
 20
48.25757
 30
0.0
 10
67.41504
 20
48.20693
 30
0.0
 10
67.40529
 20
48.20472
 30
0.0
 10
67.40529
 20
48.20472
 30
0.0
 10
67.39605
 20
48.20271
 30
0.0
 10
67.38744
 20
48.19933
 30
0.0
 10
67.37914
 20
48.19549
 30
0.0
 10
67.37914
 20
48.19549
 30
0.0
 10
67.34486
 20
48.24097
 30
0.0
 10
67.21784
 20
48.39076
 30
0.0
 10
67.00414
 20
48.43034
 30
0.0
 10
67.00414
 20
48.43034
 30
0.0
 10
66.93389
 20
48.44342
 30
0.0
 10
66.86089
 20
48.44324
 30
0.0
 10
66.78717
 20
48.43
 30
0.0
 10
66.78717
 20
48.43
 30
0.0
 10
66.43684
 20
48.36695
 30
0.0
 10
66.30189
 20
47.96641
 30
0.0
 10
66.29635
 20
47.94936
 30
0.0
 10
66.29635
 20
47.94936
 30
0.0
 10
66.29049
 20
47.93144
 30
0.0
 10
66.28921
 20
47.9132
 30
0.0
 10
66.29114
 20
47.89561
 30
0.0
 10
66.29114
 20
47.89561
 30
0.0
 10
66.28839
 20
47.89535
 30
0.0
 10
66.2857
 20
47.89541
 30
0.0
 10
66.28294
 20
47.89502
 30
0.0
 10
66.28294
 20
47.89502
 30
0.0
 10
66.2548
 20
47.89091
 30
0.0
 10
66.00348
 20
47.85036
 30
0.0
 10
65.84238
 20
47.69132
 30
0.0
 10
65.84238
 20
47.69132
 30
0.0
 10
65.68133
 20
47.53238
 30
0.0
 10
65.58073
 20
47.19345
 30
0.0
 10
65.57983
 20
46.80674
 30
0.0
 10
65.57983
 20
46.80674
 30
0.0
 10
65.57933
 20
46.57922
 30
0.0
 10
65.73368
 20
46.404
 30
0.0
 10
65.87932
 20
46.28935
 30
0.0
 10
65.87932
 20
46.28935
 30
0.0
 10
65.46765
 20
46.26696
 30
0.0
 10
65.45367
 20
45.71611
 30
0.0
 10
65.45367
 20
45.71611
 30
0.0
 10
65.45367
 20
45.71611
 30
0.0
 10
65.45367
 20
45.71611
 30
0.0
 10
65.89551
 20
45.65198
 30
0.0
 10
66.00417
 20
45.76933
 30
0.0
 10
66.00417
 20
45.76933
 30
0.0
 10
66.11279
 20
45.88666
 30
0.0
 10
66.07407
 20
46.08106
 30
0.0
 10
66.07407
 20
46.08106
 30
0.0
 10
66.07407
 20
46.08106
 30
0.0
 10
66.07407
 20
46.08106
 30
0.0
 10
66.02673
 20
46.08625
 30
0.0
 10
65.89709
 20
46.03784
 30
0.0
 10
65.89709
 20
46.03784
 30
0.0
 10
65.77985
 20
45.99414
 30
0.0
 10
65.71361
 20
45.94636
 30
0.0
 10
65.71361
 20
45.94636
 30
0.0
 10
65.71361
 20
45.94636
 30
0.0
 10
65.85876
 20
46.15946
 30
0.0
 10
66.07916
 20
46.15804
 30
0.0
 10
66.08162
 20
46.15802
 30
0.0
 10
66.08162
 20
46.15802
 30
0.0
 10
66.09764
 20
46.14955
 30
0.0
 10
66.11055
 20
46.14316
 30
0.0
 10
66.1193
 20
46.13897
 30
0.0
 10
66.1193
 20
46.13897
 30
0.0
 10
66.12161
 20
45.95196
 30
0.0
 10
66.2149
 20
45.646
 30
0.0
 10
66.57068
 20
45.52342
 30
0.0
 10
66.57068
 20
45.52342
 30
0.0
 10
66.63079
 20
45.5027
 30
0.0
 10
66.69463
 20
45.48601
 30
0.0
 10
66.76026
 20
45.47385
 30
0.0
 10
66.76026
 20
45.47385
 30
0.0
 10
66.86935
 20
45.45363
 30
0.0
 10
66.98107
 20
45.44609
 30
0.0
 10
67.08937
 20
45.45011
 30
0.0
 10
67.08937
 20
45.45011
 30
0.0
 10
67.09743
 20
45.31783
 30
0.0
 10
67.10156
 20
45.13574
 30
0.0
 10
67.12109
 20
44.90417
 30
0.0
 10
67.12109
 20
44.90417
 30
0.0
 10
67.04204
 20
45.00592
 30
0.0
 10
66.90057
 20
45.12225
 30
0.0
 10
66.65608
 20
45.15771
 30
0.0
 10
66.65608
 20
45.15771
 30
0.0
 10
66.26065
 20
45.215
 30
0.0
 10
66.0401
 20
44.91443
 30
0.0
 10
66.0401
 20
44.91443
 30
0.0
 10
66.0401
 20
44.91443
 30
0.0
 10
66.0401
 20
44.91443
 30
0.0
 10
66.11837
 20
44.61719
 30
0.0
 10
66.627
 20
44.48287
 30
0.0
 10
66.627
 20
44.48287
 30
0.0
 10
66.92237
 20
44.40487
 30
0.0
 10
67.08623
 20
44.5184
 30
0.0
 10
67.155
 20
44.58838
 30
0.0
 10
67.155
 20
44.58838
 30
0.0
 10
67.16354
 20
44.52318
 30
0.0
 10
67.17342
 20
44.4552
 30
0.0
 10
67.18491
 20
44.38437
 30
0.0
 10
67.18491
 20
44.38437
 30
0.0
 10
67.34686
 20
43.38605
 30
0.0
 10
67.91633
 20
42.85733
 30
0.0
 10
67.91633
 20
42.85733
 30
0.0
 10
67.91633
 20
42.85733
 30
0.0
 10
67.91633
 20
42.85733
 30
0.0
 10
67.6215
 20
43.20196
 30
0.0
 10
67.39502
 20
44.07405
 30
0.0
 10
67.39502
 20
44.07405
 30
0.0
 10
67.24727
 20
44.60896
 30
0.0
 10
67.2346
 20
45.20126
 30
0.0
 10
67.24522
 20
45.46418
 30
0.0
 10
67.24522
 20
45.46418
 30
0.0
 10
67.43509
 20
45.49179
 30
0.0
 10
67.60347
 20
45.5564
 30
0.0
 10
67.71293
 20
45.6511
 30
0.0
 10
67.71293
 20
45.6511
 30
0.0
 10
67.79758
 20
45.72431
 30
0.0
 10
67.84488
 20
45.8126
 30
0.0
 10
67.85163
 20
45.90824
 30
0.0
 10
67.85163
 20
45.90824
 30
0.0
 10
67.94689
 20
45.91628
 30
0.0
 10
68.04253
 20
45.93408
 30
0.0
 10
68.13065
 20
45.96694
 30
0.0
 10
68.13065
 20
45.96694
 30
0.0
 10
68.31855
 20
46.03708
 30
0.0
 10
68.56773
 20
46.21737
 30
0.0
 10
68.68748
 20
46.67825
 30
0.0
 10
68.68748
 20
46.67825
 30
0.0
 10
68.70347
 20
46.73981
 30
0.0
 10
68.67191
 20
46.804
 30
0.0
 10
68.61327
 20
46.82875
 30
0.0
  0
SPLINE
  5
79
330
1F
100
AcDbEntity
  8
LAYER_1
 62
   250
100
AcDbSpline
210
0.0
220
0.0
230
1.0
 70
    11
 71
     3
 72
    28
 73
    24
 74
     0
 42
0.000000001
 43
0.0000000001
 40
0.0
 40
0.0
 40
0.0
 40
0.0
 40
0.1428571428571428
 40
0.1428571428571428
 40
0.1428571428571428
 40
0.1428571428571428
 40
0.2857142857142857
 40
0.2857142857142857
 40
0.2857142857142857
 40
0.2857142857142857
 40
0.4285714285714285
 40
0.4285714285714285
 40
0.4285714285714285
 40
0.4285714285714285
 40
0.5714285714285714
 40
0.5714285714285714
 40
0.5714285714285714
 40
0.5714285714285714
 40
0.7142857142857143
 40
0.7142857142857143
 40
0.7142857142857143
 40
0.7142857142857143
 40
1.0
 40
1.0
 40
1.0
 40
1.0
 10
68.01634
 20
45.6893
 30
0.0
 10
68.01634
 20
45.6893
 30
0.0
 10
68.4661
 20
45.23781
 30
0.0
 10
68.89278
 20
45.69754
 30
0.0
 10
68.89278
 20
45.69754
 30
0.0
 10
68.89278
 20
45.69754
 30
0.0
 10
68.80314
 20
45.82909
 30
0.0
 10
68.64084
 20
45.90471
 30
0.0
 10
68.64084
 20
45.90471
 30
0.0
 10
68.58675
 20
45.92994
 30
0.0
 10
68.52456
 20
45.94896
 30
0.0
 10
68.45497
 20
45.95475
 30
0.0
 10
68.45497
 20
45.95475
 30
0.0
 10
68.17654
 20
45.97807
 30
0.0
 10
68.03116
 20
45.76923
 30
0.0
 10
68.03116
 20
45.76923
 30
0.0
 10
68.03116
 20
45.76923
 30
0.0
 10
68.03116
 20
45.76923
 30
0.0
 10
68.56738
 20
45.68322
 30
0.0
 10
68.56738
 20
45.68322
 30
0.0
 10
68.56738
 20
45.68322
 30
0.0
 10
68.56738
 20
45.68322
 30
0.0
 10
68.01634
 20
45.6893
 30
0.0
 10
68.01634
 20
45.6893
 30
0.0
  0
SPLINE
  5
7A
330
1F
100
AcDbEntity
  8
LAYER_1
 62
   250
100
AcDbSpline
210
0.0
220
0.0
230
1.0
 70
    11
 71
     3
 72
    16
 73
    12
 74
     0
 42
0.000000001
 43
0.0000000001
 40
0.0
 40
0.0
 40
0.0
 40
0.0
 40
0.25
 40
0.25
 40
0.25
 40
0.25
 40
0.5
 40
0.5
 40
0.5
 40
0.5
 40
1.0
 40
1.0
 40
1.0
 40
1.0
 10
67.14792
 20
44.64414
 30
0.0
 10
67.14371
 20
44.67846
 30
0.0
 10
67.13988
 20
44.71193
 30
0.0
 10
67.13637
 20
44.74461
 30
0.0
 10
67.13637
 20
44.74461
 30
0.0
 10
66.92493
 20
44.76843
 30
0.0
 10
66.42278
 20
44.80577
 30
0.0
 10
66.42278
 20
44.80577
 30
0.0
 10
66.42278
 20
44.80577
 30
0.0
 10
66.74945
 20
44.71631
 30
0.0
 10
67.03871
 20
44.66294
 30
0.0
 10
67.14792
 20
44.64414
 30
0.0
  0
SPLINE
  5
7B
330
1F
100
AcDbEntity
  8
LAYER_1
 62
   250
100
AcDbSpline
210
0.0
220
0.0
230
1.0
 70
    11
 71
     3
 72
    12
 73
     8
 74
     0
 42
0.000000001
 43
0.0000000001
 40
0.0
 40
0.0
 40
0.0
 40
0.0
 40
0.3333333333333333
 40
0.3333333333333333
 40
0.3333333333333333
 40
0.3333333333333333
 40
1.0
 40
1.0
 40
1.0
 40
1.0
 10
66.39267
 20
45.93153
 30
0.0
 10
66.39267
 20
45.93153
 30
0.0
 10
66.72653
 20
45.73927
 30
0.0
 10
67.20995
 20
45.71724
 30
0.0
 10
67.20995
 20
45.71724
 30
0.0
 10
67.20995
 20
45.71724
 30
0.0
 10
66.65026
 20
45.53619
 30
0.0
 10
66.39267
 20
45.93153
 30
0.0
  0
SPLINE
  5
7C
330
1F
100
AcDbEntity
  8
LAYER_1
 62
   250
100
AcDbSpline
210
0.0
220
0.0
230
1.0
 70
    11
 71
     3
 72
    28
 73
    24
 74
     0
 42
0.000000001
 43
0.0000000001
 40
0.0
 40
0.0
 40
0.0
 40
0.0
 40
0.1428571428571428
 40
0.1428571428571428
 40
0.1428571428571428
 40
0.1428571428571428
 40
0.2857142857142857
 40
0.2857142857142857
 40
0.2857142857142857
 40
0.2857142857142857
 40
0.4285714285714285
 40
0.4285714285714285
 40
0.4285714285714285
 40
0.4285714285714285
 40
0.5714285714285714
 40
0.5714285714285714
 40
0.5714285714285714
 40
0.5714285714285714
 40
0.7142857142857143
 40
0.7142857142857143
 40
0.7142857142857143
 40
0.7142857142857143
 40
1.0
 40
1.0
 40
1.0
 40
1.0
 10
67.57262
 20
45.45409
 30
0.0
 10
67.57262
 20
45.45409
 30
0.0
 10
67.3132
 20
45.20615
 30
0.0
 10
67.48132
 20
44.96161
 30
0.0
 10
67.48132
 20
44.96161
 30
0.0
 10
67.64934
 20
44.71708
 30
0.0
 10
68.16358
 20
44.7284
 30
0.0
 10
68.16358
 20
44.7284
 30
0.0
 10
68.16358
 20
44.7284
 30
0.0
 10
68.16358
 20
44.7284
 30
0.0
 10
68.31855
 20
45.16108
 30
0.0
 10
68.21923
 20
45.40229
 30
0.0
 10
68.21923
 20
45.40229
 30
0.0
 10
68.1199
 20
45.64345
 30
0.0
 10
67.71696
 20
45.5421
 30
0.0
 10
67.71696
 20
45.5421
 30
0.0
 10
67.71696
 20
45.5421
 30
0.0
 10
67.71696
 20
45.5421
 30
0.0
 10
67.87675
 20
45.16672
 30
0.0
 10
67.87675
 20
45.16672
 30
0.0
 10
67.87675
 20
45.16672
 30
0.0
 10
67.87675
 20
45.16672
 30
0.0
 10
67.57262
 20
45.45409
 30
0.0
 10
67.57262
 20
45.45409
 30
0.0
  0
SPLINE
  5
7D
330
1F
100
AcDbEntity
  8
LAYER_1
 62
   250
100
AcDbSpline
210
0.0
220
0.0
230
1.0
 70
    11
 71
     3
 72
    16
 73
    12
 74
     0
 42
0.000000001
 43
0.0000000001
 40
0.0
 40
0.0
 40
0.0
 40
0.0
 40
0.25
 40
0.25
 40
0.25
 40
0.25
 40
0.5
 40
0.5
 40
0.5
 40
0.5
 40
1.0
 40
1.0
 40
1.0
 40
1.0
 10
67.52307
 20
45.19395
 30
0.0
 10
67.52307
 20
45.19395
 30
0.0
 10
67.52307
 20
45.19395
 30
0.0
 10
67.52307
 20
45.19395
 30
0.0
 10
67.52307
 20
45.19395
 30
0.0
 10
67.59521
 20
44.90398
 30
0.0
 10
68.09465
 20
44.82388
 30
0.0
 10
68.09465
 20
44.82388
 30
0.0
 10
68.09465
 20
44.82388
 30
0.0
 10
67.51839
 20
44.75866
 30
0.0
 10
67.52307
 20
45.19395
 30
0.0
 10
67.52307
 20
45.19395
 30
0.0
  0
SPLINE
  5
7E
330
1F
100
AcDbEntity
  8
LAYER_1
 62
   250
100
AcDbSpline
210
0.0
220
0.0
230
1.0
 70
    11
 71
     3
 72
    16
 73
    12
 74
     0
 42
0.000000001
 43
0.0000000001
 40
0.0
 40
0.0
 40
0.0
 40
0.0
 40
0.25
 40
0.25
 40
0.25
 40
0.25
 40
0.5
 40
0.5
 40
0.5
 40
0.5
 40
1.0
 40
1.0
 40
1.0
 40
1.0
 10
66.16605
 20
44.93912
 30
0.0
 10
66.16605
 20
44.93912
 30
0.0
 10
66.16605
 20
44.93912
 30
0.0
 10
66.16605
 20
44.93912
 30
0.0
 10
66.16605
 20
44.93912
 30
0.0
 10
66.62676
 20
45.26583
 30
0.0
 10
66.99529
 20
44.91342
 30
0.0
 10
66.99529
 20
44.91342
 30
0.0
 10
66.99529
 20
44.91342
 30
0.0
 10
66.51955
 20
45.09764
 30
0.0
 10
66.16605
 20
44.93912
 30
0.0
 10
66.16605
 20
44.93912
 30
0.0
  0
SPLINE
  5
7F
330
1F
100
AcDbEntity
  8
LAYER_1
 62
   250
100
AcDbSpline
210
0.0
220
0.0
230
1.0
 70
    11
 71
     3
 72
    88
 73
    84
 74
     0
 42
0.000000001
 43
0.0000000001
 40
0.0
 40
0.0
 40
0.0
 40
0.0
 40
0.0454545454545455
 40
0.0454545454545455
 40
0.0454545454545455
 40
0.0454545454545455
 40
0.0909090909090909
 40
0.0909090909090909
 40
0.0909090909090909
 40
0.0909090909090909
 40
0.1363636363636364
 40
0.1363636363636364
 40
0.1363636363636364
 40
0.1363636363636364
 40
0.1818181818181818
 40
0.1818181818181818
 40
0.1818181818181818
 40
0.1818181818181818
 40
0.2272727272727273
 40
0.2272727272727273
 40
0.2272727272727273
 40
0.2272727272727273
 40
0.2727272727272727
 40
0.2727272727272727
 40
0.2727272727272727
 40
0.2727272727272727
 40
0.3181818181818182
 40
0.3181818181818182
 40
0.3181818181818182
 40
0.3181818181818182
 40
0.3636363636363636
 40
0.3636363636363636
 40
0.3636363636363636
 40
0.3636363636363636
 40
0.4090909090909091
 40
0.4090909090909091
 40
0.4090909090909091
 40
0.4090909090909091
 40
0.4545454545454545
 40
0.4545454545454545
 40
0.4545454545454545
 40
0.4545454545454545
 40
0.5
 40
0.5
 40
0.5
 40
0.5
 40
0.5454545454545454
 40
0.5454545454545454
 40
0.5454545454545454
 40
0.5454545454545454
 40
0.5909090909090909
 40
0.5909090909090909
 40
0.5909090909090909
 40
0.5909090909090909
 40
0.6363636363636364
 40
0.6363636363636364
 40
0.6363636363636364
 40
0.6363636363636364
 40
0.6818181818181818
 40
0.6818181818181818
 40
0.6818181818181818
 40
0.6818181818181818
 40
0.7272727272727273
 40
0.7272727272727273
 40
0.7272727272727273
 40
0.7272727272727273
 40
0.7727272727272727
 40
0.7727272727272727
 40
0.7727272727272727
 40
0.7727272727272727
 40
0.8181818181818182
 40
0.8181818181818182
 40
0.8181818181818182
 40
0.8181818181818182
 40
0.8636363636363636
 40
0.8636363636363636
 40
0.8636363636363636
 40
0.8636363636363636
 40
0.9090909090909091
 40
0.9090909090909091
 40
0.9090909090909091
 40
0.9090909090909091
 40
1.0
 40
1.0
 40
1.0
 40
1.0
 10
66.50492
 20
46.76612
 30
0.0
 10
66.61592
 20
46.69033
 30
0.0
 10
66.89066
 20
46.509
 30
0.0
 10
67.0994
 20
46.46178
 30
0.0
 10
67.0994
 20
46.46178
 30
0.0
 10
67.0994
 20
46.46178
 30
0.0
 10
66.8837
 20
46.57419
 30
0.0
 10
66.75502
 20
46.73923
 30
0.0
 10
66.75502
 20
46.73923
 30
0.0
 10
66.75502
 20
46.73923
 30
0.0
 10
66.84126
 20
46.68962
 30
0.0
 10
66.98571
 20
46.64339
 30
0.0
 10
66.98571
 20
46.64339
 30
0.0
 10
67.17987
 20
46.58007
 30
0.0
 10
67.38775
 20
46.66926
 30
0.0
 10
67.53579
 20
46.83532
 30
0.0
 10
67.53579
 20
46.83532
 30
0.0
 10
67.53579
 20
46.83532
 30
0.0
 10
67.50926
 20
46.72748
 30
0.0
 10
67.45775
 20
46.67476
 30
0.0
 10
67.45775
 20
46.67476
 30
0.0
 10
67.45993
 20
46.67465
 30
0.0
 10
67.4621
 20
46.6746
 30
0.0
 10
67.46427
 20
46.67439
 30
0.0
 10
67.46427
 20
46.67439
 30
0.0
 10
67.53331
 20
46.71952
 30
0.0
 10
67.78559
 20
47.03534
 30
0.0
 10
67.7941
 20
47.27298
 30
0.0
 10
67.7941
 20
47.27298
 30
0.0
 10
67.7941
 20
47.27298
 30
0.0
 10
67.99147
 20
46.98349
 30
0.0
 10
67.7941
 20
46.7521
 30
0.0
 10
67.7941
 20
46.7521
 30
0.0
 10
67.75128
 20
46.70188
 30
0.0
 10
67.65068
 20
46.59834
 30
0.0
 10
67.57603
 20
46.57266
 30
0.0
 10
67.57603
 20
46.57266
 30
0.0
 10
67.5763
 20
46.57149
 30
0.0
 10
67.57644
 20
46.57027
 30
0.0
 10
67.57665
 20
46.56908
 30
0.0
 10
67.57665
 20
46.56908
 30
0.0
 10
67.66046
 20
46.57456
 30
0.0
 10
67.74801
 20
46.58703
 30
0.0
 10
67.83833
 20
46.60954
 30
0.0
 10
67.83833
 20
46.60954
 30
0.0
 10
67.83833
 20
46.60954
 30
0.0
 10
67.63208
 20
46.21983
 30
0.0
 10
67.13657
 20
46.31971
 30
0.0
 10
67.13657
 20
46.31971
 30
0.0
 10
66.94172
 20
46.35896
 30
0.0
 10
66.5539
 20
46.54989
 30
0.0
 10
66.49403
 20
46.75716
 30
0.0
 10
66.49403
 20
46.75716
 30
0.0
 10
66.47104
 20
46.77285
 30
0.0
 10
66.27651
 20
47.09713
 30
0.0
 10
66.34058
 20
47.41313
 30
0.0
 10
66.34058
 20
47.41313
 30
0.0
 10
66.34058
 20
47.41313
 30
0.0
 10
66.34058
 20
47.41313
 30
0.0
 10
66.34058
 20
47.41313
 30
0.0
 10
66.34058
 20
47.41313
 30
0.0
 10
66.42547
 20
47.83212
 30
0.0
 10
66.9114
 20
48.12936
 30
0.0
 10
67.31079
 20
47.97927
 30
0.0
 10
67.31079
 20
47.97927
 30
0.0
 10
67.31079
 20
47.97927
 30
0.0
 10
67.83303
 20
47.82817
 30
0.0
 10
67.85484
 20
47.32092
 30
0.0
 10
67.85484
 20
47.32092
 30
0.0
 10
67.85484
 20
47.32092
 30
0.0
 10
67.77674
 20
47.56347
 30
0.0
 10
67.52604
 20
47.71492
 30
0.0
 10
67.52604
 20
47.71492
 30
0.0
 10
67.52604
 20
47.71492
 30
0.0
 10
67.65364
 20
47.58295
 30
0.0
 10
67.70504
 20
47.45018
 30
0.0
 10
67.70504
 20
47.45018
 30
0.0
 10
67.70504
 20
47.45018
 30
0.0
 10
67.34483
 20
47.79196
 30
0.0
 10
66.91016
 20
47.67346
 30
0.0
 10
66.91016
 20
47.67346
 30
0.0
 10
66.50329
 20
47.56252
 30
0.0
 10
66.40897
 20
47.09752
 30
0.0
 10
66.50492
 20
46.76612
 30
0.0
  0
SPLINE
  5
80
330
1F
100
AcDbEntity
  8
LAYER_1
 62
   250
100
AcDbSpline
210
0.0
220
0.0
230
1.0
 70
    11
 71
     3
 72
    24
 73
    20
 74
     0
 42
0.000000001
 43
0.0000000001
 40
0.0
 40
0.0
 40
0.0
 40
0.0
 40
0.1666666666666667
 40
0.1666666666666667
 40
0.1666666666666667
 40
0.1666666666666667
 40
0.3333333333333333
 40
0.3333333333333333
 40
0.3333333333333333
 40
0.3333333333333333
 40
0.5
 40
0.5
 40
0.5
 40
0.5
 40
0.6666666666666666
 40
0.6666666666666666
 40
0.6666666666666666
 40
0.6666666666666666
 40
1.0
 40
1.0
 40
1.0
 40
1.0
 10
68.37649
 20
47.79129
 30
0.0
 10
68.68881
 20
47.36066
 30
0.0
 10
68.22643
 20
46.70403
 30
0.0
 10
67.84433
 20
46.48514
 30
0.0
 10
67.84433
 20
46.48514
 30
0.0
 10
67.84433
 20
46.48514
 30
0.0
 10
68.20658
 20
47.03122
 30
0.0
 10
68.04697
 20
47.45905
 30
0.0
 10
68.04697
 20
47.45905
 30
0.0
 10
68.04697
 20
47.45905
 30
0.0
 10
68.16352
 20
47.30653
 30
0.0
 10
68.17806
 20
47.07244
 30
0.0
 10
68.17806
 20
47.07244
 30
0.0
 10
68.17806
 20
47.07244
 30
0.0
 10
68.3089
 20
47.83045
 30
0.0
 10
67.43319
 20
48.07968
 30
0.0
 10
67.43319
 20
48.07968
 30
0.0
 10
67.43319
 20
48.07968
 30
0.0
 10
68.06509
 20
48.22064
 30
0.0
 10
68.37649
 20
47.79129
 30
0.0
  0
SPLINE
  5
81
330
1F
100
AcDbEntity
  8
LAYER_1
 62
   250
100
AcDbSpline
210
0.0
220
0.0
230
1.0
 70
    11
 71
     3
 72
    24
 73
    20
 74
     0
 42
0.000000001
 43
0.0000000001
 40
0.0
 40
0.0
 40
0.0
 40
0.0
 40
0.1666666666666667
 40
0.1666666666666667
 40
0.1666666666666667
 40
0.1666666666666667
 40
0.3333333333333333
 40
0.3333333333333333
 40
0.3333333333333333
 40
0.3333333333333333
 40
0.5
 40
0.5
 40
0.5
 40
0.5
 40
0.6666666666666666
 40
0.6666666666666666
 40
0.6666666666666666
 40
0.6666666666666666
 40
1.0
 40
1.0
 40
1.0
 40
1.0
 10
66.80984
 20
48.30387
 30
0.0
 10
66.98469
 20
48.33536
 30
0.0
 10
67.18238
 20
48.26087
 30
0.0
 10
67.28192
 20
48.11136
 30
0.0
 10
67.28192
 20
48.11136
 30
0.0
 10
67.28192
 20
48.11136
 30
0.0
 10
66.75172
 20
48.26398
 30
0.0
 10
66.45492
 20
47.87372
 30
0.0
 10
66.45492
 20
47.87372
 30
0.0
 10
66.45492
 20
47.87372
 30
0.0
 10
66.52717
 20
48.04857
 30
0.0
 10
66.70958
 20
48.13424
 30
0.0
 10
66.70958
 20
48.13424
 30
0.0
 10
66.70958
 20
48.13424
 30
0.0
 10
66.5076
 20
48.09925
 30
0.0
 10
66.41813
 20
47.90948
 30
0.0
 10
66.41813
 20
47.90948
 30
0.0
 10
66.41813
 20
47.90948
 30
0.0
 10
66.53078
 20
48.25361
 30
0.0
 10
66.80984
 20
48.30387
 30
0.0
  0
SPLINE
  5
82
330
1F
100
AcDbEntity
  8
LAYER_1
 62
   250
100
AcDbSpline
210
0.0
220
0.0
230
1.0
 70
    11
 71
     3
 72
    28
 73
    24
 74
     0
 42
0.000000001
 43
0.0000000001
 40
0.0
 40
0.0
 40
0.0
 40
0.0
 40
0.1428571428571428
 40
0.1428571428571428
 40
0.1428571428571428
 40
0.1428571428571428
 40
0.2857142857142857
 40
0.2857142857142857
 40
0.2857142857142857
 40
0.2857142857142857
 40
0.4285714285714285
 40
0.4285714285714285
 40
0.4285714285714285
 40
0.4285714285714285
 40
0.5714285714285714
 40
0.5714285714285714
 40
0.5714285714285714
 40
0.5714285714285714
 40
0.7142857142857143
 40
0.7142857142857143
 40
0.7142857142857143
 40
0.7142857142857143
 40
1.0
 40
1.0
 40
1.0
 40
1.0
 10
67.19266
 20
47.48154
 30
0.0
 10
67.19266
 20
47.48154
 30
0.0
 10
67.19266
 20
47.48154
 30
0.0
 10
67.19266
 20
47.48154
 30
0.0
 10
67.19266
 20
47.48154
 30
0.0
 10
67.3482
 20
47.44184
 30
0.0
 10
67.50502
 20
47.31141
 30
0.0
 10
67.50502
 20
47.31141
 30
0.0
 10
67.50502
 20
47.31141
 30
0.0
 10
67.40914
 20
47.4776
 30
0.0
 10
67.13044
 20
47.53653
 30
0.0
 10
67.13044
 20
47.53653
 30
0.0
 10
67.13044
 20
47.53653
 30
0.0
 10
67.52245
 20
47.56159
 30
0.0
 10
67.69261
 20
47.32733
 30
0.0
 10
67.63283
 20
47.161
 30
0.0
 10
67.63283
 20
47.161
 30
0.0
 10
67.57303
 20
46.9947
 30
0.0
 10
67.38524
 20
46.9249
 30
0.0
 10
67.39168
 20
46.93421
 30
0.0
 10
67.39168
 20
46.93421
 30
0.0
 10
67.61406
 20
47.25498
 30
0.0
 10
67.19266
 20
47.48154
 30
0.0
 10
67.19266
 20
47.48154
 30
0.0
  0
SPLINE
  5
83
330
1F
100
AcDbEntity
  8
LAYER_1
 62
   250
100
AcDbSpline
210
0.0
220
0.0
230
1.0
 70
    11
 71
     3
 72
    32
 73
    28
 74
     0
 42
0.000000001
 43
0.0000000001
 40
0.0
 40
0.0
 40
0.0
 40
0.0
 40
0.125
 40
0.125
 40
0.125
 40
0.125
 40
0.25
 40
0.25
 40
0.25
 40
0.25
 40
0.375
 40
0.375
 40
0.375
 40
0.375
 40
0.5
 40
0.5
 40
0.5
 40
0.5
 40
0.625
 40
0.625
 40
0.625
 40
0.625
 40
0.75
 40
0.75
 40
0.75
 40
0.75
 40
1.0
 40
1.0
 40
1.0
 40
1.0
 10
66.63327
 20
47.18999
 30
0.0
 10
66.63327
 20
47.18999
 30
0.0
 10
66.63327
 20
47.18999
 30
0.0
 10
66.63327
 20
47.18999
 30
0.0
 10
66.63327
 20
47.18999
 30
0.0
 10
66.63327
 20
47.18999
 30
0.0
 10
66.61777
 20
47.4127
 30
0.0
 10
66.84542
 20
47.53338
 30
0.0
 10
66.84542
 20
47.53338
 30
0.0
 10
66.84542
 20
47.53338
 30
0.0
 10
66.82431
 20
47.49302
 30
0.0
 10
66.78259
 20
47.39616
 30
0.0
 10
66.78259
 20
47.39616
 30
0.0
 10
66.87426
 20
47.43803
 30
0.0
 10
66.97758
 20
47.44496
 30
0.0
 10
66.97758
 20
47.44496
 30
0.0
 10
66.97758
 20
47.44496
 30
0.0
 10
66.97758
 20
47.44496
 30
0.0
 10
66.72602
 20
47.36365
 30
0.0
 10
66.6545
 20
46.95214
 30
0.0
 10
66.6545
 20
46.95214
 30
0.0
 10
66.6545
 20
46.95214
 30
0.0
 10
66.61688
 20
47.06522
 30
0.0
 10
66.63407
 20
47.19095
 30
0.0
 10
66.63407
 20
47.19095
 30
0.0
 10
66.63407
 20
47.19095
 30
0.0
 10
66.63327
 20
47.18999
 30
0.0
 10
66.63327
 20
47.18999
 30
0.0
  0
SPLINE
  5
84
330
1F
100
AcDbEntity
  8
LAYER_1
 62
   250
100
AcDbSpline
210
0.0
220
0.0
230
1.0
 70
    11
 71
     3
 72
    28
 73
    24
 74
     0
 42
0.000000001
 43
0.0000000001
 40
0.0
 40
0.0
 40
0.0
 40
0.0
 40
0.1428571428571428
 40
0.1428571428571428
 40
0.1428571428571428
 40
0.1428571428571428
 40
0.2857142857142857
 40
0.2857142857142857
 40
0.2857142857142857
 40
0.2857142857142857
 40
0.4285714285714285
 40
0.4285714285714285
 40
0.4285714285714285
 40
0.4285714285714285
 40
0.5714285714285714
 40
0.5714285714285714
 40
0.5714285714285714
 40
0.5714285714285714
 40
0.7142857142857143
 40
0.7142857142857143
 40
0.7142857142857143
 40
0.7142857142857143
 40
1.0
 40
1.0
 40
1.0
 40
1.0
 10
66.76967
 20
46.9515
 30
0.0
 10
66.76967
 20
46.9515
 30
0.0
 10
66.76967
 20
46.9515
 30
0.0
 10
66.76967
 20
46.9515
 30
0.0
 10
66.76967
 20
46.9515
 30
0.0
 10
66.76967
 20
46.9515
 30
0.0
 10
66.97858
 20
46.79878
 30
0.0
 10
67.17526
 20
46.91663
 30
0.0
 10
67.17526
 20
46.91663
 30
0.0
 10
67.17526
 20
46.91663
 30
0.0
 10
67.14136
 20
46.8471
 30
0.0
 10
67.06288
 20
46.81483
 30
0.0
 10
67.06288
 20
46.81483
 30
0.0
 10
67.14536
 20
46.81419
 30
0.0
 10
67.24643
 20
46.83566
 30
0.0
 10
67.3678
 20
46.89753
 30
0.0
 10
67.3678
 20
46.89753
 30
0.0
 10
67.3678
 20
46.89753
 30
0.0
 10
67.18911
 20
46.66325
 30
0.0
 10
66.95371
 20
46.74967
 30
0.0
 10
66.95371
 20
46.74967
 30
0.0
 10
66.71834
 20
46.836
 30
0.0
 10
66.76967
 20
46.9515
 30
0.0
 10
66.76967
 20
46.9515
 30
0.0
  0
SPLINE
  5
85
330
1F
100
AcDbEntity
  8
LAYER_1
 62
   250
100
AcDbSpline
210
0.0
220
0.0
230
1.0
 70
    11
 71
     3
 72
    20
 73
    16
 74
     0
 42
0.000000001
 43
0.0000000001
 40
0.0
 40
0.0
 40
0.0
 40
0.0
 40
0.2
 40
0.2
 40
0.2
 40
0.2
 40
0.4
 40
0.4
 40
0.4
 40
0.4
 40
0.6
 40
0.6
 40
0.6
 40
0.6
 40
1.0
 40
1.0
 40
1.0
 40
1.0
 10
66.88563
 20
46.98016
 30
0.0
 10
66.88563
 20
46.98016
 30
0.0
 10
66.88563
 20
46.98016
 30
0.0
 10
66.88563
 20
46.98016
 30
0.0
 10
66.88563
 20
46.98016
 30
0.0
 10
66.88563
 20
46.98016
 30
0.0
 10
66.89063
 20
47.1856
 30
0.0
 10
67.06095
 20
47.22513
 30
0.0
 10
67.06095
 20
47.22513
 30
0.0
 10
67.21605
 20
47.26109
 30
0.0
 10
67.29091
 20
47.08626
 30
0.0
 10
67.29091
 20
47.08626
 30
0.0
 10
67.29091
 20
47.08626
 30
0.0
 10
67.29091
 20
47.08626
 30
0.0
 10
67.06095
 20
47.22513
 30
0.0
 10
66.88563
 20
46.98016
 30
0.0
  0
SPLINE
  5
86
330
1F
100
AcDbEntity
  8
LAYER_1
 62
   250
100
AcDbSpline
210
0.0
220
0.0
230
1.0
 70
    11
 71
     3
 72
    16
 73
    12
 74
     0
 42
0.000000001
 43
0.0000000001
 40
0.0
 40
0.0
 40
0.0
 40
0.0
 40
0.25
 40
0.25
 40
0.25
 40
0.25
 40
0.5
 40
0.5
 40
0.5
 40
0.5
 40
1.0
 40
1.0
 40
1.0
 40
1.0
 10
66.82369
 20
47.12406
 30
0.0
 10
66.82369
 20
47.12406
 30
0.0
 10
66.82369
 20
47.12406
 30
0.0
 10
66.82369
 20
47.12406
 30
0.0
 10
66.82369
 20
47.12406
 30
0.0
 10
66.82369
 20
47.12406
 30
0.0
 10
66.95625
 20
47.59985
 30
0.0
 10
67.30672
 20
47.2469
 30
0.0
 10
67.30672
 20
47.2469
 30
0.0
 10
67.30672
 20
47.2469
 30
0.0
 10
67.00941
 20
47.42325
 30
0.0
 10
66.82369
 20
47.12406
 30
0.0
  0
SPLINE
  5
87
330
1F
100
AcDbEntity
  8
LAYER_1
 62
   250
100
AcDbSpline
210
0.0
220
0.0
230
1.0
 70
    11
 71
     3
 72
    32
 73
    28
 74
     0
 42
0.000000001
 43
0.0000000001
 40
0.0
 40
0.0
 40
0.0
 40
0.0
 40
0.125
 40
0.125
 40
0.125
 40
0.125
 40
0.25
 40
0.25
 40
0.25
 40
0.25
 40
0.375
 40
0.375
 40
0.375
 40
0.375
 40
0.5
 40
0.5
 40
0.5
 40
0.5
 40
0.625
 40
0.625
 40
0.625
 40
0.625
 40
0.75
 40
0.75
 40
0.75
 40
0.75
 40
1.0
 40
1.0
 40
1.0
 40
1.0
 10
66.16361
 20
47.01298
 30
0.0
 10
66.16361
 20
47.01298
 30
0.0
 10
66.16361
 20
47.01298
 30
0.0
 10
66.16361
 20
47.01298
 30
0.0
 10
66.16361
 20
47.01298
 30
0.0
 10
66.16361
 20
47.01298
 30
0.0
 10
66.32904
 20
46.61905
 30
0.0
 10
66.57192
 20
46.42318
 30
0.0
 10
66.57192
 20
46.42318
 30
0.0
 10
66.79361
 20
46.24453
 30
0.0
 10
67.18011
 20
46.20066
 30
0.0
 10
67.18011
 20
46.20066
 30
0.0
 10
67.18011
 20
46.20066
 30
0.0
 10
67.18011
 20
46.20066
 30
0.0
 10
66.97902
 20
46.00442
 30
0.0
 10
66.58976
 20
46.15443
 30
0.0
 10
66.58976
 20
46.15443
 30
0.0
 10
66.14907
 20
46.32425
 30
0.0
 10
66.12061
 20
46.74223
 30
0.0
 10
66.12061
 20
46.74223
 30
0.0
 10
66.12061
 20
46.74223
 30
0.0
 10
66.17129
 20
46.60611
 30
0.0
 10
66.47863
 20
46.35605
 30
0.0
 10
66.47863
 20
46.35605
 30
0.0
 10
66.47863
 20
46.35605
 30
0.0
 10
66.2971
 20
46.52364
 30
0.0
 10
66.16361
 20
47.01298
 30
0.0
 10
66.16361
 20
47.01298
 30
0.0
  0
SPLINE
  5
88
330
1F
100
AcDbEntity
  8
LAYER_1
 62
   250
100
AcDbSpline
210
0.0
220
0.0
230
1.0
 70
    11
 71
     3
 72
    40
 73
    36
 74
     0
 42
0.000000001
 43
0.0000000001
 40
0.0
 40
0.0
 40
0.0
 40
0.0
 40
0.1
 40
0.1
 40
0.1
 40
0.1
 40
0.2
 40
0.2
 40
0.2
 40
0.2
 40
0.3
 40
0.3
 40
0.3
 40
0.3
 40
0.4
 40
0.4
 40
0.4
 40
0.4
 40
0.5
 40
0.5
 40
0.5
 40
0.5
 40
0.6
 40
0.6
 40
0.6
 40
0.6
 40
0.7
 40
0.7
 40
0.7
 40
0.7
 40
0.8
 40
0.8
 40
0.8
 40
0.8
 40
1.0
 40
1.0
 40
1.0
 40
1.0
 10
65.70799
 20
46.80643
 30
0.0
 10
65.70852
 20
47.03758
 30
0.0
 10
65.759
 20
47.42896
 30
0.0
 10
65.93237
 20
47.60013
 30
0.0
 10
65.93237
 20
47.60013
 30
0.0
 10
66.06828
 20
47.73419
 30
0.0
 10
66.30141
 20
47.76821
 30
0.0
 10
66.30141
 20
47.76821
 30
0.0
 10
66.30141
 20
47.76821
 30
0.0
 10
66.30141
 20
47.76821
 30
0.0
 10
66.08244
 20
47.49846
 30
0.0
 10
66.13105
 20
47.16191
 30
0.0
 10
66.13105
 20
47.16191
 30
0.0
 10
66.13105
 20
47.16191
 30
0.0
 10
66.07551
 20
47.24945
 30
0.0
 10
66.07441
 20
47.35757
 30
0.0
 10
66.07441
 20
47.35757
 30
0.0
 10
66.07438
 20
47.365
 30
0.0
 10
66.07452
 20
47.37254
 30
0.0
 10
66.07503
 20
47.38016
 30
0.0
 10
66.07503
 20
47.38016
 30
0.0
 10
66.08244
 20
47.49846
 30
0.0
 10
65.85647
 20
46.93047
 30
0.0
 10
66.04689
 20
46.55161
 30
0.0
 10
66.04689
 20
46.55161
 30
0.0
 10
66.04689
 20
46.55161
 30
0.0
 10
65.92369
 20
46.6942
 30
0.0
 10
65.91215
 20
46.91841
 30
0.0
 10
65.91215
 20
46.91841
 30
0.0
 10
65.91215
 20
46.91841
 30
0.0
 10
65.87887
 20
46.50464
 30
0.0
 10
66.1841
 20
46.25017
 30
0.0
 10
66.1841
 20
46.25017
 30
0.0
 10
66.1841
 20
46.25017
 30
0.0
 10
65.70717
 20
46.46362
 30
0.0
 10
65.70799
 20
46.80643
 30
0.0
  0
SPLINE
  5
89
330
1F
100
AcDbEntity
  8
LAYER_1
 62
   250
100
AcDbSpline
210
0.0
220
0.0
230
1.0
 70
    11
 71
     3
 72
    32
 73
    28
 74
     0
 42
0.000000001
 43
0.0000000001
 40
0.0
 40
0.0
 40
0.0
 40
0.0
 40
0.125
 40
0.125
 40
0.125
 40
0.125
 40
0.25
 40
0.25
 40
0.25
 40
0.25
 40
0.375
 40
0.375
 40
0.375
 40
0.375
 40
0.5
 40
0.5
 40
0.5
 40
0.5
 40
0.625
 40
0.625
 40
0.625
 40
0.625
 40
0.75
 40
0.75
 40
0.75
 40
0.75
 40
1.0
 40
1.0
 40
1.0
 40
1.0
 10
66.61243
 20
45.64457
 30
0.0
 10
66.61243
 20
45.64457
 30
0.0
 10
66.61243
 20
45.64457
 30
0.0
 10
66.61243
 20
45.64457
 30
0.0
 10
66.61243
 20
45.64457
 30
0.0
 10
66.20732
 20
45.78413
 30
0.0
 10
66.24922
 20
46.18497
 30
0.0
 10
66.24922
 20
46.18497
 30
0.0
 10
66.24922
 20
46.18497
 30
0.0
 10
66.5599
 20
45.9343
 30
0.0
 10
67.16417
 20
45.86085
 30
0.0
 10
67.16417
 20
45.86085
 30
0.0
 10
67.16417
 20
45.86085
 30
0.0
 10
66.9618
 20
45.88872
 30
0.0
 10
66.84198
 20
45.98818
 30
0.0
 10
66.84198
 20
45.98818
 30
0.0
 10
66.84198
 20
45.98818
 30
0.0
 10
67.20247
 20
45.89241
 30
0.0
 10
67.33804
 20
45.89708
 30
0.0
 10
67.51901
 20
45.9359
 30
0.0
 10
67.51901
 20
45.9359
 30
0.0
 10
67.69998
 20
45.97478
 30
0.0
 10
67.70101
 20
45.90218
 30
0.0
 10
67.70101
 20
45.90218
 30
0.0
 10
67.70101
 20
45.90218
 30
0.0
 10
67.71273
 20
45.6007
 30
0.0
 10
67.09795
 20
45.47733
 30
0.0
 10
66.61243
 20
45.64457
 30
0.0
  0
SPLINE
  5
8A
330
1F
100
AcDbEntity
  8
LAYER_1
 62
   250
100
AcDbSpline
210
0.0
220
0.0
230
1.0
 70
    11
 71
     3
 72
    32
 73
    28
 74
     0
 42
0.000000001
 43
0.0000000001
 40
0.0
 40
0.0
 40
0.0
 40
0.0
 40
0.125
 40
0.125
 40
0.125
 40
0.125
 40
0.25
 40
0.25
 40
0.25
 40
0.25
 40
0.375
 40
0.375
 40
0.375
 40
0.375
 40
0.5
 40
0.5
 40
0.5
 40
0.5
 40
0.625
 40
0.625
 40
0.625
 40
0.625
 40
0.75
 40
0.75
 40
0.75
 40
0.75
 40
1.0
 40
1.0
 40
1.0
 40
1.0
 10
68.08583
 20
46.08702
 30
0.0
 10
68.08583
 20
46.08702
 30
0.0
 10
68.08583
 20
46.08702
 30
0.0
 10
68.08583
 20
46.08702
 30
0.0
 10
68.08583
 20
46.08702
 30
0.0
 10
67.73577
 20
45.95644
 30
0.0
 10
67.23258
 20
46.09314
 30
0.0
 10
67.23258
 20
46.09314
 30
0.0
 10
67.23258
 20
46.09314
 30
0.0
 10
67.23258
 20
46.09314
 30
0.0
 10
67.53724
 20
46.17663
 30
0.0
 10
67.89739
 20
46.38135
 30
0.0
 10
67.89739
 20
46.38135
 30
0.0
 10
68.25788
 20
46.58632
 30
0.0
 10
68.42231
 20
46.94497
 30
0.0
 10
68.42231
 20
46.94497
 30
0.0
 10
68.42231
 20
46.94497
 30
0.0
 10
68.47864
 20
46.62396
 30
0.0
 10
68.29719
 20
46.39176
 30
0.0
 10
68.29719
 20
46.39176
 30
0.0
 10
68.29719
 20
46.39176
 30
0.0
 10
68.45163
 20
46.52603
 30
0.0
 10
68.56353
 20
46.71089
 30
0.0
 10
68.56353
 20
46.71089
 30
0.0
 10
68.56353
 20
46.71089
 30
0.0
 10
68.53824
 20
46.61352
 30
0.0
 10
68.43585
 20
46.21763
 30
0.0
 10
68.08583
 20
46.08702
 30
0.0
  0
SPLINE
  5
8B
330
1F
100
AcDbEntity
  8
LAYER_1
 62
   250
100
AcDbSpline
210
0.0
220
0.0
230
1.0
 70
    11
 71
     3
 72
   216
 73
   212
 74
     0
 42
0.000000001
 43
0.0000000001
 40
0.0
 40
0.0
 40
0.0
 40
0.0
 40
0.0185185185185185
 40
0.0185185185185185
 40
0.0185185185185185
 40
0.0185185185185185
 40
0.037037037037037
 40
0.037037037037037
 40
0.037037037037037
 40
0.037037037037037
 40
0.0555555555555556
 40
0.0555555555555556
 40
0.0555555555555556
 40
0.0555555555555556
 40
0.0740740740740741
 40
0.0740740740740741
 40
0.0740740740740741
 40
0.0740740740740741
 40
0.0925925925925926
 40
0.0925925925925926
 40
0.0925925925925926
 40
0.0925925925925926
 40
0.1111111111111111
 40
0.1111111111111111
 40
0.1111111111111111
 40
0.1111111111111111
 40
0.1296296296296296
 40
0.1296296296296296
 40
0.1296296296296296
 40
0.1296296296296296
 40
0.1481481481481481
 40
0.1481481481481481
 40
0.1481481481481481
 40
0.1481481481481481
 40
0.1666666666666667
 40
0.1666666666666667
 40
0.1666666666666667
 40
0.1666666666666667
 40
0.1851851851851852
 40
0.1851851851851852
 40
0.1851851851851852
 40
0.1851851851851852
 40
0.2037037037037037
 40
0.2037037037037037
 40
0.2037037037037037
 40
0.2037037037037037
 40
0.2222222222222222
 40
0.2222222222222222
 40
0.2222222222222222
 40
0.2222222222222222
 40
0.2407407407407407
 40
0.2407407407407407
 40
0.2407407407407407
 40
0.2407407407407407
 40
0.2592592592592592
 40
0.2592592592592592
 40
0.2592592592592592
 40
0.2592592592592592
 40
0.2777777777777778
 40
0.2777777777777778
 40
0.2777777777777778
 40
0.2777777777777778
 40
0.2962962962962963
 40
0.2962962962962963
 40
0.2962962962962963
 40
0.2962962962962963
 40
0.3148148148148148
 40
0.3148148148148148
 40
0.3148148148148148
 40
0.3148148148148148
 40
0.3333333333333333
 40
0.3333333333333333
 40
0.3333333333333333
 40
0.3333333333333333
 40
0.3518518518518519
 40
0.3518518518518519
 40
0.3518518518518519
 40
0.3518518518518519
 40
0.3703703703703703
 40
0.3703703703703703
 40
0.3703703703703703
 40
0.3703703703703703
 40
0.3888888888888889
 40
0.3888888888888889
 40
0.3888888888888889
 40
0.3888888888888889
 40
0.4074074074074074
 40
0.4074074074074074
 40
0.4074074074074074
 40
0.4074074074074074
 40
0.4259259259259259
 40
0.4259259259259259
 40
0.4259259259259259
 40
0.4259259259259259
 40
0.4444444444444444
 40
0.4444444444444444
 40
0.4444444444444444
 40
0.4444444444444444
 40
0.462962962962963
 40
0.462962962962963
 40
0.462962962962963
 40
0.462962962962963
 40
0.4814814814814815
 40
0.4814814814814815
 40
0.4814814814814815
 40
0.4814814814814815
 40
0.5
 40
0.5
 40
0.5
 40
0.5
 40
0.5185185185185185
 40
0.5185185185185185
 40
0.5185185185185185
 40
0.5185185185185185
 40
0.5370370370370371
 40
0.5370370370370371
 40
0.5370370370370371
 40
0.5370370370370371
 40
0.5555555555555556
 40
0.5555555555555556
 40
0.5555555555555556
 40
0.5555555555555556
 40
0.5740740740740741
 40
0.5740740740740741
 40
0.5740740740740741
 40
0.5740740740740741
 40
0.5925925925925926
 40
0.5925925925925926
 40
0.5925925925925926
 40
0.5925925925925926
 40
0.6111111111111112
 40
0.6111111111111112
 40
0.6111111111111112
 40
0.6111111111111112
 40
0.6296296296296297
 40
0.6296296296296297
 40
0.6296296296296297
 40
0.6296296296296297
 40
0.6481481481481481
 40
0.6481481481481481
 40
0.6481481481481481
 40
0.6481481481481481
 40
0.6666666666666666
 40
0.6666666666666666
 40
0.6666666666666666
 40
0.6666666666666666
 40
0.6851851851851852
 40
0.6851851851851852
 40
0.6851851851851852
 40
0.6851851851851852
 40
0.7037037037037037
 40
0.7037037037037037
 40
0.7037037037037037
 40
0.7037037037037037
 40
0.7222222222222222
 40
0.7222222222222222
 40
0.7222222222222222
 40
0.7222222222222222
 40
0.7407407407407407
 40
0.7407407407407407
 40
0.7407407407407407
 40
0.7407407407407407
 40
0.7592592592592593
 40
0.7592592592592593
 40
0.7592592592592593
 40
0.7592592592592593
 40
0.7777777777777778
 40
0.7777777777777778
 40
0.7777777777777778
 40
0.7777777777777778
 40
0.7962962962962963
 40
0.7962962962962963
 40
0.7962962962962963
 40
0.7962962962962963
 40
0.8148148148148148
 40
0.8148148148148148
 40
0.8148148148148148
 40
0.8148148148148148
 40
0.8333333333333334
 40
0.8333333333333334
 40
0.8333333333333334
 40
0.8333333333333334
 40
0.8518518518518519
 40
0.8518518518518519
 40
0.8518518518518519
 40
0.8518518518518519
 40
0.8703703703703703
 40
0.8703703703703703
 40
0.8703703703703703
 40
0.8703703703703703
 40
0.8888888888888888
 40
0.8888888888888888
 40
0.8888888888888888
 40
0.8888888888888888
 40
0.9074074074074074
 40
0.9074074074074074
 40
0.9074074074074074
 40
0.9074074074074074
 40
0.9259259259259259
 40
0.9259259259259259
 40
0.9259259259259259
 40
0.9259259259259259
 40
0.9444444444444444
 40
0.9444444444444444
 40
0.9444444444444444
 40
0.9444444444444444
 40
0.9629629629629629
 40
0.9629629629629629
 40
0.9629629629629629
 40
0.9629629629629629
 40
1.0
 40
1.0
 40
1.0
 40
1.0
 10
74.35406
 20
45.70549
 30
0.0
 10
74.35528
 20
45.48436
 30
0.0
 10
74.33524
 20
45.09075
 30
0.0
 10
74.21804
 20
44.57747
 30
0.0
 10
74.21804
 20
44.57747
 30
0.0
 10
74.11117
 20
44.73491
 30
0.0
 10
73.97668
 20
44.93664
 30
0.0
 10
73.97668
 20
44.93664
 30
0.0
 10
73.97668
 20
44.93664
 30
0.0
 10
73.97668
 20
44.93664
 30
0.0
 10
73.98722
 20
45.27762
 30
0.0
 10
73.73014
 20
45.43757
 30
0.0
 10
73.73014
 20
45.43757
 30
0.0
 10
73.47314
 20
45.59758
 30
0.0
 10
73.17679
 20
45.53691
 30
0.0
 10
73.17679
 20
45.53691
 30
0.0
 10
73.17679
 20
45.53691
 30
0.0
 10
73.17679
 20
45.53691
 30
0.0
 10
73.04037
 20
45.13592
 30
0.0
 10
73.28952
 20
44.93664
 30
0.0
 10
73.28952
 20
44.93664
 30
0.0
 10
73.53123
 20
44.74332
 30
0.0
 10
73.80883
 20
44.87104
 30
0.0
 10
73.80883
 20
44.87104
 30
0.0
 10
73.80883
 20
44.87104
 30
0.0
 10
73.71705
 20
44.99694
 30
0.0
 10
73.57022
 20
45.15959
 30
0.0
 10
73.57022
 20
45.15959
 30
0.0
 10
73.57022
 20
45.15959
 30
0.0
 10
73.7369
 20
45.08276
 30
0.0
 10
73.90936
 20
44.90051
 30
0.0
 10
74.04082
 20
44.73648
 30
0.0
 10
74.04082
 20
44.73648
 30
0.0
 10
73.98426
 20
44.71217
 30
0.0
 10
73.76763
 20
44.61211
 30
0.0
 10
73.5623
 20
44.42256
 30
0.0
 10
73.5623
 20
44.42256
 30
0.0
 10
73.5623
 20
44.42256
 30
0.0
 10
73.73014
 20
44.6586
 30
0.0
 10
73.93733
 20
44.78192
 30
0.0
 10
73.93733
 20
44.78192
 30
0.0
 10
73.9445
 20
44.78615
 30
0.0
 10
73.57808
 20
44.82911
 30
0.0
 10
73.41016
 20
44.60353
 30
0.0
 10
73.41016
 20
44.60353
 30
0.0
 10
73.24232
 20
44.37798
 30
0.0
 10
73.34726
 20
44.20488
 30
0.0
 10
73.34726
 20
44.20488
 30
0.0
 10
73.34726
 20
44.20488
 30
0.0
 10
73.34726
 20
44.20488
 30
0.0
 10
73.94746
 20
44.15751
 30
0.0
 10
74.08361
 20
44.68187
 30
0.0
 10
74.08361
 20
44.68187
 30
0.0
 10
74.13191
 20
44.619
 30
0.0
 10
74.17298
 20
44.56112
 30
0.0
 10
74.20371
 20
44.51614
 30
0.0
 10
74.20371
 20
44.51614
 30
0.0
 10
74.09229
 20
44.05044
 30
0.0
 10
73.90151
 20
43.4917
 30
0.0
 10
73.57739
 20
42.87728
 30
0.0
 10
73.57739
 20
42.87728
 30
0.0
 10
73.57739
 20
42.87728
 30
0.0
 10
74.15844
 20
43.43411
 30
0.0
 10
74.40828
 20
45.05127
 30
0.0
 10
74.40828
 20
45.05127
 30
0.0
 10
74.40828
 20
45.05127
 30
0.0
 10
74.48509
 20
45.43096
 30
0.0
 10
74.51881
 20
45.70271
 30
0.0
 10
74.51881
 20
45.70271
 30
0.0
 10
74.63732
 20
45.64139
 30
0.0
 10
74.79148
 20
45.5833
 30
0.0
 10
74.9506
 20
45.58328
 30
0.0
 10
74.9506
 20
45.58328
 30
0.0
 10
74.9506
 20
45.58328
 30
0.0
 10
74.9506
 20
45.58328
 30
0.0
 10
74.95067
 20
45.58328
 30
0.0
 10
74.95067
 20
45.58328
 30
0.0
 10
75.00586
 20
45.58328
 30
0.0
 10
75.05954
 20
45.59024
 30
0.0
 10
75.11004
 20
45.60395
 30
0.0
 10
75.11004
 20
45.60395
 30
0.0
 10
75.36629
 20
45.67356
 30
0.0
 10
75.51229
 20
45.8645
 30
0.0
 10
75.61881
 20
46.00391
 30
0.0
 10
75.61881
 20
46.00391
 30
0.0
 10
75.65657
 20
46.05324
 30
0.0
 10
75.69929
 20
46.10914
 30
0.0
 10
75.72423
 20
46.1253
 30
0.0
 10
75.72423
 20
46.1253
 30
0.0
 10
75.75786
 20
46.14705
 30
0.0
 10
75.77936
 20
46.18081
 30
0.0
 10
75.78638
 20
46.21754
 30
0.0
 10
75.78638
 20
46.21754
 30
0.0
 10
75.93404
 20
46.30162
 30
0.0
 10
76.0622
 20
46.40602
 30
0.0
 10
76.06819
 20
46.5857
 30
0.0
 10
76.06819
 20
46.5857
 30
0.0
 10
76.07281
 20
46.72442
 30
0.0
 10
75.94059
 20
46.87514
 30
0.0
 10
75.84695
 20
46.96404
 30
0.0
 10
75.84695
 20
46.96404
 30
0.0
 10
75.86011
 20
46.97984
 30
0.0
 10
75.87237
 20
46.99598
 30
0.0
 10
75.88257
 20
47.01277
 30
0.0
 10
75.88257
 20
47.01277
 30
0.0
 10
75.99509
 20
47.19867
 30
0.0
 10
75.8805
 20
47.3747
 30
0.0
 10
75.78845
 20
47.51612
 30
0.0
 10
75.78845
 20
47.51612
 30
0.0
 10
75.76068
 20
47.55879
 30
0.0
 10
75.73195
 20
47.60288
 30
0.0
 10
75.71018
 20
47.64509
 30
0.0
 10
75.71018
 20
47.64509
 30
0.0
 10
75.69151
 20
47.68115
 30
0.0
 10
75.65926
 20
47.7062
 30
0.0
 10
75.62247
 20
47.71648
 30
0.0
 10
75.62247
 20
47.71648
 30
0.0
 10
75.61737
 20
47.72913
 30
0.0
 10
75.61234
 20
47.74234
 30
0.0
 10
75.60731
 20
47.7561
 30
0.0
 10
75.60731
 20
47.7561
 30
0.0
 10
75.59029
 20
47.8028
 30
0.0
 10
75.57541
 20
47.85048
 30
0.0
 10
75.56101
 20
47.8966
 30
0.0
 10
75.56101
 20
47.8966
 30
0.0
 10
75.50244
 20
48.0839
 30
0.0
 10
75.44187
 20
48.27757
 30
0.0
 10
75.24736
 20
48.2897
 30
0.0
 10
75.24736
 20
48.2897
 30
0.0
 10
75.18962
 20
48.29333
 30
0.0
 10
75.12038
 20
48.2867
 30
0.0
 10
75.03935
 20
48.27855
 30
0.0
 10
75.03935
 20
48.27855
 30
0.0
 10
74.95474
 20
48.27006
 30
0.0
 10
74.85883
 20
48.26043
 30
0.0
 10
74.74858
 20
48.26043
 30
0.0
 10
74.74858
 20
48.26043
 30
0.0
 10
74.70132
 20
48.26043
 30
0.0
 10
74.65426
 20
48.26227
 30
0.0
 10
74.60878
 20
48.26593
 30
0.0
 10
74.60878
 20
48.26593
 30
0.0
 10
74.50088
 20
48.27452
 30
0.0
 10
74.41778
 20
48.31447
 30
0.0
 10
74.34447
 20
48.34971
 30
0.0
 10
74.34447
 20
48.34971
 30
0.0
 10
74.27915
 20
48.38108
 30
0.0
 10
74.21742
 20
48.41072
 30
0.0
 10
74.14872
 20
48.41072
 30
0.0
 10
74.14872
 20
48.41072
 30
0.0
 10
74.07693
 20
48.41072
 30
0.0
 10
74.01312
 20
48.37755
 30
0.0
 10
73.96779
 20
48.31695
 30
0.0
 10
73.96779
 20
48.31695
 30
0.0
 10
73.92707
 20
48.27264
 30
0.0
 10
73.89847
 20
48.23256
 30
0.0
 10
73.8789
 20
48.19625
 30
0.0
 10
73.8789
 20
48.19625
 30
0.0
 10
73.86636
 20
48.19835
 30
0.0
 10
73.85286
 20
48.19966
 30
0.0
 10
73.83811
 20
48.19966
 30
0.0
 10
73.83811
 20
48.19966
 30
0.0
 10
73.78416
 20
48.19966
 30
0.0
 10
73.71864
 20
48.18304
 30
0.0
 10
73.65828
 20
48.15406
 30
0.0
 10
73.65828
 20
48.15406
 30
0.0
 10
73.64843
 20
48.14934
 30
0.0
 10
73.63775
 20
48.14433
 30
0.0
 10
73.62638
 20
48.13899
 30
0.0
 10
73.62638
 20
48.13899
 30
0.0
 10
73.51882
 20
48.08866
 30
0.0
 10
73.33885
 20
48.00437
 30
0.0
 10
73.21951
 20
47.8552
 30
0.0
 10
73.21951
 20
47.8552
 30
0.0
 10
73.18699
 20
47.81462
 30
0.0
 10
73.16777
 20
47.77102
 30
0.0
 10
73.1584
 20
47.72654
 30
0.0
 10
73.1584
 20
47.72654
 30
0.0
 10
73.1174
 20
47.69571
 30
0.0
 10
73.09508
 20
47.64384
 30
0.0
 10
73.10376
 20
47.59053
 30
0.0
 10
73.10376
 20
47.59053
 30
0.0
 10
73.12464
 20
47.46229
 30
0.0
 10
73.17686
 20
47.35664
 30
0.0
 10
73.23881
 20
47.27119
 30
0.0
 10
73.23881
 20
47.27119
 30
0.0
 10
72.98518
 20
47.1713
 30
0.0
 10
73.03499
 20
46.74416
 30
0.0
 10
73.05663
 20
46.61435
 30
0.0
 10
73.05663
 20
46.61435
 30
0.0
 10
73.06228
 20
46.5805
 30
0.0
 10
73.0527
 20
46.5436
 30
0.0
 10
73.04058
 20
46.49687
 30
0.0
 10
73.04058
 20
46.49687
 30
0.0
 10
72.992
 20
46.30951
 30
0.0
 10
72.97767
 20
46.12209
 30
0.0
 10
73.331
 20
45.88981
 30
0.0
 10
73.331
 20
45.88981
 30
0.0
 10
73.62886
 20
45.69397
 30
0.0
 10
73.90688
 20
45.65287
 30
0.0
 10
74.08761
 20
45.65287
 30
0.0
 10
74.08761
 20
45.65287
 30
0.0
 10
74.17677
 20
45.65287
 30
0.0
 10
74.23278
 20
45.66345
 30
0.0
 10
74.23885
 20
45.66464
 30
0.0
 10
74.23885
 20
45.66464
 30
0.0
 10
74.26889
 20
45.67058
 30
0.0
 10
74.295
 20
45.68574
 30
0.0
 10
74.31464
 20
45.70674
 30
0.0
 10
74.31464
 20
45.70674
 30
0.0
 10
74.32934
 20
45.70611
 30
0.0
 10
74.34259
 20
45.70572
 30
0.0
 10
74.35406
 20
45.70549
 30
0.0
  0
SPLINE
  5
8C
330
1F
100
AcDbEntity
  8
LAYER_1
 62
   250
100
AcDbSpline
210
0.0
220
0.0
230
1.0
 70
    11
 71
     3
 72
    64
 73
    60
 74
     0
 42
0.000000001
 43
0.0000000001
 40
0.0
 40
0.0
 40
0.0
 40
0.0
 40
0.0625
 40
0.0625
 40
0.0625
 40
0.0625
 40
0.125
 40
0.125
 40
0.125
 40
0.125
 40
0.1875
 40
0.1875
 40
0.1875
 40
0.1875
 40
0.25
 40
0.25
 40
0.25
 40
0.25
 40
0.3125
 40
0.3125
 40
0.3125
 40
0.3125
 40
0.375
 40
0.375
 40
0.375
 40
0.375
 40
0.4375
 40
0.4375
 40
0.4375
 40
0.4375
 40
0.5
 40
0.5
 40
0.5
 40
0.5
 40
0.5625
 40
0.5625
 40
0.5625
 40
0.5625
 40
0.625
 40
0.625
 40
0.625
 40
0.625
 40
0.6875
 40
0.6875
 40
0.6875
 40
0.6875
 40
0.75
 40
0.75
 40
0.75
 40
0.75
 40
0.8125
 40
0.8125
 40
0.8125
 40
0.8125
 40
0.875
 40
0.875
 40
0.875
 40
0.875
 40
1.0
 40
1.0
 40
1.0
 40
1.0
 10
74.07755
 20
48.22703
 30
0.0
 10
74.07755
 20
48.22703
 30
0.0
 10
74.07755
 20
48.22703
 30
0.0
 10
74.07755
 20
48.22703
 30
0.0
 10
74.07755
 20
48.22703
 30
0.0
 10
74.16561
 20
48.35641
 30
0.0
 10
74.30182
 20
48.14834
 30
0.0
 10
74.59748
 20
48.12473
 30
0.0
 10
74.59748
 20
48.12473
 30
0.0
 10
74.89314
 20
48.10113
 30
0.0
 10
75.11225
 20
48.1562
 30
0.0
 10
75.23854
 20
48.14834
 30
0.0
 10
75.23854
 20
48.14834
 30
0.0
 10
75.36477
 20
48.14047
 30
0.0
 10
75.3955
 20
47.92409
 30
0.0
 10
75.47419
 20
47.70772
 30
0.0
 10
75.47419
 20
47.70772
 30
0.0
 10
75.55288
 20
47.49133
 30
0.0
 10
75.64335
 20
47.39692
 30
0.0
 10
75.64335
 20
47.39692
 30
0.0
 10
75.64335
 20
47.39692
 30
0.0
 10
75.60007
 20
47.49133
 30
0.0
 10
75.58436
 20
47.58008
 30
0.0
 10
75.58436
 20
47.58008
 30
0.0
 10
75.58436
 20
47.58008
 30
0.0
 10
75.67876
 20
47.39735
 30
0.0
 10
75.85191
 20
47.23562
 30
0.0
 10
75.76137
 20
47.08612
 30
0.0
 10
75.76137
 20
47.08612
 30
0.0
 10
75.6709
 20
46.93662
 30
0.0
 10
75.35616
 20
46.81466
 30
0.0
 10
75.35616
 20
46.81466
 30
0.0
 10
75.35616
 20
46.81466
 30
0.0
 10
75.44966
 20
46.94971
 30
0.0
 10
75.41521
 20
47.18053
 30
0.0
 10
75.41521
 20
47.18053
 30
0.0
 10
75.41521
 20
47.18053
 30
0.0
 10
75.3955
 20
46.91695
 30
0.0
 10
75.23854
 20
46.75565
 30
0.0
 10
75.23854
 20
46.75565
 30
0.0
 10
75.23854
 20
46.75565
 30
0.0
 10
75.23854
 20
46.75565
 30
0.0
 10
75.30111
 20
46.87368
 30
0.0
 10
75.32867
 20
47.1021
 30
0.0
 10
75.32867
 20
47.1021
 30
0.0
 10
75.35616
 20
47.33053
 30
0.0
 10
75.18701
 20
47.71951
 30
0.0
 10
74.80543
 20
47.85709
 30
0.0
 10
74.80543
 20
47.85709
 30
0.0
 10
74.42378
 20
47.99469
 30
0.0
 10
74.07755
 20
47.84147
 30
0.0
 10
74.07755
 20
47.84147
 30
0.0
 10
74.07755
 20
47.84147
 30
0.0
 10
74.1366
 20
47.9477
 30
0.0
 10
74.02249
 20
48.01457
 30
0.0
 10
73.99101
 20
48.05803
 30
0.0
 10
73.99101
 20
48.05803
 30
0.0
 10
73.95952
 20
48.10147
 30
0.0
 10
74.07755
 20
48.22703
 30
0.0
 10
74.07755
 20
48.22703
 30
0.0
  0
SPLINE
  5
8D
330
1F
100
AcDbEntity
  8
LAYER_1
 62
   250
100
AcDbSpline
210
0.0
220
0.0
230
1.0
 70
    11
 71
     3
 72
    44
 73
    40
 74
     0
 42
0.000000001
 43
0.0000000001
 40
0.0
 40
0.0
 40
0.0
 40
0.0
 40
0.0909090909090909
 40
0.0909090909090909
 40
0.0909090909090909
 40
0.0909090909090909
 40
0.1818181818181818
 40
0.1818181818181818
 40
0.1818181818181818
 40
0.1818181818181818
 40
0.2727272727272727
 40
0.2727272727272727
 40
0.2727272727272727
 40
0.2727272727272727
 40
0.3636363636363636
 40
0.3636363636363636
 40
0.3636363636363636
 40
0.3636363636363636
 40
0.4545454545454545
 40
0.4545454545454545
 40
0.4545454545454545
 40
0.4545454545454545
 40
0.5454545454545454
 40
0.5454545454545454
 40
0.5454545454545454
 40
0.5454545454545454
 40
0.6363636363636364
 40
0.6363636363636364
 40
0.6363636363636364
 40
0.6363636363636364
 40
0.7272727272727273
 40
0.7272727272727273
 40
0.7272727272727273
 40
0.7272727272727273
 40
0.8181818181818182
 40
0.8181818181818182
 40
0.8181818181818182
 40
0.8181818181818182
 40
1.0
 40
1.0
 40
1.0
 40
1.0
 10
73.76287
 20
46.5904
 30
0.0
 10
73.76287
 20
46.5904
 30
0.0
 10
73.76287
 20
46.5904
 30
0.0
 10
73.76287
 20
46.5904
 30
0.0
 10
73.76287
 20
46.5904
 30
0.0
 10
73.76287
 20
46.5904
 30
0.0
 10
73.71954
 20
46.85793
 30
0.0
 10
73.77073
 20
47.0153
 30
0.0
 10
73.77073
 20
47.0153
 30
0.0
 10
73.77073
 20
47.0153
 30
0.0
 10
73.84941
 20
46.56288
 30
0.0
 10
74.24284
 20
46.42518
 30
0.0
 10
74.24284
 20
46.42518
 30
0.0
 10
74.6362
 20
46.28748
 30
0.0
 10
75.04934
 20
46.46452
 30
0.0
 10
75.04934
 20
46.46452
 30
0.0
 10
75.04934
 20
46.46452
 30
0.0
 10
75.04934
 20
46.46452
 30
0.0
 10
74.84078
 20
46.31896
 30
0.0
 10
74.66769
 20
46.30322
 30
0.0
 10
74.66769
 20
46.30322
 30
0.0
 10
74.66769
 20
46.30322
 30
0.0
 10
74.84477
 20
46.27175
 30
0.0
 10
75.02571
 20
46.38584
 30
0.0
 10
75.02571
 20
46.38584
 30
0.0
 10
75.02571
 20
46.38584
 30
0.0
 10
74.82506
 20
45.94915
 30
0.0
 10
74.32939
 20
46.0829
 30
0.0
 10
74.32939
 20
46.0829
 30
0.0
 10
74.32939
 20
46.0829
 30
0.0
 10
73.94381
 20
46.05144
 30
0.0
 10
73.77073
 20
46.40551
 30
0.0
 10
73.77073
 20
46.40551
 30
0.0
 10
73.59758
 20
46.75957
 30
0.0
 10
73.69204
 20
47.0153
 30
0.0
 10
73.69204
 20
47.0153
 30
0.0
 10
73.69204
 20
47.0153
 30
0.0
 10
73.69204
 20
47.0153
 30
0.0
 10
73.68419
 20
46.77532
 30
0.0
 10
73.76287
 20
46.5904
 30
0.0
  0
SPLINE
  5
8E
330
1F
100
AcDbEntity
  8
LAYER_1
 62
   250
100
AcDbSpline
210
0.0
220
0.0
230
1.0
 70
    11
 71
     3
 72
    60
 73
    56
 74
     0
 42
0.000000001
 43
0.0000000001
 40
0.0
 40
0.0
 40
0.0
 40
0.0
 40
0.0666666666666667
 40
0.0666666666666667
 40
0.0666666666666667
 40
0.0666666666666667
 40
0.1333333333333333
 40
0.1333333333333333
 40
0.1333333333333333
 40
0.1333333333333333
 40
0.2
 40
0.2
 40
0.2
 40
0.2
 40
0.2666666666666667
 40
0.2666666666666667
 40
0.2666666666666667
 40
0.2666666666666667
 40
0.3333333333333333
 40
0.3333333333333333
 40
0.3333333333333333
 40
0.3333333333333333
 40
0.4
 40
0.4
 40
0.4
 40
0.4
 40
0.4666666666666667
 40
0.4666666666666667
 40
0.4666666666666667
 40
0.4666666666666667
 40
0.5333333333333333
 40
0.5333333333333333
 40
0.5333333333333333
 40
0.5333333333333333
 40
0.6
 40
0.6
 40
0.6
 40
0.6
 40
0.6666666666666666
 40
0.6666666666666666
 40
0.6666666666666666
 40
0.6666666666666666
 40
0.7333333333333333
 40
0.7333333333333333
 40
0.7333333333333333
 40
0.7333333333333333
 40
0.8
 40
0.8
 40
0.8
 40
0.8
 40
0.8666666666666667
 40
0.8666666666666667
 40
0.8666666666666667
 40
0.8666666666666667
 40
1.0
 40
1.0
 40
1.0
 40
1.0
 10
74.95095
 20
47.49893
 30
0.0
 10
74.95095
 20
47.49893
 30
0.0
 10
74.95095
 20
47.49893
 30
0.0
 10
74.95095
 20
47.49893
 30
0.0
 10
74.95095
 20
47.49893
 30
0.0
 10
75.00607
 20
47.22878
 30
0.0
 10
74.80543
 20
46.99012
 30
0.0
 10
74.57461
 20
46.93767
 30
0.0
 10
74.57461
 20
46.93767
 30
0.0
 10
74.34379
 20
46.88522
 30
0.0
 10
74.26248
 20
47.09241
 30
0.0
 10
74.26248
 20
47.09241
 30
0.0
 10
74.26248
 20
47.09241
 30
0.0
 10
74.18772
 20
47.26943
 30
0.0
 10
74.25856
 20
47.50549
 30
0.0
 10
74.54574
 20
47.47795
 30
0.0
 10
74.54574
 20
47.47795
 30
0.0
 10
74.83292
 20
47.4504
 30
0.0
 10
74.6823
 20
47.04912
 30
0.0
 10
74.6823
 20
47.04912
 30
0.0
 10
74.6823
 20
47.04912
 30
0.0
 10
74.6823
 20
47.04912
 30
0.0
 10
74.86661
 20
47.13211
 30
0.0
 10
74.82114
 20
47.38746
 30
0.0
 10
74.82114
 20
47.38746
 30
0.0
 10
74.77566
 20
47.64281
 30
0.0
 10
74.46312
 20
47.5763
 30
0.0
 10
74.46312
 20
47.5763
 30
0.0
 10
74.46312
 20
47.5763
 30
0.0
 10
74.53602
 20
47.64581
 30
0.0
 10
74.62642
 20
47.69097
 30
0.0
 10
74.71014
 20
47.69852
 30
0.0
 10
74.71014
 20
47.69852
 30
0.0
 10
74.57454
 20
47.71414
 30
0.0
 10
74.36542
 20
47.70441
 30
0.0
 10
74.23478
 20
47.53462
 30
0.0
 10
74.23478
 20
47.53462
 30
0.0
 10
74.05633
 20
47.30276
 30
0.0
 10
74.18386
 20
47.01294
 30
0.0
 10
74.18386
 20
47.01294
 30
0.0
 10
74.18386
 20
47.01294
 30
0.0
 10
73.93968
 20
47.1718
 30
0.0
 10
73.90832
 20
47.73348
 30
0.0
 10
74.23733
 20
47.80216
 30
0.0
 10
74.23733
 20
47.80216
 30
0.0
 10
74.56627
 20
47.87084
 30
0.0
 10
74.84236
 20
47.67209
 30
0.0
 10
74.84236
 20
47.67209
 30
0.0
 10
74.84236
 20
47.67209
 30
0.0
 10
74.84236
 20
47.67209
 30
0.0
 10
74.84153
 20
47.67233
 30
0.0
 10
74.84043
 20
47.6727
 30
0.0
 10
74.84043
 20
47.6727
 30
0.0
 10
74.89238
 20
47.64286
 30
0.0
 10
74.93296
 20
47.58728
 30
0.0
 10
74.95095
 20
47.49893
 30
0.0
  0
SPLINE
  5
8F
330
1F
100
AcDbEntity
  8
LAYER_1
 62
   250
100
AcDbSpline
210
0.0
220
0.0
230
1.0
 70
    11
 71
     3
 72
    76
 73
    72
 74
     0
 42
0.000000001
 43
0.0000000001
 40
0.0
 40
0.0
 40
0.0
 40
0.0
 40
0.0526315789473684
 40
0.0526315789473684
 40
0.0526315789473684
 40
0.0526315789473684
 40
0.1052631578947368
 40
0.1052631578947368
 40
0.1052631578947368
 40
0.1052631578947368
 40
0.1578947368421053
 40
0.1578947368421053
 40
0.1578947368421053
 40
0.1578947368421053
 40
0.2105263157894737
 40
0.2105263157894737
 40
0.2105263157894737
 40
0.2105263157894737
 40
0.2631578947368421
 40
0.2631578947368421
 40
0.2631578947368421
 40
0.2631578947368421
 40
0.3157894736842105
 40
0.3157894736842105
 40
0.3157894736842105
 40
0.3157894736842105
 40
0.3684210526315789
 40
0.3684210526315789
 40
0.3684210526315789
 40
0.3684210526315789
 40
0.4210526315789473
 40
0.4210526315789473
 40
0.4210526315789473
 40
0.4210526315789473
 40
0.4736842105263158
 40
0.4736842105263158
 40
0.4736842105263158
 40
0.4736842105263158
 40
0.5263157894736842
 40
0.5263157894736842
 40
0.5263157894736842
 40
0.5263157894736842
 40
0.5789473684210527
 40
0.5789473684210527
 40
0.5789473684210527
 40
0.5789473684210527
 40
0.631578947368421
 40
0.631578947368421
 40
0.631578947368421
 40
0.631578947368421
 40
0.6842105263157895
 40
0.6842105263157895
 40
0.6842105263157895
 40
0.6842105263157895
 40
0.7368421052631579
 40
0.7368421052631579
 40
0.7368421052631579
 40
0.7368421052631579
 40
0.7894736842105263
 40
0.7894736842105263
 40
0.7894736842105263
 40
0.7894736842105263
 40
0.8421052631578947
 40
0.8421052631578947
 40
0.8421052631578947
 40
0.8421052631578947
 40
0.8947368421052632
 40
0.8947368421052632
 40
0.8947368421052632
 40
0.8947368421052632
 40
1.0
 40
1.0
 40
1.0
 40
1.0
 10
74.10318
 20
46.75565
 30
0.0
 10
74.10318
 20
46.75565
 30
0.0
 10
74.10318
 20
46.75565
 30
0.0
 10
74.10318
 20
46.75565
 30
0.0
 10
74.10318
 20
46.75565
 30
0.0
 10
74.18186
 20
46.60091
 30
0.0
 10
74.35784
 20
46.53637
 30
0.0
 10
74.35784
 20
46.53637
 30
0.0
 10
74.35784
 20
46.53637
 30
0.0
 10
74.24767
 20
46.59144
 30
0.0
 10
74.16809
 20
46.75565
 30
0.0
 10
74.16809
 20
46.75565
 30
0.0
 10
74.16809
 20
46.75565
 30
0.0
 10
74.38836
 20
46.61993
 30
0.0
 10
74.41896
 20
46.64353
 30
0.0
 10
74.52741
 20
46.66253
 30
0.0
 10
74.52741
 20
46.66253
 30
0.0
 10
74.52741
 20
46.66253
 30
0.0
 10
74.2651
 20
46.72287
 30
0.0
 10
74.12612
 20
46.92482
 30
0.0
 10
74.12612
 20
46.92482
 30
0.0
 10
74.12612
 20
46.92482
 30
0.0
 10
74.33593
 20
46.74385
 30
0.0
 10
74.62442
 20
46.83039
 30
0.0
 10
74.62442
 20
46.83039
 30
0.0
 10
74.91292
 20
46.91695
 30
0.0
 10
75.01
 20
47.1766
 30
0.0
 10
75.01
 20
47.1766
 30
0.0
 10
75.01
 20
47.1766
 30
0.0
 10
75.01
 20
47.1766
 30
0.0
 10
74.98636
 20
46.96941
 30
0.0
 10
74.86048
 20
46.86449
 30
0.0
 10
74.86048
 20
46.86449
 30
0.0
 10
74.86048
 20
46.86449
 30
0.0
 10
75.00738
 20
46.9458
 30
0.0
 10
75.04934
 20
47.07168
 30
0.0
 10
75.04934
 20
47.07168
 30
0.0
 10
75.0913
 20
47.19758
 30
0.0
 10
75.03618
 20
47.4651
 30
0.0
 10
75.03618
 20
47.4651
 30
0.0
 10
75.03618
 20
47.4651
 30
0.0
 10
75.03618
 20
47.4651
 30
0.0
 10
75.2486
 20
47.32915
 30
0.0
 10
75.23813
 20
47.12043
 30
0.0
 10
75.23813
 20
47.12043
 30
0.0
 10
75.22766
 20
46.91171
 30
0.0
 10
75.02309
 20
46.73074
 30
0.0
 10
75.02309
 20
46.73074
 30
0.0
 10
75.02309
 20
46.73074
 30
0.0
 10
75.02309
 20
46.73074
 30
0.0
 10
75.13581
 20
46.79893
 30
0.0
 10
75.19355
 20
46.8881
 30
0.0
 10
75.19355
 20
46.8881
 30
0.0
 10
75.19355
 20
46.8881
 30
0.0
 10
75.08069
 20
46.58751
 30
0.0
 10
74.83946
 20
46.51043
 30
0.0
 10
74.83946
 20
46.51043
 30
0.0
 10
74.77835
 20
46.49089
 30
0.0
 10
74.72116
 20
46.48288
 30
0.0
 10
74.6679
 20
46.48304
 30
0.0
 10
74.6679
 20
46.48304
 30
0.0
 10
74.66845
 20
46.48288
 30
0.0
 10
74.66886
 20
46.48278
 30
0.0
 10
74.66886
 20
46.48278
 30
0.0
 10
74.66886
 20
46.48278
 30
0.0
 10
74.05791
 20
46.36354
 30
0.0
 10
73.88828
 20
46.90384
 30
0.0
 10
73.88828
 20
46.90384
 30
0.0
 10
73.88828
 20
46.90384
 30
0.0
 10
74.00444
 20
46.74123
 30
0.0
 10
74.10318
 20
46.75565
 30
0.0
 10
74.10318
 20
46.75565
 30
0.0
  0
SPLINE
  5
90
330
1F
100
AcDbEntity
  8
LAYER_1
 62
   250
100
AcDbSpline
210
0.0
220
0.0
230
1.0
 70
    11
 71
     3
 72
    20
 73
    16
 74
     0
 42
0.000000001
 43
0.0000000001
 40
0.0
 40
0.0
 40
0.0
 40
0.0
 40
0.2
 40
0.2
 40
0.2
 40
0.2
 40
0.4
 40
0.4
 40
0.4
 40
0.4
 40
0.6
 40
0.6
 40
0.6
 40
0.6
 40
1.0
 40
1.0
 40
1.0
 40
1.0
 10
75.18308
 20
46.66909
 30
0.0
 10
75.18308
 20
46.66909
 30
0.0
 10
75.18308
 20
46.66909
 30
0.0
 10
75.18308
 20
46.66909
 30
0.0
 10
75.18308
 20
46.66909
 30
0.0
 10
75.18308
 20
46.66909
 30
0.0
 10
75.36402
 20
46.66909
 30
0.0
 10
75.52931
 20
46.81466
 30
0.0
 10
75.52931
 20
46.81466
 30
0.0
 10
75.52931
 20
46.81466
 30
0.0
 10
75.36801
 20
46.34256
 30
0.0
 10
75.01
 20
46.24028
 30
0.0
 10
75.01
 20
46.24028
 30
0.0
 10
75.01
 20
46.24028
 30
0.0
 10
75.17908
 20
46.39374
 30
0.0
 10
75.18308
 20
46.66909
 30
0.0
  0
SPLINE
  5
91
330
1F
100
AcDbEntity
  8
LAYER_1
 62
   250
100
AcDbSpline
210
0.0
220
0.0
230
1.0
 70
    11
 71
     3
 72
    40
 73
    36
 74
     0
 42
0.000000001
 43
0.0000000001
 40
0.0
 40
0.0
 40
0.0
 40
0.0
 40
0.1
 40
0.1
 40
0.1
 40
0.1
 40
0.2
 40
0.2
 40
0.2
 40
0.2
 40
0.3
 40
0.3
 40
0.3
 40
0.3
 40
0.4
 40
0.4
 40
0.4
 40
0.4
 40
0.5
 40
0.5
 40
0.5
 40
0.5
 40
0.6
 40
0.6
 40
0.6
 40
0.6
 40
0.7
 40
0.7
 40
0.7
 40
0.7
 40
0.8
 40
0.8
 40
0.8
 40
0.8
 40
1.0
 40
1.0
 40
1.0
 40
1.0
 10
73.99493
 20
47.88474
 30
0.0
 10
73.99493
 20
47.88474
 30
0.0
 10
73.99493
 20
47.88474
 30
0.0
 10
73.99493
 20
47.88474
 30
0.0
 10
73.99493
 20
47.88474
 30
0.0
 10
74.00086
 20
47.84738
 30
0.0
 10
73.94774
 20
47.81984
 30
0.0
 10
73.94774
 20
47.81984
 30
0.0
 10
73.94774
 20
47.81984
 30
0.0
 10
73.79236
 20
47.67426
 30
0.0
 10
73.79822
 20
47.48347
 30
0.0
 10
73.79822
 20
47.48347
 30
0.0
 10
73.79822
 20
47.48347
 30
0.0
 10
73.82185
 20
47.6487
 30
0.0
 10
73.98708
 20
47.77853
 30
0.0
 10
73.98708
 20
47.77853
 30
0.0
 10
73.98708
 20
47.77853
 30
0.0
 10
73.98708
 20
47.77853
 30
0.0
 10
73.87691
 20
47.69197
 30
0.0
 10
73.85031
 20
47.44019
 30
0.0
 10
73.85031
 20
47.44019
 30
0.0
 10
73.82371
 20
47.1884
 30
0.0
 10
74.03428
 20
46.92482
 30
0.0
 10
74.03428
 20
46.92482
 30
0.0
 10
74.03428
 20
46.92482
 30
0.0
 10
74.03428
 20
46.92482
 30
0.0
 10
73.66448
 20
47.16873
 30
0.0
 10
73.66634
 20
47.43232
 30
0.0
 10
73.66634
 20
47.43232
 30
0.0
 10
73.6682
 20
47.69592
 30
0.0
 10
73.84941
 20
47.85722
 30
0.0
 10
73.84941
 20
47.85722
 30
0.0
 10
73.84941
 20
47.85722
 30
0.0
 10
73.84941
 20
47.85722
 30
0.0
 10
73.98067
 20
47.97516
 30
0.0
 10
73.99493
 20
47.88474
 30
0.0
  0
SPLINE
  5
92
330
1F
100
AcDbEntity
  8
LAYER_1
 62
   250
100
AcDbSpline
210
0.0
220
0.0
230
1.0
 70
    11
 71
     3
 72
    48
 73
    44
 74
     0
 42
0.000000001
 43
0.0000000001
 40
0.0
 40
0.0
 40
0.0
 40
0.0
 40
0.0833333333333333
 40
0.0833333333333333
 40
0.0833333333333333
 40
0.0833333333333333
 40
0.1666666666666667
 40
0.1666666666666667
 40
0.1666666666666667
 40
0.1666666666666667
 40
0.25
 40
0.25
 40
0.25
 40
0.25
 40
0.3333333333333333
 40
0.3333333333333333
 40
0.3333333333333333
 40
0.3333333333333333
 40
0.4166666666666667
 40
0.4166666666666667
 40
0.4166666666666667
 40
0.4166666666666667
 40
0.5
 40
0.5
 40
0.5
 40
0.5
 40
0.5833333333333334
 40
0.5833333333333334
 40
0.5833333333333334
 40
0.5833333333333334
 40
0.6666666666666666
 40
0.6666666666666666
 40
0.6666666666666666
 40
0.6666666666666666
 40
0.75
 40
0.75
 40
0.75
 40
0.75
 40
0.8333333333333334
 40
0.8333333333333334
 40
0.8333333333333334
 40
0.8333333333333334
 40
1.0
 40
1.0
 40
1.0
 40
1.0
 10
73.38908
 20
47.41659
 30
0.0
 10
73.38908
 20
47.41659
 30
0.0
 10
73.38908
 20
47.41659
 30
0.0
 10
73.38908
 20
47.41659
 30
0.0
 10
73.38908
 20
47.41659
 30
0.0
 10
73.38908
 20
47.41659
 30
0.0
 10
73.21992
 20
47.62903
 30
0.0
 10
73.3301
 20
47.76673
 30
0.0
 10
73.3301
 20
47.76673
 30
0.0
 10
73.44027
 20
47.90441
 30
0.0
 10
73.62121
 20
47.97917
 30
0.0
 10
73.71954
 20
48.02639
 30
0.0
 10
73.71954
 20
48.02639
 30
0.0
 10
73.81793
 20
48.07359
 30
0.0
 10
73.93988
 20
48.07753
 30
0.0
 10
73.86512
 20
47.9713
 30
0.0
 10
73.86512
 20
47.9713
 30
0.0
 10
73.79037
 20
47.86509
 30
0.0
 10
73.60157
 20
47.71559
 30
0.0
 10
73.59758
 20
47.54642
 30
0.0
 10
73.59758
 20
47.54642
 30
0.0
 10
73.59758
 20
47.54642
 30
0.0
 10
73.55431
 20
47.68017
 30
0.0
 10
73.62121
 20
47.77853
 30
0.0
 10
73.62121
 20
47.77853
 30
0.0
 10
73.62121
 20
47.77853
 30
0.0
 10
73.49925
 20
47.65263
 30
0.0
 10
73.53074
 20
47.511
 30
0.0
 10
73.53074
 20
47.511
 30
0.0
 10
73.56223
 20
47.36937
 30
0.0
 10
73.73235
 20
47.19989
 30
0.0
 10
73.71168
 20
47.14119
 30
0.0
 10
73.71168
 20
47.14119
 30
0.0
 10
73.68612
 20
47.06841
 30
0.0
 10
73.62679
 20
47.11957
 30
0.0
 10
73.62679
 20
47.11957
 30
0.0
 10
73.62679
 20
47.11957
 30
0.0
 10
73.62679
 20
47.11957
 30
0.0
 10
73.29861
 20
47.27496
 30
0.0
 10
73.24356
 20
47.61329
 30
0.0
 10
73.24356
 20
47.61329
 30
0.0
 10
73.24356
 20
47.61329
 30
0.0
 10
73.28683
 20
47.511
 30
0.0
 10
73.38908
 20
47.41659
 30
0.0
  0
SPLINE
  5
93
330
1F
100
AcDbEntity
  8
LAYER_1
 62
   250
100
AcDbSpline
210
0.0
220
0.0
230
1.0
 70
    11
 71
     3
 72
    48
 73
    44
 74
     0
 42
0.000000001
 43
0.0000000001
 40
0.0
 40
0.0
 40
0.0
 40
0.0
 40
0.0833333333333333
 40
0.0833333333333333
 40
0.0833333333333333
 40
0.0833333333333333
 40
0.1666666666666667
 40
0.1666666666666667
 40
0.1666666666666667
 40
0.1666666666666667
 40
0.25
 40
0.25
 40
0.25
 40
0.25
 40
0.3333333333333333
 40
0.3333333333333333
 40
0.3333333333333333
 40
0.3333333333333333
 40
0.4166666666666667
 40
0.4166666666666667
 40
0.4166666666666667
 40
0.4166666666666667
 40
0.5
 40
0.5
 40
0.5
 40
0.5
 40
0.5833333333333334
 40
0.5833333333333334
 40
0.5833333333333334
 40
0.5833333333333334
 40
0.6666666666666666
 40
0.6666666666666666
 40
0.6666666666666666
 40
0.6666666666666666
 40
0.75
 40
0.75
 40
0.75
 40
0.75
 40
0.8333333333333334
 40
0.8333333333333334
 40
0.8333333333333334
 40
0.8333333333333334
 40
1.0
 40
1.0
 40
1.0
 40
1.0
 10
73.95166
 20
45.92161
 30
0.0
 10
73.95166
 20
45.92161
 30
0.0
 10
73.95166
 20
45.92161
 30
0.0
 10
73.95166
 20
45.92161
 30
0.0
 10
73.95166
 20
45.92161
 30
0.0
 10
73.95166
 20
45.92161
 30
0.0
 10
74.07362
 20
45.81145
 30
0.0
 10
74.21136
 20
45.80358
 30
0.0
 10
74.21136
 20
45.80358
 30
0.0
 10
74.21136
 20
45.80358
 30
0.0
 10
73.83363
 20
45.72884
 30
0.0
 10
73.40879
 20
46.00815
 30
0.0
 10
73.40879
 20
46.00815
 30
0.0
 10
72.98387
 20
46.28748
 30
0.0
 10
73.23171
 20
46.42518
 30
0.0
 10
73.19629
 20
46.63762
 30
0.0
 10
73.19629
 20
46.63762
 30
0.0
 10
73.16095
 20
46.85006
 30
0.0
 10
73.17273
 20
47.09792
 30
0.0
 10
73.29469
 20
47.14119
 30
0.0
 10
73.29469
 20
47.14119
 30
0.0
 10
73.29469
 20
47.14119
 30
0.0
 10
73.22385
 20
47.0389
 30
0.0
 10
73.21992
 20
46.8894
 30
0.0
 10
73.21992
 20
46.8894
 30
0.0
 10
73.21992
 20
46.8894
 30
0.0
 10
73.26712
 20
47.11366
 30
0.0
 10
73.41664
 20
47.10972
 30
0.0
 10
73.41664
 20
47.10972
 30
0.0
 10
73.56616
 20
47.10579
 30
0.0
 10
73.56223
 20
47.0507
 30
0.0
 10
73.56223
 20
47.0507
 30
0.0
 10
73.56223
 20
47.0507
 30
0.0
 10
73.56223
 20
47.0507
 30
0.0
 10
73.4914
 20
46.5196
 30
0.0
 10
73.68811
 20
46.25995
 30
0.0
 10
73.68811
 20
46.25995
 30
0.0
 10
73.88483
 20
46.00029
 30
0.0
 10
74.38836
 20
45.84685
 30
0.0
 10
74.38836
 20
45.84685
 30
0.0
 10
74.38836
 20
45.84685
 30
0.0
 10
74.38836
 20
45.84685
 30
0.0
 10
74.11689
 20
45.84292
 30
0.0
 10
73.95166
 20
45.92161
 30
0.0
  0
SPLINE
  5
94
330
1F
100
AcDbEntity
  8
LAYER_1
 62
   250
100
AcDbSpline
210
0.0
220
0.0
230
1.0
 70
    11
 71
     3
 72
    48
 73
    44
 74
     0
 42
0.000000001
 43
0.0000000001
 40
0.0
 40
0.0
 40
0.0
 40
0.0
 40
0.0833333333333333
 40
0.0833333333333333
 40
0.0833333333333333
 40
0.0833333333333333
 40
0.1666666666666667
 40
0.1666666666666667
 40
0.1666666666666667
 40
0.1666666666666667
 40
0.25
 40
0.25
 40
0.25
 40
0.25
 40
0.3333333333333333
 40
0.3333333333333333
 40
0.3333333333333333
 40
0.3333333333333333
 40
0.4166666666666667
 40
0.4166666666666667
 40
0.4166666666666667
 40
0.4166666666666667
 40
0.5
 40
0.5
 40
0.5
 40
0.5
 40
0.5833333333333334
 40
0.5833333333333334
 40
0.5833333333333334
 40
0.5833333333333334
 40
0.6666666666666666
 40
0.6666666666666666
 40
0.6666666666666666
 40
0.6666666666666666
 40
0.75
 40
0.75
 40
0.75
 40
0.75
 40
0.8333333333333334
 40
0.8333333333333334
 40
0.8333333333333334
 40
0.8333333333333334
 40
1.0
 40
1.0
 40
1.0
 40
1.0
 10
75.64727
 20
46.30322
 30
0.0
 10
75.64727
 20
46.30322
 30
0.0
 10
75.64727
 20
46.30322
 30
0.0
 10
75.64727
 20
46.30322
 30
0.0
 10
75.64727
 20
46.30322
 30
0.0
 10
75.46634
 20
46.20879
 30
0.0
 10
75.40735
 20
46.07898
 30
0.0
 10
75.40735
 20
46.07898
 30
0.0
 10
75.40735
 20
46.07898
 30
0.0
 10
75.51353
 20
46.18519
 30
0.0
 10
75.64727
 20
46.24421
 30
0.0
 10
75.64727
 20
46.24421
 30
0.0
 10
75.64727
 20
46.24421
 30
0.0
 10
75.51353
 20
46.15765
 30
0.0
 10
75.39157
 20
45.82718
 30
0.0
 10
75.0729
 20
45.74064
 30
0.0
 10
75.0729
 20
45.74064
 30
0.0
 10
74.75423
 20
45.65408
 30
0.0
 10
74.38836
 20
45.95308
 30
0.0
 10
74.38836
 20
45.95308
 30
0.0
 10
74.38836
 20
45.95308
 30
0.0
 10
74.9588
 20
46.01209
 30
0.0
 10
75.06505
 20
46.10258
 30
0.0
 10
75.26962
 20
46.26781
 30
0.0
 10
75.26962
 20
46.26781
 30
0.0
 10
75.47419
 20
46.43305
 30
0.0
 10
75.61585
 20
46.7281
 30
0.0
 10
75.61585
 20
46.7281
 30
0.0
 10
75.61585
 20
46.7281
 30
0.0
 10
75.61585
 20
46.7281
 30
0.0
 10
75.5568
 20
46.55893
 30
0.0
 10
75.5568
 20
46.55893
 30
0.0
 10
75.5568
 20
46.55893
 30
0.0
 10
75.71418
 20
46.7163
 30
0.0
 10
75.70239
 20
46.90384
 30
0.0
 10
75.70239
 20
46.90384
 30
0.0
 10
75.70239
 20
46.90384
 30
0.0
 10
75.70239
 20
46.90384
 30
0.0
 10
75.93059
 20
46.70843
 30
0.0
 10
75.9266
 20
46.5904
 30
0.0
 10
75.9266
 20
46.5904
 30
0.0
 10
75.92267
 20
46.47239
 30
0.0
 10
75.82828
 20
46.39763
 30
0.0
 10
75.64727
 20
46.30322
 30
0.0
  0
SPLINE
  5
95
330
1F
100
AcDbEntity
  8
LAYER_1
 62
   250
100
AcDbSpline
210
0.0
220
0.0
230
1.0
 70
    11
 71
     3
 72
    12
 73
     8
 74
     0
 42
0.000000001
 43
0.0000000001
 40
0.0
 40
0.0
 40
0.0
 40
0.0
 40
0.3333333333333333
 40
0.3333333333333333
 40
0.3333333333333333
 40
0.3333333333333333
 40
1.0
 40
1.0
 40
1.0
 40
1.0
 10
74.0801
 20
47.2396
 30
0.0
 10
74.05371
 20
47.66863
 30
0.0
 10
74.30617
 20
47.75223
 30
0.0
 10
74.30617
 20
47.75223
 30
0.0
 10
74.30617
 20
47.75223
 30
0.0
 10
73.92734
 20
47.72318
 30
0.0
 10
74.0801
 20
47.2396
 30
0.0
 10
74.0801
 20
47.2396
 30
0.0
  0
SPLINE
  5
96
330
1F
100
AcDbEntity
  8
LAYER_1
 62
   250
100
AcDbSpline
210
0.0
220
0.0
230
1.0
 70
    11
 71
     3
 72
    12
 73
     8
 74
     0
 42
0.000000001
 43
0.0000000001
 40
0.0
 40
0.0
 40
0.0
 40
0.0
 40
0.3333333333333333
 40
0.3333333333333333
 40
0.3333333333333333
 40
0.3333333333333333
 40
1.0
 40
1.0
 40
1.0
 40
1.0
 10
75.39157
 20
47.2807
 30
0.0
 10
75.39157
 20
47.2807
 30
0.0
 10
75.41555
 20
47.93775
 30
0.0
 10
74.93131
 20
47.89656
 30
0.0
 10
74.93131
 20
47.89656
 30
0.0
 10
74.93131
 20
47.89656
 30
0.0
 10
75.32467
 20
47.74671
 30
0.0
 10
75.39157
 20
47.2807
 30
0.0
  0
SPLINE
  5
97
330
1F
100
AcDbEntity
  8
LAYER_1
 62
   250
100
AcDbSpline
210
0.0
220
0.0
230
1.0
 70
    11
 71
     3
 72
    12
 73
     8
 74
     0
 42
0.000000001
 43
0.0000000001
 40
0.0
 40
0.0
 40
0.0
 40
0.0
 40
0.3333333333333333
 40
0.3333333333333333
 40
0.3333333333333333
 40
0.3333333333333333
 40
1.0
 40
1.0
 40
1.0
 40
1.0
 10
73.40486
 20
46.8658
 30
0.0
 10
73.27202
 20
46.09622
 30
0.0
 10
73.81007
 20
46.05745
 30
0.0
 10
73.81007
 20
46.05745
 30
0.0
 10
73.81007
 20
46.05745
 30
0.0
 10
73.38908
 20
46.26007
 30
0.0
 10
73.40486
 20
46.8658
 30
0.0
 10
73.40486
 20
46.8658
 30
0.0
  0
SPLINE
  5
98
330
1F
100
AcDbEntity
  8
LAYER_1
 62
   250
100
AcDbSpline
210
0.0
220
0.0
230
1.0
 70
    11
 71
     3
 72
    20
 73
    16
 74
     0
 42
0.000000001
 43
0.0000000001
 40
0.0
 40
0.0
 40
0.0
 40
0.0
 40
0.2
 40
0.2
 40
0.2
 40
0.2
 40
0.4
 40
0.4
 40
0.4
 40
0.4
 40
0.6
 40
0.6
 40
0.6
 40
0.6
 40
1.0
 40
1.0
 40
1.0
 40
1.0
 10
74.38836
 20
47.31451
 30
0.0
 10
74.28611
 20
47.17502
 30
0.0
 10
74.47098
 20
47.04912
 30
0.0
 10
74.47098
 20
47.04912
 30
0.0
 10
74.47098
 20
47.04912
 30
0.0
 10
74.47098
 20
47.04912
 30
0.0
 10
74.42771
 20
47.18289
 30
0.0
 10
74.49847
 20
47.21036
 30
0.0
 10
74.49847
 20
47.21036
 30
0.0
 10
74.56923
 20
47.23784
 30
0.0
 10
74.60389
 20
47.09633
 30
0.0
 10
74.60389
 20
47.09633
 30
0.0
 10
74.60389
 20
47.09633
 30
0.0
 10
74.68175
 20
47.32059
 30
0.0
 10
74.47091
 20
47.42704
 30
0.0
 10
74.38836
 20
47.31451
 30
0.0
  0
SPLINE
  5
99
330
1F
100
AcDbEntity
  8
LAYER_1
 62
   250
100
AcDbSpline
210
0.0
220
0.0
230
1.0
 70
    11
 71
     3
 72
    52
 73
    48
 74
     0
 42
0.000000001
 43
0.0000000001
 40
0.0
 40
0.0
 40
0.0
 40
0.0
 40
0.0769230769230769
 40
0.0769230769230769
 40
0.0769230769230769
 40
0.0769230769230769
 40
0.1538461538461539
 40
0.1538461538461539
 40
0.1538461538461539
 40
0.1538461538461539
 40
0.2307692307692308
 40
0.2307692307692308
 40
0.2307692307692308
 40
0.2307692307692308
 40
0.3076923076923077
 40
0.3076923076923077
 40
0.3076923076923077
 40
0.3076923076923077
 40
0.3846153846153846
 40
0.3846153846153846
 40
0.3846153846153846
 40
0.3846153846153846
 40
0.4615384615384616
 40
0.4615384615384616
 40
0.4615384615384616
 40
0.4615384615384616
 40
0.5384615384615384
 40
0.5384615384615384
 40
0.5384615384615384
 40
0.5384615384615384
 40
0.6153846153846154
 40
0.6153846153846154
 40
0.6153846153846154
 40
0.6153846153846154
 40
0.6923076923076923
 40
0.6923076923076923
 40
0.6923076923076923
 40
0.6923076923076923
 40
0.7692307692307693
 40
0.7692307692307693
 40
0.7692307692307693
 40
0.7692307692307693
 40
0.8461538461538461
 40
0.8461538461538461
 40
0.8461538461538461
 40
0.8461538461538461
 40
1.0
 40
1.0
 40
1.0
 40
1.0
 10
66.02962
 20
41.67067
 30
0.0
 10
66.02962
 20
41.67067
 30
0.0
 10
66.02962
 20
42.27689
 30
0.0
 10
66.02962
 20
42.27689
 30
0.0
 10
66.02962
 20
42.27689
 30
0.0
 10
66.02962
 20
42.27689
 30
0.0
 10
66.23847
 20
42.27689
 30
0.0
 10
66.23847
 20
42.27689
 30
0.0
 10
66.23847
 20
42.27689
 30
0.0
 10
66.2856
 20
42.27689
 30
0.0
 10
66.32158
 20
42.27406
 30
0.0
 10
66.34642
 20
42.26828
 30
0.0
 10
66.34642
 20
42.26828
 30
0.0
 10
66.38113
 20
42.26023
 30
0.0
 10
66.41077
 20
42.2457
 30
0.0
 10
66.43532
 20
42.22482
 30
0.0
 10
66.43532
 20
42.22482
 30
0.0
 10
66.46735
 20
42.19772
 30
0.0
 10
66.4912
 20
42.16329
 30
0.0
 10
66.507
 20
42.12124
 30
0.0
 10
66.507
 20
42.12124
 30
0.0
 10
66.52295
 20
42.07919
 30
0.0
 10
66.53085
 20
42.03107
 30
0.0
 10
66.53085
 20
41.97702
 30
0.0
 10
66.53085
 20
41.97702
 30
0.0
 10
66.53085
 20
41.93102
 30
0.0
 10
66.52549
 20
41.89024
 30
0.0
 10
66.51477
 20
41.85468
 30
0.0
 10
66.51477
 20
41.85468
 30
0.0
 10
66.50404
 20
41.81912
 30
0.0
 10
66.49021
 20
41.78963
 30
0.0
 10
66.47342
 20
41.76634
 30
0.0
 10
66.47342
 20
41.76634
 30
0.0
 10
66.45649
 20
41.74306
 30
0.0
 10
66.43814
 20
41.72472
 30
0.0
 10
66.4181
 20
41.71145
 30
0.0
 10
66.4181
 20
41.71145
 30
0.0
 10
66.39821
 20
41.69805
 30
0.0
 10
66.37408
 20
41.68789
 30
0.0
 10
66.34585
 20
41.68097
 30
0.0
 10
66.34585
 20
41.68097
 30
0.0
 10
66.31749
 20
41.67406
 30
0.0
 10
66.28504
 20
41.67067
 30
0.0
 10
66.24835
 20
41.67067
 30
0.0
 10
66.24835
 20
41.67067
 30
0.0
 10
66.24835
 20
41.67067
 30
0.0
 10
66.02962
 20
41.67067
 30
0.0
 10
66.02962
 20
41.67067
 30
0.0
  0
SPLINE
  5
9A
330
1F
100
AcDbEntity
  8
LAYER_1
 62
   250
100
AcDbSpline
210
0.0
220
0.0
230
1.0
 70
    11
 71
     3
 72
    44
 73
    40
 74
     0
 42
0.000000001
 43
0.0000000001
 40
0.0
 40
0.0
 40
0.0
 40
0.0
 40
0.0909090909090909
 40
0.0909090909090909
 40
0.0909090909090909
 40
0.0909090909090909
 40
0.1818181818181818
 40
0.1818181818181818
 40
0.1818181818181818
 40
0.1818181818181818
 40
0.2727272727272727
 40
0.2727272727272727
 40
0.2727272727272727
 40
0.2727272727272727
 40
0.3636363636363636
 40
0.3636363636363636
 40
0.3636363636363636
 40
0.3636363636363636
 40
0.4545454545454545
 40
0.4545454545454545
 40
0.4545454545454545
 40
0.4545454545454545
 40
0.5454545454545454
 40
0.5454545454545454
 40
0.5454545454545454
 40
0.5454545454545454
 40
0.6363636363636364
 40
0.6363636363636364
 40
0.6363636363636364
 40
0.6363636363636364
 40
0.7272727272727273
 40
0.7272727272727273
 40
0.7272727272727273
 40
0.7272727272727273
 40
0.8181818181818182
 40
0.8181818181818182
 40
0.8181818181818182
 40
0.8181818181818182
 40
1.0
 40
1.0
 40
1.0
 40
1.0
 10
66.11006
 20
41.74179
 30
0.0
 10
66.11006
 20
41.74179
 30
0.0
 10
66.23932
 20
41.74179
 30
0.0
 10
66.23932
 20
41.74179
 30
0.0
 10
66.23932
 20
41.74179
 30
0.0
 10
66.27925
 20
41.74179
 30
0.0
 10
66.31058
 20
41.74546
 30
0.0
 10
66.3333
 20
41.75294
 30
0.0
 10
66.3333
 20
41.75294
 30
0.0
 10
66.35601
 20
41.76042
 30
0.0
 10
66.37408
 20
41.77086
 30
0.0
 10
66.38762
 20
41.78441
 30
0.0
 10
66.38762
 20
41.78441
 30
0.0
 10
66.40653
 20
41.80346
 30
0.0
 10
66.42135
 20
41.82914
 30
0.0
 10
66.43193
 20
41.86131
 30
0.0
 10
66.43193
 20
41.86131
 30
0.0
 10
66.44252
 20
41.89349
 30
0.0
 10
66.44788
 20
41.93243
 30
0.0
 10
66.44788
 20
41.97829
 30
0.0
 10
66.44788
 20
41.97829
 30
0.0
 10
66.44788
 20
42.04179
 30
0.0
 10
66.43744
 20
42.09062
 30
0.0
 10
66.41669
 20
42.12477
 30
0.0
 10
66.41669
 20
42.12477
 30
0.0
 10
66.39595
 20
42.15892
 30
0.0
 10
66.37069
 20
42.18178
 30
0.0
 10
66.34092
 20
42.19335
 30
0.0
 10
66.34092
 20
42.19335
 30
0.0
 10
66.31947
 20
42.20167
 30
0.0
 10
66.28489
 20
42.20577
 30
0.0
 10
66.2372
 20
42.20577
 30
0.0
 10
66.2372
 20
42.20577
 30
0.0
 10
66.2372
 20
42.20577
 30
0.0
 10
66.11006
 20
42.20577
 30
0.0
 10
66.11006
 20
42.20577
 30
0.0
 10
66.11006
 20
42.20577
 30
0.0
 10
66.11006
 20
42.20577
 30
0.0
 10
66.11006
 20
41.74179
 30
0.0
 10
66.11006
 20
41.74179
 30
0.0
  0
SPLINE
  5
9B
330
1F
100
AcDbEntity
  8
LAYER_1
 62
   250
100
AcDbSpline
210
0.0
220
0.0
230
1.0
 70
    11
 71
     3
 72
    68
 73
    64
 74
     0
 42
0.000000001
 43
0.0000000001
 40
0.0
 40
0.0
 40
0.0
 40
0.0
 40
0.0588235294117647
 40
0.0588235294117647
 40
0.0588235294117647
 40
0.0588235294117647
 40
0.1176470588235294
 40
0.1176470588235294
 40
0.1176470588235294
 40
0.1176470588235294
 40
0.1764705882352941
 40
0.1764705882352941
 40
0.1764705882352941
 40
0.1764705882352941
 40
0.2352941176470588
 40
0.2352941176470588
 40
0.2352941176470588
 40
0.2352941176470588
 40
0.2941176470588235
 40
0.2941176470588235
 40
0.2941176470588235
 40
0.2941176470588235
 40
0.3529411764705883
 40
0.3529411764705883
 40
0.3529411764705883
 40
0.3529411764705883
 40
0.4117647058823529
 40
0.4117647058823529
 40
0.4117647058823529
 40
0.4117647058823529
 40
0.4705882352941176
 40
0.4705882352941176
 40
0.4705882352941176
 40
0.4705882352941176
 40
0.5294117647058824
 40
0.5294117647058824
 40
0.5294117647058824
 40
0.5294117647058824
 40
0.5882352941176471
 40
0.5882352941176471
 40
0.5882352941176471
 40
0.5882352941176471
 40
0.6470588235294118
 40
0.6470588235294118
 40
0.6470588235294118
 40
0.6470588235294118
 40
0.7058823529411765
 40
0.7058823529411765
 40
0.7058823529411765
 40
0.7058823529411765
 40
0.7647058823529411
 40
0.7647058823529411
 40
0.7647058823529411
 40
0.7647058823529411
 40
0.8235294117647058
 40
0.8235294117647058
 40
0.8235294117647058
 40
0.8235294117647058
 40
0.8823529411764706
 40
0.8823529411764706
 40
0.8823529411764706
 40
0.8823529411764706
 40
1.0
 40
1.0
 40
1.0
 40
1.0
 10
66.57954
 20
41.67067
 30
0.0
 10
66.57954
 20
41.67067
 30
0.0
 10
66.81378
 20
41.98521
 30
0.0
 10
66.81378
 20
41.98521
 30
0.0
 10
66.81378
 20
41.98521
 30
0.0
 10
66.81378
 20
41.98521
 30
0.0
 10
66.60748
 20
42.27689
 30
0.0
 10
66.60748
 20
42.27689
 30
0.0
 10
66.60748
 20
42.27689
 30
0.0
 10
66.60748
 20
42.27689
 30
0.0
 10
66.70301
 20
42.27689
 30
0.0
 10
66.70301
 20
42.27689
 30
0.0
 10
66.70301
 20
42.27689
 30
0.0
 10
66.70301
 20
42.27689
 30
0.0
 10
66.8135
 20
42.1218
 30
0.0
 10
66.8135
 20
42.1218
 30
0.0
 10
66.8135
 20
42.1218
 30
0.0
 10
66.8365
 20
42.08963
 30
0.0
 10
66.85245
 20
42.06508
 30
0.0
 10
66.86162
 20
42.048
 30
0.0
 10
66.86162
 20
42.048
 30
0.0
 10
66.87531
 20
42.06917
 30
0.0
 10
66.8914
 20
42.09175
 30
0.0
 10
66.90988
 20
42.1156
 30
0.0
 10
66.90988
 20
42.1156
 30
0.0
 10
66.90988
 20
42.1156
 30
0.0
 10
67.03096
 20
42.27689
 30
0.0
 10
67.03096
 20
42.27689
 30
0.0
 10
67.03096
 20
42.27689
 30
0.0
 10
67.03096
 20
42.27689
 30
0.0
 10
67.11887
 20
42.27689
 30
0.0
 10
67.11887
 20
42.27689
 30
0.0
 10
67.11887
 20
42.27689
 30
0.0
 10
67.11887
 20
42.27689
 30
0.0
 10
66.90833
 20
41.98874
 30
0.0
 10
66.90833
 20
41.98874
 30
0.0
 10
66.90833
 20
41.98874
 30
0.0
 10
66.90833
 20
41.98874
 30
0.0
 10
67.13495
 20
41.67067
 30
0.0
 10
67.13495
 20
41.67067
 30
0.0
 10
67.13495
 20
41.67067
 30
0.0
 10
67.13495
 20
41.67067
 30
0.0
 10
67.03646
 20
41.67067
 30
0.0
 10
67.03646
 20
41.67067
 30
0.0
 10
67.03646
 20
41.67067
 30
0.0
 10
67.03646
 20
41.67067
 30
0.0
 10
66.88349
 20
41.88685
 30
0.0
 10
66.88349
 20
41.88685
 30
0.0
 10
66.88349
 20
41.88685
 30
0.0
 10
66.87474
 20
41.89913
 30
0.0
 10
66.86642
 20
41.91141
 30
0.0
 10
66.85866
 20
41.92354
 30
0.0
 10
66.85866
 20
41.92354
 30
0.0
 10
66.84511
 20
41.90322
 30
0.0
 10
66.83552
 20
41.88897
 30
0.0
 10
66.82959
 20
41.88093
 30
0.0
 10
66.82959
 20
41.88093
 30
0.0
 10
66.82959
 20
41.88093
 30
0.0
 10
66.67592
 20
41.67067
 30
0.0
 10
66.67592
 20
41.67067
 30
0.0
 10
66.67592
 20
41.67067
 30
0.0
 10
66.67592
 20
41.67067
 30
0.0
 10
66.57954
 20
41.67067
 30
0.0
 10
66.57954
 20
41.67067
 30
0.0
  0
SPLINE
  5
9C
330
1F
100
AcDbEntity
  8
LAYER_1
 62
   250
100
AcDbSpline
210
0.0
220
0.0
230
1.0
 70
    11
 71
     3
 72
    44
 73
    40
 74
     0
 42
0.000000001
 43
0.0000000001
 40
0.0
 40
0.0
 40
0.0
 40
0.0
 40
0.0909090909090909
 40
0.0909090909090909
 40
0.0909090909090909
 40
0.0909090909090909
 40
0.1818181818181818
 40
0.1818181818181818
 40
0.1818181818181818
 40
0.1818181818181818
 40
0.2727272727272727
 40
0.2727272727272727
 40
0.2727272727272727
 40
0.2727272727272727
 40
0.3636363636363636
 40
0.3636363636363636
 40
0.3636363636363636
 40
0.3636363636363636
 40
0.4545454545454545
 40
0.4545454545454545
 40
0.4545454545454545
 40
0.4545454545454545
 40
0.5454545454545454
 40
0.5454545454545454
 40
0.5454545454545454
 40
0.5454545454545454
 40
0.6363636363636364
 40
0.6363636363636364
 40
0.6363636363636364
 40
0.6363636363636364
 40
0.7272727272727273
 40
0.7272727272727273
 40
0.7272727272727273
 40
0.7272727272727273
 40
0.8181818181818182
 40
0.8181818181818182
 40
0.8181818181818182
 40
0.8181818181818182
 40
1.0
 40
1.0
 40
1.0
 40
1.0
 10
67.21003
 20
41.67067
 30
0.0
 10
67.21003
 20
41.67067
 30
0.0
 10
67.21003
 20
42.27689
 30
0.0
 10
67.21003
 20
42.27689
 30
0.0
 10
67.21003
 20
42.27689
 30
0.0
 10
67.21003
 20
42.27689
 30
0.0
 10
67.61897
 20
42.27689
 30
0.0
 10
67.61897
 20
42.27689
 30
0.0
 10
67.61897
 20
42.27689
 30
0.0
 10
67.61897
 20
42.27689
 30
0.0
 10
67.61897
 20
42.20577
 30
0.0
 10
67.61897
 20
42.20577
 30
0.0
 10
67.61897
 20
42.20577
 30
0.0
 10
67.61897
 20
42.20577
 30
0.0
 10
67.29046
 20
42.20577
 30
0.0
 10
67.29046
 20
42.20577
 30
0.0
 10
67.29046
 20
42.20577
 30
0.0
 10
67.29046
 20
42.20577
 30
0.0
 10
67.29046
 20
42.01696
 30
0.0
 10
67.29046
 20
42.01696
 30
0.0
 10
67.29046
 20
42.01696
 30
0.0
 10
67.29046
 20
42.01696
 30
0.0
 10
67.57494
 20
42.01696
 30
0.0
 10
67.57494
 20
42.01696
 30
0.0
 10
67.57494
 20
42.01696
 30
0.0
 10
67.57494
 20
42.01696
 30
0.0
 10
67.57494
 20
41.94584
 30
0.0
 10
67.57494
 20
41.94584
 30
0.0
 10
67.57494
 20
41.94584
 30
0.0
 10
67.57494
 20
41.94584
 30
0.0
 10
67.29046
 20
41.94584
 30
0.0
 10
67.29046
 20
41.94584
 30
0.0
 10
67.29046
 20
41.94584
 30
0.0
 10
67.29046
 20
41.94584
 30
0.0
 10
67.29046
 20
41.67067
 30
0.0
 10
67.29046
 20
41.67067
 30
0.0
 10
67.29046
 20
41.67067
 30
0.0
 10
67.29046
 20
41.67067
 30
0.0
 10
67.21003
 20
41.67067
 30
0.0
 10
67.21003
 20
41.67067
 30
0.0
  0
SPLINE
  5
9D
330
1F
100
AcDbEntity
  8
LAYER_1
 62
   250
100
AcDbSpline
210
0.0
220
0.0
230
1.0
 70
    11
 71
     3
 72
    52
 73
    48
 74
     0
 42
0.000000001
 43
0.0000000001
 40
0.0
 40
0.0
 40
0.0
 40
0.0
 40
0.0769230769230769
 40
0.0769230769230769
 40
0.0769230769230769
 40
0.0769230769230769
 40
0.1538461538461539
 40
0.1538461538461539
 40
0.1538461538461539
 40
0.1538461538461539
 40
0.2307692307692308
 40
0.2307692307692308
 40
0.2307692307692308
 40
0.2307692307692308
 40
0.3076923076923077
 40
0.3076923076923077
 40
0.3076923076923077
 40
0.3076923076923077
 40
0.3846153846153846
 40
0.3846153846153846
 40
0.3846153846153846
 40
0.3846153846153846
 40
0.4615384615384616
 40
0.4615384615384616
 40
0.4615384615384616
 40
0.4615384615384616
 40
0.5384615384615384
 40
0.5384615384615384
 40
0.5384615384615384
 40
0.5384615384615384
 40
0.6153846153846154
 40
0.6153846153846154
 40
0.6153846153846154
 40
0.6153846153846154
 40
0.6923076923076923
 40
0.6923076923076923
 40
0.6923076923076923
 40
0.6923076923076923
 40
0.7692307692307693
 40
0.7692307692307693
 40
0.7692307692307693
 40
0.7692307692307693
 40
0.8461538461538461
 40
0.8461538461538461
 40
0.8461538461538461
 40
0.8461538461538461
 40
1.0
 40
1.0
 40
1.0
 40
1.0
 10
67.72296
 20
41.67067
 30
0.0
 10
67.72296
 20
41.67067
 30
0.0
 10
67.72296
 20
42.27689
 30
0.0
 10
67.72296
 20
42.27689
 30
0.0
 10
67.72296
 20
42.27689
 30
0.0
 10
67.72296
 20
42.27689
 30
0.0
 10
67.93181
 20
42.27689
 30
0.0
 10
67.93181
 20
42.27689
 30
0.0
 10
67.93181
 20
42.27689
 30
0.0
 10
67.97894
 20
42.27689
 30
0.0
 10
68.01492
 20
42.27406
 30
0.0
 10
68.03976
 20
42.26828
 30
0.0
 10
68.03976
 20
42.26828
 30
0.0
 10
68.07447
 20
42.26023
 30
0.0
 10
68.10411
 20
42.2457
 30
0.0
 10
68.12866
 20
42.22482
 30
0.0
 10
68.12866
 20
42.22482
 30
0.0
 10
68.16069
 20
42.19772
 30
0.0
 10
68.18454
 20
42.16329
 30
0.0
 10
68.20034
 20
42.12124
 30
0.0
 10
68.20034
 20
42.12124
 30
0.0
 10
68.21629
 20
42.07919
 30
0.0
 10
68.22419
 20
42.03107
 30
0.0
 10
68.22419
 20
41.97702
 30
0.0
 10
68.22419
 20
41.97702
 30
0.0
 10
68.22419
 20
41.93102
 30
0.0
 10
68.21883
 20
41.89024
 30
0.0
 10
68.20811
 20
41.85468
 30
0.0
 10
68.20811
 20
41.85468
 30
0.0
 10
68.19738
 20
41.81912
 30
0.0
 10
68.18355
 20
41.78963
 30
0.0
 10
68.16676
 20
41.76634
 30
0.0
 10
68.16676
 20
41.76634
 30
0.0
 10
68.14983
 20
41.74306
 30
0.0
 10
68.13148
 20
41.72472
 30
0.0
 10
68.11144
 20
41.71145
 30
0.0
 10
68.11144
 20
41.71145
 30
0.0
 10
68.09155
 20
41.69805
 30
0.0
 10
68.06742
 20
41.68789
 30
0.0
 10
68.03919
 20
41.68097
 30
0.0
 10
68.03919
 20
41.68097
 30
0.0
 10
68.01083
 20
41.67406
 30
0.0
 10
67.97838
 20
41.67067
 30
0.0
 10
67.94169
 20
41.67067
 30
0.0
 10
67.94169
 20
41.67067
 30
0.0
 10
67.94169
 20
41.67067
 30
0.0
 10
67.72296
 20
41.67067
 30
0.0
 10
67.72296
 20
41.67067
 30
0.0
  0
SPLINE
  5
9E
330
1F
100
AcDbEntity
  8
LAYER_1
 62
   250
100
AcDbSpline
210
0.0
220
0.0
230
1.0
 70
    11
 71
     3
 72
    44
 73
    40
 74
     0
 42
0.000000001
 43
0.0000000001
 40
0.0
 40
0.0
 40
0.0
 40
0.0
 40
0.0909090909090909
 40
0.0909090909090909
 40
0.0909090909090909
 40
0.0909090909090909
 40
0.1818181818181818
 40
0.1818181818181818
 40
0.1818181818181818
 40
0.1818181818181818
 40
0.2727272727272727
 40
0.2727272727272727
 40
0.2727272727272727
 40
0.2727272727272727
 40
0.3636363636363636
 40
0.3636363636363636
 40
0.3636363636363636
 40
0.3636363636363636
 40
0.4545454545454545
 40
0.4545454545454545
 40
0.4545454545454545
 40
0.4545454545454545
 40
0.5454545454545454
 40
0.5454545454545454
 40
0.5454545454545454
 40
0.5454545454545454
 40
0.6363636363636364
 40
0.6363636363636364
 40
0.6363636363636364
 40
0.6363636363636364
 40
0.7272727272727273
 40
0.7272727272727273
 40
0.7272727272727273
 40
0.7272727272727273
 40
0.8181818181818182
 40
0.8181818181818182
 40
0.8181818181818182
 40
0.8181818181818182
 40
1.0
 40
1.0
 40
1.0
 40
1.0
 10
67.8034
 20
41.74179
 30
0.0
 10
67.8034
 20
41.74179
 30
0.0
 10
67.93266
 20
41.74179
 30
0.0
 10
67.93266
 20
41.74179
 30
0.0
 10
67.93266
 20
41.74179
 30
0.0
 10
67.97259
 20
41.74179
 30
0.0
 10
68.00392
 20
41.74546
 30
0.0
 10
68.02664
 20
41.75294
 30
0.0
 10
68.02664
 20
41.75294
 30
0.0
 10
68.04935
 20
41.76042
 30
0.0
 10
68.06742
 20
41.77086
 30
0.0
 10
68.08096
 20
41.78441
 30
0.0
 10
68.08096
 20
41.78441
 30
0.0
 10
68.09987
 20
41.80346
 30
0.0
 10
68.11469
 20
41.82914
 30
0.0
 10
68.12527
 20
41.86131
 30
0.0
 10
68.12527
 20
41.86131
 30
0.0
 10
68.13586
 20
41.89349
 30
0.0
 10
68.14122
 20
41.93243
 30
0.0
 10
68.14122
 20
41.97829
 30
0.0
 10
68.14122
 20
41.97829
 30
0.0
 10
68.14122
 20
42.04179
 30
0.0
 10
68.13078
 20
42.09062
 30
0.0
 10
68.11003
 20
42.12477
 30
0.0
 10
68.11003
 20
42.12477
 30
0.0
 10
68.08929
 20
42.15892
 30
0.0
 10
68.06403
 20
42.18178
 30
0.0
 10
68.03426
 20
42.19335
 30
0.0
 10
68.03426
 20
42.19335
 30
0.0
 10
68.01281
 20
42.20167
 30
0.0
 10
67.97823
 20
42.20577
 30
0.0
 10
67.93054
 20
42.20577
 30
0.0
 10
67.93054
 20
42.20577
 30
0.0
 10
67.93054
 20
42.20577
 30
0.0
 10
67.8034
 20
42.20577
 30
0.0
 10
67.8034
 20
42.20577
 30
0.0
 10
67.8034
 20
42.20577
 30
0.0
 10
67.8034
 20
42.20577
 30
0.0
 10
67.8034
 20
41.74179
 30
0.0
 10
67.8034
 20
41.74179
 30
0.0
  0
SPLINE
  5
9F
330
1F
100
AcDbEntity
  8
LAYER_1
 62
   250
100
AcDbSpline
210
0.0
220
0.0
230
1.0
 70
    11
 71
     3
 72
    48
 73
    44
 74
     0
 42
0.000000001
 43
0.0000000001
 40
0.0
 40
0.0
 40
0.0
 40
0.0
 40
0.0833333333333333
 40
0.0833333333333333
 40
0.0833333333333333
 40
0.0833333333333333
 40
0.1666666666666667
 40
0.1666666666666667
 40
0.1666666666666667
 40
0.1666666666666667
 40
0.25
 40
0.25
 40
0.25
 40
0.25
 40
0.3333333333333333
 40
0.3333333333333333
 40
0.3333333333333333
 40
0.3333333333333333
 40
0.4166666666666667
 40
0.4166666666666667
 40
0.4166666666666667
 40
0.4166666666666667
 40
0.5
 40
0.5
 40
0.5
 40
0.5
 40
0.5833333333333334
 40
0.5833333333333334
 40
0.5833333333333334
 40
0.5833333333333334
 40
0.6666666666666666
 40
0.6666666666666666
 40
0.6666666666666666
 40
0.6666666666666666
 40
0.75
 40
0.75
 40
0.75
 40
0.75
 40
0.8333333333333334
 40
0.8333333333333334
 40
0.8333333333333334
 40
0.8333333333333334
 40
1.0
 40
1.0
 40
1.0
 40
1.0
 10
68.30985
 20
41.96573
 30
0.0
 10
68.30985
 20
42.06621
 30
0.0
 10
68.33694
 20
42.14495
 30
0.0
 10
68.39099
 20
42.20181
 30
0.0
 10
68.39099
 20
42.20181
 30
0.0
 10
68.44504
 20
42.25868
 30
0.0
 10
68.51474
 20
42.28705
 30
0.0
 10
68.60026
 20
42.28705
 30
0.0
 10
68.60026
 20
42.28705
 30
0.0
 10
68.65628
 20
42.28705
 30
0.0
 10
68.70666
 20
42.27364
 30
0.0
 10
68.75167
 20
42.24697
 30
0.0
 10
68.75167
 20
42.24697
 30
0.0
 10
68.79654
 20
42.2203
 30
0.0
 10
68.83083
 20
42.18305
 30
0.0
 10
68.8544
 20
42.13521
 30
0.0
 10
68.8544
 20
42.13521
 30
0.0
 10
68.87797
 20
42.08751
 30
0.0
 10
68.88982
 20
42.03333
 30
0.0
 10
68.88982
 20
41.97279
 30
0.0
 10
68.88982
 20
41.97279
 30
0.0
 10
68.88982
 20
41.91141
 30
0.0
 10
68.8774
 20
41.85637
 30
0.0
 10
68.85257
 20
41.80797
 30
0.0
 10
68.85257
 20
41.80797
 30
0.0
 10
68.82773
 20
41.75943
 30
0.0
 10
68.79259
 20
41.72274
 30
0.0
 10
68.74716
 20
41.6979
 30
0.0
 10
68.74716
 20
41.6979
 30
0.0
 10
68.70158
 20
41.67293
 30
0.0
 10
68.65247
 20
41.66051
 30
0.0
 10
68.59983
 20
41.66051
 30
0.0
 10
68.59983
 20
41.66051
 30
0.0
 10
68.54268
 20
41.66051
 30
0.0
 10
68.49174
 20
41.67434
 30
0.0
 10
68.44673
 20
41.70186
 30
0.0
 10
68.44673
 20
41.70186
 30
0.0
 10
68.40185
 20
41.72937
 30
0.0
 10
68.36771
 20
41.76691
 30
0.0
 10
68.34456
 20
41.8146
 30
0.0
 10
68.34456
 20
41.8146
 30
0.0
 10
68.32142
 20
41.86216
 30
0.0
 10
68.30985
 20
41.91254
 30
0.0
 10
68.30985
 20
41.96573
 30
0.0
  0
SPLINE
  5
A0
330
1F
100
AcDbEntity
  8
LAYER_1
 62
   250
100
AcDbSpline
210
0.0
220
0.0
230
1.0
 70
    11
 71
     3
 72
    40
 73
    36
 74
     0
 42
0.000000001
 43
0.0000000001
 40
0.0
 40
0.0
 40
0.0
 40
0.0
 40
0.1
 40
0.1
 40
0.1
 40
0.1
 40
0.2
 40
0.2
 40
0.2
 40
0.2
 40
0.3
 40
0.3
 40
0.3
 40
0.3
 40
0.4
 40
0.4
 40
0.4
 40
0.4
 40
0.5
 40
0.5
 40
0.5
 40
0.5
 40
0.6
 40
0.6
 40
0.6
 40
0.6
 40
0.7
 40
0.7
 40
0.7
 40
0.7
 40
0.8
 40
0.8
 40
0.8
 40
0.8
 40
1.0
 40
1.0
 40
1.0
 40
1.0
 10
68.39282
 20
41.96432
 30
0.0
 10
68.39282
 20
41.89137
 30
0.0
 10
68.41244
 20
41.83394
 30
0.0
 10
68.45167
 20
41.79203
 30
0.0
 10
68.45167
 20
41.79203
 30
0.0
 10
68.4909
 20
41.75012
 30
0.0
 10
68.54014
 20
41.72909
 30
0.0
 10
68.59941
 20
41.72909
 30
0.0
 10
68.59941
 20
41.72909
 30
0.0
 10
68.65981
 20
41.72909
 30
0.0
 10
68.70934
 20
41.75026
 30
0.0
 10
68.74843
 20
41.79259
 30
0.0
 10
68.74843
 20
41.79259
 30
0.0
 10
68.78737
 20
41.83492
 30
0.0
 10
68.80685
 20
41.89504
 30
0.0
 10
68.80685
 20
41.97293
 30
0.0
 10
68.80685
 20
41.97293
 30
0.0
 10
68.80685
 20
42.02218
 30
0.0
 10
68.79852
 20
42.06522
 30
0.0
 10
68.78187
 20
42.10191
 30
0.0
 10
68.78187
 20
42.10191
 30
0.0
 10
68.76522
 20
42.1386
 30
0.0
 10
68.74081
 20
42.1671
 30
0.0
 10
68.70877
 20
42.18728
 30
0.0
 10
68.70877
 20
42.18728
 30
0.0
 10
68.6766
 20
42.20746
 30
0.0
 10
68.64062
 20
42.21762
 30
0.0
 10
68.60068
 20
42.21762
 30
0.0
 10
68.60068
 20
42.21762
 30
0.0
 10
68.54395
 20
42.21762
 30
0.0
 10
68.49513
 20
42.19815
 30
0.0
 10
68.45421
 20
42.1592
 30
0.0
 10
68.45421
 20
42.1592
 30
0.0
 10
68.41329
 20
42.12025
 30
0.0
 10
68.39282
 20
42.05534
 30
0.0
 10
68.39282
 20
41.96432
 30
0.0
  0
SPLINE
  5
A1
330
1F
100
AcDbEntity
  8
LAYER_1
 62
   250
100
AcDbSpline
210
0.0
220
0.0
230
1.0
 70
    11
 71
     3
 72
    80
 73
    76
 74
     0
 42
0.000000001
 43
0.0000000001
 40
0.0
 40
0.0
 40
0.0
 40
0.0
 40
0.05
 40
0.05
 40
0.05
 40
0.05
 40
0.1
 40
0.1
 40
0.1
 40
0.1
 40
0.15
 40
0.15
 40
0.15
 40
0.15
 40
0.2
 40
0.2
 40
0.2
 40
0.2
 40
0.25
 40
0.25
 40
0.25
 40
0.25
 40
0.3
 40
0.3
 40
0.3
 40
0.3
 40
0.35
 40
0.35
 40
0.35
 40
0.35
 40
0.4
 40
0.4
 40
0.4
 40
0.4
 40
0.45
 40
0.45
 40
0.45
 40
0.45
 40
0.5
 40
0.5
 40
0.5
 40
0.5
 40
0.55
 40
0.55
 40
0.55
 40
0.55
 40
0.6
 40
0.6
 40
0.6
 40
0.6
 40
0.65
 40
0.65
 40
0.65
 40
0.65
 40
0.7
 40
0.7
 40
0.7
 40
0.7
 40
0.75
 40
0.75
 40
0.75
 40
0.75
 40
0.8
 40
0.8
 40
0.8
 40
0.8
 40
0.85
 40
0.85
 40
0.85
 40
0.85
 40
0.9
 40
0.9
 40
0.9
 40
0.9
 40
1.0
 40
1.0
 40
1.0
 40
1.0
 10
69.09754
 20
41.67067
 30
0.0
 10
69.09754
 20
41.67067
 30
0.0
 10
68.93794
 20
42.27689
 30
0.0
 10
68.93794
 20
42.27689
 30
0.0
 10
68.93794
 20
42.27689
 30
0.0
 10
68.93794
 20
42.27689
 30
0.0
 10
69.0212
 20
42.27689
 30
0.0
 10
69.0212
 20
42.27689
 30
0.0
 10
69.0212
 20
42.27689
 30
0.0
 10
69.0212
 20
42.27689
 30
0.0
 10
69.11207
 20
41.87937
 30
0.0
 10
69.11207
 20
41.87937
 30
0.0
 10
69.11207
 20
41.87937
 30
0.0
 10
69.12195
 20
41.83775
 30
0.0
 10
69.1307
 20
41.7964
 30
0.0
 10
69.13818
 20
41.75548
 30
0.0
 10
69.13818
 20
41.75548
 30
0.0
 10
69.15412
 20
41.82011
 30
0.0
 10
69.16344
 20
41.85736
 30
0.0
 10
69.16612
 20
41.86724
 30
0.0
 10
69.16612
 20
41.86724
 30
0.0
 10
69.16612
 20
41.86724
 30
0.0
 10
69.2807
 20
42.27689
 30
0.0
 10
69.2807
 20
42.27689
 30
0.0
 10
69.2807
 20
42.27689
 30
0.0
 10
69.2807
 20
42.27689
 30
0.0
 10
69.37736
 20
42.27689
 30
0.0
 10
69.37736
 20
42.27689
 30
0.0
 10
69.37736
 20
42.27689
 30
0.0
 10
69.37736
 20
42.27689
 30
0.0
 10
69.46429
 20
41.96997
 30
0.0
 10
69.46429
 20
41.96997
 30
0.0
 10
69.46429
 20
41.96997
 30
0.0
 10
69.48559
 20
41.89377
 30
0.0
 10
69.5014
 20
41.82222
 30
0.0
 10
69.51156
 20
41.75548
 30
0.0
 10
69.51156
 20
41.75548
 30
0.0
 10
69.5196
 20
41.79372
 30
0.0
 10
69.5299
 20
41.83761
 30
0.0
 10
69.54246
 20
41.88714
 30
0.0
 10
69.54246
 20
41.88714
 30
0.0
 10
69.54246
 20
41.88714
 30
0.0
 10
69.63715
 20
42.27689
 30
0.0
 10
69.63715
 20
42.27689
 30
0.0
 10
69.63715
 20
42.27689
 30
0.0
 10
69.63715
 20
42.27689
 30
0.0
 10
69.71772
 20
42.27689
 30
0.0
 10
69.71772
 20
42.27689
 30
0.0
 10
69.71772
 20
42.27689
 30
0.0
 10
69.71772
 20
42.27689
 30
0.0
 10
69.55178
 20
41.67067
 30
0.0
 10
69.55178
 20
41.67067
 30
0.0
 10
69.55178
 20
41.67067
 30
0.0
 10
69.55178
 20
41.67067
 30
0.0
 10
69.47374
 20
41.67067
 30
0.0
 10
69.47374
 20
41.67067
 30
0.0
 10
69.47374
 20
41.67067
 30
0.0
 10
69.47374
 20
41.67067
 30
0.0
 10
69.3466
 20
42.13253
 30
0.0
 10
69.3466
 20
42.13253
 30
0.0
 10
69.3466
 20
42.13253
 30
0.0
 10
69.33587
 20
42.17119
 30
0.0
 10
69.32938
 20
42.1949
 30
0.0
 10
69.32698
 20
42.20365
 30
0.0
 10
69.32698
 20
42.20365
 30
0.0
 10
69.32007
 20
42.17599
 30
0.0
 10
69.31386
 20
42.15228
 30
0.0
 10
69.3085
 20
42.13267
 30
0.0
 10
69.3085
 20
42.13267
 30
0.0
 10
69.3085
 20
42.13267
 30
0.0
 10
69.18136
 20
41.67067
 30
0.0
 10
69.18136
 20
41.67067
 30
0.0
 10
69.18136
 20
41.67067
 30
0.0
 10
69.18136
 20
41.67067
 30
0.0
 10
69.09754
 20
41.67067
 30
0.0
 10
69.09754
 20
41.67067
 30
0.0
  0
SPLINE
  5
A2
330
1F
100
AcDbEntity
  8
LAYER_1
 62
   250
100
AcDbSpline
210
0.0
220
0.0
230
1.0
 70
    11
 71
     3
 72
    44
 73
    40
 74
     0
 42
0.000000001
 43
0.0000000001
 40
0.0
 40
0.0
 40
0.0
 40
0.0
 40
0.0909090909090909
 40
0.0909090909090909
 40
0.0909090909090909
 40
0.0909090909090909
 40
0.1818181818181818
 40
0.1818181818181818
 40
0.1818181818181818
 40
0.1818181818181818
 40
0.2727272727272727
 40
0.2727272727272727
 40
0.2727272727272727
 40
0.2727272727272727
 40
0.3636363636363636
 40
0.3636363636363636
 40
0.3636363636363636
 40
0.3636363636363636
 40
0.4545454545454545
 40
0.4545454545454545
 40
0.4545454545454545
 40
0.4545454545454545
 40
0.5454545454545454
 40
0.5454545454545454
 40
0.5454545454545454
 40
0.5454545454545454
 40
0.6363636363636364
 40
0.6363636363636364
 40
0.6363636363636364
 40
0.6363636363636364
 40
0.7272727272727273
 40
0.7272727272727273
 40
0.7272727272727273
 40
0.7272727272727273
 40
0.8181818181818182
 40
0.8181818181818182
 40
0.8181818181818182
 40
0.8181818181818182
 40
1.0
 40
1.0
 40
1.0
 40
1.0
 10
69.79125
 20
41.67067
 30
0.0
 10
69.79125
 20
41.67067
 30
0.0
 10
69.79125
 20
42.27689
 30
0.0
 10
69.79125
 20
42.27689
 30
0.0
 10
69.79125
 20
42.27689
 30
0.0
 10
69.79125
 20
42.27689
 30
0.0
 10
69.87366
 20
42.27689
 30
0.0
 10
69.87366
 20
42.27689
 30
0.0
 10
69.87366
 20
42.27689
 30
0.0
 10
69.87366
 20
42.27689
 30
0.0
 10
70.19172
 20
41.80106
 30
0.0
 10
70.19172
 20
41.80106
 30
0.0
 10
70.19172
 20
41.80106
 30
0.0
 10
70.19172
 20
41.80106
 30
0.0
 10
70.19172
 20
42.27689
 30
0.0
 10
70.19172
 20
42.27689
 30
0.0
 10
70.19172
 20
42.27689
 30
0.0
 10
70.19172
 20
42.27689
 30
0.0
 10
70.26877
 20
42.27689
 30
0.0
 10
70.26877
 20
42.27689
 30
0.0
 10
70.26877
 20
42.27689
 30
0.0
 10
70.26877
 20
42.27689
 30
0.0
 10
70.26877
 20
41.67067
 30
0.0
 10
70.26877
 20
41.67067
 30
0.0
 10
70.26877
 20
41.67067
 30
0.0
 10
70.26877
 20
41.67067
 30
0.0
 10
70.18636
 20
41.67067
 30
0.0
 10
70.18636
 20
41.67067
 30
0.0
 10
70.18636
 20
41.67067
 30
0.0
 10
70.18636
 20
41.67067
 30
0.0
 10
69.86829
 20
42.1465
 30
0.0
 10
69.86829
 20
42.1465
 30
0.0
 10
69.86829
 20
42.1465
 30
0.0
 10
69.86829
 20
42.1465
 30
0.0
 10
69.86829
 20
41.67067
 30
0.0
 10
69.86829
 20
41.67067
 30
0.0
 10
69.86829
 20
41.67067
 30
0.0
 10
69.86829
 20
41.67067
 30
0.0
 10
69.79125
 20
41.67067
 30
0.0
 10
69.79125
 20
41.67067
 30
0.0
  0
SPLINE
  5
A3
330
1F
100
AcDbEntity
  8
LAYER_1
 62
   250
100
AcDbSpline
210
0.0
220
0.0
230
1.0
 70
    11
 71
     3
 72
    28
 73
    24
 74
     0
 42
0.000000001
 43
0.0000000001
 40
0.0
 40
0.0
 40
0.0
 40
0.0
 40
0.1428571428571428
 40
0.1428571428571428
 40
0.1428571428571428
 40
0.1428571428571428
 40
0.2857142857142857
 40
0.2857142857142857
 40
0.2857142857142857
 40
0.2857142857142857
 40
0.4285714285714285
 40
0.4285714285714285
 40
0.4285714285714285
 40
0.4285714285714285
 40
0.5714285714285714
 40
0.5714285714285714
 40
0.5714285714285714
 40
0.5714285714285714
 40
0.7142857142857143
 40
0.7142857142857143
 40
0.7142857142857143
 40
0.7142857142857143
 40
1.0
 40
1.0
 40
1.0
 40
1.0
 10
70.40015
 20
41.67067
 30
0.0
 10
70.40015
 20
41.67067
 30
0.0
 10
70.40015
 20
42.27689
 30
0.0
 10
70.40015
 20
42.27689
 30
0.0
 10
70.40015
 20
42.27689
 30
0.0
 10
70.40015
 20
42.27689
 30
0.0
 10
70.48058
 20
42.27689
 30
0.0
 10
70.48058
 20
42.27689
 30
0.0
 10
70.48058
 20
42.27689
 30
0.0
 10
70.48058
 20
42.27689
 30
0.0
 10
70.48058
 20
41.74179
 30
0.0
 10
70.48058
 20
41.74179
 30
0.0
 10
70.48058
 20
41.74179
 30
0.0
 10
70.48058
 20
41.74179
 30
0.0
 10
70.77861
 20
41.74179
 30
0.0
 10
70.77861
 20
41.74179
 30
0.0
 10
70.77861
 20
41.74179
 30
0.0
 10
70.77861
 20
41.74179
 30
0.0
 10
70.77861
 20
41.67067
 30
0.0
 10
70.77861
 20
41.67067
 30
0.0
 10
70.77861
 20
41.67067
 30
0.0
 10
70.77861
 20
41.67067
 30
0.0
 10
70.40015
 20
41.67067
 30
0.0
 10
70.40015
 20
41.67067
 30
0.0
  0
SPLINE
  5
A4
330
1F
100
AcDbEntity
  8
LAYER_1
 62
   250
100
AcDbSpline
210
0.0
220
0.0
230
1.0
 70
    11
 71
     3
 72
    48
 73
    44
 74
     0
 42
0.000000001
 43
0.0000000001
 40
0.0
 40
0.0
 40
0.0
 40
0.0
 40
0.0833333333333333
 40
0.0833333333333333
 40
0.0833333333333333
 40
0.0833333333333333
 40
0.1666666666666667
 40
0.1666666666666667
 40
0.1666666666666667
 40
0.1666666666666667
 40
0.25
 40
0.25
 40
0.25
 40
0.25
 40
0.3333333333333333
 40
0.3333333333333333
 40
0.3333333333333333
 40
0.3333333333333333
 40
0.4166666666666667
 40
0.4166666666666667
 40
0.4166666666666667
 40
0.4166666666666667
 40
0.5
 40
0.5
 40
0.5
 40
0.5
 40
0.5833333333333334
 40
0.5833333333333334
 40
0.5833333333333334
 40
0.5833333333333334
 40
0.6666666666666666
 40
0.6666666666666666
 40
0.6666666666666666
 40
0.6666666666666666
 40
0.75
 40
0.75
 40
0.75
 40
0.75
 40
0.8333333333333334
 40
0.8333333333333334
 40
0.8333333333333334
 40
0.8333333333333334
 40
1.0
 40
1.0
 40
1.0
 40
1.0
 10
70.84987
 20
41.96573
 30
0.0
 10
70.84987
 20
42.06621
 30
0.0
 10
70.87696
 20
42.14495
 30
0.0
 10
70.93101
 20
42.20181
 30
0.0
 10
70.93101
 20
42.20181
 30
0.0
 10
70.98506
 20
42.25868
 30
0.0
 10
71.05476
 20
42.28705
 30
0.0
 10
71.14028
 20
42.28705
 30
0.0
 10
71.14028
 20
42.28705
 30
0.0
 10
71.1963
 20
42.28705
 30
0.0
 10
71.24668
 20
42.27364
 30
0.0
 10
71.29169
 20
42.24697
 30
0.0
 10
71.29169
 20
42.24697
 30
0.0
 10
71.33656
 20
42.2203
 30
0.0
 10
71.37085
 20
42.18305
 30
0.0
 10
71.39442
 20
42.13521
 30
0.0
 10
71.39442
 20
42.13521
 30
0.0
 10
71.41799
 20
42.08751
 30
0.0
 10
71.42984
 20
42.03333
 30
0.0
 10
71.42984
 20
41.97279
 30
0.0
 10
71.42984
 20
41.97279
 30
0.0
 10
71.42984
 20
41.91141
 30
0.0
 10
71.41742
 20
41.85637
 30
0.0
 10
71.39259
 20
41.80797
 30
0.0
 10
71.39259
 20
41.80797
 30
0.0
 10
71.36775
 20
41.75943
 30
0.0
 10
71.33261
 20
41.72274
 30
0.0
 10
71.28718
 20
41.6979
 30
0.0
 10
71.28718
 20
41.6979
 30
0.0
 10
71.2416
 20
41.67293
 30
0.0
 10
71.19249
 20
41.66051
 30
0.0
 10
71.13985
 20
41.66051
 30
0.0
 10
71.13985
 20
41.66051
 30
0.0
 10
71.0827
 20
41.66051
 30
0.0
 10
71.03176
 20
41.67434
 30
0.0
 10
70.98675
 20
41.70186
 30
0.0
 10
70.98675
 20
41.70186
 30
0.0
 10
70.94187
 20
41.72937
 30
0.0
 10
70.90773
 20
41.76691
 30
0.0
 10
70.88458
 20
41.8146
 30
0.0
 10
70.88458
 20
41.8146
 30
0.0
 10
70.86144
 20
41.86216
 30
0.0
 10
70.84987
 20
41.91254
 30
0.0
 10
70.84987
 20
41.96573
 30
0.0
  0
SPLINE
  5
A5
330
1F
100
AcDbEntity
  8
LAYER_1
 62
   250
100
AcDbSpline
210
0.0
220
0.0
230
1.0
 70
    11
 71
     3
 72
    40
 73
    36
 74
     0
 42
0.000000001
 43
0.0000000001
 40
0.0
 40
0.0
 40
0.0
 40
0.0
 40
0.1
 40
0.1
 40
0.1
 40
0.1
 40
0.2
 40
0.2
 40
0.2
 40
0.2
 40
0.3
 40
0.3
 40
0.3
 40
0.3
 40
0.4
 40
0.4
 40
0.4
 40
0.4
 40
0.5
 40
0.5
 40
0.5
 40
0.5
 40
0.6
 40
0.6
 40
0.6
 40
0.6
 40
0.7
 40
0.7
 40
0.7
 40
0.7
 40
0.8
 40
0.8
 40
0.8
 40
0.8
 40
1.0
 40
1.0
 40
1.0
 40
1.0
 10
70.93284
 20
41.96432
 30
0.0
 10
70.93284
 20
41.89137
 30
0.0
 10
70.95246
 20
41.83394
 30
0.0
 10
70.99169
 20
41.79203
 30
0.0
 10
70.99169
 20
41.79203
 30
0.0
 10
71.03092
 20
41.75012
 30
0.0
 10
71.08016
 20
41.72909
 30
0.0
 10
71.13943
 20
41.72909
 30
0.0
 10
71.13943
 20
41.72909
 30
0.0
 10
71.19983
 20
41.72909
 30
0.0
 10
71.24936
 20
41.75026
 30
0.0
 10
71.28845
 20
41.79259
 30
0.0
 10
71.28845
 20
41.79259
 30
0.0
 10
71.32739
 20
41.83492
 30
0.0
 10
71.34687
 20
41.89504
 30
0.0
 10
71.34687
 20
41.97293
 30
0.0
 10
71.34687
 20
41.97293
 30
0.0
 10
71.34687
 20
42.02218
 30
0.0
 10
71.33854
 20
42.06522
 30
0.0
 10
71.32189
 20
42.10191
 30
0.0
 10
71.32189
 20
42.10191
 30
0.0
 10
71.30524
 20
42.1386
 30
0.0
 10
71.28083
 20
42.1671
 30
0.0
 10
71.24879
 20
42.18728
 30
0.0
 10
71.24879
 20
42.18728
 30
0.0
 10
71.21662
 20
42.20746
 30
0.0
 10
71.18064
 20
42.21762
 30
0.0
 10
71.1407
 20
42.21762
 30
0.0
 10
71.1407
 20
42.21762
 30
0.0
 10
71.08397
 20
42.21762
 30
0.0
 10
71.03515
 20
42.19815
 30
0.0
 10
70.99423
 20
42.1592
 30
0.0
 10
70.99423
 20
42.1592
 30
0.0
 10
70.95331
 20
42.12025
 30
0.0
 10
70.93284
 20
42.05534
 30
0.0
 10
70.93284
 20
41.96432
 30
0.0
  0
SPLINE
  5
A6
330
1F
100
AcDbEntity
  8
LAYER_1
 62
   250
100
AcDbSpline
210
0.0
220
0.0
230
1.0
 70
    11
 71
     3
 72
    36
 73
    32
 74
     0
 42
0.000000001
 43
0.0000000001
 40
0.0
 40
0.0
 40
0.0
 40
0.0
 40
0.1111111111111111
 40
0.1111111111111111
 40
0.1111111111111111
 40
0.1111111111111111
 40
0.2222222222222222
 40
0.2222222222222222
 40
0.2222222222222222
 40
0.2222222222222222
 40
0.3333333333333333
 40
0.3333333333333333
 40
0.3333333333333333
 40
0.3333333333333333
 40
0.4444444444444444
 40
0.4444444444444444
 40
0.4444444444444444
 40
0.4444444444444444
 40
0.5555555555555556
 40
0.5555555555555556
 40
0.5555555555555556
 40
0.5555555555555556
 40
0.6666666666666666
 40
0.6666666666666666
 40
0.6666666666666666
 40
0.6666666666666666
 40
0.7777777777777778
 40
0.7777777777777778
 40
0.7777777777777778
 40
0.7777777777777778
 40
1.0
 40
1.0
 40
1.0
 40
1.0
 10
71.46653
 20
41.67067
 30
0.0
 10
71.46653
 20
41.67067
 30
0.0
 10
71.69908
 20
42.27689
 30
0.0
 10
71.69908
 20
42.27689
 30
0.0
 10
71.69908
 20
42.27689
 30
0.0
 10
71.69908
 20
42.27689
 30
0.0
 10
71.78728
 20
42.27689
 30
0.0
 10
71.78728
 20
42.27689
 30
0.0
 10
71.78728
 20
42.27689
 30
0.0
 10
71.78728
 20
42.27689
 30
0.0
 10
72.03408
 20
41.67067
 30
0.0
 10
72.03408
 20
41.67067
 30
0.0
 10
72.03408
 20
41.67067
 30
0.0
 10
72.03408
 20
41.67067
 30
0.0
 10
71.94278
 20
41.67067
 30
0.0
 10
71.94278
 20
41.67067
 30
0.0
 10
71.94278
 20
41.67067
 30
0.0
 10
71.94278
 20
41.67067
 30
0.0
 10
71.87265
 20
41.8544
 30
0.0
 10
71.87265
 20
41.8544
 30
0.0
 10
71.87265
 20
41.8544
 30
0.0
 10
71.87265
 20
41.8544
 30
0.0
 10
71.61738
 20
41.8544
 30
0.0
 10
71.61738
 20
41.8544
 30
0.0
 10
71.61738
 20
41.8544
 30
0.0
 10
71.61738
 20
41.8544
 30
0.0
 10
71.55162
 20
41.67067
 30
0.0
 10
71.55162
 20
41.67067
 30
0.0
 10
71.55162
 20
41.67067
 30
0.0
 10
71.55162
 20
41.67067
 30
0.0
 10
71.46653
 20
41.67067
 30
0.0
 10
71.46653
 20
41.67067
 30
0.0
  0
SPLINE
  5
A7
330
1F
100
AcDbEntity
  8
LAYER_1
 62
   250
100
AcDbSpline
210
0.0
220
0.0
230
1.0
 70
    11
 71
     3
 72
    24
 73
    20
 74
     0
 42
0.000000001
 43
0.0000000001
 40
0.0
 40
0.0
 40
0.0
 40
0.0
 40
0.1666666666666667
 40
0.1666666666666667
 40
0.1666666666666667
 40
0.1666666666666667
 40
0.3333333333333333
 40
0.3333333333333333
 40
0.3333333333333333
 40
0.3333333333333333
 40
0.5
 40
0.5
 40
0.5
 40
0.5
 40
0.6666666666666666
 40
0.6666666666666666
 40
0.6666666666666666
 40
0.6666666666666666
 40
1.0
 40
1.0
 40
1.0
 40
1.0
 10
71.64094
 20
41.91959
 30
0.0
 10
71.64094
 20
41.91959
 30
0.0
 10
71.84753
 20
41.91959
 30
0.0
 10
71.84753
 20
41.91959
 30
0.0
 10
71.84753
 20
41.91959
 30
0.0
 10
71.84753
 20
41.91959
 30
0.0
 10
71.78431
 20
42.08765
 30
0.0
 10
71.78431
 20
42.08765
 30
0.0
 10
71.78431
 20
42.08765
 30
0.0
 10
71.76526
 20
42.13874
 30
0.0
 10
71.75087
 20
42.18093
 30
0.0
 10
71.74085
 20
42.21423
 30
0.0
 10
71.74085
 20
42.21423
 30
0.0
 10
71.73253
 20
42.17472
 30
0.0
 10
71.72138
 20
42.13592
 30
0.0
 10
71.70741
 20
42.09753
 30
0.0
 10
71.70741
 20
42.09753
 30
0.0
 10
71.70741
 20
42.09753
 30
0.0
 10
71.64094
 20
41.91959
 30
0.0
 10
71.64094
 20
41.91959
 30
0.0
  0
SPLINE
  5
A8
330
1F
100
AcDbEntity
  8
LAYER_1
 62
   250
100
AcDbSpline
210
0.0
220
0.0
230
1.0
 70
    11
 71
     3
 72
    52
 73
    48
 74
     0
 42
0.000000001
 43
0.0000000001
 40
0.0
 40
0.0
 40
0.0
 40
0.0
 40
0.0769230769230769
 40
0.0769230769230769
 40
0.0769230769230769
 40
0.0769230769230769
 40
0.1538461538461539
 40
0.1538461538461539
 40
0.1538461538461539
 40
0.1538461538461539
 40
0.2307692307692308
 40
0.2307692307692308
 40
0.2307692307692308
 40
0.2307692307692308
 40
0.3076923076923077
 40
0.3076923076923077
 40
0.3076923076923077
 40
0.3076923076923077
 40
0.3846153846153846
 40
0.3846153846153846
 40
0.3846153846153846
 40
0.3846153846153846
 40
0.4615384615384616
 40
0.4615384615384616
 40
0.4615384615384616
 40
0.4615384615384616
 40
0.5384615384615384
 40
0.5384615384615384
 40
0.5384615384615384
 40
0.5384615384615384
 40
0.6153846153846154
 40
0.6153846153846154
 40
0.6153846153846154
 40
0.6153846153846154
 40
0.6923076923076923
 40
0.6923076923076923
 40
0.6923076923076923
 40
0.6923076923076923
 40
0.7692307692307693
 40
0.7692307692307693
 40
0.7692307692307693
 40
0.7692307692307693
 40
0.8461538461538461
 40
0.8461538461538461
 40
0.8461538461538461
 40
0.8461538461538461
 40
1.0
 40
1.0
 40
1.0
 40
1.0
 10
72.09772
 20
41.67067
 30
0.0
 10
72.09772
 20
41.67067
 30
0.0
 10
72.09772
 20
42.27689
 30
0.0
 10
72.09772
 20
42.27689
 30
0.0
 10
72.09772
 20
42.27689
 30
0.0
 10
72.09772
 20
42.27689
 30
0.0
 10
72.30657
 20
42.27689
 30
0.0
 10
72.30657
 20
42.27689
 30
0.0
 10
72.30657
 20
42.27689
 30
0.0
 10
72.3537
 20
42.27689
 30
0.0
 10
72.38968
 20
42.27406
 30
0.0
 10
72.41452
 20
42.26828
 30
0.0
 10
72.41452
 20
42.26828
 30
0.0
 10
72.44923
 20
42.26023
 30
0.0
 10
72.47887
 20
42.2457
 30
0.0
 10
72.50342
 20
42.22482
 30
0.0
 10
72.50342
 20
42.22482
 30
0.0
 10
72.53545
 20
42.19772
 30
0.0
 10
72.5593
 20
42.16329
 30
0.0
 10
72.5751
 20
42.12124
 30
0.0
 10
72.5751
 20
42.12124
 30
0.0
 10
72.59105
 20
42.07919
 30
0.0
 10
72.59895
 20
42.03107
 30
0.0
 10
72.59895
 20
41.97702
 30
0.0
 10
72.59895
 20
41.97702
 30
0.0
 10
72.59895
 20
41.93102
 30
0.0
 10
72.59359
 20
41.89024
 30
0.0
 10
72.58287
 20
41.85468
 30
0.0
 10
72.58287
 20
41.85468
 30
0.0
 10
72.57214
 20
41.81912
 30
0.0
 10
72.55831
 20
41.78963
 30
0.0
 10
72.54152
 20
41.76634
 30
0.0
 10
72.54152
 20
41.76634
 30
0.0
 10
72.52459
 20
41.74306
 30
0.0
 10
72.50624
 20
41.72472
 30
0.0
 10
72.4862
 20
41.71145
 30
0.0
 10
72.4862
 20
41.71145
 30
0.0
 10
72.46631
 20
41.69805
 30
0.0
 10
72.44218
 20
41.68789
 30
0.0
 10
72.41395
 20
41.68097
 30
0.0
 10
72.41395
 20
41.68097
 30
0.0
 10
72.38559
 20
41.67406
 30
0.0
 10
72.35314
 20
41.67067
 30
0.0
 10
72.31645
 20
41.67067
 30
0.0
 10
72.31645
 20
41.67067
 30
0.0
 10
72.31645
 20
41.67067
 30
0.0
 10
72.09772
 20
41.67067
 30
0.0
 10
72.09772
 20
41.67067
 30
0.0
  0
SPLINE
  5
A9
330
1F
100
AcDbEntity
  8
LAYER_1
 62
   250
100
AcDbSpline
210
0.0
220
0.0
230
1.0
 70
    11
 71
     3
 72
    44
 73
    40
 74
     0
 42
0.000000001
 43
0.0000000001
 40
0.0
 40
0.0
 40
0.0
 40
0.0
 40
0.0909090909090909
 40
0.0909090909090909
 40
0.0909090909090909
 40
0.0909090909090909
 40
0.1818181818181818
 40
0.1818181818181818
 40
0.1818181818181818
 40
0.1818181818181818
 40
0.2727272727272727
 40
0.2727272727272727
 40
0.2727272727272727
 40
0.2727272727272727
 40
0.3636363636363636
 40
0.3636363636363636
 40
0.3636363636363636
 40
0.3636363636363636
 40
0.4545454545454545
 40
0.4545454545454545
 40
0.4545454545454545
 40
0.4545454545454545
 40
0.5454545454545454
 40
0.5454545454545454
 40
0.5454545454545454
 40
0.5454545454545454
 40
0.6363636363636364
 40
0.6363636363636364
 40
0.6363636363636364
 40
0.6363636363636364
 40
0.7272727272727273
 40
0.7272727272727273
 40
0.7272727272727273
 40
0.7272727272727273
 40
0.8181818181818182
 40
0.8181818181818182
 40
0.8181818181818182
 40
0.8181818181818182
 40
1.0
 40
1.0
 40
1.0
 40
1.0
 10
72.17816
 20
41.74179
 30
0.0
 10
72.17816
 20
41.74179
 30
0.0
 10
72.30742
 20
41.74179
 30
0.0
 10
72.30742
 20
41.74179
 30
0.0
 10
72.30742
 20
41.74179
 30
0.0
 10
72.34735
 20
41.74179
 30
0.0
 10
72.37868
 20
41.74546
 30
0.0
 10
72.4014
 20
41.75294
 30
0.0
 10
72.4014
 20
41.75294
 30
0.0
 10
72.42411
 20
41.76042
 30
0.0
 10
72.44218
 20
41.77086
 30
0.0
 10
72.45572
 20
41.78441
 30
0.0
 10
72.45572
 20
41.78441
 30
0.0
 10
72.47463
 20
41.80346
 30
0.0
 10
72.48945
 20
41.82914
 30
0.0
 10
72.50003
 20
41.86131
 30
0.0
 10
72.50003
 20
41.86131
 30
0.0
 10
72.51062
 20
41.89349
 30
0.0
 10
72.51598
 20
41.93243
 30
0.0
 10
72.51598
 20
41.97829
 30
0.0
 10
72.51598
 20
41.97829
 30
0.0
 10
72.51598
 20
42.04179
 30
0.0
 10
72.50554
 20
42.09062
 30
0.0
 10
72.48479
 20
42.12477
 30
0.0
 10
72.48479
 20
42.12477
 30
0.0
 10
72.46405
 20
42.15892
 30
0.0
 10
72.43879
 20
42.18178
 30
0.0
 10
72.40902
 20
42.19335
 30
0.0
 10
72.40902
 20
42.19335
 30
0.0
 10
72.38757
 20
42.20167
 30
0.0
 10
72.35299
 20
42.20577
 30
0.0
 10
72.3053
 20
42.20577
 30
0.0
 10
72.3053
 20
42.20577
 30
0.0
 10
72.3053
 20
42.20577
 30
0.0
 10
72.17816
 20
42.20577
 30
0.0
 10
72.17816
 20
42.20577
 30
0.0
 10
72.17816
 20
42.20577
 30
0.0
 10
72.17816
 20
42.20577
 30
0.0
 10
72.17816
 20
41.74179
 30
0.0
 10
72.17816
 20
41.74179
 30
0.0
  0
SPLINE
  5
AA
330
1F
100
AcDbEntity
  8
LAYER_1
 62
   250
100
AcDbSpline
210
0.0
220
0.0
230
1.0
 70
    11
 71
     3
 72
   144
 73
   140
 74
     0
 42
0.000000001
 43
0.0000000001
 40
0.0
 40
0.0
 40
0.0
 40
0.0
 40
0.0277777777777778
 40
0.0277777777777778
 40
0.0277777777777778
 40
0.0277777777777778
 40
0.0555555555555556
 40
0.0555555555555556
 40
0.0555555555555556
 40
0.0555555555555556
 40
0.0833333333333333
 40
0.0833333333333333
 40
0.0833333333333333
 40
0.0833333333333333
 40
0.1111111111111111
 40
0.1111111111111111
 40
0.1111111111111111
 40
0.1111111111111111
 40
0.1388888888888889
 40
0.1388888888888889
 40
0.1388888888888889
 40
0.1388888888888889
 40
0.1666666666666667
 40
0.1666666666666667
 40
0.1666666666666667
 40
0.1666666666666667
 40
0.1944444444444444
 40
0.1944444444444444
 40
0.1944444444444444
 40
0.1944444444444444
 40
0.2222222222222222
 40
0.2222222222222222
 40
0.2222222222222222
 40
0.2222222222222222
 40
0.25
 40
0.25
 40
0.25
 40
0.25
 40
0.2777777777777778
 40
0.2777777777777778
 40
0.2777777777777778
 40
0.2777777777777778
 40
0.3055555555555556
 40
0.3055555555555556
 40
0.3055555555555556
 40
0.3055555555555556
 40
0.3333333333333333
 40
0.3333333333333333
 40
0.3333333333333333
 40
0.3333333333333333
 40
0.3611111111111111
 40
0.3611111111111111
 40
0.3611111111111111
 40
0.3611111111111111
 40
0.3888888888888889
 40
0.3888888888888889
 40
0.3888888888888889
 40
0.3888888888888889
 40
0.4166666666666667
 40
0.4166666666666667
 40
0.4166666666666667
 40
0.4166666666666667
 40
0.4444444444444444
 40
0.4444444444444444
 40
0.4444444444444444
 40
0.4444444444444444
 40
0.4722222222222222
 40
0.4722222222222222
 40
0.4722222222222222
 40
0.4722222222222222
 40
0.5
 40
0.5
 40
0.5
 40
0.5
 40
0.5277777777777778
 40
0.5277777777777778
 40
0.5277777777777778
 40
0.5277777777777778
 40
0.5555555555555556
 40
0.5555555555555556
 40
0.5555555555555556
 40
0.5555555555555556
 40
0.5833333333333334
 40
0.5833333333333334
 40
0.5833333333333334
 40
0.5833333333333334
 40
0.6111111111111112
 40
0.6111111111111112
 40
0.6111111111111112
 40
0.6111111111111112
 40
0.6388888888888888
 40
0.6388888888888888
 40
0.6388888888888888
 40
0.6388888888888888
 40
0.6666666666666666
 40
0.6666666666666666
 40
0.6666666666666666
 40
0.6666666666666666
 40
0.6944444444444444
 40
0.6944444444444444
 40
0.6944444444444444
 40
0.6944444444444444
 40
0.7222222222222222
 40
0.7222222222222222
 40
0.7222222222222222
 40
0.7222222222222222
 40
0.75
 40
0.75
 40
0.75
 40
0.75
 40
0.7777777777777778
 40
0.7777777777777778
 40
0.7777777777777778
 40
0.7777777777777778
 40
0.8055555555555556
 40
0.8055555555555556
 40
0.8055555555555556
 40
0.8055555555555556
 40
0.8333333333333334
 40
0.8333333333333334
 40
0.8333333333333334
 40
0.8333333333333334
 40
0.8611111111111112
 40
0.8611111111111112
 40
0.8611111111111112
 40
0.8611111111111112
 40
0.8888888888888888
 40
0.8888888888888888
 40
0.8888888888888888
 40
0.8888888888888888
 40
0.9166666666666666
 40
0.9166666666666666
 40
0.9166666666666666
 40
0.9166666666666666
 40
0.9444444444444444
 40
0.9444444444444444
 40
0.9444444444444444
 40
0.9444444444444444
 40
1.0
 40
1.0
 40
1.0
 40
1.0
 10
72.68292
 20
41.8654
 30
0.0
 10
72.68292
 20
41.8654
 30
0.0
 10
72.75827
 20
41.87218
 30
0.0
 10
72.75827
 20
41.87218
 30
0.0
 10
72.75827
 20
41.87218
 30
0.0
 10
72.7618
 20
41.8417
 30
0.0
 10
72.77012
 20
41.81672
 30
0.0
 10
72.78325
 20
41.79711
 30
0.0
 10
72.78325
 20
41.79711
 30
0.0
 10
72.79637
 20
41.77763
 30
0.0
 10
72.81669
 20
41.76183
 30
0.0
 10
72.84421
 20
41.74969
 30
0.0
 10
72.84421
 20
41.74969
 30
0.0
 10
72.87172
 20
41.7377
 30
0.0
 10
72.90277
 20
41.73163
 30
0.0
 10
72.9372
 20
41.73163
 30
0.0
 10
72.9372
 20
41.73163
 30
0.0
 10
72.96782
 20
41.73163
 30
0.0
 10
72.99477
 20
41.73615
 30
0.0
 10
73.0182
 20
41.74532
 30
0.0
 10
73.0182
 20
41.74532
 30
0.0
 10
73.04162
 20
41.75449
 30
0.0
 10
73.05898
 20
41.76705
 30
0.0
 10
73.07041
 20
41.78299
 30
0.0
 10
73.07041
 20
41.78299
 30
0.0
 10
73.08184
 20
41.79894
 30
0.0
 10
73.08763
 20
41.8163
 30
0.0
 10
73.08763
 20
41.83492
 30
0.0
 10
73.08763
 20
41.83492
 30
0.0
 10
73.08763
 20
41.85383
 30
0.0
 10
73.08212
 20
41.87034
 30
0.0
 10
73.07112
 20
41.8846
 30
0.0
 10
73.07112
 20
41.8846
 30
0.0
 10
73.06011
 20
41.89871
 30
0.0
 10
73.0419
 20
41.91056
 30
0.0
 10
73.0165
 20
41.9203
 30
0.0
 10
73.0165
 20
41.9203
 30
0.0
 10
73.00028
 20
41.92651
 30
0.0
 10
72.96429
 20
41.93638
 30
0.0
 10
72.90855
 20
41.94979
 30
0.0
 10
72.90855
 20
41.94979
 30
0.0
 10
72.85282
 20
41.96319
 30
0.0
 10
72.81387
 20
41.97575
 30
0.0
 10
72.79157
 20
41.98761
 30
0.0
 10
72.79157
 20
41.98761
 30
0.0
 10
72.76264
 20
42.00285
 30
0.0
 10
72.7412
 20
42.02176
 30
0.0
 10
72.72708
 20
42.04419
 30
0.0
 10
72.72708
 20
42.04419
 30
0.0
 10
72.71283
 20
42.06663
 30
0.0
 10
72.70578
 20
42.09189
 30
0.0
 10
72.70578
 20
42.11969
 30
0.0
 10
72.70578
 20
42.11969
 30
0.0
 10
72.70578
 20
42.15045
 30
0.0
 10
72.71453
 20
42.1791
 30
0.0
 10
72.73188
 20
42.20562
 30
0.0
 10
72.73188
 20
42.20562
 30
0.0
 10
72.74924
 20
42.23229
 30
0.0
 10
72.7745
 20
42.25247
 30
0.0
 10
72.80794
 20
42.2663
 30
0.0
 10
72.80794
 20
42.2663
 30
0.0
 10
72.84124
 20
42.28013
 30
0.0
 10
72.87836
 20
42.28705
 30
0.0
 10
72.91914
 20
42.28705
 30
0.0
 10
72.91914
 20
42.28705
 30
0.0
 10
72.96401
 20
42.28705
 30
0.0
 10
73.00366
 20
42.27985
 30
0.0
 10
73.03795
 20
42.26531
 30
0.0
 10
73.03795
 20
42.26531
 30
0.0
 10
73.07224
 20
42.25092
 30
0.0
 10
73.09863
 20
42.22961
 30
0.0
 10
73.11712
 20
42.20139
 30
0.0
 10
73.11712
 20
42.20139
 30
0.0
 10
73.1356
 20
42.17331
 30
0.0
 10
73.14548
 20
42.14142
 30
0.0
 10
73.14689
 20
42.10586
 30
0.0
 10
73.14689
 20
42.10586
 30
0.0
 10
73.14689
 20
42.10586
 30
0.0
 10
73.06985
 20
42.09993
 30
0.0
 10
73.06985
 20
42.09993
 30
0.0
 10
73.06985
 20
42.09993
 30
0.0
 10
73.06575
 20
42.13817
 30
0.0
 10
73.05178
 20
42.1671
 30
0.0
 10
73.02793
 20
42.18657
 30
0.0
 10
73.02793
 20
42.18657
 30
0.0
 10
73.00409
 20
42.20619
 30
0.0
 10
72.96881
 20
42.21593
 30
0.0
 10
72.92224
 20
42.21593
 30
0.0
 10
72.92224
 20
42.21593
 30
0.0
 10
72.8737
 20
42.21593
 30
0.0
 10
72.83828
 20
42.20704
 30
0.0
 10
72.81613
 20
42.18926
 30
0.0
 10
72.81613
 20
42.18926
 30
0.0
 10
72.79397
 20
42.17148
 30
0.0
 10
72.78282
 20
42.15003
 30
0.0
 10
72.78282
 20
42.12491
 30
0.0
 10
72.78282
 20
42.12491
 30
0.0
 10
72.78282
 20
42.10318
 30
0.0
 10
72.79073
 20
42.08526
 30
0.0
 10
72.80639
 20
42.07114
 30
0.0
 10
72.80639
 20
42.07114
 30
0.0
 10
72.82191
 20
42.05717
 30
0.0
 10
72.86213
 20
42.04264
 30
0.0
 10
72.92732
 20
42.02796
 30
0.0
 10
72.92732
 20
42.02796
 30
0.0
 10
72.99252
 20
42.01315
 30
0.0
 10
73.03725
 20
42.00031
 30
0.0
 10
73.06152
 20
41.9893
 30
0.0
 10
73.06152
 20
41.9893
 30
0.0
 10
73.09666
 20
41.97307
 30
0.0
 10
73.12276
 20
41.95261
 30
0.0
 10
73.13955
 20
41.92763
 30
0.0
 10
73.13955
 20
41.92763
 30
0.0
 10
73.15635
 20
41.9028
 30
0.0
 10
73.16467
 20
41.87415
 30
0.0
 10
73.16467
 20
41.8417
 30
0.0
 10
73.16467
 20
41.8417
 30
0.0
 10
73.16467
 20
41.80938
 30
0.0
 10
73.1555
 20
41.77918
 30
0.0
 10
73.13701
 20
41.75068
 30
0.0
 10
73.13701
 20
41.75068
 30
0.0
 10
73.11853
 20
41.72218
 30
0.0
 10
73.09214
 20
41.70002
 30
0.0
 10
73.05757
 20
41.68422
 30
0.0
 10
73.05757
 20
41.68422
 30
0.0
 10
73.023
 20
41.66841
 30
0.0
 10
72.98419
 20
41.66051
 30
0.0
 10
72.94087
 20
41.66051
 30
0.0
 10
72.94087
 20
41.66051
 30
0.0
 10
72.88612
 20
41.66051
 30
0.0
 10
72.84026
 20
41.66855
 30
0.0
 10
72.80329
 20
41.6845
 30
0.0
 10
72.80329
 20
41.6845
 30
0.0
 10
72.76617
 20
41.70044
 30
0.0
 10
72.73724
 20
41.72443
 30
0.0
 10
72.71622
 20
41.75661
 30
0.0
 10
72.71622
 20
41.75661
 30
0.0
 10
72.69505
 20
41.78864
 30
0.0
 10
72.68405
 20
41.82491
 30
0.0
 10
72.68292
 20
41.8654
 30
0.0
  0
SPLINE
  5
AB
330
1F
100
AcDbEntity
  8
LAYER_1
 62
   250
100
AcDbSpline
210
0.0
220
0.0
230
1.0
 70
    11
 71
     3
 72
    20
 73
    16
 74
     0
 42
0.000000001
 43
0.0000000001
 40
0.0
 40
0.0
 40
0.0
 40
0.0
 40
0.2
 40
0.2
 40
0.2
 40
0.2
 40
0.4
 40
0.4
 40
0.4
 40
0.4
 40
0.6
 40
0.6
 40
0.6
 40
0.6
 40
1.0
 40
1.0
 40
1.0
 40
1.0
 10
73.28575
 20
41.67067
 30
0.0
 10
73.28575
 20
41.67067
 30
0.0
 10
73.28575
 20
41.75534
 30
0.0
 10
73.28575
 20
41.75534
 30
0.0
 10
73.28575
 20
41.75534
 30
0.0
 10
73.28575
 20
41.75534
 30
0.0
 10
73.37041
 20
41.75534
 30
0.0
 10
73.37041
 20
41.75534
 30
0.0
 10
73.37041
 20
41.75534
 30
0.0
 10
73.37041
 20
41.75534
 30
0.0
 10
73.37041
 20
41.67067
 30
0.0
 10
73.37041
 20
41.67067
 30
0.0
 10
73.37041
 20
41.67067
 30
0.0
 10
73.37041
 20
41.67067
 30
0.0
 10
73.28575
 20
41.67067
 30
0.0
 10
73.28575
 20
41.67067
 30
0.0
  0
SPLINE
  5
AC
330
1F
100
AcDbEntity
  8
LAYER_1
 62
   250
100
AcDbSpline
210
0.0
220
0.0
230
1.0
 70
    11
 71
     3
 72
    92
 73
    88
 74
     0
 42
0.000000001
 43
0.0000000001
 40
0.0
 40
0.0
 40
0.0
 40
0.0
 40
0.0434782608695652
 40
0.0434782608695652
 40
0.0434782608695652
 40
0.0434782608695652
 40
0.0869565217391304
 40
0.0869565217391304
 40
0.0869565217391304
 40
0.0869565217391304
 40
0.1304347826086956
 40
0.1304347826086956
 40
0.1304347826086956
 40
0.1304347826086956
 40
0.1739130434782609
 40
0.1739130434782609
 40
0.1739130434782609
 40
0.1739130434782609
 40
0.2173913043478261
 40
0.2173913043478261
 40
0.2173913043478261
 40
0.2173913043478261
 40
0.2608695652173913
 40
0.2608695652173913
 40
0.2608695652173913
 40
0.2608695652173913
 40
0.3043478260869565
 40
0.3043478260869565
 40
0.3043478260869565
 40
0.3043478260869565
 40
0.3478260869565217
 40
0.3478260869565217
 40
0.3478260869565217
 40
0.3478260869565217
 40
0.391304347826087
 40
0.391304347826087
 40
0.391304347826087
 40
0.391304347826087
 40
0.4347826086956522
 40
0.4347826086956522
 40
0.4347826086956522
 40
0.4347826086956522
 40
0.4782608695652174
 40
0.4782608695652174
 40
0.4782608695652174
 40
0.4782608695652174
 40
0.5217391304347826
 40
0.5217391304347826
 40
0.5217391304347826
 40
0.5217391304347826
 40
0.5652173913043478
 40
0.5652173913043478
 40
0.5652173913043478
 40
0.5652173913043478
 40
0.6086956521739131
 40
0.6086956521739131
 40
0.6086956521739131
 40
0.6086956521739131
 40
0.6521739130434783
 40
0.6521739130434783
 40
0.6521739130434783
 40
0.6521739130434783
 40
0.6956521739130435
 40
0.6956521739130435
 40
0.6956521739130435
 40
0.6956521739130435
 40
0.7391304347826086
 40
0.7391304347826086
 40
0.7391304347826086
 40
0.7391304347826086
 40
0.782608695652174
 40
0.782608695652174
 40
0.782608695652174
 40
0.782608695652174
 40
0.8260869565217391
 40
0.8260869565217391
 40
0.8260869565217391
 40
0.8260869565217391
 40
0.8695652173913043
 40
0.8695652173913043
 40
0.8695652173913043
 40
0.8695652173913043
 40
0.9130434782608695
 40
0.9130434782608695
 40
0.9130434782608695
 40
0.9130434782608695
 40
1.0
 40
1.0
 40
1.0
 40
1.0
 10
73.94093
 20
41.88333
 30
0.0
 10
73.94093
 20
41.88333
 30
0.0
 10
74.02136
 20
41.86301
 30
0.0
 10
74.02136
 20
41.86301
 30
0.0
 10
74.02136
 20
41.86301
 30
0.0
 10
74.00457
 20
41.79711
 30
0.0
 10
73.97437
 20
41.74701
 30
0.0
 10
73.93077
 20
41.71244
 30
0.0
 10
73.93077
 20
41.71244
 30
0.0
 10
73.88716
 20
41.67787
 30
0.0
 10
73.83382
 20
41.66051
 30
0.0
 10
73.77074
 20
41.66051
 30
0.0
 10
73.77074
 20
41.66051
 30
0.0
 10
73.70555
 20
41.66051
 30
0.0
 10
73.65249
 20
41.67377
 30
0.0
 10
73.61157
 20
41.70044
 30
0.0
 10
73.61157
 20
41.70044
 30
0.0
 10
73.57065
 20
41.72697
 30
0.0
 10
73.5396
 20
41.7655
 30
0.0
 10
73.5183
 20
41.81587
 30
0.0
 10
73.5183
 20
41.81587
 30
0.0
 10
73.49699
 20
41.86639
 30
0.0
 10
73.48626
 20
41.92044
 30
0.0
 10
73.48626
 20
41.97829
 30
0.0
 10
73.48626
 20
41.97829
 30
0.0
 10
73.48626
 20
42.04137
 30
0.0
 10
73.49826
 20
42.0964
 30
0.0
 10
73.52239
 20
42.14339
 30
0.0
 10
73.52239
 20
42.14339
 30
0.0
 10
73.54652
 20
42.19038
 30
0.0
 10
73.58081
 20
42.22609
 30
0.0
 10
73.62526
 20
42.2505
 30
0.0
 10
73.62526
 20
42.2505
 30
0.0
 10
73.66971
 20
42.27491
 30
0.0
 10
73.71867
 20
42.28705
 30
0.0
 10
73.77201
 20
42.28705
 30
0.0
 10
73.77201
 20
42.28705
 30
0.0
 10
73.83269
 20
42.28705
 30
0.0
 10
73.88363
 20
42.27166
 30
0.0
 10
73.92484
 20
42.24076
 30
0.0
 10
73.92484
 20
42.24076
 30
0.0
 10
73.96618
 20
42.20986
 30
0.0
 10
73.99497
 20
42.16654
 30
0.0
 10
74.0112
 20
42.11066
 30
0.0
 10
74.0112
 20
42.11066
 30
0.0
 10
74.0112
 20
42.11066
 30
0.0
 10
73.93246
 20
42.09203
 30
0.0
 10
73.93246
 20
42.09203
 30
0.0
 10
73.93246
 20
42.09203
 30
0.0
 10
73.91849
 20
42.13606
 30
0.0
 10
73.89803
 20
42.16823
 30
0.0
 10
73.87136
 20
42.18827
 30
0.0
 10
73.87136
 20
42.18827
 30
0.0
 10
73.84469
 20
42.20845
 30
0.0
 10
73.8111
 20
42.21847
 30
0.0
 10
73.7706
 20
42.21847
 30
0.0
 10
73.7706
 20
42.21847
 30
0.0
 10
73.72418
 20
42.21847
 30
0.0
 10
73.68523
 20
42.20732
 30
0.0
 10
73.65405
 20
42.18502
 30
0.0
 10
73.65405
 20
42.18502
 30
0.0
 10
73.62286
 20
42.16273
 30
0.0
 10
73.60085
 20
42.13267
 30
0.0
 10
73.58829
 20
42.09513
 30
0.0
 10
73.58829
 20
42.09513
 30
0.0
 10
73.57559
 20
42.05746
 30
0.0
 10
73.56924
 20
42.01865
 30
0.0
 10
73.56924
 20
41.97872
 30
0.0
 10
73.56924
 20
41.97872
 30
0.0
 10
73.56924
 20
41.92721
 30
0.0
 10
73.57672
 20
41.8822
 30
0.0
 10
73.59167
 20
41.84381
 30
0.0
 10
73.59167
 20
41.84381
 30
0.0
 10
73.60663
 20
41.80529
 30
0.0
 10
73.62992
 20
41.77664
 30
0.0
 10
73.66152
 20
41.75759
 30
0.0
 10
73.66152
 20
41.75759
 30
0.0
 10
73.69313
 20
41.73854
 30
0.0
 10
73.72728
 20
41.72909
 30
0.0
 10
73.76411
 20
41.72909
 30
0.0
 10
73.76411
 20
41.72909
 30
0.0
 10
73.80899
 20
41.72909
 30
0.0
 10
73.8468
 20
41.74207
 30
0.0
 10
73.87785
 20
41.7679
 30
0.0
 10
73.87785
 20
41.7679
 30
0.0
 10
73.90889
 20
41.79386
 30
0.0
 10
73.92992
 20
41.83224
 30
0.0
 10
73.94093
 20
41.88333
 30
0.0
  0
SPLINE
  5
AD
330
1F
100
AcDbEntity
  8
LAYER_1
 62
   250
100
AcDbSpline
210
0.0
220
0.0
230
1.0
 70
    11
 71
     3
 72
    48
 73
    44
 74
     0
 42
0.000000001
 43
0.0000000001
 40
0.0
 40
0.0
 40
0.0
 40
0.0
 40
0.0833333333333333
 40
0.0833333333333333
 40
0.0833333333333333
 40
0.0833333333333333
 40
0.1666666666666667
 40
0.1666666666666667
 40
0.1666666666666667
 40
0.1666666666666667
 40
0.25
 40
0.25
 40
0.25
 40
0.25
 40
0.3333333333333333
 40
0.3333333333333333
 40
0.3333333333333333
 40
0.3333333333333333
 40
0.4166666666666667
 40
0.4166666666666667
 40
0.4166666666666667
 40
0.4166666666666667
 40
0.5
 40
0.5
 40
0.5
 40
0.5
 40
0.5833333333333334
 40
0.5833333333333334
 40
0.5833333333333334
 40
0.5833333333333334
 40
0.6666666666666666
 40
0.6666666666666666
 40
0.6666666666666666
 40
0.6666666666666666
 40
0.75
 40
0.75
 40
0.75
 40
0.75
 40
0.8333333333333334
 40
0.8333333333333334
 40
0.8333333333333334
 40
0.8333333333333334
 40
1.0
 40
1.0
 40
1.0
 40
1.0
 10
74.09601
 20
41.96573
 30
0.0
 10
74.09601
 20
42.06621
 30
0.0
 10
74.1231
 20
42.14495
 30
0.0
 10
74.17715
 20
42.20181
 30
0.0
 10
74.17715
 20
42.20181
 30
0.0
 10
74.2312
 20
42.25868
 30
0.0
 10
74.3009
 20
42.28705
 30
0.0
 10
74.38642
 20
42.28705
 30
0.0
 10
74.38642
 20
42.28705
 30
0.0
 10
74.44244
 20
42.28705
 30
0.0
 10
74.49282
 20
42.27364
 30
0.0
 10
74.53783
 20
42.24697
 30
0.0
 10
74.53783
 20
42.24697
 30
0.0
 10
74.5827
 20
42.2203
 30
0.0
 10
74.61699
 20
42.18305
 30
0.0
 10
74.64056
 20
42.13521
 30
0.0
 10
74.64056
 20
42.13521
 30
0.0
 10
74.66413
 20
42.08751
 30
0.0
 10
74.67598
 20
42.03333
 30
0.0
 10
74.67598
 20
41.97279
 30
0.0
 10
74.67598
 20
41.97279
 30
0.0
 10
74.67598
 20
41.91141
 30
0.0
 10
74.66356
 20
41.85637
 30
0.0
 10
74.63873
 20
41.80797
 30
0.0
 10
74.63873
 20
41.80797
 30
0.0
 10
74.61389
 20
41.75943
 30
0.0
 10
74.57875
 20
41.72274
 30
0.0
 10
74.53332
 20
41.6979
 30
0.0
 10
74.53332
 20
41.6979
 30
0.0
 10
74.48774
 20
41.67293
 30
0.0
 10
74.43863
 20
41.66051
 30
0.0
 10
74.38599
 20
41.66051
 30
0.0
 10
74.38599
 20
41.66051
 30
0.0
 10
74.32884
 20
41.66051
 30
0.0
 10
74.2779
 20
41.67434
 30
0.0
 10
74.23289
 20
41.70186
 30
0.0
 10
74.23289
 20
41.70186
 30
0.0
 10
74.18801
 20
41.72937
 30
0.0
 10
74.15387
 20
41.76691
 30
0.0
 10
74.13072
 20
41.8146
 30
0.0
 10
74.13072
 20
41.8146
 30
0.0
 10
74.10758
 20
41.86216
 30
0.0
 10
74.09601
 20
41.91254
 30
0.0
 10
74.09601
 20
41.96573
 30
0.0
  0
SPLINE
  5
AE
330
1F
100
AcDbEntity
  8
LAYER_1
 62
   250
100
AcDbSpline
210
0.0
220
0.0
230
1.0
 70
    11
 71
     3
 72
    40
 73
    36
 74
     0
 42
0.000000001
 43
0.0000000001
 40
0.0
 40
0.0
 40
0.0
 40
0.0
 40
0.1
 40
0.1
 40
0.1
 40
0.1
 40
0.2
 40
0.2
 40
0.2
 40
0.2
 40
0.3
 40
0.3
 40
0.3
 40
0.3
 40
0.4
 40
0.4
 40
0.4
 40
0.4
 40
0.5
 40
0.5
 40
0.5
 40
0.5
 40
0.6
 40
0.6
 40
0.6
 40
0.6
 40
0.7
 40
0.7
 40
0.7
 40
0.7
 40
0.8
 40
0.8
 40
0.8
 40
0.8
 40
1.0
 40
1.0
 40
1.0
 40
1.0
 10
74.17898
 20
41.96432
 30
0.0
 10
74.17898
 20
41.89137
 30
0.0
 10
74.1986
 20
41.83394
 30
0.0
 10
74.23783
 20
41.79203
 30
0.0
 10
74.23783
 20
41.79203
 30
0.0
 10
74.27706
 20
41.75012
 30
0.0
 10
74.3263
 20
41.72909
 30
0.0
 10
74.38557
 20
41.72909
 30
0.0
 10
74.38557
 20
41.72909
 30
0.0
 10
74.44597
 20
41.72909
 30
0.0
 10
74.4955
 20
41.75026
 30
0.0
 10
74.53459
 20
41.79259
 30
0.0
 10
74.53459
 20
41.79259
 30
0.0
 10
74.57353
 20
41.83492
 30
0.0
 10
74.59301
 20
41.89504
 30
0.0
 10
74.59301
 20
41.97293
 30
0.0
 10
74.59301
 20
41.97293
 30
0.0
 10
74.59301
 20
42.02218
 30
0.0
 10
74.58468
 20
42.06522
 30
0.0
 10
74.56803
 20
42.10191
 30
0.0
 10
74.56803
 20
42.10191
 30
0.0
 10
74.55138
 20
42.1386
 30
0.0
 10
74.52697
 20
42.1671
 30
0.0
 10
74.49493
 20
42.18728
 30
0.0
 10
74.49493
 20
42.18728
 30
0.0
 10
74.46276
 20
42.20746
 30
0.0
 10
74.42678
 20
42.21762
 30
0.0
 10
74.38684
 20
42.21762
 30
0.0
 10
74.38684
 20
42.21762
 30
0.0
 10
74.33011
 20
42.21762
 30
0.0
 10
74.28129
 20
42.19815
 30
0.0
 10
74.24037
 20
42.1592
 30
0.0
 10
74.24037
 20
42.1592
 30
0.0
 10
74.19945
 20
42.12025
 30
0.0
 10
74.17898
 20
42.05534
 30
0.0
 10
74.17898
 20
41.96432
 30
0.0
  0
SPLINE
  5
AF
330
1F
100
AcDbEntity
  8
LAYER_1
 62
   250
100
AcDbSpline
210
0.0
220
0.0
230
1.0
 70
    11
 71
     3
 72
    64
 73
    60
 74
     0
 42
0.000000001
 43
0.0000000001
 40
0.0
 40
0.0
 40
0.0
 40
0.0
 40
0.0625
 40
0.0625
 40
0.0625
 40
0.0625
 40
0.125
 40
0.125
 40
0.125
 40
0.125
 40
0.1875
 40
0.1875
 40
0.1875
 40
0.1875
 40
0.25
 40
0.25
 40
0.25
 40
0.25
 40
0.3125
 40
0.3125
 40
0.3125
 40
0.3125
 40
0.375
 40
0.375
 40
0.375
 40
0.375
 40
0.4375
 40
0.4375
 40
0.4375
 40
0.4375
 40
0.5
 40
0.5
 40
0.5
 40
0.5
 40
0.5625
 40
0.5625
 40
0.5625
 40
0.5625
 40
0.625
 40
0.625
 40
0.625
 40
0.625
 40
0.6875
 40
0.6875
 40
0.6875
 40
0.6875
 40
0.75
 40
0.75
 40
0.75
 40
0.75
 40
0.8125
 40
0.8125
 40
0.8125
 40
0.8125
 40
0.875
 40
0.875
 40
0.875
 40
0.875
 40
1.0
 40
1.0
 40
1.0
 40
1.0
 10
74.77744
 20
41.67067
 30
0.0
 10
74.77744
 20
41.67067
 30
0.0
 10
74.77744
 20
42.27689
 30
0.0
 10
74.77744
 20
42.27689
 30
0.0
 10
74.77744
 20
42.27689
 30
0.0
 10
74.77744
 20
42.27689
 30
0.0
 10
74.89767
 20
42.27689
 30
0.0
 10
74.89767
 20
42.27689
 30
0.0
 10
74.89767
 20
42.27689
 30
0.0
 10
74.89767
 20
42.27689
 30
0.0
 10
75.04104
 20
41.84777
 30
0.0
 10
75.04104
 20
41.84777
 30
0.0
 10
75.04104
 20
41.84777
 30
0.0
 10
75.0543
 20
41.80783
 30
0.0
 10
75.0639
 20
41.77791
 30
0.0
 10
75.06996
 20
41.75802
 30
0.0
 10
75.06996
 20
41.75802
 30
0.0
 10
75.07688
 20
41.78003
 30
0.0
 10
75.08774
 20
41.81249
 30
0.0
 10
75.10242
 20
41.85524
 30
0.0
 10
75.10242
 20
41.85524
 30
0.0
 10
75.10242
 20
41.85524
 30
0.0
 10
75.24833
 20
42.27689
 30
0.0
 10
75.24833
 20
42.27689
 30
0.0
 10
75.24833
 20
42.27689
 30
0.0
 10
75.24833
 20
42.27689
 30
0.0
 10
75.35572
 20
42.27689
 30
0.0
 10
75.35572
 20
42.27689
 30
0.0
 10
75.35572
 20
42.27689
 30
0.0
 10
75.35572
 20
42.27689
 30
0.0
 10
75.35572
 20
41.67067
 30
0.0
 10
75.35572
 20
41.67067
 30
0.0
 10
75.35572
 20
41.67067
 30
0.0
 10
75.35572
 20
41.67067
 30
0.0
 10
75.27867
 20
41.67067
 30
0.0
 10
75.27867
 20
41.67067
 30
0.0
 10
75.27867
 20
41.67067
 30
0.0
 10
75.27867
 20
41.67067
 30
0.0
 10
75.27867
 20
42.17783
 30
0.0
 10
75.27867
 20
42.17783
 30
0.0
 10
75.27867
 20
42.17783
 30
0.0
 10
75.27867
 20
42.17783
 30
0.0
 10
75.10171
 20
41.67067
 30
0.0
 10
75.10171
 20
41.67067
 30
0.0
 10
75.10171
 20
41.67067
 30
0.0
 10
75.10171
 20
41.67067
 30
0.0
 10
75.02947
 20
41.67067
 30
0.0
 10
75.02947
 20
41.67067
 30
0.0
 10
75.02947
 20
41.67067
 30
0.0
 10
75.02947
 20
41.67067
 30
0.0
 10
74.85449
 20
42.18714
 30
0.0
 10
74.85449
 20
42.18714
 30
0.0
 10
74.85449
 20
42.18714
 30
0.0
 10
74.85449
 20
42.18714
 30
0.0
 10
74.85449
 20
41.67067
 30
0.0
 10
74.85449
 20
41.67067
 30
0.0
 10
74.85449
 20
41.67067
 30
0.0
 10
74.85449
 20
41.67067
 30
0.0
 10
74.77744
 20
41.67067
 30
0.0
 10
74.77744
 20
41.67067
 30
0.0
  0
ENDSEC
  0
SECTION
  2
OBJECTS
  0
DICTIONARY
  5
C
330
0
100
AcDbDictionary
  3
ACAD_GROUP
350
D
  3
ACAD_LAYOUT
350
1A
  3
ACAD_MATERIAL
350
43
  3
ACAD_MLEADERSTYLE
350
6B
  3
ACAD_MLINESTYLE
350
17
  3
ACAD_PLOTSETTINGS
350
19
  3
ACAD_SCALELIST
350
47
  3
ACAD_VISUALSTYLE
350
2A
  3
ACDBHEADERROUNDTRIPXREC
350
B0
  3
ACDBVARIABLEDICTIONARY
350
D1
  0
DICTIONARY
  5
D8
330
8
100
AcDbDictionary
280
     1
  3
ACAD_XREC_ROUNDTRIP
360
D9
  0
DICTIONARY
  5
D
102
{ACAD_REACTORS
330
C
102
}
330
C
100
AcDbDictionary
  0
DICTIONARY
  5
1A
102
{ACAD_REACTORS
330
C
102
}
330
C
100
AcDbDictionary
  0
DICTIONARY
  5
43
102
{ACAD_REACTORS
330
C
102
}
330
C
100
AcDbDictionary
  3
BYBLOCK
350
45
  3
BYLAYER
350
44
  3
GLOBAL
350
46
  0
DICTIONARY
  5
6B
102
{ACAD_REACTORS
330
C
102
}
330
C
100
AcDbDictionary
  3
STANDARD
350
6C
  0
DICTIONARY
  5
17
102
{ACAD_REACTORS
330
C
102
}
330
C
100
AcDbDictionary
  3
STANDARD
350
18
  0
DICTIONARY
  5
19
102
{ACAD_REACTORS
330
C
102
}
330
C
100
AcDbDictionary
  0
DICTIONARY
  5
47
102
{ACAD_REACTORS
330
C
102
}
330
C
100
AcDbDictionary
  3
A0
350
48
  3
A1
350
49
  3
A2
350
4A
  3
A3
350
4B
  3
A4
350
4C
  3
A5
350
4D
  3
A6
350
4E
  3
A7
350
4F
  3
A8
350
50
  3
A9
350
51
  3
B0
350
52
  3
B1
350
53
  3
B2
350
54
  3
B3
350
55
  3
B4
350
56
  3
B5
350
57
  3
B6
350
58
  3
B7
350
59
  3
B8
350
5A
  3
B9
350
5B
  3
C0
350
5C
  3
C1
350
5D
  3
C2
350
5E
  3
C3
350
5F
  3
C4
350
60
  3
C5
350
61
  3
C6
350
62
  3
C7
350
63
  3
C8
350
64
  3
C9
350
65
  3
D0
350
66
  3
D1
350
67
  3
D2
350
68
  0
DICTIONARY
  5
2A
102
{ACAD_REACTORS
330
C
102
}
330
C
100
AcDbDictionary
  3
2DWIREFRAME
350
2F
  3
BASIC
350
32
  3
BRIGHTEN
350
36
  3
COLORCHANGE
350
3A
  3
CONCEPTUAL
350
34
  3
DIM
350
35
  3
EDGECOLOROFF
350
3D
  3
FACEPATTERN
350
39
  3
FLAT
350
2B
  3
FLATWITHEDGES
350
2C
  3
GOURAUD
350
2D
  3
GOURAUDWITHEDGES
350
2E
  3
HIDDEN
350
31
  3
JITTEROFF
350
3B
  3
LINEPATTERN
350
38
  3
OVERHANGOFF
350
3C
  3
REALISTIC
350
33
  3
SHADED
350
42
  3
SHADED_WITH_EDGES
350
41
  3
SHADES_OF_GRAY
350
3E
  3
SKETCHY
350
3F
  3
THICKEN
350
37
  3
WIREFRAME
350
30
  3
X-RAY
350
40
  0
DICTIONARY
  5
B0
102
{ACAD_REACTORS
330
C
102
}
330
C
100
AcDbDictionary
  3
CEPSNID
350
BA
  3
CEPSNTYPE
350
B9
  3
DIMSTYLEDATA
350
D0
  3
FINGERPRINTGUID
350
BB
  3
HYPERLINKBASE
350
B3
  3
INSUNITS
350
B8
  3
LAYOUTDICT
350
B5
  3
LWETCUNION
350
B7
  3
PLOTSETDICT
350
B6
  3
PSVPSCALE
350
BD
  3
PUCSBASE
350
C0
  3
PUCSORGBACK
350
C6
  3
PUCSORGBOTTOM
350
C2
  3
PUCSORGFRONT
350
C5
  3
PUCSORGLEFT
350
C3
  3
PUCSORGRIGHT
350
C4
  3
PUCSORGTOP
350
C1
  3
PUCSORTHOREF
350
BE
  3
PUCSORTHOVIEW
350
BF
  3
STYLESHEET
350
B4
  3
TSTACKALIGN
350
B1
  3
TSTACKSIZE
350
B2
  3
UCSBASE
350
C9
  3
UCSORGBACK
350
CF
  3
UCSORGBOTTOM
350
CB
  3
UCSORGFRONT
350
CE
  3
UCSORGLEFT
350
CC
  3
UCSORGRIGHT
350
CD
  3
UCSORGTOP
350
CA
  3
UCSORTHOREF
350
C7
  3
UCSORTHOVIEW
350
C8
  3
VERSIONGUID
350
BC
  0
DICTIONARY
  5
D1
102
{ACAD_REACTORS
330
C
102
}
330
C
100
AcDbDictionary
  3
CANNOSCALE
350
DA
  3
CMLEADERSTYLE
350
D3
  3
CTABLESTYLE
350
D2
  3
DIMASSOC
350
D6
  3
HIDETEXT
350
D7
  3
MSLTSCALE
350
DB
  0
XRECORD
  5
D9
102
{ACAD_REACTORS
330
D8
102
}
330
D8
100
AcDbXrecord
102
VTR_0.000_0.000_1.000_1.000_VISUALSTYLE
340
2F
102
VTR_0.000_0.000_1.000_1.000_GRIDDISPLAY
 70
     3
102
VTR_0.000_0.000_1.000_1.000_GRIDMAJOR
 70
     5
102
VTR_0.000_0.000_1.000_1.000_DEFAULTLIGHTING
280
     1
102
VTR_0.000_0.000_1.000_1.000_DEFAULTLIGHTINGTYPE
 70
     1
102
VTR_0.000_0.000_1.000_1.000_BRIGHTNESS
141
0.0
102
VTR_0.000_0.000_1.000_1.000_CONTRAST
142
0.0
  0
MATERIAL
  5
45
102
{ACAD_REACTORS
330
43
102
}
102
{ACAD_XDICTIONARY
360
DE
102
}
330
43
100
AcDbMaterial
  1
BYBLOCK
  0
MATERIAL
  5
44
102
{ACAD_REACTORS
330
43
102
}
102
{ACAD_XDICTIONARY
360
DC
102
}
330
43
100
AcDbMaterial
  1
BYLAYER
  0
MATERIAL
  5
46
102
{ACAD_REACTORS
330
43
102
}
102
{ACAD_XDICTIONARY
360
E0
102
}
330
43
100
AcDbMaterial
  1
GLOBAL
  0
ACAD_PROXY_OBJECT
  5
6C
102
{ACAD_REACTORS
330
6B
102
}
330
6B
100
AcDbProxyObject
 90
      499
 91
      505
 93
      610
310
40901902A4063FBFFFFFE056BD1B81E855B9FC0AD7A3703D0AD73F4214DD185B99185C9900AD7A3703D0AC73F90141901A02B5E8DC0F42B1CFC02B5E8DC0F42B1CFE5764000000000000300FC0
340
14
340
0
340
11
340
0
 94
        0
1001
ACAD_MLEADERVER
1070
     2
  0
MLINESTYLE
  5
18
102
{ACAD_REACTORS
330
17
102
}
330
17
100
AcDbMlineStyle
  2
Standard
 70
     0
  3

 62
   256
 51
90.0
 52
90.0
 71
     2
 49
0.5
 62
   256
  6
BYLAYER
 49
-0.5
 62
   256
  6
BYLAYER
  0
ACAD_PROXY_OBJECT
  5
48
102
{ACAD_REACTORS
330
47
102
}
330
47
100
AcDbProxyObject
 90
      499
 91
      503
 93
       41
310
903313A31580
  0
ACAD_PROXY_OBJECT
  5
49
102
{ACAD_REACTORS
330
47
102
}
330
47
100
AcDbProxyObject
 90
      499
 91
      503
 93
      105
310
903313A324000000000000004000
  0
ACAD_PROXY_OBJECT
  5
4A
102
{ACAD_REACTORS
330
47
102
}
330
47
100
AcDbProxyObject
 90
      499
 91
      503
 93
      105
310
903313A344000000000000104000
  0
ACAD_PROXY_OBJECT
  5
4B
102
{ACAD_REACTORS
330
47
102
}
330
47
100
AcDbProxyObject
 90
      499
 91
      503
 93
      105
310
903313A354000000000000144000
  0
ACAD_PROXY_OBJECT
  5
4C
102
{ACAD_REACTORS
330
47
102
}
330
47
100
AcDbProxyObject
 90
      499
 91
      503
 93
      105
310
903313A384000000000000204000
  0
ACAD_PROXY_OBJECT
  5
4D
102
{ACAD_REACTORS
330
47
102
}
330
47
100
AcDbProxyObject
 90
      499
 91
      503
 93
      113
310
904313A31304000000000000244000
  0
ACAD_PROXY_OBJECT
  5
4E
102
{ACAD_REACTORS
330
47
102
}
330
47
100
AcDbProxyObject
 90
      499
 91
      503
 93
      113
310
904313A31364000000000000304000
  0
ACAD_PROXY_OBJECT
  5
4F
102
{ACAD_REACTORS
330
47
102
}
330
47
100
AcDbProxyObject
 90
      499
 91
      503
 93
      113
310
904313A32304000000000000344000
  0
ACAD_PROXY_OBJECT
  5
50
102
{ACAD_REACTORS
330
47
102
}
330
47
100
AcDbProxyObject
 90
      499
 91
      503
 93
      113
310
904313A333040000000000003E4000
  0
ACAD_PROXY_OBJECT
  5
51
102
{ACAD_REACTORS
330
47
102
}
330
47
100
AcDbProxyObject
 90
      499
 91
      503
 93
      113
310
904313A34304000000000000444000
  0
ACAD_PROXY_OBJECT
  5
52
102
{ACAD_REACTORS
330
47
102
}
330
47
100
AcDbProxyObject
 90
      499
 91
      503
 93
      113
310
904313A35304000000000000494000
  0
ACAD_PROXY_OBJECT
  5
53
102
{ACAD_REACTORS
330
47
102
}
330
47
100
AcDbProxyObject
 90
      499
 91
      503
 93
      121
310
905313A3130304000000000000594000
  0
ACAD_PROXY_OBJECT
  5
54
102
{ACAD_REACTORS
330
47
102
}
330
47
100
AcDbProxyObject
 90
      499
 91
      503
 93
      105
310
903323A310000000000000010100
  0
ACAD_PROXY_OBJECT
  5
55
102
{ACAD_REACTORS
330
47
102
}
330
47
100
AcDbProxyObject
 90
      499
 91
      503
 93
      105
310
903343A310000000000000410100
  0
ACAD_PROXY_OBJECT
  5
56
102
{ACAD_REACTORS
330
47
102
}
330
47
100
AcDbProxyObject
 90
      499
 91
      503
 93
      105
310
903383A310000000000000810100
  0
ACAD_PROXY_OBJECT
  5
57
102
{ACAD_REACTORS
330
47
102
}
330
47
100
AcDbProxyObject
 90
      499
 91
      503
 93
      113
310
90431303A310000000000000910100
  0
ACAD_PROXY_OBJECT
  5
58
102
{ACAD_REACTORS
330
47
102
}
330
47
100
AcDbProxyObject
 90
      499
 91
      503
 93
      121
310
9053130303A310000000000001650100
  0
ACAD_PROXY_OBJECT
  5
59
102
{ACAD_REACTORS
330
47
102
}
330
47
100
AcDbProxyObject
 90
      499
 91
      503
 93
      257
310
90E312F31323822203D2031272D3022000000000000200FC000000000000284000
  0
ACAD_PROXY_OBJECT
  5
5A
102
{ACAD_REACTORS
330
47
102
}
330
47
100
AcDbProxyObject
 90
      499
 91
      503
 93
      249
310
90D312F363422203D2031272D3022000000000000240FC000000000000284000
  0
ACAD_PROXY_OBJECT
  5
5B
102
{ACAD_REACTORS
330
47
102
}
330
47
100
AcDbProxyObject
 90
      499
 91
      503
 93
      249
310
90D312F333222203D2031272D3022000000000000280FC000000000000284000
  0
ACAD_PROXY_OBJECT
  5
5C
102
{ACAD_REACTORS
330
47
102
}
330
47
100
AcDbProxyObject
 90
      499
 91
      503
 93
      249
310
90D312F313622203D2031272D30220000000000002C0FC000000000000284000
  0
ACAD_PROXY_OBJECT
  5
5D
102
{ACAD_REACTORS
330
47
102
}
330
47
100
AcDbProxyObject
 90
      499
 91
      503
 93
      249
310
90D332F333222203D2031272D30220000000000002E0FC000000000000284000
  0
ACAD_PROXY_OBJECT
  5
5E
102
{ACAD_REACTORS
330
47
102
}
330
47
100
AcDbProxyObject
 90
      499
 91
      503
 93
      241
310
90C312F3822203D2031272D3022000000000000300FC000000000000284000
  0
ACAD_PROXY_OBJECT
  5
5F
102
{ACAD_REACTORS
330
47
102
}
330
47
100
AcDbProxyObject
 90
      499
 91
      503
 93
      249
310
90D332F313622203D2031272D3022000000000000320FC000000000000284000
  0
ACAD_PROXY_OBJECT
  5
60
102
{ACAD_REACTORS
330
47
102
}
330
47
100
AcDbProxyObject
 90
      499
 91
      503
 93
      241
310
90C312F3422203D2031272D3022000000000000340FC000000000000284000
  0
ACAD_PROXY_OBJECT
  5
61
102
{ACAD_REACTORS
330
47
102
}
330
47
100
AcDbProxyObject
 90
      499
 91
      503
 93
      241
310
90C332F3822203D2031272D3022000000000000360FC000000000000284000
  0
ACAD_PROXY_OBJECT
  5
62
102
{ACAD_REACTORS
330
47
102
}
330
47
100
AcDbProxyObject
 90
      499
 91
      503
 93
      241
310
90C312F3222203D2031272D3022000000000000380FC000000000000284000
  0
ACAD_PROXY_OBJECT
  5
63
102
{ACAD_REACTORS
330
47
102
}
330
47
100
AcDbProxyObject
 90
      499
 91
      503
 93
      241
310
90C332F3422203D2031272D30220000000000003A0FC000000000000284000
  0
ACAD_PROXY_OBJECT
  5
64
102
{ACAD_REACTORS
330
47
102
}
330
47
100
AcDbProxyObject
 90
      499
 91
      503
 93
      161
310
90A3122203D2031272D30224000000000000284000
  0
ACAD_PROXY_OBJECT
  5
65
102
{ACAD_REACTORS
330
47
102
}
330
47
100
AcDbProxyObject
 90
      499
 91
      503
 93
      257
310
90E312D312F3222203D2031272D30220000000000003E0FC000000000000284000
  0
ACAD_PROXY_OBJECT
  5
66
102
{ACAD_REACTORS
330
47
102
}
330
47
100
AcDbProxyObject
 90
      499
 91
      503
 93
      225
310
90A3322203D2031272D302200000000000002100000000000000284000
  0
ACAD_PROXY_OBJECT
  5
67
102
{ACAD_REACTORS
330
47
102
}
330
47
100
AcDbProxyObject
 90
      499
 91
      503
 93
      225
310
90A3622203D2031272D302200000000000006100000000000000284000
  0
ACAD_PROXY_OBJECT
  5
68
102
{ACAD_REACTORS
330
47
102
}
330
47
100
AcDbProxyObject
 90
      499
 91
      503
 93
      249
310
90D31272D3022203D2031272D30220000000000000A100000000000000284000
  0
ACAD_PROXY_OBJECT
  5
2F
102
{ACAD_REACTORS
330
2A
102
}
330
2A
100
AcDbProxyObject
 90
      499
 91
      501
 93
      436
310
42CC9915DA5C99599C985B595049028333333333333E33F0000000000000F90107901411070040501600405405064090741402480A0340
1001
ACAD
1000
AcDbSavedByObjectVersion
1070
     0
  0
ACAD_PROXY_OBJECT
  5
32
102
{ACAD_REACTORS
330
2A
102
}
330
2A
100
AcDbProxyObject
 90
      499
 91
      501
 93
      388
310
4150985CDA58D07406404333333333333E33F0000000000000F90107A41107004050150841D405064090741402480A0350
1001
ACAD
1000
AcDbSavedByObjectVersion
1070
     0
  0
ACAD_PROXY_OBJECT
  5
36
102
{ACAD_REACTORS
330
2A
102
}
330
2A
100
AcDbProxyObject
 90
      499
 91
      501
 93
      428
310
42109C9A59DA1D195B90C409028333333333333E33F0000000000000F9010790141107004050150841D405064090741402480A029950
1001
ACAD
1000
AcDbSavedByObjectVersion
1070
     0
  0
ACAD_PROXY_OBJECT
  5
3A
102
{ACAD_REACTORS
330
2A
102
}
330
2A
100
AcDbProxyObject
 90
      499
 91
      501
 93
      452
310
42D0DBDB1BDC90DA185B99D95104090240C333333333333E33F0000000000000F90108901411070040501508421405064090741402480A0350
1001
ACAD
1000
AcDbSavedByObjectVersion
1070
     0
  0
ACAD_PROXY_OBJECT
  5
34
102
{ACAD_REACTORS
330
2A
102
}
330
2A
100
AcDbProxyObject
 90
      499
 91
      501
 93
      500
310
4290DBDB98D95C1D1D585B10940D028333333333333E33F0000000000000F90107902409070040501000000000018199010841D405064090740C02480A0340
1001
ACAD
1000
AcDbSavedByObjectVersion
1070
     0
  0
ACAD_PROXY_OBJECT
  5
35
102
{ACAD_REACTORS
330
2A
102
}
330
2A
100
AcDbProxyObject
 90
      499
 91
      501
 93
      412
310
40D11A5B50B409028333333333333E33F0000000000000F9010790141107004050150841D405064090741402480A02677FFFFFD0
1001
ACAD
1000
AcDbSavedByObjectVersion
1070
     0
  0
ACAD_PROXY_OBJECT
  5
3D
102
{ACAD_REACTORS
330
2A
102
}
330
2A
100
AcDbProxyObject
 90
      499
 91
      501
 93
      452
310
43115919D950DBDB1BDC93D999916409028333333333333E33F0000000000000F9010790141107004050150841D405064090741402480A0350
1001
ACAD
1000
AcDbSavedByObjectVersion
1070
     0
  0
ACAD_PROXY_OBJECT
  5
39
102
{ACAD_REACTORS
330
2A
102
}
330
2A
100
AcDbProxyObject
 90
      499
 91
      501
 93
      444
310
42D19858D95C185D1D195C9B90F409028333333333333E33F0000000000000F9010790141107004050150841D405064090741402480A0350
1001
ACAD
1000
AcDbSavedByObjectVersion
1070
     0
  0
ACAD_PROXY_OBJECT
  5
2B
102
{ACAD_REACTORS
330
2A
102
}
330
2A
100
AcDbProxyObject
 90
      499
 91
      501
 93
      380
310
41119B185D240901404333333333333E33F0000000000000F9010740A907004050150841D405064090741402480A1B50
1001
ACAD
1000
AcDbSavedByObjectVersion
1070
     0
  0
ACAD_PROXY_OBJECT
  5
2C
102
{ACAD_REACTORS
330
2A
102
}
330
2A
100
AcDbProxyObject
 90
      499
 91
      501
 93
      468
310
43519B185D15DA5D1A115919D95CD0140901404333333333333E33F0000000000000F90107409019070040501600405405064090741402480A1B50
1001
ACAD
1000
AcDbSavedByObjectVersion
1070
     0
  0
ACAD_PROXY_OBJECT
  5
2D
102
{ACAD_REACTORS
330
2A
102
}
330
2A
100
AcDbProxyObject
 90
      499
 91
      501
 93
      404
310
41D1DBDD5C985D5910240902404333333333333E33F0000000000000F9010740A9070040501641D405064090741402480A1B50
1001
ACAD
1000
AcDbSavedByObjectVersion
1070
     0
  0
ACAD_PROXY_OBJECT
  5
2E
102
{ACAD_REACTORS
330
2A
102
}
330
2A
100
AcDbProxyObject
 90
      499
 91
      501
 93
      492
310
4411DBDD5C985D5915DA5D1A115919D95CD0340902404333333333333E33F0000000000000F90107409019070040501600405405064090741402480A1B50
1001
ACAD
1000
AcDbSavedByObjectVersion
1070
     0
  0
ACAD_PROXY_OBJECT
  5
31
102
{ACAD_REACTORS
330
2A
102
}
330
2A
100
AcDbProxyObject
 90
      499
 91
      501
 93
      476
310
41921A5919195B90640502408333333333333E33F0000000000000F901079024090700405020000000000001110200405405064090740C02480A0340
1001
ACAD
1000
AcDbSavedByObjectVersion
1070
     0
  0
ACAD_PROXY_OBJECT
  5
3B
102
{ACAD_REACTORS
330
2A
102
}
330
2A
100
AcDbProxyObject
 90
      499
 91
      501
 93
      428
310
42529A5D1D195C93D999914409028333333333333E33F0000000000000F9010790141107004050150A41D405064090741402480A0350
1001
ACAD
1000
AcDbSavedByObjectVersion
1070
     0
  0
ACAD_PROXY_OBJECT
  5
38
102
{ACAD_REACTORS
330
2A
102
}
330
2A
100
AcDbProxyObject
 90
      499
 91
      501
 93
      444
310
42D31A5B995C185D1D195C9B90E409028333333333333E33F0000000000000F9010790141107004050750841D405064090741402483A0350
1001
ACAD
1000
AcDbSavedByObjectVersion
1070
     0
  0
ACAD_PROXY_OBJECT
  5
3C
102
{ACAD_REACTORS
330
2A
102
}
330
2A
100
AcDbProxyObject
 90
      499
 91
      501
 93
      444
310
42D3DD995C9A185B99D3D999915409028333333333333E33F0000000000000F9010790141107004050150941D405064090741402480A0350
1001
ACAD
1000
AcDbSavedByObjectVersion
1070
     0
  0
ACAD_PROXY_OBJECT
  5
33
102
{ACAD_REACTORS
330
2A
102
}
330
2A
100
AcDbProxyObject
 90
      499
 91
      501
 93
      428
310
425499585B1A5CDD1A58D08409038333333333333E33F0000000000000F9010740A907004050150800405405064090740C02480A1B40
1001
ACAD
1000
AcDbSavedByObjectVersion
1070
     0
  0
ACAD_PROXY_OBJECT
  5
42
102
{ACAD_REACTORS
330
2A
102
}
330
2A
100
AcDbProxyObject
 90
      499
 91
      501
 93
      420
310
4194DA1859195911B40902404333333333333E33F0000000000000F9010740A41107004050150800405405064090840C02480A0B40
1001
ACAD
1000
AcDbSavedByObjectVersion
1070
     0
  0
ACAD_PROXY_OBJECT
  5
41
102
{ACAD_REACTORS
330
2A
102
}
330
2A
100
AcDbProxyObject
 90
      499
 91
      501
 93
      516
310
4454DA18591959081DDA5D1A08195919D95CD1A40902404333333333333E33F0000000000000F901074090142907004050250800405405064090740C02480A0B40
1001
ACAD
1000
AcDbSavedByObjectVersion
1070
     0
  0
ACAD_PROXY_OBJECT
  5
3E
102
{ACAD_REACTORS
330
2A
102
}
330
2A
100
AcDbProxyObject
 90
      499
 91
      501
 93
      532
310
4394DA1859195CC81BD98811DC985E5174090240C333333333333E33F0000000000000F901079024090741D01000000000000111010841D405064090740C02480A0340
1001
ACAD
1000
AcDbSavedByObjectVersion
1070
     0
  0
ACAD_PROXY_OBJECT
  5
3F
102
{ACAD_REACTORS
330
2A
102
}
330
2A
100
AcDbProxyObject
 90
      499
 91
      501
 93
      476
310
41D4DAD95D18DA1E51840502408333333333333E33F0000000000000F901079024090741D01000000000000111010B41D405064090741802480A0340
1001
ACAD
1000
AcDbSavedByObjectVersion
1070
     0
  0
ACAD_PROXY_OBJECT
  5
37
102
{ACAD_REACTORS
330
2A
102
}
330
2A
100
AcDbProxyObject
 90
      499
 91
      501
 93
      412
310
41D51A1A58DAD95B90D409028333333333333E33F0000000000000F9010790141107004050150C41D405064090741402480A0350
1001
ACAD
1000
AcDbSavedByObjectVersion
1070
     0
  0
ACAD_PROXY_OBJECT
  5
30
102
{ACAD_REACTORS
330
2A
102
}
330
2A
100
AcDbProxyObject
 90
      499
 91
      501
 93
      420
310
4255DA5C99599C985B595059028333333333333E33F0000000000000F90107901411070040501600405405064090740C02480A0340
1001
ACAD
1000
AcDbSavedByObjectVersion
1070
     0
  0
ACAD_PROXY_OBJECT
  5
40
102
{ACAD_REACTORS
330
2A
102
}
330
2A
100
AcDbProxyObject
 90
      499
 91
      501
 93
      404
310
41560B54985E51940902404000000000000E03F0000000000000F9010740501907004050150841D405064090740C02480A1B40
1001
ACAD
1000
AcDbSavedByObjectVersion
1070
     0
  0
XRECORD
  5
BA
102
{ACAD_REACTORS
330
B0
102
}
330
B0
100
AcDbXrecord
340
0
  0
XRECORD
  5
B9
102
{ACAD_REACTORS
330
B0
102
}
330
B0
100
AcDbXrecord
 90
        0
  0
XRECORD
  5
D0
102
{ACAD_REACTORS
330
B0
102
}
330
B0
100
AcDbXrecord
1000
DSTYLE
1002
{
1070
   340
340
11
1002
}
  0
XRECORD
  5
BB
102
{ACAD_REACTORS
330
B0
102
}
330
B0
100
AcDbXrecord
  1
{167ECCBC-FDC7-4C8A-A549-CF5DB2C60C6A}
  0
XRECORD
  5
B3
102
{ACAD_REACTORS
330
B0
102
}
330
B0
100
AcDbXrecord
  1

  0
XRECORD
  5
B8
102
{ACAD_REACTORS
330
B0
102
}
330
B0
100
AcDbXrecord
 90
        5
  0
XRECORD
  5
B5
102
{ACAD_REACTORS
330
B0
102
}
330
B0
100
AcDbXrecord
340
1A
  0
XRECORD
  5
B7
102
{ACAD_REACTORS
330
B0
102
}
330
B0
100
AcDbXrecord
 90
    10781
  0
XRECORD
  5
B6
102
{ACAD_REACTORS
330
B0
102
}
330
B0
100
AcDbXrecord
340
19
  0
XRECORD
  5
BD
102
{ACAD_REACTORS
330
B0
102
}
330
B0
100
AcDbXrecord
 40
0.0
  0
XRECORD
  5
C0
102
{ACAD_REACTORS
330
B0
102
}
330
B0
100
AcDbXrecord
340
0
  0
XRECORD
  5
C6
102
{ACAD_REACTORS
330
B0
102
}
330
B0
100
AcDbXrecord
 10
0.0
 20
0.0
 30
0.0
  0
XRECORD
  5
C2
102
{ACAD_REACTORS
330
B0
102
}
330
B0
100
AcDbXrecord
 10
0.0
 20
0.0
 30
0.0
  0
XRECORD
  5
C5
102
{ACAD_REACTORS
330
B0
102
}
330
B0
100
AcDbXrecord
 10
0.0
 20
0.0
 30
0.0
  0
XRECORD
  5
C3
102
{ACAD_REACTORS
330
B0
102
}
330
B0
100
AcDbXrecord
 10
0.0
 20
0.0
 30
0.0
  0
XRECORD
  5
C4
102
{ACAD_REACTORS
330
B0
102
}
330
B0
100
AcDbXrecord
 10
0.0
 20
0.0
 30
0.0
  0
XRECORD
  5
C1
102
{ACAD_REACTORS
330
B0
102
}
330
B0
100
AcDbXrecord
 10
0.0
 20
0.0
 30
0.0
  0
XRECORD
  5
BE
102
{ACAD_REACTORS
330
B0
102
}
330
B0
100
AcDbXrecord
340
0
  0
XRECORD
  5
BF
102
{ACAD_REACTORS
330
B0
102
}
330
B0
100
AcDbXrecord
 70
     0
  0
XRECORD
  5
B4
102
{ACAD_REACTORS
330
B0
102
}
330
B0
100
AcDbXrecord
  1

  0
XRECORD
  5
B1
102
{ACAD_REACTORS
330
B0
102
}
330
B0
100
AcDbXrecord
 90
        1
  0
XRECORD
  5
B2
102
{ACAD_REACTORS
330
B0
102
}
330
B0
100
AcDbXrecord
 90
       70
  0
XRECORD
  5
C9
102
{ACAD_REACTORS
330
B0
102
}
330
B0
100
AcDbXrecord
340
0
  0
XRECORD
  5
CF
102
{ACAD_REACTORS
330
B0
102
}
330
B0
100
AcDbXrecord
 10
0.0
 20
0.0
 30
0.0
  0
XRECORD
  5
CB
102
{ACAD_REACTORS
330
B0
102
}
330
B0
100
AcDbXrecord
 10
0.0
 20
0.0
 30
0.0
  0
XRECORD
  5
CE
102
{ACAD_REACTORS
330
B0
102
}
330
B0
100
AcDbXrecord
 10
0.0
 20
0.0
 30
0.0
  0
XRECORD
  5
CC
102
{ACAD_REACTORS
330
B0
102
}
330
B0
100
AcDbXrecord
 10
0.0
 20
0.0
 30
0.0
  0
XRECORD
  5
CD
102
{ACAD_REACTORS
330
B0
102
}
330
B0
100
AcDbXrecord
 10
0.0
 20
0.0
 30
0.0
  0
XRECORD
  5
CA
102
{ACAD_REACTORS
330
B0
102
}
330
B0
100
AcDbXrecord
 10
0.0
 20
0.0
 30
0.0
  0
XRECORD
  5
C7
102
{ACAD_REACTORS
330
B0
102
}
330
B0
100
AcDbXrecord
340
0
  0
XRECORD
  5
C8
102
{ACAD_REACTORS
330
B0
102
}
330
B0
100
AcDbXrecord
 70
     0
  0
XRECORD
  5
BC
102
{ACAD_REACTORS
330
B0
102
}
330
B0
100
AcDbXrecord
  1
{FAEB1C32-E019-11D5-929B-00C0DF256EC4}
  0
DICTIONARYVAR
  5
DA
102
{ACAD_REACTORS
330
D1
102
}
330
D1
100
DictionaryVariables
280
     0
  1
1:1
  0
DICTIONARYVAR
  5
D3
102
{ACAD_REACTORS
330
D1
102
}
330
D1
100
DictionaryVariables
280
     0
  1
Standard
  0
DICTIONARYVAR
  5
D2
102
{ACAD_REACTORS
330
D1
102
}
330
D1
100
DictionaryVariables
280
     0
  1
Standard
  0
DICTIONARYVAR
  5
D6
102
{ACAD_REACTORS
330
D1
102
}
330
D1
100
DictionaryVariables
280
     0
  1
2
  0
DICTIONARYVAR
  5
D7
102
{ACAD_REACTORS
330
D1
102
}
330
D1
100
DictionaryVariables
280
     0
  1
1
  0
DICTIONARYVAR
  5
DB
102
{ACAD_REACTORS
330
D1
102
}
330
D1
100
DictionaryVariables
280
     0
  1
1
  0
DICTIONARY
  5
DE
330
45
100
AcDbDictionary
280
     1
  3
ACAD_XREC_ROUNDTRIP
360
DF
  0
DICTIONARY
  5
DC
330
44
100
AcDbDictionary
280
     1
  3
ACAD_XREC_ROUNDTRIP
360
DD
  0
DICTIONARY
  5
E0
330
46
100
AcDbDictionary
280
     1
  3
ACAD_XREC_ROUNDTRIP
360
E1
  0
XRECORD
  5
DF
102
{ACAD_REACTORS
330
DE
102
}
330
DE
100
AcDbXrecord
102
MATERIAL
148
0.0
149
0.0
149
0.0
 93
        0
 94
      127
282
     0
 72
     1
 77
     1
171
     1
175
     1
179
     1
273
     0
  0
XRECORD
  5
DD
102
{ACAD_REACTORS
330
DC
102
}
330
DC
100
AcDbXrecord
102
MATERIAL
148
0.0
149
0.0
149
0.0
 93
        0
 94
      127
282
     0
 72
     1
 77
     1
171
     1
175
     1
179
     1
273
     0
  0
XRECORD
  5
E1
102
{ACAD_REACTORS
330
E0
102
}
330
E0
100
AcDbXrecord
102
MATERIAL
148
0.0
149
0.0
149
0.0
 93
        0
 94
      127
282
     0
 72
     1
 77
     1
171
     1
175
     1
179
     1
273
     0
  0
ENDSEC
  0
EOF
