  0
SECTION
  2
HEADER
  9
$ACADVER
  1
AC1014
  9
$HANDSEED
  5
FFFF
  9
$INSUNITS
 70
     0
  9
$MEASUREMENT
 70
     1
  0
ENDSEC
  0
SECTION
  2
TABLES
  0
TABLE
  2
VPORT
  5
8
330
0
100
AcDbSymbolTable
 70
     4
  0
VPORT
  5
2E
330
8
100
AcDbSymbolTableRecord
100
AcDbViewportTableRecord
  2
*ACTIVE
 70
     0
 10
0.0
 20
0.0
 11
1.0
 21
1.0
 12
210.0
 22
148.5
 13
0.0
 23
0.0
 14
10.0
 24
10.0
 15
10.0
 25
10.0
 16
0.0
 26
0.0
 36
1.0
 17
0.0
 27
0.0
 37
0.0
 40
341.0
 41
1.24
 42
50.0
 43
0.0
 44
0.0
 50
0.0
 51
0.0
 71
     0
 72
   100
 73
     1
 74
     3
 75
     0
 76
     0
 77
     0
 78
     0
  0
ENDTAB
  0
TABLE
  2
LTYPE
  5
5
330
0
100
AcDbSymbolTable
 70
     1
  0
LTYPE
  5
14
330
5
100
AcDbSymbolTableRecord
100
AcDbLinetypeTableRecord
  2
BYBLOCK
 70
     0
  3

 72
    65
 73
     0
 40
0.0
  0
LTYPE
  5
15
330
5
100
AcDbSymbolTableRecord
100
AcDbLinetypeTableRecord
  2
BYLAYER
 70
     0
  3

 72
    65
 73
     0
 40
0.0
  0
LTYPE
  5
16
330
5
100
AcDbSymbolTableRecord
100
AcDbLinetypeTableRecord
  2
CONTINUOUS
 70
     0
  3
Solid line
 72
    65
 73
     0
 40
0.0
  0
ENDTAB
  0
TABLE
  2
LAYER
  5
2
100
AcDbSymbolTable
 70
1
  0
LAYER
  5
50
100
AcDbSymbolTableRecord
100
AcDbLayerTableRecord
  2
0
 70
0
  6
CONTINUOUS
  0
ENDTAB
  0
TABLE
  2
STYLE
  5
3
330
0
100
AcDbSymbolTable
 70
     1
  0
STYLE
  5
11
330
3
100
AcDbSymbolTableRecord
100
AcDbTextStyleTableRecord
  2
STANDARD
 70
     0
 40
0.0
 41
1.0
 50
0.0
 71
     0
 42
2.5
  3
txt
  4

  0
ENDTAB
  0
TABLE
  2
VIEW
  5
6
330
0
100
AcDbSymbolTable
 70
     0
  0
ENDTAB
  0
TABLE
  2
UCS
  5
7
330
0
100
AcDbSymbolTable
 70
     0
  0
ENDTAB
  0
TABLE
  2
APPID
  5
9
330
0
100
AcDbSymbolTable
 70
     2
  0
APPID
  5
12
330
9
100
AcDbSymbolTableRecord
100
AcDbRegAppTableRecord
  2
ACAD
 70
     0
  0
ENDTAB
  0
TABLE
  2
DIMSTYLE
  5
A
330
0
100
AcDbSymbolTable
 70
     1
  0
DIMSTYLE
105
27
330
A
100
AcDbSymbolTableRecord
100
AcDbDimStyleTableRecord
  2
ISO-25
 70
     0
  3

  4

  5

  6

  7

 40
1.0
 41
2.5
 42
0.625
 43
3.75
 44
1.25
 45
0.0
 46
0.0
 47
0.0
 48
0.0
140
2.5
141
2.5
142
0.0
143
0.03937007874016
144
1.0
145
0.0
146
1.0
147
0.625
 71
     0
 72
     0
 73
     0
 74
     0
 75
     0
 76
     0
 77
     1
 78
     8
170
     0
171
     3
172
     1
173
     0
174
     0
175
     0
176
     0
177
     0
178
     0
270
     2
271
     2
272
     2
273
     2
274
     3
340
11
275
     0
280
     0
281
     0
282
     0
283
     0
284
     8
285
     0
286
     0
287
     3
288
     0
  0
ENDTAB
  0
TABLE
  2
BLOCK_RECORD
  5
1
330
0
100
AcDbSymbolTable
 70
     1
  0
BLOCK_RECORD
  5
1F
330
1
100
AcDbSymbolTableRecord
100
AcDbBlockTableRecord
  2
*MODEL_SPACE
  0
BLOCK_RECORD
  5
1B
330
1
100
AcDbSymbolTableRecord
100
AcDbBlockTableRecord
  2
*PAPER_SPACE
  0
ENDTAB
  0
ENDSEC
  0
SECTION
  2
BLOCKS
  0
BLOCK
  5
20
330
1F
100
AcDbEntity
  8
0
100
AcDbBlockBegin
  2
*MODEL_SPACE
 70
     0
 10
0.0
 20
0.0
 30
0.0
  3
*MODEL_SPACE
  1

  0
ENDBLK
  5
21
330
1F
100
AcDbEntity
  8
0
100
AcDbBlockEnd
  0
BLOCK
  5
1C
330
1B
100
AcDbEntity
 67
     1
  8
0
100
AcDbBlockBegin
  2
*PAPER_SPACE
  1

  0
ENDBLK
  5
1D
330
1B
100
AcDbEntity
 67
     1
  8
0
100
AcDbBlockEnd
  0
ENDSEC
  0
SECTION
  2
ENTITIES
  0
SPLINE
  5
100
100
AcDbEntity
  8
0
 62
7
100
AcDbSpline
 70
8
 71
3
 72
8
 73
4
 74
0
 40
0
 40
0
 40
0
 40
0
 40
1
 40
1
 40
1
 40
1
 10
526.800000
 20
193.400000
 30
0.0
 10
513.000000
 20
202.300000
 30
0.0
 10
492.100000
 20
211.000000
 30
0.0
 10
477.200000
 20
221.100000
 30
0.0
  0
SPLINE
  5
101
100
AcDbEntity
  8
0
 62
7
100
AcDbSpline
 70
8
 71
3
 72
8
 73
4
 74
0
 40
0
 40
0
 40
0
 40
0
 40
1
 40
1
 40
1
 40
1
 10
477.200000
 20
221.100000
 30
0.0
 10
476.400000
 20
221.600000
 30
0.0
 10
475.000000
 20
221.900000
 30
0.0
 10
473.100000
 20
222.000000
 30
0.0
  0
SPLINE
  5
102
100
AcDbEntity
  8
0
 62
7
100
AcDbSpline
 70
8
 71
3
 72
8
 73
4
 74
0
 40
0
 40
0
 40
0
 40
0
 40
1
 40
1
 40
1
 40
1
 10
473.100000
 20
222.000000
 30
0.0
 10
471.300000
 20
222.100000
 30
0.0
 10
469.000000
 20
222.200000
 30
0.0
 10
466.700000
 20
222.300000
 30
0.0
  0
SPLINE
  5
103
100
AcDbEntity
  8
0
 62
7
100
AcDbSpline
 70
8
 71
3
 72
8
 73
4
 74
0
 40
0
 40
0
 40
0
 40
0
 40
1
 40
1
 40
1
 40
1
 10
466.700000
 20
222.300000
 30
0.0
 10
462.300000
 20
222.500000
 30
0.0
 10
423.100000
 20
262.600000
 30
0.0
 10
419.700000
 20
265.000000
 30
0.0
  0
SPLINE
  5
104
100
AcDbEntity
  8
0
 62
7
100
AcDbSpline
 70
8
 71
3
 72
8
 73
4
 74
0
 40
0
 40
0
 40
0
 40
0
 40
1
 40
1
 40
1
 40
1
 10
419.700000
 20
265.000000
 30
0.0
 10
421.700000
 20
277.000000
 30
0.0
 10
434.300000
 20
288.100000
 30
0.0
 10
443.000000
 20
290.200000
 30
0.0
  0
SPLINE
  5
105
100
AcDbEntity
  8
0
 62
7
100
AcDbSpline
 70
8
 71
3
 72
8
 73
4
 74
0
 40
0
 40
0
 40
0
 40
0
 40
1
 40
1
 40
1
 40
1
 10
443.000000
 20
290.200000
 30
0.0
 10
446.900000
 20
291.200000
 30
0.0
 10
470.200000
 20
247.600000
 30
0.0
 10
481.100000
 20
244.200000
 30
0.0
  0
SPLINE
  5
106
100
AcDbEntity
  8
0
 62
7
100
AcDbSpline
 70
8
 71
3
 72
8
 73
4
 74
0
 40
0
 40
0
 40
0
 40
0
 40
1
 40
1
 40
1
 40
1
 10
481.100000
 20
244.200000
 30
0.0
 10
494.300000
 20
231.500000
 30
0.0
 10
518.200000
 20
216.800000
 30
0.0
 10
544.600000
 20
202.400000
 30
0.0
  0
SPLINE
  5
107
100
AcDbEntity
  8
0
 62
7
100
AcDbSpline
 70
8
 71
3
 72
8
 73
4
 74
0
 40
0
 40
0
 40
0
 40
0
 40
1
 40
1
 40
1
 40
1
 10
544.600000
 20
202.400000
 30
0.0
 10
549.000000
 20
200.900000
 30
0.0
 10
554.800000
 20
200.700000
 30
0.0
 10
559.000000
 20
201.800000
 30
0.0
  0
SPLINE
  5
108
100
AcDbEntity
  8
0
 62
7
100
AcDbSpline
 70
8
 71
3
 72
8
 73
4
 74
0
 40
0
 40
0
 40
0
 40
0
 40
1
 40
1
 40
1
 40
1
 10
559.000000
 20
201.800000
 30
0.0
 10
562.300000
 20
202.600000
 30
0.0
 10
565.900000
 20
205.500000
 30
0.0
 10
569.500000
 20
208.300000
 30
0.0
  0
SPLINE
  5
109
100
AcDbEntity
  8
0
 62
7
100
AcDbSpline
 70
8
 71
3
 72
8
 73
4
 74
0
 40
0
 40
0
 40
0
 40
0
 40
1
 40
1
 40
1
 40
1
 10
569.500000
 20
208.300000
 30
0.0
 10
573.100000
 20
211.200000
 30
0.0
 10
576.700000
 20
214.100000
 30
0.0
 10
580.300000
 20
214.900000
 30
0.0
  0
SPLINE
  5
10a
100
AcDbEntity
  8
0
 62
7
100
AcDbSpline
 70
8
 71
3
 72
8
 73
4
 74
0
 40
0
 40
0
 40
0
 40
0
 40
1
 40
1
 40
1
 40
1
 10
580.300000
 20
214.900000
 30
0.0
 10
582.700000
 20
215.500000
 30
0.0
 10
585.200000
 20
215.400000
 30
0.0
 10
587.300000
 20
214.600000
 30
0.0
  0
SPLINE
  5
10b
100
AcDbEntity
  8
0
 62
7
100
AcDbSpline
 70
8
 71
3
 72
8
 73
4
 74
0
 40
0
 40
0
 40
0
 40
0
 40
1
 40
1
 40
1
 40
1
 10
587.300000
 20
214.600000
 30
0.0
 10
590.000000
 20
213.500000
 30
0.0
 10
592.300000
 20
210.100000
 30
0.0
 10
592.300000
 20
207.500000
 30
0.0
  0
SPLINE
  5
10c
100
AcDbEntity
  8
0
 62
7
100
AcDbSpline
 70
8
 71
3
 72
8
 73
4
 74
0
 40
0
 40
0
 40
0
 40
0
 40
1
 40
1
 40
1
 40
1
 10
592.300000
 20
207.500000
 30
0.0
 10
592.600000
 20
202.900000
 30
0.0
 10
589.900000
 20
199.300000
 30
0.0
 10
585.900000
 20
198.300000
 30
0.0
  0
SPLINE
  5
10d
100
AcDbEntity
  8
0
 62
7
100
AcDbSpline
 70
8
 71
3
 72
8
 73
4
 74
0
 40
0
 40
0
 40
0
 40
0
 40
1
 40
1
 40
1
 40
1
 10
585.900000
 20
198.300000
 30
0.0
 10
584.400000
 20
197.900000
 30
0.0
 10
582.900000
 20
198.400000
 30
0.0
 10
581.400000
 20
198.800000
 30
0.0
  0
SPLINE
  5
10e
100
AcDbEntity
  8
0
 62
7
100
AcDbSpline
 70
8
 71
3
 72
8
 73
4
 74
0
 40
0
 40
0
 40
0
 40
0
 40
1
 40
1
 40
1
 40
1
 10
581.400000
 20
198.800000
 30
0.0
 10
579.900000
 20
199.200000
 30
0.0
 10
578.400000
 20
199.500000
 30
0.0
 10
576.900000
 20
199.100000
 30
0.0
  0
SPLINE
  5
10f
100
AcDbEntity
  8
0
 62
7
100
AcDbSpline
 70
8
 71
3
 72
8
 73
4
 74
0
 40
0
 40
0
 40
0
 40
0
 40
1
 40
1
 40
1
 40
1
 10
576.900000
 20
199.100000
 30
0.0
 10
576.000000
 20
198.900000
 30
0.0
 10
575.200000
 20
198.100000
 30
0.0
 10
574.400000
 20
197.100000
 30
0.0
  0
SPLINE
  5
110
100
AcDbEntity
  8
0
 62
7
100
AcDbSpline
 70
8
 71
3
 72
8
 73
4
 74
0
 40
0
 40
0
 40
0
 40
0
 40
1
 40
1
 40
1
 40
1
 10
574.400000
 20
197.100000
 30
0.0
 10
573.600000
 20
196.100000
 30
0.0
 10
572.800000
 20
194.900000
 30
0.0
 10
571.500000
 20
194.200000
 30
0.0
  0
SPLINE
  5
111
100
AcDbEntity
  8
0
 62
7
100
AcDbSpline
 70
8
 71
3
 72
8
 73
4
 74
0
 40
0
 40
0
 40
0
 40
0
 40
1
 40
1
 40
1
 40
1
 10
571.500000
 20
194.200000
 30
0.0
 10
570.900000
 20
193.900000
 30
0.0
 10
570.100000
 20
193.500000
 30
0.0
 10
569.300000
 20
193.300000
 30
0.0
  0
LINE
  5
112
100
AcDbEntity
  8
0
 62
7
100
AcDbLine
 10
569.300000
 20
193.300000
 30
0.0
 11
570.200000
 21
193.300000
 31
0.0
  0
SPLINE
  5
113
100
AcDbEntity
  8
0
 62
7
100
AcDbSpline
 70
8
 71
3
 72
8
 73
4
 74
0
 40
0
 40
0
 40
0
 40
0
 40
1
 40
1
 40
1
 40
1
 10
570.200000
 20
193.300000
 30
0.0
 10
573.600000
 20
193.600000
 30
0.0
 10
579.900000
 20
196.200000
 30
0.0
 10
585.800000
 20
197.700000
 30
0.0
  0
SPLINE
  5
114
100
AcDbEntity
  8
0
 62
7
100
AcDbSpline
 70
8
 71
3
 72
8
 73
4
 74
0
 40
0
 40
0
 40
0
 40
0
 40
1
 40
1
 40
1
 40
1
 10
585.800000
 20
197.700000
 30
0.0
 10
588.400000
 20
198.300000
 30
0.0
 10
590.900000
 20
197.500000
 30
0.0
 10
592.700000
 20
196.100000
 30
0.0
  0
SPLINE
  5
115
100
AcDbEntity
  8
0
 62
7
100
AcDbSpline
 70
8
 71
3
 72
8
 73
4
 74
0
 40
0
 40
0
 40
0
 40
0
 40
1
 40
1
 40
1
 40
1
 10
592.700000
 20
196.100000
 30
0.0
 10
595.300000
 20
194.000000
 30
0.0
 10
596.300000
 20
189.800000
 30
0.0
 10
595.600000
 20
187.100000
 30
0.0
  0
SPLINE
  5
116
100
AcDbEntity
  8
0
 62
7
100
AcDbSpline
 70
8
 71
3
 72
8
 73
4
 74
0
 40
0
 40
0
 40
0
 40
0
 40
1
 40
1
 40
1
 40
1
 10
595.600000
 20
187.100000
 30
0.0
 10
595.400000
 20
186.300000
 30
0.0
 10
595.200000
 20
185.600000
 30
0.0
 10
594.900000
 20
184.800000
 30
0.0
  0
SPLINE
  5
117
100
AcDbEntity
  8
0
 62
7
100
AcDbSpline
 70
8
 71
3
 72
8
 73
4
 74
0
 40
0
 40
0
 40
0
 40
0
 40
1
 40
1
 40
1
 40
1
 10
594.900000
 20
184.800000
 30
0.0
 10
593.900000
 20
182.600000
 30
0.0
 10
591.900000
 20
180.700000
 30
0.0
 10
589.000000
 20
180.000000
 30
0.0
  0
SPLINE
  5
118
100
AcDbEntity
  8
0
 62
7
100
AcDbSpline
 70
8
 71
3
 72
8
 73
4
 74
0
 40
0
 40
0
 40
0
 40
0
 40
1
 40
1
 40
1
 40
1
 10
589.000000
 20
180.000000
 30
0.0
 10
587.300000
 20
179.600000
 30
0.0
 10
585.900000
 20
179.800000
 30
0.0
 10
584.800000
 20
180.300000
 30
0.0
  0
SPLINE
  5
119
100
AcDbEntity
  8
0
 62
7
100
AcDbSpline
 70
8
 71
3
 72
8
 73
4
 74
0
 40
0
 40
0
 40
0
 40
0
 40
1
 40
1
 40
1
 40
1
 10
584.800000
 20
180.300000
 30
0.0
 10
583.700000
 20
180.800000
 30
0.0
 10
582.700000
 20
181.600000
 30
0.0
 10
582.000000
 20
182.400000
 30
0.0
  0
SPLINE
  5
11a
100
AcDbEntity
  8
0
 62
7
100
AcDbSpline
 70
8
 71
3
 72
8
 73
4
 74
0
 40
0
 40
0
 40
0
 40
0
 40
1
 40
1
 40
1
 40
1
 10
582.000000
 20
182.400000
 30
0.0
 10
581.300000
 20
183.200000
 30
0.0
 10
580.600000
 20
184.000000
 30
0.0
 10
580.100000
 20
184.500000
 30
0.0
  0
SPLINE
  5
11b
100
AcDbEntity
  8
0
 62
7
100
AcDbSpline
 70
8
 71
3
 72
8
 73
4
 74
0
 40
0
 40
0
 40
0
 40
0
 40
1
 40
1
 40
1
 40
1
 10
580.100000
 20
184.500000
 30
0.0
 10
579.500000
 20
185.000000
 30
0.0
 10
579.100000
 20
185.200000
 30
0.0
 10
578.600000
 20
185.100000
 30
0.0
  0
SPLINE
  5
11c
100
AcDbEntity
  8
0
 62
7
100
AcDbSpline
 70
8
 71
3
 72
8
 73
4
 74
0
 40
0
 40
0
 40
0
 40
0
 40
1
 40
1
 40
1
 40
1
 10
578.600000
 20
185.100000
 30
0.0
 10
576.900000
 20
184.700000
 30
0.0
 10
575.700000
 20
184.100000
 30
0.0
 10
574.300000
 20
183.500000
 30
0.0
  0
SPLINE
  5
11d
100
AcDbEntity
  8
0
 62
7
100
AcDbSpline
 70
8
 71
3
 72
8
 73
4
 74
0
 40
0
 40
0
 40
0
 40
0
 40
1
 40
1
 40
1
 40
1
 10
574.300000
 20
183.500000
 30
0.0
 10
573.400000
 20
183.100000
 30
0.0
 10
572.400000
 20
182.700000
 30
0.0
 10
571.200000
 20
182.500000
 30
0.0
  0
SPLINE
  5
11e
100
AcDbEntity
  8
0
 62
7
100
AcDbSpline
 70
8
 71
3
 72
8
 73
4
 74
0
 40
0
 40
0
 40
0
 40
0
 40
1
 40
1
 40
1
 40
1
 10
571.200000
 20
182.500000
 30
0.0
 10
572.500000
 20
182.100000
 30
0.0
 10
573.700000
 20
181.700000
 30
0.0
 10
574.900000
 20
181.300000
 30
0.0
  0
SPLINE
  5
11f
100
AcDbEntity
  8
0
 62
7
100
AcDbSpline
 70
8
 71
3
 72
8
 73
4
 74
0
 40
0
 40
0
 40
0
 40
0
 40
1
 40
1
 40
1
 40
1
 10
574.900000
 20
181.300000
 30
0.0
 10
578.600000
 20
180.200000
 30
0.0
 10
582.100000
 20
179.100000
 30
0.0
 10
585.000000
 20
177.700000
 30
0.0
  0
SPLINE
  5
120
100
AcDbEntity
  8
0
 62
7
100
AcDbSpline
 70
8
 71
3
 72
8
 73
4
 74
0
 40
0
 40
0
 40
0
 40
0
 40
1
 40
1
 40
1
 40
1
 10
585.000000
 20
177.700000
 30
0.0
 10
587.900000
 20
176.400000
 30
0.0
 10
590.200000
 20
174.800000
 30
0.0
 10
591.300000
 20
172.700000
 30
0.0
  0
SPLINE
  5
121
100
AcDbEntity
  8
0
 62
7
100
AcDbSpline
 70
8
 71
3
 72
8
 73
4
 74
0
 40
0
 40
0
 40
0
 40
0
 40
1
 40
1
 40
1
 40
1
 10
591.300000
 20
172.700000
 30
0.0
 10
591.700000
 20
172.000000
 30
0.0
 10
591.900000
 20
171.200000
 30
0.0
 10
592.000000
 20
170.400000
 30
0.0
  0
SPLINE
  5
122
100
AcDbEntity
  8
0
 62
7
100
AcDbSpline
 70
8
 71
3
 72
8
 73
4
 74
0
 40
0
 40
0
 40
0
 40
0
 40
1
 40
1
 40
1
 40
1
 10
592.000000
 20
170.400000
 30
0.0
 10
592.900000
 20
165.100000
 30
0.0
 10
590.600000
 20
161.000000
 30
0.0
 10
588.600000
 20
159.100000
 30
0.0
  0
SPLINE
  5
123
100
AcDbEntity
  8
0
 62
7
100
AcDbSpline
 70
8
 71
3
 72
8
 73
4
 74
0
 40
0
 40
0
 40
0
 40
0
 40
1
 40
1
 40
1
 40
1
 10
588.600000
 20
159.100000
 30
0.0
 10
587.500000
 20
157.300000
 30
0.0
 10
585.400000
 20
155.800000
 30
0.0
 10
583.100000
 20
155.100000
 30
0.0
  0
SPLINE
  5
124
100
AcDbEntity
  8
0
 62
7
100
AcDbSpline
 70
8
 71
3
 72
8
 73
4
 74
0
 40
0
 40
0
 40
0
 40
0
 40
1
 40
1
 40
1
 40
1
 10
583.100000
 20
155.100000
 30
0.0
 10
580.800000
 20
154.400000
 30
0.0
 10
578.200000
 20
154.700000
 30
0.0
 10
576.100000
 20
156.400000
 30
0.0
  0
SPLINE
  5
125
100
AcDbEntity
  8
0
 62
7
100
AcDbSpline
 70
8
 71
3
 72
8
 73
4
 74
0
 40
0
 40
0
 40
0
 40
0
 40
1
 40
1
 40
1
 40
1
 10
576.100000
 20
156.400000
 30
0.0
 10
573.500000
 20
158.600000
 30
0.0
 10
572.200000
 20
162.400000
 30
0.0
 10
570.900000
 20
165.900000
 30
0.0
  0
SPLINE
  5
126
100
AcDbEntity
  8
0
 62
7
100
AcDbSpline
 70
8
 71
3
 72
8
 73
4
 74
0
 40
0
 40
0
 40
0
 40
0
 40
1
 40
1
 40
1
 40
1
 10
570.900000
 20
165.900000
 30
0.0
 10
569.600000
 20
169.400000
 30
0.0
 10
568.200000
 20
172.600000
 30
0.0
 10
565.400000
 20
173.900000
 30
0.0
  0
SPLINE
  5
127
100
AcDbEntity
  8
0
 62
7
100
AcDbSpline
 70
8
 71
3
 72
8
 73
4
 74
0
 40
0
 40
0
 40
0
 40
0
 40
1
 40
1
 40
1
 40
1
 10
565.400000
 20
173.900000
 30
0.0
 10
562.400000
 20
175.300000
 30
0.0
 10
560.000000
 20
175.700000
 30
0.0
 10
557.400000
 20
175.700000
 30
0.0
  0
SPLINE
  5
128
100
AcDbEntity
  8
0
 62
7
100
AcDbSpline
 70
8
 71
3
 72
8
 73
4
 74
0
 40
0
 40
0
 40
0
 40
0
 40
1
 40
1
 40
1
 40
1
 10
557.400000
 20
175.700000
 30
0.0
 10
554.800000
 20
175.700000
 30
0.0
 10
552.200000
 20
175.200000
 30
0.0
 10
549.000000
 20
175.200000
 30
0.0
  0
SPLINE
  5
129
100
AcDbEntity
  8
0
 62
7
100
AcDbSpline
 70
8
 71
3
 72
8
 73
4
 74
0
 40
0
 40
0
 40
0
 40
0
 40
1
 40
1
 40
1
 40
1
 10
549.000000
 20
175.200000
 30
0.0
 10
543.500000
 20
175.100000
 30
0.0
 10
538.100000
 20
177.400000
 30
0.0
 10
533.000000
 20
182.800000
 30
0.0
  0
SPLINE
  5
12a
100
AcDbEntity
  8
0
 62
7
100
AcDbSpline
 70
8
 71
3
 72
8
 73
4
 74
0
 40
0
 40
0
 40
0
 40
0
 40
1
 40
1
 40
1
 40
1
 10
533.000000
 20
182.800000
 30
0.0
 10
530.300000
 20
183.100000
 30
0.0
 10
526.400000
 20
182.800000
 30
0.0
 10
524.300000
 20
180.700000
 30
0.0
  0
SPLINE
  5
12b
100
AcDbEntity
  8
0
 62
7
100
AcDbSpline
 70
8
 71
3
 72
8
 73
4
 74
0
 40
0
 40
0
 40
0
 40
0
 40
1
 40
1
 40
1
 40
1
 10
524.300000
 20
180.700000
 30
0.0
 10
523.200000
 20
179.600000
 30
0.0
 10
522.300000
 20
177.700000
 30
0.0
 10
521.100000
 20
175.900000
 30
0.0
  0
SPLINE
  5
12c
100
AcDbEntity
  8
0
 62
7
100
AcDbSpline
 70
8
 71
3
 72
8
 73
4
 74
0
 40
0
 40
0
 40
0
 40
0
 40
1
 40
1
 40
1
 40
1
 10
521.100000
 20
175.900000
 30
0.0
 10
519.900000
 20
174.100000
 30
0.0
 10
518.400000
 20
172.300000
 30
0.0
 10
516.100000
 20
171.700000
 30
0.0
  0
SPLINE
  5
12d
100
AcDbEntity
  8
0
 62
7
100
AcDbSpline
 70
8
 71
3
 72
8
 73
4
 74
0
 40
0
 40
0
 40
0
 40
0
 40
1
 40
1
 40
1
 40
1
 10
516.100000
 20
171.700000
 30
0.0
 10
513.800000
 20
171.100000
 30
0.0
 10
511.100000
 20
171.400000
 30
0.0
 10
508.700000
 20
172.400000
 30
0.0
  0
SPLINE
  5
12e
100
AcDbEntity
  8
0
 62
7
100
AcDbSpline
 70
8
 71
3
 72
8
 73
4
 74
0
 40
0
 40
0
 40
0
 40
0
 40
1
 40
1
 40
1
 40
1
 10
508.700000
 20
172.400000
 30
0.0
 10
506.400000
 20
173.400000
 30
0.0
 10
504.500000
 20
175.300000
 30
0.0
 10
503.800000
 20
178.000000
 30
0.0
  0
SPLINE
  5
12f
100
AcDbEntity
  8
0
 62
7
100
AcDbSpline
 70
8
 71
3
 72
8
 73
4
 74
0
 40
0
 40
0
 40
0
 40
0
 40
1
 40
1
 40
1
 40
1
 10
503.800000
 20
178.000000
 30
0.0
 10
503.700000
 20
178.400000
 30
0.0
 10
503.700000
 20
178.900000
 30
0.0
 10
503.600000
 20
179.300000
 30
0.0
  0
LINE
  5
130
100
AcDbEntity
  8
0
 62
7
100
AcDbLine
 10
503.600000
 20
179.300000
 30
0.0
 11
503.500000
 21
179.300000
 31
0.0
  0
SPLINE
  5
131
100
AcDbEntity
  8
0
 62
7
100
AcDbSpline
 70
8
 71
3
 72
8
 73
4
 74
0
 40
0
 40
0
 40
0
 40
0
 40
1
 40
1
 40
1
 40
1
 10
503.500000
 20
179.300000
 30
0.0
 10
503.000000
 20
182.900000
 30
0.0
 10
503.900000
 20
187.500000
 30
0.0
 10
505.400000
 20
191.000000
 30
0.0
  0
SPLINE
  5
132
100
AcDbEntity
  8
0
 62
7
100
AcDbSpline
 70
8
 71
3
 72
8
 73
4
 74
0
 40
0
 40
0
 40
0
 40
0
 40
1
 40
1
 40
1
 40
1
 10
505.400000
 20
191.000000
 30
0.0
 10
506.700000
 20
193.200000
 30
0.0
 10
508.600000
 20
194.800000
 30
0.0
 10
511.200000
 20
195.400000
 30
0.0
  0
SPLINE
  5
133
100
AcDbEntity
  8
0
 62
7
100
AcDbSpline
 70
8
 71
3
 72
8
 73
4
 74
0
 40
0
 40
0
 40
0
 40
0
 40
1
 40
1
 40
1
 40
1
 10
511.200000
 20
195.400000
 30
0.0
 10
513.400000
 20
195.900000
 30
0.0
 10
516.900000
 20
195.500000
 30
0.0
 10
520.500000
 20
194.700000
 30
0.0
  0
SPLINE
  5
134
100
AcDbEntity
  8
0
 62
7
100
AcDbSpline
 70
8
 71
3
 72
8
 73
4
 74
0
 40
0
 40
0
 40
0
 40
0
 40
1
 40
1
 40
1
 40
1
 10
520.500000
 20
194.700000
 30
0.0
 10
522.800000
 20
194.700000
 30
0.0
 10
524.700000
 20
194.000000
 30
0.0
 10
526.800000
 20
193.400000
 30
0.0
  0
LINE
  5
135
100
AcDbEntity
  8
0
 62
7
100
AcDbLine
 10
526.800000
 20
193.400000
 30
0.0
 11
526.800000
 21
193.400000
 31
0.0
  0
SPLINE
  5
136
100
AcDbEntity
  8
0
 62
7
100
AcDbSpline
 70
8
 71
3
 72
8
 73
4
 74
0
 40
0
 40
0
 40
0
 40
0
 40
1
 40
1
 40
1
 40
1
 10
554.300000
 20
188.500000
 30
0.0
 10
558.500000
 20
186.300000
 30
0.0
 10
565.000000
 20
183.500000
 30
0.0
 10
570.400000
 20
181.900000
 30
0.0
  0
SPLINE
  5
137
100
AcDbEntity
  8
0
 62
7
100
AcDbSpline
 70
8
 71
3
 72
8
 73
4
 74
0
 40
0
 40
0
 40
0
 40
0
 40
1
 40
1
 40
1
 40
1
 10
554.300000
 20
188.500000
 30
0.0
 10
558.500000
 20
186.300000
 30
0.0
 10
565.000000
 20
183.500000
 30
0.0
 10
570.400000
 20
181.900000
 30
0.0
  0
SPLINE
  5
138
100
AcDbEntity
  8
0
 62
7
100
AcDbSpline
 70
8
 71
3
 72
8
 73
4
 74
0
 40
0
 40
0
 40
0
 40
0
 40
1
 40
1
 40
1
 40
1
 10
568.600000
 20
192.900000
 30
0.0
 10
562.200000
 20
192.400000
 30
0.0
 10
550.700000
 20
197.800000
 30
0.0
 10
543.400000
 20
202.000000
 30
0.0
  0
SPLINE
  5
139
100
AcDbEntity
  8
0
 62
7
100
AcDbSpline
 70
8
 71
3
 72
8
 73
4
 74
0
 40
0
 40
0
 40
0
 40
0
 40
1
 40
1
 40
1
 40
1
 10
570.500000
 20
182.000000
 30
0.0
 10
566.400000
 20
183.300000
 30
0.0
 10
560.900000
 20
185.100000
 30
0.0
 10
554.100000
 20
188.700000
 30
0.0
  0
SPLINE
  5
13a
100
AcDbEntity
  8
0
 62
7
100
AcDbSpline
 70
8
 71
3
 72
8
 73
4
 74
0
 40
0
 40
0
 40
0
 40
0
 40
1
 40
1
 40
1
 40
1
 10
592.400000
 20
217.500000
 30
0.0
 10
599.900000
 20
219.000000
 30
0.0
 10
607.600000
 20
212.000000
 30
0.0
 10
601.000000
 20
203.600000
 30
0.0
  0
SPLINE
  5
13b
100
AcDbEntity
  8
0
 62
7
100
AcDbSpline
 70
8
 71
3
 72
8
 73
4
 74
0
 40
0
 40
0
 40
0
 40
0
 40
1
 40
1
 40
1
 40
1
 10
601.000000
 20
203.600000
 30
0.0
 10
601.000000
 20
208.900000
 30
0.0
 10
594.600000
 20
211.000000
 30
0.0
 10
589.700000
 20
205.200000
 30
0.0
  0
SPLINE
  5
13c
100
AcDbEntity
  8
0
 62
7
100
AcDbSpline
 70
8
 71
3
 72
8
 73
4
 74
0
 40
0
 40
0
 40
0
 40
0
 40
1
 40
1
 40
1
 40
1
 10
589.700000
 20
205.200000
 30
0.0
 10
587.000000
 20
205.600000
 30
0.0
 10
584.300000
 20
209.800000
 30
0.0
 10
585.400000
 20
212.800000
 30
0.0
  0
SPLINE
  5
13d
100
AcDbEntity
  8
0
 62
7
100
AcDbSpline
 70
8
 71
3
 72
8
 73
4
 74
0
 40
0
 40
0
 40
0
 40
0
 40
1
 40
1
 40
1
 40
1
 10
585.400000
 20
212.800000
 30
0.0
 10
587.400000
 20
215.500000
 30
0.0
 10
589.900000
 20
217.000000
 30
0.0
 10
592.400000
 20
217.500000
 30
0.0
  0
SPLINE
  5
13e
100
AcDbEntity
  8
0
 62
7
100
AcDbSpline
 70
8
 71
3
 72
8
 73
4
 74
0
 40
0
 40
0
 40
0
 40
0
 40
1
 40
1
 40
1
 40
1
 10
498.800000
 20
190.700000
 30
0.0
 10
501.100000
 20
191.100000
 30
0.0
 10
503.500000
 20
191.000000
 30
0.0
 10
505.800000
 20
190.500000
 30
0.0
  0
SPLINE
  5
13f
100
AcDbEntity
  8
0
 62
7
100
AcDbSpline
 70
8
 71
3
 72
8
 73
4
 74
0
 40
0
 40
0
 40
0
 40
0
 40
1
 40
1
 40
1
 40
1
 10
505.800000
 20
190.500000
 30
0.0
 10
510.600000
 20
187.800000
 30
0.0
 10
510.600000
 20
180.500000
 30
0.0
 10
505.800000
 20
177.400000
 30
0.0
  0
SPLINE
  5
140
100
AcDbEntity
  8
0
 62
7
100
AcDbSpline
 70
8
 71
3
 72
8
 73
4
 74
0
 40
0
 40
0
 40
0
 40
0
 40
1
 40
1
 40
1
 40
1
 10
505.800000
 20
177.400000
 30
0.0
 10
499.800000
 20
182.100000
 30
0.0
 10
492.200000
 20
177.200000
 30
0.0
 10
494.100000
 20
170.800000
 30
0.0
  0
SPLINE
  5
141
100
AcDbEntity
  8
0
 62
7
100
AcDbSpline
 70
8
 71
3
 72
8
 73
4
 74
0
 40
0
 40
0
 40
0
 40
0
 40
1
 40
1
 40
1
 40
1
 10
494.100000
 20
170.800000
 30
0.0
 10
486.800000
 20
175.500000
 30
0.0
 10
486.500000
 20
181.600000
 30
0.0
 10
489.500000
 20
185.700000
 30
0.0
  0
SPLINE
  5
142
100
AcDbEntity
  8
0
 62
7
100
AcDbSpline
 70
8
 71
3
 72
8
 73
4
 74
0
 40
0
 40
0
 40
0
 40
0
 40
1
 40
1
 40
1
 40
1
 10
489.500000
 20
185.700000
 30
0.0
 10
491.600000
 20
188.200000
 30
0.0
 10
495.000000
 20
190.000000
 30
0.0
 10
498.800000
 20
190.700000
 30
0.0
  0
SPLINE
  5
143
100
AcDbEntity
  8
0
 62
7
100
AcDbSpline
 70
8
 71
3
 72
8
 73
4
 74
0
 40
0
 40
0
 40
0
 40
0
 40
1
 40
1
 40
1
 40
1
 10
595.700000
 20
197.100000
 30
0.0
 10
596.300000
 20
197.300000
 30
0.0
 10
596.900000
 20
197.300000
 30
0.0
 10
597.400000
 20
197.400000
 30
0.0
  0
SPLINE
  5
144
100
AcDbEntity
  8
0
 62
7
100
AcDbSpline
 70
8
 71
3
 72
8
 73
4
 74
0
 40
0
 40
0
 40
0
 40
0
 40
1
 40
1
 40
1
 40
1
 10
597.400000
 20
197.400000
 30
0.0
 10
601.200000
 20
198.000000
 30
0.0
 10
604.600000
 20
197.100000
 30
0.0
 10
607.100000
 20
195.000000
 30
0.0
  0
SPLINE
  5
145
100
AcDbEntity
  8
0
 62
7
100
AcDbSpline
 70
8
 71
3
 72
8
 73
4
 74
0
 40
0
 40
0
 40
0
 40
0
 40
1
 40
1
 40
1
 40
1
 10
607.100000
 20
195.000000
 30
0.0
 10
611.000000
 20
191.800000
 30
0.0
 10
612.100000
 20
183.600000
 30
0.0
 10
605.400000
 20
180.100000
 30
0.0
  0
SPLINE
  5
146
100
AcDbEntity
  8
0
 62
7
100
AcDbSpline
 70
8
 71
3
 72
8
 73
4
 74
0
 40
0
 40
0
 40
0
 40
0
 40
1
 40
1
 40
1
 40
1
 10
605.400000
 20
180.100000
 30
0.0
 10
606.700000
 20
186.300000
 30
0.0
 10
600.100000
 20
190.900000
 30
0.0
 10
592.900000
 20
185.300000
 30
0.0
  0
SPLINE
  5
147
100
AcDbEntity
  8
0
 62
7
100
AcDbSpline
 70
8
 71
3
 72
8
 73
4
 74
0
 40
0
 40
0
 40
0
 40
0
 40
1
 40
1
 40
1
 40
1
 10
592.900000
 20
185.300000
 30
0.0
 10
589.900000
 20
186.400000
 30
0.0
 10
588.200000
 20
191.500000
 30
0.0
 10
590.300000
 20
194.800000
 30
0.0
  0
SPLINE
  5
148
100
AcDbEntity
  8
0
 62
7
100
AcDbSpline
 70
8
 71
3
 72
8
 73
4
 74
0
 40
0
 40
0
 40
0
 40
0
 40
1
 40
1
 40
1
 40
1
 10
590.300000
 20
194.800000
 30
0.0
 10
592.200000
 20
195.800000
 30
0.0
 10
594.000000
 20
196.600000
 30
0.0
 10
595.700000
 20
197.100000
 30
0.0
  0
LINE
  5
149
100
AcDbEntity
  8
0
 62
7
100
AcDbLine
 10
595.700000
 20
197.100000
 30
0.0
 11
595.700000
 21
197.100000
 31
0.0
  0
SPLINE
  5
14a
100
AcDbEntity
  8
0
 62
7
100
AcDbSpline
 70
8
 71
3
 72
8
 73
4
 74
0
 40
0
 40
0
 40
0
 40
0
 40
1
 40
1
 40
1
 40
1
 10
587.400000
 20
170.900000
 30
0.0
 10
593.600000
 20
170.300000
 30
0.0
 10
598.700000
 20
166.300000
 30
0.0
 10
600.300000
 20
161.300000
 30
0.0
  0
SPLINE
  5
14b
100
AcDbEntity
  8
0
 62
7
100
AcDbSpline
 70
8
 71
3
 72
8
 73
4
 74
0
 40
0
 40
0
 40
0
 40
0
 40
1
 40
1
 40
1
 40
1
 10
600.300000
 20
161.300000
 30
0.0
 10
601.800000
 20
156.500000
 30
0.0
 10
599.100000
 20
149.400000
 30
0.0
 10
591.600000
 20
148.500000
 30
0.0
  0
SPLINE
  5
14c
100
AcDbEntity
  8
0
 62
7
100
AcDbSpline
 70
8
 71
3
 72
8
 73
4
 74
0
 40
0
 40
0
 40
0
 40
0
 40
1
 40
1
 40
1
 40
1
 10
591.600000
 20
148.500000
 30
0.0
 10
595.600000
 20
154.000000
 30
0.0
 10
590.100000
 20
161.000000
 30
0.0
 10
582.900000
 20
158.500000
 30
0.0
  0
SPLINE
  5
14d
100
AcDbEntity
  8
0
 62
7
100
AcDbSpline
 70
8
 71
3
 72
8
 73
4
 74
0
 40
0
 40
0
 40
0
 40
0
 40
1
 40
1
 40
1
 40
1
 10
582.900000
 20
158.500000
 30
0.0
 10
579.500000
 20
162.900000
 30
0.0
 10
582.000000
 20
169.900000
 30
0.0
 10
587.400000
 20
170.900000
 30
0.0
  0
LINE
  5
14e
100
AcDbEntity
  8
0
 62
7
100
AcDbLine
 10
264.600000
 20
405.000000
 30
0.0
 11
264.900000
 21
346.300000
 31
0.0
  0
SPLINE
  5
14f
100
AcDbEntity
  8
0
 62
7
100
AcDbSpline
 70
8
 71
3
 72
8
 73
4
 74
0
 40
0
 40
0
 40
0
 40
0
 40
1
 40
1
 40
1
 40
1
 10
264.900000
 20
346.300000
 30
0.0
 10
266.600000
 20
340.200000
 30
0.0
 10
276.900000
 20
336.800000
 30
0.0
 10
286.500000
 20
333.100000
 30
0.0
  0
SPLINE
  5
150
100
AcDbEntity
  8
0
 62
7
100
AcDbSpline
 70
8
 71
3
 72
8
 73
4
 74
0
 40
0
 40
0
 40
0
 40
0
 40
1
 40
1
 40
1
 40
1
 10
286.500000
 20
333.100000
 30
0.0
 10
292.300000
 20
338.100000
 30
0.0
 10
300.500000
 20
339.100000
 30
0.0
 10
303.400000
 20
349.000000
 30
0.0
  0
LINE
  5
151
100
AcDbEntity
  8
0
 62
7
100
AcDbLine
 10
303.400000
 20
349.000000
 30
0.0
 11
298.000000
 21
407.500000
 31
0.0
  0
LINE
  5
152
100
AcDbEntity
  8
0
 62
7
100
AcDbLine
 10
298.000000
 20
407.500000
 30
0.0
 11
264.600000
 21
405.000000
 31
0.0
  0
SPLINE
  5
153
100
AcDbEntity
  8
0
 62
7
100
AcDbSpline
 70
8
 71
3
 72
8
 73
4
 74
0
 40
0
 40
0
 40
0
 40
0
 40
1
 40
1
 40
1
 40
1
 10
297.400000
 20
359.500000
 30
0.0
 10
299.300000
 20
343.000000
 30
0.0
 10
291.300000
 20
345.600000
 30
0.0
 10
286.200000
 20
339.800000
 30
0.0
  0
SPLINE
  5
154
100
AcDbEntity
  8
0
 62
7
100
AcDbSpline
 70
8
 71
3
 72
8
 73
4
 74
0
 40
0
 40
0
 40
0
 40
0
 40
1
 40
1
 40
1
 40
1
 10
286.200000
 20
339.800000
 30
0.0
 10
277.800000
 20
345.100000
 30
0.0
 10
268.500000
 20
341.600000
 30
0.0
 10
269.500000
 20
356.300000
 30
0.0
  0
LINE
  5
155
100
AcDbEntity
  8
0
 62
7
100
AcDbLine
 10
297.400000
 20
359.500000
 30
0.0
 11
297.400000
 21
359.500000
 31
0.0
  0
LINE
  5
156
100
AcDbEntity
  8
0
 62
7
100
AcDbLine
 10
286.400000
 20
401.300000
 30
0.0
 11
285.400000
 21
363.000000
 31
0.0
  0
LINE
  5
157
100
AcDbEntity
  8
0
 62
7
100
AcDbLine
 10
285.400000
 20
363.000000
 30
0.0
 11
279.200000
 21
399.800000
 31
0.0
  0
LINE
  5
158
100
AcDbEntity
  8
0
 62
7
100
AcDbLine
 10
286.400000
 20
401.300000
 30
0.0
 11
286.400000
 21
401.300000
 31
0.0
  0
LINE
  5
159
100
AcDbEntity
  8
0
 62
7
100
AcDbLine
 10
163.700000
 20
425.200000
 30
0.0
 11
115.800000
 21
369.000000
 31
0.0
  0
SPLINE
  5
15a
100
AcDbEntity
  8
0
 62
7
100
AcDbSpline
 70
8
 71
3
 72
8
 73
4
 74
0
 40
0
 40
0
 40
0
 40
0
 40
1
 40
1
 40
1
 40
1
 10
115.800000
 20
369.000000
 30
0.0
 10
111.600000
 20
363.000000
 30
0.0
 10
99.500000
 20
363.800000
 30
0.0
 10
85.700000
 20
366.200000
 30
0.0
  0
SPLINE
  5
15b
100
AcDbEntity
  8
0
 62
7
100
AcDbSpline
 70
8
 71
3
 72
8
 73
4
 74
0
 40
0
 40
0
 40
0
 40
0
 40
1
 40
1
 40
1
 40
1
 10
85.700000
 20
366.200000
 30
0.0
 10
85.300000
 20
375.600000
 30
0.0
 10
78.200000
 20
385.600000
 30
0.0
 10
88.700000
 20
393.800000
 30
0.0
  0
LINE
  5
15c
100
AcDbEntity
  8
0
 62
7
100
AcDbLine
 10
88.700000
 20
393.800000
 30
0.0
 11
124.600000
 21
426.000000
 31
0.0
  0
SPLINE
  5
15d
100
AcDbEntity
  8
0
 62
7
100
AcDbSpline
 70
8
 71
3
 72
8
 73
4
 74
0
 40
0
 40
0
 40
0
 40
0
 40
1
 40
1
 40
1
 40
1
 10
124.600000
 20
426.000000
 30
0.0
 10
106.700000
 20
417.300000
 30
0.0
 10
90.200000
 20
388.500000
 30
0.0
 10
52.000000
 20
403.000000
 30
0.0
  0
SPLINE
  5
15e
100
AcDbEntity
  8
0
 62
7
100
AcDbSpline
 70
8
 71
3
 72
8
 73
4
 74
0
 40
0
 40
0
 40
0
 40
0
 40
1
 40
1
 40
1
 40
1
 10
52.000000
 20
403.000000
 30
0.0
 10
56.200000
 20
432.500000
 30
0.0
 10
62.300000
 20
427.000000
 30
0.0
 10
88.200000
 20
442.500000
 30
0.0
  0
SPLINE
  5
15f
100
AcDbEntity
  8
0
 62
7
100
AcDbSpline
 70
8
 71
3
 72
8
 73
4
 74
0
 40
0
 40
0
 40
0
 40
0
 40
1
 40
1
 40
1
 40
1
 10
88.200000
 20
442.500000
 30
0.0
 10
53.800000
 20
432.900000
 30
0.0
 10
40.700000
 20
440.600000
 30
0.0
 10
27.600000
 20
447.500000
 30
0.0
  0
SPLINE
  5
160
100
AcDbEntity
  8
0
 62
7
100
AcDbSpline
 70
8
 71
3
 72
8
 73
4
 74
0
 40
0
 40
0
 40
0
 40
0
 40
1
 40
1
 40
1
 40
1
 10
27.600000
 20
447.500000
 30
0.0
 10
35.900000
 20
468.300000
 30
0.0
 10
46.800000
 20
470.600000
 30
0.0
 10
57.500000
 20
473.800000
 30
0.0
  0
SPLINE
  5
161
100
AcDbEntity
  8
0
 62
7
100
AcDbSpline
 70
8
 71
3
 72
8
 73
4
 74
0
 40
0
 40
0
 40
0
 40
0
 40
1
 40
1
 40
1
 40
1
 10
57.500000
 20
473.800000
 30
0.0
 10
29.700000
 20
473.500000
 30
0.0
 10
20.800000
 20
487.200000
 30
0.0
 10
11.000000
 20
494.000000
 30
0.0
  0
SPLINE
  5
162
100
AcDbEntity
  8
0
 62
7
100
AcDbSpline
 70
8
 71
3
 72
8
 73
4
 74
0
 40
0
 40
0
 40
0
 40
0
 40
1
 40
1
 40
1
 40
1
 10
11.000000
 20
494.000000
 30
0.0
 10
19.000000
 20
506.600000
 30
0.0
 10
39.900000
 20
514.800000
 30
0.0
 10
52.400000
 20
512.900000
 30
0.0
  0
SPLINE
  5
163
100
AcDbEntity
  8
0
 62
7
100
AcDbSpline
 70
8
 71
3
 72
8
 73
4
 74
0
 40
0
 40
0
 40
0
 40
0
 40
1
 40
1
 40
1
 40
1
 10
52.400000
 20
512.900000
 30
0.0
 10
20.000000
 20
520.600000
 30
0.0
 10
12.700000
 20
533.600000
 30
0.0
 10
2.600000
 20
548.800000
 30
0.0
  0
SPLINE
  5
164
100
AcDbEntity
  8
0
 62
7
100
AcDbSpline
 70
8
 71
3
 72
8
 73
4
 74
0
 40
0
 40
0
 40
0
 40
0
 40
1
 40
1
 40
1
 40
1
 10
2.600000
 20
548.800000
 30
0.0
 10
21.000000
 20
559.100000
 30
0.0
 10
35.800000
 20
560.700000
 30
0.0
 10
50.800000
 20
557.500000
 30
0.0
  0
SPLINE
  5
165
100
AcDbEntity
  8
0
 62
7
100
AcDbSpline
 70
8
 71
3
 72
8
 73
4
 74
0
 40
0
 40
0
 40
0
 40
0
 40
1
 40
1
 40
1
 40
1
 10
50.800000
 20
557.500000
 30
0.0
 10
21.000000
 20
570.300000
 30
0.0
 10
7.500000
 20
586.700000
 30
0.0
 10
0.700000
 20
604.600000
 30
0.0
  0
SPLINE
  5
166
100
AcDbEntity
  8
0
 62
7
100
AcDbSpline
 70
8
 71
3
 72
8
 73
4
 74
0
 40
0
 40
0
 40
0
 40
0
 40
1
 40
1
 40
1
 40
1
 10
0.700000
 20
604.600000
 30
0.0
 10
16.400000
 20
610.100000
 30
0.0
 10
30.300000
 20
606.800000
 30
0.0
 10
44.400000
 20
604.000000
 30
0.0
  0
SPLINE
  5
167
100
AcDbEntity
  8
0
 62
7
100
AcDbSpline
 70
8
 71
3
 72
8
 73
4
 74
0
 40
0
 40
0
 40
0
 40
0
 40
1
 40
1
 40
1
 40
1
 10
44.400000
 20
604.000000
 30
0.0
 10
17.200000
 20
619.700000
 30
0.0
 10
10.700000
 20
640.800000
 30
0.0
 10
9.600000
 20
658.000000
 30
0.0
  0
SPLINE
  5
168
100
AcDbEntity
  8
0
 62
7
100
AcDbSpline
 70
8
 71
3
 72
8
 73
4
 74
0
 40
0
 40
0
 40
0
 40
0
 40
1
 40
1
 40
1
 40
1
 10
9.600000
 20
658.000000
 30
0.0
 10
29.900000
 20
659.800000
 30
0.0
 10
42.800000
 20
653.200000
 30
0.0
 10
56.500000
 20
647.600000
 30
0.0
  0
SPLINE
  5
169
100
AcDbEntity
  8
0
 62
7
100
AcDbSpline
 70
8
 71
3
 72
8
 73
4
 74
0
 40
0
 40
0
 40
0
 40
0
 40
1
 40
1
 40
1
 40
1
 10
56.500000
 20
647.600000
 30
0.0
 10
12.200000
 20
677.500000
 30
0.0
 10
22.400000
 20
717.900000
 30
0.0
 10
28.200000
 20
729.800000
 30
0.0
  0
SPLINE
  5
16a
100
AcDbEntity
  8
0
 62
7
100
AcDbSpline
 70
8
 71
3
 72
8
 73
4
 74
0
 40
0
 40
0
 40
0
 40
0
 40
1
 40
1
 40
1
 40
1
 10
28.200000
 20
729.800000
 30
0.0
 10
50.000000
 20
708.400000
 30
0.0
 10
73.100000
 20
687.100000
 30
0.0
 10
97.200000
 20
665.700000
 30
0.0
  0
SPLINE
  5
16b
100
AcDbEntity
  8
0
 62
7
100
AcDbSpline
 70
8
 71
3
 72
8
 73
4
 74
0
 40
0
 40
0
 40
0
 40
0
 40
1
 40
1
 40
1
 40
1
 10
97.200000
 20
665.700000
 30
0.0
 10
30.400000
 20
741.300000
 30
0.0
 10
43.800000
 20
772.400000
 30
0.0
 10
63.600000
 20
800.100000
 30
0.0
  0
SPLINE
  5
16c
100
AcDbEntity
  8
0
 62
7
100
AcDbSpline
 70
8
 71
3
 72
8
 73
4
 74
0
 40
0
 40
0
 40
0
 40
0
 40
1
 40
1
 40
1
 40
1
 10
63.600000
 20
800.100000
 30
0.0
 10
84.500000
 20
761.200000
 30
0.0
 10
101.800000
 20
724.700000
 30
0.0
 10
141.000000
 20
678.600000
 30
0.0
  0
LINE
  5
16d
100
AcDbEntity
  8
0
 62
7
100
AcDbLine
 10
141.000000
 20
678.600000
 30
0.0
 11
163.300000
 21
623.400000
 31
0.0
  0
LINE
  5
16e
100
AcDbEntity
  8
0
 62
7
100
AcDbLine
 10
163.300000
 20
623.400000
 30
0.0
 11
148.700000
 21
533.600000
 31
0.0
  0
LINE
  5
16f
100
AcDbEntity
  8
0
 62
7
100
AcDbLine
 10
148.700000
 20
533.600000
 30
0.0
 11
176.900000
 21
445.600000
 31
0.0
  0
LINE
  5
170
100
AcDbEntity
  8
0
 62
7
100
AcDbLine
 10
176.900000
 20
445.600000
 30
0.0
 11
163.700000
 21
425.200000
 31
0.0
  0
SPLINE
  5
171
100
AcDbEntity
  8
0
 62
7
100
AcDbSpline
 70
8
 71
3
 72
8
 73
4
 74
0
 40
0
 40
0
 40
0
 40
0
 40
1
 40
1
 40
1
 40
1
 10
147.900000
 20
622.200000
 30
0.0
 10
129.500000
 20
635.600000
 30
0.0
 10
111.900000
 20
650.100000
 30
0.0
 10
95.900000
 20
667.100000
 30
0.0
  0
LINE
  5
172
100
AcDbEntity
  8
0
 62
7
100
AcDbLine
 10
147.900000
 20
622.200000
 30
0.0
 11
147.900000
 21
622.200000
 31
0.0
  0
SPLINE
  5
173
100
AcDbEntity
  8
0
 62
7
100
AcDbSpline
 70
8
 71
3
 72
8
 73
4
 74
0
 40
0
 40
0
 40
0
 40
0
 40
1
 40
1
 40
1
 40
1
 10
134.800000
 20
651.300000
 30
0.0
 10
110.500000
 20
670.800000
 30
0.0
 10
98.700000
 20
698.800000
 30
0.0
 10
83.400000
 20
724.400000
 30
0.0
  0
SPLINE
  5
174
100
AcDbEntity
  8
0
 62
7
100
AcDbSpline
 70
8
 71
3
 72
8
 73
4
 74
0
 40
0
 40
0
 40
0
 40
0
 40
1
 40
1
 40
1
 40
1
 10
83.400000
 20
724.400000
 30
0.0
 10
99.800000
 20
702.900000
 30
0.0
 10
114.200000
 20
680.000000
 30
0.0
 10
134.400000
 20
661.200000
 30
0.0
  0
LINE
  5
175
100
AcDbEntity
  8
0
 62
7
100
AcDbLine
 10
134.800000
 20
651.300000
 30
0.0
 11
134.800000
 21
651.300000
 31
0.0
  0
LINE
  5
176
100
AcDbEntity
  8
0
 62
7
100
AcDbLine
 10
162.800000
 20
434.500000
 30
0.0
 11
122.300000
 21
398.000000
 31
0.0
  0
LINE
  5
177
100
AcDbEntity
  8
0
 62
7
100
AcDbLine
 10
122.300000
 20
398.000000
 30
0.0
 11
162.400000
 21
442.900000
 31
0.0
  0
LINE
  5
178
100
AcDbEntity
  8
0
 62
7
100
AcDbLine
 10
162.800000
 20
434.500000
 30
0.0
 11
162.800000
 21
434.500000
 31
0.0
  0
LINE
  5
179
100
AcDbEntity
  8
0
 62
7
100
AcDbLine
 10
147.000000
 20
453.100000
 30
0.0
 11
100.500000
 21
429.100000
 31
0.0
  0
LINE
  5
17a
100
AcDbEntity
  8
0
 62
7
100
AcDbLine
 10
100.500000
 20
429.100000
 30
0.0
 11
141.300000
 21
456.000000
 31
0.0
  0
LINE
  5
17b
100
AcDbEntity
  8
0
 62
7
100
AcDbLine
 10
147.000000
 20
453.100000
 30
0.0
 11
147.000000
 21
453.100000
 31
0.0
  0
LINE
  5
17c
100
AcDbEntity
  8
0
 62
7
100
AcDbLine
 10
133.500000
 20
468.200000
 30
0.0
 11
86.600000
 21
460.500000
 31
0.0
  0
LINE
  5
17d
100
AcDbEntity
  8
0
 62
7
100
AcDbLine
 10
86.600000
 20
460.500000
 30
0.0
 11
135.700000
 21
474.000000
 31
0.0
  0
LINE
  5
17e
100
AcDbEntity
  8
0
 62
7
100
AcDbLine
 10
133.500000
 20
468.200000
 30
0.0
 11
133.500000
 21
468.200000
 31
0.0
  0
LINE
  5
17f
100
AcDbEntity
  8
0
 62
7
100
AcDbLine
 10
119.700000
 20
492.300000
 30
0.0
 11
69.000000
 21
493.500000
 31
0.0
  0
LINE
  5
180
100
AcDbEntity
  8
0
 62
7
100
AcDbLine
 10
69.000000
 20
493.500000
 30
0.0
 11
118.800000
 21
497.700000
 31
0.0
  0
LINE
  5
181
100
AcDbEntity
  8
0
 62
7
100
AcDbLine
 10
119.700000
 20
492.300000
 30
0.0
 11
119.700000
 21
492.300000
 31
0.0
  0
LINE
  5
182
100
AcDbEntity
  8
0
 62
7
100
AcDbLine
 10
116.200000
 20
523.400000
 30
0.0
 11
59.400000
 21
534.600000
 31
0.0
  0
LINE
  5
183
100
AcDbEntity
  8
0
 62
7
100
AcDbLine
 10
59.400000
 20
534.600000
 30
0.0
 11
110.100000
 21
529.500000
 31
0.0
  0
LINE
  5
184
100
AcDbEntity
  8
0
 62
7
100
AcDbLine
 10
116.200000
 20
523.400000
 30
0.0
 11
116.200000
 21
523.400000
 31
0.0
  0
LINE
  5
185
100
AcDbEntity
  8
0
 62
7
100
AcDbLine
 10
120.100000
 20
554.500000
 30
0.0
 11
54.000000
 21
579.500000
 31
0.0
  0
LINE
  5
186
100
AcDbEntity
  8
0
 62
7
100
AcDbLine
 10
54.000000
 20
579.500000
 30
0.0
 11
114.000000
 21
561.200000
 31
0.0
  0
LINE
  5
187
100
AcDbEntity
  8
0
 62
7
100
AcDbLine
 10
120.100000
 20
554.500000
 30
0.0
 11
120.100000
 21
554.500000
 31
0.0
  0
LINE
  5
188
100
AcDbEntity
  8
0
 62
7
100
AcDbLine
 10
118.500000
 20
585.200000
 30
0.0
 11
62.300000
 21
620.500000
 31
0.0
  0
LINE
  5
189
100
AcDbEntity
  8
0
 62
7
100
AcDbLine
 10
62.300000
 20
620.500000
 30
0.0
 11
128.400000
 21
585.600000
 31
0.0
  0
LINE
  5
18a
100
AcDbEntity
  8
0
 62
7
100
AcDbLine
 10
118.500000
 20
585.200000
 30
0.0
 11
118.500000
 21
585.200000
 31
0.0
  0
LINE
  5
18b
100
AcDbEntity
  8
0
 62
7
100
AcDbLine
 10
118.500000
 20
620.200000
 30
0.0
 11
69.700000
 21
662.800000
 31
0.0
  0
LINE
  5
18c
100
AcDbEntity
  8
0
 62
7
100
AcDbLine
 10
69.700000
 20
662.800000
 30
0.0
 11
122.700000
 21
624.300000
 31
0.0
  0
LINE
  5
18d
100
AcDbEntity
  8
0
 62
7
100
AcDbLine
 10
118.500000
 20
620.200000
 30
0.0
 11
118.500000
 21
620.200000
 31
0.0
  0
SPLINE
  5
18e
100
AcDbEntity
  8
0
 62
7
100
AcDbSpline
 70
8
 71
3
 72
8
 73
4
 74
0
 40
0
 40
0
 40
0
 40
0
 40
1
 40
1
 40
1
 40
1
 10
88.200000
 20
739.200000
 30
0.0
 10
76.600000
 20
755.900000
 30
0.0
 10
66.900000
 20
774.300000
 30
0.0
 10
62.900000
 20
786.900000
 30
0.0
  0
SPLINE
  5
18f
100
AcDbEntity
  8
0
 62
7
100
AcDbSpline
 70
8
 71
3
 72
8
 73
4
 74
0
 40
0
 40
0
 40
0
 40
0
 40
1
 40
1
 40
1
 40
1
 10
62.900000
 20
786.900000
 30
0.0
 10
47.200000
 20
743.700000
 30
0.0
 10
67.600000
 20
724.000000
 30
0.0
 10
77.400000
 20
703.500000
 30
0.0
  0
LINE
  5
190
100
AcDbEntity
  8
0
 62
7
100
AcDbLine
 10
88.200000
 20
739.200000
 30
0.0
 11
88.200000
 21
739.200000
 31
0.0
  0
SPLINE
  5
191
100
AcDbEntity
  8
0
 62
7
100
AcDbSpline
 70
8
 71
3
 72
8
 73
4
 74
0
 40
0
 40
0
 40
0
 40
0
 40
1
 40
1
 40
1
 40
1
 10
75.400000
 20
676.000000
 30
0.0
 10
59.600000
 20
690.100000
 30
0.0
 10
43.100000
 20
704.200000
 30
0.0
 10
31.400000
 20
718.300000
 30
0.0
  0
SPLINE
  5
192
100
AcDbEntity
  8
0
 62
7
100
AcDbSpline
 70
8
 71
3
 72
8
 73
4
 74
0
 40
0
 40
0
 40
0
 40
0
 40
1
 40
1
 40
1
 40
1
 10
31.400000
 20
718.300000
 30
0.0
 10
27.600000
 20
676.400000
 30
0.0
 10
44.500000
 20
666.100000
 30
0.0
 10
60.000000
 20
651.900000
 30
0.0
  0
LINE
  5
193
100
AcDbEntity
  8
0
 62
7
100
AcDbLine
 10
75.400000
 20
676.000000
 30
0.0
 11
75.400000
 21
676.000000
 31
0.0
  0
SPLINE
  5
194
100
AcDbEntity
  8
0
 62
7
100
AcDbSpline
 70
8
 71
3
 72
8
 73
4
 74
0
 40
0
 40
0
 40
0
 40
0
 40
1
 40
1
 40
1
 40
1
 10
70.000000
 20
631.100000
 30
0.0
 10
55.600000
 20
642.200000
 30
0.0
 10
38.900000
 20
647.200000
 30
0.0
 10
19.000000
 20
650.700000
 30
0.0
  0
SPLINE
  5
195
100
AcDbEntity
  8
0
 62
7
100
AcDbSpline
 70
8
 71
3
 72
8
 73
4
 74
0
 40
0
 40
0
 40
0
 40
0
 40
1
 40
1
 40
1
 40
1
 10
19.000000
 20
650.700000
 30
0.0
 10
24.500000
 20
634.400000
 30
0.0
 10
32.200000
 20
617.400000
 30
0.0
 10
55.000000
 20
605.500000
 30
0.0
  0
LINE
  5
196
100
AcDbEntity
  8
0
 62
7
100
AcDbLine
 10
70.000000
 20
631.100000
 30
0.0
 11
70.000000
 21
631.100000
 31
0.0
  0
SPLINE
  5
197
100
AcDbEntity
  8
0
 62
7
100
AcDbSpline
 70
8
 71
3
 72
8
 73
4
 74
0
 40
0
 40
0
 40
0
 40
0
 40
1
 40
1
 40
1
 40
1
 10
56.800000
 20
590.700000
 30
0.0
 10
43.300000
 20
595.400000
 30
0.0
 10
30.100000
 20
600.700000
 30
0.0
 10
13.100000
 20
598.400000
 30
0.0
  0
SPLINE
  5
198
100
AcDbEntity
  8
0
 62
7
100
AcDbSpline
 70
8
 71
3
 72
8
 73
4
 74
0
 40
0
 40
0
 40
0
 40
0
 40
1
 40
1
 40
1
 40
1
 10
13.100000
 20
598.400000
 30
0.0
 10
22.600000
 20
579.700000
 30
0.0
 10
38.700000
 20
571.600000
 30
0.0
 10
53.900000
 20
564.100000
 30
0.0
  0
LINE
  5
199
100
AcDbEntity
  8
0
 62
7
100
AcDbLine
 10
56.800000
 20
590.700000
 30
0.0
 11
56.800000
 21
590.700000
 31
0.0
  0
SPLINE
  5
19a
100
AcDbEntity
  8
0
 62
7
100
AcDbSpline
 70
8
 71
3
 72
8
 73
4
 74
0
 40
0
 40
0
 40
0
 40
0
 40
1
 40
1
 40
1
 40
1
 10
58.700000
 20
547.300000
 30
0.0
 10
41.100000
 20
551.900000
 30
0.0
 10
27.600000
 20
549.300000
 30
0.0
 10
14.800000
 20
544.800000
 30
0.0
  0
SPLINE
  5
19b
100
AcDbEntity
  8
0
 62
7
100
AcDbSpline
 70
8
 71
3
 72
8
 73
4
 74
0
 40
0
 40
0
 40
0
 40
0
 40
1
 40
1
 40
1
 40
1
 10
14.800000
 20
544.800000
 30
0.0
 10
24.700000
 20
531.900000
 30
0.0
 10
40.100000
 20
524.500000
 30
0.0
 10
57.200000
 20
518.800000
 30
0.0
  0
LINE
  5
19c
100
AcDbEntity
  8
0
 62
7
100
AcDbLine
 10
58.700000
 20
547.300000
 30
0.0
 11
58.700000
 21
547.300000
 31
0.0
  0
SPLINE
  5
19d
100
AcDbEntity
  8
0
 62
7
100
AcDbSpline
 70
8
 71
3
 72
8
 73
4
 74
0
 40
0
 40
0
 40
0
 40
0
 40
1
 40
1
 40
1
 40
1
 10
56.500000
 20
507.000000
 30
0.0
 10
45.000000
 20
506.300000
 30
0.0
 10
33.600000
 20
502.700000
 30
0.0
 10
22.200000
 20
494.800000
 30
0.0
  0
SPLINE
  5
19e
100
AcDbEntity
  8
0
 62
7
100
AcDbSpline
 70
8
 71
3
 72
8
 73
4
 74
0
 40
0
 40
0
 40
0
 40
0
 40
1
 40
1
 40
1
 40
1
 10
22.200000
 20
494.800000
 30
0.0
 10
33.900000
 20
479.400000
 30
0.0
 10
49.100000
 20
481.500000
 30
0.0
 10
64.600000
 20
481.000000
 30
0.0
  0
LINE
  5
19f
100
AcDbEntity
  8
0
 62
7
100
AcDbLine
 10
56.500000
 20
507.000000
 30
0.0
 11
56.500000
 21
507.000000
 31
0.0
  0
SPLINE
  5
1a0
100
AcDbEntity
  8
0
 62
7
100
AcDbSpline
 70
8
 71
3
 72
8
 73
4
 74
0
 40
0
 40
0
 40
0
 40
0
 40
1
 40
1
 40
1
 40
1
 10
64.900000
 20
469.500000
 30
0.0
 10
51.200000
 20
464.900000
 30
0.0
 10
39.300000
 20
459.600000
 30
0.0
 10
36.700000
 20
449.900000
 30
0.0
  0
SPLINE
  5
1a1
100
AcDbEntity
  8
0
 62
7
100
AcDbSpline
 70
8
 71
3
 72
8
 73
4
 74
0
 40
0
 40
0
 40
0
 40
0
 40
1
 40
1
 40
1
 40
1
 10
36.700000
 20
449.900000
 30
0.0
 10
45.200000
 20
446.700000
 30
0.0
 10
47.900000
 20
442.900000
 30
0.0
 10
75.800000
 20
446.200000
 30
0.0
  0
LINE
  5
1a2
100
AcDbEntity
  8
0
 62
7
100
AcDbLine
 10
64.900000
 20
469.500000
 30
0.0
 11
64.900000
 21
469.500000
 31
0.0
  0
SPLINE
  5
1a3
100
AcDbEntity
  8
0
 62
7
100
AcDbSpline
 70
8
 71
3
 72
8
 73
4
 74
0
 40
0
 40
0
 40
0
 40
0
 40
1
 40
1
 40
1
 40
1
 10
72.200000
 20
427.200000
 30
0.0
 10
61.400000
 20
421.200000
 30
0.0
 10
59.900000
 20
420.400000
 30
0.0
 10
60.000000
 20
406.000000
 30
0.0
  0
SPLINE
  5
1a4
100
AcDbEntity
  8
0
 62
7
100
AcDbSpline
 70
8
 71
3
 72
8
 73
4
 74
0
 40
0
 40
0
 40
0
 40
0
 40
1
 40
1
 40
1
 40
1
 10
60.000000
 20
406.000000
 30
0.0
 10
69.000000
 20
403.200000
 30
0.0
 10
73.900000
 20
402.100000
 30
0.0
 10
84.900000
 20
406.700000
 30
0.0
  0
LINE
  5
1a5
100
AcDbEntity
  8
0
 62
7
100
AcDbLine
 10
72.200000
 20
427.200000
 30
0.0
 11
72.200000
 21
427.200000
 31
0.0
  0
SPLINE
  5
1a6
100
AcDbEntity
  8
0
 62
7
100
AcDbSpline
 70
8
 71
3
 72
8
 73
4
 74
0
 40
0
 40
0
 40
0
 40
0
 40
1
 40
1
 40
1
 40
1
 10
99.900000
 20
395.700000
 30
0.0
 10
84.100000
 20
384.500000
 30
0.0
 10
90.300000
 20
377.900000
 30
0.0
 10
89.500000
 20
370.700000
 30
0.0
  0
SPLINE
  5
1a7
100
AcDbEntity
  8
0
 62
7
100
AcDbSpline
 70
8
 71
3
 72
8
 73
4
 74
0
 40
0
 40
0
 40
0
 40
0
 40
1
 40
1
 40
1
 40
1
 10
89.500000
 20
370.700000
 30
0.0
 10
102.300000
 20
371.400000
 30
0.0
 10
106.900000
 20
364.500000
 30
0.0
 10
117.200000
 20
378.300000
 30
0.0
  0
LINE
  5
1a8
100
AcDbEntity
  8
0
 62
7
100
AcDbLine
 10
99.900000
 20
395.700000
 30
0.0
 11
99.900000
 21
395.700000
 31
0.0
  0
LINE
  5
1a9
100
AcDbEntity
  8
0
 62
7
100
AcDbLine
 10
123.300000
 20
425.200000
 30
0.0
 11
160.500000
 21
452.500000
 31
0.0
  0
LINE
  5
1aa
100
AcDbEntity
  8
0
 62
7
100
AcDbLine
 10
123.300000
 20
425.200000
 30
0.0
 11
123.300000
 21
425.200000
 31
0.0
  0
LINE
  5
1ab
100
AcDbEntity
  8
0
 62
7
100
AcDbLine
 10
88.000000
 20
442.600000
 30
0.0
 11
133.600000
 21
459.900000
 31
0.0
  0
LINE
  5
1ac
100
AcDbEntity
  8
0
 62
7
100
AcDbLine
 10
88.000000
 20
442.600000
 30
0.0
 11
88.000000
 21
442.600000
 31
0.0
  0
LINE
  5
1ad
100
AcDbEntity
  8
0
 62
7
100
AcDbLine
 10
55.900000
 20
473.700000
 30
0.0
 11
136.500000
 21
483.300000
 31
0.0
  0
LINE
  5
1ae
100
AcDbEntity
  8
0
 62
7
100
AcDbLine
 10
55.900000
 20
473.700000
 30
0.0
 11
55.900000
 21
473.700000
 31
0.0
  0
LINE
  5
1af
100
AcDbEntity
  8
0
 62
7
100
AcDbLine
 10
50.000000
 20
513.400000
 30
0.0
 11
130.600000
 21
511.600000
 31
0.0
  0
LINE
  5
1b0
100
AcDbEntity
  8
0
 62
7
100
AcDbLine
 10
50.000000
 20
513.400000
 30
0.0
 11
50.000000
 21
513.400000
 31
0.0
  0
LINE
  5
1b1
100
AcDbEntity
  8
0
 62
7
100
AcDbLine
 10
49.300000
 20
558.300000
 30
0.0
 11
116.000000
 21
542.400000
 31
0.0
  0
LINE
  5
1b2
100
AcDbEntity
  8
0
 62
7
100
AcDbLine
 10
49.300000
 20
558.300000
 30
0.0
 11
49.300000
 21
558.300000
 31
0.0
  0
LINE
  5
1b3
100
AcDbEntity
  8
0
 62
7
100
AcDbLine
 10
55.000000
 20
648.800000
 30
0.0
 11
121.300000
 21
606.600000
 31
0.0
  0
LINE
  5
1b4
100
AcDbEntity
  8
0
 62
7
100
AcDbLine
 10
55.000000
 20
648.800000
 30
0.0
 11
55.000000
 21
648.800000
 31
0.0
  0
LINE
  5
1b5
100
AcDbEntity
  8
0
 62
7
100
AcDbLine
 10
43.400000
 20
604.800000
 30
0.0
 11
108.300000
 21
577.400000
 31
0.0
  0
LINE
  5
1b6
100
AcDbEntity
  8
0
 62
7
100
AcDbLine
 10
43.400000
 20
604.800000
 30
0.0
 11
43.400000
 21
604.800000
 31
0.0
  0
LINE
  5
1b7
100
AcDbEntity
  8
0
 62
7
100
AcDbLine
 10
200.600000
 20
420.800000
 30
0.0
 11
158.700000
 21
347.700000
 31
0.0
  0
SPLINE
  5
1b8
100
AcDbEntity
  8
0
 62
7
100
AcDbSpline
 70
8
 71
3
 72
8
 73
4
 74
0
 40
0
 40
0
 40
0
 40
0
 40
1
 40
1
 40
1
 40
1
 10
158.700000
 20
347.700000
 30
0.0
 10
155.000000
 20
340.300000
 30
0.0
 10
143.200000
 20
341.100000
 30
0.0
 10
132.600000
 20
340.700000
 30
0.0
  0
SPLINE
  5
1b9
100
AcDbEntity
  8
0
 62
7
100
AcDbSpline
 70
8
 71
3
 72
8
 73
4
 74
0
 40
0
 40
0
 40
0
 40
0
 40
1
 40
1
 40
1
 40
1
 10
132.600000
 20
340.700000
 30
0.0
 10
124.600000
 20
350.500000
 30
0.0
 10
123.200000
 20
360.300000
 30
0.0
 10
127.300000
 20
370.100000
 30
0.0
  0
LINE
  5
1ba
100
AcDbEntity
  8
0
 62
7
100
AcDbLine
 10
127.300000
 20
370.100000
 30
0.0
 11
176.600000
 21
438.200000
 31
0.0
  0
LINE
  5
1bb
100
AcDbEntity
  8
0
 62
7
100
AcDbLine
 10
176.600000
 20
438.200000
 30
0.0
 11
200.600000
 21
420.800000
 31
0.0
  0
LINE
  5
1bc
100
AcDbEntity
  8
0
 62
7
100
AcDbLine
 10
187.800000
 20
419.500000
 30
0.0
 11
155.700000
 21
375.900000
 31
0.0
  0
LINE
  5
1bd
100
AcDbEntity
  8
0
 62
7
100
AcDbLine
 10
155.700000
 20
375.900000
 30
0.0
 11
186.800000
 21
428.500000
 31
0.0
  0
LINE
  5
1be
100
AcDbEntity
  8
0
 62
7
100
AcDbLine
 10
187.800000
 20
419.500000
 30
0.0
 11
187.800000
 21
419.500000
 31
0.0
  0
SPLINE
  5
1bf
100
AcDbEntity
  8
0
 62
7
100
AcDbSpline
 70
8
 71
3
 72
8
 73
4
 74
0
 40
0
 40
0
 40
0
 40
0
 40
1
 40
1
 40
1
 40
1
 10
134.500000
 20
369.100000
 30
0.0
 10
127.500000
 20
357.900000
 30
0.0
 10
130.500000
 20
354.800000
 30
0.0
 10
136.400000
 20
345.700000
 30
0.0
  0
SPLINE
  5
1c0
100
AcDbEntity
  8
0
 62
7
100
AcDbSpline
 70
8
 71
3
 72
8
 73
4
 74
0
 40
0
 40
0
 40
0
 40
0
 40
1
 40
1
 40
1
 40
1
 10
136.400000
 20
345.700000
 30
0.0
 10
148.100000
 20
348.700000
 30
0.0
 10
149.900000
 20
342.000000
 30
0.0
 10
157.600000
 20
357.600000
 30
0.0
  0
LINE
  5
1c1
100
AcDbEntity
  8
0
 62
7
100
AcDbLine
 10
134.500000
 20
369.100000
 30
0.0
 11
134.500000
 21
369.100000
 31
0.0
  0
LINE
  5
1c2
100
AcDbEntity
  8
0
 62
7
100
AcDbLine
 10
229.500000
 20
407.300000
 30
0.0
 11
205.800000
 21
337.600000
 31
0.0
  0
SPLINE
  5
1c3
100
AcDbEntity
  8
0
 62
7
100
AcDbSpline
 70
8
 71
3
 72
8
 73
4
 74
0
 40
0
 40
0
 40
0
 40
0
 40
1
 40
1
 40
1
 40
1
 10
205.800000
 20
337.600000
 30
0.0
 10
197.600000
 20
326.500000
 30
0.0
 10
189.500000
 20
329.200000
 30
0.0
 10
181.300000
 20
325.600000
 30
0.0
  0
SPLINE
  5
1c4
100
AcDbEntity
  8
0
 62
7
100
AcDbSpline
 70
8
 71
3
 72
8
 73
4
 74
0
 40
0
 40
0
 40
0
 40
0
 40
1
 40
1
 40
1
 40
1
 10
181.300000
 20
325.600000
 30
0.0
 10
170.400000
 20
335.800000
 30
0.0
 10
166.900000
 20
346.800000
 30
0.0
 10
168.100000
 20
350.300000
 30
0.0
  0
LINE
  5
1c5
100
AcDbEntity
  8
0
 62
7
100
AcDbLine
 10
168.100000
 20
350.300000
 30
0.0
 11
201.800000
 21
420.500000
 31
0.0
  0
LINE
  5
1c6
100
AcDbEntity
  8
0
 62
7
100
AcDbLine
 10
201.800000
 20
420.500000
 30
0.0
 11
229.500000
 21
407.300000
 31
0.0
  0
LINE
  5
1c7
100
AcDbEntity
  8
0
 62
7
100
AcDbLine
 10
216.700000
 20
405.000000
 30
0.0
 11
193.600000
 21
359.800000
 31
0.0
  0
LINE
  5
1c8
100
AcDbEntity
  8
0
 62
7
100
AcDbLine
 10
193.600000
 20
359.800000
 30
0.0
 11
210.300000
 21
408.900000
 31
0.0
  0
LINE
  5
1c9
100
AcDbEntity
  8
0
 62
7
100
AcDbLine
 10
216.700000
 20
405.000000
 30
0.0
 11
216.700000
 21
405.000000
 31
0.0
  0
SPLINE
  5
1ca
100
AcDbEntity
  8
0
 62
7
100
AcDbSpline
 70
8
 71
3
 72
8
 73
4
 74
0
 40
0
 40
0
 40
0
 40
0
 40
1
 40
1
 40
1
 40
1
 10
176.600000
 20
353.700000
 30
0.0
 10
173.300000
 20
348.800000
 30
0.0
 10
174.800000
 20
341.600000
 30
0.0
 10
182.700000
 20
331.600000
 30
0.0
  0
SPLINE
  5
1cb
100
AcDbEntity
  8
0
 62
7
100
AcDbSpline
 70
8
 71
3
 72
8
 73
4
 74
0
 40
0
 40
0
 40
0
 40
0
 40
1
 40
1
 40
1
 40
1
 10
182.700000
 20
331.600000
 30
0.0
 10
189.800000
 20
335.400000
 30
0.0
 10
200.800000
 20
334.300000
 30
0.0
 10
201.600000
 20
346.700000
 30
0.0
  0
LINE
  5
1cc
100
AcDbEntity
  8
0
 62
7
100
AcDbLine
 10
176.600000
 20
353.700000
 30
0.0
 11
176.600000
 21
353.700000
 31
0.0
  0
LINE
  5
1cd
100
AcDbEntity
  8
0
 62
7
100
AcDbLine
 10
228.600000
 20
406.300000
 30
0.0
 11
219.900000
 21
348.300000
 31
0.0
  0
SPLINE
  5
1ce
100
AcDbEntity
  8
0
 62
7
100
AcDbSpline
 70
8
 71
3
 72
8
 73
4
 74
0
 40
0
 40
0
 40
0
 40
0
 40
1
 40
1
 40
1
 40
1
 10
219.900000
 20
348.300000
 30
0.0
 10
220.600000
 20
342.000000
 30
0.0
 10
230.300000
 20
337.000000
 30
0.0
 10
239.200000
 20
331.900000
 30
0.0
  0
SPLINE
  5
1cf
100
AcDbEntity
  8
0
 62
7
100
AcDbSpline
 70
8
 71
3
 72
8
 73
4
 74
0
 40
0
 40
0
 40
0
 40
0
 40
1
 40
1
 40
1
 40
1
 10
239.200000
 20
331.900000
 30
0.0
 10
245.700000
 20
335.900000
 30
0.0
 10
254.000000
 20
335.600000
 30
0.0
 10
258.400000
 20
345.100000
 30
0.0
  0
LINE
  5
1d0
100
AcDbEntity
  8
0
 62
7
100
AcDbLine
 10
258.400000
 20
345.100000
 30
0.0
 11
262.000000
 21
403.800000
 31
0.0
  0
LINE
  5
1d1
100
AcDbEntity
  8
0
 62
7
100
AcDbLine
 10
262.000000
 20
403.800000
 30
0.0
 11
228.600000
 21
406.300000
 31
0.0
  0
SPLINE
  5
1d2
100
AcDbEntity
  8
0
 62
7
100
AcDbSpline
 70
8
 71
3
 72
8
 73
4
 74
0
 40
0
 40
0
 40
0
 40
0
 40
1
 40
1
 40
1
 40
1
 10
254.000000
 20
356.400000
 30
0.0
 10
253.400000
 20
339.800000
 30
0.0
 10
245.800000
 20
343.600000
 30
0.0
 10
239.900000
 20
338.600000
 30
0.0
  0
SPLINE
  5
1d3
100
AcDbEntity
  8
0
 62
7
100
AcDbSpline
 70
8
 71
3
 72
8
 73
4
 74
0
 40
0
 40
0
 40
0
 40
0
 40
1
 40
1
 40
1
 40
1
 10
239.900000
 20
338.600000
 30
0.0
 10
232.500000
 20
345.100000
 30
0.0
 10
222.700000
 20
343.100000
 30
0.0
 10
225.900000
 20
357.500000
 30
0.0
  0
LINE
  5
1d4
100
AcDbEntity
  8
0
 62
7
100
AcDbLine
 10
254.000000
 20
356.400000
 30
0.0
 11
254.000000
 21
356.400000
 31
0.0
  0
LINE
  5
1d5
100
AcDbEntity
  8
0
 62
7
100
AcDbLine
 10
249.500000
 20
399.400000
 30
0.0
 11
242.600000
 21
361.700000
 31
0.0
  0
LINE
  5
1d6
100
AcDbEntity
  8
0
 62
7
100
AcDbLine
 10
242.600000
 20
361.700000
 30
0.0
 11
242.100000
 21
399.000000
 31
0.0
  0
LINE
  5
1d7
100
AcDbEntity
  8
0
 62
7
100
AcDbLine
 10
249.500000
 20
399.400000
 30
0.0
 11
249.500000
 21
399.400000
 31
0.0
  0
SPLINE
  5
1d8
100
AcDbEntity
  8
0
 62
7
100
AcDbSpline
 70
8
 71
3
 72
8
 73
4
 74
0
 40
0
 40
0
 40
0
 40
0
 40
1
 40
1
 40
1
 40
1
 10
186.500000
 20
631.100000
 30
0.0
 10
165.200000
 20
648.300000
 30
0.0
 10
149.700000
 20
666.700000
 30
0.0
 10
144.100000
 20
687.500000
 30
0.0
  0
SPLINE
  5
1d9
100
AcDbEntity
  8
0
 62
7
100
AcDbSpline
 70
8
 71
3
 72
8
 73
4
 74
0
 40
0
 40
0
 40
0
 40
0
 40
1
 40
1
 40
1
 40
1
 10
144.100000
 20
687.500000
 30
0.0
 10
127.300000
 20
663.300000
 30
0.0
 10
135.500000
 20
639.200000
 30
0.0
 10
153.700000
 20
615.000000
 30
0.0
  0
SPLINE
  5
1da
100
AcDbEntity
  8
0
 62
7
100
AcDbSpline
 70
8
 71
3
 72
8
 73
4
 74
0
 40
0
 40
0
 40
0
 40
0
 40
1
 40
1
 40
1
 40
1
 10
153.700000
 20
615.000000
 30
0.0
 10
142.200000
 20
622.300000
 30
0.0
 10
130.500000
 20
625.700000
 30
0.0
 10
118.400000
 20
623.300000
 30
0.0
  0
SPLINE
  5
1db
100
AcDbEntity
  8
0
 62
7
100
AcDbSpline
 70
8
 71
3
 72
8
 73
4
 74
0
 40
0
 40
0
 40
0
 40
0
 40
1
 40
1
 40
1
 40
1
 10
118.400000
 20
623.300000
 30
0.0
 10
118.200000
 20
604.600000
 30
0.0
 10
130.300000
 20
596.400000
 30
0.0
 10
137.700000
 20
584.200000
 30
0.0
  0
SPLINE
  5
1dc
100
AcDbEntity
  8
0
 62
7
100
AcDbSpline
 70
8
 71
3
 72
8
 73
4
 74
0
 40
0
 40
0
 40
0
 40
0
 40
1
 40
1
 40
1
 40
1
 10
137.700000
 20
584.200000
 30
0.0
 10
127.000000
 20
586.200000
 30
0.0
 10
116.300000
 20
588.100000
 30
0.0
 10
106.200000
 20
576.500000
 30
0.0
  0
SPLINE
  5
1dd
100
AcDbEntity
  8
0
 62
7
100
AcDbSpline
 70
8
 71
3
 72
8
 73
4
 74
0
 40
0
 40
0
 40
0
 40
0
 40
1
 40
1
 40
1
 40
1
 10
106.200000
 20
576.500000
 30
0.0
 10
107.900000
 20
568.500000
 30
0.0
 10
117.700000
 20
553.300000
 30
0.0
 10
131.900000
 20
548.300000
 30
0.0
  0
SPLINE
  5
1de
100
AcDbEntity
  8
0
 62
7
100
AcDbSpline
 70
8
 71
3
 72
8
 73
4
 74
0
 40
0
 40
0
 40
0
 40
0
 40
1
 40
1
 40
1
 40
1
 10
131.900000
 20
548.300000
 30
0.0
 10
123.800000
 20
547.700000
 30
0.0
 10
115.600000
 20
544.300000
 30
0.0
 10
107.500000
 20
532.900000
 30
0.0
  0
SPLINE
  5
1df
100
AcDbEntity
  8
0
 62
7
100
AcDbSpline
 70
8
 71
3
 72
8
 73
4
 74
0
 40
0
 40
0
 40
0
 40
0
 40
1
 40
1
 40
1
 40
1
 10
107.500000
 20
532.900000
 30
0.0
 10
115.700000
 20
523.100000
 30
0.0
 10
124.500000
 20
516.200000
 30
0.0
 10
134.500000
 20
514.300000
 30
0.0
  0
SPLINE
  5
1e0
100
AcDbEntity
  8
0
 62
7
100
AcDbSpline
 70
8
 71
3
 72
8
 73
4
 74
0
 40
0
 40
0
 40
0
 40
0
 40
1
 40
1
 40
1
 40
1
 10
134.500000
 20
514.300000
 30
0.0
 10
128.400000
 20
510.600000
 30
0.0
 10
122.100000
 20
508.700000
 30
0.0
 10
117.200000
 20
495.700000
 30
0.0
  0
SPLINE
  5
1e1
100
AcDbEntity
  8
0
 62
7
100
AcDbSpline
 70
8
 71
3
 72
8
 73
4
 74
0
 40
0
 40
0
 40
0
 40
0
 40
1
 40
1
 40
1
 40
1
 10
117.200000
 20
495.700000
 30
0.0
 10
123.600000
 20
487.800000
 30
0.0
 10
131.600000
 20
483.900000
 30
0.0
 10
141.600000
 20
482.100000
 30
0.0
  0
SPLINE
  5
1e2
100
AcDbEntity
  8
0
 62
7
100
AcDbSpline
 70
8
 71
3
 72
8
 73
4
 74
0
 40
0
 40
0
 40
0
 40
0
 40
1
 40
1
 40
1
 40
1
 10
141.600000
 20
482.100000
 30
0.0
 10
137.900000
 20
476.600000
 30
0.0
 10
133.000000
 20
473.800000
 30
0.0
 10
133.300000
 20
459.800000
 30
0.0
  0
SPLINE
  5
1e3
100
AcDbEntity
  8
0
 62
7
100
AcDbSpline
 70
8
 71
3
 72
8
 73
4
 74
0
 40
0
 40
0
 40
0
 40
0
 40
1
 40
1
 40
1
 40
1
 10
133.300000
 20
459.800000
 30
0.0
 10
147.800000
 20
451.400000
 30
0.0
 10
155.400000
 20
454.500000
 30
0.0
 10
162.200000
 20
454.700000
 30
0.0
  0
SPLINE
  5
1e4
100
AcDbEntity
  8
0
 62
7
100
AcDbSpline
 70
8
 71
3
 72
8
 73
4
 74
0
 40
0
 40
0
 40
0
 40
0
 40
1
 40
1
 40
1
 40
1
 10
162.200000
 20
454.700000
 30
0.0
 10
159.600000
 20
446.700000
 30
0.0
 10
159.100000
 20
437.400000
 30
0.0
 10
163.100000
 20
425.200000
 30
0.0
  0
SPLINE
  5
1e5
100
AcDbEntity
  8
0
 62
7
100
AcDbSpline
 70
8
 71
3
 72
8
 73
4
 74
0
 40
0
 40
0
 40
0
 40
0
 40
1
 40
1
 40
1
 40
1
 10
163.100000
 20
425.200000
 30
0.0
 10
172.200000
 20
425.600000
 30
0.0
 10
182.300000
 20
424.600000
 30
0.0
 10
188.600000
 20
429.600000
 30
0.0
  0
SPLINE
  5
1e6
100
AcDbEntity
  8
0
 62
7
100
AcDbSpline
 70
8
 71
3
 72
8
 73
4
 74
0
 40
0
 40
0
 40
0
 40
0
 40
1
 40
1
 40
1
 40
1
 10
188.600000
 20
429.600000
 30
0.0
 10
185.700000
 20
421.000000
 30
0.0
 10
190.400000
 20
414.000000
 30
0.0
 10
193.100000
 20
406.500000
 30
0.0
  0
SPLINE
  5
1e7
100
AcDbEntity
  8
0
 62
7
100
AcDbSpline
 70
8
 71
3
 72
8
 73
4
 74
0
 40
0
 40
0
 40
0
 40
0
 40
1
 40
1
 40
1
 40
1
 10
193.100000
 20
406.500000
 30
0.0
 10
203.400000
 20
406.500000
 30
0.0
 10
212.100000
 20
407.400000
 30
0.0
 10
217.000000
 20
413.400000
 30
0.0
  0
SPLINE
  5
1e8
100
AcDbEntity
  8
0
 62
7
100
AcDbSpline
 70
8
 71
3
 72
8
 73
4
 74
0
 40
0
 40
0
 40
0
 40
0
 40
1
 40
1
 40
1
 40
1
 10
217.000000
 20
413.400000
 30
0.0
 10
215.600000
 20
406.100000
 30
0.0
 10
221.400000
 20
398.400000
 30
0.0
 10
227.100000
 20
391.100000
 30
0.0
  0
SPLINE
  5
1e9
100
AcDbEntity
  8
0
 62
7
100
AcDbSpline
 70
8
 71
3
 72
8
 73
4
 74
0
 40
0
 40
0
 40
0
 40
0
 40
1
 40
1
 40
1
 40
1
 10
227.100000
 20
391.100000
 30
0.0
 10
236.000000
 20
393.200000
 30
0.0
 10
245.900000
 20
394.200000
 30
0.0
 10
249.600000
 20
402.000000
 30
0.0
  0
SPLINE
  5
1ea
100
AcDbEntity
  8
0
 62
7
100
AcDbSpline
 70
8
 71
3
 72
8
 73
4
 74
0
 40
0
 40
0
 40
0
 40
0
 40
1
 40
1
 40
1
 40
1
 10
249.600000
 20
402.000000
 30
0.0
 10
251.600000
 20
394.300000
 30
0.0
 10
259.700000
 20
390.200000
 30
0.0
 10
267.600000
 20
386.000000
 30
0.0
  0
SPLINE
  5
1eb
100
AcDbEntity
  8
0
 62
7
100
AcDbSpline
 70
8
 71
3
 72
8
 73
4
 74
0
 40
0
 40
0
 40
0
 40
0
 40
1
 40
1
 40
1
 40
1
 10
267.600000
 20
386.000000
 30
0.0
 10
276.100000
 20
388.700000
 30
0.0
 10
283.900000
 20
393.600000
 30
0.0
 10
285.800000
 20
400.400000
 30
0.0
  0
SPLINE
  5
1ec
100
AcDbEntity
  8
0
 62
7
100
AcDbSpline
 70
8
 71
3
 72
8
 73
4
 74
0
 40
0
 40
0
 40
0
 40
0
 40
1
 40
1
 40
1
 40
1
 10
285.800000
 20
400.400000
 30
0.0
 10
289.100000
 20
393.900000
 30
0.0
 10
295.600000
 20
388.800000
 30
0.0
 10
306.100000
 20
385.300000
 30
0.0
  0
SPLINE
  5
1ed
100
AcDbEntity
  8
0
 62
7
100
AcDbSpline
 70
8
 71
3
 72
8
 73
4
 74
0
 40
0
 40
0
 40
0
 40
0
 40
1
 40
1
 40
1
 40
1
 10
306.100000
 20
385.300000
 30
0.0
 10
311.700000
 20
390.000000
 30
0.0
 10
320.100000
 20
395.500000
 30
0.0
 10
319.700000
 20
402.300000
 30
0.0
  0
LINE
  5
1ee
100
AcDbEntity
  8
0
 62
7
100
AcDbLine
 10
319.700000
 20
402.300000
 30
0.0
 11
304.000000
 21
454.700000
 31
0.0
  0
LINE
  5
1ef
100
AcDbEntity
  8
0
 62
7
100
AcDbLine
 10
304.000000
 20
454.700000
 30
0.0
 11
231.000000
 21
485.300000
 31
0.0
  0
LINE
  5
1f0
100
AcDbEntity
  8
0
 62
7
100
AcDbLine
 10
231.000000
 20
485.300000
 30
0.0
 11
218.200000
 21
530.100000
 31
0.0
  0
LINE
  5
1f1
100
AcDbEntity
  8
0
 62
7
100
AcDbLine
 10
218.200000
 20
530.100000
 30
0.0
 11
231.100000
 21
581.200000
 31
0.0
  0
LINE
  5
1f2
100
AcDbEntity
  8
0
 62
7
100
AcDbLine
 10
231.100000
 20
581.200000
 30
0.0
 11
186.500000
 21
631.100000
 31
0.0
  0
LINE
  5
1f3
100
AcDbEntity
  8
0
 62
7
100
AcDbLine
 10
285.200000
 20
400.300000
 30
0.0
 11
282.900000
 21
444.700000
 31
0.0
  0
LINE
  5
1f4
100
AcDbEntity
  8
0
 62
7
100
AcDbLine
 10
285.200000
 20
400.300000
 30
0.0
 11
285.200000
 21
400.300000
 31
0.0
  0
LINE
  5
1f5
100
AcDbEntity
  8
0
 62
7
100
AcDbLine
 10
249.500000
 20
401.400000
 30
0.0
 11
255.400000
 21
442.700000
 31
0.0
  0
LINE
  5
1f6
100
AcDbEntity
  8
0
 62
7
100
AcDbLine
 10
249.500000
 20
401.400000
 30
0.0
 11
249.500000
 21
401.400000
 31
0.0
  0
LINE
  5
1f7
100
AcDbEntity
  8
0
 62
7
100
AcDbLine
 10
216.400000
 20
413.700000
 30
0.0
 11
233.200000
 21
450.000000
 31
0.0
  0
LINE
  5
1f8
100
AcDbEntity
  8
0
 62
7
100
AcDbLine
 10
216.400000
 20
413.700000
 30
0.0
 11
216.400000
 21
413.700000
 31
0.0
  0
LINE
  5
1f9
100
AcDbEntity
  8
0
 62
7
100
AcDbLine
 10
187.600000
 20
428.600000
 30
0.0
 11
214.400000
 21
464.600000
 31
0.0
  0
LINE
  5
1fa
100
AcDbEntity
  8
0
 62
7
100
AcDbLine
 10
187.600000
 20
428.600000
 30
0.0
 11
187.600000
 21
428.600000
 31
0.0
  0
LINE
  5
1fb
100
AcDbEntity
  8
0
 62
7
100
AcDbLine
 10
162.400000
 20
454.700000
 30
0.0
 11
192.100000
 21
474.400000
 31
0.0
  0
LINE
  5
1fc
100
AcDbEntity
  8
0
 62
7
100
AcDbLine
 10
162.400000
 20
454.700000
 30
0.0
 11
162.400000
 21
454.700000
 31
0.0
  0
LINE
  5
1fd
100
AcDbEntity
  8
0
 62
7
100
AcDbLine
 10
140.600000
 20
482.100000
 30
0.0
 11
187.100000
 21
491.600000
 31
0.0
  0
LINE
  5
1fe
100
AcDbEntity
  8
0
 62
7
100
AcDbLine
 10
140.600000
 20
482.100000
 30
0.0
 11
140.600000
 21
482.100000
 31
0.0
  0
LINE
  5
1ff
100
AcDbEntity
  8
0
 62
7
100
AcDbLine
 10
134.500000
 20
514.600000
 30
0.0
 11
178.800000
 21
515.500000
 31
0.0
  0
LINE
  5
200
100
AcDbEntity
  8
0
 62
7
100
AcDbLine
 10
134.500000
 20
514.600000
 30
0.0
 11
134.500000
 21
514.600000
 31
0.0
  0
LINE
  5
201
100
AcDbEntity
  8
0
 62
7
100
AcDbLine
 10
131.100000
 20
548.500000
 30
0.0
 11
190.100000
 21
538.600000
 31
0.0
  0
LINE
  5
202
100
AcDbEntity
  8
0
 62
7
100
AcDbLine
 10
131.100000
 20
548.500000
 30
0.0
 11
131.100000
 21
548.500000
 31
0.0
  0
LINE
  5
203
100
AcDbEntity
  8
0
 62
7
100
AcDbLine
 10
138.100000
 20
583.900000
 30
0.0
 11
176.200000
 21
566.200000
 31
0.0
  0
LINE
  5
204
100
AcDbEntity
  8
0
 62
7
100
AcDbLine
 10
138.100000
 20
583.900000
 30
0.0
 11
138.100000
 21
583.900000
 31
0.0
  0
LINE
  5
205
100
AcDbEntity
  8
0
 62
7
100
AcDbLine
 10
153.100000
 20
615.900000
 30
0.0
 11
191.000000
 21
587.100000
 31
0.0
  0
LINE
  5
206
100
AcDbEntity
  8
0
 62
7
100
AcDbLine
 10
153.100000
 20
615.900000
 30
0.0
 11
153.100000
 21
615.900000
 31
0.0
  0
LINE
  5
207
100
AcDbEntity
  8
0
 62
7
100
AcDbLine
 10
298.100000
 20
442.700000
 30
0.0
 11
300.800000
 21
414.800000
 31
0.0
  0
LINE
  5
208
100
AcDbEntity
  8
0
 62
7
100
AcDbLine
 10
300.800000
 20
414.800000
 30
0.0
 11
291.700000
 21
442.000000
 31
0.0
  0
LINE
  5
209
100
AcDbEntity
  8
0
 62
7
100
AcDbLine
 10
298.100000
 20
442.700000
 30
0.0
 11
298.100000
 21
442.700000
 31
0.0
  0
SPLINE
  5
20a
100
AcDbEntity
  8
0
 62
7
100
AcDbSpline
 70
8
 71
3
 72
8
 73
4
 74
0
 40
0
 40
0
 40
0
 40
0
 40
1
 40
1
 40
1
 40
1
 10
313.300000
 20
410.300000
 30
0.0
 10
314.800000
 20
403.800000
 30
0.0
 10
312.300000
 20
401.200000
 30
0.0
 10
304.900000
 20
394.200000
 30
0.0
  0
SPLINE
  5
20b
100
AcDbEntity
  8
0
 62
7
100
AcDbSpline
 70
8
 71
3
 72
8
 73
4
 74
0
 40
0
 40
0
 40
0
 40
0
 40
1
 40
1
 40
1
 40
1
 10
304.900000
 20
394.200000
 30
0.0
 10
299.100000
 20
397.800000
 30
0.0
 10
290.700000
 20
398.100000
 30
0.0
 10
289.600000
 20
406.200000
 30
0.0
  0
LINE
  5
20c
100
AcDbEntity
  8
0
 62
7
100
AcDbLine
 10
313.300000
 20
410.300000
 30
0.0
 11
313.300000
 21
410.300000
 31
0.0
  0
LINE
  5
20d
100
AcDbEntity
  8
0
 62
7
100
AcDbLine
 10
272.500000
 20
446.500000
 30
0.0
 11
268.900000
 21
415.200000
 31
0.0
  0
LINE
  5
20e
100
AcDbEntity
  8
0
 62
7
100
AcDbLine
 10
268.900000
 20
415.200000
 30
0.0
 11
266.200000
 21
443.300000
 31
0.0
  0
LINE
  5
20f
100
AcDbEntity
  8
0
 62
7
100
AcDbLine
 10
272.500000
 20
446.500000
 30
0.0
 11
272.500000
 21
446.500000
 31
0.0
  0
LINE
  5
210
100
AcDbEntity
  8
0
 62
7
100
AcDbLine
 10
247.500000
 20
447.000000
 30
0.0
 11
237.500000
 21
422.500000
 31
0.0
  0
LINE
  5
211
100
AcDbEntity
  8
0
 62
7
100
AcDbLine
 10
237.500000
 20
422.500000
 30
0.0
 11
243.900000
 21
452.900000
 31
0.0
  0
LINE
  5
212
100
AcDbEntity
  8
0
 62
7
100
AcDbLine
 10
247.500000
 20
447.000000
 30
0.0
 11
247.500000
 21
447.000000
 31
0.0
  0
LINE
  5
213
100
AcDbEntity
  8
0
 62
7
100
AcDbLine
 10
222.100000
 20
451.500000
 30
0.0
 11
208.500000
 21
429.300000
 31
0.0
  0
LINE
  5
214
100
AcDbEntity
  8
0
 62
7
100
AcDbLine
 10
208.500000
 20
429.300000
 30
0.0
 11
218.900000
 21
453.800000
 31
0.0
  0
LINE
  5
215
100
AcDbEntity
  8
0
 62
7
100
AcDbLine
 10
222.100000
 20
451.500000
 30
0.0
 11
222.100000
 21
451.500000
 31
0.0
  0
SPLINE
  5
216
100
AcDbEntity
  8
0
 62
7
100
AcDbSpline
 70
8
 71
3
 72
8
 73
4
 74
0
 40
0
 40
0
 40
0
 40
0
 40
1
 40
1
 40
1
 40
1
 10
279.000000
 20
405.600000
 30
0.0
 10
280.500000
 20
398.400000
 30
0.0
 10
272.700000
 20
396.500000
 30
0.0
 10
267.900000
 20
392.800000
 30
0.0
  0
SPLINE
  5
217
100
AcDbEntity
  8
0
 62
7
100
AcDbSpline
 70
8
 71
3
 72
8
 73
4
 74
0
 40
0
 40
0
 40
0
 40
0
 40
1
 40
1
 40
1
 40
1
 10
267.900000
 20
392.800000
 30
0.0
 10
263.400000
 20
396.700000
 30
0.0
 10
254.900000
 20
399.800000
 30
0.0
 10
255.500000
 20
405.300000
 30
0.0
  0
LINE
  5
218
100
AcDbEntity
  8
0
 62
7
100
AcDbLine
 10
279.000000
 20
405.600000
 30
0.0
 11
279.000000
 21
405.600000
 31
0.0
  0
SPLINE
  5
219
100
AcDbEntity
  8
0
 62
7
100
AcDbSpline
 70
8
 71
3
 72
8
 73
4
 74
0
 40
0
 40
0
 40
0
 40
0
 40
1
 40
1
 40
1
 40
1
 10
245.800000
 20
406.500000
 30
0.0
 10
240.400000
 20
398.600000
 30
0.0
 10
235.000000
 20
401.000000
 30
0.0
 10
229.600000
 20
398.300000
 30
0.0
  0
SPLINE
  5
21a
100
AcDbEntity
  8
0
 62
7
100
AcDbSpline
 70
8
 71
3
 72
8
 73
4
 74
0
 40
0
 40
0
 40
0
 40
0
 40
1
 40
1
 40
1
 40
1
 10
229.600000
 20
398.300000
 30
0.0
 10
227.000000
 20
403.300000
 30
0.0
 10
220.400000
 20
407.300000
 30
0.0
 10
223.100000
 20
413.900000
 30
0.0
  0
LINE
  5
21b
100
AcDbEntity
  8
0
 62
7
100
AcDbLine
 10
245.800000
 20
406.500000
 30
0.0
 11
245.800000
 21
406.500000
 31
0.0
  0
SPLINE
  5
21c
100
AcDbEntity
  8
0
 62
7
100
AcDbSpline
 70
8
 71
3
 72
8
 73
4
 74
0
 40
0
 40
0
 40
0
 40
0
 40
1
 40
1
 40
1
 40
1
 10
213.000000
 20
418.000000
 30
0.0
 10
210.100000
 20
412.000000
 30
0.0
 10
202.200000
 20
414.800000
 30
0.0
 10
196.700000
 20
413.400000
 30
0.0
  0
SPLINE
  5
21d
100
AcDbEntity
  8
0
 62
7
100
AcDbSpline
 70
8
 71
3
 72
8
 73
4
 74
0
 40
0
 40
0
 40
0
 40
0
 40
1
 40
1
 40
1
 40
1
 10
196.700000
 20
413.400000
 30
0.0
 10
195.800000
 20
418.600000
 30
0.0
 10
191.600000
 20
423.700000
 30
0.0
 10
194.200000
 20
428.900000
 30
0.0
  0
LINE
  5
21e
100
AcDbEntity
  8
0
 62
7
100
AcDbLine
 10
213.000000
 20
418.000000
 30
0.0
 11
213.000000
 21
418.000000
 31
0.0
  0
LINE
  5
21f
100
AcDbEntity
  8
0
 62
7
100
AcDbLine
 10
206.300000
 20
470.600000
 30
0.0
 11
183.800000
 21
450.500000
 31
0.0
  0
LINE
  5
220
100
AcDbEntity
  8
0
 62
7
100
AcDbLine
 10
183.800000
 20
450.500000
 30
0.0
 11
200.700000
 21
471.100000
 31
0.0
  0
LINE
  5
221
100
AcDbEntity
  8
0
 62
7
100
AcDbLine
 10
206.300000
 20
470.600000
 30
0.0
 11
206.300000
 21
470.600000
 31
0.0
  0
SPLINE
  5
222
100
AcDbEntity
  8
0
 62
7
100
AcDbSpline
 70
8
 71
3
 72
8
 73
4
 74
0
 40
0
 40
0
 40
0
 40
0
 40
1
 40
1
 40
1
 40
1
 10
184.000000
 20
435.000000
 30
0.0
 10
179.900000
 20
429.800000
 30
0.0
 10
171.600000
 20
431.600000
 30
0.0
 10
165.900000
 20
431.400000
 30
0.0
  0
SPLINE
  5
223
100
AcDbEntity
  8
0
 62
7
100
AcDbSpline
 70
8
 71
3
 72
8
 73
4
 74
0
 40
0
 40
0
 40
0
 40
0
 40
1
 40
1
 40
1
 40
1
 10
165.900000
 20
431.400000
 30
0.0
 10
166.100000
 20
436.600000
 30
0.0
 10
163.700000
 20
445.200000
 30
0.0
 10
167.400000
 20
449.600000
 30
0.0
  0
LINE
  5
224
100
AcDbEntity
  8
0
 62
7
100
AcDbLine
 10
184.000000
 20
435.000000
 30
0.0
 11
184.000000
 21
435.000000
 31
0.0
  0
LINE
  5
225
100
AcDbEntity
  8
0
 62
7
100
AcDbLine
 10
180.700000
 20
617.300000
 30
0.0
 11
161.400000
 21
637.500000
 31
0.0
  0
LINE
  5
226
100
AcDbEntity
  8
0
 62
7
100
AcDbLine
 10
161.400000
 20
637.500000
 30
0.0
 11
181.000000
 21
610.600000
 31
0.0
  0
LINE
  5
227
100
AcDbEntity
  8
0
 62
7
100
AcDbLine
 10
180.700000
 20
617.300000
 30
0.0
 11
180.700000
 21
617.300000
 31
0.0
  0
LINE
  5
228
100
AcDbEntity
  8
0
 62
7
100
AcDbLine
 10
190.400000
 20
575.300000
 30
0.0
 11
155.400000
 21
595.200000
 31
0.0
  0
LINE
  5
229
100
AcDbEntity
  8
0
 62
7
100
AcDbLine
 10
155.400000
 20
595.200000
 30
0.0
 11
186.200000
 21
573.700000
 31
0.0
  0
LINE
  5
22a
100
AcDbEntity
  8
0
 62
7
100
AcDbLine
 10
190.400000
 20
575.300000
 30
0.0
 11
190.400000
 21
575.300000
 31
0.0
  0
LINE
  5
22b
100
AcDbEntity
  8
0
 62
7
100
AcDbLine
 10
176.900000
 20
557.700000
 30
0.0
 11
145.400000
 21
565.100000
 31
0.0
  0
LINE
  5
22c
100
AcDbEntity
  8
0
 62
7
100
AcDbLine
 10
145.400000
 20
565.100000
 30
0.0
 11
178.800000
 21
553.600000
 31
0.0
  0
LINE
  5
22d
100
AcDbEntity
  8
0
 62
7
100
AcDbLine
 10
176.900000
 20
557.700000
 30
0.0
 11
176.900000
 21
557.700000
 31
0.0
  0
SPLINE
  5
22e
100
AcDbEntity
  8
0
 62
7
100
AcDbSpline
 70
8
 71
3
 72
8
 73
4
 74
0
 40
0
 40
0
 40
0
 40
0
 40
1
 40
1
 40
1
 40
1
 10
160.800000
 20
617.900000
 30
0.0
 10
149.300000
 20
632.300000
 30
0.0
 10
136.600000
 20
646.100000
 30
0.0
 10
143.500000
 20
673.000000
 30
0.0
  0
SPLINE
  5
22f
100
AcDbEntity
  8
0
 62
7
100
AcDbSpline
 70
8
 71
3
 72
8
 73
4
 74
0
 40
0
 40
0
 40
0
 40
0
 40
1
 40
1
 40
1
 40
1
 10
143.500000
 20
673.000000
 30
0.0
 10
146.200000
 20
667.200000
 30
0.0
 10
150.500000
 20
658.800000
 30
0.0
 10
155.400000
 20
653.400000
 30
0.0
  0
LINE
  5
230
100
AcDbEntity
  8
0
 62
7
100
AcDbLine
 10
160.800000
 20
617.900000
 30
0.0
 11
160.800000
 21
617.900000
 31
0.0
  0
SPLINE
  5
231
100
AcDbEntity
  8
0
 62
7
100
AcDbSpline
 70
8
 71
3
 72
8
 73
4
 74
0
 40
0
 40
0
 40
0
 40
0
 40
1
 40
1
 40
1
 40
1
 10
156.700000
 20
605.800000
 30
0.0
 10
136.000000
 20
618.800000
 30
0.0
 10
134.800000
 20
617.300000
 30
0.0
 10
124.900000
 20
616.400000
 30
0.0
  0
SPLINE
  5
232
100
AcDbEntity
  8
0
 62
7
100
AcDbSpline
 70
8
 71
3
 72
8
 73
4
 74
0
 40
0
 40
0
 40
0
 40
0
 40
1
 40
1
 40
1
 40
1
 10
124.900000
 20
616.400000
 30
0.0
 10
130.700000
 20
603.300000
 30
0.0
 10
129.300000
 20
603.900000
 30
0.0
 10
143.800000
 20
589.100000
 30
0.0
  0
LINE
  5
233
100
AcDbEntity
  8
0
 62
7
100
AcDbLine
 10
156.700000
 20
605.800000
 30
0.0
 11
156.700000
 21
605.800000
 31
0.0
  0
SPLINE
  5
234
100
AcDbEntity
  8
0
 62
7
100
AcDbSpline
 70
8
 71
3
 72
8
 73
4
 74
0
 40
0
 40
0
 40
0
 40
0
 40
1
 40
1
 40
1
 40
1
 10
140.300000
 20
576.300000
 30
0.0
 10
132.300000
 20
579.000000
 30
0.0
 10
123.900000
 20
578.800000
 30
0.0
 10
113.300000
 20
574.700000
 30
0.0
  0
SPLINE
  5
235
100
AcDbEntity
  8
0
 62
7
100
AcDbSpline
 70
8
 71
3
 72
8
 73
4
 74
0
 40
0
 40
0
 40
0
 40
0
 40
1
 40
1
 40
1
 40
1
 10
113.300000
 20
574.700000
 30
0.0
 10
118.500000
 20
565.200000
 30
0.0
 10
126.700000
 20
559.300000
 30
0.0
 10
135.800000
 20
555.800000
 30
0.0
  0
LINE
  5
236
100
AcDbEntity
  8
0
 62
7
100
AcDbLine
 10
140.300000
 20
576.300000
 30
0.0
 11
140.300000
 21
576.300000
 31
0.0
  0
LINE
  5
237
100
AcDbEntity
  8
0
 62
7
100
AcDbLine
 10
177.500000
 20
531.400000
 30
0.0
 11
143.800000
 21
530.800000
 31
0.0
  0
LINE
  5
238
100
AcDbEntity
  8
0
 62
7
100
AcDbLine
 10
143.800000
 20
530.800000
 30
0.0
 11
175.300000
 21
526.000000
 31
0.0
  0
LINE
  5
239
100
AcDbEntity
  8
0
 62
7
100
AcDbLine
 10
177.500000
 20
531.400000
 30
0.0
 11
177.500000
 21
531.400000
 31
0.0
  0
SPLINE
  5
23a
100
AcDbEntity
  8
0
 62
7
100
AcDbSpline
 70
8
 71
3
 72
8
 73
4
 74
0
 40
0
 40
0
 40
0
 40
0
 40
1
 40
1
 40
1
 40
1
 10
138.700000
 20
540.300000
 30
0.0
 10
127.800000
 20
542.800000
 30
0.0
 10
124.000000
 20
539.500000
 30
0.0
 10
117.500000
 20
533.200000
 30
0.0
  0
SPLINE
  5
23b
100
AcDbEntity
  8
0
 62
7
100
AcDbSpline
 70
8
 71
3
 72
8
 73
4
 74
0
 40
0
 40
0
 40
0
 40
0
 40
1
 40
1
 40
1
 40
1
 10
117.500000
 20
533.200000
 30
0.0
 10
120.300000
 20
528.900000
 30
0.0
 10
120.900000
 20
523.800000
 30
0.0
 10
135.800000
 20
519.700000
 30
0.0
  0
LINE
  5
23c
100
AcDbEntity
  8
0
 62
7
100
AcDbLine
 10
138.700000
 20
540.300000
 30
0.0
 11
138.700000
 21
540.300000
 31
0.0
  0
SPLINE
  5
23d
100
AcDbEntity
  8
0
 62
7
100
AcDbSpline
 70
8
 71
3
 72
8
 73
4
 74
0
 40
0
 40
0
 40
0
 40
0
 40
1
 40
1
 40
1
 40
1
 10
142.200000
 20
508.900000
 30
0.0
 10
129.100000
 20
504.900000
 30
0.0
 10
128.100000
 20
502.700000
 30
0.0
 10
125.200000
 20
496.100000
 30
0.0
  0
SPLINE
  5
23e
100
AcDbEntity
  8
0
 62
7
100
AcDbSpline
 70
8
 71
3
 72
8
 73
4
 74
0
 40
0
 40
0
 40
0
 40
0
 40
1
 40
1
 40
1
 40
1
 10
125.200000
 20
496.100000
 30
0.0
 10
131.500000
 20
492.500000
 30
0.0
 10
133.800000
 20
487.100000
 30
0.0
 10
145.400000
 20
489.000000
 30
0.0
  0
LINE
  5
23f
100
AcDbEntity
  8
0
 62
7
100
AcDbLine
 10
142.200000
 20
508.900000
 30
0.0
 11
142.200000
 21
508.900000
 31
0.0
  0
LINE
  5
240
100
AcDbEntity
  8
0
 62
7
100
AcDbLine
 10
187.200000
 20
506.700000
 30
0.0
 11
156.400000
 21
500.600000
 31
0.0
  0
LINE
  5
241
100
AcDbEntity
  8
0
 62
7
100
AcDbLine
 10
156.400000
 20
500.600000
 30
0.0
 11
192.700000
 21
501.900000
 31
0.0
  0
LINE
  5
242
100
AcDbEntity
  8
0
 62
7
100
AcDbLine
 10
187.200000
 20
506.700000
 30
0.0
 11
187.200000
 21
506.700000
 31
0.0
  0
LINE
  5
243
100
AcDbEntity
  8
0
 62
7
100
AcDbLine
 10
185.600000
 20
483.000000
 30
0.0
 11
159.900000
 21
473.100000
 31
0.0
  0
LINE
  5
244
100
AcDbEntity
  8
0
 62
7
100
AcDbLine
 10
159.900000
 20
473.100000
 30
0.0
 11
186.200000
 21
478.900000
 31
0.0
  0
LINE
  5
245
100
AcDbEntity
  8
0
 62
7
100
AcDbLine
 10
185.600000
 20
483.000000
 30
0.0
 11
185.600000
 21
483.000000
 31
0.0
  0
SPLINE
  5
246
100
AcDbEntity
  8
0
 62
7
100
AcDbSpline
 70
8
 71
3
 72
8
 73
4
 74
0
 40
0
 40
0
 40
0
 40
0
 40
1
 40
1
 40
1
 40
1
 10
150.900000
 20
479.400000
 30
0.0
 10
139.400000
 20
474.600000
 30
0.0
 10
141.800000
 20
471.400000
 30
0.0
 10
139.700000
 20
464.300000
 30
0.0
  0
SPLINE
  5
247
100
AcDbEntity
  8
0
 62
7
100
AcDbSpline
 70
8
 71
3
 72
8
 73
4
 74
0
 40
0
 40
0
 40
0
 40
0
 40
1
 40
1
 40
1
 40
1
 10
139.700000
 20
464.300000
 30
0.0
 10
145.900000
 20
461.100000
 30
0.0
 10
145.400000
 20
459.200000
 30
0.0
 10
161.000000
 20
460.800000
 30
0.0
  0
LINE
  5
248
100
AcDbEntity
  8
0
 62
7
100
AcDbLine
 10
150.900000
 20
479.400000
 30
0.0
 11
150.900000
 21
479.400000
 31
0.0
  0
SPLINE
  5
249
100
AcDbEntity
  8
0
 62
7
100
AcDbSpline
 70
8
 71
3
 72
8
 73
4
 74
0
 40
0
 40
0
 40
0
 40
0
 40
1
 40
1
 40
1
 40
1
 10
301.100000
 20
503.700000
 30
0.0
 10
277.300000
 20
471.900000
 30
0.0
 10
239.600000
 20
492.400000
 30
0.0
 10
236.000000
 20
518.000000
 30
0.0
  0
SPLINE
  5
24a
100
AcDbEntity
  8
0
 62
7
100
AcDbSpline
 70
8
 71
3
 72
8
 73
4
 74
0
 40
0
 40
0
 40
0
 40
0
 40
1
 40
1
 40
1
 40
1
 10
236.000000
 20
518.000000
 30
0.0
 10
233.900000
 20
543.600000
 30
0.0
 10
273.400000
 20
539.900000
 30
0.0
 10
253.500000
 20
573.100000
 30
0.0
  0
LINE
  5
24b
100
AcDbEntity
  8
0
 62
7
100
AcDbLine
 10
253.500000
 20
573.100000
 30
0.0
 11
185.900000
 21
646.100000
 31
0.0
  0
SPLINE
  5
24c
100
AcDbEntity
  8
0
 62
7
100
AcDbSpline
 70
8
 71
3
 72
8
 73
4
 74
0
 40
0
 40
0
 40
0
 40
0
 40
1
 40
1
 40
1
 40
1
 10
185.900000
 20
646.100000
 30
0.0
 10
177.900000
 20
615.700000
 30
0.0
 10
178.600000
 20
590.000000
 30
0.0
 10
204.700000
 20
574.900000
 30
0.0
  0
SPLINE
  5
24d
100
AcDbEntity
  8
0
 62
7
100
AcDbSpline
 70
8
 71
3
 72
8
 73
4
 74
0
 40
0
 40
0
 40
0
 40
0
 40
1
 40
1
 40
1
 40
1
 10
204.700000
 20
574.900000
 30
0.0
 10
192.200000
 20
574.500000
 30
0.0
 10
178.200000
 20
576.200000
 30
0.0
 10
176.400000
 20
566.700000
 30
0.0
  0
SPLINE
  5
24e
100
AcDbEntity
  8
0
 62
7
100
AcDbSpline
 70
8
 71
3
 72
8
 73
4
 74
0
 40
0
 40
0
 40
0
 40
0
 40
1
 40
1
 40
1
 40
1
 10
176.400000
 20
566.700000
 30
0.0
 10
174.700000
 20
551.400000
 30
0.0
 10
187.700000
 20
545.300000
 30
0.0
 10
194.800000
 20
539.800000
 30
0.0
  0
SPLINE
  5
24f
100
AcDbEntity
  8
0
 62
7
100
AcDbSpline
 70
8
 71
3
 72
8
 73
4
 74
0
 40
0
 40
0
 40
0
 40
0
 40
1
 40
1
 40
1
 40
1
 10
194.800000
 20
539.800000
 30
0.0
 10
189.900000
 20
538.300000
 30
0.0
 10
183.100000
 20
538.800000
 30
0.0
 10
174.100000
 20
525.900000
 30
0.0
  0
SPLINE
  5
250
100
AcDbEntity
  8
0
 62
7
100
AcDbSpline
 70
8
 71
3
 72
8
 73
4
 74
0
 40
0
 40
0
 40
0
 40
0
 40
1
 40
1
 40
1
 40
1
 10
174.100000
 20
525.900000
 30
0.0
 10
177.800000
 20
515.100000
 30
0.0
 10
183.800000
 20
505.800000
 30
0.0
 10
195.900000
 20
503.400000
 30
0.0
  0
SPLINE
  5
251
100
AcDbEntity
  8
0
 62
7
100
AcDbSpline
 70
8
 71
3
 72
8
 73
4
 74
0
 40
0
 40
0
 40
0
 40
0
 40
1
 40
1
 40
1
 40
1
 10
195.900000
 20
503.400000
 30
0.0
 10
192.200000
 20
500.300000
 30
0.0
 10
186.500000
 20
501.300000
 30
0.0
 10
185.500000
 20
478.300000
 30
0.0
  0
SPLINE
  5
252
100
AcDbEntity
  8
0
 62
7
100
AcDbSpline
 70
8
 71
3
 72
8
 73
4
 74
0
 40
0
 40
0
 40
0
 40
0
 40
1
 40
1
 40
1
 40
1
 10
185.500000
 20
478.300000
 30
0.0
 10
197.000000
 20
470.500000
 30
0.0
 10
205.700000
 20
470.400000
 30
0.0
 10
213.800000
 20
471.900000
 30
0.0
  0
SPLINE
  5
253
100
AcDbEntity
  8
0
 62
7
100
AcDbSpline
 70
8
 71
3
 72
8
 73
4
 74
0
 40
0
 40
0
 40
0
 40
0
 40
1
 40
1
 40
1
 40
1
 10
213.800000
 20
471.900000
 30
0.0
 10
213.800000
 20
465.500000
 30
0.0
 10
213.400000
 20
459.200000
 30
0.0
 10
220.900000
 20
452.000000
 30
0.0
  0
SPLINE
  5
254
100
AcDbEntity
  8
0
 62
7
100
AcDbSpline
 70
8
 71
3
 72
8
 73
4
 74
0
 40
0
 40
0
 40
0
 40
0
 40
1
 40
1
 40
1
 40
1
 10
220.900000
 20
452.000000
 30
0.0
 10
240.800000
 20
448.200000
 30
0.0
 10
238.100000
 20
451.900000
 30
0.0
 10
244.100000
 20
452.700000
 30
0.0
  0
SPLINE
  5
255
100
AcDbEntity
  8
0
 62
7
100
AcDbSpline
 70
8
 71
3
 72
8
 73
4
 74
0
 40
0
 40
0
 40
0
 40
0
 40
1
 40
1
 40
1
 40
1
 10
244.100000
 20
452.700000
 30
0.0
 10
248.900000
 20
448.500000
 30
0.0
 10
250.200000
 20
443.800000
 30
0.0
 10
260.400000
 20
440.400000
 30
0.0
  0
SPLINE
  5
256
100
AcDbEntity
  8
0
 62
7
100
AcDbSpline
 70
8
 71
3
 72
8
 73
4
 74
0
 40
0
 40
0
 40
0
 40
0
 40
1
 40
1
 40
1
 40
1
 10
260.400000
 20
440.400000
 30
0.0
 10
270.100000
 20
443.900000
 30
0.0
 10
271.300000
 20
447.400000
 30
0.0
 10
275.600000
 20
450.900000
 30
0.0
  0
SPLINE
  5
257
100
AcDbEntity
  8
0
 62
7
100
AcDbSpline
 70
8
 71
3
 72
8
 73
4
 74
0
 40
0
 40
0
 40
0
 40
0
 40
1
 40
1
 40
1
 40
1
 10
275.600000
 20
450.900000
 30
0.0
 10
281.200000
 20
447.400000
 30
0.0
 10
280.100000
 20
443.400000
 30
0.0
 10
294.900000
 20
440.600000
 30
0.0
  0
SPLINE
  5
258
100
AcDbEntity
  8
0
 62
7
100
AcDbSpline
 70
8
 71
3
 72
8
 73
4
 74
0
 40
0
 40
0
 40
0
 40
0
 40
1
 40
1
 40
1
 40
1
 10
294.900000
 20
440.600000
 30
0.0
 10
306.400000
 20
447.200000
 30
0.0
 10
304.000000
 20
451.400000
 30
0.0
 10
307.000000
 20
456.500000
 30
0.0
  0
SPLINE
  5
259
100
AcDbEntity
  8
0
 62
7
100
AcDbSpline
 70
8
 71
3
 72
8
 73
4
 74
0
 40
0
 40
0
 40
0
 40
0
 40
1
 40
1
 40
1
 40
1
 10
307.000000
 20
456.500000
 30
0.0
 10
312.000000
 20
454.500000
 30
0.0
 10
314.600000
 20
451.400000
 30
0.0
 10
324.200000
 20
451.800000
 30
0.0
  0
SPLINE
  5
25a
100
AcDbEntity
  8
0
 62
7
100
AcDbSpline
 70
8
 71
3
 72
8
 73
4
 74
0
 40
0
 40
0
 40
0
 40
0
 40
1
 40
1
 40
1
 40
1
 10
324.200000
 20
451.800000
 30
0.0
 10
334.600000
 20
463.100000
 30
0.0
 10
326.200000
 20
470.600000
 30
0.0
 10
325.000000
 20
478.400000
 30
0.0
  0
LINE
  5
25b
100
AcDbEntity
  8
0
 62
7
100
AcDbLine
 10
325.000000
 20
478.400000
 30
0.0
 11
316.100000
 21
506.000000
 31
0.0
  0
LINE
  5
25c
100
AcDbEntity
  8
0
 62
7
100
AcDbLine
 10
316.100000
 20
506.000000
 30
0.0
 11
301.100000
 21
503.700000
 31
0.0
  0
LINE
  5
25d
100
AcDbEntity
  8
0
 62
7
100
AcDbLine
 10
306.900000
 20
456.500000
 30
0.0
 11
299.000000
 21
479.600000
 31
0.0
  0
LINE
  5
25e
100
AcDbEntity
  8
0
 62
7
100
AcDbLine
 10
306.900000
 20
456.500000
 30
0.0
 11
306.900000
 21
456.500000
 31
0.0
  0
LINE
  5
25f
100
AcDbEntity
  8
0
 62
7
100
AcDbLine
 10
275.400000
 20
450.900000
 30
0.0
 11
273.300000
 21
473.000000
 31
0.0
  0
LINE
  5
260
100
AcDbEntity
  8
0
 62
7
100
AcDbLine
 10
275.400000
 20
450.900000
 30
0.0
 11
275.400000
 21
450.900000
 31
0.0
  0
LINE
  5
261
100
AcDbEntity
  8
0
 62
7
100
AcDbLine
 10
288.800000
 20
468.800000
 30
0.0
 11
286.700000
 21
476.500000
 31
0.0
  0
LINE
  5
262
100
AcDbEntity
  8
0
 62
7
100
AcDbLine
 10
288.800000
 20
468.800000
 30
0.0
 11
288.800000
 21
468.800000
 31
0.0
  0
LINE
  5
263
100
AcDbEntity
  8
0
 62
7
100
AcDbLine
 10
260.800000
 20
468.200000
 30
0.0
 11
262.100000
 21
474.500000
 31
0.0
  0
LINE
  5
264
100
AcDbEntity
  8
0
 62
7
100
AcDbLine
 10
260.800000
 20
468.200000
 30
0.0
 11
260.800000
 21
468.200000
 31
0.0
  0
LINE
  5
265
100
AcDbEntity
  8
0
 62
7
100
AcDbLine
 10
243.700000
 20
453.100000
 30
0.0
 11
250.400000
 21
474.700000
 31
0.0
  0
LINE
  5
266
100
AcDbEntity
  8
0
 62
7
100
AcDbLine
 10
243.700000
 20
453.100000
 30
0.0
 11
243.700000
 21
453.100000
 31
0.0
  0
LINE
  5
267
100
AcDbEntity
  8
0
 62
7
100
AcDbLine
 10
213.500000
 20
471.900000
 30
0.0
 11
226.900000
 21
486.900000
 31
0.0
  0
LINE
  5
268
100
AcDbEntity
  8
0
 62
7
100
AcDbLine
 10
213.500000
 20
471.900000
 30
0.0
 11
213.500000
 21
471.900000
 31
0.0
  0
LINE
  5
269
100
AcDbEntity
  8
0
 62
7
100
AcDbLine
 10
195.700000
 20
503.700000
 30
0.0
 11
212.000000
 21
505.700000
 31
0.0
  0
LINE
  5
26a
100
AcDbEntity
  8
0
 62
7
100
AcDbLine
 10
195.700000
 20
503.700000
 30
0.0
 11
195.700000
 21
503.700000
 31
0.0
  0
LINE
  5
26b
100
AcDbEntity
  8
0
 62
7
100
AcDbLine
 10
194.600000
 20
539.700000
 30
0.0
 11
215.700000
 21
532.200000
 31
0.0
  0
LINE
  5
26c
100
AcDbEntity
  8
0
 62
7
100
AcDbLine
 10
194.600000
 20
539.700000
 30
0.0
 11
194.600000
 21
539.700000
 31
0.0
  0
SPLINE
  5
26d
100
AcDbEntity
  8
0
 62
7
100
AcDbSpline
 70
8
 71
3
 72
8
 73
4
 74
0
 40
0
 40
0
 40
0
 40
0
 40
1
 40
1
 40
1
 40
1
 10
225.300000
 20
555.800000
 30
0.0
 10
219.100000
 20
563.500000
 30
0.0
 10
212.400000
 20
570.300000
 30
0.0
 10
204.400000
 20
575.100000
 30
0.0
  0
LINE
  5
26e
100
AcDbEntity
  8
0
 62
7
100
AcDbLine
 10
225.300000
 20
555.800000
 30
0.0
 11
225.300000
 21
555.800000
 31
0.0
  0
LINE
  5
26f
100
AcDbEntity
  8
0
 62
7
100
AcDbLine
 10
207.300000
 20
614.600000
 30
0.0
 11
187.900000
 21
635.200000
 31
0.0
  0
SPLINE
  5
270
100
AcDbEntity
  8
0
 62
7
100
AcDbSpline
 70
8
 71
3
 72
8
 73
4
 74
0
 40
0
 40
0
 40
0
 40
0
 40
1
 40
1
 40
1
 40
1
 10
187.900000
 20
635.200000
 30
0.0
 10
187.900000
 20
606.400000
 30
0.0
 10
191.600000
 20
597.100000
 30
0.0
 10
200.400000
 20
585.300000
 30
0.0
  0
LINE
  5
271
100
AcDbEntity
  8
0
 62
7
100
AcDbLine
 10
207.300000
 20
614.600000
 30
0.0
 11
207.300000
 21
614.600000
 31
0.0
  0
SPLINE
  5
272
100
AcDbEntity
  8
0
 62
7
100
AcDbSpline
 70
8
 71
3
 72
8
 73
4
 74
0
 40
0
 40
0
 40
0
 40
0
 40
1
 40
1
 40
1
 40
1
 10
202.400000
 20
568.700000
 30
0.0
 10
196.300000
 20
569.300000
 30
0.0
 10
189.800000
 20
571.500000
 30
0.0
 10
182.100000
 20
566.400000
 30
0.0
  0
SPLINE
  5
273
100
AcDbEntity
  8
0
 62
7
100
AcDbSpline
 70
8
 71
3
 72
8
 73
4
 74
0
 40
0
 40
0
 40
0
 40
0
 40
1
 40
1
 40
1
 40
1
 10
182.100000
 20
566.400000
 30
0.0
 10
180.900000
 20
555.700000
 30
0.0
 10
187.800000
 20
550.500000
 30
0.0
 10
193.400000
 20
546.900000
 30
0.0
  0
LINE
  5
274
100
AcDbEntity
  8
0
 62
7
100
AcDbLine
 10
202.400000
 20
568.700000
 30
0.0
 11
202.400000
 21
568.700000
 31
0.0
  0
SPLINE
  5
275
100
AcDbEntity
  8
0
 62
7
100
AcDbSpline
 70
8
 71
3
 72
8
 73
4
 74
0
 40
0
 40
0
 40
0
 40
0
 40
1
 40
1
 40
1
 40
1
 10
197.100000
 20
534.000000
 30
0.0
 10
193.400000
 20
533.000000
 30
0.0
 10
186.600000
 20
533.500000
 30
0.0
 10
181.000000
 20
524.700000
 30
0.0
  0
SPLINE
  5
276
100
AcDbEntity
  8
0
 62
7
100
AcDbSpline
 70
8
 71
3
 72
8
 73
4
 74
0
 40
0
 40
0
 40
0
 40
0
 40
1
 40
1
 40
1
 40
1
 10
181.000000
 20
524.700000
 30
0.0
 10
182.800000
 20
515.500000
 30
0.0
 10
188.200000
 20
513.200000
 30
0.0
 10
193.300000
 20
510.200000
 30
0.0
  0
LINE
  5
277
100
AcDbEntity
  8
0
 62
7
100
AcDbLine
 10
197.100000
 20
534.000000
 30
0.0
 11
197.100000
 21
534.000000
 31
0.0
  0
SPLINE
  5
278
100
AcDbEntity
  8
0
 62
7
100
AcDbSpline
 70
8
 71
3
 72
8
 73
4
 74
0
 40
0
 40
0
 40
0
 40
0
 40
1
 40
1
 40
1
 40
1
 10
196.400000
 20
497.800000
 30
0.0
 10
193.600000
 20
494.300000
 30
0.0
 10
190.200000
 20
492.800000
 30
0.0
 10
190.300000
 20
480.800000
 30
0.0
  0
SPLINE
  5
279
100
AcDbEntity
  8
0
 62
7
100
AcDbSpline
 70
8
 71
3
 72
8
 73
4
 74
0
 40
0
 40
0
 40
0
 40
0
 40
1
 40
1
 40
1
 40
1
 10
190.300000
 20
480.800000
 30
0.0
 10
197.600000
 20
476.200000
 30
0.0
 10
204.200000
 20
474.300000
 30
0.0
 10
209.800000
 20
476.000000
 30
0.0
  0
LINE
  5
27a
100
AcDbEntity
  8
0
 62
7
100
AcDbLine
 10
196.400000
 20
497.800000
 30
0.0
 11
196.400000
 21
497.800000
 31
0.0
  0
LINE
  5
27b
100
AcDbEntity
  8
0
 62
7
100
AcDbLine
 10
239.600000
 20
482.800000
 30
0.0
 11
236.200000
 21
477.100000
 31
0.0
  0
LINE
  5
27c
100
AcDbEntity
  8
0
 62
7
100
AcDbLine
 10
239.600000
 20
482.800000
 30
0.0
 11
239.600000
 21
482.800000
 31
0.0
  0
SPLINE
  5
27d
100
AcDbEntity
  8
0
 62
7
100
AcDbSpline
 70
8
 71
3
 72
8
 73
4
 74
0
 40
0
 40
0
 40
0
 40
0
 40
1
 40
1
 40
1
 40
1
 10
219.800000
 20
471.900000
 30
0.0
 10
219.200000
 20
469.000000
 30
0.0
 10
216.500000
 20
463.200000
 30
0.0
 10
223.900000
 20
456.500000
 30
0.0
  0
SPLINE
  5
27e
100
AcDbEntity
  8
0
 62
7
100
AcDbSpline
 70
8
 71
3
 72
8
 73
4
 74
0
 40
0
 40
0
 40
0
 40
0
 40
1
 40
1
 40
1
 40
1
 10
223.900000
 20
456.500000
 30
0.0
 10
235.700000
 20
453.200000
 30
0.0
 10
236.100000
 20
456.700000
 30
0.0
 10
240.900000
 20
459.600000
 30
0.0
  0
LINE
  5
27f
100
AcDbEntity
  8
0
 62
7
100
AcDbLine
 10
219.800000
 20
471.900000
 30
0.0
 11
219.800000
 21
471.900000
 31
0.0
  0
SPLINE
  5
280
100
AcDbEntity
  8
0
 62
7
100
AcDbSpline
 70
8
 71
3
 72
8
 73
4
 74
0
 40
0
 40
0
 40
0
 40
0
 40
1
 40
1
 40
1
 40
1
 10
249.000000
 20
458.100000
 30
0.0
 10
247.900000
 20
451.700000
 30
0.0
 10
255.700000
 20
449.600000
 30
0.0
 10
260.000000
 20
445.800000
 30
0.0
  0
SPLINE
  5
281
100
AcDbEntity
  8
0
 62
7
100
AcDbSpline
 70
8
 71
3
 72
8
 73
4
 74
0
 40
0
 40
0
 40
0
 40
0
 40
1
 40
1
 40
1
 40
1
 10
260.000000
 20
445.800000
 30
0.0
 10
263.900000
 20
448.900000
 30
0.0
 10
269.500000
 20
447.600000
 30
0.0
 10
271.600000
 20
455.700000
 30
0.0
  0
LINE
  5
282
100
AcDbEntity
  8
0
 62
7
100
AcDbLine
 10
249.000000
 20
458.100000
 30
0.0
 11
249.000000
 21
458.100000
 31
0.0
  0
SPLINE
  5
283
100
AcDbEntity
  8
0
 62
7
100
AcDbSpline
 70
8
 71
3
 72
8
 73
4
 74
0
 40
0
 40
0
 40
0
 40
0
 40
1
 40
1
 40
1
 40
1
 10
280.200000
 20
453.100000
 30
0.0
 10
282.700000
 20
450.900000
 30
0.0
 10
284.900000
 20
448.600000
 30
0.0
 10
294.000000
 20
446.800000
 30
0.0
  0
SPLINE
  5
284
100
AcDbEntity
  8
0
 62
7
100
AcDbSpline
 70
8
 71
3
 72
8
 73
4
 74
0
 40
0
 40
0
 40
0
 40
0
 40
1
 40
1
 40
1
 40
1
 10
294.000000
 20
446.800000
 30
0.0
 10
297.900000
 20
450.500000
 30
0.0
 10
301.500000
 20
454.200000
 30
0.0
 10
301.600000
 20
457.900000
 30
0.0
  0
LINE
  5
285
100
AcDbEntity
  8
0
 62
7
100
AcDbLine
 10
280.200000
 20
453.100000
 30
0.0
 11
280.200000
 21
453.100000
 31
0.0
  0
SPLINE
  5
286
100
AcDbEntity
  8
0
 62
7
100
AcDbSpline
 70
8
 71
3
 72
8
 73
4
 74
0
 40
0
 40
0
 40
0
 40
0
 40
1
 40
1
 40
1
 40
1
 10
309.200000
 20
460.600000
 30
0.0
 10
312.000000
 20
457.900000
 30
0.0
 10
315.600000
 20
456.200000
 30
0.0
 10
320.500000
 20
456.100000
 30
0.0
  0
SPLINE
  5
287
100
AcDbEntity
  8
0
 62
7
100
AcDbSpline
 70
8
 71
3
 72
8
 73
4
 74
0
 40
0
 40
0
 40
0
 40
0
 40
1
 40
1
 40
1
 40
1
 10
320.500000
 20
456.100000
 30
0.0
 10
325.100000
 20
459.500000
 30
0.0
 10
324.600000
 20
462.800000
 30
0.0
 10
325.200000
 20
466.200000
 30
0.0
  0
LINE
  5
288
100
AcDbEntity
  8
0
 62
7
100
AcDbLine
 10
309.200000
 20
460.600000
 30
0.0
 11
309.200000
 21
460.600000
 31
0.0
  0
SPLINE
  5
289
100
AcDbEntity
  8
0
 62
7
100
AcDbSpline
 70
8
 71
3
 72
8
 73
4
 74
0
 40
0
 40
0
 40
0
 40
0
 40
1
 40
1
 40
1
 40
1
 10
212.400000
 20
596.100000
 30
0.0
 10
221.400000
 20
586.300000
 30
0.0
 10
240.300000
 20
574.600000
 30
0.0
 10
235.400000
 20
570.000000
 30
0.0
  0
SPLINE
  5
28a
100
AcDbEntity
  8
0
 62
7
100
AcDbSpline
 70
8
 71
3
 72
8
 73
4
 74
0
 40
0
 40
0
 40
0
 40
0
 40
1
 40
1
 40
1
 40
1
 10
235.400000
 20
570.000000
 30
0.0
 10
228.200000
 20
567.400000
 30
0.0
 10
220.100000
 20
588.100000
 30
0.0
 10
212.400000
 20
596.100000
 30
0.0
  0
LINE
  5
28b
100
AcDbEntity
  8
0
 62
7
100
AcDbLine
 10
212.400000
 20
596.100000
 30
0.0
 11
212.400000
 21
596.100000
 31
0.0
  0
SPLINE
  5
28c
100
AcDbEntity
  8
0
 62
7
100
AcDbSpline
 70
8
 71
3
 72
8
 73
4
 74
0
 40
0
 40
0
 40
0
 40
0
 40
1
 40
1
 40
1
 40
1
 10
202.500000
 20
555.800000
 30
0.0
 10
210.400000
 20
551.000000
 30
0.0
 10
225.200000
 20
547.000000
 30
0.0
 10
222.800000
 20
542.800000
 30
0.0
  0
SPLINE
  5
28d
100
AcDbEntity
  8
0
 62
7
100
AcDbSpline
 70
8
 71
3
 72
8
 73
4
 74
0
 40
0
 40
0
 40
0
 40
0
 40
1
 40
1
 40
1
 40
1
 10
222.800000
 20
542.800000
 30
0.0
 10
218.600000
 20
539.700000
 30
0.0
 10
209.200000
 20
552.000000
 30
0.0
 10
202.500000
 20
555.800000
 30
0.0
  0
LINE
  5
28e
100
AcDbEntity
  8
0
 62
7
100
AcDbLine
 10
202.500000
 20
555.800000
 30
0.0
 11
202.500000
 21
555.800000
 31
0.0
  0
SPLINE
  5
28f
100
AcDbEntity
  8
0
 62
7
100
AcDbSpline
 70
8
 71
3
 72
8
 73
4
 74
0
 40
0
 40
0
 40
0
 40
0
 40
1
 40
1
 40
1
 40
1
 10
198.300000
 20
520.300000
 30
0.0
 10
206.000000
 20
519.800000
 30
0.0
 10
218.500000
 20
522.300000
 30
0.0
 10
218.300000
 20
518.700000
 30
0.0
  0
SPLINE
  5
290
100
AcDbEntity
  8
0
 62
7
100
AcDbSpline
 70
8
 71
3
 72
8
 73
4
 74
0
 40
0
 40
0
 40
0
 40
0
 40
1
 40
1
 40
1
 40
1
 10
218.300000
 20
518.700000
 30
0.0
 10
216.400000
 20
515.200000
 30
0.0
 10
204.700000
 20
520.000000
 30
0.0
 10
198.300000
 20
520.300000
 30
0.0
  0
LINE
  5
291
100
AcDbEntity
  8
0
 62
7
100
AcDbLine
 10
198.300000
 20
520.300000
 30
0.0
 11
198.300000
 21
520.300000
 31
0.0
  0
SPLINE
  5
292
100
AcDbEntity
  8
0
 62
7
100
AcDbSpline
 70
8
 71
3
 72
8
 73
4
 74
0
 40
0
 40
0
 40
0
 40
0
 40
1
 40
1
 40
1
 40
1
 10
206.200000
 20
485.400000
 30
0.0
 10
212.200000
 20
490.300000
 30
0.0
 10
219.700000
 20
500.500000
 30
0.0
 10
222.000000
 20
497.800000
 30
0.0
  0
SPLINE
  5
293
100
AcDbEntity
  8
0
 62
7
100
AcDbSpline
 70
8
 71
3
 72
8
 73
4
 74
0
 40
0
 40
0
 40
0
 40
0
 40
1
 40
1
 40
1
 40
1
 10
222.000000
 20
497.800000
 30
0.0
 10
223.100000
 20
493.900000
 30
0.0
 10
211.200000
 20
489.600000
 30
0.0
 10
206.200000
 20
485.400000
 30
0.0
  0
LINE
  5
294
100
AcDbEntity
  8
0
 62
7
100
AcDbLine
 10
206.200000
 20
485.400000
 30
0.0
 11
206.200000
 21
485.400000
 31
0.0
  0
LINE
  5
295
100
AcDbEntity
  8
0
 62
7
100
AcDbLine
 10
456.700000
 20
405.000000
 30
0.0
 11
456.400000
 21
346.300000
 31
0.0
  0
SPLINE
  5
296
100
AcDbEntity
  8
0
 62
7
100
AcDbSpline
 70
8
 71
3
 72
8
 73
4
 74
0
 40
0
 40
0
 40
0
 40
0
 40
1
 40
1
 40
1
 40
1
 10
456.400000
 20
346.300000
 30
0.0
 10
454.700000
 20
340.200000
 30
0.0
 10
444.400000
 20
336.800000
 30
0.0
 10
434.800000
 20
333.100000
 30
0.0
  0
SPLINE
  5
297
100
AcDbEntity
  8
0
 62
7
100
AcDbSpline
 70
8
 71
3
 72
8
 73
4
 74
0
 40
0
 40
0
 40
0
 40
0
 40
1
 40
1
 40
1
 40
1
 10
434.800000
 20
333.100000
 30
0.0
 10
429.000000
 20
338.100000
 30
0.0
 10
420.800000
 20
339.100000
 30
0.0
 10
417.900000
 20
349.000000
 30
0.0
  0
LINE
  5
298
100
AcDbEntity
  8
0
 62
7
100
AcDbLine
 10
417.900000
 20
349.000000
 30
0.0
 11
423.300000
 21
407.500000
 31
0.0
  0
LINE
  5
299
100
AcDbEntity
  8
0
 62
7
100
AcDbLine
 10
423.300000
 20
407.500000
 30
0.0
 11
456.700000
 21
405.000000
 31
0.0
  0
SPLINE
  5
29a
100
AcDbEntity
  8
0
 62
7
100
AcDbSpline
 70
8
 71
3
 72
8
 73
4
 74
0
 40
0
 40
0
 40
0
 40
0
 40
1
 40
1
 40
1
 40
1
 10
423.900000
 20
359.500000
 30
0.0
 10
422.000000
 20
343.000000
 30
0.0
 10
430.000000
 20
345.600000
 30
0.0
 10
435.100000
 20
339.800000
 30
0.0
  0
SPLINE
  5
29b
100
AcDbEntity
  8
0
 62
7
100
AcDbSpline
 70
8
 71
3
 72
8
 73
4
 74
0
 40
0
 40
0
 40
0
 40
0
 40
1
 40
1
 40
1
 40
1
 10
435.100000
 20
339.800000
 30
0.0
 10
443.500000
 20
345.100000
 30
0.0
 10
452.800000
 20
341.600000
 30
0.0
 10
451.800000
 20
356.300000
 30
0.0
  0
LINE
  5
29c
100
AcDbEntity
  8
0
 62
7
100
AcDbLine
 10
423.900000
 20
359.500000
 30
0.0
 11
423.900000
 21
359.500000
 31
0.0
  0
LINE
  5
29d
100
AcDbEntity
  8
0
 62
7
100
AcDbLine
 10
434.900000
 20
401.300000
 30
0.0
 11
435.900000
 21
363.000000
 31
0.0
  0
LINE
  5
29e
100
AcDbEntity
  8
0
 62
7
100
AcDbLine
 10
435.900000
 20
363.000000
 30
0.0
 11
442.100000
 21
399.800000
 31
0.0
  0
LINE
  5
29f
100
AcDbEntity
  8
0
 62
7
100
AcDbLine
 10
434.900000
 20
401.300000
 30
0.0
 11
434.900000
 21
401.300000
 31
0.0
  0
LINE
  5
2a0
100
AcDbEntity
  8
0
 62
7
100
AcDbLine
 10
557.500000
 20
425.200000
 30
0.0
 11
605.400000
 21
369.000000
 31
0.0
  0
SPLINE
  5
2a1
100
AcDbEntity
  8
0
 62
7
100
AcDbSpline
 70
8
 71
3
 72
8
 73
4
 74
0
 40
0
 40
0
 40
0
 40
0
 40
1
 40
1
 40
1
 40
1
 10
605.400000
 20
369.000000
 30
0.0
 10
609.600000
 20
363.000000
 30
0.0
 10
621.700000
 20
363.800000
 30
0.0
 10
635.500000
 20
366.200000
 30
0.0
  0
SPLINE
  5
2a2
100
AcDbEntity
  8
0
 62
7
100
AcDbSpline
 70
8
 71
3
 72
8
 73
4
 74
0
 40
0
 40
0
 40
0
 40
0
 40
1
 40
1
 40
1
 40
1
 10
635.500000
 20
366.200000
 30
0.0
 10
635.900000
 20
375.600000
 30
0.0
 10
643.000000
 20
385.600000
 30
0.0
 10
632.500000
 20
393.800000
 30
0.0
  0
LINE
  5
2a3
100
AcDbEntity
  8
0
 62
7
100
AcDbLine
 10
632.500000
 20
393.800000
 30
0.0
 11
596.600000
 21
426.000000
 31
0.0
  0
SPLINE
  5
2a4
100
AcDbEntity
  8
0
 62
7
100
AcDbSpline
 70
8
 71
3
 72
8
 73
4
 74
0
 40
0
 40
0
 40
0
 40
0
 40
1
 40
1
 40
1
 40
1
 10
596.600000
 20
426.000000
 30
0.0
 10
614.500000
 20
417.300000
 30
0.0
 10
631.000000
 20
388.500000
 30
0.0
 10
669.200000
 20
403.000000
 30
0.0
  0
SPLINE
  5
2a5
100
AcDbEntity
  8
0
 62
7
100
AcDbSpline
 70
8
 71
3
 72
8
 73
4
 74
0
 40
0
 40
0
 40
0
 40
0
 40
1
 40
1
 40
1
 40
1
 10
669.200000
 20
403.000000
 30
0.0
 10
665.000000
 20
432.500000
 30
0.0
 10
658.900000
 20
427.000000
 30
0.0
 10
633.000000
 20
442.500000
 30
0.0
  0
SPLINE
  5
2a6
100
AcDbEntity
  8
0
 62
7
100
AcDbSpline
 70
8
 71
3
 72
8
 73
4
 74
0
 40
0
 40
0
 40
0
 40
0
 40
1
 40
1
 40
1
 40
1
 10
633.000000
 20
442.500000
 30
0.0
 10
667.400000
 20
432.900000
 30
0.0
 10
680.500000
 20
440.600000
 30
0.0
 10
693.600000
 20
447.500000
 30
0.0
  0
SPLINE
  5
2a7
100
AcDbEntity
  8
0
 62
7
100
AcDbSpline
 70
8
 71
3
 72
8
 73
4
 74
0
 40
0
 40
0
 40
0
 40
0
 40
1
 40
1
 40
1
 40
1
 10
693.600000
 20
447.500000
 30
0.0
 10
685.300000
 20
468.300000
 30
0.0
 10
674.400000
 20
470.600000
 30
0.0
 10
663.700000
 20
473.800000
 30
0.0
  0
SPLINE
  5
2a8
100
AcDbEntity
  8
0
 62
7
100
AcDbSpline
 70
8
 71
3
 72
8
 73
4
 74
0
 40
0
 40
0
 40
0
 40
0
 40
1
 40
1
 40
1
 40
1
 10
663.700000
 20
473.800000
 30
0.0
 10
691.500000
 20
473.500000
 30
0.0
 10
700.400000
 20
487.200000
 30
0.0
 10
710.200000
 20
494.000000
 30
0.0
  0
SPLINE
  5
2a9
100
AcDbEntity
  8
0
 62
7
100
AcDbSpline
 70
8
 71
3
 72
8
 73
4
 74
0
 40
0
 40
0
 40
0
 40
0
 40
1
 40
1
 40
1
 40
1
 10
710.200000
 20
494.000000
 30
0.0
 10
702.200000
 20
506.600000
 30
0.0
 10
681.300000
 20
514.800000
 30
0.0
 10
668.800000
 20
512.900000
 30
0.0
  0
SPLINE
  5
2aa
100
AcDbEntity
  8
0
 62
7
100
AcDbSpline
 70
8
 71
3
 72
8
 73
4
 74
0
 40
0
 40
0
 40
0
 40
0
 40
1
 40
1
 40
1
 40
1
 10
668.800000
 20
512.900000
 30
0.0
 10
701.200000
 20
520.600000
 30
0.0
 10
708.500000
 20
533.600000
 30
0.0
 10
718.600000
 20
548.800000
 30
0.0
  0
SPLINE
  5
2ab
100
AcDbEntity
  8
0
 62
7
100
AcDbSpline
 70
8
 71
3
 72
8
 73
4
 74
0
 40
0
 40
0
 40
0
 40
0
 40
1
 40
1
 40
1
 40
1
 10
718.600000
 20
548.800000
 30
0.0
 10
700.200000
 20
559.100000
 30
0.0
 10
685.400000
 20
560.700000
 30
0.0
 10
670.400000
 20
557.500000
 30
0.0
  0
SPLINE
  5
2ac
100
AcDbEntity
  8
0
 62
7
100
AcDbSpline
 70
8
 71
3
 72
8
 73
4
 74
0
 40
0
 40
0
 40
0
 40
0
 40
1
 40
1
 40
1
 40
1
 10
670.400000
 20
557.500000
 30
0.0
 10
700.200000
 20
570.300000
 30
0.0
 10
713.700000
 20
586.700000
 30
0.0
 10
720.500000
 20
604.600000
 30
0.0
  0
SPLINE
  5
2ad
100
AcDbEntity
  8
0
 62
7
100
AcDbSpline
 70
8
 71
3
 72
8
 73
4
 74
0
 40
0
 40
0
 40
0
 40
0
 40
1
 40
1
 40
1
 40
1
 10
720.500000
 20
604.600000
 30
0.0
 10
704.800000
 20
610.100000
 30
0.0
 10
690.900000
 20
606.800000
 30
0.0
 10
676.800000
 20
604.000000
 30
0.0
  0
SPLINE
  5
2ae
100
AcDbEntity
  8
0
 62
7
100
AcDbSpline
 70
8
 71
3
 72
8
 73
4
 74
0
 40
0
 40
0
 40
0
 40
0
 40
1
 40
1
 40
1
 40
1
 10
676.800000
 20
604.000000
 30
0.0
 10
703.900000
 20
619.600000
 30
0.0
 10
710.400000
 20
640.600000
 30
0.0
 10
711.500000
 20
657.900000
 30
0.0
  0
SPLINE
  5
2af
100
AcDbEntity
  8
0
 62
7
100
AcDbSpline
 70
8
 71
3
 72
8
 73
4
 74
0
 40
0
 40
0
 40
0
 40
0
 40
1
 40
1
 40
1
 40
1
 10
711.500000
 20
657.900000
 30
0.0
 10
691.200000
 20
659.700000
 30
0.0
 10
678.300000
 20
653.100000
 30
0.0
 10
664.600000
 20
647.500000
 30
0.0
  0
SPLINE
  5
2b0
100
AcDbEntity
  8
0
 62
7
100
AcDbSpline
 70
8
 71
3
 72
8
 73
4
 74
0
 40
0
 40
0
 40
0
 40
0
 40
1
 40
1
 40
1
 40
1
 10
664.600000
 20
647.500000
 30
0.0
 10
708.900000
 20
677.400000
 30
0.0
 10
698.700000
 20
717.800000
 30
0.0
 10
692.900000
 20
729.700000
 30
0.0
  0
SPLINE
  5
2b1
100
AcDbEntity
  8
0
 62
7
100
AcDbSpline
 70
8
 71
3
 72
8
 73
4
 74
0
 40
0
 40
0
 40
0
 40
0
 40
1
 40
1
 40
1
 40
1
 10
692.900000
 20
729.700000
 30
0.0
 10
671.100000
 20
708.300000
 30
0.0
 10
648.000000
 20
687.000000
 30
0.0
 10
623.900000
 20
665.600000
 30
0.0
  0
SPLINE
  5
2b2
100
AcDbEntity
  8
0
 62
7
100
AcDbSpline
 70
8
 71
3
 72
8
 73
4
 74
0
 40
0
 40
0
 40
0
 40
0
 40
1
 40
1
 40
1
 40
1
 10
623.900000
 20
665.600000
 30
0.0
 10
690.800000
 20
741.100000
 30
0.0
 10
677.300000
 20
772.200000
 30
0.0
 10
657.600000
 20
799.900000
 30
0.0
  0
SPLINE
  5
2b3
100
AcDbEntity
  8
0
 62
7
100
AcDbSpline
 70
8
 71
3
 72
8
 73
4
 74
0
 40
0
 40
0
 40
0
 40
0
 40
1
 40
1
 40
1
 40
1
 10
657.600000
 20
799.900000
 30
0.0
 10
636.700000
 20
761.000000
 30
0.0
 10
619.400000
 20
724.500000
 30
0.0
 10
580.200000
 20
678.400000
 30
0.0
  0
LINE
  5
2b4
100
AcDbEntity
  8
0
 62
7
100
AcDbLine
 10
580.200000
 20
678.400000
 30
0.0
 11
558.000000
 21
623.400000
 31
0.0
  0
LINE
  5
2b5
100
AcDbEntity
  8
0
 62
7
100
AcDbLine
 10
558.000000
 20
623.400000
 30
0.0
 11
572.600000
 21
533.600000
 31
0.0
  0
LINE
  5
2b6
100
AcDbEntity
  8
0
 62
7
100
AcDbLine
 10
572.600000
 20
533.600000
 30
0.0
 11
544.400000
 21
445.600000
 31
0.0
  0
LINE
  5
2b7
100
AcDbEntity
  8
0
 62
7
100
AcDbLine
 10
544.400000
 20
445.600000
 30
0.0
 11
557.500000
 21
425.200000
 31
0.0
  0
SPLINE
  5
2b8
100
AcDbEntity
  8
0
 62
7
100
AcDbSpline
 70
8
 71
3
 72
8
 73
4
 74
0
 40
0
 40
0
 40
0
 40
0
 40
1
 40
1
 40
1
 40
1
 10
573.400000
 20
622.200000
 30
0.0
 10
591.800000
 20
635.600000
 30
0.0
 10
609.400000
 20
650.100000
 30
0.0
 10
625.400000
 20
667.100000
 30
0.0
  0
LINE
  5
2b9
100
AcDbEntity
  8
0
 62
7
100
AcDbLine
 10
573.400000
 20
622.200000
 30
0.0
 11
573.400000
 21
622.200000
 31
0.0
  0
SPLINE
  5
2ba
100
AcDbEntity
  8
0
 62
7
100
AcDbSpline
 70
8
 71
3
 72
8
 73
4
 74
0
 40
0
 40
0
 40
0
 40
0
 40
1
 40
1
 40
1
 40
1
 10
586.400000
 20
651.300000
 30
0.0
 10
610.700000
 20
670.800000
 30
0.0
 10
622.500000
 20
698.800000
 30
0.0
 10
637.800000
 20
724.400000
 30
0.0
  0
SPLINE
  5
2bb
100
AcDbEntity
  8
0
 62
7
100
AcDbSpline
 70
8
 71
3
 72
8
 73
4
 74
0
 40
0
 40
0
 40
0
 40
0
 40
1
 40
1
 40
1
 40
1
 10
637.800000
 20
724.400000
 30
0.0
 10
621.400000
 20
702.900000
 30
0.0
 10
607.000000
 20
680.000000
 30
0.0
 10
586.800000
 20
661.200000
 30
0.0
  0
LINE
  5
2bc
100
AcDbEntity
  8
0
 62
7
100
AcDbLine
 10
586.400000
 20
651.300000
 30
0.0
 11
586.400000
 21
651.300000
 31
0.0
  0
LINE
  5
2bd
100
AcDbEntity
  8
0
 62
7
100
AcDbLine
 10
558.500000
 20
434.500000
 30
0.0
 11
598.900000
 21
397.900000
 31
0.0
  0
LINE
  5
2be
100
AcDbEntity
  8
0
 62
7
100
AcDbLine
 10
598.900000
 20
397.900000
 30
0.0
 11
558.800000
 21
442.800000
 31
0.0
  0
LINE
  5
2bf
100
AcDbEntity
  8
0
 62
7
100
AcDbLine
 10
558.500000
 20
434.500000
 30
0.0
 11
558.500000
 21
434.500000
 31
0.0
  0
LINE
  5
2c0
100
AcDbEntity
  8
0
 62
7
100
AcDbLine
 10
574.200000
 20
453.100000
 30
0.0
 11
620.700000
 21
429.100000
 31
0.0
  0
LINE
  5
2c1
100
AcDbEntity
  8
0
 62
7
100
AcDbLine
 10
620.700000
 20
429.100000
 30
0.0
 11
580.000000
 21
456.000000
 31
0.0
  0
LINE
  5
2c2
100
AcDbEntity
  8
0
 62
7
100
AcDbLine
 10
574.200000
 20
453.100000
 30
0.0
 11
574.200000
 21
453.100000
 31
0.0
  0
LINE
  5
2c3
100
AcDbEntity
  8
0
 62
7
100
AcDbLine
 10
587.700000
 20
468.200000
 30
0.0
 11
634.600000
 21
460.500000
 31
0.0
  0
LINE
  5
2c4
100
AcDbEntity
  8
0
 62
7
100
AcDbLine
 10
634.600000
 20
460.500000
 30
0.0
 11
585.500000
 21
474.000000
 31
0.0
  0
LINE
  5
2c5
100
AcDbEntity
  8
0
 62
7
100
AcDbLine
 10
587.700000
 20
468.200000
 30
0.0
 11
587.700000
 21
468.200000
 31
0.0
  0
LINE
  5
2c6
100
AcDbEntity
  8
0
 62
7
100
AcDbLine
 10
601.500000
 20
492.300000
 30
0.0
 11
652.200000
 21
493.600000
 31
0.0
  0
LINE
  5
2c7
100
AcDbEntity
  8
0
 62
7
100
AcDbLine
 10
652.200000
 20
493.600000
 30
0.0
 11
602.400000
 21
497.800000
 31
0.0
  0
LINE
  5
2c8
100
AcDbEntity
  8
0
 62
7
100
AcDbLine
 10
601.500000
 20
492.300000
 30
0.0
 11
601.500000
 21
492.300000
 31
0.0
  0
LINE
  5
2c9
100
AcDbEntity
  8
0
 62
7
100
AcDbLine
 10
605.000000
 20
523.400000
 30
0.0
 11
661.800000
 21
534.600000
 31
0.0
  0
LINE
  5
2ca
100
AcDbEntity
  8
0
 62
7
100
AcDbLine
 10
661.800000
 20
534.600000
 30
0.0
 11
611.100000
 21
529.500000
 31
0.0
  0
LINE
  5
2cb
100
AcDbEntity
  8
0
 62
7
100
AcDbLine
 10
605.000000
 20
523.400000
 30
0.0
 11
605.000000
 21
523.400000
 31
0.0
  0
LINE
  5
2cc
100
AcDbEntity
  8
0
 62
7
100
AcDbLine
 10
601.200000
 20
554.500000
 30
0.0
 11
667.300000
 21
579.500000
 31
0.0
  0
LINE
  5
2cd
100
AcDbEntity
  8
0
 62
7
100
AcDbLine
 10
667.300000
 20
579.500000
 30
0.0
 11
607.300000
 21
561.200000
 31
0.0
  0
LINE
  5
2ce
100
AcDbEntity
  8
0
 62
7
100
AcDbLine
 10
601.200000
 20
554.500000
 30
0.0
 11
601.200000
 21
554.500000
 31
0.0
  0
LINE
  5
2cf
100
AcDbEntity
  8
0
 62
7
100
AcDbLine
 10
602.800000
 20
585.200000
 30
0.0
 11
659.000000
 21
620.500000
 31
0.0
  0
LINE
  5
2d0
100
AcDbEntity
  8
0
 62
7
100
AcDbLine
 10
659.000000
 20
620.500000
 30
0.0
 11
592.900000
 21
585.600000
 31
0.0
  0
LINE
  5
2d1
100
AcDbEntity
  8
0
 62
7
100
AcDbLine
 10
602.800000
 20
585.200000
 30
0.0
 11
602.800000
 21
585.200000
 31
0.0
  0
LINE
  5
2d2
100
AcDbEntity
  8
0
 62
7
100
AcDbLine
 10
602.800000
 20
620.200000
 30
0.0
 11
651.600000
 21
662.800000
 31
0.0
  0
LINE
  5
2d3
100
AcDbEntity
  8
0
 62
7
100
AcDbLine
 10
651.600000
 20
662.800000
 30
0.0
 11
598.600000
 21
624.300000
 31
0.0
  0
LINE
  5
2d4
100
AcDbEntity
  8
0
 62
7
100
AcDbLine
 10
602.800000
 20
620.200000
 30
0.0
 11
602.800000
 21
620.200000
 31
0.0
  0
SPLINE
  5
2d5
100
AcDbEntity
  8
0
 62
7
100
AcDbSpline
 70
8
 71
3
 72
8
 73
4
 74
0
 40
0
 40
0
 40
0
 40
0
 40
1
 40
1
 40
1
 40
1
 10
633.100000
 20
739.200000
 30
0.0
 10
644.700000
 20
755.900000
 30
0.0
 10
654.400000
 20
774.300000
 30
0.0
 10
658.300000
 20
787.000000
 30
0.0
  0
SPLINE
  5
2d6
100
AcDbEntity
  8
0
 62
7
100
AcDbSpline
 70
8
 71
3
 72
8
 73
4
 74
0
 40
0
 40
0
 40
0
 40
0
 40
1
 40
1
 40
1
 40
1
 10
658.300000
 20
787.000000
 30
0.0
 10
674.000000
 20
743.800000
 30
0.0
 10
653.600000
 20
724.100000
 30
0.0
 10
643.900000
 20
703.600000
 30
0.0
  0
LINE
  5
2d7
100
AcDbEntity
  8
0
 62
7
100
AcDbLine
 10
633.100000
 20
739.200000
 30
0.0
 11
633.100000
 21
739.200000
 31
0.0
  0
SPLINE
  5
2d8
100
AcDbEntity
  8
0
 62
7
100
AcDbSpline
 70
8
 71
3
 72
8
 73
4
 74
0
 40
0
 40
0
 40
0
 40
0
 40
1
 40
1
 40
1
 40
1
 10
645.800000
 20
676.000000
 30
0.0
 10
661.600000
 20
690.100000
 30
0.0
 10
678.100000
 20
704.200000
 30
0.0
 10
689.800000
 20
718.300000
 30
0.0
  0
SPLINE
  5
2d9
100
AcDbEntity
  8
0
 62
7
100
AcDbSpline
 70
8
 71
3
 72
8
 73
4
 74
0
 40
0
 40
0
 40
0
 40
0
 40
1
 40
1
 40
1
 40
1
 10
689.800000
 20
718.300000
 30
0.0
 10
693.600000
 20
676.400000
 30
0.0
 10
676.700000
 20
666.100000
 30
0.0
 10
661.200000
 20
651.900000
 30
0.0
  0
LINE
  5
2da
100
AcDbEntity
  8
0
 62
7
100
AcDbLine
 10
645.800000
 20
676.000000
 30
0.0
 11
645.800000
 21
676.000000
 31
0.0
  0
SPLINE
  5
2db
100
AcDbEntity
  8
0
 62
7
100
AcDbSpline
 70
8
 71
3
 72
8
 73
4
 74
0
 40
0
 40
0
 40
0
 40
0
 40
1
 40
1
 40
1
 40
1
 10
651.300000
 20
631.100000
 30
0.0
 10
665.700000
 20
642.200000
 30
0.0
 10
682.400000
 20
647.200000
 30
0.0
 10
702.300000
 20
650.700000
 30
0.0
  0
SPLINE
  5
2dc
100
AcDbEntity
  8
0
 62
7
100
AcDbSpline
 70
8
 71
3
 72
8
 73
4
 74
0
 40
0
 40
0
 40
0
 40
0
 40
1
 40
1
 40
1
 40
1
 10
702.300000
 20
650.700000
 30
0.0
 10
696.800000
 20
634.400000
 30
0.0
 10
689.100000
 20
617.400000
 30
0.0
 10
666.300000
 20
605.500000
 30
0.0
  0
LINE
  5
2dd
100
AcDbEntity
  8
0
 62
7
100
AcDbLine
 10
651.300000
 20
631.100000
 30
0.0
 11
651.300000
 21
631.100000
 31
0.0
  0
SPLINE
  5
2de
100
AcDbEntity
  8
0
 62
7
100
AcDbSpline
 70
8
 71
3
 72
8
 73
4
 74
0
 40
0
 40
0
 40
0
 40
0
 40
1
 40
1
 40
1
 40
1
 10
664.400000
 20
590.700000
 30
0.0
 10
677.900000
 20
595.400000
 30
0.0
 10
691.100000
 20
600.700000
 30
0.0
 10
708.100000
 20
598.400000
 30
0.0
  0
SPLINE
  5
2df
100
AcDbEntity
  8
0
 62
7
100
AcDbSpline
 70
8
 71
3
 72
8
 73
4
 74
0
 40
0
 40
0
 40
0
 40
0
 40
1
 40
1
 40
1
 40
1
 10
708.100000
 20
598.400000
 30
0.0
 10
698.600000
 20
579.700000
 30
0.0
 10
682.500000
 20
571.600000
 30
0.0
 10
667.300000
 20
564.100000
 30
0.0
  0
LINE
  5
2e0
100
AcDbEntity
  8
0
 62
7
100
AcDbLine
 10
664.400000
 20
590.700000
 30
0.0
 11
664.400000
 21
590.700000
 31
0.0
  0
SPLINE
  5
2e1
100
AcDbEntity
  8
0
 62
7
100
AcDbSpline
 70
8
 71
3
 72
8
 73
4
 74
0
 40
0
 40
0
 40
0
 40
0
 40
1
 40
1
 40
1
 40
1
 10
662.500000
 20
547.300000
 30
0.0
 10
680.100000
 20
551.900000
 30
0.0
 10
693.600000
 20
549.300000
 30
0.0
 10
706.400000
 20
544.800000
 30
0.0
  0
SPLINE
  5
2e2
100
AcDbEntity
  8
0
 62
7
100
AcDbSpline
 70
8
 71
3
 72
8
 73
4
 74
0
 40
0
 40
0
 40
0
 40
0
 40
1
 40
1
 40
1
 40
1
 10
706.400000
 20
544.800000
 30
0.0
 10
696.500000
 20
531.900000
 30
0.0
 10
681.100000
 20
524.500000
 30
0.0
 10
664.000000
 20
518.800000
 30
0.0
  0
LINE
  5
2e3
100
AcDbEntity
  8
0
 62
7
100
AcDbLine
 10
662.500000
 20
547.300000
 30
0.0
 11
662.500000
 21
547.300000
 31
0.0
  0
SPLINE
  5
2e4
100
AcDbEntity
  8
0
 62
7
100
AcDbSpline
 70
8
 71
3
 72
8
 73
4
 74
0
 40
0
 40
0
 40
0
 40
0
 40
1
 40
1
 40
1
 40
1
 10
664.700000
 20
507.000000
 30
0.0
 10
676.200000
 20
506.300000
 30
0.0
 10
687.600000
 20
502.700000
 30
0.0
 10
699.000000
 20
494.800000
 30
0.0
  0
SPLINE
  5
2e5
100
AcDbEntity
  8
0
 62
7
100
AcDbSpline
 70
8
 71
3
 72
8
 73
4
 74
0
 40
0
 40
0
 40
0
 40
0
 40
1
 40
1
 40
1
 40
1
 10
699.000000
 20
494.800000
 30
0.0
 10
687.300000
 20
479.400000
 30
0.0
 10
672.100000
 20
481.500000
 30
0.0
 10
656.600000
 20
481.000000
 30
0.0
  0
LINE
  5
2e6
100
AcDbEntity
  8
0
 62
7
100
AcDbLine
 10
664.700000
 20
507.000000
 30
0.0
 11
664.700000
 21
507.000000
 31
0.0
  0
SPLINE
  5
2e7
100
AcDbEntity
  8
0
 62
7
100
AcDbSpline
 70
8
 71
3
 72
8
 73
4
 74
0
 40
0
 40
0
 40
0
 40
0
 40
1
 40
1
 40
1
 40
1
 10
656.400000
 20
469.500000
 30
0.0
 10
670.100000
 20
464.900000
 30
0.0
 10
682.000000
 20
459.600000
 30
0.0
 10
684.600000
 20
449.900000
 30
0.0
  0
SPLINE
  5
2e8
100
AcDbEntity
  8
0
 62
7
100
AcDbSpline
 70
8
 71
3
 72
8
 73
4
 74
0
 40
0
 40
0
 40
0
 40
0
 40
1
 40
1
 40
1
 40
1
 10
684.600000
 20
449.900000
 30
0.0
 10
676.100000
 20
446.700000
 30
0.0
 10
673.400000
 20
442.900000
 30
0.0
 10
645.500000
 20
446.200000
 30
0.0
  0
LINE
  5
2e9
100
AcDbEntity
  8
0
 62
7
100
AcDbLine
 10
656.400000
 20
469.500000
 30
0.0
 11
656.400000
 21
469.500000
 31
0.0
  0
SPLINE
  5
2ea
100
AcDbEntity
  8
0
 62
7
100
AcDbSpline
 70
8
 71
3
 72
8
 73
4
 74
0
 40
0
 40
0
 40
0
 40
0
 40
1
 40
1
 40
1
 40
1
 10
649.000000
 20
427.200000
 30
0.0
 10
659.800000
 20
421.200000
 30
0.0
 10
661.300000
 20
420.400000
 30
0.0
 10
661.200000
 20
406.000000
 30
0.0
  0
SPLINE
  5
2eb
100
AcDbEntity
  8
0
 62
7
100
AcDbSpline
 70
8
 71
3
 72
8
 73
4
 74
0
 40
0
 40
0
 40
0
 40
0
 40
1
 40
1
 40
1
 40
1
 10
661.200000
 20
406.000000
 30
0.0
 10
652.200000
 20
403.200000
 30
0.0
 10
647.300000
 20
402.100000
 30
0.0
 10
636.300000
 20
406.700000
 30
0.0
  0
LINE
  5
2ec
100
AcDbEntity
  8
0
 62
7
100
AcDbLine
 10
649.000000
 20
427.200000
 30
0.0
 11
649.000000
 21
427.200000
 31
0.0
  0
SPLINE
  5
2ed
100
AcDbEntity
  8
0
 62
7
100
AcDbSpline
 70
8
 71
3
 72
8
 73
4
 74
0
 40
0
 40
0
 40
0
 40
0
 40
1
 40
1
 40
1
 40
1
 10
621.300000
 20
395.700000
 30
0.0
 10
637.100000
 20
384.500000
 30
0.0
 10
630.900000
 20
377.900000
 30
0.0
 10
631.700000
 20
370.700000
 30
0.0
  0
SPLINE
  5
2ee
100
AcDbEntity
  8
0
 62
7
100
AcDbSpline
 70
8
 71
3
 72
8
 73
4
 74
0
 40
0
 40
0
 40
0
 40
0
 40
1
 40
1
 40
1
 40
1
 10
631.700000
 20
370.700000
 30
0.0
 10
618.900000
 20
371.400000
 30
0.0
 10
614.300000
 20
364.500000
 30
0.0
 10
604.000000
 20
378.300000
 30
0.0
  0
LINE
  5
2ef
100
AcDbEntity
  8
0
 62
7
100
AcDbLine
 10
621.300000
 20
395.700000
 30
0.0
 11
621.300000
 21
395.700000
 31
0.0
  0
LINE
  5
2f0
100
AcDbEntity
  8
0
 62
7
100
AcDbLine
 10
598.000000
 20
425.200000
 30
0.0
 11
560.800000
 21
452.500000
 31
0.0
  0
LINE
  5
2f1
100
AcDbEntity
  8
0
 62
7
100
AcDbLine
 10
598.000000
 20
425.200000
 30
0.0
 11
598.000000
 21
425.200000
 31
0.0
  0
LINE
  5
2f2
100
AcDbEntity
  8
0
 62
7
100
AcDbLine
 10
633.300000
 20
442.600000
 30
0.0
 11
587.700000
 21
459.900000
 31
0.0
  0
LINE
  5
2f3
100
AcDbEntity
  8
0
 62
7
100
AcDbLine
 10
633.300000
 20
442.600000
 30
0.0
 11
633.300000
 21
442.600000
 31
0.0
  0
LINE
  5
2f4
100
AcDbEntity
  8
0
 62
7
100
AcDbLine
 10
665.400000
 20
473.700000
 30
0.0
 11
584.800000
 21
483.300000
 31
0.0
  0
LINE
  5
2f5
100
AcDbEntity
  8
0
 62
7
100
AcDbLine
 10
665.400000
 20
473.700000
 30
0.0
 11
665.400000
 21
473.700000
 31
0.0
  0
LINE
  5
2f6
100
AcDbEntity
  8
0
 62
7
100
AcDbLine
 10
671.200000
 20
513.400000
 30
0.0
 11
590.600000
 21
511.600000
 31
0.0
  0
LINE
  5
2f7
100
AcDbEntity
  8
0
 62
7
100
AcDbLine
 10
671.200000
 20
513.400000
 30
0.0
 11
671.200000
 21
513.400000
 31
0.0
  0
LINE
  5
2f8
100
AcDbEntity
  8
0
 62
7
100
AcDbLine
 10
671.900000
 20
558.300000
 30
0.0
 11
605.200000
 21
542.400000
 31
0.0
  0
LINE
  5
2f9
100
AcDbEntity
  8
0
 62
7
100
AcDbLine
 10
671.900000
 20
558.300000
 30
0.0
 11
671.900000
 21
558.300000
 31
0.0
  0
LINE
  5
2fa
100
AcDbEntity
  8
0
 62
7
100
AcDbLine
 10
666.200000
 20
648.800000
 30
0.0
 11
600.000000
 21
606.600000
 31
0.0
  0
LINE
  5
2fb
100
AcDbEntity
  8
0
 62
7
100
AcDbLine
 10
666.200000
 20
648.800000
 30
0.0
 11
666.200000
 21
648.800000
 31
0.0
  0
LINE
  5
2fc
100
AcDbEntity
  8
0
 62
7
100
AcDbLine
 10
677.800000
 20
604.800000
 30
0.0
 11
612.900000
 21
577.400000
 31
0.0
  0
LINE
  5
2fd
100
AcDbEntity
  8
0
 62
7
100
AcDbLine
 10
677.800000
 20
604.800000
 30
0.0
 11
677.800000
 21
604.800000
 31
0.0
  0
LINE
  5
2fe
100
AcDbEntity
  8
0
 62
7
100
AcDbLine
 10
520.600000
 20
420.800000
 30
0.0
 11
562.500000
 21
347.700000
 31
0.0
  0
SPLINE
  5
2ff
100
AcDbEntity
  8
0
 62
7
100
AcDbSpline
 70
8
 71
3
 72
8
 73
4
 74
0
 40
0
 40
0
 40
0
 40
0
 40
1
 40
1
 40
1
 40
1
 10
562.500000
 20
347.700000
 30
0.0
 10
566.200000
 20
340.300000
 30
0.0
 10
578.000000
 20
341.100000
 30
0.0
 10
588.600000
 20
340.700000
 30
0.0
  0
SPLINE
  5
300
100
AcDbEntity
  8
0
 62
7
100
AcDbSpline
 70
8
 71
3
 72
8
 73
4
 74
0
 40
0
 40
0
 40
0
 40
0
 40
1
 40
1
 40
1
 40
1
 10
588.600000
 20
340.700000
 30
0.0
 10
596.600000
 20
350.500000
 30
0.0
 10
598.000000
 20
360.300000
 30
0.0
 10
593.900000
 20
370.100000
 30
0.0
  0
LINE
  5
301
100
AcDbEntity
  8
0
 62
7
100
AcDbLine
 10
593.900000
 20
370.100000
 30
0.0
 11
544.600000
 21
438.200000
 31
0.0
  0
LINE
  5
302
100
AcDbEntity
  8
0
 62
7
100
AcDbLine
 10
544.600000
 20
438.200000
 30
0.0
 11
520.600000
 21
420.800000
 31
0.0
  0
LINE
  5
303
100
AcDbEntity
  8
0
 62
7
100
AcDbLine
 10
533.500000
 20
419.500000
 30
0.0
 11
565.600000
 21
375.900000
 31
0.0
  0
LINE
  5
304
100
AcDbEntity
  8
0
 62
7
100
AcDbLine
 10
565.600000
 20
375.900000
 30
0.0
 11
534.500000
 21
428.500000
 31
0.0
  0
LINE
  5
305
100
AcDbEntity
  8
0
 62
7
100
AcDbLine
 10
533.500000
 20
419.500000
 30
0.0
 11
533.500000
 21
419.500000
 31
0.0
  0
SPLINE
  5
306
100
AcDbEntity
  8
0
 62
7
100
AcDbSpline
 70
8
 71
3
 72
8
 73
4
 74
0
 40
0
 40
0
 40
0
 40
0
 40
1
 40
1
 40
1
 40
1
 10
586.700000
 20
369.100000
 30
0.0
 10
593.700000
 20
357.900000
 30
0.0
 10
590.700000
 20
354.800000
 30
0.0
 10
584.800000
 20
345.700000
 30
0.0
  0
SPLINE
  5
307
100
AcDbEntity
  8
0
 62
7
100
AcDbSpline
 70
8
 71
3
 72
8
 73
4
 74
0
 40
0
 40
0
 40
0
 40
0
 40
1
 40
1
 40
1
 40
1
 10
584.800000
 20
345.700000
 30
0.0
 10
573.100000
 20
348.700000
 30
0.0
 10
571.300000
 20
342.000000
 30
0.0
 10
563.600000
 20
357.600000
 30
0.0
  0
LINE
  5
308
100
AcDbEntity
  8
0
 62
7
100
AcDbLine
 10
586.700000
 20
369.100000
 30
0.0
 11
586.700000
 21
369.100000
 31
0.0
  0
LINE
  5
309
100
AcDbEntity
  8
0
 62
7
100
AcDbLine
 10
491.700000
 20
407.300000
 30
0.0
 11
515.400000
 21
337.600000
 31
0.0
  0
SPLINE
  5
30a
100
AcDbEntity
  8
0
 62
7
100
AcDbSpline
 70
8
 71
3
 72
8
 73
4
 74
0
 40
0
 40
0
 40
0
 40
0
 40
1
 40
1
 40
1
 40
1
 10
515.400000
 20
337.600000
 30
0.0
 10
523.600000
 20
326.500000
 30
0.0
 10
531.700000
 20
329.200000
 30
0.0
 10
539.900000
 20
325.600000
 30
0.0
  0
SPLINE
  5
30b
100
AcDbEntity
  8
0
 62
7
100
AcDbSpline
 70
8
 71
3
 72
8
 73
4
 74
0
 40
0
 40
0
 40
0
 40
0
 40
1
 40
1
 40
1
 40
1
 10
539.900000
 20
325.600000
 30
0.0
 10
550.800000
 20
335.800000
 30
0.0
 10
554.300000
 20
346.800000
 30
0.0
 10
553.100000
 20
350.300000
 30
0.0
  0
LINE
  5
30c
100
AcDbEntity
  8
0
 62
7
100
AcDbLine
 10
553.100000
 20
350.300000
 30
0.0
 11
519.400000
 21
420.500000
 31
0.0
  0
LINE
  5
30d
100
AcDbEntity
  8
0
 62
7
100
AcDbLine
 10
519.400000
 20
420.500000
 30
0.0
 11
491.700000
 21
407.300000
 31
0.0
  0
LINE
  5
30e
100
AcDbEntity
  8
0
 62
7
100
AcDbLine
 10
504.600000
 20
405.000000
 30
0.0
 11
527.700000
 21
359.800000
 31
0.0
  0
LINE
  5
30f
100
AcDbEntity
  8
0
 62
7
100
AcDbLine
 10
527.700000
 20
359.800000
 30
0.0
 11
511.000000
 21
408.900000
 31
0.0
  0
LINE
  5
310
100
AcDbEntity
  8
0
 62
7
100
AcDbLine
 10
504.600000
 20
405.000000
 30
0.0
 11
504.600000
 21
405.000000
 31
0.0
  0
SPLINE
  5
311
100
AcDbEntity
  8
0
 62
7
100
AcDbSpline
 70
8
 71
3
 72
8
 73
4
 74
0
 40
0
 40
0
 40
0
 40
0
 40
1
 40
1
 40
1
 40
1
 10
544.700000
 20
353.700000
 30
0.0
 10
548.000000
 20
348.800000
 30
0.0
 10
546.500000
 20
341.600000
 30
0.0
 10
538.600000
 20
331.600000
 30
0.0
  0
SPLINE
  5
312
100
AcDbEntity
  8
0
 62
7
100
AcDbSpline
 70
8
 71
3
 72
8
 73
4
 74
0
 40
0
 40
0
 40
0
 40
0
 40
1
 40
1
 40
1
 40
1
 10
538.600000
 20
331.600000
 30
0.0
 10
531.500000
 20
335.400000
 30
0.0
 10
520.500000
 20
334.300000
 30
0.0
 10
519.700000
 20
346.700000
 30
0.0
  0
LINE
  5
313
100
AcDbEntity
  8
0
 62
7
100
AcDbLine
 10
544.700000
 20
353.700000
 30
0.0
 11
544.700000
 21
353.700000
 31
0.0
  0
LINE
  5
314
100
AcDbEntity
  8
0
 62
7
100
AcDbLine
 10
492.700000
 20
406.300000
 30
0.0
 11
501.400000
 21
348.300000
 31
0.0
  0
SPLINE
  5
315
100
AcDbEntity
  8
0
 62
7
100
AcDbSpline
 70
8
 71
3
 72
8
 73
4
 74
0
 40
0
 40
0
 40
0
 40
0
 40
1
 40
1
 40
1
 40
1
 10
501.400000
 20
348.300000
 30
0.0
 10
500.700000
 20
342.000000
 30
0.0
 10
491.000000
 20
337.000000
 30
0.0
 10
482.100000
 20
331.900000
 30
0.0
  0
SPLINE
  5
316
100
AcDbEntity
  8
0
 62
7
100
AcDbSpline
 70
8
 71
3
 72
8
 73
4
 74
0
 40
0
 40
0
 40
0
 40
0
 40
1
 40
1
 40
1
 40
1
 10
482.100000
 20
331.900000
 30
0.0
 10
475.600000
 20
335.900000
 30
0.0
 10
467.300000
 20
335.600000
 30
0.0
 10
462.900000
 20
345.100000
 30
0.0
  0
LINE
  5
317
100
AcDbEntity
  8
0
 62
7
100
AcDbLine
 10
462.900000
 20
345.100000
 30
0.0
 11
459.300000
 21
403.800000
 31
0.0
  0
LINE
  5
318
100
AcDbEntity
  8
0
 62
7
100
AcDbLine
 10
459.300000
 20
403.800000
 30
0.0
 11
492.700000
 21
406.300000
 31
0.0
  0
SPLINE
  5
319
100
AcDbEntity
  8
0
 62
7
100
AcDbSpline
 70
8
 71
3
 72
8
 73
4
 74
0
 40
0
 40
0
 40
0
 40
0
 40
1
 40
1
 40
1
 40
1
 10
467.200000
 20
356.400000
 30
0.0
 10
467.800000
 20
339.800000
 30
0.0
 10
475.400000
 20
343.600000
 30
0.0
 10
481.300000
 20
338.600000
 30
0.0
  0
SPLINE
  5
31a
100
AcDbEntity
  8
0
 62
7
100
AcDbSpline
 70
8
 71
3
 72
8
 73
4
 74
0
 40
0
 40
0
 40
0
 40
0
 40
1
 40
1
 40
1
 40
1
 10
481.300000
 20
338.600000
 30
0.0
 10
488.700000
 20
345.100000
 30
0.0
 10
498.500000
 20
343.100000
 30
0.0
 10
495.300000
 20
357.500000
 30
0.0
  0
LINE
  5
31b
100
AcDbEntity
  8
0
 62
7
100
AcDbLine
 10
467.200000
 20
356.400000
 30
0.0
 11
467.200000
 21
356.400000
 31
0.0
  0
LINE
  5
31c
100
AcDbEntity
  8
0
 62
7
100
AcDbLine
 10
471.700000
 20
399.400000
 30
0.0
 11
478.600000
 21
361.700000
 31
0.0
  0
LINE
  5
31d
100
AcDbEntity
  8
0
 62
7
100
AcDbLine
 10
478.600000
 20
361.700000
 30
0.0
 11
479.100000
 21
399.000000
 31
0.0
  0
LINE
  5
31e
100
AcDbEntity
  8
0
 62
7
100
AcDbLine
 10
471.700000
 20
399.400000
 30
0.0
 11
471.700000
 21
399.400000
 31
0.0
  0
SPLINE
  5
31f
100
AcDbEntity
  8
0
 62
7
100
AcDbSpline
 70
8
 71
3
 72
8
 73
4
 74
0
 40
0
 40
0
 40
0
 40
0
 40
1
 40
1
 40
1
 40
1
 10
534.700000
 20
631.100000
 30
0.0
 10
556.000000
 20
648.300000
 30
0.0
 10
571.500000
 20
666.700000
 30
0.0
 10
577.100000
 20
687.500000
 30
0.0
  0
SPLINE
  5
320
100
AcDbEntity
  8
0
 62
7
100
AcDbSpline
 70
8
 71
3
 72
8
 73
4
 74
0
 40
0
 40
0
 40
0
 40
0
 40
1
 40
1
 40
1
 40
1
 10
577.100000
 20
687.500000
 30
0.0
 10
593.900000
 20
663.300000
 30
0.0
 10
585.700000
 20
639.200000
 30
0.0
 10
567.500000
 20
615.000000
 30
0.0
  0
SPLINE
  5
321
100
AcDbEntity
  8
0
 62
7
100
AcDbSpline
 70
8
 71
3
 72
8
 73
4
 74
0
 40
0
 40
0
 40
0
 40
0
 40
1
 40
1
 40
1
 40
1
 10
567.500000
 20
615.000000
 30
0.0
 10
579.000000
 20
622.300000
 30
0.0
 10
590.700000
 20
625.700000
 30
0.0
 10
602.800000
 20
623.300000
 30
0.0
  0
SPLINE
  5
322
100
AcDbEntity
  8
0
 62
7
100
AcDbSpline
 70
8
 71
3
 72
8
 73
4
 74
0
 40
0
 40
0
 40
0
 40
0
 40
1
 40
1
 40
1
 40
1
 10
602.800000
 20
623.300000
 30
0.0
 10
603.000000
 20
604.600000
 30
0.0
 10
590.900000
 20
596.400000
 30
0.0
 10
583.500000
 20
584.200000
 30
0.0
  0
SPLINE
  5
323
100
AcDbEntity
  8
0
 62
7
100
AcDbSpline
 70
8
 71
3
 72
8
 73
4
 74
0
 40
0
 40
0
 40
0
 40
0
 40
1
 40
1
 40
1
 40
1
 10
583.500000
 20
584.200000
 30
0.0
 10
594.200000
 20
586.200000
 30
0.0
 10
604.900000
 20
588.100000
 30
0.0
 10
615.000000
 20
576.500000
 30
0.0
  0
SPLINE
  5
324
100
AcDbEntity
  8
0
 62
7
100
AcDbSpline
 70
8
 71
3
 72
8
 73
4
 74
0
 40
0
 40
0
 40
0
 40
0
 40
1
 40
1
 40
1
 40
1
 10
615.000000
 20
576.500000
 30
0.0
 10
613.300000
 20
568.500000
 30
0.0
 10
603.500000
 20
553.300000
 30
0.0
 10
589.300000
 20
548.300000
 30
0.0
  0
SPLINE
  5
325
100
AcDbEntity
  8
0
 62
7
100
AcDbSpline
 70
8
 71
3
 72
8
 73
4
 74
0
 40
0
 40
0
 40
0
 40
0
 40
1
 40
1
 40
1
 40
1
 10
589.300000
 20
548.300000
 30
0.0
 10
597.400000
 20
547.700000
 30
0.0
 10
605.600000
 20
544.300000
 30
0.0
 10
613.700000
 20
532.900000
 30
0.0
  0
SPLINE
  5
326
100
AcDbEntity
  8
0
 62
7
100
AcDbSpline
 70
8
 71
3
 72
8
 73
4
 74
0
 40
0
 40
0
 40
0
 40
0
 40
1
 40
1
 40
1
 40
1
 10
613.700000
 20
532.900000
 30
0.0
 10
605.500000
 20
523.100000
 30
0.0
 10
596.700000
 20
516.200000
 30
0.0
 10
586.700000
 20
514.300000
 30
0.0
  0
SPLINE
  5
327
100
AcDbEntity
  8
0
 62
7
100
AcDbSpline
 70
8
 71
3
 72
8
 73
4
 74
0
 40
0
 40
0
 40
0
 40
0
 40
1
 40
1
 40
1
 40
1
 10
586.700000
 20
514.300000
 30
0.0
 10
592.800000
 20
510.600000
 30
0.0
 10
599.100000
 20
508.700000
 30
0.0
 10
604.000000
 20
495.700000
 30
0.0
  0
SPLINE
  5
328
100
AcDbEntity
  8
0
 62
7
100
AcDbSpline
 70
8
 71
3
 72
8
 73
4
 74
0
 40
0
 40
0
 40
0
 40
0
 40
1
 40
1
 40
1
 40
1
 10
604.000000
 20
495.700000
 30
0.0
 10
597.600000
 20
487.800000
 30
0.0
 10
589.600000
 20
483.900000
 30
0.0
 10
579.600000
 20
482.100000
 30
0.0
  0
SPLINE
  5
329
100
AcDbEntity
  8
0
 62
7
100
AcDbSpline
 70
8
 71
3
 72
8
 73
4
 74
0
 40
0
 40
0
 40
0
 40
0
 40
1
 40
1
 40
1
 40
1
 10
579.600000
 20
482.100000
 30
0.0
 10
583.300000
 20
476.600000
 30
0.0
 10
588.200000
 20
473.800000
 30
0.0
 10
587.900000
 20
459.800000
 30
0.0
  0
SPLINE
  5
32a
100
AcDbEntity
  8
0
 62
7
100
AcDbSpline
 70
8
 71
3
 72
8
 73
4
 74
0
 40
0
 40
0
 40
0
 40
0
 40
1
 40
1
 40
1
 40
1
 10
587.900000
 20
459.800000
 30
0.0
 10
573.400000
 20
451.400000
 30
0.0
 10
565.800000
 20
454.500000
 30
0.0
 10
559.000000
 20
454.700000
 30
0.0
  0
SPLINE
  5
32b
100
AcDbEntity
  8
0
 62
7
100
AcDbSpline
 70
8
 71
3
 72
8
 73
4
 74
0
 40
0
 40
0
 40
0
 40
0
 40
1
 40
1
 40
1
 40
1
 10
559.000000
 20
454.700000
 30
0.0
 10
561.600000
 20
446.700000
 30
0.0
 10
562.100000
 20
437.400000
 30
0.0
 10
558.100000
 20
425.200000
 30
0.0
  0
SPLINE
  5
32c
100
AcDbEntity
  8
0
 62
7
100
AcDbSpline
 70
8
 71
3
 72
8
 73
4
 74
0
 40
0
 40
0
 40
0
 40
0
 40
1
 40
1
 40
1
 40
1
 10
558.100000
 20
425.200000
 30
0.0
 10
549.000000
 20
425.600000
 30
0.0
 10
538.900000
 20
424.600000
 30
0.0
 10
532.600000
 20
429.600000
 30
0.0
  0
SPLINE
  5
32d
100
AcDbEntity
  8
0
 62
7
100
AcDbSpline
 70
8
 71
3
 72
8
 73
4
 74
0
 40
0
 40
0
 40
0
 40
0
 40
1
 40
1
 40
1
 40
1
 10
532.600000
 20
429.600000
 30
0.0
 10
535.500000
 20
421.000000
 30
0.0
 10
530.800000
 20
414.000000
 30
0.0
 10
528.100000
 20
406.500000
 30
0.0
  0
SPLINE
  5
32e
100
AcDbEntity
  8
0
 62
7
100
AcDbSpline
 70
8
 71
3
 72
8
 73
4
 74
0
 40
0
 40
0
 40
0
 40
0
 40
1
 40
1
 40
1
 40
1
 10
528.100000
 20
406.500000
 30
0.0
 10
517.800000
 20
406.500000
 30
0.0
 10
509.100000
 20
407.400000
 30
0.0
 10
504.200000
 20
413.400000
 30
0.0
  0
SPLINE
  5
32f
100
AcDbEntity
  8
0
 62
7
100
AcDbSpline
 70
8
 71
3
 72
8
 73
4
 74
0
 40
0
 40
0
 40
0
 40
0
 40
1
 40
1
 40
1
 40
1
 10
504.200000
 20
413.400000
 30
0.0
 10
505.600000
 20
406.100000
 30
0.0
 10
499.800000
 20
398.400000
 30
0.0
 10
494.100000
 20
391.100000
 30
0.0
  0
SPLINE
  5
330
100
AcDbEntity
  8
0
 62
7
100
AcDbSpline
 70
8
 71
3
 72
8
 73
4
 74
0
 40
0
 40
0
 40
0
 40
0
 40
1
 40
1
 40
1
 40
1
 10
494.100000
 20
391.100000
 30
0.0
 10
485.200000
 20
393.200000
 30
0.0
 10
475.300000
 20
394.200000
 30
0.0
 10
471.600000
 20
402.000000
 30
0.0
  0
SPLINE
  5
331
100
AcDbEntity
  8
0
 62
7
100
AcDbSpline
 70
8
 71
3
 72
8
 73
4
 74
0
 40
0
 40
0
 40
0
 40
0
 40
1
 40
1
 40
1
 40
1
 10
471.600000
 20
402.000000
 30
0.0
 10
469.600000
 20
394.300000
 30
0.0
 10
461.500000
 20
390.200000
 30
0.0
 10
453.600000
 20
386.000000
 30
0.0
  0
SPLINE
  5
332
100
AcDbEntity
  8
0
 62
7
100
AcDbSpline
 70
8
 71
3
 72
8
 73
4
 74
0
 40
0
 40
0
 40
0
 40
0
 40
1
 40
1
 40
1
 40
1
 10
453.600000
 20
386.000000
 30
0.0
 10
445.100000
 20
388.700000
 30
0.0
 10
437.300000
 20
393.600000
 30
0.0
 10
435.400000
 20
400.400000
 30
0.0
  0
SPLINE
  5
333
100
AcDbEntity
  8
0
 62
7
100
AcDbSpline
 70
8
 71
3
 72
8
 73
4
 74
0
 40
0
 40
0
 40
0
 40
0
 40
1
 40
1
 40
1
 40
1
 10
435.400000
 20
400.400000
 30
0.0
 10
432.100000
 20
393.900000
 30
0.0
 10
425.600000
 20
388.800000
 30
0.0
 10
415.100000
 20
385.300000
 30
0.0
  0
SPLINE
  5
334
100
AcDbEntity
  8
0
 62
7
100
AcDbSpline
 70
8
 71
3
 72
8
 73
4
 74
0
 40
0
 40
0
 40
0
 40
0
 40
1
 40
1
 40
1
 40
1
 10
415.100000
 20
385.300000
 30
0.0
 10
409.500000
 20
390.000000
 30
0.0
 10
401.100000
 20
395.500000
 30
0.0
 10
401.500000
 20
402.300000
 30
0.0
  0
LINE
  5
335
100
AcDbEntity
  8
0
 62
7
100
AcDbLine
 10
401.500000
 20
402.300000
 30
0.0
 11
417.100000
 21
454.500000
 31
0.0
  0
LINE
  5
336
100
AcDbEntity
  8
0
 62
7
100
AcDbLine
 10
417.100000
 20
454.500000
 30
0.0
 11
490.200000
 21
485.000000
 31
0.0
  0
LINE
  5
337
100
AcDbEntity
  8
0
 62
7
100
AcDbLine
 10
490.200000
 20
485.000000
 30
0.0
 11
503.000000
 21
529.800000
 31
0.0
  0
LINE
  5
338
100
AcDbEntity
  8
0
 62
7
100
AcDbLine
 10
503.000000
 20
529.800000
 30
0.0
 11
490.100000
 21
580.900000
 31
0.0
  0
LINE
  5
339
100
AcDbEntity
  8
0
 62
7
100
AcDbLine
 10
490.100000
 20
580.900000
 30
0.0
 11
534.700000
 21
631.100000
 31
0.0
  0
LINE
  5
33a
100
AcDbEntity
  8
0
 62
7
100
AcDbLine
 10
436.100000
 20
400.300000
 30
0.0
 11
438.400000
 21
444.700000
 31
0.0
  0
LINE
  5
33b
100
AcDbEntity
  8
0
 62
7
100
AcDbLine
 10
436.100000
 20
400.300000
 30
0.0
 11
436.100000
 21
400.300000
 31
0.0
  0
LINE
  5
33c
100
AcDbEntity
  8
0
 62
7
100
AcDbLine
 10
471.700000
 20
401.400000
 30
0.0
 11
465.800000
 21
442.700000
 31
0.0
  0
LINE
  5
33d
100
AcDbEntity
  8
0
 62
7
100
AcDbLine
 10
471.700000
 20
401.400000
 30
0.0
 11
471.700000
 21
401.400000
 31
0.0
  0
LINE
  5
33e
100
AcDbEntity
  8
0
 62
7
100
AcDbLine
 10
504.800000
 20
413.700000
 30
0.0
 11
488.000000
 21
450.000000
 31
0.0
  0
LINE
  5
33f
100
AcDbEntity
  8
0
 62
7
100
AcDbLine
 10
504.800000
 20
413.700000
 30
0.0
 11
504.800000
 21
413.700000
 31
0.0
  0
LINE
  5
340
100
AcDbEntity
  8
0
 62
7
100
AcDbLine
 10
533.700000
 20
428.600000
 30
0.0
 11
506.900000
 21
464.600000
 31
0.0
  0
LINE
  5
341
100
AcDbEntity
  8
0
 62
7
100
AcDbLine
 10
533.700000
 20
428.600000
 30
0.0
 11
533.700000
 21
428.600000
 31
0.0
  0
LINE
  5
342
100
AcDbEntity
  8
0
 62
7
100
AcDbLine
 10
558.900000
 20
454.700000
 30
0.0
 11
529.200000
 21
474.400000
 31
0.0
  0
LINE
  5
343
100
AcDbEntity
  8
0
 62
7
100
AcDbLine
 10
558.900000
 20
454.700000
 30
0.0
 11
558.900000
 21
454.700000
 31
0.0
  0
LINE
  5
344
100
AcDbEntity
  8
0
 62
7
100
AcDbLine
 10
580.700000
 20
482.100000
 30
0.0
 11
534.200000
 21
491.600000
 31
0.0
  0
LINE
  5
345
100
AcDbEntity
  8
0
 62
7
100
AcDbLine
 10
580.700000
 20
482.100000
 30
0.0
 11
580.700000
 21
482.100000
 31
0.0
  0
LINE
  5
346
100
AcDbEntity
  8
0
 62
7
100
AcDbLine
 10
586.800000
 20
514.600000
 30
0.0
 11
542.500000
 21
515.500000
 31
0.0
  0
LINE
  5
347
100
AcDbEntity
  8
0
 62
7
100
AcDbLine
 10
586.800000
 20
514.600000
 30
0.0
 11
586.800000
 21
514.600000
 31
0.0
  0
LINE
  5
348
100
AcDbEntity
  8
0
 62
7
100
AcDbLine
 10
590.200000
 20
548.500000
 30
0.0
 11
531.200000
 21
538.600000
 31
0.0
  0
LINE
  5
349
100
AcDbEntity
  8
0
 62
7
100
AcDbLine
 10
590.200000
 20
548.500000
 30
0.0
 11
590.200000
 21
548.500000
 31
0.0
  0
LINE
  5
34a
100
AcDbEntity
  8
0
 62
7
100
AcDbLine
 10
583.200000
 20
583.900000
 30
0.0
 11
545.000000
 21
566.200000
 31
0.0
  0
LINE
  5
34b
100
AcDbEntity
  8
0
 62
7
100
AcDbLine
 10
583.200000
 20
583.900000
 30
0.0
 11
583.200000
 21
583.900000
 31
0.0
  0
LINE
  5
34c
100
AcDbEntity
  8
0
 62
7
100
AcDbLine
 10
568.200000
 20
615.900000
 30
0.0
 11
530.300000
 21
587.100000
 31
0.0
  0
LINE
  5
34d
100
AcDbEntity
  8
0
 62
7
100
AcDbLine
 10
568.200000
 20
615.900000
 30
0.0
 11
568.200000
 21
615.900000
 31
0.0
  0
LINE
  5
34e
100
AcDbEntity
  8
0
 62
7
100
AcDbLine
 10
423.100000
 20
442.700000
 30
0.0
 11
420.400000
 21
414.800000
 31
0.0
  0
LINE
  5
34f
100
AcDbEntity
  8
0
 62
7
100
AcDbLine
 10
420.400000
 20
414.800000
 30
0.0
 11
429.500000
 21
442.000000
 31
0.0
  0
LINE
  5
350
100
AcDbEntity
  8
0
 62
7
100
AcDbLine
 10
423.100000
 20
442.700000
 30
0.0
 11
423.100000
 21
442.700000
 31
0.0
  0
SPLINE
  5
351
100
AcDbEntity
  8
0
 62
7
100
AcDbSpline
 70
8
 71
3
 72
8
 73
4
 74
0
 40
0
 40
0
 40
0
 40
0
 40
1
 40
1
 40
1
 40
1
 10
408.000000
 20
410.300000
 30
0.0
 10
406.500000
 20
403.800000
 30
0.0
 10
409.000000
 20
401.200000
 30
0.0
 10
416.400000
 20
394.200000
 30
0.0
  0
SPLINE
  5
352
100
AcDbEntity
  8
0
 62
7
100
AcDbSpline
 70
8
 71
3
 72
8
 73
4
 74
0
 40
0
 40
0
 40
0
 40
0
 40
1
 40
1
 40
1
 40
1
 10
416.400000
 20
394.200000
 30
0.0
 10
422.200000
 20
397.800000
 30
0.0
 10
430.600000
 20
398.100000
 30
0.0
 10
431.700000
 20
406.200000
 30
0.0
  0
LINE
  5
353
100
AcDbEntity
  8
0
 62
7
100
AcDbLine
 10
408.000000
 20
410.300000
 30
0.0
 11
408.000000
 21
410.300000
 31
0.0
  0
LINE
  5
354
100
AcDbEntity
  8
0
 62
7
100
AcDbLine
 10
448.800000
 20
446.500000
 30
0.0
 11
452.400000
 21
415.200000
 31
0.0
  0
LINE
  5
355
100
AcDbEntity
  8
0
 62
7
100
AcDbLine
 10
452.400000
 20
415.200000
 30
0.0
 11
455.100000
 21
443.300000
 31
0.0
  0
LINE
  5
356
100
AcDbEntity
  8
0
 62
7
100
AcDbLine
 10
448.800000
 20
446.500000
 30
0.0
 11
448.800000
 21
446.500000
 31
0.0
  0
LINE
  5
357
100
AcDbEntity
  8
0
 62
7
100
AcDbLine
 10
473.800000
 20
447.000000
 30
0.0
 11
483.800000
 21
422.500000
 31
0.0
  0
LINE
  5
358
100
AcDbEntity
  8
0
 62
7
100
AcDbLine
 10
483.800000
 20
422.500000
 30
0.0
 11
477.400000
 21
452.900000
 31
0.0
  0
LINE
  5
359
100
AcDbEntity
  8
0
 62
7
100
AcDbLine
 10
473.800000
 20
447.000000
 30
0.0
 11
473.800000
 21
447.000000
 31
0.0
  0
LINE
  5
35a
100
AcDbEntity
  8
0
 62
7
100
AcDbLine
 10
499.200000
 20
451.500000
 30
0.0
 11
512.800000
 21
429.300000
 31
0.0
  0
LINE
  5
35b
100
AcDbEntity
  8
0
 62
7
100
AcDbLine
 10
512.800000
 20
429.300000
 30
0.0
 11
502.400000
 21
453.800000
 31
0.0
  0
LINE
  5
35c
100
AcDbEntity
  8
0
 62
7
100
AcDbLine
 10
499.200000
 20
451.500000
 30
0.0
 11
499.200000
 21
451.500000
 31
0.0
  0
SPLINE
  5
35d
100
AcDbEntity
  8
0
 62
7
100
AcDbSpline
 70
8
 71
3
 72
8
 73
4
 74
0
 40
0
 40
0
 40
0
 40
0
 40
1
 40
1
 40
1
 40
1
 10
442.300000
 20
405.600000
 30
0.0
 10
440.800000
 20
398.400000
 30
0.0
 10
448.600000
 20
396.500000
 30
0.0
 10
453.400000
 20
392.800000
 30
0.0
  0
SPLINE
  5
35e
100
AcDbEntity
  8
0
 62
7
100
AcDbSpline
 70
8
 71
3
 72
8
 73
4
 74
0
 40
0
 40
0
 40
0
 40
0
 40
1
 40
1
 40
1
 40
1
 10
453.400000
 20
392.800000
 30
0.0
 10
457.900000
 20
396.700000
 30
0.0
 10
466.400000
 20
399.800000
 30
0.0
 10
465.800000
 20
405.300000
 30
0.0
  0
LINE
  5
35f
100
AcDbEntity
  8
0
 62
7
100
AcDbLine
 10
442.300000
 20
405.600000
 30
0.0
 11
442.300000
 21
405.600000
 31
0.0
  0
SPLINE
  5
360
100
AcDbEntity
  8
0
 62
7
100
AcDbSpline
 70
8
 71
3
 72
8
 73
4
 74
0
 40
0
 40
0
 40
0
 40
0
 40
1
 40
1
 40
1
 40
1
 10
475.400000
 20
406.500000
 30
0.0
 10
480.800000
 20
398.600000
 30
0.0
 10
486.200000
 20
401.000000
 30
0.0
 10
491.600000
 20
398.300000
 30
0.0
  0
SPLINE
  5
361
100
AcDbEntity
  8
0
 62
7
100
AcDbSpline
 70
8
 71
3
 72
8
 73
4
 74
0
 40
0
 40
0
 40
0
 40
0
 40
1
 40
1
 40
1
 40
1
 10
491.600000
 20
398.300000
 30
0.0
 10
494.200000
 20
403.300000
 30
0.0
 10
500.800000
 20
407.300000
 30
0.0
 10
498.100000
 20
413.900000
 30
0.0
  0
LINE
  5
362
100
AcDbEntity
  8
0
 62
7
100
AcDbLine
 10
475.400000
 20
406.500000
 30
0.0
 11
475.400000
 21
406.500000
 31
0.0
  0
SPLINE
  5
363
100
AcDbEntity
  8
0
 62
7
100
AcDbSpline
 70
8
 71
3
 72
8
 73
4
 74
0
 40
0
 40
0
 40
0
 40
0
 40
1
 40
1
 40
1
 40
1
 10
508.300000
 20
418.000000
 30
0.0
 10
511.200000
 20
412.000000
 30
0.0
 10
519.100000
 20
414.800000
 30
0.0
 10
524.600000
 20
413.400000
 30
0.0
  0
SPLINE
  5
364
100
AcDbEntity
  8
0
 62
7
100
AcDbSpline
 70
8
 71
3
 72
8
 73
4
 74
0
 40
0
 40
0
 40
0
 40
0
 40
1
 40
1
 40
1
 40
1
 10
524.600000
 20
413.400000
 30
0.0
 10
525.500000
 20
418.600000
 30
0.0
 10
529.700000
 20
423.700000
 30
0.0
 10
527.100000
 20
428.900000
 30
0.0
  0
LINE
  5
365
100
AcDbEntity
  8
0
 62
7
100
AcDbLine
 10
508.300000
 20
418.000000
 30
0.0
 11
508.300000
 21
418.000000
 31
0.0
  0
LINE
  5
366
100
AcDbEntity
  8
0
 62
7
100
AcDbLine
 10
515.000000
 20
470.600000
 30
0.0
 11
537.500000
 21
450.500000
 31
0.0
  0
LINE
  5
367
100
AcDbEntity
  8
0
 62
7
100
AcDbLine
 10
537.500000
 20
450.500000
 30
0.0
 11
520.600000
 21
471.100000
 31
0.0
  0
LINE
  5
368
100
AcDbEntity
  8
0
 62
7
100
AcDbLine
 10
515.000000
 20
470.600000
 30
0.0
 11
515.000000
 21
470.600000
 31
0.0
  0
SPLINE
  5
369
100
AcDbEntity
  8
0
 62
7
100
AcDbSpline
 70
8
 71
3
 72
8
 73
4
 74
0
 40
0
 40
0
 40
0
 40
0
 40
1
 40
1
 40
1
 40
1
 10
537.300000
 20
435.000000
 30
0.0
 10
541.400000
 20
429.800000
 30
0.0
 10
549.700000
 20
431.600000
 30
0.0
 10
555.400000
 20
431.400000
 30
0.0
  0
SPLINE
  5
36a
100
AcDbEntity
  8
0
 62
7
100
AcDbSpline
 70
8
 71
3
 72
8
 73
4
 74
0
 40
0
 40
0
 40
0
 40
0
 40
1
 40
1
 40
1
 40
1
 10
555.400000
 20
431.400000
 30
0.0
 10
555.200000
 20
436.600000
 30
0.0
 10
557.600000
 20
445.200000
 30
0.0
 10
553.900000
 20
449.600000
 30
0.0
  0
LINE
  5
36b
100
AcDbEntity
  8
0
 62
7
100
AcDbLine
 10
537.300000
 20
435.000000
 30
0.0
 11
537.300000
 21
435.000000
 31
0.0
  0
LINE
  5
36c
100
AcDbEntity
  8
0
 62
7
100
AcDbLine
 10
540.500000
 20
617.300000
 30
0.0
 11
559.800000
 21
637.500000
 31
0.0
  0
LINE
  5
36d
100
AcDbEntity
  8
0
 62
7
100
AcDbLine
 10
559.800000
 20
637.500000
 30
0.0
 11
540.200000
 21
610.600000
 31
0.0
  0
LINE
  5
36e
100
AcDbEntity
  8
0
 62
7
100
AcDbLine
 10
540.500000
 20
617.300000
 30
0.0
 11
540.500000
 21
617.300000
 31
0.0
  0
LINE
  5
36f
100
AcDbEntity
  8
0
 62
7
100
AcDbLine
 10
530.900000
 20
575.300000
 30
0.0
 11
565.900000
 21
595.200000
 31
0.0
  0
LINE
  5
370
100
AcDbEntity
  8
0
 62
7
100
AcDbLine
 10
565.900000
 20
595.200000
 30
0.0
 11
535.100000
 21
573.700000
 31
0.0
  0
LINE
  5
371
100
AcDbEntity
  8
0
 62
7
100
AcDbLine
 10
530.900000
 20
575.300000
 30
0.0
 11
530.900000
 21
575.300000
 31
0.0
  0
LINE
  5
372
100
AcDbEntity
  8
0
 62
7
100
AcDbLine
 10
544.400000
 20
557.700000
 30
0.0
 11
575.900000
 21
565.100000
 31
0.0
  0
LINE
  5
373
100
AcDbEntity
  8
0
 62
7
100
AcDbLine
 10
575.900000
 20
565.100000
 30
0.0
 11
542.500000
 21
553.600000
 31
0.0
  0
LINE
  5
374
100
AcDbEntity
  8
0
 62
7
100
AcDbLine
 10
544.400000
 20
557.700000
 30
0.0
 11
544.400000
 21
557.700000
 31
0.0
  0
SPLINE
  5
375
100
AcDbEntity
  8
0
 62
7
100
AcDbSpline
 70
8
 71
3
 72
8
 73
4
 74
0
 40
0
 40
0
 40
0
 40
0
 40
1
 40
1
 40
1
 40
1
 10
560.400000
 20
617.900000
 30
0.0
 10
571.900000
 20
632.300000
 30
0.0
 10
584.600000
 20
646.100000
 30
0.0
 10
577.700000
 20
673.000000
 30
0.0
  0
SPLINE
  5
376
100
AcDbEntity
  8
0
 62
7
100
AcDbSpline
 70
8
 71
3
 72
8
 73
4
 74
0
 40
0
 40
0
 40
0
 40
0
 40
1
 40
1
 40
1
 40
1
 10
577.700000
 20
673.000000
 30
0.0
 10
575.000000
 20
667.200000
 30
0.0
 10
570.700000
 20
658.800000
 30
0.0
 10
565.800000
 20
653.400000
 30
0.0
  0
LINE
  5
377
100
AcDbEntity
  8
0
 62
7
100
AcDbLine
 10
560.400000
 20
617.900000
 30
0.0
 11
560.400000
 21
617.900000
 31
0.0
  0
SPLINE
  5
378
100
AcDbEntity
  8
0
 62
7
100
AcDbSpline
 70
8
 71
3
 72
8
 73
4
 74
0
 40
0
 40
0
 40
0
 40
0
 40
1
 40
1
 40
1
 40
1
 10
564.600000
 20
605.800000
 30
0.0
 10
585.300000
 20
618.800000
 30
0.0
 10
586.500000
 20
617.300000
 30
0.0
 10
596.400000
 20
616.400000
 30
0.0
  0
SPLINE
  5
379
100
AcDbEntity
  8
0
 62
7
100
AcDbSpline
 70
8
 71
3
 72
8
 73
4
 74
0
 40
0
 40
0
 40
0
 40
0
 40
1
 40
1
 40
1
 40
1
 10
596.400000
 20
616.400000
 30
0.0
 10
590.600000
 20
603.300000
 30
0.0
 10
592.000000
 20
603.900000
 30
0.0
 10
577.500000
 20
589.100000
 30
0.0
  0
LINE
  5
37a
100
AcDbEntity
  8
0
 62
7
100
AcDbLine
 10
564.600000
 20
605.800000
 30
0.0
 11
564.600000
 21
605.800000
 31
0.0
  0
SPLINE
  5
37b
100
AcDbEntity
  8
0
 62
7
100
AcDbSpline
 70
8
 71
3
 72
8
 73
4
 74
0
 40
0
 40
0
 40
0
 40
0
 40
1
 40
1
 40
1
 40
1
 10
581.000000
 20
576.300000
 30
0.0
 10
589.000000
 20
579.000000
 30
0.0
 10
597.400000
 20
578.800000
 30
0.0
 10
608.000000
 20
574.700000
 30
0.0
  0
SPLINE
  5
37c
100
AcDbEntity
  8
0
 62
7
100
AcDbSpline
 70
8
 71
3
 72
8
 73
4
 74
0
 40
0
 40
0
 40
0
 40
0
 40
1
 40
1
 40
1
 40
1
 10
608.000000
 20
574.700000
 30
0.0
 10
602.800000
 20
565.200000
 30
0.0
 10
594.600000
 20
559.300000
 30
0.0
 10
585.500000
 20
555.800000
 30
0.0
  0
LINE
  5
37d
100
AcDbEntity
  8
0
 62
7
100
AcDbLine
 10
581.000000
 20
576.300000
 30
0.0
 11
581.000000
 21
576.300000
 31
0.0
  0
LINE
  5
37e
100
AcDbEntity
  8
0
 62
7
100
AcDbLine
 10
543.700000
 20
531.400000
 30
0.0
 11
577.400000
 21
530.800000
 31
0.0
  0
LINE
  5
37f
100
AcDbEntity
  8
0
 62
7
100
AcDbLine
 10
577.400000
 20
530.800000
 30
0.0
 11
545.900000
 21
526.000000
 31
0.0
  0
LINE
  5
380
100
AcDbEntity
  8
0
 62
7
100
AcDbLine
 10
543.700000
 20
531.400000
 30
0.0
 11
543.700000
 21
531.400000
 31
0.0
  0
SPLINE
  5
381
100
AcDbEntity
  8
0
 62
7
100
AcDbSpline
 70
8
 71
3
 72
8
 73
4
 74
0
 40
0
 40
0
 40
0
 40
0
 40
1
 40
1
 40
1
 40
1
 10
582.600000
 20
540.300000
 30
0.0
 10
593.500000
 20
542.800000
 30
0.0
 10
597.300000
 20
539.500000
 30
0.0
 10
603.800000
 20
533.200000
 30
0.0
  0
SPLINE
  5
382
100
AcDbEntity
  8
0
 62
7
100
AcDbSpline
 70
8
 71
3
 72
8
 73
4
 74
0
 40
0
 40
0
 40
0
 40
0
 40
1
 40
1
 40
1
 40
1
 10
603.800000
 20
533.200000
 30
0.0
 10
601.000000
 20
528.900000
 30
0.0
 10
600.400000
 20
523.800000
 30
0.0
 10
585.500000
 20
519.700000
 30
0.0
  0
LINE
  5
383
100
AcDbEntity
  8
0
 62
7
100
AcDbLine
 10
582.600000
 20
540.300000
 30
0.0
 11
582.600000
 21
540.300000
 31
0.0
  0
SPLINE
  5
384
100
AcDbEntity
  8
0
 62
7
100
AcDbSpline
 70
8
 71
3
 72
8
 73
4
 74
0
 40
0
 40
0
 40
0
 40
0
 40
1
 40
1
 40
1
 40
1
 10
579.000000
 20
508.900000
 30
0.0
 10
592.100000
 20
504.900000
 30
0.0
 10
593.100000
 20
502.700000
 30
0.0
 10
596.000000
 20
496.100000
 30
0.0
  0
SPLINE
  5
385
100
AcDbEntity
  8
0
 62
7
100
AcDbSpline
 70
8
 71
3
 72
8
 73
4
 74
0
 40
0
 40
0
 40
0
 40
0
 40
1
 40
1
 40
1
 40
1
 10
596.000000
 20
496.100000
 30
0.0
 10
589.700000
 20
492.500000
 30
0.0
 10
587.400000
 20
487.100000
 30
0.0
 10
575.800000
 20
489.000000
 30
0.0
  0
LINE
  5
386
100
AcDbEntity
  8
0
 62
7
100
AcDbLine
 10
579.000000
 20
508.900000
 30
0.0
 11
579.000000
 21
508.900000
 31
0.0
  0
LINE
  5
387
100
AcDbEntity
  8
0
 62
7
100
AcDbLine
 10
534.100000
 20
506.700000
 30
0.0
 11
564.900000
 21
500.600000
 31
0.0
  0
LINE
  5
388
100
AcDbEntity
  8
0
 62
7
100
AcDbLine
 10
564.900000
 20
500.600000
 30
0.0
 11
528.600000
 21
501.900000
 31
0.0
  0
LINE
  5
389
100
AcDbEntity
  8
0
 62
7
100
AcDbLine
 10
534.100000
 20
506.700000
 30
0.0
 11
534.100000
 21
506.700000
 31
0.0
  0
LINE
  5
38a
100
AcDbEntity
  8
0
 62
7
100
AcDbLine
 10
535.700000
 20
483.000000
 30
0.0
 11
561.400000
 21
473.100000
 31
0.0
  0
LINE
  5
38b
100
AcDbEntity
  8
0
 62
7
100
AcDbLine
 10
561.400000
 20
473.100000
 30
0.0
 11
535.100000
 21
478.900000
 31
0.0
  0
LINE
  5
38c
100
AcDbEntity
  8
0
 62
7
100
AcDbLine
 10
535.700000
 20
483.000000
 30
0.0
 11
535.700000
 21
483.000000
 31
0.0
  0
SPLINE
  5
38d
100
AcDbEntity
  8
0
 62
7
100
AcDbSpline
 70
8
 71
3
 72
8
 73
4
 74
0
 40
0
 40
0
 40
0
 40
0
 40
1
 40
1
 40
1
 40
1
 10
570.400000
 20
479.400000
 30
0.0
 10
581.900000
 20
474.600000
 30
0.0
 10
579.500000
 20
471.400000
 30
0.0
 10
581.600000
 20
464.300000
 30
0.0
  0
SPLINE
  5
38e
100
AcDbEntity
  8
0
 62
7
100
AcDbSpline
 70
8
 71
3
 72
8
 73
4
 74
0
 40
0
 40
0
 40
0
 40
0
 40
1
 40
1
 40
1
 40
1
 10
581.600000
 20
464.300000
 30
0.0
 10
575.400000
 20
461.100000
 30
0.0
 10
575.900000
 20
459.200000
 30
0.0
 10
560.300000
 20
460.800000
 30
0.0
  0
LINE
  5
38f
100
AcDbEntity
  8
0
 62
7
100
AcDbLine
 10
570.400000
 20
479.400000
 30
0.0
 11
570.400000
 21
479.400000
 31
0.0
  0
SPLINE
  5
390
100
AcDbEntity
  8
0
 62
7
100
AcDbSpline
 70
8
 71
3
 72
8
 73
4
 74
0
 40
0
 40
0
 40
0
 40
0
 40
1
 40
1
 40
1
 40
1
 10
420.200000
 20
503.700000
 30
0.0
 10
444.000000
 20
471.900000
 30
0.0
 10
481.700000
 20
492.400000
 30
0.0
 10
485.300000
 20
518.000000
 30
0.0
  0
SPLINE
  5
391
100
AcDbEntity
  8
0
 62
7
100
AcDbSpline
 70
8
 71
3
 72
8
 73
4
 74
0
 40
0
 40
0
 40
0
 40
0
 40
1
 40
1
 40
1
 40
1
 10
485.300000
 20
518.000000
 30
0.0
 10
487.400000
 20
543.600000
 30
0.0
 10
447.900000
 20
539.900000
 30
0.0
 10
467.800000
 20
573.100000
 30
0.0
  0
LINE
  5
392
100
AcDbEntity
  8
0
 62
7
100
AcDbLine
 10
467.800000
 20
573.100000
 30
0.0
 11
535.400000
 21
646.100000
 31
0.0
  0
SPLINE
  5
393
100
AcDbEntity
  8
0
 62
7
100
AcDbSpline
 70
8
 71
3
 72
8
 73
4
 74
0
 40
0
 40
0
 40
0
 40
0
 40
1
 40
1
 40
1
 40
1
 10
535.400000
 20
646.100000
 30
0.0
 10
543.400000
 20
615.700000
 30
0.0
 10
542.700000
 20
590.000000
 30
0.0
 10
516.600000
 20
574.900000
 30
0.0
  0
SPLINE
  5
394
100
AcDbEntity
  8
0
 62
7
100
AcDbSpline
 70
8
 71
3
 72
8
 73
4
 74
0
 40
0
 40
0
 40
0
 40
0
 40
1
 40
1
 40
1
 40
1
 10
516.600000
 20
574.900000
 30
0.0
 10
529.100000
 20
574.500000
 30
0.0
 10
543.100000
 20
576.200000
 30
0.0
 10
544.900000
 20
566.700000
 30
0.0
  0
SPLINE
  5
395
100
AcDbEntity
  8
0
 62
7
100
AcDbSpline
 70
8
 71
3
 72
8
 73
4
 74
0
 40
0
 40
0
 40
0
 40
0
 40
1
 40
1
 40
1
 40
1
 10
544.900000
 20
566.700000
 30
0.0
 10
546.600000
 20
551.400000
 30
0.0
 10
533.600000
 20
545.300000
 30
0.0
 10
526.500000
 20
539.800000
 30
0.0
  0
SPLINE
  5
396
100
AcDbEntity
  8
0
 62
7
100
AcDbSpline
 70
8
 71
3
 72
8
 73
4
 74
0
 40
0
 40
0
 40
0
 40
0
 40
1
 40
1
 40
1
 40
1
 10
526.500000
 20
539.800000
 30
0.0
 10
531.400000
 20
538.300000
 30
0.0
 10
538.200000
 20
538.800000
 30
0.0
 10
547.200000
 20
525.900000
 30
0.0
  0
SPLINE
  5
397
100
AcDbEntity
  8
0
 62
7
100
AcDbSpline
 70
8
 71
3
 72
8
 73
4
 74
0
 40
0
 40
0
 40
0
 40
0
 40
1
 40
1
 40
1
 40
1
 10
547.200000
 20
525.900000
 30
0.0
 10
543.500000
 20
515.100000
 30
0.0
 10
537.500000
 20
505.800000
 30
0.0
 10
525.400000
 20
503.400000
 30
0.0
  0
SPLINE
  5
398
100
AcDbEntity
  8
0
 62
7
100
AcDbSpline
 70
8
 71
3
 72
8
 73
4
 74
0
 40
0
 40
0
 40
0
 40
0
 40
1
 40
1
 40
1
 40
1
 10
525.400000
 20
503.400000
 30
0.0
 10
529.100000
 20
500.300000
 30
0.0
 10
534.800000
 20
501.300000
 30
0.0
 10
535.800000
 20
478.300000
 30
0.0
  0
SPLINE
  5
399
100
AcDbEntity
  8
0
 62
7
100
AcDbSpline
 70
8
 71
3
 72
8
 73
4
 74
0
 40
0
 40
0
 40
0
 40
0
 40
1
 40
1
 40
1
 40
1
 10
535.800000
 20
478.300000
 30
0.0
 10
524.300000
 20
470.500000
 30
0.0
 10
515.600000
 20
470.400000
 30
0.0
 10
507.500000
 20
471.900000
 30
0.0
  0
SPLINE
  5
39a
100
AcDbEntity
  8
0
 62
7
100
AcDbSpline
 70
8
 71
3
 72
8
 73
4
 74
0
 40
0
 40
0
 40
0
 40
0
 40
1
 40
1
 40
1
 40
1
 10
507.500000
 20
471.900000
 30
0.0
 10
507.500000
 20
465.500000
 30
0.0
 10
507.900000
 20
459.200000
 30
0.0
 10
500.400000
 20
452.000000
 30
0.0
  0
SPLINE
  5
39b
100
AcDbEntity
  8
0
 62
7
100
AcDbSpline
 70
8
 71
3
 72
8
 73
4
 74
0
 40
0
 40
0
 40
0
 40
0
 40
1
 40
1
 40
1
 40
1
 10
500.400000
 20
452.000000
 30
0.0
 10
480.500000
 20
448.200000
 30
0.0
 10
483.200000
 20
451.900000
 30
0.0
 10
477.200000
 20
452.700000
 30
0.0
  0
SPLINE
  5
39c
100
AcDbEntity
  8
0
 62
7
100
AcDbSpline
 70
8
 71
3
 72
8
 73
4
 74
0
 40
0
 40
0
 40
0
 40
0
 40
1
 40
1
 40
1
 40
1
 10
477.200000
 20
452.700000
 30
0.0
 10
472.400000
 20
448.500000
 30
0.0
 10
471.100000
 20
443.800000
 30
0.0
 10
460.900000
 20
440.400000
 30
0.0
  0
SPLINE
  5
39d
100
AcDbEntity
  8
0
 62
7
100
AcDbSpline
 70
8
 71
3
 72
8
 73
4
 74
0
 40
0
 40
0
 40
0
 40
0
 40
1
 40
1
 40
1
 40
1
 10
460.900000
 20
440.400000
 30
0.0
 10
451.200000
 20
443.900000
 30
0.0
 10
450.000000
 20
447.400000
 30
0.0
 10
445.700000
 20
450.900000
 30
0.0
  0
SPLINE
  5
39e
100
AcDbEntity
  8
0
 62
7
100
AcDbSpline
 70
8
 71
3
 72
8
 73
4
 74
0
 40
0
 40
0
 40
0
 40
0
 40
1
 40
1
 40
1
 40
1
 10
445.700000
 20
450.900000
 30
0.0
 10
440.100000
 20
447.400000
 30
0.0
 10
441.200000
 20
443.400000
 30
0.0
 10
426.400000
 20
440.600000
 30
0.0
  0
SPLINE
  5
39f
100
AcDbEntity
  8
0
 62
7
100
AcDbSpline
 70
8
 71
3
 72
8
 73
4
 74
0
 40
0
 40
0
 40
0
 40
0
 40
1
 40
1
 40
1
 40
1
 10
426.400000
 20
440.600000
 30
0.0
 10
414.900000
 20
447.200000
 30
0.0
 10
417.300000
 20
451.400000
 30
0.0
 10
414.300000
 20
456.500000
 30
0.0
  0
SPLINE
  5
3a0
100
AcDbEntity
  8
0
 62
7
100
AcDbSpline
 70
8
 71
3
 72
8
 73
4
 74
0
 40
0
 40
0
 40
0
 40
0
 40
1
 40
1
 40
1
 40
1
 10
414.300000
 20
456.500000
 30
0.0
 10
409.300000
 20
454.500000
 30
0.0
 10
406.700000
 20
451.400000
 30
0.0
 10
397.100000
 20
451.800000
 30
0.0
  0
SPLINE
  5
3a1
100
AcDbEntity
  8
0
 62
7
100
AcDbSpline
 70
8
 71
3
 72
8
 73
4
 74
0
 40
0
 40
0
 40
0
 40
0
 40
1
 40
1
 40
1
 40
1
 10
397.100000
 20
451.800000
 30
0.0
 10
386.700000
 20
463.100000
 30
0.0
 10
395.100000
 20
470.600000
 30
0.0
 10
396.300000
 20
478.400000
 30
0.0
  0
LINE
  5
3a2
100
AcDbEntity
  8
0
 62
7
100
AcDbLine
 10
396.300000
 20
478.400000
 30
0.0
 11
405.200000
 21
506.000000
 31
0.0
  0
LINE
  5
3a3
100
AcDbEntity
  8
0
 62
7
100
AcDbLine
 10
405.200000
 20
506.000000
 30
0.0
 11
420.200000
 21
503.700000
 31
0.0
  0
LINE
  5
3a4
100
AcDbEntity
  8
0
 62
7
100
AcDbLine
 10
414.400000
 20
456.500000
 30
0.0
 11
422.300000
 21
479.600000
 31
0.0
  0
LINE
  5
3a5
100
AcDbEntity
  8
0
 62
7
100
AcDbLine
 10
414.400000
 20
456.500000
 30
0.0
 11
414.400000
 21
456.500000
 31
0.0
  0
LINE
  5
3a6
100
AcDbEntity
  8
0
 62
7
100
AcDbLine
 10
445.800000
 20
450.900000
 30
0.0
 11
447.900000
 21
473.000000
 31
0.0
  0
LINE
  5
3a7
100
AcDbEntity
  8
0
 62
7
100
AcDbLine
 10
445.800000
 20
450.900000
 30
0.0
 11
445.800000
 21
450.900000
 31
0.0
  0
LINE
  5
3a8
100
AcDbEntity
  8
0
 62
7
100
AcDbLine
 10
432.500000
 20
468.800000
 30
0.0
 11
434.600000
 21
476.500000
 31
0.0
  0
LINE
  5
3a9
100
AcDbEntity
  8
0
 62
7
100
AcDbLine
 10
432.500000
 20
468.800000
 30
0.0
 11
432.500000
 21
468.800000
 31
0.0
  0
LINE
  5
3aa
100
AcDbEntity
  8
0
 62
7
100
AcDbLine
 10
460.400000
 20
468.200000
 30
0.0
 11
459.100000
 21
474.500000
 31
0.0
  0
LINE
  5
3ab
100
AcDbEntity
  8
0
 62
7
100
AcDbLine
 10
460.400000
 20
468.200000
 30
0.0
 11
460.400000
 21
468.200000
 31
0.0
  0
LINE
  5
3ac
100
AcDbEntity
  8
0
 62
7
100
AcDbLine
 10
477.600000
 20
453.100000
 30
0.0
 11
470.900000
 21
474.700000
 31
0.0
  0
LINE
  5
3ad
100
AcDbEntity
  8
0
 62
7
100
AcDbLine
 10
477.600000
 20
453.100000
 30
0.0
 11
477.600000
 21
453.100000
 31
0.0
  0
LINE
  5
3ae
100
AcDbEntity
  8
0
 62
7
100
AcDbLine
 10
507.800000
 20
471.900000
 30
0.0
 11
494.400000
 21
486.900000
 31
0.0
  0
LINE
  5
3af
100
AcDbEntity
  8
0
 62
7
100
AcDbLine
 10
507.800000
 20
471.900000
 30
0.0
 11
507.800000
 21
471.900000
 31
0.0
  0
LINE
  5
3b0
100
AcDbEntity
  8
0
 62
7
100
AcDbLine
 10
525.500000
 20
503.700000
 30
0.0
 11
509.200000
 21
505.700000
 31
0.0
  0
LINE
  5
3b1
100
AcDbEntity
  8
0
 62
7
100
AcDbLine
 10
525.500000
 20
503.700000
 30
0.0
 11
525.500000
 21
503.700000
 31
0.0
  0
LINE
  5
3b2
100
AcDbEntity
  8
0
 62
7
100
AcDbLine
 10
526.600000
 20
539.700000
 30
0.0
 11
505.500000
 21
532.200000
 31
0.0
  0
LINE
  5
3b3
100
AcDbEntity
  8
0
 62
7
100
AcDbLine
 10
526.600000
 20
539.700000
 30
0.0
 11
526.600000
 21
539.700000
 31
0.0
  0
SPLINE
  5
3b4
100
AcDbEntity
  8
0
 62
7
100
AcDbSpline
 70
8
 71
3
 72
8
 73
4
 74
0
 40
0
 40
0
 40
0
 40
0
 40
1
 40
1
 40
1
 40
1
 10
496.000000
 20
555.800000
 30
0.0
 10
502.200000
 20
563.500000
 30
0.0
 10
508.900000
 20
570.300000
 30
0.0
 10
516.900000
 20
575.100000
 30
0.0
  0
LINE
  5
3b5
100
AcDbEntity
  8
0
 62
7
100
AcDbLine
 10
496.000000
 20
555.800000
 30
0.0
 11
496.000000
 21
555.800000
 31
0.0
  0
LINE
  5
3b6
100
AcDbEntity
  8
0
 62
7
100
AcDbLine
 10
514.000000
 20
614.600000
 30
0.0
 11
533.400000
 21
635.200000
 31
0.0
  0
SPLINE
  5
3b7
100
AcDbEntity
  8
0
 62
7
100
AcDbSpline
 70
8
 71
3
 72
8
 73
4
 74
0
 40
0
 40
0
 40
0
 40
0
 40
1
 40
1
 40
1
 40
1
 10
533.400000
 20
635.200000
 30
0.0
 10
533.400000
 20
606.400000
 30
0.0
 10
529.700000
 20
597.100000
 30
0.0
 10
520.900000
 20
585.300000
 30
0.0
  0
LINE
  5
3b8
100
AcDbEntity
  8
0
 62
7
100
AcDbLine
 10
514.000000
 20
614.600000
 30
0.0
 11
514.000000
 21
614.600000
 31
0.0
  0
SPLINE
  5
3b9
100
AcDbEntity
  8
0
 62
7
100
AcDbSpline
 70
8
 71
3
 72
8
 73
4
 74
0
 40
0
 40
0
 40
0
 40
0
 40
1
 40
1
 40
1
 40
1
 10
518.900000
 20
568.700000
 30
0.0
 10
525.000000
 20
569.300000
 30
0.0
 10
531.500000
 20
571.500000
 30
0.0
 10
539.200000
 20
566.400000
 30
0.0
  0
SPLINE
  5
3ba
100
AcDbEntity
  8
0
 62
7
100
AcDbSpline
 70
8
 71
3
 72
8
 73
4
 74
0
 40
0
 40
0
 40
0
 40
0
 40
1
 40
1
 40
1
 40
1
 10
539.200000
 20
566.400000
 30
0.0
 10
540.400000
 20
555.700000
 30
0.0
 10
533.500000
 20
550.500000
 30
0.0
 10
527.900000
 20
546.900000
 30
0.0
  0
LINE
  5
3bb
100
AcDbEntity
  8
0
 62
7
100
AcDbLine
 10
518.900000
 20
568.700000
 30
0.0
 11
518.900000
 21
568.700000
 31
0.0
  0
SPLINE
  5
3bc
100
AcDbEntity
  8
0
 62
7
100
AcDbSpline
 70
8
 71
3
 72
8
 73
4
 74
0
 40
0
 40
0
 40
0
 40
0
 40
1
 40
1
 40
1
 40
1
 10
524.100000
 20
534.000000
 30
0.0
 10
527.800000
 20
533.000000
 30
0.0
 10
534.600000
 20
533.500000
 30
0.0
 10
540.200000
 20
524.700000
 30
0.0
  0
SPLINE
  5
3bd
100
AcDbEntity
  8
0
 62
7
100
AcDbSpline
 70
8
 71
3
 72
8
 73
4
 74
0
 40
0
 40
0
 40
0
 40
0
 40
1
 40
1
 40
1
 40
1
 10
540.200000
 20
524.700000
 30
0.0
 10
538.400000
 20
515.500000
 30
0.0
 10
533.000000
 20
513.200000
 30
0.0
 10
527.900000
 20
510.200000
 30
0.0
  0
LINE
  5
3be
100
AcDbEntity
  8
0
 62
7
100
AcDbLine
 10
524.100000
 20
534.000000
 30
0.0
 11
524.100000
 21
534.000000
 31
0.0
  0
SPLINE
  5
3bf
100
AcDbEntity
  8
0
 62
7
100
AcDbSpline
 70
8
 71
3
 72
8
 73
4
 74
0
 40
0
 40
0
 40
0
 40
0
 40
1
 40
1
 40
1
 40
1
 10
524.800000
 20
497.800000
 30
0.0
 10
527.600000
 20
494.300000
 30
0.0
 10
531.000000
 20
492.800000
 30
0.0
 10
530.900000
 20
480.800000
 30
0.0
  0
SPLINE
  5
3c0
100
AcDbEntity
  8
0
 62
7
100
AcDbSpline
 70
8
 71
3
 72
8
 73
4
 74
0
 40
0
 40
0
 40
0
 40
0
 40
1
 40
1
 40
1
 40
1
 10
530.900000
 20
480.800000
 30
0.0
 10
523.600000
 20
476.200000
 30
0.0
 10
517.000000
 20
474.300000
 30
0.0
 10
511.400000
 20
476.000000
 30
0.0
  0
LINE
  5
3c1
100
AcDbEntity
  8
0
 62
7
100
AcDbLine
 10
524.800000
 20
497.800000
 30
0.0
 11
524.800000
 21
497.800000
 31
0.0
  0
LINE
  5
3c2
100
AcDbEntity
  8
0
 62
7
100
AcDbLine
 10
481.700000
 20
482.800000
 30
0.0
 11
485.100000
 21
477.100000
 31
0.0
  0
LINE
  5
3c3
100
AcDbEntity
  8
0
 62
7
100
AcDbLine
 10
481.700000
 20
482.800000
 30
0.0
 11
481.700000
 21
482.800000
 31
0.0
  0
SPLINE
  5
3c4
100
AcDbEntity
  8
0
 62
7
100
AcDbSpline
 70
8
 71
3
 72
8
 73
4
 74
0
 40
0
 40
0
 40
0
 40
0
 40
1
 40
1
 40
1
 40
1
 10
501.500000
 20
471.900000
 30
0.0
 10
502.100000
 20
469.000000
 30
0.0
 10
504.800000
 20
463.200000
 30
0.0
 10
497.400000
 20
456.500000
 30
0.0
  0
SPLINE
  5
3c5
100
AcDbEntity
  8
0
 62
7
100
AcDbSpline
 70
8
 71
3
 72
8
 73
4
 74
0
 40
0
 40
0
 40
0
 40
0
 40
1
 40
1
 40
1
 40
1
 10
497.400000
 20
456.500000
 30
0.0
 10
485.600000
 20
453.200000
 30
0.0
 10
485.200000
 20
456.700000
 30
0.0
 10
480.400000
 20
459.600000
 30
0.0
  0
LINE
  5
3c6
100
AcDbEntity
  8
0
 62
7
100
AcDbLine
 10
501.500000
 20
471.900000
 30
0.0
 11
501.500000
 21
471.900000
 31
0.0
  0
SPLINE
  5
3c7
100
AcDbEntity
  8
0
 62
7
100
AcDbSpline
 70
8
 71
3
 72
8
 73
4
 74
0
 40
0
 40
0
 40
0
 40
0
 40
1
 40
1
 40
1
 40
1
 10
472.300000
 20
458.100000
 30
0.0
 10
473.400000
 20
451.700000
 30
0.0
 10
465.600000
 20
449.600000
 30
0.0
 10
461.300000
 20
445.800000
 30
0.0
  0
SPLINE
  5
3c8
100
AcDbEntity
  8
0
 62
7
100
AcDbSpline
 70
8
 71
3
 72
8
 73
4
 74
0
 40
0
 40
0
 40
0
 40
0
 40
1
 40
1
 40
1
 40
1
 10
461.300000
 20
445.800000
 30
0.0
 10
457.400000
 20
448.900000
 30
0.0
 10
451.800000
 20
447.600000
 30
0.0
 10
449.700000
 20
455.700000
 30
0.0
  0
LINE
  5
3c9
100
AcDbEntity
  8
0
 62
7
100
AcDbLine
 10
472.300000
 20
458.100000
 30
0.0
 11
472.300000
 21
458.100000
 31
0.0
  0
SPLINE
  5
3ca
100
AcDbEntity
  8
0
 62
7
100
AcDbSpline
 70
8
 71
3
 72
8
 73
4
 74
0
 40
0
 40
0
 40
0
 40
0
 40
1
 40
1
 40
1
 40
1
 10
441.100000
 20
453.100000
 30
0.0
 10
438.600000
 20
450.900000
 30
0.0
 10
436.400000
 20
448.600000
 30
0.0
 10
427.300000
 20
446.800000
 30
0.0
  0
SPLINE
  5
3cb
100
AcDbEntity
  8
0
 62
7
100
AcDbSpline
 70
8
 71
3
 72
8
 73
4
 74
0
 40
0
 40
0
 40
0
 40
0
 40
1
 40
1
 40
1
 40
1
 10
427.300000
 20
446.800000
 30
0.0
 10
423.400000
 20
450.500000
 30
0.0
 10
419.800000
 20
454.200000
 30
0.0
 10
419.700000
 20
457.900000
 30
0.0
  0
LINE
  5
3cc
100
AcDbEntity
  8
0
 62
7
100
AcDbLine
 10
441.100000
 20
453.100000
 30
0.0
 11
441.100000
 21
453.100000
 31
0.0
  0
SPLINE
  5
3cd
100
AcDbEntity
  8
0
 62
7
100
AcDbSpline
 70
8
 71
3
 72
8
 73
4
 74
0
 40
0
 40
0
 40
0
 40
0
 40
1
 40
1
 40
1
 40
1
 10
412.000000
 20
460.600000
 30
0.0
 10
409.200000
 20
457.900000
 30
0.0
 10
405.600000
 20
456.200000
 30
0.0
 10
400.700000
 20
456.100000
 30
0.0
  0
SPLINE
  5
3ce
100
AcDbEntity
  8
0
 62
7
100
AcDbSpline
 70
8
 71
3
 72
8
 73
4
 74
0
 40
0
 40
0
 40
0
 40
0
 40
1
 40
1
 40
1
 40
1
 10
400.700000
 20
456.100000
 30
0.0
 10
396.100000
 20
459.500000
 30
0.0
 10
396.600000
 20
462.800000
 30
0.0
 10
396.000000
 20
466.200000
 30
0.0
  0
LINE
  5
3cf
100
AcDbEntity
  8
0
 62
7
100
AcDbLine
 10
412.000000
 20
460.600000
 30
0.0
 11
412.000000
 21
460.600000
 31
0.0
  0
SPLINE
  5
3d0
100
AcDbEntity
  8
0
 62
7
100
AcDbSpline
 70
8
 71
3
 72
8
 73
4
 74
0
 40
0
 40
0
 40
0
 40
0
 40
1
 40
1
 40
1
 40
1
 10
508.900000
 20
596.100000
 30
0.0
 10
499.900000
 20
586.300000
 30
0.0
 10
481.000000
 20
574.600000
 30
0.0
 10
485.900000
 20
570.000000
 30
0.0
  0
SPLINE
  5
3d1
100
AcDbEntity
  8
0
 62
7
100
AcDbSpline
 70
8
 71
3
 72
8
 73
4
 74
0
 40
0
 40
0
 40
0
 40
0
 40
1
 40
1
 40
1
 40
1
 10
485.900000
 20
570.000000
 30
0.0
 10
493.000000
 20
567.400000
 30
0.0
 10
501.200000
 20
588.100000
 30
0.0
 10
508.900000
 20
596.100000
 30
0.0
  0
LINE
  5
3d2
100
AcDbEntity
  8
0
 62
7
100
AcDbLine
 10
508.900000
 20
596.100000
 30
0.0
 11
508.900000
 21
596.100000
 31
0.0
  0
SPLINE
  5
3d3
100
AcDbEntity
  8
0
 62
7
100
AcDbSpline
 70
8
 71
3
 72
8
 73
4
 74
0
 40
0
 40
0
 40
0
 40
0
 40
1
 40
1
 40
1
 40
1
 10
518.800000
 20
555.800000
 30
0.0
 10
510.900000
 20
551.000000
 30
0.0
 10
496.100000
 20
547.000000
 30
0.0
 10
498.500000
 20
542.800000
 30
0.0
  0
SPLINE
  5
3d4
100
AcDbEntity
  8
0
 62
7
100
AcDbSpline
 70
8
 71
3
 72
8
 73
4
 74
0
 40
0
 40
0
 40
0
 40
0
 40
1
 40
1
 40
1
 40
1
 10
498.500000
 20
542.800000
 30
0.0
 10
502.600000
 20
539.700000
 30
0.0
 10
512.100000
 20
552.000000
 30
0.0
 10
518.800000
 20
555.800000
 30
0.0
  0
LINE
  5
3d5
100
AcDbEntity
  8
0
 62
7
100
AcDbLine
 10
518.800000
 20
555.800000
 30
0.0
 11
518.800000
 21
555.800000
 31
0.0
  0
SPLINE
  5
3d6
100
AcDbEntity
  8
0
 62
7
100
AcDbSpline
 70
8
 71
3
 72
8
 73
4
 74
0
 40
0
 40
0
 40
0
 40
0
 40
1
 40
1
 40
1
 40
1
 10
523.000000
 20
520.300000
 30
0.0
 10
515.300000
 20
519.800000
 30
0.0
 10
502.800000
 20
522.300000
 30
0.0
 10
503.000000
 20
518.700000
 30
0.0
  0
SPLINE
  5
3d7
100
AcDbEntity
  8
0
 62
7
100
AcDbSpline
 70
8
 71
3
 72
8
 73
4
 74
0
 40
0
 40
0
 40
0
 40
0
 40
1
 40
1
 40
1
 40
1
 10
503.000000
 20
518.700000
 30
0.0
 10
504.800000
 20
515.200000
 30
0.0
 10
516.600000
 20
520.000000
 30
0.0
 10
523.000000
 20
520.300000
 30
0.0
  0
LINE
  5
3d8
100
AcDbEntity
  8
0
 62
7
100
AcDbLine
 10
523.000000
 20
520.300000
 30
0.0
 11
523.000000
 21
520.300000
 31
0.0
  0
SPLINE
  5
3d9
100
AcDbEntity
  8
0
 62
7
100
AcDbSpline
 70
8
 71
3
 72
8
 73
4
 74
0
 40
0
 40
0
 40
0
 40
0
 40
1
 40
1
 40
1
 40
1
 10
515.000000
 20
485.400000
 30
0.0
 10
509.000000
 20
490.300000
 30
0.0
 10
501.500000
 20
500.500000
 30
0.0
 10
499.200000
 20
497.800000
 30
0.0
  0
SPLINE
  5
3da
100
AcDbEntity
  8
0
 62
7
100
AcDbSpline
 70
8
 71
3
 72
8
 73
4
 74
0
 40
0
 40
0
 40
0
 40
0
 40
1
 40
1
 40
1
 40
1
 10
499.200000
 20
497.800000
 30
0.0
 10
498.200000
 20
493.900000
 30
0.0
 10
510.100000
 20
489.600000
 30
0.0
 10
515.000000
 20
485.400000
 30
0.0
  0
LINE
  5
3db
100
AcDbEntity
  8
0
 62
7
100
AcDbLine
 10
515.000000
 20
485.400000
 30
0.0
 11
515.000000
 21
485.400000
 31
0.0
  0
SPLINE
  5
3dc
100
AcDbEntity
  8
0
 62
7
100
AcDbSpline
 70
8
 71
3
 72
8
 73
4
 74
0
 40
0
 40
0
 40
0
 40
0
 40
1
 40
1
 40
1
 40
1
 10
197.700000
 20
193.400000
 30
0.0
 10
211.500000
 20
202.300000
 30
0.0
 10
232.400000
 20
211.000000
 30
0.0
 10
247.300000
 20
221.100000
 30
0.0
  0
SPLINE
  5
3dd
100
AcDbEntity
  8
0
 62
7
100
AcDbSpline
 70
8
 71
3
 72
8
 73
4
 74
0
 40
0
 40
0
 40
0
 40
0
 40
1
 40
1
 40
1
 40
1
 10
247.300000
 20
221.100000
 30
0.0
 10
248.100000
 20
221.600000
 30
0.0
 10
249.500000
 20
221.900000
 30
0.0
 10
251.400000
 20
222.000000
 30
0.0
  0
SPLINE
  5
3de
100
AcDbEntity
  8
0
 62
7
100
AcDbSpline
 70
8
 71
3
 72
8
 73
4
 74
0
 40
0
 40
0
 40
0
 40
0
 40
1
 40
1
 40
1
 40
1
 10
251.400000
 20
222.000000
 30
0.0
 10
253.200000
 20
222.100000
 30
0.0
 10
255.500000
 20
222.200000
 30
0.0
 10
257.800000
 20
222.300000
 30
0.0
  0
SPLINE
  5
3df
100
AcDbEntity
  8
0
 62
7
100
AcDbSpline
 70
8
 71
3
 72
8
 73
4
 74
0
 40
0
 40
0
 40
0
 40
0
 40
1
 40
1
 40
1
 40
1
 10
257.800000
 20
222.300000
 30
0.0
 10
262.200000
 20
222.500000
 30
0.0
 10
301.400000
 20
262.600000
 30
0.0
 10
304.800000
 20
265.000000
 30
0.0
  0
SPLINE
  5
3e0
100
AcDbEntity
  8
0
 62
7
100
AcDbSpline
 70
8
 71
3
 72
8
 73
4
 74
0
 40
0
 40
0
 40
0
 40
0
 40
1
 40
1
 40
1
 40
1
 10
304.800000
 20
265.000000
 30
0.0
 10
302.800000
 20
277.000000
 30
0.0
 10
290.200000
 20
288.100000
 30
0.0
 10
281.500000
 20
290.200000
 30
0.0
  0
SPLINE
  5
3e1
100
AcDbEntity
  8
0
 62
7
100
AcDbSpline
 70
8
 71
3
 72
8
 73
4
 74
0
 40
0
 40
0
 40
0
 40
0
 40
1
 40
1
 40
1
 40
1
 10
281.500000
 20
290.200000
 30
0.0
 10
277.600000
 20
291.200000
 30
0.0
 10
254.300000
 20
247.600000
 30
0.0
 10
243.400000
 20
244.200000
 30
0.0
  0
SPLINE
  5
3e2
100
AcDbEntity
  8
0
 62
7
100
AcDbSpline
 70
8
 71
3
 72
8
 73
4
 74
0
 40
0
 40
0
 40
0
 40
0
 40
1
 40
1
 40
1
 40
1
 10
243.400000
 20
244.200000
 30
0.0
 10
230.200000
 20
231.500000
 30
0.0
 10
206.300000
 20
216.800000
 30
0.0
 10
179.900000
 20
202.400000
 30
0.0
  0
SPLINE
  5
3e3
100
AcDbEntity
  8
0
 62
7
100
AcDbSpline
 70
8
 71
3
 72
8
 73
4
 74
0
 40
0
 40
0
 40
0
 40
0
 40
1
 40
1
 40
1
 40
1
 10
179.900000
 20
202.400000
 30
0.0
 10
175.500000
 20
200.900000
 30
0.0
 10
169.700000
 20
200.700000
 30
0.0
 10
165.500000
 20
201.800000
 30
0.0
  0
SPLINE
  5
3e4
100
AcDbEntity
  8
0
 62
7
100
AcDbSpline
 70
8
 71
3
 72
8
 73
4
 74
0
 40
0
 40
0
 40
0
 40
0
 40
1
 40
1
 40
1
 40
1
 10
165.500000
 20
201.800000
 30
0.0
 10
162.200000
 20
202.600000
 30
0.0
 10
158.600000
 20
205.500000
 30
0.0
 10
155.000000
 20
208.300000
 30
0.0
  0
SPLINE
  5
3e5
100
AcDbEntity
  8
0
 62
7
100
AcDbSpline
 70
8
 71
3
 72
8
 73
4
 74
0
 40
0
 40
0
 40
0
 40
0
 40
1
 40
1
 40
1
 40
1
 10
155.000000
 20
208.300000
 30
0.0
 10
151.400000
 20
211.200000
 30
0.0
 10
147.800000
 20
214.100000
 30
0.0
 10
144.200000
 20
214.900000
 30
0.0
  0
SPLINE
  5
3e6
100
AcDbEntity
  8
0
 62
7
100
AcDbSpline
 70
8
 71
3
 72
8
 73
4
 74
0
 40
0
 40
0
 40
0
 40
0
 40
1
 40
1
 40
1
 40
1
 10
144.200000
 20
214.900000
 30
0.0
 10
141.800000
 20
215.500000
 30
0.0
 10
139.300000
 20
215.400000
 30
0.0
 10
137.200000
 20
214.600000
 30
0.0
  0
SPLINE
  5
3e7
100
AcDbEntity
  8
0
 62
7
100
AcDbSpline
 70
8
 71
3
 72
8
 73
4
 74
0
 40
0
 40
0
 40
0
 40
0
 40
1
 40
1
 40
1
 40
1
 10
137.200000
 20
214.600000
 30
0.0
 10
134.500000
 20
213.500000
 30
0.0
 10
132.200000
 20
210.100000
 30
0.0
 10
132.200000
 20
207.500000
 30
0.0
  0
SPLINE
  5
3e8
100
AcDbEntity
  8
0
 62
7
100
AcDbSpline
 70
8
 71
3
 72
8
 73
4
 74
0
 40
0
 40
0
 40
0
 40
0
 40
1
 40
1
 40
1
 40
1
 10
132.200000
 20
207.500000
 30
0.0
 10
131.900000
 20
202.900000
 30
0.0
 10
134.600000
 20
199.300000
 30
0.0
 10
138.600000
 20
198.300000
 30
0.0
  0
SPLINE
  5
3e9
100
AcDbEntity
  8
0
 62
7
100
AcDbSpline
 70
8
 71
3
 72
8
 73
4
 74
0
 40
0
 40
0
 40
0
 40
0
 40
1
 40
1
 40
1
 40
1
 10
138.600000
 20
198.300000
 30
0.0
 10
140.100000
 20
197.900000
 30
0.0
 10
141.600000
 20
198.400000
 30
0.0
 10
143.100000
 20
198.800000
 30
0.0
  0
SPLINE
  5
3ea
100
AcDbEntity
  8
0
 62
7
100
AcDbSpline
 70
8
 71
3
 72
8
 73
4
 74
0
 40
0
 40
0
 40
0
 40
0
 40
1
 40
1
 40
1
 40
1
 10
143.100000
 20
198.800000
 30
0.0
 10
144.600000
 20
199.200000
 30
0.0
 10
146.100000
 20
199.500000
 30
0.0
 10
147.600000
 20
199.100000
 30
0.0
  0
SPLINE
  5
3eb
100
AcDbEntity
  8
0
 62
7
100
AcDbSpline
 70
8
 71
3
 72
8
 73
4
 74
0
 40
0
 40
0
 40
0
 40
0
 40
1
 40
1
 40
1
 40
1
 10
147.600000
 20
199.100000
 30
0.0
 10
148.500000
 20
198.900000
 30
0.0
 10
149.300000
 20
198.100000
 30
0.0
 10
150.100000
 20
197.100000
 30
0.0
  0
SPLINE
  5
3ec
100
AcDbEntity
  8
0
 62
7
100
AcDbSpline
 70
8
 71
3
 72
8
 73
4
 74
0
 40
0
 40
0
 40
0
 40
0
 40
1
 40
1
 40
1
 40
1
 10
150.100000
 20
197.100000
 30
0.0
 10
150.900000
 20
196.100000
 30
0.0
 10
151.700000
 20
194.900000
 30
0.0
 10
153.000000
 20
194.200000
 30
0.0
  0
SPLINE
  5
3ed
100
AcDbEntity
  8
0
 62
7
100
AcDbSpline
 70
8
 71
3
 72
8
 73
4
 74
0
 40
0
 40
0
 40
0
 40
0
 40
1
 40
1
 40
1
 40
1
 10
153.000000
 20
194.200000
 30
0.0
 10
153.600000
 20
193.900000
 30
0.0
 10
154.400000
 20
193.500000
 30
0.0
 10
155.200000
 20
193.300000
 30
0.0
  0
LINE
  5
3ee
100
AcDbEntity
  8
0
 62
7
100
AcDbLine
 10
155.200000
 20
193.300000
 30
0.0
 11
154.300000
 21
193.300000
 31
0.0
  0
SPLINE
  5
3ef
100
AcDbEntity
  8
0
 62
7
100
AcDbSpline
 70
8
 71
3
 72
8
 73
4
 74
0
 40
0
 40
0
 40
0
 40
0
 40
1
 40
1
 40
1
 40
1
 10
154.300000
 20
193.300000
 30
0.0
 10
150.900000
 20
193.600000
 30
0.0
 10
144.600000
 20
196.200000
 30
0.0
 10
138.700000
 20
197.700000
 30
0.0
  0
SPLINE
  5
3f0
100
AcDbEntity
  8
0
 62
7
100
AcDbSpline
 70
8
 71
3
 72
8
 73
4
 74
0
 40
0
 40
0
 40
0
 40
0
 40
1
 40
1
 40
1
 40
1
 10
138.700000
 20
197.700000
 30
0.0
 10
136.100000
 20
198.300000
 30
0.0
 10
133.600000
 20
197.500000
 30
0.0
 10
131.800000
 20
196.100000
 30
0.0
  0
SPLINE
  5
3f1
100
AcDbEntity
  8
0
 62
7
100
AcDbSpline
 70
8
 71
3
 72
8
 73
4
 74
0
 40
0
 40
0
 40
0
 40
0
 40
1
 40
1
 40
1
 40
1
 10
131.800000
 20
196.100000
 30
0.0
 10
129.200000
 20
194.000000
 30
0.0
 10
128.200000
 20
189.800000
 30
0.0
 10
128.900000
 20
187.100000
 30
0.0
  0
SPLINE
  5
3f2
100
AcDbEntity
  8
0
 62
7
100
AcDbSpline
 70
8
 71
3
 72
8
 73
4
 74
0
 40
0
 40
0
 40
0
 40
0
 40
1
 40
1
 40
1
 40
1
 10
128.900000
 20
187.100000
 30
0.0
 10
129.100000
 20
186.300000
 30
0.0
 10
129.300000
 20
185.600000
 30
0.0
 10
129.600000
 20
184.800000
 30
0.0
  0
SPLINE
  5
3f3
100
AcDbEntity
  8
0
 62
7
100
AcDbSpline
 70
8
 71
3
 72
8
 73
4
 74
0
 40
0
 40
0
 40
0
 40
0
 40
1
 40
1
 40
1
 40
1
 10
129.600000
 20
184.800000
 30
0.0
 10
130.600000
 20
182.600000
 30
0.0
 10
132.600000
 20
180.700000
 30
0.0
 10
135.500000
 20
180.000000
 30
0.0
  0
SPLINE
  5
3f4
100
AcDbEntity
  8
0
 62
7
100
AcDbSpline
 70
8
 71
3
 72
8
 73
4
 74
0
 40
0
 40
0
 40
0
 40
0
 40
1
 40
1
 40
1
 40
1
 10
135.500000
 20
180.000000
 30
0.0
 10
137.200000
 20
179.600000
 30
0.0
 10
138.600000
 20
179.800000
 30
0.0
 10
139.700000
 20
180.300000
 30
0.0
  0
SPLINE
  5
3f5
100
AcDbEntity
  8
0
 62
7
100
AcDbSpline
 70
8
 71
3
 72
8
 73
4
 74
0
 40
0
 40
0
 40
0
 40
0
 40
1
 40
1
 40
1
 40
1
 10
139.700000
 20
180.300000
 30
0.0
 10
140.800000
 20
180.800000
 30
0.0
 10
141.800000
 20
181.600000
 30
0.0
 10
142.500000
 20
182.400000
 30
0.0
  0
SPLINE
  5
3f6
100
AcDbEntity
  8
0
 62
7
100
AcDbSpline
 70
8
 71
3
 72
8
 73
4
 74
0
 40
0
 40
0
 40
0
 40
0
 40
1
 40
1
 40
1
 40
1
 10
142.500000
 20
182.400000
 30
0.0
 10
143.200000
 20
183.200000
 30
0.0
 10
143.900000
 20
184.000000
 30
0.0
 10
144.400000
 20
184.500000
 30
0.0
  0
SPLINE
  5
3f7
100
AcDbEntity
  8
0
 62
7
100
AcDbSpline
 70
8
 71
3
 72
8
 73
4
 74
0
 40
0
 40
0
 40
0
 40
0
 40
1
 40
1
 40
1
 40
1
 10
144.400000
 20
184.500000
 30
0.0
 10
145.000000
 20
185.000000
 30
0.0
 10
145.400000
 20
185.200000
 30
0.0
 10
145.900000
 20
185.100000
 30
0.0
  0
SPLINE
  5
3f8
100
AcDbEntity
  8
0
 62
7
100
AcDbSpline
 70
8
 71
3
 72
8
 73
4
 74
0
 40
0
 40
0
 40
0
 40
0
 40
1
 40
1
 40
1
 40
1
 10
145.900000
 20
185.100000
 30
0.0
 10
147.600000
 20
184.700000
 30
0.0
 10
148.800000
 20
184.100000
 30
0.0
 10
150.200000
 20
183.500000
 30
0.0
  0
SPLINE
  5
3f9
100
AcDbEntity
  8
0
 62
7
100
AcDbSpline
 70
8
 71
3
 72
8
 73
4
 74
0
 40
0
 40
0
 40
0
 40
0
 40
1
 40
1
 40
1
 40
1
 10
150.200000
 20
183.500000
 30
0.0
 10
151.100000
 20
183.100000
 30
0.0
 10
152.100000
 20
182.700000
 30
0.0
 10
153.300000
 20
182.500000
 30
0.0
  0
SPLINE
  5
3fa
100
AcDbEntity
  8
0
 62
7
100
AcDbSpline
 70
8
 71
3
 72
8
 73
4
 74
0
 40
0
 40
0
 40
0
 40
0
 40
1
 40
1
 40
1
 40
1
 10
153.300000
 20
182.500000
 30
0.0
 10
152.000000
 20
182.100000
 30
0.0
 10
150.800000
 20
181.700000
 30
0.0
 10
149.600000
 20
181.300000
 30
0.0
  0
SPLINE
  5
3fb
100
AcDbEntity
  8
0
 62
7
100
AcDbSpline
 70
8
 71
3
 72
8
 73
4
 74
0
 40
0
 40
0
 40
0
 40
0
 40
1
 40
1
 40
1
 40
1
 10
149.600000
 20
181.300000
 30
0.0
 10
145.900000
 20
180.200000
 30
0.0
 10
142.400000
 20
179.100000
 30
0.0
 10
139.500000
 20
177.700000
 30
0.0
  0
SPLINE
  5
3fc
100
AcDbEntity
  8
0
 62
7
100
AcDbSpline
 70
8
 71
3
 72
8
 73
4
 74
0
 40
0
 40
0
 40
0
 40
0
 40
1
 40
1
 40
1
 40
1
 10
139.500000
 20
177.700000
 30
0.0
 10
136.600000
 20
176.400000
 30
0.0
 10
134.300000
 20
174.800000
 30
0.0
 10
133.200000
 20
172.700000
 30
0.0
  0
SPLINE
  5
3fd
100
AcDbEntity
  8
0
 62
7
100
AcDbSpline
 70
8
 71
3
 72
8
 73
4
 74
0
 40
0
 40
0
 40
0
 40
0
 40
1
 40
1
 40
1
 40
1
 10
133.200000
 20
172.700000
 30
0.0
 10
132.800000
 20
172.000000
 30
0.0
 10
132.600000
 20
171.200000
 30
0.0
 10
132.500000
 20
170.400000
 30
0.0
  0
SPLINE
  5
3fe
100
AcDbEntity
  8
0
 62
7
100
AcDbSpline
 70
8
 71
3
 72
8
 73
4
 74
0
 40
0
 40
0
 40
0
 40
0
 40
1
 40
1
 40
1
 40
1
 10
132.500000
 20
170.400000
 30
0.0
 10
131.600000
 20
165.100000
 30
0.0
 10
133.900000
 20
161.000000
 30
0.0
 10
135.900000
 20
159.100000
 30
0.0
  0
SPLINE
  5
3ff
100
AcDbEntity
  8
0
 62
7
100
AcDbSpline
 70
8
 71
3
 72
8
 73
4
 74
0
 40
0
 40
0
 40
0
 40
0
 40
1
 40
1
 40
1
 40
1
 10
135.900000
 20
159.100000
 30
0.0
 10
137.000000
 20
157.300000
 30
0.0
 10
139.100000
 20
155.800000
 30
0.0
 10
141.400000
 20
155.100000
 30
0.0
  0
SPLINE
  5
400
100
AcDbEntity
  8
0
 62
7
100
AcDbSpline
 70
8
 71
3
 72
8
 73
4
 74
0
 40
0
 40
0
 40
0
 40
0
 40
1
 40
1
 40
1
 40
1
 10
141.400000
 20
155.100000
 30
0.0
 10
143.700000
 20
154.400000
 30
0.0
 10
146.300000
 20
154.700000
 30
0.0
 10
148.400000
 20
156.400000
 30
0.0
  0
SPLINE
  5
401
100
AcDbEntity
  8
0
 62
7
100
AcDbSpline
 70
8
 71
3
 72
8
 73
4
 74
0
 40
0
 40
0
 40
0
 40
0
 40
1
 40
1
 40
1
 40
1
 10
148.400000
 20
156.400000
 30
0.0
 10
151.000000
 20
158.600000
 30
0.0
 10
152.300000
 20
162.400000
 30
0.0
 10
153.600000
 20
165.900000
 30
0.0
  0
SPLINE
  5
402
100
AcDbEntity
  8
0
 62
7
100
AcDbSpline
 70
8
 71
3
 72
8
 73
4
 74
0
 40
0
 40
0
 40
0
 40
0
 40
1
 40
1
 40
1
 40
1
 10
153.600000
 20
165.900000
 30
0.0
 10
154.900000
 20
169.400000
 30
0.0
 10
156.300000
 20
172.600000
 30
0.0
 10
159.100000
 20
173.900000
 30
0.0
  0
SPLINE
  5
403
100
AcDbEntity
  8
0
 62
7
100
AcDbSpline
 70
8
 71
3
 72
8
 73
4
 74
0
 40
0
 40
0
 40
0
 40
0
 40
1
 40
1
 40
1
 40
1
 10
159.100000
 20
173.900000
 30
0.0
 10
162.100000
 20
175.300000
 30
0.0
 10
164.500000
 20
175.700000
 30
0.0
 10
167.100000
 20
175.700000
 30
0.0
  0
SPLINE
  5
404
100
AcDbEntity
  8
0
 62
7
100
AcDbSpline
 70
8
 71
3
 72
8
 73
4
 74
0
 40
0
 40
0
 40
0
 40
0
 40
1
 40
1
 40
1
 40
1
 10
167.100000
 20
175.700000
 30
0.0
 10
169.700000
 20
175.700000
 30
0.0
 10
172.300000
 20
175.200000
 30
0.0
 10
175.500000
 20
175.200000
 30
0.0
  0
SPLINE
  5
405
100
AcDbEntity
  8
0
 62
7
100
AcDbSpline
 70
8
 71
3
 72
8
 73
4
 74
0
 40
0
 40
0
 40
0
 40
0
 40
1
 40
1
 40
1
 40
1
 10
175.500000
 20
175.200000
 30
0.0
 10
181.000000
 20
175.100000
 30
0.0
 10
186.400000
 20
177.400000
 30
0.0
 10
191.500000
 20
182.800000
 30
0.0
  0
SPLINE
  5
406
100
AcDbEntity
  8
0
 62
7
100
AcDbSpline
 70
8
 71
3
 72
8
 73
4
 74
0
 40
0
 40
0
 40
0
 40
0
 40
1
 40
1
 40
1
 40
1
 10
191.500000
 20
182.800000
 30
0.0
 10
194.200000
 20
183.100000
 30
0.0
 10
198.100000
 20
182.800000
 30
0.0
 10
200.200000
 20
180.700000
 30
0.0
  0
SPLINE
  5
407
100
AcDbEntity
  8
0
 62
7
100
AcDbSpline
 70
8
 71
3
 72
8
 73
4
 74
0
 40
0
 40
0
 40
0
 40
0
 40
1
 40
1
 40
1
 40
1
 10
200.200000
 20
180.700000
 30
0.0
 10
201.300000
 20
179.600000
 30
0.0
 10
202.200000
 20
177.700000
 30
0.0
 10
203.400000
 20
175.900000
 30
0.0
  0
SPLINE
  5
408
100
AcDbEntity
  8
0
 62
7
100
AcDbSpline
 70
8
 71
3
 72
8
 73
4
 74
0
 40
0
 40
0
 40
0
 40
0
 40
1
 40
1
 40
1
 40
1
 10
203.400000
 20
175.900000
 30
0.0
 10
204.600000
 20
174.100000
 30
0.0
 10
206.100000
 20
172.300000
 30
0.0
 10
208.400000
 20
171.700000
 30
0.0
  0
SPLINE
  5
409
100
AcDbEntity
  8
0
 62
7
100
AcDbSpline
 70
8
 71
3
 72
8
 73
4
 74
0
 40
0
 40
0
 40
0
 40
0
 40
1
 40
1
 40
1
 40
1
 10
208.400000
 20
171.700000
 30
0.0
 10
210.700000
 20
171.100000
 30
0.0
 10
213.400000
 20
171.400000
 30
0.0
 10
215.800000
 20
172.400000
 30
0.0
  0
SPLINE
  5
40a
100
AcDbEntity
  8
0
 62
7
100
AcDbSpline
 70
8
 71
3
 72
8
 73
4
 74
0
 40
0
 40
0
 40
0
 40
0
 40
1
 40
1
 40
1
 40
1
 10
215.800000
 20
172.400000
 30
0.0
 10
218.100000
 20
173.400000
 30
0.0
 10
220.000000
 20
175.300000
 30
0.0
 10
220.700000
 20
178.000000
 30
0.0
  0
SPLINE
  5
40b
100
AcDbEntity
  8
0
 62
7
100
AcDbSpline
 70
8
 71
3
 72
8
 73
4
 74
0
 40
0
 40
0
 40
0
 40
0
 40
1
 40
1
 40
1
 40
1
 10
220.700000
 20
178.000000
 30
0.0
 10
220.800000
 20
178.400000
 30
0.0
 10
220.800000
 20
178.900000
 30
0.0
 10
220.900000
 20
179.300000
 30
0.0
  0
LINE
  5
40c
100
AcDbEntity
  8
0
 62
7
100
AcDbLine
 10
220.900000
 20
179.300000
 30
0.0
 11
221.000000
 21
179.300000
 31
0.0
  0
SPLINE
  5
40d
100
AcDbEntity
  8
0
 62
7
100
AcDbSpline
 70
8
 71
3
 72
8
 73
4
 74
0
 40
0
 40
0
 40
0
 40
0
 40
1
 40
1
 40
1
 40
1
 10
221.000000
 20
179.300000
 30
0.0
 10
221.500000
 20
182.900000
 30
0.0
 10
220.600000
 20
187.500000
 30
0.0
 10
219.100000
 20
191.000000
 30
0.0
  0
SPLINE
  5
40e
100
AcDbEntity
  8
0
 62
7
100
AcDbSpline
 70
8
 71
3
 72
8
 73
4
 74
0
 40
0
 40
0
 40
0
 40
0
 40
1
 40
1
 40
1
 40
1
 10
219.100000
 20
191.000000
 30
0.0
 10
217.800000
 20
193.200000
 30
0.0
 10
215.900000
 20
194.800000
 30
0.0
 10
213.300000
 20
195.400000
 30
0.0
  0
SPLINE
  5
40f
100
AcDbEntity
  8
0
 62
7
100
AcDbSpline
 70
8
 71
3
 72
8
 73
4
 74
0
 40
0
 40
0
 40
0
 40
0
 40
1
 40
1
 40
1
 40
1
 10
213.300000
 20
195.400000
 30
0.0
 10
211.100000
 20
195.900000
 30
0.0
 10
207.600000
 20
195.500000
 30
0.0
 10
204.000000
 20
194.700000
 30
0.0
  0
SPLINE
  5
410
100
AcDbEntity
  8
0
 62
7
100
AcDbSpline
 70
8
 71
3
 72
8
 73
4
 74
0
 40
0
 40
0
 40
0
 40
0
 40
1
 40
1
 40
1
 40
1
 10
204.000000
 20
194.700000
 30
0.0
 10
201.700000
 20
194.700000
 30
0.0
 10
199.800000
 20
194.000000
 30
0.0
 10
197.700000
 20
193.400000
 30
0.0
  0
LINE
  5
411
100
AcDbEntity
  8
0
 62
7
100
AcDbLine
 10
197.700000
 20
193.400000
 30
0.0
 11
197.700000
 21
193.400000
 31
0.0
  0
SPLINE
  5
412
100
AcDbEntity
  8
0
 62
7
100
AcDbSpline
 70
8
 71
3
 72
8
 73
4
 74
0
 40
0
 40
0
 40
0
 40
0
 40
1
 40
1
 40
1
 40
1
 10
170.200000
 20
188.500000
 30
0.0
 10
166.000000
 20
186.300000
 30
0.0
 10
159.500000
 20
183.500000
 30
0.0
 10
154.100000
 20
181.900000
 30
0.0
  0
SPLINE
  5
413
100
AcDbEntity
  8
0
 62
7
100
AcDbSpline
 70
8
 71
3
 72
8
 73
4
 74
0
 40
0
 40
0
 40
0
 40
0
 40
1
 40
1
 40
1
 40
1
 10
170.200000
 20
188.500000
 30
0.0
 10
166.000000
 20
186.300000
 30
0.0
 10
159.500000
 20
183.500000
 30
0.0
 10
154.100000
 20
181.900000
 30
0.0
  0
SPLINE
  5
414
100
AcDbEntity
  8
0
 62
7
100
AcDbSpline
 70
8
 71
3
 72
8
 73
4
 74
0
 40
0
 40
0
 40
0
 40
0
 40
1
 40
1
 40
1
 40
1
 10
155.900000
 20
192.900000
 30
0.0
 10
162.300000
 20
192.400000
 30
0.0
 10
173.800000
 20
197.800000
 30
0.0
 10
181.100000
 20
202.000000
 30
0.0
  0
SPLINE
  5
415
100
AcDbEntity
  8
0
 62
7
100
AcDbSpline
 70
8
 71
3
 72
8
 73
4
 74
0
 40
0
 40
0
 40
0
 40
0
 40
1
 40
1
 40
1
 40
1
 10
154.000000
 20
182.000000
 30
0.0
 10
158.100000
 20
183.300000
 30
0.0
 10
163.600000
 20
185.100000
 30
0.0
 10
170.400000
 20
188.700000
 30
0.0
  0
SPLINE
  5
416
100
AcDbEntity
  8
0
 62
7
100
AcDbSpline
 70
8
 71
3
 72
8
 73
4
 74
0
 40
0
 40
0
 40
0
 40
0
 40
1
 40
1
 40
1
 40
1
 10
132.100000
 20
217.500000
 30
0.0
 10
124.600000
 20
219.000000
 30
0.0
 10
116.900000
 20
212.000000
 30
0.0
 10
123.500000
 20
203.600000
 30
0.0
  0
SPLINE
  5
417
100
AcDbEntity
  8
0
 62
7
100
AcDbSpline
 70
8
 71
3
 72
8
 73
4
 74
0
 40
0
 40
0
 40
0
 40
0
 40
1
 40
1
 40
1
 40
1
 10
123.500000
 20
203.600000
 30
0.0
 10
123.500000
 20
208.900000
 30
0.0
 10
129.900000
 20
211.000000
 30
0.0
 10
134.800000
 20
205.200000
 30
0.0
  0
SPLINE
  5
418
100
AcDbEntity
  8
0
 62
7
100
AcDbSpline
 70
8
 71
3
 72
8
 73
4
 74
0
 40
0
 40
0
 40
0
 40
0
 40
1
 40
1
 40
1
 40
1
 10
134.800000
 20
205.200000
 30
0.0
 10
137.500000
 20
205.600000
 30
0.0
 10
140.200000
 20
209.800000
 30
0.0
 10
139.100000
 20
212.800000
 30
0.0
  0
SPLINE
  5
419
100
AcDbEntity
  8
0
 62
7
100
AcDbSpline
 70
8
 71
3
 72
8
 73
4
 74
0
 40
0
 40
0
 40
0
 40
0
 40
1
 40
1
 40
1
 40
1
 10
139.100000
 20
212.800000
 30
0.0
 10
137.100000
 20
215.500000
 30
0.0
 10
134.600000
 20
217.000000
 30
0.0
 10
132.100000
 20
217.500000
 30
0.0
  0
SPLINE
  5
41a
100
AcDbEntity
  8
0
 62
7
100
AcDbSpline
 70
8
 71
3
 72
8
 73
4
 74
0
 40
0
 40
0
 40
0
 40
0
 40
1
 40
1
 40
1
 40
1
 10
225.700000
 20
190.700000
 30
0.0
 10
223.400000
 20
191.100000
 30
0.0
 10
221.000000
 20
191.000000
 30
0.0
 10
218.700000
 20
190.500000
 30
0.0
  0
SPLINE
  5
41b
100
AcDbEntity
  8
0
 62
7
100
AcDbSpline
 70
8
 71
3
 72
8
 73
4
 74
0
 40
0
 40
0
 40
0
 40
0
 40
1
 40
1
 40
1
 40
1
 10
218.700000
 20
190.500000
 30
0.0
 10
213.900000
 20
187.800000
 30
0.0
 10
213.900000
 20
180.500000
 30
0.0
 10
218.700000
 20
177.400000
 30
0.0
  0
SPLINE
  5
41c
100
AcDbEntity
  8
0
 62
7
100
AcDbSpline
 70
8
 71
3
 72
8
 73
4
 74
0
 40
0
 40
0
 40
0
 40
0
 40
1
 40
1
 40
1
 40
1
 10
218.700000
 20
177.400000
 30
0.0
 10
224.700000
 20
182.100000
 30
0.0
 10
232.300000
 20
177.200000
 30
0.0
 10
230.400000
 20
170.800000
 30
0.0
  0
SPLINE
  5
41d
100
AcDbEntity
  8
0
 62
7
100
AcDbSpline
 70
8
 71
3
 72
8
 73
4
 74
0
 40
0
 40
0
 40
0
 40
0
 40
1
 40
1
 40
1
 40
1
 10
230.400000
 20
170.800000
 30
0.0
 10
237.700000
 20
175.500000
 30
0.0
 10
238.000000
 20
181.600000
 30
0.0
 10
235.000000
 20
185.700000
 30
0.0
  0
SPLINE
  5
41e
100
AcDbEntity
  8
0
 62
7
100
AcDbSpline
 70
8
 71
3
 72
8
 73
4
 74
0
 40
0
 40
0
 40
0
 40
0
 40
1
 40
1
 40
1
 40
1
 10
235.000000
 20
185.700000
 30
0.0
 10
232.900000
 20
188.200000
 30
0.0
 10
229.500000
 20
190.000000
 30
0.0
 10
225.700000
 20
190.700000
 30
0.0
  0
LINE
  5
41f
100
AcDbEntity
  8
0
 62
7
100
AcDbLine
 10
225.700000
 20
190.700000
 30
0.0
 11
225.700000
 21
190.700000
 31
0.0
  0
SPLINE
  5
420
100
AcDbEntity
  8
0
 62
7
100
AcDbSpline
 70
8
 71
3
 72
8
 73
4
 74
0
 40
0
 40
0
 40
0
 40
0
 40
1
 40
1
 40
1
 40
1
 10
128.800000
 20
197.100000
 30
0.0
 10
128.200000
 20
197.300000
 30
0.0
 10
127.600000
 20
197.300000
 30
0.0
 10
127.100000
 20
197.400000
 30
0.0
  0
SPLINE
  5
421
100
AcDbEntity
  8
0
 62
7
100
AcDbSpline
 70
8
 71
3
 72
8
 73
4
 74
0
 40
0
 40
0
 40
0
 40
0
 40
1
 40
1
 40
1
 40
1
 10
127.100000
 20
197.400000
 30
0.0
 10
123.300000
 20
198.000000
 30
0.0
 10
119.900000
 20
197.100000
 30
0.0
 10
117.400000
 20
195.000000
 30
0.0
  0
SPLINE
  5
422
100
AcDbEntity
  8
0
 62
7
100
AcDbSpline
 70
8
 71
3
 72
8
 73
4
 74
0
 40
0
 40
0
 40
0
 40
0
 40
1
 40
1
 40
1
 40
1
 10
117.400000
 20
195.000000
 30
0.0
 10
113.500000
 20
191.800000
 30
0.0
 10
112.400000
 20
183.600000
 30
0.0
 10
119.100000
 20
180.100000
 30
0.0
  0
SPLINE
  5
423
100
AcDbEntity
  8
0
 62
7
100
AcDbSpline
 70
8
 71
3
 72
8
 73
4
 74
0
 40
0
 40
0
 40
0
 40
0
 40
1
 40
1
 40
1
 40
1
 10
119.100000
 20
180.100000
 30
0.0
 10
117.800000
 20
186.300000
 30
0.0
 10
124.400000
 20
190.900000
 30
0.0
 10
131.600000
 20
185.300000
 30
0.0
  0
SPLINE
  5
424
100
AcDbEntity
  8
0
 62
7
100
AcDbSpline
 70
8
 71
3
 72
8
 73
4
 74
0
 40
0
 40
0
 40
0
 40
0
 40
1
 40
1
 40
1
 40
1
 10
131.600000
 20
185.300000
 30
0.0
 10
134.600000
 20
186.400000
 30
0.0
 10
136.300000
 20
191.500000
 30
0.0
 10
134.200000
 20
194.800000
 30
0.0
  0
SPLINE
  5
425
100
AcDbEntity
  8
0
 62
7
100
AcDbSpline
 70
8
 71
3
 72
8
 73
4
 74
0
 40
0
 40
0
 40
0
 40
0
 40
1
 40
1
 40
1
 40
1
 10
134.200000
 20
194.800000
 30
0.0
 10
132.300000
 20
195.800000
 30
0.0
 10
130.500000
 20
196.600000
 30
0.0
 10
128.800000
 20
197.100000
 30
0.0
  0
LINE
  5
426
100
AcDbEntity
  8
0
 62
7
100
AcDbLine
 10
128.800000
 20
197.100000
 30
0.0
 11
128.800000
 21
197.100000
 31
0.0
  0
SPLINE
  5
427
100
AcDbEntity
  8
0
 62
7
100
AcDbSpline
 70
8
 71
3
 72
8
 73
4
 74
0
 40
0
 40
0
 40
0
 40
0
 40
1
 40
1
 40
1
 40
1
 10
137.100000
 20
170.900000
 30
0.0
 10
130.900000
 20
170.300000
 30
0.0
 10
125.800000
 20
166.300000
 30
0.0
 10
124.200000
 20
161.300000
 30
0.0
  0
SPLINE
  5
428
100
AcDbEntity
  8
0
 62
7
100
AcDbSpline
 70
8
 71
3
 72
8
 73
4
 74
0
 40
0
 40
0
 40
0
 40
0
 40
1
 40
1
 40
1
 40
1
 10
124.200000
 20
161.300000
 30
0.0
 10
122.700000
 20
156.500000
 30
0.0
 10
125.400000
 20
149.400000
 30
0.0
 10
132.900000
 20
148.500000
 30
0.0
  0
SPLINE
  5
429
100
AcDbEntity
  8
0
 62
7
100
AcDbSpline
 70
8
 71
3
 72
8
 73
4
 74
0
 40
0
 40
0
 40
0
 40
0
 40
1
 40
1
 40
1
 40
1
 10
132.900000
 20
148.500000
 30
0.0
 10
128.900000
 20
154.000000
 30
0.0
 10
134.400000
 20
161.000000
 30
0.0
 10
141.600000
 20
158.500000
 30
0.0
  0
SPLINE
  5
42a
100
AcDbEntity
  8
0
 62
7
100
AcDbSpline
 70
8
 71
3
 72
8
 73
4
 74
0
 40
0
 40
0
 40
0
 40
0
 40
1
 40
1
 40
1
 40
1
 10
141.600000
 20
158.500000
 30
0.0
 10
145.000000
 20
162.900000
 30
0.0
 10
142.500000
 20
169.900000
 30
0.0
 10
137.100000
 20
170.900000
 30
0.0
  0
SPLINE
  5
42b
100
AcDbEntity
  8
0
 62
7
100
AcDbSpline
 70
8
 71
3
 72
8
 73
4
 74
0
 40
0
 40
0
 40
0
 40
0
 40
1
 40
1
 40
1
 40
1
 10
326.200000
 20
680.100000
 30
0.0
 10
304.100000
 20
678.400000
 30
0.0
 10
287.500000
 20
701.700000
 30
0.0
 10
283.700000
 20
682.700000
 30
0.0
  0
SPLINE
  5
42c
100
AcDbEntity
  8
0
 62
7
100
AcDbSpline
 70
8
 71
3
 72
8
 73
4
 74
0
 40
0
 40
0
 40
0
 40
0
 40
1
 40
1
 40
1
 40
1
 10
283.700000
 20
682.700000
 30
0.0
 10
269.200000
 20
696.400000
 30
0.0
 10
290.300000
 20
703.000000
 30
0.0
 10
299.400000
 20
705.500000
 30
0.0
  0
SPLINE
  5
42d
100
AcDbEntity
  8
0
 62
7
100
AcDbSpline
 70
8
 71
3
 72
8
 73
4
 74
0
 40
0
 40
0
 40
0
 40
0
 40
1
 40
1
 40
1
 40
1
 10
299.400000
 20
705.500000
 30
0.0
 10
309.800000
 20
697.700000
 30
0.0
 10
322.500000
 20
690.700000
 30
0.0
 10
326.200000
 20
680.100000
 30
0.0
  0
SPLINE
  5
42e
100
AcDbEntity
  8
0
 62
7
100
AcDbSpline
 70
8
 71
3
 72
8
 73
4
 74
0
 40
0
 40
0
 40
0
 40
0
 40
1
 40
1
 40
1
 40
1
 10
330.100000
 20
663.200000
 30
0.0
 10
322.800000
 20
665.100000
 30
0.0
 10
314.600000
 20
664.800000
 30
0.0
 10
306.600000
 20
665.700000
 30
0.0
  0
SPLINE
  5
42f
100
AcDbEntity
  8
0
 62
7
100
AcDbSpline
 70
8
 71
3
 72
8
 73
4
 74
0
 40
0
 40
0
 40
0
 40
0
 40
1
 40
1
 40
1
 40
1
 10
306.600000
 20
665.700000
 30
0.0
 10
302.500000
 20
666.800000
 30
0.0
 10
301.300000
 20
670.600000
 30
0.0
 10
300.800000
 20
673.300000
 30
0.0
  0
SPLINE
  5
430
100
AcDbEntity
  8
0
 62
7
100
AcDbSpline
 70
8
 71
3
 72
8
 73
4
 74
0
 40
0
 40
0
 40
0
 40
0
 40
1
 40
1
 40
1
 40
1
 10
300.800000
 20
673.300000
 30
0.0
 10
303.500000
 20
670.400000
 30
0.0
 10
306.600000
 20
670.200000
 30
0.0
 10
309.700000
 20
670.000000
 30
0.0
  0
SPLINE
  5
431
100
AcDbEntity
  8
0
 62
7
100
AcDbSpline
 70
8
 71
3
 72
8
 73
4
 74
0
 40
0
 40
0
 40
0
 40
0
 40
1
 40
1
 40
1
 40
1
 10
309.700000
 20
670.000000
 30
0.0
 10
318.000000
 20
670.500000
 30
0.0
 10
326.900000
 20
670.700000
 30
0.0
 10
334.200000
 20
670.200000
 30
0.0
  0
LINE
  5
432
100
AcDbEntity
  8
0
 62
7
100
AcDbLine
 10
334.200000
 20
670.200000
 30
0.0
 11
330.100000
 21
663.200000
 31
0.0
  0
SPLINE
  5
433
100
AcDbEntity
  8
0
 62
7
100
AcDbSpline
 70
8
 71
3
 72
8
 73
4
 74
0
 40
0
 40
0
 40
0
 40
0
 40
1
 40
1
 40
1
 40
1
 10
334.800000
 20
671.400000
 30
0.0
 10
325.700000
 20
673.700000
 30
0.0
 10
316.800000
 20
676.500000
 30
0.0
 10
306.400000
 20
675.800000
 30
0.0
  0
SPLINE
  5
434
100
AcDbEntity
  8
0
 62
7
100
AcDbSpline
 70
8
 71
3
 72
8
 73
4
 74
0
 40
0
 40
0
 40
0
 40
0
 40
1
 40
1
 40
1
 40
1
 10
306.400000
 20
675.800000
 30
0.0
 10
293.400000
 20
673.700000
 30
0.0
 10
288.000000
 20
667.700000
 30
0.0
 10
275.400000
 20
667.900000
 30
0.0
  0
SPLINE
  5
435
100
AcDbEntity
  8
0
 62
7
100
AcDbSpline
 70
8
 71
3
 72
8
 73
4
 74
0
 40
0
 40
0
 40
0
 40
0
 40
1
 40
1
 40
1
 40
1
 10
275.400000
 20
667.900000
 30
0.0
 10
256.600000
 20
669.600000
 30
0.0
 10
262.000000
 20
679.300000
 30
0.0
 10
260.800000
 20
687.500000
 30
0.0
  0
SPLINE
  5
436
100
AcDbEntity
  8
0
 62
7
100
AcDbSpline
 70
8
 71
3
 72
8
 73
4
 74
0
 40
0
 40
0
 40
0
 40
0
 40
1
 40
1
 40
1
 40
1
 10
260.800000
 20
687.500000
 30
0.0
 10
267.900000
 20
670.600000
 30
0.0
 10
276.000000
 20
672.700000
 30
0.0
 10
278.000000
 20
672.200000
 30
0.0
  0
SPLINE
  5
437
100
AcDbEntity
  8
0
 62
7
100
AcDbSpline
 70
8
 71
3
 72
8
 73
4
 74
0
 40
0
 40
0
 40
0
 40
0
 40
1
 40
1
 40
1
 40
1
 10
278.000000
 20
672.200000
 30
0.0
 10
287.600000
 20
672.300000
 30
0.0
 10
295.500000
 20
678.300000
 30
0.0
 10
308.400000
 20
678.900000
 30
0.0
  0
SPLINE
  5
438
100
AcDbEntity
  8
0
 62
7
100
AcDbSpline
 70
8
 71
3
 72
8
 73
4
 74
0
 40
0
 40
0
 40
0
 40
0
 40
1
 40
1
 40
1
 40
1
 10
308.400000
 20
678.900000
 30
0.0
 10
317.400000
 20
678.600000
 30
0.0
 10
326.400000
 20
676.100000
 30
0.0
 10
335.400000
 20
673.800000
 30
0.0
  0
LINE
  5
439
100
AcDbEntity
  8
0
 62
7
100
AcDbLine
 10
335.400000
 20
673.800000
 30
0.0
 11
334.800000
 21
671.400000
 31
0.0
  0
SPLINE
  5
43a
100
AcDbEntity
  8
0
 62
7
100
AcDbSpline
 70
8
 71
3
 72
8
 73
4
 74
0
 40
0
 40
0
 40
0
 40
0
 40
1
 40
1
 40
1
 40
1
 10
380.000000
 20
279.800000
 30
0.0
 10
382.100000
 20
268.800000
 30
0.0
 10
379.800000
 20
257.800000
 30
0.0
 10
387.500000
 20
246.800000
 30
0.0
  0
SPLINE
  5
43b
100
AcDbEntity
  8
0
 62
7
100
AcDbSpline
 70
8
 71
3
 72
8
 73
4
 74
0
 40
0
 40
0
 40
0
 40
0
 40
1
 40
1
 40
1
 40
1
 10
387.500000
 20
246.800000
 30
0.0
 10
395.300000
 20
238.600000
 30
0.0
 10
402.600000
 20
230.400000
 30
0.0
 10
403.900000
 20
222.200000
 30
0.0
  0
SPLINE
  5
43c
100
AcDbEntity
  8
0
 62
7
100
AcDbSpline
 70
8
 71
3
 72
8
 73
4
 74
0
 40
0
 40
0
 40
0
 40
0
 40
1
 40
1
 40
1
 40
1
 10
403.900000
 20
222.200000
 30
0.0
 10
395.200000
 20
225.800000
 30
0.0
 10
386.000000
 20
232.000000
 30
0.0
 10
378.200000
 20
230.300000
 30
0.0
  0
SPLINE
  5
43d
100
AcDbEntity
  8
0
 62
7
100
AcDbSpline
 70
8
 71
3
 72
8
 73
4
 74
0
 40
0
 40
0
 40
0
 40
0
 40
1
 40
1
 40
1
 40
1
 10
378.200000
 20
230.300000
 30
0.0
 10
385.500000
 20
189.400000
 30
0.0
 10
422.200000
 20
186.900000
 30
0.0
 10
405.400000
 20
147.000000
 30
0.0
  0
SPLINE
  5
43e
100
AcDbEntity
  8
0
 62
7
100
AcDbSpline
 70
8
 71
3
 72
8
 73
4
 74
0
 40
0
 40
0
 40
0
 40
0
 40
1
 40
1
 40
1
 40
1
 10
405.400000
 20
147.000000
 30
0.0
 10
406.400000
 20
160.800000
 30
0.0
 10
397.800000
 20
169.600000
 30
0.0
 10
389.600000
 20
178.600000
 30
0.0
  0
SPLINE
  5
43f
100
AcDbEntity
  8
0
 62
7
100
AcDbSpline
 70
8
 71
3
 72
8
 73
4
 74
0
 40
0
 40
0
 40
0
 40
0
 40
1
 40
1
 40
1
 40
1
 10
389.600000
 20
178.600000
 30
0.0
 10
388.900000
 20
173.600000
 30
0.0
 10
388.500000
 20
168.600000
 30
0.0
 10
392.000000
 20
163.500000
 30
0.0
  0
SPLINE
  5
440
100
AcDbEntity
  8
0
 62
7
100
AcDbSpline
 70
8
 71
3
 72
8
 73
4
 74
0
 40
0
 40
0
 40
0
 40
0
 40
1
 40
1
 40
1
 40
1
 10
392.000000
 20
163.500000
 30
0.0
 10
384.600000
 20
170.500000
 30
0.0
 10
377.300000
 20
175.000000
 30
0.0
 10
369.900000
 20
177.100000
 30
0.0
  0
SPLINE
  5
441
100
AcDbEntity
  8
0
 62
7
100
AcDbSpline
 70
8
 71
3
 72
8
 73
4
 74
0
 40
0
 40
0
 40
0
 40
0
 40
1
 40
1
 40
1
 40
1
 10
369.900000
 20
177.100000
 30
0.0
 10
373.900000
 20
151.500000
 30
0.0
 10
396.300000
 20
142.900000
 30
0.0
 10
401.100000
 20
125.000000
 30
0.0
  0
SPLINE
  5
442
100
AcDbEntity
  8
0
 62
7
100
AcDbSpline
 70
8
 71
3
 72
8
 73
4
 74
0
 40
0
 40
0
 40
0
 40
0
 40
1
 40
1
 40
1
 40
1
 10
401.100000
 20
125.000000
 30
0.0
 10
392.800000
 20
130.800000
 30
0.0
 10
384.500000
 20
138.900000
 30
0.0
 10
376.200000
 20
136.400000
 30
0.0
  0
SPLINE
  5
443
100
AcDbEntity
  8
0
 62
7
100
AcDbSpline
 70
8
 71
3
 72
8
 73
4
 74
0
 40
0
 40
0
 40
0
 40
0
 40
1
 40
1
 40
1
 40
1
 10
376.200000
 20
136.400000
 30
0.0
 10
381.800000
 20
117.800000
 30
0.0
 10
407.800000
 20
111.500000
 30
0.0
 10
410.900000
 20
91.600000
 30
0.0
  0
SPLINE
  5
444
100
AcDbEntity
  8
0
 62
7
100
AcDbSpline
 70
8
 71
3
 72
8
 73
4
 74
0
 40
0
 40
0
 40
0
 40
0
 40
1
 40
1
 40
1
 40
1
 10
410.900000
 20
91.600000
 30
0.0
 10
399.800000
 20
102.500000
 30
0.0
 10
388.800000
 20
97.000000
 30
0.0
 10
377.700000
 20
107.000000
 30
0.0
  0
SPLINE
  5
445
100
AcDbEntity
  8
0
 62
7
100
AcDbSpline
 70
8
 71
3
 72
8
 73
4
 74
0
 40
0
 40
0
 40
0
 40
0
 40
1
 40
1
 40
1
 40
1
 10
377.700000
 20
107.000000
 30
0.0
 10
391.400000
 20
69.800000
 30
0.0
 10
373.900000
 20
36.000000
 30
0.0
 10
361.300000
 20
1.600000
 30
0.0
  0
SPLINE
  5
446
100
AcDbEntity
  8
0
 62
7
100
AcDbSpline
 70
8
 71
3
 72
8
 73
4
 74
0
 40
0
 40
0
 40
0
 40
0
 40
1
 40
1
 40
1
 40
1
 10
361.300000
 20
1.600000
 30
0.0
 10
348.700000
 20
36.000000
 30
0.0
 10
331.200000
 20
69.800000
 30
0.0
 10
344.900000
 20
107.000000
 30
0.0
  0
SPLINE
  5
447
100
AcDbEntity
  8
0
 62
7
100
AcDbSpline
 70
8
 71
3
 72
8
 73
4
 74
0
 40
0
 40
0
 40
0
 40
0
 40
1
 40
1
 40
1
 40
1
 10
344.900000
 20
107.000000
 30
0.0
 10
333.800000
 20
97.000000
 30
0.0
 10
322.800000
 20
102.500000
 30
0.0
 10
311.700000
 20
91.600000
 30
0.0
  0
SPLINE
  5
448
100
AcDbEntity
  8
0
 62
7
100
AcDbSpline
 70
8
 71
3
 72
8
 73
4
 74
0
 40
0
 40
0
 40
0
 40
0
 40
1
 40
1
 40
1
 40
1
 10
311.700000
 20
91.600000
 30
0.0
 10
314.800000
 20
111.400000
 30
0.0
 10
340.800000
 20
117.800000
 30
0.0
 10
346.400000
 20
136.400000
 30
0.0
  0
SPLINE
  5
449
100
AcDbEntity
  8
0
 62
7
100
AcDbSpline
 70
8
 71
3
 72
8
 73
4
 74
0
 40
0
 40
0
 40
0
 40
0
 40
1
 40
1
 40
1
 40
1
 10
346.400000
 20
136.400000
 30
0.0
 10
338.100000
 20
138.900000
 30
0.0
 10
329.800000
 20
130.800000
 30
0.0
 10
321.500000
 20
125.000000
 30
0.0
  0
SPLINE
  5
44a
100
AcDbEntity
  8
0
 62
7
100
AcDbSpline
 70
8
 71
3
 72
8
 73
4
 74
0
 40
0
 40
0
 40
0
 40
0
 40
1
 40
1
 40
1
 40
1
 10
321.500000
 20
125.000000
 30
0.0
 10
326.300000
 20
142.900000
 30
0.0
 10
348.700000
 20
151.500000
 30
0.0
 10
352.700000
 20
177.100000
 30
0.0
  0
SPLINE
  5
44b
100
AcDbEntity
  8
0
 62
7
100
AcDbSpline
 70
8
 71
3
 72
8
 73
4
 74
0
 40
0
 40
0
 40
0
 40
0
 40
1
 40
1
 40
1
 40
1
 10
352.700000
 20
177.100000
 30
0.0
 10
345.300000
 20
175.000000
 30
0.0
 10
338.000000
 20
170.500000
 30
0.0
 10
330.600000
 20
163.500000
 30
0.0
  0
SPLINE
  5
44c
100
AcDbEntity
  8
0
 62
7
100
AcDbSpline
 70
8
 71
3
 72
8
 73
4
 74
0
 40
0
 40
0
 40
0
 40
0
 40
1
 40
1
 40
1
 40
1
 10
330.600000
 20
163.500000
 30
0.0
 10
334.000000
 20
168.500000
 30
0.0
 10
333.700000
 20
173.500000
 30
0.0
 10
333.000000
 20
178.600000
 30
0.0
  0
SPLINE
  5
44d
100
AcDbEntity
  8
0
 62
7
100
AcDbSpline
 70
8
 71
3
 72
8
 73
4
 74
0
 40
0
 40
0
 40
0
 40
0
 40
1
 40
1
 40
1
 40
1
 10
333.000000
 20
178.600000
 30
0.0
 10
324.800000
 20
169.600000
 30
0.0
 10
316.200000
 20
160.800000
 30
0.0
 10
317.200000
 20
147.000000
 30
0.0
  0
SPLINE
  5
44e
100
AcDbEntity
  8
0
 62
7
100
AcDbSpline
 70
8
 71
3
 72
8
 73
4
 74
0
 40
0
 40
0
 40
0
 40
0
 40
1
 40
1
 40
1
 40
1
 10
317.200000
 20
147.000000
 30
0.0
 10
300.400000
 20
187.000000
 30
0.0
 10
337.200000
 20
189.500000
 30
0.0
 10
344.400000
 20
230.300000
 30
0.0
  0
SPLINE
  5
44f
100
AcDbEntity
  8
0
 62
7
100
AcDbSpline
 70
8
 71
3
 72
8
 73
4
 74
0
 40
0
 40
0
 40
0
 40
0
 40
1
 40
1
 40
1
 40
1
 10
344.400000
 20
230.300000
 30
0.0
 10
336.600000
 20
232.000000
 30
0.0
 10
327.500000
 20
225.900000
 30
0.0
 10
318.700000
 20
222.200000
 30
0.0
  0
SPLINE
  5
450
100
AcDbEntity
  8
0
 62
7
100
AcDbSpline
 70
8
 71
3
 72
8
 73
4
 74
0
 40
0
 40
0
 40
0
 40
0
 40
1
 40
1
 40
1
 40
1
 10
318.700000
 20
222.200000
 30
0.0
 10
320.000000
 20
230.400000
 30
0.0
 10
327.300000
 20
238.600000
 30
0.0
 10
335.100000
 20
246.800000
 30
0.0
  0
SPLINE
  5
451
100
AcDbEntity
  8
0
 62
7
100
AcDbSpline
 70
8
 71
3
 72
8
 73
4
 74
0
 40
0
 40
0
 40
0
 40
0
 40
1
 40
1
 40
1
 40
1
 10
335.100000
 20
246.800000
 30
0.0
 10
342.800000
 20
257.800000
 30
0.0
 10
340.500000
 20
268.800000
 30
0.0
 10
342.600000
 20
279.800000
 30
0.0
  0
LINE
  5
452
100
AcDbEntity
  8
0
 62
7
100
AcDbLine
 10
248.700000
 20
417.400000
 30
0.0
 11
248.600000
 21
417.400000
 31
0.0
  0
SPLINE
  5
453
100
AcDbEntity
  8
0
 62
7
100
AcDbSpline
 70
8
 71
3
 72
8
 73
4
 74
0
 40
0
 40
0
 40
0
 40
0
 40
1
 40
1
 40
1
 40
1
 10
248.600000
 20
417.400000
 30
0.0
 10
248.600000
 20
417.300000
 30
0.0
 10
248.700000
 20
417.300000
 30
0.0
 10
248.700000
 20
417.400000
 30
0.0
  0
LINE
  5
454
100
AcDbEntity
  8
0
 62
7
100
AcDbLine
 10
248.700000
 20
417.400000
 30
0.0
 11
248.600000
 21
417.400000
 31
0.0
  0
SPLINE
  5
455
100
AcDbEntity
  8
0
 62
7
100
AcDbSpline
 70
8
 71
3
 72
8
 73
4
 74
0
 40
0
 40
0
 40
0
 40
0
 40
1
 40
1
 40
1
 40
1
 10
248.600000
 20
417.400000
 30
0.0
 10
248.600000
 20
417.300000
 30
0.0
 10
248.700000
 20
417.300000
 30
0.0
 10
248.700000
 20
417.400000
 30
0.0
  0
LINE
  5
456
100
AcDbEntity
  8
0
 62
7
100
AcDbLine
 10
248.700000
 20
417.400000
 30
0.0
 11
248.700000
 21
417.400000
 31
0.0
  0
SPLINE
  5
457
100
AcDbEntity
  8
0
 62
7
100
AcDbSpline
 70
8
 71
3
 72
8
 73
4
 74
0
 40
0
 40
0
 40
0
 40
0
 40
1
 40
1
 40
1
 40
1
 10
392.400000
 20
625.400000
 30
0.0
 10
384.500000
 20
632.300000
 30
0.0
 10
394.100000
 20
652.100000
 30
0.0
 10
387.100000
 20
663.000000
 30
0.0
  0
SPLINE
  5
458
100
AcDbEntity
  8
0
 62
7
100
AcDbSpline
 70
8
 71
3
 72
8
 73
4
 74
0
 40
0
 40
0
 40
0
 40
0
 40
1
 40
1
 40
1
 40
1
 10
387.100000
 20
663.000000
 30
0.0
 10
389.600000
 20
664.600000
 30
0.0
 10
392.100000
 20
663.200000
 30
0.0
 10
394.500000
 20
663.000000
 30
0.0
  0
SPLINE
  5
459
100
AcDbEntity
  8
0
 62
7
100
AcDbSpline
 70
8
 71
3
 72
8
 73
4
 74
0
 40
0
 40
0
 40
0
 40
0
 40
1
 40
1
 40
1
 40
1
 10
394.500000
 20
663.000000
 30
0.0
 10
390.200000
 20
666.000000
 30
0.0
 10
383.500000
 20
668.300000
 30
0.0
 10
381.900000
 20
672.200000
 30
0.0
  0
SPLINE
  5
45a
100
AcDbEntity
  8
0
 62
7
100
AcDbSpline
 70
8
 71
3
 72
8
 73
4
 74
0
 40
0
 40
0
 40
0
 40
0
 40
1
 40
1
 40
1
 40
1
 10
381.900000
 20
672.200000
 30
0.0
 10
380.100000
 20
677.600000
 30
0.0
 10
380.100000
 20
683.100000
 30
0.0
 10
375.200000
 20
688.500000
 30
0.0
  0
SPLINE
  5
45b
100
AcDbEntity
  8
0
 62
7
100
AcDbSpline
 70
8
 71
3
 72
8
 73
4
 74
0
 40
0
 40
0
 40
0
 40
0
 40
1
 40
1
 40
1
 40
1
 10
375.200000
 20
688.500000
 30
0.0
 10
378.700000
 20
689.100000
 30
0.0
 10
380.800000
 20
686.900000
 30
0.0
 10
383.400000
 20
685.700000
 30
0.0
  0
SPLINE
  5
45c
100
AcDbEntity
  8
0
 62
7
100
AcDbSpline
 70
8
 71
3
 72
8
 73
4
 74
0
 40
0
 40
0
 40
0
 40
0
 40
1
 40
1
 40
1
 40
1
 10
383.400000
 20
685.700000
 30
0.0
 10
377.300000
 20
694.600000
 30
0.0
 10
370.800000
 20
703.300000
 30
0.0
 10
358.900000
 20
708.800000
 30
0.0
  0
SPLINE
  5
45d
100
AcDbEntity
  8
0
 62
7
100
AcDbSpline
 70
8
 71
3
 72
8
 73
4
 74
0
 40
0
 40
0
 40
0
 40
0
 40
1
 40
1
 40
1
 40
1
 10
358.900000
 20
708.800000
 30
0.0
 10
364.800000
 20
709.100000
 30
0.0
 10
365.400000
 20
712.400000
 30
0.0
 10
367.100000
 20
715.000000
 30
0.0
  0
SPLINE
  5
45e
100
AcDbEntity
  8
0
 62
7
100
AcDbSpline
 70
8
 71
3
 72
8
 73
4
 74
0
 40
0
 40
0
 40
0
 40
0
 40
1
 40
1
 40
1
 40
1
 10
367.100000
 20
715.000000
 30
0.0
 10
358.000000
 20
711.600000
 30
0.0
 10
347.200000
 20
710.200000
 30
0.0
 10
333.600000
 20
711.700000
 30
0.0
  0
SPLINE
  5
45f
100
AcDbEntity
  8
0
 62
7
100
AcDbSpline
 70
8
 71
3
 72
8
 73
4
 74
0
 40
0
 40
0
 40
0
 40
0
 40
1
 40
1
 40
1
 40
1
 10
333.600000
 20
711.700000
 30
0.0
 10
327.700000
 20
712.200000
 30
0.0
 10
310.600000
 20
717.800000
 30
0.0
 10
299.000000
 20
705.100000
 30
0.0
  0
SPLINE
  5
460
100
AcDbEntity
  8
0
 62
7
100
AcDbSpline
 70
8
 71
3
 72
8
 73
4
 74
0
 40
0
 40
0
 40
0
 40
0
 40
1
 40
1
 40
1
 40
1
 10
299.000000
 20
705.100000
 30
0.0
 10
308.400000
 20
692.800000
 30
0.0
 10
322.700000
 20
690.200000
 30
0.0
 10
326.100000
 20
679.800000
 30
0.0
  0
SPLINE
  5
461
100
AcDbEntity
  8
0
 62
7
100
AcDbSpline
 70
8
 71
3
 72
8
 73
4
 74
0
 40
0
 40
0
 40
0
 40
0
 40
1
 40
1
 40
1
 40
1
 10
326.100000
 20
679.800000
 30
0.0
 10
341.600000
 20
674.500000
 30
0.0
 10
329.600000
 20
666.400000
 30
0.0
 10
328.700000
 20
663.300000
 30
0.0
  0
SPLINE
  5
462
100
AcDbEntity
  8
0
 62
7
100
AcDbSpline
 70
8
 71
3
 72
8
 73
4
 74
0
 40
0
 40
0
 40
0
 40
0
 40
1
 40
1
 40
1
 40
1
 10
328.700000
 20
663.300000
 30
0.0
 10
349.500000
 20
661.800000
 30
0.0
 10
329.900000
 20
613.100000
 30
0.0
 10
316.600000
 20
614.500000
 30
0.0
  0
SPLINE
  5
463
100
AcDbEntity
  8
0
 62
7
100
AcDbSpline
 70
8
 71
3
 72
8
 73
4
 74
0
 40
0
 40
0
 40
0
 40
0
 40
1
 40
1
 40
1
 40
1
 10
316.600000
 20
614.500000
 30
0.0
 10
321.100000
 20
614.200000
 30
0.0
 10
328.300000
 20
618.500000
 30
0.0
 10
332.100000
 20
613.400000
 30
0.0
  0
SPLINE
  5
464
100
AcDbEntity
  8
0
 62
7
100
AcDbSpline
 70
8
 71
3
 72
8
 73
4
 74
0
 40
0
 40
0
 40
0
 40
0
 40
1
 40
1
 40
1
 40
1
 10
332.100000
 20
613.400000
 30
0.0
 10
328.000000
 20
600.900000
 30
0.0
 10
319.400000
 20
588.800000
 30
0.0
 10
307.600000
 20
579.700000
 30
0.0
  0
SPLINE
  5
465
100
AcDbEntity
  8
0
 62
7
100
AcDbSpline
 70
8
 71
3
 72
8
 73
4
 74
0
 40
0
 40
0
 40
0
 40
0
 40
1
 40
1
 40
1
 40
1
 10
307.600000
 20
579.700000
 30
0.0
 10
313.700000
 20
577.500000
 30
0.0
 10
319.800000
 20
584.000000
 30
0.0
 10
325.900000
 20
581.100000
 30
0.0
  0
SPLINE
  5
466
100
AcDbEntity
  8
0
 62
7
100
AcDbSpline
 70
8
 71
3
 72
8
 73
4
 74
0
 40
0
 40
0
 40
0
 40
0
 40
1
 40
1
 40
1
 40
1
 10
325.900000
 20
581.100000
 30
0.0
 10
320.900000
 20
571.400000
 30
0.0
 10
314.800000
 20
559.200000
 30
0.0
 10
301.000000
 20
554.100000
 30
0.0
  0
SPLINE
  5
467
100
AcDbEntity
  8
0
 62
7
100
AcDbSpline
 70
8
 71
3
 72
8
 73
4
 74
0
 40
0
 40
0
 40
0
 40
0
 40
1
 40
1
 40
1
 40
1
 10
301.000000
 20
554.100000
 30
0.0
 10
305.700000
 20
553.900000
 30
0.0
 10
310.700000
 20
554.000000
 30
0.0
 10
314.100000
 20
553.200000
 30
0.0
  0
SPLINE
  5
468
100
AcDbEntity
  8
0
 62
7
100
AcDbSpline
 70
8
 71
3
 72
8
 73
4
 74
0
 40
0
 40
0
 40
0
 40
0
 40
1
 40
1
 40
1
 40
1
 10
314.100000
 20
553.200000
 30
0.0
 10
308.300000
 20
542.100000
 30
0.0
 10
310.300000
 20
531.700000
 30
0.0
 10
289.600000
 20
518.700000
 30
0.0
  0
SPLINE
  5
469
100
AcDbEntity
  8
0
 62
7
100
AcDbSpline
 70
8
 71
3
 72
8
 73
4
 74
0
 40
0
 40
0
 40
0
 40
0
 40
1
 40
1
 40
1
 40
1
 10
289.600000
 20
518.700000
 30
0.0
 10
256.800000
 20
483.800000
 30
0.0
 10
275.400000
 20
434.000000
 30
0.0
 10
292.100000
 20
385.000000
 30
0.0
  0
SPLINE
  5
46a
100
AcDbEntity
  8
0
 62
7
100
AcDbSpline
 70
8
 71
3
 72
8
 73
4
 74
0
 40
0
 40
0
 40
0
 40
0
 40
1
 40
1
 40
1
 40
1
 10
292.100000
 20
385.000000
 30
0.0
 10
307.600000
 20
355.700000
 30
0.0
 10
313.500000
 20
326.300000
 30
0.0
 10
319.400000
 20
297.000000
 30
0.0
  0
SPLINE
  5
46b
100
AcDbEntity
  8
0
 62
7
100
AcDbSpline
 70
8
 71
3
 72
8
 73
4
 74
0
 40
0
 40
0
 40
0
 40
0
 40
1
 40
1
 40
1
 40
1
 10
319.400000
 20
297.000000
 30
0.0
 10
319.600000
 20
275.900000
 30
0.0
 10
346.500000
 20
264.800000
 30
0.0
 10
360.800000
 20
248.900000
 30
0.0
  0
SPLINE
  5
46c
100
AcDbEntity
  8
0
 62
7
100
AcDbSpline
 70
8
 71
3
 72
8
 73
4
 74
0
 40
0
 40
0
 40
0
 40
0
 40
1
 40
1
 40
1
 40
1
 10
360.800000
 20
248.900000
 30
0.0
 10
375.200000
 20
264.600000
 30
0.0
 10
402.900000
 20
275.300000
 30
0.0
 10
403.000000
 20
296.300000
 30
0.0
  0
SPLINE
  5
46d
100
AcDbEntity
  8
0
 62
7
100
AcDbSpline
 70
8
 71
3
 72
8
 73
4
 74
0
 40
0
 40
0
 40
0
 40
0
 40
1
 40
1
 40
1
 40
1
 10
403.000000
 20
296.300000
 30
0.0
 10
407.800000
 20
325.500000
 30
0.0
 10
408.500000
 20
354.700000
 30
0.0
 10
424.400000
 20
383.900000
 30
0.0
  0
SPLINE
  5
46e
100
AcDbEntity
  8
0
 62
7
100
AcDbSpline
 70
8
 71
3
 72
8
 73
4
 74
0
 40
0
 40
0
 40
0
 40
0
 40
1
 40
1
 40
1
 40
1
 10
424.400000
 20
383.900000
 30
0.0
 10
439.900000
 20
429.800000
 30
0.0
 10
453.600000
 20
494.700000
 30
0.0
 10
422.700000
 20
517.300000
 30
0.0
  0
SPLINE
  5
46f
100
AcDbEntity
  8
0
 62
7
100
AcDbSpline
 70
8
 71
3
 72
8
 73
4
 74
0
 40
0
 40
0
 40
0
 40
0
 40
1
 40
1
 40
1
 40
1
 10
422.700000
 20
517.300000
 30
0.0
 10
409.600000
 20
526.100000
 30
0.0
 10
407.600000
 20
538.100000
 30
0.0
 10
401.800000
 20
549.500000
 30
0.0
  0
SPLINE
  5
470
100
AcDbEntity
  8
0
 62
7
100
AcDbSpline
 70
8
 71
3
 72
8
 73
4
 74
0
 40
0
 40
0
 40
0
 40
0
 40
1
 40
1
 40
1
 40
1
 10
401.800000
 20
549.500000
 30
0.0
 10
402.900000
 20
556.400000
 30
0.0
 10
408.500000
 20
559.800000
 30
0.0
 10
414.400000
 20
558.300000
 30
0.0
  0
SPLINE
  5
471
100
AcDbEntity
  8
0
 62
7
100
AcDbSpline
 70
8
 71
3
 72
8
 73
4
 74
0
 40
0
 40
0
 40
0
 40
0
 40
1
 40
1
 40
1
 40
1
 10
414.400000
 20
558.300000
 30
0.0
 10
399.400000
 20
566.200000
 30
0.0
 10
393.700000
 20
574.500000
 30
0.0
 10
391.100000
 20
579.700000
 30
0.0
  0
SPLINE
  5
472
100
AcDbEntity
  8
0
 62
7
100
AcDbSpline
 70
8
 71
3
 72
8
 73
4
 74
0
 40
0
 40
0
 40
0
 40
0
 40
1
 40
1
 40
1
 40
1
 10
391.100000
 20
579.700000
 30
0.0
 10
394.700000
 20
585.900000
 30
0.0
 10
403.800000
 20
581.300000
 30
0.0
 10
409.200000
 20
581.800000
 30
0.0
  0
SPLINE
  5
473
100
AcDbEntity
  8
0
 62
7
100
AcDbSpline
 70
8
 71
3
 72
8
 73
4
 74
0
 40
0
 40
0
 40
0
 40
0
 40
1
 40
1
 40
1
 40
1
 10
409.200000
 20
581.800000
 30
0.0
 10
395.700000
 20
593.800000
 30
0.0
 10
386.500000
 20
607.900000
 30
0.0
 10
386.600000
 20
615.600000
 30
0.0
  0
SPLINE
  5
474
100
AcDbEntity
  8
0
 62
7
100
AcDbSpline
 70
8
 71
3
 72
8
 73
4
 74
0
 40
0
 40
0
 40
0
 40
0
 40
1
 40
1
 40
1
 40
1
 10
386.600000
 20
615.600000
 30
0.0
 10
386.400000
 20
619.900000
 30
0.0
 10
394.400000
 20
615.800000
 30
0.0
 10
399.800000
 20
616.000000
 30
0.0
  0
SPLINE
  5
475
100
AcDbEntity
  8
0
 62
7
100
AcDbSpline
 70
8
 71
3
 72
8
 73
4
 74
0
 40
0
 40
0
 40
0
 40
0
 40
1
 40
1
 40
1
 40
1
 10
399.800000
 20
616.000000
 30
0.0
 10
397.600000
 20
618.500000
 30
0.0
 10
398.000000
 20
621.800000
 30
0.0
 10
392.400000
 20
625.400000
 30
0.0
  0
LINE
  5
476
100
AcDbEntity
  8
0
 62
7
100
AcDbLine
 10
392.400000
 20
625.400000
 30
0.0
 11
392.400000
 21
625.400000
 31
0.0
  0
SPLINE
  5
477
100
AcDbEntity
  8
0
 62
7
100
AcDbSpline
 70
8
 71
3
 72
8
 73
4
 74
0
 40
0
 40
0
 40
0
 40
0
 40
1
 40
1
 40
1
 40
1
 10
333.000000
 20
700.700000
 30
0.0
 10
326.600000
 20
699.200000
 30
0.0
 10
318.500000
 20
702.200000
 30
0.0
 10
313.700000
 20
702.000000
 30
0.0
  0
SPLINE
  5
478
100
AcDbEntity
  8
0
 62
7
100
AcDbSpline
 70
8
 71
3
 72
8
 73
4
 74
0
 40
0
 40
0
 40
0
 40
0
 40
1
 40
1
 40
1
 40
1
 10
313.700000
 20
702.000000
 30
0.0
 10
311.100000
 20
690.300000
 30
0.0
 10
332.300000
 20
693.800000
 30
0.0
 10
333.000000
 20
700.700000
 30
0.0
  0
SPLINE
  5
479
100
AcDbEntity
  8
0
 62
7
100
AcDbSpline
 70
8
 71
3
 72
8
 73
4
 74
0
 40
0
 40
0
 40
0
 40
0
 40
1
 40
1
 40
1
 40
1
 10
333.000000
 20
700.700000
 30
0.0
 10
326.600000
 20
699.200000
 30
0.0
 10
318.500000
 20
702.200000
 30
0.0
 10
313.700000
 20
702.000000
 30
0.0
  0
SPLINE
  5
47a
100
AcDbEntity
  8
0
 62
7
100
AcDbSpline
 70
8
 71
3
 72
8
 73
4
 74
0
 40
0
 40
0
 40
0
 40
0
 40
1
 40
1
 40
1
 40
1
 10
313.700000
 20
702.000000
 30
0.0
 10
311.100000
 20
690.300000
 30
0.0
 10
332.300000
 20
693.800000
 30
0.0
 10
333.000000
 20
700.700000
 30
0.0
  0
LINE
  5
47b
100
AcDbEntity
  8
0
 62
7
100
AcDbLine
 10
333.000000
 20
700.700000
 30
0.0
 11
333.000000
 21
700.700000
 31
0.0
  0
SPLINE
  5
47c
100
AcDbEntity
  8
0
 62
7
100
AcDbSpline
 70
8
 71
3
 72
8
 73
4
 74
0
 40
0
 40
0
 40
0
 40
0
 40
1
 40
1
 40
1
 40
1
 10
322.000000
 20
698.200000
 30
0.0
 10
322.000000
 20
696.400000
 30
0.0
 10
320.500000
 20
694.900000
 30
0.0
 10
318.600000
 20
694.900000
 30
0.0
  0
SPLINE
  5
47d
100
AcDbEntity
  8
0
 62
7
100
AcDbSpline
 70
8
 71
3
 72
8
 73
4
 74
0
 40
0
 40
0
 40
0
 40
0
 40
1
 40
1
 40
1
 40
1
 10
318.600000
 20
694.900000
 30
0.0
 10
316.700000
 20
694.900000
 30
0.0
 10
315.200000
 20
696.400000
 30
0.0
 10
315.200000
 20
698.200000
 30
0.0
  0
SPLINE
  5
47e
100
AcDbEntity
  8
0
 62
7
100
AcDbSpline
 70
8
 71
3
 72
8
 73
4
 74
0
 40
0
 40
0
 40
0
 40
0
 40
1
 40
1
 40
1
 40
1
 10
315.200000
 20
698.200000
 30
0.0
 10
315.200000
 20
700.000000
 30
0.0
 10
316.700000
 20
701.500000
 30
0.0
 10
318.600000
 20
701.500000
 30
0.0
  0
SPLINE
  5
47f
100
AcDbEntity
  8
0
 62
7
100
AcDbSpline
 70
8
 71
3
 72
8
 73
4
 74
0
 40
0
 40
0
 40
0
 40
0
 40
1
 40
1
 40
1
 40
1
 10
318.600000
 20
701.500000
 30
0.0
 10
320.500000
 20
701.500000
 30
0.0
 10
322.000000
 20
700.100000
 30
0.0
 10
322.000000
 20
698.200000
 30
0.0
  0
LINE
  5
480
100
AcDbEntity
  8
0
 62
7
100
AcDbLine
 10
322.000000
 20
698.200000
 30
0.0
 11
322.000000
 21
698.200000
 31
0.0
  0
SPLINE
  5
481
100
AcDbEntity
  8
0
 62
7
100
AcDbSpline
 70
8
 71
3
 72
8
 73
4
 74
0
 40
0
 40
0
 40
0
 40
0
 40
1
 40
1
 40
1
 40
1
 10
319.000000
 20
698.300000
 30
0.0
 10
319.000000
 20
697.400000
 30
0.0
 10
318.300000
 20
696.700000
 30
0.0
 10
317.400000
 20
696.700000
 30
0.0
  0
SPLINE
  5
482
100
AcDbEntity
  8
0
 62
7
100
AcDbSpline
 70
8
 71
3
 72
8
 73
4
 74
0
 40
0
 40
0
 40
0
 40
0
 40
1
 40
1
 40
1
 40
1
 10
317.400000
 20
696.700000
 30
0.0
 10
316.500000
 20
696.700000
 30
0.0
 10
315.800000
 20
697.400000
 30
0.0
 10
315.800000
 20
698.300000
 30
0.0
  0
SPLINE
  5
483
100
AcDbEntity
  8
0
 62
7
100
AcDbSpline
 70
8
 71
3
 72
8
 73
4
 74
0
 40
0
 40
0
 40
0
 40
0
 40
1
 40
1
 40
1
 40
1
 10
315.800000
 20
698.300000
 30
0.0
 10
315.800000
 20
699.200000
 30
0.0
 10
316.500000
 20
699.900000
 30
0.0
 10
317.400000
 20
699.900000
 30
0.0
  0
SPLINE
  5
484
100
AcDbEntity
  8
0
 62
7
100
AcDbSpline
 70
8
 71
3
 72
8
 73
4
 74
0
 40
0
 40
0
 40
0
 40
0
 40
1
 40
1
 40
1
 40
1
 10
317.400000
 20
699.900000
 30
0.0
 10
318.300000
 20
699.900000
 30
0.0
 10
319.000000
 20
699.200000
 30
0.0
 10
319.000000
 20
698.300000
 30
0.0
  0
LINE
  5
485
100
AcDbEntity
  8
0
 62
7
100
AcDbLine
 10
319.000000
 20
698.300000
 30
0.0
 11
319.000000
 21
698.300000
 31
0.0
  0
SPLINE
  5
486
100
AcDbEntity
  8
0
 62
7
100
AcDbSpline
 70
8
 71
3
 72
8
 73
4
 74
0
 40
0
 40
0
 40
0
 40
0
 40
1
 40
1
 40
1
 40
1
 10
314.100000
 20
702.000000
 30
0.0
 10
313.100000
 20
702.000000
 30
0.0
 10
311.300000
 20
702.000000
 30
0.0
 10
310.100000
 20
701.600000
 30
0.0
  0
SPLINE
  5
487
100
AcDbEntity
  8
0
 62
7
100
AcDbSpline
 70
8
 71
3
 72
8
 73
4
 74
0
 40
0
 40
0
 40
0
 40
0
 40
1
 40
1
 40
1
 40
1
 10
335.600000
 20
683.500000
 30
0.0
 10
350.100000
 20
682.100000
 30
0.0
 10
350.800000
 20
672.700000
 30
0.0
 10
351.200000
 20
663.100000
 30
0.0
  0
SPLINE
  5
488
100
AcDbEntity
  8
0
 62
7
100
AcDbSpline
 70
8
 71
3
 72
8
 73
4
 74
0
 40
0
 40
0
 40
0
 40
0
 40
1
 40
1
 40
1
 40
1
 10
363.600000
 20
671.900000
 30
0.0
 10
366.000000
 20
671.100000
 30
0.0
 10
367.700000
 20
669.500000
 30
0.0
 10
368.100000
 20
666.600000
 30
0.0
  0
SPLINE
  5
489
100
AcDbEntity
  8
0
 62
7
100
AcDbSpline
 70
8
 71
3
 72
8
 73
4
 74
0
 40
0
 40
0
 40
0
 40
0
 40
1
 40
1
 40
1
 40
1
 10
368.100000
 20
666.600000
 30
0.0
 10
369.100000
 20
669.800000
 30
0.0
 10
370.000000
 20
673.100000
 30
0.0
 10
368.100000
 20
676.300000
 30
0.0
  0
SPLINE
  5
48a
100
AcDbEntity
  8
0
 62
7
100
AcDbSpline
 70
8
 71
3
 72
8
 73
4
 74
0
 40
0
 40
0
 40
0
 40
0
 40
1
 40
1
 40
1
 40
1
 10
372.800000
 20
638.900000
 30
0.0
 10
376.500000
 20
636.000000
 30
0.0
 10
377.600000
 20
632.700000
 30
0.0
 10
378.800000
 20
629.500000
 30
0.0
  0
SPLINE
  5
48b
100
AcDbEntity
  8
0
 62
7
100
AcDbSpline
 70
8
 71
3
 72
8
 73
4
 74
0
 40
0
 40
0
 40
0
 40
0
 40
1
 40
1
 40
1
 40
1
 10
378.800000
 20
629.500000
 30
0.0
 10
383.400000
 20
637.800000
 30
0.0
 10
378.700000
 20
640.900000
 30
0.0
 10
378.000000
 20
646.500000
 30
0.0
  0
SPLINE
  5
48c
100
AcDbEntity
  8
0
 62
7
100
AcDbSpline
 70
8
 71
3
 72
8
 73
4
 74
0
 40
0
 40
0
 40
0
 40
0
 40
1
 40
1
 40
1
 40
1
 10
348.500000
 20
659.300000
 30
0.0
 10
347.400000
 20
655.000000
 30
0.0
 10
346.700000
 20
650.700000
 30
0.0
 10
351.000000
 20
646.000000
 30
0.0
  0
SPLINE
  5
48d
100
AcDbEntity
  8
0
 62
7
100
AcDbSpline
 70
8
 71
3
 72
8
 73
4
 74
0
 40
0
 40
0
 40
0
 40
0
 40
1
 40
1
 40
1
 40
1
 10
351.000000
 20
646.000000
 30
0.0
 10
350.600000
 20
649.900000
 30
0.0
 10
352.400000
 20
652.300000
 30
0.0
 10
354.500000
 20
654.500000
 30
0.0
  0
SPLINE
  5
48e
100
AcDbEntity
  8
0
 62
7
100
AcDbSpline
 70
8
 71
3
 72
8
 73
4
 74
0
 40
0
 40
0
 40
0
 40
0
 40
1
 40
1
 40
1
 40
1
 10
352.700000
 20
636.900000
 30
0.0
 10
353.700000
 20
633.100000
 30
0.0
 10
353.900000
 20
629.300000
 30
0.0
 10
358.100000
 20
625.400000
 30
0.0
  0
SPLINE
  5
48f
100
AcDbEntity
  8
0
 62
7
100
AcDbSpline
 70
8
 71
3
 72
8
 73
4
 74
0
 40
0
 40
0
 40
0
 40
0
 40
1
 40
1
 40
1
 40
1
 10
358.100000
 20
625.400000
 30
0.0
 10
358.300000
 20
627.300000
 30
0.0
 10
359.000000
 20
628.700000
 30
0.0
 10
361.000000
 20
628.500000
 30
0.0
  0
SPLINE
  5
490
100
AcDbEntity
  8
0
 62
7
100
AcDbSpline
 70
8
 71
3
 72
8
 73
4
 74
0
 40
0
 40
0
 40
0
 40
0
 40
1
 40
1
 40
1
 40
1
 10
361.000000
 20
628.500000
 30
0.0
 10
362.000000
 20
624.800000
 30
0.0
 10
361.000000
 20
621.100000
 30
0.0
 10
359.900000
 20
617.400000
 30
0.0
  0
SPLINE
  5
491
100
AcDbEntity
  8
0
 62
7
100
AcDbSpline
 70
8
 71
3
 72
8
 73
4
 74
0
 40
0
 40
0
 40
0
 40
0
 40
1
 40
1
 40
1
 40
1
 10
359.900000
 20
617.400000
 30
0.0
 10
366.000000
 20
621.000000
 30
0.0
 10
366.200000
 20
626.800000
 30
0.0
 10
365.600000
 20
632.900000
 30
0.0
  0
SPLINE
  5
492
100
AcDbEntity
  8
0
 62
7
100
AcDbSpline
 70
8
 71
3
 72
8
 73
4
 74
0
 40
0
 40
0
 40
0
 40
0
 40
1
 40
1
 40
1
 40
1
 10
353.800000
 20
688.700000
 30
0.0
 10
362.000000
 20
689.300000
 30
0.0
 10
357.200000
 20
695.000000
 30
0.0
 10
354.400000
 20
700.000000
 30
0.0
  0
SPLINE
  5
493
100
AcDbEntity
  8
0
 62
7
100
AcDbSpline
 70
8
 71
3
 72
8
 73
4
 74
0
 40
0
 40
0
 40
0
 40
0
 40
1
 40
1
 40
1
 40
1
 10
363.300000
 20
688.100000
 30
0.0
 10
368.900000
 20
691.400000
 30
0.0
 10
365.400000
 20
695.800000
 30
0.0
 10
364.700000
 20
699.900000
 30
0.0
  0
SPLINE
  5
494
100
AcDbEntity
  8
0
 62
7
100
AcDbSpline
 70
8
 71
3
 72
8
 73
4
 74
0
 40
0
 40
0
 40
0
 40
0
 40
1
 40
1
 40
1
 40
1
 10
318.900000
 20
480.800000
 30
0.0
 10
313.200000
 20
477.400000
 30
0.0
 10
308.200000
 20
473.400000
 30
0.0
 10
308.900000
 20
464.700000
 30
0.0
  0
SPLINE
  5
495
100
AcDbEntity
  8
0
 62
7
100
AcDbSpline
 70
8
 71
3
 72
8
 73
4
 74
0
 40
0
 40
0
 40
0
 40
0
 40
1
 40
1
 40
1
 40
1
 10
308.900000
 20
464.700000
 30
0.0
 10
310.900000
 20
466.200000
 30
0.0
 10
312.100000
 20
468.300000
 30
0.0
 10
317.800000
 20
469.900000
 30
0.0
  0
SPLINE
  5
496
100
AcDbEntity
  8
0
 62
7
100
AcDbSpline
 70
8
 71
3
 72
8
 73
4
 74
0
 40
0
 40
0
 40
0
 40
0
 40
1
 40
1
 40
1
 40
1
 10
317.800000
 20
469.900000
 30
0.0
 10
310.400000
 20
462.600000
 30
0.0
 10
313.100000
 20
455.400000
 30
0.0
 10
312.500000
 20
448.100000
 30
0.0
  0
SPLINE
  5
497
100
AcDbEntity
  8
0
 62
7
100
AcDbSpline
 70
8
 71
3
 72
8
 73
4
 74
0
 40
0
 40
0
 40
0
 40
0
 40
1
 40
1
 40
1
 40
1
 10
312.500000
 20
448.100000
 30
0.0
 10
314.800000
 20
451.000000
 30
0.0
 10
317.100000
 20
451.700000
 30
0.0
 10
319.300000
 20
452.800000
 30
0.0
  0
SPLINE
  5
498
100
AcDbEntity
  8
0
 62
7
100
AcDbSpline
 70
8
 71
3
 72
8
 73
4
 74
0
 40
0
 40
0
 40
0
 40
0
 40
1
 40
1
 40
1
 40
1
 10
319.300000
 20
452.800000
 30
0.0
 10
317.000000
 20
444.500000
 30
0.0
 10
320.500000
 20
439.500000
 30
0.0
 10
325.100000
 20
435.100000
 30
0.0
  0
SPLINE
  5
499
100
AcDbEntity
  8
0
 62
7
100
AcDbSpline
 70
8
 71
3
 72
8
 73
4
 74
0
 40
0
 40
0
 40
0
 40
0
 40
1
 40
1
 40
1
 40
1
 10
302.600000
 20
491.200000
 30
0.0
 10
298.200000
 20
490.800000
 30
0.0
 10
294.700000
 20
488.600000
 30
0.0
 10
293.300000
 20
482.400000
 30
0.0
  0
SPLINE
  5
49a
100
AcDbEntity
  8
0
 62
7
100
AcDbSpline
 70
8
 71
3
 72
8
 73
4
 74
0
 40
0
 40
0
 40
0
 40
0
 40
1
 40
1
 40
1
 40
1
 10
300.800000
 20
475.800000
 30
0.0
 10
290.200000
 20
468.500000
 30
0.0
 10
294.600000
 20
459.900000
 30
0.0
 10
295.000000
 20
457.400000
 30
0.0
  0
SPLINE
  5
49b
100
AcDbEntity
  8
0
 62
7
100
AcDbSpline
 70
8
 71
3
 72
8
 73
4
 74
0
 40
0
 40
0
 40
0
 40
0
 40
1
 40
1
 40
1
 40
1
 10
397.300000
 20
480.800000
 30
0.0
 10
403.000000
 20
477.400000
 30
0.0
 10
408.000000
 20
473.400000
 30
0.0
 10
407.300000
 20
464.700000
 30
0.0
  0
SPLINE
  5
49c
100
AcDbEntity
  8
0
 62
7
100
AcDbSpline
 70
8
 71
3
 72
8
 73
4
 74
0
 40
0
 40
0
 40
0
 40
0
 40
1
 40
1
 40
1
 40
1
 10
407.300000
 20
464.700000
 30
0.0
 10
405.300000
 20
466.200000
 30
0.0
 10
404.100000
 20
468.300000
 30
0.0
 10
398.400000
 20
469.900000
 30
0.0
  0
SPLINE
  5
49d
100
AcDbEntity
  8
0
 62
7
100
AcDbSpline
 70
8
 71
3
 72
8
 73
4
 74
0
 40
0
 40
0
 40
0
 40
0
 40
1
 40
1
 40
1
 40
1
 10
398.400000
 20
469.900000
 30
0.0
 10
405.800000
 20
462.600000
 30
0.0
 10
403.100000
 20
455.400000
 30
0.0
 10
403.700000
 20
448.100000
 30
0.0
  0
SPLINE
  5
49e
100
AcDbEntity
  8
0
 62
7
100
AcDbSpline
 70
8
 71
3
 72
8
 73
4
 74
0
 40
0
 40
0
 40
0
 40
0
 40
1
 40
1
 40
1
 40
1
 10
403.700000
 20
448.100000
 30
0.0
 10
401.400000
 20
451.000000
 30
0.0
 10
399.100000
 20
451.700000
 30
0.0
 10
396.900000
 20
452.800000
 30
0.0
  0
SPLINE
  5
49f
100
AcDbEntity
  8
0
 62
7
100
AcDbSpline
 70
8
 71
3
 72
8
 73
4
 74
0
 40
0
 40
0
 40
0
 40
0
 40
1
 40
1
 40
1
 40
1
 10
396.900000
 20
452.800000
 30
0.0
 10
399.200000
 20
444.500000
 30
0.0
 10
395.700000
 20
439.500000
 30
0.0
 10
391.100000
 20
435.100000
 30
0.0
  0
SPLINE
  5
4a0
100
AcDbEntity
  8
0
 62
7
100
AcDbSpline
 70
8
 71
3
 72
8
 73
4
 74
0
 40
0
 40
0
 40
0
 40
0
 40
1
 40
1
 40
1
 40
1
 10
413.600000
 20
491.200000
 30
0.0
 10
418.000000
 20
490.800000
 30
0.0
 10
421.500000
 20
488.600000
 30
0.0
 10
422.900000
 20
482.400000
 30
0.0
  0
SPLINE
  5
4a1
100
AcDbEntity
  8
0
 62
7
100
AcDbSpline
 70
8
 71
3
 72
8
 73
4
 74
0
 40
0
 40
0
 40
0
 40
0
 40
1
 40
1
 40
1
 40
1
 10
415.500000
 20
475.800000
 30
0.0
 10
426.100000
 20
468.500000
 30
0.0
 10
421.700000
 20
459.900000
 30
0.0
 10
421.300000
 20
457.400000
 30
0.0
  0
SPLINE
  5
4a2
100
AcDbEntity
  8
0
 62
7
100
AcDbSpline
 70
8
 71
3
 72
8
 73
4
 74
0
 40
0
 40
0
 40
0
 40
0
 40
1
 40
1
 40
1
 40
1
 10
335.800000
 20
552.600000
 30
0.0
 10
325.800000
 20
547.500000
 30
0.0
 10
321.800000
 20
537.800000
 30
0.0
 10
324.600000
 20
522.900000
 30
0.0
  0
SPLINE
  5
4a3
100
AcDbEntity
  8
0
 62
7
100
AcDbSpline
 70
8
 71
3
 72
8
 73
4
 74
0
 40
0
 40
0
 40
0
 40
0
 40
1
 40
1
 40
1
 40
1
 10
324.600000
 20
522.900000
 30
0.0
 10
327.600000
 20
527.200000
 30
0.0
 10
331.100000
 20
531.200000
 30
0.0
 10
338.000000
 20
533.500000
 30
0.0
  0
SPLINE
  5
4a4
100
AcDbEntity
  8
0
 62
7
100
AcDbSpline
 70
8
 71
3
 72
8
 73
4
 74
0
 40
0
 40
0
 40
0
 40
0
 40
1
 40
1
 40
1
 40
1
 10
344.000000
 20
609.500000
 30
0.0
 10
335.300000
 20
601.400000
 30
0.0
 10
341.000000
 20
595.100000
 30
0.0
 10
335.400000
 20
584.200000
 30
0.0
  0
SPLINE
  5
4a5
100
AcDbEntity
  8
0
 62
7
100
AcDbSpline
 70
8
 71
3
 72
8
 73
4
 74
0
 40
0
 40
0
 40
0
 40
0
 40
1
 40
1
 40
1
 40
1
 10
335.400000
 20
584.200000
 30
0.0
 10
341.400000
 20
587.300000
 30
0.0
 10
343.600000
 20
587.500000
 30
0.0
 10
348.400000
 20
596.300000
 30
0.0
  0
SPLINE
  5
4a6
100
AcDbEntity
  8
0
 62
7
100
AcDbSpline
 70
8
 71
3
 72
8
 73
4
 74
0
 40
0
 40
0
 40
0
 40
0
 40
1
 40
1
 40
1
 40
1
 10
380.900000
 20
552.600000
 30
0.0
 10
390.900000
 20
547.500000
 30
0.0
 10
394.900000
 20
537.800000
 30
0.0
 10
392.100000
 20
522.900000
 30
0.0
  0
SPLINE
  5
4a7
100
AcDbEntity
  8
0
 62
7
100
AcDbSpline
 70
8
 71
3
 72
8
 73
4
 74
0
 40
0
 40
0
 40
0
 40
0
 40
1
 40
1
 40
1
 40
1
 10
392.100000
 20
522.900000
 30
0.0
 10
389.100000
 20
527.200000
 30
0.0
 10
385.600000
 20
531.200000
 30
0.0
 10
378.700000
 20
533.500000
 30
0.0
  0
SPLINE
  5
4a8
100
AcDbEntity
  8
0
 62
7
100
AcDbSpline
 70
8
 71
3
 72
8
 73
4
 74
0
 40
0
 40
0
 40
0
 40
0
 40
1
 40
1
 40
1
 40
1
 10
347.000000
 20
525.000000
 30
0.0
 10
345.200000
 20
515.500000
 30
0.0
 10
350.000000
 20
507.200000
 30
0.0
 10
358.200000
 20
499.700000
 30
0.0
  0
SPLINE
  5
4a9
100
AcDbEntity
  8
0
 62
7
100
AcDbSpline
 70
8
 71
3
 72
8
 73
4
 74
0
 40
0
 40
0
 40
0
 40
0
 40
1
 40
1
 40
1
 40
1
 10
358.200000
 20
499.700000
 30
0.0
 10
367.400000
 20
507.800000
 30
0.0
 10
370.300000
 20
516.400000
 30
0.0
 10
368.600000
 20
525.400000
 30
0.0
  0
SPLINE
  5
4aa
100
AcDbEntity
  8
0
 62
7
100
AcDbSpline
 70
8
 71
3
 72
8
 73
4
 74
0
 40
0
 40
0
 40
0
 40
0
 40
1
 40
1
 40
1
 40
1
 10
350.300000
 20
574.900000
 30
0.0
 10
349.100000
 20
568.800000
 30
0.0
 10
352.300000
 20
563.500000
 30
0.0
 10
357.600000
 20
558.600000
 30
0.0
  0
SPLINE
  5
4ab
100
AcDbEntity
  8
0
 62
7
100
AcDbSpline
 70
8
 71
3
 72
8
 73
4
 74
0
 40
0
 40
0
 40
0
 40
0
 40
1
 40
1
 40
1
 40
1
 10
357.600000
 20
558.600000
 30
0.0
 10
363.600000
 20
563.800000
 30
0.0
 10
365.500000
 20
569.300000
 30
0.0
 10
364.400000
 20
575.100000
 30
0.0
  0
SPLINE
  5
4ac
100
AcDbEntity
  8
0
 62
7
100
AcDbSpline
 70
8
 71
3
 72
8
 73
4
 74
0
 40
0
 40
0
 40
0
 40
0
 40
1
 40
1
 40
1
 40
1
 10
307.800000
 20
423.900000
 30
0.0
 10
304.200000
 20
421.700000
 30
0.0
 10
301.000000
 20
419.200000
 30
0.0
 10
301.400000
 20
413.700000
 30
0.0
  0
SPLINE
  5
4ad
100
AcDbEntity
  8
0
 62
7
100
AcDbSpline
 70
8
 71
3
 72
8
 73
4
 74
0
 40
0
 40
0
 40
0
 40
0
 40
1
 40
1
 40
1
 40
1
 10
301.400000
 20
413.700000
 30
0.0
 10
302.700000
 20
414.600000
 30
0.0
 10
303.400000
 20
416.000000
 30
0.0
 10
307.100000
 20
417.000000
 30
0.0
  0
SPLINE
  5
4ae
100
AcDbEntity
  8
0
 62
7
100
AcDbSpline
 70
8
 71
3
 72
8
 73
4
 74
0
 40
0
 40
0
 40
0
 40
0
 40
1
 40
1
 40
1
 40
1
 10
307.100000
 20
417.000000
 30
0.0
 10
302.400000
 20
412.400000
 30
0.0
 10
304.100000
 20
407.800000
 30
0.0
 10
303.700000
 20
403.200000
 30
0.0
  0
SPLINE
  5
4af
100
AcDbEntity
  8
0
 62
7
100
AcDbSpline
 70
8
 71
3
 72
8
 73
4
 74
0
 40
0
 40
0
 40
0
 40
0
 40
1
 40
1
 40
1
 40
1
 10
303.700000
 20
403.200000
 30
0.0
 10
305.200000
 20
405.100000
 30
0.0
 10
306.600000
 20
405.500000
 30
0.0
 10
308.100000
 20
406.200000
 30
0.0
  0
SPLINE
  5
4b0
100
AcDbEntity
  8
0
 62
7
100
AcDbSpline
 70
8
 71
3
 72
8
 73
4
 74
0
 40
0
 40
0
 40
0
 40
0
 40
1
 40
1
 40
1
 40
1
 10
308.100000
 20
406.200000
 30
0.0
 10
306.600000
 20
401.000000
 30
0.0
 10
308.900000
 20
397.800000
 30
0.0
 10
311.800000
 20
395.000000
 30
0.0
  0
SPLINE
  5
4b1
100
AcDbEntity
  8
0
 62
7
100
AcDbSpline
 70
8
 71
3
 72
8
 73
4
 74
0
 40
0
 40
0
 40
0
 40
0
 40
1
 40
1
 40
1
 40
1
 10
411.300000
 20
423.900000
 30
0.0
 10
414.900000
 20
421.700000
 30
0.0
 10
418.100000
 20
419.200000
 30
0.0
 10
417.700000
 20
413.700000
 30
0.0
  0
SPLINE
  5
4b2
100
AcDbEntity
  8
0
 62
7
100
AcDbSpline
 70
8
 71
3
 72
8
 73
4
 74
0
 40
0
 40
0
 40
0
 40
0
 40
1
 40
1
 40
1
 40
1
 10
417.700000
 20
413.700000
 30
0.0
 10
416.400000
 20
414.600000
 30
0.0
 10
415.700000
 20
416.000000
 30
0.0
 10
412.000000
 20
417.000000
 30
0.0
  0
SPLINE
  5
4b3
100
AcDbEntity
  8
0
 62
7
100
AcDbSpline
 70
8
 71
3
 72
8
 73
4
 74
0
 40
0
 40
0
 40
0
 40
0
 40
1
 40
1
 40
1
 40
1
 10
412.000000
 20
417.000000
 30
0.0
 10
416.700000
 20
412.400000
 30
0.0
 10
415.000000
 20
407.800000
 30
0.0
 10
415.400000
 20
403.200000
 30
0.0
  0
SPLINE
  5
4b4
100
AcDbEntity
  8
0
 62
7
100
AcDbSpline
 70
8
 71
3
 72
8
 73
4
 74
0
 40
0
 40
0
 40
0
 40
0
 40
1
 40
1
 40
1
 40
1
 10
415.400000
 20
403.200000
 30
0.0
 10
413.900000
 20
405.100000
 30
0.0
 10
412.500000
 20
405.500000
 30
0.0
 10
411.000000
 20
406.200000
 30
0.0
  0
SPLINE
  5
4b5
100
AcDbEntity
  8
0
 62
7
100
AcDbSpline
 70
8
 71
3
 72
8
 73
4
 74
0
 40
0
 40
0
 40
0
 40
0
 40
1
 40
1
 40
1
 40
1
 10
411.000000
 20
406.200000
 30
0.0
 10
412.500000
 20
401.000000
 30
0.0
 10
410.200000
 20
397.800000
 30
0.0
 10
407.300000
 20
395.000000
 30
0.0
  0
LINE
  5
4b6
100
AcDbEntity
  8
0
 62
7
100
AcDbLine
 10
311.400000
 20
357.200000
 30
0.0
 11
302.500000
 21
341.900000
 31
0.0
  0
SPLINE
  5
4b7
100
AcDbEntity
  8
0
 62
7
100
AcDbSpline
 70
8
 71
3
 72
8
 73
4
 74
0
 40
0
 40
0
 40
0
 40
0
 40
1
 40
1
 40
1
 40
1
 10
302.500000
 20
341.900000
 30
0.0
 10
290.800000
 20
340.500000
 30
0.0
 10
280.800000
 20
335.000000
 30
0.0
 10
273.300000
 20
324.000000
 30
0.0
  0
SPLINE
  5
4b8
100
AcDbEntity
  8
0
 62
7
100
AcDbSpline
 70
8
 71
3
 72
8
 73
4
 74
0
 40
0
 40
0
 40
0
 40
0
 40
1
 40
1
 40
1
 40
1
 10
273.300000
 20
324.000000
 30
0.0
 10
266.000000
 20
324.400000
 30
0.0
 10
258.700000
 20
321.600000
 30
0.0
 10
251.500000
 20
312.300000
 30
0.0
  0
SPLINE
  5
4b9
100
AcDbEntity
  8
0
 62
7
100
AcDbSpline
 70
8
 71
3
 72
8
 73
4
 74
0
 40
0
 40
0
 40
0
 40
0
 40
1
 40
1
 40
1
 40
1
 10
251.500000
 20
312.300000
 30
0.0
 10
256.600000
 20
315.800000
 30
0.0
 10
261.300000
 20
318.700000
 30
0.0
 10
271.200000
 20
317.500000
 30
0.0
  0
SPLINE
  5
4ba
100
AcDbEntity
  8
0
 62
7
100
AcDbSpline
 70
8
 71
3
 72
8
 73
4
 74
0
 40
0
 40
0
 40
0
 40
0
 40
1
 40
1
 40
1
 40
1
 10
271.200000
 20
317.500000
 30
0.0
 10
270.500000
 20
301.900000
 30
0.0
 10
249.400000
 20
300.900000
 30
0.0
 10
256.500000
 20
283.200000
 30
0.0
  0
SPLINE
  5
4bb
100
AcDbEntity
  8
0
 62
7
100
AcDbSpline
 70
8
 71
3
 72
8
 73
4
 74
0
 40
0
 40
0
 40
0
 40
0
 40
1
 40
1
 40
1
 40
1
 10
256.500000
 20
283.200000
 30
0.0
 10
247.700000
 20
277.300000
 30
0.0
 10
244.400000
 20
267.000000
 30
0.0
 10
242.600000
 20
255.700000
 30
0.0
  0
SPLINE
  5
4bc
100
AcDbEntity
  8
0
 62
7
100
AcDbSpline
 70
8
 71
3
 72
8
 73
4
 74
0
 40
0
 40
0
 40
0
 40
0
 40
1
 40
1
 40
1
 40
1
 10
242.600000
 20
255.700000
 30
0.0
 10
247.900000
 20
263.100000
 30
0.0
 10
252.100000
 20
271.300000
 30
0.0
 10
264.200000
 20
274.100000
 30
0.0
  0
SPLINE
  5
4bd
100
AcDbEntity
  8
0
 62
7
100
AcDbSpline
 70
8
 71
3
 72
8
 73
4
 74
0
 40
0
 40
0
 40
0
 40
0
 40
1
 40
1
 40
1
 40
1
 10
264.200000
 20
274.100000
 30
0.0
 10
262.500000
 20
270.400000
 30
0.0
 10
259.000000
 20
266.700000
 30
0.0
 10
261.800000
 20
262.900000
 30
0.0
  0
SPLINE
  5
4be
100
AcDbEntity
  8
0
 62
7
100
AcDbSpline
 70
8
 71
3
 72
8
 73
4
 74
0
 40
0
 40
0
 40
0
 40
0
 40
1
 40
1
 40
1
 40
1
 10
261.800000
 20
262.900000
 30
0.0
 10
263.500000
 20
267.100000
 30
0.0
 10
267.300000
 20
268.200000
 30
0.0
 10
271.800000
 20
268.400000
 30
0.0
  0
SPLINE
  5
4bf
100
AcDbEntity
  8
0
 62
7
100
AcDbSpline
 70
8
 71
3
 72
8
 73
4
 74
0
 40
0
 40
0
 40
0
 40
0
 40
1
 40
1
 40
1
 40
1
 10
271.800000
 20
268.400000
 30
0.0
 10
266.800000
 20
261.200000
 30
0.0
 10
268.000000
 20
254.000000
 30
0.0
 10
270.000000
 20
246.900000
 30
0.0
  0
SPLINE
  5
4c0
100
AcDbEntity
  8
0
 62
7
100
AcDbSpline
 70
8
 71
3
 72
8
 73
4
 74
0
 40
0
 40
0
 40
0
 40
0
 40
1
 40
1
 40
1
 40
1
 10
270.000000
 20
246.900000
 30
0.0
 10
271.400000
 20
249.700000
 30
0.0
 10
271.900000
 20
254.200000
 30
0.0
 10
276.600000
 20
251.100000
 30
0.0
  0
SPLINE
  5
4c1
100
AcDbEntity
  8
0
 62
7
100
AcDbSpline
 70
8
 71
3
 72
8
 73
4
 74
0
 40
0
 40
0
 40
0
 40
0
 40
1
 40
1
 40
1
 40
1
 10
276.600000
 20
251.100000
 30
0.0
 10
274.100000
 20
240.900000
 30
0.0
 10
273.500000
 20
231.200000
 30
0.0
 10
287.600000
 20
225.100000
 30
0.0
  0
SPLINE
  5
4c2
100
AcDbEntity
  8
0
 62
7
100
AcDbSpline
 70
8
 71
3
 72
8
 73
4
 74
0
 40
0
 40
0
 40
0
 40
0
 40
1
 40
1
 40
1
 40
1
 10
287.600000
 20
225.100000
 30
0.0
 10
274.900000
 20
241.400000
 30
0.0
 10
292.600000
 20
236.700000
 30
0.0
 10
300.700000
 20
263.000000
 30
0.0
  0
SPLINE
  5
4c3
100
AcDbEntity
  8
0
 62
7
100
AcDbSpline
 70
8
 71
3
 72
8
 73
4
 74
0
 40
0
 40
0
 40
0
 40
0
 40
1
 40
1
 40
1
 40
1
 10
300.700000
 20
263.000000
 30
0.0
 10
301.500000
 20
249.800000
 30
0.0
 10
296.200000
 20
239.100000
 30
0.0
 10
314.100000
 20
224.600000
 30
0.0
  0
SPLINE
  5
4c4
100
AcDbEntity
  8
0
 62
7
100
AcDbSpline
 70
8
 71
3
 72
8
 73
4
 74
0
 40
0
 40
0
 40
0
 40
0
 40
1
 40
1
 40
1
 40
1
 10
314.100000
 20
224.600000
 30
0.0
 10
310.500000
 20
239.700000
 30
0.0
 10
308.900000
 20
248.800000
 30
0.0
 10
323.800000
 20
257.800000
 30
0.0
  0
SPLINE
  5
4c5
100
AcDbEntity
  8
0
 62
7
100
AcDbSpline
 70
8
 71
3
 72
8
 73
4
 74
0
 40
0
 40
0
 40
0
 40
0
 40
1
 40
1
 40
1
 40
1
 10
323.800000
 20
257.800000
 30
0.0
 10
323.800000
 20
251.800000
 30
0.0
 10
322.900000
 20
245.900000
 30
0.0
 10
328.300000
 20
239.900000
 30
0.0
  0
SPLINE
  5
4c6
100
AcDbEntity
  8
0
 62
7
100
AcDbSpline
 70
8
 71
3
 72
8
 73
4
 74
0
 40
0
 40
0
 40
0
 40
0
 40
1
 40
1
 40
1
 40
1
 10
328.300000
 20
239.900000
 30
0.0
 10
323.800000
 20
256.900000
 30
0.0
 10
340.600000
 20
258.500000
 30
0.0
 10
345.900000
 20
271.600000
 30
0.0
  0
SPLINE
  5
4c7
100
AcDbEntity
  8
0
 62
7
100
AcDbSpline
 70
8
 71
3
 72
8
 73
4
 74
0
 40
0
 40
0
 40
0
 40
0
 40
1
 40
1
 40
1
 40
1
 10
263.800000
 20
279.600000
 30
0.0
 10
258.900000
 20
291.400000
 30
0.0
 10
269.400000
 20
297.400000
 30
0.0
 10
275.100000
 20
305.300000
 30
0.0
  0
SPLINE
  5
4c8
100
AcDbEntity
  8
0
 62
7
100
AcDbSpline
 70
8
 71
3
 72
8
 73
4
 74
0
 40
0
 40
0
 40
0
 40
0
 40
1
 40
1
 40
1
 40
1
 10
280.400000
 20
301.400000
 30
0.0
 10
286.800000
 20
312.200000
 30
0.0
 10
290.600000
 20
324.500000
 30
0.0
 10
305.600000
 20
330.700000
 30
0.0
  0
SPLINE
  5
4c9
100
AcDbEntity
  8
0
 62
7
100
AcDbSpline
 70
8
 71
3
 72
8
 73
4
 74
0
 40
0
 40
0
 40
0
 40
0
 40
1
 40
1
 40
1
 40
1
 10
274.300000
 20
270.500000
 30
0.0
 10
281.200000
 20
273.400000
 30
0.0
 10
281.000000
 20
286.600000
 30
0.0
 10
290.300000
 20
292.600000
 30
0.0
  0
SPLINE
  5
4ca
100
AcDbEntity
  8
0
 62
7
100
AcDbSpline
 70
8
 71
3
 72
8
 73
4
 74
0
 40
0
 40
0
 40
0
 40
0
 40
1
 40
1
 40
1
 40
1
 10
304.300000
 20
289.200000
 30
0.0
 10
303.300000
 20
302.300000
 30
0.0
 10
313.100000
 20
310.400000
 30
0.0
 10
319.000000
 20
320.100000
 30
0.0
  0
SPLINE
  5
4cb
100
AcDbEntity
  8
0
 62
7
100
AcDbSpline
 70
8
 71
3
 72
8
 73
4
 74
0
 40
0
 40
0
 40
0
 40
0
 40
1
 40
1
 40
1
 40
1
 10
323.500000
 20
260.400000
 30
0.0
 10
322.300000
 20
273.500000
 30
0.0
 10
331.300000
 20
283.200000
 30
0.0
 10
335.600000
 20
294.400000
 30
0.0
  0
SPLINE
  5
4cc
100
AcDbEntity
  8
0
 62
7
100
AcDbSpline
 70
8
 71
3
 72
8
 73
4
 74
0
 40
0
 40
0
 40
0
 40
0
 40
1
 40
1
 40
1
 40
1
 10
301.900000
 20
266.100000
 30
0.0
 10
299.600000
 20
277.300000
 30
0.0
 10
322.700000
 20
286.000000
 30
0.0
 10
326.400000
 20
299.800000
 30
0.0
  0
SPLINE
  5
4cd
100
AcDbEntity
  8
0
 62
7
100
AcDbSpline
 70
8
 71
3
 72
8
 73
4
 74
0
 40
0
 40
0
 40
0
 40
0
 40
1
 40
1
 40
1
 40
1
 10
312.400000
 20
385.300000
 30
0.0
 10
306.600000
 20
377.700000
 30
0.0
 10
309.800000
 20
370.100000
 30
0.0
 10
311.300000
 20
362.500000
 30
0.0
  0
SPLINE
  5
4ce
100
AcDbEntity
  8
0
 62
7
100
AcDbSpline
 70
8
 71
3
 72
8
 73
4
 74
0
 40
0
 40
0
 40
0
 40
0
 40
1
 40
1
 40
1
 40
1
 10
311.300000
 20
362.500000
 30
0.0
 10
312.900000
 20
366.300000
 30
0.0
 10
313.300000
 20
370.100000
 30
0.0
 10
318.100000
 20
373.900000
 30
0.0
  0
SPLINE
  5
4cf
100
AcDbEntity
  8
0
 62
7
100
AcDbSpline
 70
8
 71
3
 72
8
 73
4
 74
0
 40
0
 40
0
 40
0
 40
0
 40
1
 40
1
 40
1
 40
1
 10
318.100000
 20
373.900000
 30
0.0
 10
312.000000
 20
362.100000
 30
0.0
 10
318.000000
 20
346.400000
 30
0.0
 10
317.300000
 20
335.200000
 30
0.0
  0
SPLINE
  5
4d0
100
AcDbEntity
  8
0
 62
7
100
AcDbSpline
 70
8
 71
3
 72
8
 73
4
 74
0
 40
0
 40
0
 40
0
 40
0
 40
1
 40
1
 40
1
 40
1
 10
317.300000
 20
335.200000
 30
0.0
 10
318.500000
 20
339.700000
 30
0.0
 10
319.500000
 20
344.300000
 30
0.0
 10
323.300000
 20
347.400000
 30
0.0
  0
SPLINE
  5
4d1
100
AcDbEntity
  8
0
 62
7
100
AcDbSpline
 70
8
 71
3
 72
8
 73
4
 74
0
 40
0
 40
0
 40
0
 40
0
 40
1
 40
1
 40
1
 40
1
 10
323.300000
 20
347.400000
 30
0.0
 10
320.900000
 20
337.100000
 30
0.0
 10
328.500000
 20
326.400000
 30
0.0
 10
328.000000
 20
316.800000
 30
0.0
  0
LINE
  5
4d2
100
AcDbEntity
  8
0
 62
7
100
AcDbLine
 10
328.000000
 20
316.800000
 30
0.0
 11
332.700000
 21
326.900000
 31
0.0
  0
SPLINE
  5
4d3
100
AcDbEntity
  8
0
 62
7
100
AcDbSpline
 70
8
 71
3
 72
8
 73
4
 74
0
 40
0
 40
0
 40
0
 40
0
 40
1
 40
1
 40
1
 40
1
 10
408.100000
 20
387.400000
 30
0.0
 10
413.900000
 20
379.800000
 30
0.0
 10
410.700000
 20
372.200000
 30
0.0
 10
409.200000
 20
364.600000
 30
0.0
  0
SPLINE
  5
4d4
100
AcDbEntity
  8
0
 62
7
100
AcDbSpline
 70
8
 71
3
 72
8
 73
4
 74
0
 40
0
 40
0
 40
0
 40
0
 40
1
 40
1
 40
1
 40
1
 10
409.200000
 20
364.600000
 30
0.0
 10
407.600000
 20
368.400000
 30
0.0
 10
407.200000
 20
372.200000
 30
0.0
 10
402.400000
 20
376.000000
 30
0.0
  0
SPLINE
  5
4d5
100
AcDbEntity
  8
0
 62
7
100
AcDbSpline
 70
8
 71
3
 72
8
 73
4
 74
0
 40
0
 40
0
 40
0
 40
0
 40
1
 40
1
 40
1
 40
1
 10
402.400000
 20
376.000000
 30
0.0
 10
408.500000
 20
364.200000
 30
0.0
 10
402.500000
 20
348.500000
 30
0.0
 10
403.200000
 20
337.300000
 30
0.0
  0
SPLINE
  5
4d6
100
AcDbEntity
  8
0
 62
7
100
AcDbSpline
 70
8
 71
3
 72
8
 73
4
 74
0
 40
0
 40
0
 40
0
 40
0
 40
1
 40
1
 40
1
 40
1
 10
403.200000
 20
337.300000
 30
0.0
 10
402.000000
 20
341.800000
 30
0.0
 10
401.000000
 20
346.400000
 30
0.0
 10
397.200000
 20
349.500000
 30
0.0
  0
SPLINE
  5
4d7
100
AcDbEntity
  8
0
 62
7
100
AcDbSpline
 70
8
 71
3
 72
8
 73
4
 74
0
 40
0
 40
0
 40
0
 40
0
 40
1
 40
1
 40
1
 40
1
 10
397.200000
 20
349.500000
 30
0.0
 10
399.600000
 20
339.200000
 30
0.0
 10
392.000000
 20
328.500000
 30
0.0
 10
392.500000
 20
318.900000
 30
0.0
  0
LINE
  5
4d8
100
AcDbEntity
  8
0
 62
7
100
AcDbLine
 10
392.500000
 20
318.900000
 30
0.0
 11
387.800000
 21
329.000000
 31
0.0
  0
SPLINE
  5
4d9
100
AcDbEntity
  8
0
 62
7
100
AcDbSpline
 70
8
 71
3
 72
8
 73
4
 74
0
 40
0
 40
0
 40
0
 40
0
 40
1
 40
1
 40
1
 40
1
 10
336.800000
 20
418.400000
 30
0.0
 10
326.800000
 20
413.300000
 30
0.0
 10
322.800000
 20
403.600000
 30
0.0
 10
325.600000
 20
388.700000
 30
0.0
  0
SPLINE
  5
4da
100
AcDbEntity
  8
0
 62
7
100
AcDbSpline
 70
8
 71
3
 72
8
 73
4
 74
0
 40
0
 40
0
 40
0
 40
0
 40
1
 40
1
 40
1
 40
1
 10
325.600000
 20
388.700000
 30
0.0
 10
328.600000
 20
393.000000
 30
0.0
 10
332.100000
 20
397.000000
 30
0.0
 10
339.000000
 20
399.300000
 30
0.0
  0
SPLINE
  5
4db
100
AcDbEntity
  8
0
 62
7
100
AcDbSpline
 70
8
 71
3
 72
8
 73
4
 74
0
 40
0
 40
0
 40
0
 40
0
 40
1
 40
1
 40
1
 40
1
 10
339.000000
 20
399.300000
 30
0.0
 10
330.100000
 20
389.800000
 30
0.0
 10
332.100000
 20
381.100000
 30
0.0
 10
336.000000
 20
372.500000
 30
0.0
  0
SPLINE
  5
4dc
100
AcDbEntity
  8
0
 62
7
100
AcDbSpline
 70
8
 71
3
 72
8
 73
4
 74
0
 40
0
 40
0
 40
0
 40
0
 40
1
 40
1
 40
1
 40
1
 10
381.900000
 20
418.400000
 30
0.0
 10
391.900000
 20
413.300000
 30
0.0
 10
395.900000
 20
403.600000
 30
0.0
 10
393.100000
 20
388.700000
 30
0.0
  0
SPLINE
  5
4dd
100
AcDbEntity
  8
0
 62
7
100
AcDbSpline
 70
8
 71
3
 72
8
 73
4
 74
0
 40
0
 40
0
 40
0
 40
0
 40
1
 40
1
 40
1
 40
1
 10
393.100000
 20
388.700000
 30
0.0
 10
390.100000
 20
393.000000
 30
0.0
 10
386.600000
 20
397.000000
 30
0.0
 10
379.700000
 20
399.300000
 30
0.0
  0
SPLINE
  5
4de
100
AcDbEntity
  8
0
 62
7
100
AcDbSpline
 70
8
 71
3
 72
8
 73
4
 74
0
 40
0
 40
0
 40
0
 40
0
 40
1
 40
1
 40
1
 40
1
 10
379.700000
 20
399.300000
 30
0.0
 10
388.600000
 20
389.800000
 30
0.0
 10
386.600000
 20
381.100000
 30
0.0
 10
382.700000
 20
372.500000
 30
0.0
  0
SPLINE
  5
4df
100
AcDbEntity
  8
0
 62
7
100
AcDbSpline
 70
8
 71
3
 72
8
 73
4
 74
0
 40
0
 40
0
 40
0
 40
0
 40
1
 40
1
 40
1
 40
1
 10
347.900000
 20
386.800000
 30
0.0
 10
346.100000
 20
377.300000
 30
0.0
 10
350.900000
 20
369.000000
 30
0.0
 10
359.100000
 20
361.500000
 30
0.0
  0
SPLINE
  5
4e0
100
AcDbEntity
  8
0
 62
7
100
AcDbSpline
 70
8
 71
3
 72
8
 73
4
 74
0
 40
0
 40
0
 40
0
 40
0
 40
1
 40
1
 40
1
 40
1
 10
359.100000
 20
361.500000
 30
0.0
 10
368.300000
 20
369.600000
 30
0.0
 10
371.200000
 20
378.200000
 30
0.0
 10
369.500000
 20
387.200000
 30
0.0
  0
SPLINE
  5
4e1
100
AcDbEntity
  8
0
 62
7
100
AcDbSpline
 70
8
 71
3
 72
8
 73
4
 74
0
 40
0
 40
0
 40
0
 40
0
 40
1
 40
1
 40
1
 40
1
 10
347.900000
 20
465.200000
 30
0.0
 10
346.100000
 20
455.700000
 30
0.0
 10
350.900000
 20
447.400000
 30
0.0
 10
359.100000
 20
439.900000
 30
0.0
  0
SPLINE
  5
4e2
100
AcDbEntity
  8
0
 62
7
100
AcDbSpline
 70
8
 71
3
 72
8
 73
4
 74
0
 40
0
 40
0
 40
0
 40
0
 40
1
 40
1
 40
1
 40
1
 10
359.100000
 20
439.900000
 30
0.0
 10
368.300000
 20
448.000000
 30
0.0
 10
371.200000
 20
456.600000
 30
0.0
 10
369.500000
 20
465.600000
 30
0.0
  0
LINE
  5
4e3
100
AcDbEntity
  8
0
 62
7
100
AcDbLine
 10
411.300000
 20
357.200000
 30
0.0
 11
420.200000
 21
341.900000
 31
0.0
  0
SPLINE
  5
4e4
100
AcDbEntity
  8
0
 62
7
100
AcDbSpline
 70
8
 71
3
 72
8
 73
4
 74
0
 40
0
 40
0
 40
0
 40
0
 40
1
 40
1
 40
1
 40
1
 10
420.200000
 20
341.900000
 30
0.0
 10
431.900000
 20
340.500000
 30
0.0
 10
441.900000
 20
335.000000
 30
0.0
 10
449.400000
 20
324.000000
 30
0.0
  0
SPLINE
  5
4e5
100
AcDbEntity
  8
0
 62
7
100
AcDbSpline
 70
8
 71
3
 72
8
 73
4
 74
0
 40
0
 40
0
 40
0
 40
0
 40
1
 40
1
 40
1
 40
1
 10
449.400000
 20
324.000000
 30
0.0
 10
456.700000
 20
324.400000
 30
0.0
 10
464.000000
 20
321.600000
 30
0.0
 10
471.200000
 20
312.300000
 30
0.0
  0
SPLINE
  5
4e6
100
AcDbEntity
  8
0
 62
7
100
AcDbSpline
 70
8
 71
3
 72
8
 73
4
 74
0
 40
0
 40
0
 40
0
 40
0
 40
1
 40
1
 40
1
 40
1
 10
471.200000
 20
312.300000
 30
0.0
 10
466.100000
 20
315.800000
 30
0.0
 10
461.400000
 20
318.700000
 30
0.0
 10
451.500000
 20
317.500000
 30
0.0
  0
SPLINE
  5
4e7
100
AcDbEntity
  8
0
 62
7
100
AcDbSpline
 70
8
 71
3
 72
8
 73
4
 74
0
 40
0
 40
0
 40
0
 40
0
 40
1
 40
1
 40
1
 40
1
 10
451.500000
 20
317.500000
 30
0.0
 10
452.200000
 20
301.900000
 30
0.0
 10
473.300000
 20
300.900000
 30
0.0
 10
466.200000
 20
283.200000
 30
0.0
  0
SPLINE
  5
4e8
100
AcDbEntity
  8
0
 62
7
100
AcDbSpline
 70
8
 71
3
 72
8
 73
4
 74
0
 40
0
 40
0
 40
0
 40
0
 40
1
 40
1
 40
1
 40
1
 10
466.200000
 20
283.200000
 30
0.0
 10
475.000000
 20
277.300000
 30
0.0
 10
478.300000
 20
267.000000
 30
0.0
 10
480.100000
 20
255.700000
 30
0.0
  0
SPLINE
  5
4e9
100
AcDbEntity
  8
0
 62
7
100
AcDbSpline
 70
8
 71
3
 72
8
 73
4
 74
0
 40
0
 40
0
 40
0
 40
0
 40
1
 40
1
 40
1
 40
1
 10
480.100000
 20
255.700000
 30
0.0
 10
474.800000
 20
263.100000
 30
0.0
 10
470.600000
 20
271.300000
 30
0.0
 10
458.500000
 20
274.100000
 30
0.0
  0
SPLINE
  5
4ea
100
AcDbEntity
  8
0
 62
7
100
AcDbSpline
 70
8
 71
3
 72
8
 73
4
 74
0
 40
0
 40
0
 40
0
 40
0
 40
1
 40
1
 40
1
 40
1
 10
458.500000
 20
274.100000
 30
0.0
 10
460.200000
 20
270.400000
 30
0.0
 10
463.700000
 20
266.700000
 30
0.0
 10
460.900000
 20
262.900000
 30
0.0
  0
SPLINE
  5
4eb
100
AcDbEntity
  8
0
 62
7
100
AcDbSpline
 70
8
 71
3
 72
8
 73
4
 74
0
 40
0
 40
0
 40
0
 40
0
 40
1
 40
1
 40
1
 40
1
 10
460.900000
 20
262.900000
 30
0.0
 10
459.200000
 20
267.100000
 30
0.0
 10
455.400000
 20
268.200000
 30
0.0
 10
450.900000
 20
268.400000
 30
0.0
  0
SPLINE
  5
4ec
100
AcDbEntity
  8
0
 62
7
100
AcDbSpline
 70
8
 71
3
 72
8
 73
4
 74
0
 40
0
 40
0
 40
0
 40
0
 40
1
 40
1
 40
1
 40
1
 10
450.900000
 20
268.400000
 30
0.0
 10
455.900000
 20
261.200000
 30
0.0
 10
454.700000
 20
254.000000
 30
0.0
 10
452.700000
 20
246.900000
 30
0.0
  0
SPLINE
  5
4ed
100
AcDbEntity
  8
0
 62
7
100
AcDbSpline
 70
8
 71
3
 72
8
 73
4
 74
0
 40
0
 40
0
 40
0
 40
0
 40
1
 40
1
 40
1
 40
1
 10
452.700000
 20
246.900000
 30
0.0
 10
451.300000
 20
249.700000
 30
0.0
 10
450.800000
 20
254.200000
 30
0.0
 10
446.100000
 20
251.100000
 30
0.0
  0
SPLINE
  5
4ee
100
AcDbEntity
  8
0
 62
7
100
AcDbSpline
 70
8
 71
3
 72
8
 73
4
 74
0
 40
0
 40
0
 40
0
 40
0
 40
1
 40
1
 40
1
 40
1
 10
446.100000
 20
251.100000
 30
0.0
 10
448.600000
 20
240.900000
 30
0.0
 10
449.200000
 20
231.200000
 30
0.0
 10
435.100000
 20
225.100000
 30
0.0
  0
SPLINE
  5
4ef
100
AcDbEntity
  8
0
 62
7
100
AcDbSpline
 70
8
 71
3
 72
8
 73
4
 74
0
 40
0
 40
0
 40
0
 40
0
 40
1
 40
1
 40
1
 40
1
 10
435.100000
 20
225.100000
 30
0.0
 10
447.800000
 20
241.400000
 30
0.0
 10
430.100000
 20
236.700000
 30
0.0
 10
422.000000
 20
263.000000
 30
0.0
  0
SPLINE
  5
4f0
100
AcDbEntity
  8
0
 62
7
100
AcDbSpline
 70
8
 71
3
 72
8
 73
4
 74
0
 40
0
 40
0
 40
0
 40
0
 40
1
 40
1
 40
1
 40
1
 10
422.000000
 20
263.000000
 30
0.0
 10
421.200000
 20
249.800000
 30
0.0
 10
426.500000
 20
239.100000
 30
0.0
 10
408.600000
 20
224.600000
 30
0.0
  0
SPLINE
  5
4f1
100
AcDbEntity
  8
0
 62
7
100
AcDbSpline
 70
8
 71
3
 72
8
 73
4
 74
0
 40
0
 40
0
 40
0
 40
0
 40
1
 40
1
 40
1
 40
1
 10
408.600000
 20
224.600000
 30
0.0
 10
412.200000
 20
239.700000
 30
0.0
 10
413.800000
 20
248.800000
 30
0.0
 10
398.900000
 20
257.800000
 30
0.0
  0
SPLINE
  5
4f2
100
AcDbEntity
  8
0
 62
7
100
AcDbSpline
 70
8
 71
3
 72
8
 73
4
 74
0
 40
0
 40
0
 40
0
 40
0
 40
1
 40
1
 40
1
 40
1
 10
398.900000
 20
257.800000
 30
0.0
 10
398.900000
 20
251.800000
 30
0.0
 10
399.800000
 20
245.900000
 30
0.0
 10
394.400000
 20
239.900000
 30
0.0
  0
SPLINE
  5
4f3
100
AcDbEntity
  8
0
 62
7
100
AcDbSpline
 70
8
 71
3
 72
8
 73
4
 74
0
 40
0
 40
0
 40
0
 40
0
 40
1
 40
1
 40
1
 40
1
 10
394.400000
 20
239.900000
 30
0.0
 10
398.900000
 20
256.900000
 30
0.0
 10
382.100000
 20
258.500000
 30
0.0
 10
376.800000
 20
271.600000
 30
0.0
  0
SPLINE
  5
4f4
100
AcDbEntity
  8
0
 62
7
100
AcDbSpline
 70
8
 71
3
 72
8
 73
4
 74
0
 40
0
 40
0
 40
0
 40
0
 40
1
 40
1
 40
1
 40
1
 10
458.900000
 20
279.600000
 30
0.0
 10
463.800000
 20
291.400000
 30
0.0
 10
453.300000
 20
297.400000
 30
0.0
 10
447.600000
 20
305.300000
 30
0.0
  0
SPLINE
  5
4f5
100
AcDbEntity
  8
0
 62
7
100
AcDbSpline
 70
8
 71
3
 72
8
 73
4
 74
0
 40
0
 40
0
 40
0
 40
0
 40
1
 40
1
 40
1
 40
1
 10
442.300000
 20
301.400000
 30
0.0
 10
435.900000
 20
312.200000
 30
0.0
 10
432.100000
 20
324.500000
 30
0.0
 10
417.100000
 20
330.700000
 30
0.0
  0
SPLINE
  5
4f6
100
AcDbEntity
  8
0
 62
7
100
AcDbSpline
 70
8
 71
3
 72
8
 73
4
 74
0
 40
0
 40
0
 40
0
 40
0
 40
1
 40
1
 40
1
 40
1
 10
448.300000
 20
270.500000
 30
0.0
 10
441.400000
 20
273.400000
 30
0.0
 10
441.600000
 20
286.600000
 30
0.0
 10
432.300000
 20
292.600000
 30
0.0
  0
SPLINE
  5
4f7
100
AcDbEntity
  8
0
 62
7
100
AcDbSpline
 70
8
 71
3
 72
8
 73
4
 74
0
 40
0
 40
0
 40
0
 40
0
 40
1
 40
1
 40
1
 40
1
 10
418.400000
 20
289.200000
 30
0.0
 10
419.400000
 20
302.300000
 30
0.0
 10
409.600000
 20
310.400000
 30
0.0
 10
403.700000
 20
320.100000
 30
0.0
  0
SPLINE
  5
4f8
100
AcDbEntity
  8
0
 62
7
100
AcDbSpline
 70
8
 71
3
 72
8
 73
4
 74
0
 40
0
 40
0
 40
0
 40
0
 40
1
 40
1
 40
1
 40
1
 10
399.200000
 20
260.400000
 30
0.0
 10
400.400000
 20
273.500000
 30
0.0
 10
391.400000
 20
283.200000
 30
0.0
 10
387.100000
 20
294.400000
 30
0.0
  0
SPLINE
  5
4f9
100
AcDbEntity
  8
0
 62
7
100
AcDbSpline
 70
8
 71
3
 72
8
 73
4
 74
0
 40
0
 40
0
 40
0
 40
0
 40
1
 40
1
 40
1
 40
1
 10
420.700000
 20
266.100000
 30
0.0
 10
423.000000
 20
277.300000
 30
0.0
 10
399.900000
 20
286.000000
 30
0.0
 10
396.200000
 20
299.800000
 30
0.0
  0
SPLINE
  5
4fa
100
AcDbEntity
  8
0
 62
7
100
AcDbSpline
 70
8
 71
3
 72
8
 73
4
 74
0
 40
0
 40
0
 40
0
 40
0
 40
1
 40
1
 40
1
 40
1
 10
335.400000
 20
500.600000
 30
0.0
 10
331.300000
 20
498.900000
 30
0.0
 10
328.700000
 20
495.800000
 30
0.0
 10
329.200000
 20
489.400000
 30
0.0
  0
SPLINE
  5
4fb
100
AcDbEntity
  8
0
 62
7
100
AcDbSpline
 70
8
 71
3
 72
8
 73
4
 74
0
 40
0
 40
0
 40
0
 40
0
 40
1
 40
1
 40
1
 40
1
 10
338.400000
 20
485.400000
 30
0.0
 10
330.500000
 20
475.200000
 30
0.0
 10
337.300000
 20
468.400000
 30
0.0
 10
338.500000
 20
466.200000
 30
0.0
  0
SPLINE
  5
4fc
100
AcDbEntity
  8
0
 62
7
100
AcDbSpline
 70
8
 71
3
 72
8
 73
4
 74
0
 40
0
 40
0
 40
0
 40
0
 40
1
 40
1
 40
1
 40
1
 10
381.100000
 20
500.600000
 30
0.0
 10
385.200000
 20
498.900000
 30
0.0
 10
387.800000
 20
495.800000
 30
0.0
 10
387.300000
 20
489.400000
 30
0.0
  0
SPLINE
  5
4fd
100
AcDbEntity
  8
0
 62
7
100
AcDbSpline
 70
8
 71
3
 72
8
 73
4
 74
0
 40
0
 40
0
 40
0
 40
0
 40
1
 40
1
 40
1
 40
1
 10
378.200000
 20
485.400000
 30
0.0
 10
386.100000
 20
475.200000
 30
0.0
 10
379.300000
 20
468.400000
 30
0.0
 10
378.100000
 20
466.200000
 30
0.0
  0
SPLINE
  5
4fe
100
AcDbEntity
  8
0
 62
7
100
AcDbSpline
 70
8
 71
3
 72
8
 73
4
 74
0
 40
0
 40
0
 40
0
 40
0
 40
1
 40
1
 40
1
 40
1
 10
341.500000
 20
351.100000
 30
0.0
 10
338.500000
 20
338.400000
 30
0.0
 10
353.100000
 20
325.200000
 30
0.0
 10
354.600000
 20
313.500000
 30
0.0
  0
SPLINE
  5
4ff
100
AcDbEntity
  8
0
 62
7
100
AcDbSpline
 70
8
 71
3
 72
8
 73
4
 74
0
 40
0
 40
0
 40
0
 40
0
 40
1
 40
1
 40
1
 40
1
 10
347.600000
 20
301.200000
 30
0.0
 10
343.300000
 20
293.800000
 30
0.0
 10
358.300000
 20
282.800000
 30
0.0
 10
358.000000
 20
276.000000
 30
0.0
  0
SPLINE
  5
500
100
AcDbEntity
  8
0
 62
7
100
AcDbSpline
 70
8
 71
3
 72
8
 73
4
 74
0
 40
0
 40
0
 40
0
 40
0
 40
1
 40
1
 40
1
 40
1
 10
382.100000
 20
351.100000
 30
0.0
 10
385.100000
 20
338.400000
 30
0.0
 10
370.500000
 20
325.200000
 30
0.0
 10
369.000000
 20
313.500000
 30
0.0
  0
SPLINE
  5
501
100
AcDbEntity
  8
0
 62
7
100
AcDbSpline
 70
8
 71
3
 72
8
 73
4
 74
0
 40
0
 40
0
 40
0
 40
0
 40
1
 40
1
 40
1
 40
1
 10
375.900000
 20
301.200000
 30
0.0
 10
380.200000
 20
293.800000
 30
0.0
 10
365.200000
 20
282.800000
 30
0.0
 10
365.500000
 20
276.000000
 30
0.0
  0
LINE
  5
502
100
AcDbEntity
  8
0
 62
7
100
AcDbLine
 10
276.900000
 20
253.700000
 30
0.0
 11
288.700000
 21
270.600000
 31
0.0
  0
LINE
  5
503
100
AcDbEntity
  8
0
 62
7
100
AcDbLine
 10
446.300000
 20
253.700000
 30
0.0
 11
434.500000
 21
270.600000
 31
0.0
  0
SPLINE
  5
504
100
AcDbEntity
  8
0
 62
7
100
AcDbSpline
 70
8
 71
3
 72
8
 73
4
 74
0
 40
0
 40
0
 40
0
 40
0
 40
1
 40
1
 40
1
 40
1
 10
319.000000
 20
698.300000
 30
0.0
 10
319.000000
 20
697.400000
 30
0.0
 10
318.300000
 20
696.700000
 30
0.0
 10
317.400000
 20
696.700000
 30
0.0
  0
SPLINE
  5
505
100
AcDbEntity
  8
0
 62
7
100
AcDbSpline
 70
8
 71
3
 72
8
 73
4
 74
0
 40
0
 40
0
 40
0
 40
0
 40
1
 40
1
 40
1
 40
1
 10
317.400000
 20
696.700000
 30
0.0
 10
316.500000
 20
696.700000
 30
0.0
 10
315.800000
 20
697.400000
 30
0.0
 10
315.800000
 20
698.300000
 30
0.0
  0
SPLINE
  5
506
100
AcDbEntity
  8
0
 62
7
100
AcDbSpline
 70
8
 71
3
 72
8
 73
4
 74
0
 40
0
 40
0
 40
0
 40
0
 40
1
 40
1
 40
1
 40
1
 10
315.800000
 20
698.300000
 30
0.0
 10
315.800000
 20
699.200000
 30
0.0
 10
316.500000
 20
699.900000
 30
0.0
 10
317.400000
 20
699.900000
 30
0.0
  0
SPLINE
  5
507
100
AcDbEntity
  8
0
 62
7
100
AcDbSpline
 70
8
 71
3
 72
8
 73
4
 74
0
 40
0
 40
0
 40
0
 40
0
 40
1
 40
1
 40
1
 40
1
 10
317.400000
 20
699.900000
 30
0.0
 10
318.300000
 20
699.900000
 30
0.0
 10
319.000000
 20
699.200000
 30
0.0
 10
319.000000
 20
698.300000
 30
0.0
  0
ENDSEC
  0
SECTION
  2
OBJECTS
  0
DICTIONARY
  5
C
330
0
100
AcDbDictionary
  3
ACAD_GROUP
350
D
  3
ACAD_MLINESTYLE
350
17
  0
DICTIONARY
  5
D
330
C
100
AcDbDictionary
  0
DICTIONARY
  5
1A
330
C
100
AcDbDictionary
  0
DICTIONARY
  5
17
330
C
100
AcDbDictionary
  3
STANDARD
350
18
  0
DICTIONARY
  5
19
330
C
100
AcDbDictionary
  0
ENDSEC
  0
EOF
