solid OpenSCAD_Model
  facet normal 0 0 -1
    outer loop
      vertex -7.99982 -10.7025 0
      vertex -21.6329 24.813 0
      vertex -1.91462 12.0078 0
    endloop
  endfacet
  facet normal 0 0 -1
    outer loop
      vertex -31.479 -11.933 0
      vertex -21.6329 24.813 0
      vertex -7.99982 -10.7025 0
    endloop
  endfacet
  facet normal 0 0 -1
    outer loop
      vertex -21.6329 24.813 0
      vertex -31.479 -11.933 0
      vertex -39.9047 10.0168 0
    endloop
  endfacet
  facet normal 0.544627 0.838652 0.00665529
    outer loop
      vertex -1.91462 12.0078 0
      vertex -21.6329 24.813 0
      vertex -21.6266 24.8065 0.299999
    endloop
  endfacet
  facet normal 0.544367 0.838733 -0.013846
    outer loop
      vertex -1.91462 12.0078 0
      vertex -21.6266 24.8065 0.299999
      vertex -1.90505 12.0065 0.299999
    endloop
  endfacet
  facet normal -0.628408 0.777262 -0.0311007
    outer loop
      vertex -39.9047 10.0168 0
      vertex -39.9088 10.0255 0.299999
      vertex -21.6266 24.8065 0.299999
    endloop
  endfacet
  facet normal -0.629034 0.776792 0.0301766
    outer loop
      vertex -21.6329 24.813 0
      vertex -39.9047 10.0168 0
      vertex -21.6266 24.8065 0.299999
    endloop
  endfacet
  facet normal -0.934219 -0.356693 -0.00240866
    outer loop
      vertex -31.5252 -11.9321 0.299999
      vertex -39.9088 10.0255 0.299999
      vertex -39.9047 10.0168 0
    endloop
  endfacet
  facet normal -0.924208 -0.35477 -0.141345
    outer loop
      vertex -31.5252 -11.9321 0.299999
      vertex -39.9047 10.0168 0
      vertex -31.479 -11.933 0
    endloop
  endfacet
  facet normal 0.0506635 -0.966717 -0.250781
    outer loop
      vertex -7.96917 -10.7787 0.299999
      vertex -31.479 -11.933 0
      vertex -7.99982 -10.7025 0
    endloop
  endfacet
  facet normal 0.0489022 -0.998749 0.0104839
    outer loop
      vertex -7.96917 -10.7787 0.299999
      vertex -31.5252 -11.9321 0.299999
      vertex -31.479 -11.933 0
    endloop
  endfacet
  facet normal 0.965434 -0.258687 -0.0318942
    outer loop
      vertex -1.90505 12.0065 0.299999
      vertex -7.99982 -10.7025 0
      vertex -1.91462 12.0078 0
    endloop
  endfacet
  facet normal 0.953607 -0.253795 -0.161934
    outer loop
      vertex -7.96917 -10.7787 0.299999
      vertex -7.99982 -10.7025 0
      vertex -1.90505 12.0065 0.299999
    endloop
  endfacet
  facet normal 0.544407 0.838794 0.00666142
    outer loop
      vertex -1.90505 12.0065 0.299999
      vertex -21.6266 24.8065 0.299999
      vertex -21.6202 24.8 0.599999
    endloop
  endfacet
  facet normal 0.544148 0.838875 -0.013841
    outer loop
      vertex -1.90505 12.0065 0.299999
      vertex -21.6202 24.8 0.599999
      vertex -1.89548 12.0052 0.599999
    endloop
  endfacet
  facet normal -0.6278 0.777753 -0.0310986
    outer loop
      vertex -39.9088 10.0255 0.299999
      vertex -39.9129 10.0342 0.599999
      vertex -21.6202 24.8 0.599999
    endloop
  endfacet
  facet normal -0.628426 0.777284 0.0301872
    outer loop
      vertex -21.6266 24.8065 0.299999
      vertex -39.9088 10.0255 0.299999
      vertex -21.6202 24.8 0.599999
    endloop
  endfacet
  facet normal -0.934857 -0.355017 -0.00245405
    outer loop
      vertex -31.5715 -11.9312 0.599999
      vertex -39.9129 10.0342 0.599999
      vertex -39.9088 10.0255 0.299999
    endloop
  endfacet
  facet normal -0.924829 -0.353108 -0.141444
    outer loop
      vertex -31.5715 -11.9312 0.599999
      vertex -39.9088 10.0255 0.299999
      vertex -31.5252 -11.9321 0.299999
    endloop
  endfacet
  facet normal 0.0473457 -0.966958 -0.250502
    outer loop
      vertex -7.93851 -10.8549 0.599999
      vertex -31.5252 -11.9321 0.299999
      vertex -7.96917 -10.7787 0.299999
    endloop
  endfacet
  facet normal 0.0454922 -0.998915 0.00996213
    outer loop
      vertex -7.93851 -10.8549 0.599999
      vertex -31.5715 -11.9312 0.599999
      vertex -31.5252 -11.9321 0.299999
    endloop
  endfacet
  facet normal 0.965869 -0.257059 -0.0319003
    outer loop
      vertex -1.89548 12.0052 0.599999
      vertex -7.96917 -10.7787 0.299999
      vertex -1.90505 12.0065 0.299999
    endloop
  endfacet
  facet normal 0.954087 -0.25221 -0.161577
    outer loop
      vertex -7.93851 -10.8549 0.599999
      vertex -7.96917 -10.7787 0.299999
      vertex -1.89548 12.0052 0.599999
    endloop
  endfacet
  facet normal 0.544188 0.838937 0.00667075
    outer loop
      vertex -1.89548 12.0052 0.599999
      vertex -21.6202 24.8 0.599999
      vertex -21.6139 24.7935 0.9
    endloop
  endfacet
  facet normal 0.543928 0.839018 -0.0138307
    outer loop
      vertex -1.89548 12.0052 0.599999
      vertex -21.6139 24.7935 0.9
      vertex -1.8859 12.004 0.9
    endloop
  endfacet
  facet normal -0.627191 0.778244 -0.0311125
    outer loop
      vertex -39.9129 10.0342 0.599999
      vertex -39.917 10.0429 0.9
      vertex -21.6139 24.7935 0.9
    endloop
  endfacet
  facet normal -0.627818 0.777775 0.0301721
    outer loop
      vertex -21.6202 24.8 0.599999
      vertex -39.9129 10.0342 0.599999
      vertex -21.6139 24.7935 0.9
    endloop
  endfacet
  facet normal -0.935492 -0.353338 -0.00252325
    outer loop
      vertex -31.6177 -11.9303 0.9
      vertex -39.917 10.0429 0.9
      vertex -39.9129 10.0342 0.599999
    endloop
  endfacet
  facet normal -0.925448 -0.351444 -0.141539
    outer loop
      vertex -31.6177 -11.9303 0.9
      vertex -39.9129 10.0342 0.599999
      vertex -31.5715 -11.9312 0.599999
    endloop
  endfacet
  facet normal 0.0440472 -0.967185 -0.250226
    outer loop
      vertex -7.90785 -10.9312 0.9
      vertex -31.5715 -11.9312 0.599999
      vertex -7.93851 -10.8549 0.599999
    endloop
  endfacet
  facet normal 0.0421027 -0.999069 0.00943693
    outer loop
      vertex -7.90785 -10.9312 0.9
      vertex -31.6177 -11.9303 0.9
      vertex -31.5715 -11.9312 0.599999
    endloop
  endfacet
  facet normal 0.966299 -0.255438 -0.031908
    outer loop
      vertex -1.8859 12.004 0.9
      vertex -7.93851 -10.8549 0.599999
      vertex -1.89548 12.0052 0.599999
    endloop
  endfacet
  facet normal 0.954562 -0.250634 -0.161226
    outer loop
      vertex -7.90785 -10.9312 0.9
      vertex -7.93851 -10.8549 0.599999
      vertex -1.8859 12.004 0.9
    endloop
  endfacet
  facet normal 0.543968 0.839079 0.00667157
    outer loop
      vertex -1.8859 12.004 0.9
      vertex -21.6139 24.7935 0.9
      vertex -21.6075 24.787 1.2
    endloop
  endfacet
  facet normal 0.543709 0.83916 -0.0138258
    outer loop
      vertex -1.8859 12.004 0.9
      vertex -21.6075 24.787 1.2
      vertex -1.87633 12.0027 1.2
    endloop
  endfacet
  facet normal -0.626582 0.778734 -0.0311104
    outer loop
      vertex -39.917 10.0429 0.9
      vertex -39.9211 10.0516 1.2
      vertex -21.6075 24.787 1.2
    endloop
  endfacet
  facet normal -0.627209 0.778266 0.0301778
    outer loop
      vertex -21.6139 24.7935 0.9
      vertex -39.917 10.0429 0.9
      vertex -21.6075 24.787 1.2
    endloop
  endfacet
  facet normal -0.936125 -0.351658 -0.0025687
    outer loop
      vertex -31.6639 -11.9295 1.2
      vertex -39.9211 10.0516 1.2
      vertex -39.917 10.0429 0.9
    endloop
  endfacet
  facet normal -0.926064 -0.349777 -0.141638
    outer loop
      vertex -31.6639 -11.9295 1.2
      vertex -39.917 10.0429 0.9
      vertex -31.6177 -11.9303 0.9
    endloop
  endfacet
  facet normal 0.0407682 -0.967402 -0.249943
    outer loop
      vertex -7.87719 -11.0074 1.2
      vertex -31.6177 -11.9303 0.9
      vertex -7.90785 -10.9312 0.9
    endloop
  endfacet
  facet normal 0.0387336 -0.99921 0.00892147
    outer loop
      vertex -7.87719 -11.0074 1.2
      vertex -31.6639 -11.9295 1.2
      vertex -31.6177 -11.9303 0.9
    endloop
  endfacet
  facet normal 0.966723 -0.253827 -0.031914
    outer loop
      vertex -1.87633 12.0027 1.2
      vertex -7.90785 -10.9312 0.9
      vertex -1.8859 12.004 0.9
    endloop
  endfacet
  facet normal 0.955032 -0.249065 -0.160877
    outer loop
      vertex -7.87719 -11.0074 1.2
      vertex -7.90785 -10.9312 0.9
      vertex -1.87633 12.0027 1.2
    endloop
  endfacet
  facet normal 0.543749 0.839221 0.00668277
    outer loop
      vertex -1.87633 12.0027 1.2
      vertex -21.6075 24.787 1.2
      vertex -21.6012 24.7805 1.5
    endloop
  endfacet
  facet normal 0.543489 0.839302 -0.0138155
    outer loop
      vertex -1.87633 12.0027 1.2
      vertex -21.6012 24.7805 1.5
      vertex -1.86676 12.0015 1.5
    endloop
  endfacet
  facet normal -0.625972 0.779224 -0.0311163
    outer loop
      vertex -39.9211 10.0516 1.2
      vertex -39.9252 10.0603 1.5
      vertex -21.6012 24.7805 1.5
    endloop
  endfacet
  facet normal -0.6266 0.778757 0.0301715
    outer loop
      vertex -21.6075 24.787 1.2
      vertex -39.9211 10.0516 1.2
      vertex -21.6012 24.7805 1.5
    endloop
  endfacet
  facet normal -0.936756 -0.349975 -0.00262607
    outer loop
      vertex -31.7101 -11.9286 1.5
      vertex -39.9252 10.0603 1.5
      vertex -39.9211 10.0516 1.2
    endloop
  endfacet
  facet normal -0.926676 -0.348108 -0.141744
    outer loop
      vertex -31.7101 -11.9286 1.5
      vertex -39.9211 10.0516 1.2
      vertex -31.6639 -11.9295 1.2
    endloop
  endfacet
  facet normal 0.0375086 -0.967606 -0.249662
    outer loop
      vertex -7.84653 -11.0836 1.5
      vertex -31.6639 -11.9295 1.2
      vertex -7.87719 -11.0074 1.2
    endloop
  endfacet
  facet normal 0.035385 -0.999338 0.00840299
    outer loop
      vertex -7.84653 -11.0836 1.5
      vertex -31.7101 -11.9286 1.5
      vertex -31.6639 -11.9295 1.2
    endloop
  endfacet
  facet normal 0.967142 -0.252223 -0.0319214
    outer loop
      vertex -1.86676 12.0015 1.5
      vertex -7.87719 -11.0074 1.2
      vertex -1.87633 12.0027 1.2
    endloop
  endfacet
  facet normal 0.955496 -0.247504 -0.160525
    outer loop
      vertex -7.84653 -11.0836 1.5
      vertex -7.87719 -11.0074 1.2
      vertex -1.86676 12.0015 1.5
    endloop
  endfacet
  facet normal 0.543529 0.839364 0.00669053
    outer loop
      vertex -1.86676 12.0015 1.5
      vertex -21.6012 24.7805 1.5
      vertex -21.5948 24.774 1.8
    endloop
  endfacet
  facet normal 0.54327 0.839445 -0.0138123
    outer loop
      vertex -1.86676 12.0015 1.5
      vertex -21.5948 24.774 1.8
      vertex -1.85718 12.0002 1.8
    endloop
  endfacet
  facet normal -0.625362 0.779714 -0.0311302
    outer loop
      vertex -39.9252 10.0603 1.5
      vertex -39.9293 10.069 1.8
      vertex -21.5948 24.774 1.8
    endloop
  endfacet
  facet normal -0.62599 0.779247 0.0301694
    outer loop
      vertex -21.6012 24.7805 1.5
      vertex -39.9252 10.0603 1.5
      vertex -21.5948 24.774 1.8
    endloop
  endfacet
  facet normal -0.937383 -0.348289 -0.00269539
    outer loop
      vertex -31.7563 -11.9277 1.8
      vertex -39.9293 10.069 1.8
      vertex -39.9252 10.0603 1.5
    endloop
  endfacet
  facet normal -0.927287 -0.346437 -0.141843
    outer loop
      vertex -31.7563 -11.9277 1.8
      vertex -39.9252 10.0603 1.5
      vertex -31.7101 -11.9286 1.5
    endloop
  endfacet
  facet normal 0.0342682 -0.967798 -0.249383
    outer loop
      vertex -7.81588 -11.1598 1.8
      vertex -31.7101 -11.9286 1.5
      vertex -7.84653 -11.0836 1.5
    endloop
  endfacet
  facet normal 0.0320565 -0.999455 0.00789372
    outer loop
      vertex -7.81588 -11.1598 1.8
      vertex -31.7563 -11.9277 1.8
      vertex -31.7101 -11.9286 1.5
    endloop
  endfacet
  facet normal 0.967557 -0.250628 -0.0319303
    outer loop
      vertex -1.85718 12.0002 1.8
      vertex -7.84653 -11.0836 1.5
      vertex -1.86676 12.0015 1.5
    endloop
  endfacet
  facet normal 0.955955 -0.245951 -0.160182
    outer loop
      vertex -7.81588 -11.1598 1.8
      vertex -7.84653 -11.0836 1.5
      vertex -1.85718 12.0002 1.8
    endloop
  endfacet
  facet normal 0.543309 0.839506 0.00669825
    outer loop
      vertex -1.85718 12.0002 1.8
      vertex -21.5948 24.774 1.8
      vertex -21.5884 24.7674 2.1
    endloop
  endfacet
  facet normal 0.54305 0.839587 -0.0138003
    outer loop
      vertex -1.85718 12.0002 1.8
      vertex -21.5884 24.7674 2.1
      vertex -1.84761 11.9989 2.1
    endloop
  endfacet
  facet normal -0.624751 0.780203 -0.031136
    outer loop
      vertex -39.9293 10.069 1.8
      vertex -39.9334 10.0777 2.1
      vertex -21.5884 24.7674 2.1
    endloop
  endfacet
  facet normal -0.62538 0.779737 0.030167
    outer loop
      vertex -21.5948 24.774 1.8
      vertex -39.9293 10.069 1.8
      vertex -21.5884 24.7674 2.1
    endloop
  endfacet
  facet normal -0.938008 -0.346602 -0.00275281
    outer loop
      vertex -31.8026 -11.9268 2.1
      vertex -39.9334 10.0777 2.1
      vertex -39.9293 10.069 1.8
    endloop
  endfacet
  facet normal -0.927896 -0.344765 -0.141935
    outer loop
      vertex -31.8026 -11.9268 2.1
      vertex -39.9293 10.069 1.8
      vertex -31.7563 -11.9277 1.8
    endloop
  endfacet
  facet normal 0.031047 -0.967981 -0.249097
    outer loop
      vertex -7.78522 -11.236 2.1
      vertex -31.7563 -11.9277 1.8
      vertex -7.81588 -11.1598 1.8
    endloop
  endfacet
  facet normal 0.0287482 -0.999559 0.00738412
    outer loop
      vertex -7.78522 -11.236 2.1
      vertex -31.8026 -11.9268 2.1
      vertex -31.7563 -11.9277 1.8
    endloop
  endfacet
  facet normal 0.967966 -0.249042 -0.0319343
    outer loop
      vertex -1.84761 11.9989 2.1
      vertex -7.81588 -11.1598 1.8
      vertex -1.85718 12.0002 1.8
    endloop
  endfacet
  facet normal 0.95641 -0.244407 -0.159832
    outer loop
      vertex -7.78522 -11.236 2.1
      vertex -7.81588 -11.1598 1.8
      vertex -1.84761 11.9989 2.1
    endloop
  endfacet
  facet normal 0.54309 0.839648 0.00670599
    outer loop
      vertex -1.84761 11.9989 2.1
      vertex -21.5884 24.7674 2.1
      vertex -21.5821 24.7609 2.4
    endloop
  endfacet
  facet normal 0.54283 0.839729 -0.0137954
    outer loop
      vertex -1.84761 11.9989 2.1
      vertex -21.5821 24.7609 2.4
      vertex -1.83804 11.9977 2.4
    endloop
  endfacet
  facet normal -0.62414 0.780692 -0.0311314
    outer loop
      vertex -39.9334 10.0777 2.1
      vertex -39.9375 10.0863 2.4
      vertex -21.5821 24.7609 2.4
    endloop
  endfacet
  facet normal -0.62477 0.780226 0.0301646
    outer loop
      vertex -21.5884 24.7674 2.1
      vertex -39.9334 10.0777 2.1
      vertex -21.5821 24.7609 2.4
    endloop
  endfacet
  facet normal -0.938631 -0.344913 -0.00279942
    outer loop
      vertex -31.8488 -11.9259 2.4
      vertex -39.9375 10.0863 2.4
      vertex -39.9334 10.0777 2.1
    endloop
  endfacet
  facet normal -0.928502 -0.34309 -0.142034
    outer loop
      vertex -31.8488 -11.9259 2.4
      vertex -39.9334 10.0777 2.1
      vertex -31.8026 -11.9268 2.1
    endloop
  endfacet
  facet normal 0.0278449 -0.968151 -0.248813
    outer loop
      vertex -7.75456 -11.3123 2.4
      vertex -31.8026 -11.9268 2.1
      vertex -7.78522 -11.236 2.1
    endloop
  endfacet
  facet normal 0.0254602 -0.999652 0.00687465
    outer loop
      vertex -7.75456 -11.3123 2.4
      vertex -31.8488 -11.9259 2.4
      vertex -31.8026 -11.9268 2.1
    endloop
  endfacet
  facet normal 0.968371 -0.247463 -0.0319398
    outer loop
      vertex -1.83804 11.9977 2.4
      vertex -7.78522 -11.236 2.1
      vertex -1.84761 11.9989 2.1
    endloop
  endfacet
  facet normal 0.956859 -0.24287 -0.159487
    outer loop
      vertex -7.75456 -11.3123 2.4
      vertex -7.78522 -11.236 2.1
      vertex -1.83804 11.9977 2.4
    endloop
  endfacet
  facet normal 0.54287 0.83979 0.00671373
    outer loop
      vertex -1.83804 11.9977 2.4
      vertex -21.5821 24.7609 2.4
      vertex -21.5757 24.7544 2.7
    endloop
  endfacet
  facet normal 0.542611 0.839871 -0.0137851
    outer loop
      vertex -1.83804 11.9977 2.4
      vertex -21.5757 24.7544 2.7
      vertex -1.82847 11.9964 2.7
    endloop
  endfacet
  facet normal -0.623529 0.78118 -0.0311397
    outer loop
      vertex -39.9375 10.0863 2.4
      vertex -39.9416 10.095 2.7
      vertex -21.5757 24.7544 2.7
    endloop
  endfacet
  facet normal -0.624159 0.780715 0.0301623
    outer loop
      vertex -21.5821 24.7609 2.4
      vertex -39.9375 10.0863 2.4
      vertex -21.5757 24.7544 2.7
    endloop
  endfacet
  facet normal -0.93925 -0.343221 -0.0028558
    outer loop
      vertex -31.895 -11.925 2.7
      vertex -39.9416 10.095 2.7
      vertex -39.9375 10.0863 2.4
    endloop
  endfacet
  facet normal -0.929105 -0.341412 -0.142131
    outer loop
      vertex -31.895 -11.925 2.7
      vertex -39.9375 10.0863 2.4
      vertex -31.8488 -11.9259 2.4
    endloop
  endfacet
  facet normal 0.024662 -0.968311 -0.248528
    outer loop
      vertex -7.7239 -11.3885 2.7
      vertex -31.8488 -11.9259 2.4
      vertex -7.75456 -11.3123 2.4
    endloop
  endfacet
  facet normal 0.0221922 -0.999733 0.00637459
    outer loop
      vertex -7.7239 -11.3885 2.7
      vertex -31.895 -11.925 2.7
      vertex -31.8488 -11.9259 2.4
    endloop
  endfacet
  facet normal 0.96877 -0.245893 -0.0319468
    outer loop
      vertex -1.82847 11.9964 2.7
      vertex -7.75456 -11.3123 2.4
      vertex -1.83804 11.9977 2.4
    endloop
  endfacet
  facet normal 0.957302 -0.24134 -0.159147
    outer loop
      vertex -7.7239 -11.3885 2.7
      vertex -7.75456 -11.3123 2.4
      vertex -1.82847 11.9964 2.7
    endloop
  endfacet
  facet normal 0.54265 0.839932 0.00672147
    outer loop
      vertex -1.82847 11.9964 2.7
      vertex -21.5757 24.7544 2.7
      vertex -21.5694 24.7479 3
    endloop
  endfacet
  facet normal 0.542391 0.840013 -0.0137801
    outer loop
      vertex -1.82847 11.9964 2.7
      vertex -21.5694 24.7479 3
      vertex -1.81889 11.9952 3
    endloop
  endfacet
  facet normal -0.622916 0.781668 -0.0311534
    outer loop
      vertex -39.9416 10.095 2.7
      vertex -39.9457 10.1037 3
      vertex -21.5694 24.7479 3
    endloop
  endfacet
  facet normal -0.623547 0.781204 0.0301599
    outer loop
      vertex -21.5757 24.7544 2.7
      vertex -39.9416 10.095 2.7
      vertex -21.5694 24.7479 3
    endloop
  endfacet
  facet normal -0.939867 -0.341527 -0.00292525
    outer loop
      vertex -31.9412 -11.9241 3
      vertex -39.9457 10.1037 3
      vertex -39.9416 10.095 2.7
    endloop
  endfacet
  facet normal -0.929705 -0.339733 -0.142236
    outer loop
      vertex -31.9412 -11.9241 3
      vertex -39.9416 10.095 2.7
      vertex -31.895 -11.925 2.7
    endloop
  endfacet
  facet normal 0.0214979 -0.968459 -0.248245
    outer loop
      vertex -7.69324 -11.4647 3
      vertex -31.895 -11.925 2.7
      vertex -7.7239 -11.3885 2.7
    endloop
  endfacet
  facet normal 0.0189442 -0.999803 0.00587134
    outer loop
      vertex -7.69324 -11.4647 3
      vertex -31.9412 -11.9241 3
      vertex -31.895 -11.925 2.7
    endloop
  endfacet
  facet normal 0.969165 -0.244331 -0.031952
    outer loop
      vertex -1.81889 11.9952 3
      vertex -7.7239 -11.3885 2.7
      vertex -1.82847 11.9964 2.7
    endloop
  endfacet
  facet normal 0.957741 -0.239819 -0.158803
    outer loop
      vertex -7.69324 -11.4647 3
      vertex -7.7239 -11.3885 2.7
      vertex -1.81889 11.9952 3
    endloop
  endfacet
  facet normal 0.54243 0.840074 0.00672578
    outer loop
      vertex -1.81889 11.9952 3
      vertex -21.5694 24.7479 3
      vertex -21.563 24.7414 3.3
    endloop
  endfacet
  facet normal 0.542171 0.840155 -0.0137699
    outer loop
      vertex -1.81889 11.9952 3
      vertex -21.563 24.7414 3.3
      vertex -1.80932 11.9939 3.3
    endloop
  endfacet
  facet normal -0.622304 0.782155 -0.0311514
    outer loop
      vertex -39.9457 10.1037 3
      vertex -39.9497 10.1124 3.3
      vertex -21.563 24.7414 3.3
    endloop
  endfacet
  facet normal -0.622935 0.781692 0.0301616
    outer loop
      vertex -21.5694 24.7479 3
      vertex -39.9457 10.1037 3
      vertex -21.563 24.7414 3.3
    endloop
  endfacet
  facet normal -0.940482 -0.339831 -0.00297084
    outer loop
      vertex -31.9874 -11.9232 3.3
      vertex -39.9497 10.1124 3.3
      vertex -39.9457 10.1037 3
    endloop
  endfacet
  facet normal -0.930302 -0.338052 -0.142332
    outer loop
      vertex -31.9874 -11.9232 3.3
      vertex -39.9457 10.1037 3
      vertex -31.9412 -11.9241 3
    endloop
  endfacet
  facet normal 0.0183529 -0.968597 -0.247957
    outer loop
      vertex -7.66259 -11.5409 3.3
      vertex -31.9412 -11.9241 3
      vertex -7.69324 -11.4647 3
    endloop
  endfacet
  facet normal 0.0157161 -0.999862 0.00537736
    outer loop
      vertex -7.66259 -11.5409 3.3
      vertex -31.9874 -11.9232 3.3
      vertex -31.9412 -11.9241 3
    endloop
  endfacet
  facet normal 0.969556 -0.242777 -0.0319588
    outer loop
      vertex -1.80932 11.9939 3.3
      vertex -7.69324 -11.4647 3
      vertex -1.81889 11.9952 3
    endloop
  endfacet
  facet normal 0.958176 -0.238305 -0.158462
    outer loop
      vertex -7.66259 -11.5409 3.3
      vertex -7.69324 -11.4647 3
      vertex -1.80932 11.9939 3.3
    endloop
  endfacet
  facet normal 0.54221 0.840216 0.00674039
    outer loop
      vertex -1.80932 11.9939 3.3
      vertex -21.563 24.7414 3.3
      vertex -21.5567 24.7349 3.6
    endloop
  endfacet
  facet normal 0.541951 0.840297 -0.0137623
    outer loop
      vertex -1.80932 11.9939 3.3
      vertex -21.5567 24.7349 3.6
      vertex -1.79975 11.9926 3.6
    endloop
  endfacet
  facet normal -0.621691 0.782642 -0.0311649
    outer loop
      vertex -39.9497 10.1124 3.3
      vertex -39.9538 10.1211 3.6
      vertex -21.5567 24.7349 3.6
    endloop
  endfacet
  facet normal -0.622323 0.782179 0.0301512
    outer loop
      vertex -21.563 24.7414 3.3
      vertex -39.9497 10.1124 3.3
      vertex -21.5567 24.7349 3.6
    endloop
  endfacet
  facet normal -0.941093 -0.338133 -0.00304034
    outer loop
      vertex -32.0336 -11.9224 3.6
      vertex -39.9538 10.1211 3.6
      vertex -39.9497 10.1124 3.3
    endloop
  endfacet
  facet normal -0.930898 -0.336369 -0.142423
    outer loop
      vertex -32.0336 -11.9224 3.6
      vertex -39.9497 10.1124 3.3
      vertex -31.9874 -11.9232 3.3
    endloop
  endfacet
  facet normal 0.0152266 -0.968725 -0.247669
    outer loop
      vertex -7.63193 -11.6171 3.6
      vertex -31.9874 -11.9232 3.3
      vertex -7.66259 -11.5409 3.3
    endloop
  endfacet
  facet normal 0.0125078 -0.99991 0.00487993
    outer loop
      vertex -7.63193 -11.6171 3.6
      vertex -32.0336 -11.9224 3.6
      vertex -31.9874 -11.9232 3.3
    endloop
  endfacet
  facet normal 0.969941 -0.241231 -0.0319645
    outer loop
      vertex -1.79975 11.9926 3.6
      vertex -7.66259 -11.5409 3.3
      vertex -1.80932 11.9939 3.3
    endloop
  endfacet
  facet normal 0.958605 -0.236798 -0.158126
    outer loop
      vertex -7.63193 -11.6171 3.6
      vertex -7.66259 -11.5409 3.3
      vertex -1.79975 11.9926 3.6
    endloop
  endfacet
  facet normal 0.54199 0.840358 0.00674123
    outer loop
      vertex -1.79975 11.9926 3.6
      vertex -21.5567 24.7349 3.6
      vertex -21.5503 24.7284 3.9
    endloop
  endfacet
  facet normal 0.541731 0.840439 -0.013759
    outer loop
      vertex -1.79975 11.9926 3.6
      vertex -21.5503 24.7284 3.9
      vertex -1.79017 11.9914 3.9
    endloop
  endfacet
  facet normal -0.621078 0.783129 -0.0311628
    outer loop
      vertex -39.9538 10.1211 3.6
      vertex -39.9579 10.1298 3.9
      vertex -21.5503 24.7284 3.9
    endloop
  endfacet
  facet normal -0.62171 0.782667 0.0301567
    outer loop
      vertex -21.5567 24.7349 3.6
      vertex -39.9538 10.1211 3.6
      vertex -21.5503 24.7284 3.9
    endloop
  endfacet
  facet normal -0.941702 -0.336433 -0.00308595
    outer loop
      vertex -32.0799 -11.9215 3.9
      vertex -39.9579 10.1298 3.9
      vertex -39.9538 10.1211 3.6
    endloop
  endfacet
  facet normal -0.931491 -0.334683 -0.142519
    outer loop
      vertex -32.0799 -11.9215 3.9
      vertex -39.9538 10.1211 3.6
      vertex -32.0336 -11.9224 3.6
    endloop
  endfacet
  facet normal 0.0121192 -0.968842 -0.247384
    outer loop
      vertex -7.60127 -11.6933 3.9
      vertex -32.0336 -11.9224 3.6
      vertex -7.63193 -11.6171 3.6
    endloop
  endfacet
  facet normal 0.00931924 -0.999947 0.00439198
    outer loop
      vertex -7.60127 -11.6933 3.9
      vertex -32.0799 -11.9215 3.9
      vertex -32.0336 -11.9224 3.6
    endloop
  endfacet
  facet normal 0.970322 -0.239693 -0.0319725
    outer loop
      vertex -1.79017 11.9914 3.9
      vertex -7.63193 -11.6171 3.6
      vertex -1.79975 11.9926 3.6
    endloop
  endfacet
  facet normal 0.959029 -0.2353 -0.157786
    outer loop
      vertex -7.60127 -11.6933 3.9
      vertex -7.63193 -11.6171 3.6
      vertex -1.79017 11.9914 3.9
    endloop
  endfacet
  facet normal 0.54177 0.840499 0.00675586
    outer loop
      vertex -1.79017 11.9914 3.9
      vertex -21.5503 24.7284 3.9
      vertex -21.5439 24.7219 4.2
    endloop
  endfacet
  facet normal 0.541511 0.840581 -0.013747
    outer loop
      vertex -1.79017 11.9914 3.9
      vertex -21.5439 24.7219 4.2
      vertex -1.7806 11.9901 4.2
    endloop
  endfacet
  facet normal -0.620464 0.783615 -0.0311685
    outer loop
      vertex -39.9579 10.1298 3.9
      vertex -39.962 10.1385 4.2
      vertex -21.5439 24.7219 4.2
    endloop
  endfacet
  facet normal -0.621097 0.783154 0.0301464
    outer loop
      vertex -21.5503 24.7284 3.9
      vertex -39.9579 10.1298 3.9
      vertex -21.5439 24.7219 4.2
    endloop
  endfacet
  facet normal -0.942309 -0.334731 -0.00314356
    outer loop
      vertex -32.1261 -11.9206 4.2
      vertex -39.962 10.1385 4.2
      vertex -39.9579 10.1298 3.9
    endloop
  endfacet
  facet normal -0.932079 -0.332995 -0.142627
    outer loop
      vertex -32.1261 -11.9206 4.2
      vertex -39.9579 10.1298 3.9
      vertex -32.0799 -11.9215 3.9
    endloop
  endfacet
  facet normal 0.00903036 -0.96895 -0.247093
    outer loop
      vertex -7.57061 -11.7696 4.2
      vertex -32.0799 -11.9215 3.9
      vertex -7.60127 -11.6933 3.9
    endloop
  endfacet
  facet normal 0.00615042 -0.999973 0.00390076
    outer loop
      vertex -7.57061 -11.7696 4.2
      vertex -32.1261 -11.9206 4.2
      vertex -32.0799 -11.9215 3.9
    endloop
  endfacet
  facet normal 0.970699 -0.238163 -0.0319758
    outer loop
      vertex -1.7806 11.9901 4.2
      vertex -7.60127 -11.6933 3.9
      vertex -1.79017 11.9914 3.9
    endloop
  endfacet
  facet normal 0.959449 -0.233809 -0.157453
    outer loop
      vertex -7.57061 -11.7696 4.2
      vertex -7.60127 -11.6933 3.9
      vertex -1.7806 11.9901 4.2
    endloop
  endfacet
  facet normal 0.54155 0.840641 0.00675671
    outer loop
      vertex -1.7806 11.9901 4.2
      vertex -21.5439 24.7219 4.2
      vertex -21.5376 24.7154 4.5
    endloop
  endfacet
  facet normal 0.541291 0.840723 -0.0137421
    outer loop
      vertex -1.7806 11.9901 4.2
      vertex -21.5376 24.7154 4.5
      vertex -1.77103 11.9889 4.5
    endloop
  endfacet
  facet normal -0.61985 0.784101 -0.0311821
    outer loop
      vertex -39.962 10.1385 4.2
      vertex -39.9661 10.1472 4.5
      vertex -21.5376 24.7154 4.5
    endloop
  endfacet
  facet normal -0.620484 0.78364 0.0301518
    outer loop
      vertex -21.5439 24.7219 4.2
      vertex -39.962 10.1385 4.2
      vertex -21.5376 24.7154 4.5
    endloop
  endfacet
  facet normal -0.942912 -0.333027 -0.00321316
    outer loop
      vertex -32.1723 -11.9197 4.5
      vertex -39.9661 10.1472 4.5
      vertex -39.962 10.1385 4.2
    endloop
  endfacet
  facet normal -0.932668 -0.331306 -0.14271
    outer loop
      vertex -32.1723 -11.9197 4.5
      vertex -39.962 10.1385 4.2
      vertex -32.1261 -11.9206 4.2
    endloop
  endfacet
  facet normal 0.00596021 -0.969047 -0.246804
    outer loop
      vertex -7.53995 -11.8458 4.5
      vertex -32.1261 -11.9206 4.2
      vertex -7.57061 -11.7696 4.2
    endloop
  endfacet
  facet normal 0.00300114 -0.99999 0.00341872
    outer loop
      vertex -7.53995 -11.8458 4.5
      vertex -32.1723 -11.9197 4.5
      vertex -32.1261 -11.9206 4.2
    endloop
  endfacet
  facet normal 0.971071 -0.236641 -0.0319805
    outer loop
      vertex -1.77103 11.9889 4.5
      vertex -7.57061 -11.7696 4.2
      vertex -1.7806 11.9901 4.2
    endloop
  endfacet
  facet normal 0.959864 -0.232325 -0.157115
    outer loop
      vertex -7.53995 -11.8458 4.5
      vertex -7.57061 -11.7696 4.2
      vertex -1.77103 11.9889 4.5
    endloop
  endfacet
  facet normal 0.54133 0.840783 0.00676791
    outer loop
      vertex -1.77103 11.9889 4.5
      vertex -21.5376 24.7154 4.5
      vertex -21.5312 24.7089 4.8
    endloop
  endfacet
  facet normal 0.541071 0.840864 -0.0137318
    outer loop
      vertex -1.77103 11.9889 4.5
      vertex -21.5312 24.7089 4.8
      vertex -1.76145 11.9876 4.8
    endloop
  endfacet
  facet normal -0.619235 0.784586 -0.0311879
    outer loop
      vertex -39.9661 10.1472 4.5
      vertex -39.9702 10.1559 4.8
      vertex -21.5312 24.7089 4.8
    endloop
  endfacet
  facet normal -0.619869 0.784126 0.0301455
    outer loop
      vertex -21.5376 24.7154 4.5
      vertex -39.9661 10.1472 4.5
      vertex -21.5312 24.7089 4.8
    endloop
  endfacet
  facet normal -0.943513 -0.33132 -0.00327082
    outer loop
      vertex -32.2185 -11.9188 4.8
      vertex -39.9702 10.1559 4.8
      vertex -39.9661 10.1472 4.5
    endloop
  endfacet
  facet normal -0.933252 -0.329615 -0.142807
    outer loop
      vertex -32.2185 -11.9188 4.8
      vertex -39.9661 10.1472 4.5
      vertex -32.1723 -11.9197 4.5
    endloop
  endfacet
  facet normal 0.00290854 -0.969134 -0.246518
    outer loop
      vertex -7.50929 -11.922 4.8
      vertex -32.1723 -11.9197 4.5
      vertex -7.53995 -11.8458 4.5
    endloop
  endfacet
  facet normal -0.000128639 -0.999996 0.00293339
    outer loop
      vertex -7.50929 -11.922 4.8
      vertex -32.2185 -11.9188 4.8
      vertex -32.1723 -11.9197 4.5
    endloop
  endfacet
  facet normal 0.971438 -0.235126 -0.0319867
    outer loop
      vertex -1.76145 11.9876 4.8
      vertex -7.53995 -11.8458 4.5
      vertex -1.77103 11.9889 4.5
    endloop
  endfacet
  facet normal 0.960275 -0.230849 -0.156783
    outer loop
      vertex -7.50929 -11.922 4.8
      vertex -7.53995 -11.8458 4.5
      vertex -1.76145 11.9876 4.8
    endloop
  endfacet
  facet normal 0.54111 0.840924 0.00677563
    outer loop
      vertex -1.76145 11.9876 4.8
      vertex -21.5312 24.7089 4.8
      vertex -21.5249 24.7024 5.1
    endloop
  endfacet
  facet normal 0.540851 0.841006 -0.0137269
    outer loop
      vertex -1.76145 11.9876 4.8
      vertex -21.5249 24.7024 5.1
      vertex -1.75188 11.9863 5.1
    endloop
  endfacet
  facet normal -0.61862 0.785071 -0.0311856
    outer loop
      vertex -39.9702 10.1559 4.8
      vertex -39.9743 10.1646 5.1
      vertex -21.5249 24.7024 5.1
    endloop
  endfacet
  facet normal -0.619255 0.784611 0.0301429
    outer loop
      vertex -21.5312 24.7089 4.8
      vertex -39.9702 10.1559 4.8
      vertex -21.5249 24.7024 5.1
    endloop
  endfacet
  facet normal -0.944111 -0.329612 -0.00331648
    outer loop
      vertex -32.2647 -11.9179 5.1
      vertex -39.9743 10.1646 5.1
      vertex -39.9702 10.1559 4.8
    endloop
  endfacet
  facet normal -0.933835 -0.327922 -0.1429
    outer loop
      vertex -32.2647 -11.9179 5.1
      vertex -39.9702 10.1559 4.8
      vertex -32.2185 -11.9188 4.8
    endloop
  endfacet
  facet normal -0.00012468 -0.969213 -0.246224
    outer loop
      vertex -7.47864 -11.9982 5.1
      vertex -32.2185 -11.9188 4.8
      vertex -7.50929 -11.922 4.8
    endloop
  endfacet
  facet normal -0.00323901 -0.999992 0.00245735
    outer loop
      vertex -7.47864 -11.9982 5.1
      vertex -32.2647 -11.9179 5.1
      vertex -32.2185 -11.9188 4.8
    endloop
  endfacet
  facet normal 0.971802 -0.23362 -0.0319912
    outer loop
      vertex -1.75188 11.9863 5.1
      vertex -7.50929 -11.922 4.8
      vertex -1.76145 11.9876 4.8
    endloop
  endfacet
  facet normal 0.960681 -0.22938 -0.156453
    outer loop
      vertex -7.47864 -11.9982 5.1
      vertex -7.50929 -11.922 4.8
      vertex -1.75188 11.9863 5.1
    endloop
  endfacet
  facet normal 0.54089 0.841066 0.00678336
    outer loop
      vertex -1.75188 11.9863 5.1
      vertex -21.5249 24.7024 5.1
      vertex -21.5185 24.6959 5.4
    endloop
  endfacet
  facet normal 0.540631 0.841148 -0.0137166
    outer loop
      vertex -1.75188 11.9863 5.1
      vertex -21.5185 24.6959 5.4
      vertex -1.74231 11.9851 5.4
    endloop
  endfacet
  facet normal -0.618004 0.785556 -0.0311912
    outer loop
      vertex -39.9743 10.1646 5.1
      vertex -39.9784 10.1733 5.4
      vertex -21.5185 24.6959 5.4
    endloop
  endfacet
  facet normal -0.61864 0.785096 0.0301404
    outer loop
      vertex -21.5249 24.7024 5.1
      vertex -39.9743 10.1646 5.1
      vertex -21.5185 24.6959 5.4
    endloop
  endfacet
  facet normal -0.944706 -0.327902 -0.00337416
    outer loop
      vertex -32.311 -11.917 5.4
      vertex -39.9784 10.1733 5.4
      vertex -39.9743 10.1646 5.1
    endloop
  endfacet
  facet normal -0.934414 -0.326227 -0.142995
    outer loop
      vertex -32.311 -11.917 5.4
      vertex -39.9743 10.1646 5.1
      vertex -32.2647 -11.9179 5.1
    endloop
  endfacet
  facet normal -0.00313954 -0.969282 -0.245934
    outer loop
      vertex -7.44798 -12.0744 5.4
      vertex -32.2647 -11.9179 5.1
      vertex -7.47864 -11.9982 5.1
    endloop
  endfacet
  facet normal -0.00633002 -0.999978 0.00197792
    outer loop
      vertex -7.44798 -12.0744 5.4
      vertex -32.311 -11.917 5.4
      vertex -32.2647 -11.9179 5.1
    endloop
  endfacet
  facet normal 0.97216 -0.232121 -0.0319971
    outer loop
      vertex -1.74231 11.9851 5.4
      vertex -7.47864 -11.9982 5.1
      vertex -1.75188 11.9863 5.1
    endloop
  endfacet
  facet normal 0.961082 -0.227919 -0.15612
    outer loop
      vertex -7.44798 -12.0744 5.4
      vertex -7.47864 -11.9982 5.1
      vertex -1.74231 11.9851 5.4
    endloop
  endfacet
  facet normal 0.54067 0.841208 0.0067911
    outer loop
      vertex -1.74231 11.9851 5.4
      vertex -21.5185 24.6959 5.4
      vertex -21.5122 24.6894 5.7
    endloop
  endfacet
  facet normal 0.540411 0.841289 -0.0137133
    outer loop
      vertex -1.74231 11.9851 5.4
      vertex -21.5122 24.6894 5.7
      vertex -1.73273 11.9838 5.7
    endloop
  endfacet
  facet normal -0.617388 0.786039 -0.0312047
    outer loop
      vertex -39.9784 10.1733 5.4
      vertex -39.9825 10.182 5.7
      vertex -21.5122 24.6894 5.7
    endloop
  endfacet
  facet normal -0.618024 0.785581 0.0301379
    outer loop
      vertex -21.5185 24.6959 5.4
      vertex -39.9784 10.1733 5.4
      vertex -21.5122 24.6894 5.7
    endloop
  endfacet
  facet normal -0.945298 -0.326189 -0.00344388
    outer loop
      vertex -32.3572 -11.9162 5.7
      vertex -39.9825 10.182 5.7
      vertex -39.9784 10.1733 5.4
    endloop
  endfacet
  facet normal -0.93499 -0.324529 -0.143088
    outer loop
      vertex -32.3572 -11.9162 5.7
      vertex -39.9784 10.1733 5.4
      vertex -32.311 -11.917 5.4
    endloop
  endfacet
  facet normal -0.00613609 -0.969341 -0.245642
    outer loop
      vertex -7.41732 -12.1506 5.7
      vertex -32.311 -11.917 5.4
      vertex -7.44798 -12.0744 5.4
    endloop
  endfacet
  facet normal -0.00940184 -0.999955 0.00150778
    outer loop
      vertex -7.41732 -12.1506 5.7
      vertex -32.3572 -11.9162 5.7
      vertex -32.311 -11.917 5.4
    endloop
  endfacet
  facet normal 0.972515 -0.23063 -0.0320045
    outer loop
      vertex -1.73273 11.9838 5.7
      vertex -7.44798 -12.0744 5.4
      vertex -1.74231 11.9851 5.4
    endloop
  endfacet
  facet normal 0.961479 -0.226465 -0.155791
    outer loop
      vertex -7.41732 -12.1506 5.7
      vertex -7.44798 -12.0744 5.4
      vertex -1.73273 11.9838 5.7
    endloop
  endfacet
  facet normal 0.540449 0.841349 0.00679883
    outer loop
      vertex -1.73273 11.9838 5.7
      vertex -21.5122 24.6894 5.7
      vertex -21.5058 24.6828 6
    endloop
  endfacet
  facet normal 0.540191 0.841431 -0.0137013
    outer loop
      vertex -1.73273 11.9838 5.7
      vertex -21.5058 24.6828 6
      vertex -1.72316 11.9826 6
    endloop
  endfacet
  facet normal -0.616772 0.786523 -0.0312
    outer loop
      vertex -39.9825 10.182 5.7
      vertex -39.9866 10.1907 6
      vertex -21.5058 24.6828 6
    endloop
  endfacet
  facet normal -0.617409 0.786065 0.0301353
    outer loop
      vertex -21.5122 24.6894 5.7
      vertex -39.9825 10.182 5.7
      vertex -21.5058 24.6828 6
    endloop
  endfacet
  facet normal -0.945888 -0.324475 -0.00349063
    outer loop
      vertex -32.4034 -11.9153 6
      vertex -39.9866 10.1907 6
      vertex -39.9825 10.182 5.7
    endloop
  endfacet
  facet normal -0.935562 -0.32283 -0.143193
    outer loop
      vertex -32.4034 -11.9153 6
      vertex -39.9825 10.182 5.7
      vertex -32.3572 -11.9162 5.7
    endloop
  endfacet
  facet normal -0.00911447 -0.969391 -0.245354
    outer loop
      vertex -7.38666 -12.2269 6
      vertex -32.3572 -11.9162 5.7
      vertex -7.41732 -12.1506 5.7
    endloop
  endfacet
  facet normal -0.0124546 -0.999922 0.00103721
    outer loop
      vertex -7.38666 -12.2269 6
      vertex -32.4034 -11.9153 6
      vertex -32.3572 -11.9162 5.7
    endloop
  endfacet
  facet normal 0.972865 -0.229147 -0.0320071
    outer loop
      vertex -1.72316 11.9826 6
      vertex -7.41732 -12.1506 5.7
      vertex -1.73273 11.9838 5.7
    endloop
  endfacet
  facet normal 0.961871 -0.225018 -0.155468
    outer loop
      vertex -7.38666 -12.2269 6
      vertex -7.41732 -12.1506 5.7
      vertex -1.72316 11.9826 6
    endloop
  endfacet
  facet normal 0.540229 0.84149 0.00680659
    outer loop
      vertex -1.72316 11.9826 6
      vertex -21.5058 24.6828 6
      vertex -21.4994 24.6763 6.3
    endloop
  endfacet
  facet normal 0.539971 0.841572 -0.0136964
    outer loop
      vertex -1.72316 11.9826 6
      vertex -21.4994 24.6763 6.3
      vertex -1.71359 11.9813 6.3
    endloop
  endfacet
  facet normal -0.616155 0.787006 -0.031216
    outer loop
      vertex -39.9866 10.1907 6
      vertex -39.9907 10.1994 6.3
      vertex -21.4994 24.6763 6.3
    endloop
  endfacet
  facet normal -0.616792 0.786549 0.0301328
    outer loop
      vertex -21.5058 24.6828 6
      vertex -39.9866 10.1907 6
      vertex -21.4994 24.6763 6.3
    endloop
  endfacet
  facet normal -0.946475 -0.322758 -0.00355938
    outer loop
      vertex -32.4496 -11.9144 6.3
      vertex -39.9907 10.1994 6.3
      vertex -39.9866 10.1907 6
    endloop
  endfacet
  facet normal -0.936135 -0.321129 -0.143276
    outer loop
      vertex -32.4496 -11.9144 6.3
      vertex -39.9866 10.1907 6
      vertex -32.4034 -11.9153 6
    endloop
  endfacet
  facet normal -0.0120748 -0.969433 -0.24506
    outer loop
      vertex -7.356 -12.3031 6.3
      vertex -32.4034 -11.9153 6
      vertex -7.38666 -12.2269 6
    endloop
  endfacet
  facet normal -0.0154881 -0.99988 0.000566709
    outer loop
      vertex -7.356 -12.3031 6.3
      vertex -32.4496 -11.9144 6.3
      vertex -32.4034 -11.9153 6
    endloop
  endfacet
  facet normal 0.973212 -0.227671 -0.0320113
    outer loop
      vertex -1.71359 11.9813 6.3
      vertex -7.38666 -12.2269 6
      vertex -1.72316 11.9826 6
    endloop
  endfacet
  facet normal 0.96226 -0.223579 -0.155138
    outer loop
      vertex -7.356 -12.3031 6.3
      vertex -7.38666 -12.2269 6
      vertex -1.71359 11.9813 6.3
    endloop
  endfacet
  facet normal 0.540009 0.841632 0.00681087
    outer loop
      vertex -1.71359 11.9813 6.3
      vertex -21.4994 24.6763 6.3
      vertex -21.4931 24.6698 6.6
    endloop
  endfacet
  facet normal 0.539751 0.841714 -0.0136861
    outer loop
      vertex -1.71359 11.9813 6.3
      vertex -21.4931 24.6698 6.6
      vertex -1.70401 11.98 6.6
    endloop
  endfacet
  facet normal -0.615538 0.787489 -0.0312136
    outer loop
      vertex -39.9907 10.1994 6.3
      vertex -39.9948 10.2081 6.6
      vertex -21.4931 24.6698 6.6
    endloop
  endfacet
  facet normal -0.616175 0.787032 0.0301341
    outer loop
      vertex -21.4994 24.6763 6.3
      vertex -39.9907 10.1994 6.3
      vertex -21.4931 24.6698 6.6
    endloop
  endfacet
  facet normal -0.947059 -0.32104 -0.0036051
    outer loop
      vertex -32.4958 -11.9135 6.6
      vertex -39.9948 10.2081 6.6
      vertex -39.9907 10.1994 6.3
    endloop
  endfacet
  facet normal -0.936703 -0.319426 -0.143367
    outer loop
      vertex -32.4958 -11.9135 6.6
      vertex -39.9907 10.1994 6.3
      vertex -32.4496 -11.9144 6.3
    endloop
  endfacet
  facet normal -0.015017 -0.969466 -0.244767
    outer loop
      vertex -7.32535 -12.3793 6.6
      vertex -32.4496 -11.9144 6.3
      vertex -7.356 -12.3031 6.3
    endloop
  endfacet
  facet normal -0.0185028 -0.999829 0.000105285
    outer loop
      vertex -7.32535 -12.3793 6.6
      vertex -32.4958 -11.9135 6.6
      vertex -32.4496 -11.9144 6.3
    endloop
  endfacet
  facet normal 0.973554 -0.226203 -0.0320167
    outer loop
      vertex -1.70401 11.98 6.6
      vertex -7.356 -12.3031 6.3
      vertex -1.71359 11.9813 6.3
    endloop
  endfacet
  facet normal 0.962644 -0.222146 -0.154813
    outer loop
      vertex -7.32535 -12.3793 6.6
      vertex -7.356 -12.3031 6.3
      vertex -1.70401 11.98 6.6
    endloop
  endfacet
  facet normal 0.539789 0.841773 0.00682546
    outer loop
      vertex -1.70401 11.98 6.6
      vertex -21.4931 24.6698 6.6
      vertex -21.4867 24.6633 6.9
    endloop
  endfacet
  facet normal 0.53953 0.841855 -0.0136785
    outer loop
      vertex -1.70401 11.98 6.6
      vertex -21.4867 24.6633 6.9
      vertex -1.69444 11.9788 6.9
    endloop
  endfacet
  facet normal -0.61492 0.787971 -0.0312192
    outer loop
      vertex -39.9948 10.2081 6.6
      vertex -39.9988 10.2168 6.9
      vertex -21.4867 24.6633 6.9
    endloop
  endfacet
  facet normal -0.615558 0.787515 0.0301236
    outer loop
      vertex -21.4931 24.6698 6.6
      vertex -39.9948 10.2081 6.6
      vertex -21.4867 24.6633 6.9
    endloop
  endfacet
  facet normal -0.94764 -0.319319 -0.00366289
    outer loop
      vertex -32.5421 -11.9126 6.9
      vertex -39.9988 10.2168 6.9
      vertex -39.9948 10.2081 6.6
    endloop
  endfacet
  facet normal -0.937267 -0.317721 -0.143472
    outer loop
      vertex -32.5421 -11.9126 6.9
      vertex -39.9948 10.2081 6.6
      vertex -32.4958 -11.9135 6.6
    endloop
  endfacet
  facet normal -0.0179414 -0.969489 -0.244477
    outer loop
      vertex -7.29469 -12.4555 6.9
      vertex -32.4958 -11.9135 6.6
      vertex -7.32535 -12.3793 6.6
    endloop
  endfacet
  facet normal -0.0214986 -0.999769 -0.000359886
    outer loop
      vertex -7.29469 -12.4555 6.9
      vertex -32.5421 -11.9126 6.9
      vertex -32.4958 -11.9135 6.6
    endloop
  endfacet
  facet normal 0.973892 -0.224742 -0.0320213
    outer loop
      vertex -1.69444 11.9788 6.9
      vertex -7.32535 -12.3793 6.6
      vertex -1.70401 11.98 6.6
    endloop
  endfacet
  facet normal 0.963023 -0.220721 -0.154494
    outer loop
      vertex -7.29469 -12.4555 6.9
      vertex -7.32535 -12.3793 6.6
      vertex -1.69444 11.9788 6.9
    endloop
  endfacet
  facet normal 0.539568 0.841914 0.00682634
    outer loop
      vertex -1.69444 11.9788 6.9
      vertex -21.4867 24.6633 6.9
      vertex -21.4804 24.6568 7.2
    endloop
  endfacet
  facet normal 0.53931 0.841996 -0.0136735
    outer loop
      vertex -1.69444 11.9788 6.9
      vertex -21.4804 24.6568 7.2
      vertex -1.68487 11.9775 7.2
    endloop
  endfacet
  facet normal -0.614302 0.788453 -0.0312325
    outer loop
      vertex -39.9988 10.2168 6.9
      vertex -40.0029 10.2255 7.2
      vertex -21.4804 24.6568 7.2
    endloop
  endfacet
  facet normal -0.614941 0.787998 0.0301288
    outer loop
      vertex -21.4867 24.6633 6.9
      vertex -39.9988 10.2168 6.9
      vertex -21.4804 24.6568 7.2
    endloop
  endfacet
  facet normal -0.948218 -0.317597 -0.00373275
    outer loop
      vertex -32.5883 -11.9117 7.2
      vertex -40.0029 10.2255 7.2
      vertex -39.9988 10.2168 6.9
    endloop
  endfacet
  facet normal -0.937832 -0.316014 -0.143551
    outer loop
      vertex -32.5883 -11.9117 7.2
      vertex -39.9988 10.2168 6.9
      vertex -32.5421 -11.9126 6.9
    endloop
  endfacet
  facet normal -0.0208479 -0.969506 -0.244181
    outer loop
      vertex -7.26403 -12.5317 7.2
      vertex -32.5421 -11.9126 6.9
      vertex -7.29469 -12.4555 6.9
    endloop
  endfacet
  facet normal -0.0244757 -0.9997 -0.000815289
    outer loop
      vertex -7.26403 -12.5317 7.2
      vertex -32.5883 -11.9117 7.2
      vertex -32.5421 -11.9126 6.9
    endloop
  endfacet
  facet normal 0.974226 -0.223289 -0.0320251
    outer loop
      vertex -1.68487 11.9775 7.2
      vertex -7.29469 -12.4555 6.9
      vertex -1.69444 11.9788 6.9
    endloop
  endfacet
  facet normal 0.963399 -0.219303 -0.154168
    outer loop
      vertex -7.26403 -12.5317 7.2
      vertex -7.29469 -12.4555 6.9
      vertex -1.68487 11.9775 7.2
    endloop
  endfacet
  facet normal 0.539348 0.842055 0.00684093
    outer loop
      vertex -1.68487 11.9775 7.2
      vertex -21.4804 24.6568 7.2
      vertex -21.474 24.6503 7.5
    endloop
  endfacet
  facet normal 0.53909 0.842138 -0.0136632
    outer loop
      vertex -1.68487 11.9775 7.2
      vertex -21.474 24.6503 7.5
      vertex -1.6753 11.9763 7.5
    endloop
  endfacet
  facet normal -0.613683 0.788934 -0.031238
    outer loop
      vertex -40.0029 10.2255 7.2
      vertex -40.007 10.2342 7.5
      vertex -21.474 24.6503 7.5
    endloop
  endfacet
  facet normal -0.614323 0.78848 0.0301184
    outer loop
      vertex -21.4804 24.6568 7.2
      vertex -40.0029 10.2255 7.2
      vertex -21.474 24.6503 7.5
    endloop
  endfacet
  facet normal -0.948794 -0.315873 -0.00379057
    outer loop
      vertex -32.6345 -11.9108 7.5
      vertex -40.007 10.2342 7.5
      vertex -40.0029 10.2255 7.2
    endloop
  endfacet
  facet normal -0.938392 -0.314306 -0.143643
    outer loop
      vertex -32.6345 -11.9108 7.5
      vertex -40.0029 10.2255 7.2
      vertex -32.5883 -11.9117 7.2
    endloop
  endfacet
  facet normal -0.0237366 -0.969513 -0.243887
    outer loop
      vertex -7.23337 -12.608 7.5
      vertex -32.5883 -11.9117 7.2
      vertex -7.26403 -12.5317 7.2
    endloop
  endfacet
  facet normal -0.027434 -0.999623 -0.00127446
    outer loop
      vertex -7.23337 -12.608 7.5
      vertex -32.6345 -11.9108 7.5
      vertex -32.5883 -11.9117 7.2
    endloop
  endfacet
  facet normal 0.974556 -0.221843 -0.0320303
    outer loop
      vertex -1.6753 11.9763 7.5
      vertex -7.26403 -12.5317 7.2
      vertex -1.68487 11.9775 7.2
    endloop
  endfacet
  facet normal 0.96377 -0.217892 -0.153851
    outer loop
      vertex -7.23337 -12.608 7.5
      vertex -7.26403 -12.5317 7.2
      vertex -1.6753 11.9763 7.5
    endloop
  endfacet
  facet normal 0.539127 0.842196 0.00684183
    outer loop
      vertex -1.6753 11.9763 7.5
      vertex -21.474 24.6503 7.5
      vertex -21.4677 24.6438 7.8
    endloop
  endfacet
  facet normal 0.538869 0.842279 -0.01366
    outer loop
      vertex -1.6753 11.9763 7.5
      vertex -21.4677 24.6438 7.8
      vertex -1.66572 11.975 7.8
    endloop
  endfacet
  facet normal -0.613064 0.789415 -0.0312358
    outer loop
      vertex -40.007 10.2342 7.5
      vertex -40.0111 10.2429 7.8
      vertex -21.4677 24.6438 7.8
    endloop
  endfacet
  facet normal -0.613704 0.788961 0.0301236
    outer loop
      vertex -21.474 24.6503 7.5
      vertex -40.007 10.2342 7.5
      vertex -21.4677 24.6438 7.8
    endloop
  endfacet
  facet normal -0.949367 -0.314147 -0.00383635
    outer loop
      vertex -32.6807 -11.91 7.8
      vertex -40.0111 10.2429 7.8
      vertex -40.007 10.2342 7.5
    endloop
  endfacet
  facet normal -0.938949 -0.312595 -0.143733
    outer loop
      vertex -32.6807 -11.91 7.8
      vertex -40.007 10.2342 7.5
      vertex -32.6345 -11.9108 7.5
    endloop
  endfacet
  facet normal -0.0266076 -0.969511 -0.243598
    outer loop
      vertex -7.20271 -12.6842 7.8
      vertex -32.6345 -11.9108 7.5
      vertex -7.23337 -12.608 7.5
    endloop
  endfacet
  facet normal -0.0303738 -0.999537 -0.00172446
    outer loop
      vertex -7.20271 -12.6842 7.8
      vertex -32.6807 -11.91 7.8
      vertex -32.6345 -11.9108 7.5
    endloop
  endfacet
  facet normal 0.974882 -0.220404 -0.0320372
    outer loop
      vertex -1.66572 11.975 7.8
      vertex -7.23337 -12.608 7.5
      vertex -1.6753 11.9763 7.5
    endloop
  endfacet
  facet normal 0.964138 -0.216488 -0.15353
    outer loop
      vertex -7.20271 -12.6842 7.8
      vertex -7.23337 -12.608 7.5
      vertex -1.66572 11.975 7.8
    endloop
  endfacet
  facet normal 0.538907 0.842337 0.00685297
    outer loop
      vertex -1.66572 11.975 7.8
      vertex -21.4677 24.6438 7.8
      vertex -21.4613 24.6373 8.1
    endloop
  endfacet
  facet normal 0.538649 0.84242 -0.013648
    outer loop
      vertex -1.66572 11.975 7.8
      vertex -21.4613 24.6373 8.1
      vertex -1.65615 11.9737 8.1
    endloop
  endfacet
  facet normal -0.612445 0.789896 -0.0312412
    outer loop
      vertex -40.0111 10.2429 7.8
      vertex -40.0152 10.2515 8.1
      vertex -21.4613 24.6373 8.1
    endloop
  endfacet
  facet normal -0.613085 0.789443 0.030117
    outer loop
      vertex -21.4677 24.6438 7.8
      vertex -40.0111 10.2429 7.8
      vertex -21.4613 24.6373 8.1
    endloop
  endfacet
  facet normal -0.949937 -0.312419 -0.00389419
    outer loop
      vertex -32.7269 -11.9091 8.1
      vertex -40.0152 10.2515 8.1
      vertex -40.0111 10.2429 7.8
    endloop
  endfacet
  facet normal -0.939503 -0.310883 -0.143824
    outer loop
      vertex -32.7269 -11.9091 8.1
      vertex -40.0111 10.2429 7.8
      vertex -32.6807 -11.91 7.8
    endloop
  endfacet
  facet normal -0.0294612 -0.969504 -0.2433
    outer loop
      vertex -7.17206 -12.7604 8.1
      vertex -32.6807 -11.91 7.8
      vertex -7.20271 -12.6842 7.8
    endloop
  endfacet
  facet normal -0.0332951 -0.999443 -0.00217797
    outer loop
      vertex -7.17206 -12.7604 8.1
      vertex -32.7269 -11.9091 8.1
      vertex -32.6807 -11.91 7.8
    endloop
  endfacet
  facet normal 0.975205 -0.218973 -0.0320389
    outer loop
      vertex -1.65615 11.9737 8.1
      vertex -7.20271 -12.6842 7.8
      vertex -1.66572 11.975 7.8
    endloop
  endfacet
  facet normal 0.964501 -0.215091 -0.153211
    outer loop
      vertex -7.17206 -12.7604 8.1
      vertex -7.20271 -12.6842 7.8
      vertex -1.65615 11.9737 8.1
    endloop
  endfacet
  facet normal 0.538686 0.842478 0.0068607
    outer loop
      vertex -1.65615 11.9737 8.1
      vertex -21.4613 24.6373 8.1
      vertex -21.4549 24.6308 8.4
    endloop
  endfacet
  facet normal 0.538428 0.842561 -0.013643
    outer loop
      vertex -1.65615 11.9737 8.1
      vertex -21.4549 24.6308 8.4
      vertex -1.64658 11.9725 8.4
    endloop
  endfacet
  facet normal -0.611825 0.790376 -0.0312545
    outer loop
      vertex -40.0152 10.2515 8.1
      vertex -40.0193 10.2602 8.4
      vertex -21.4549 24.6308 8.4
    endloop
  endfacet
  facet normal -0.612466 0.789923 0.0301143
    outer loop
      vertex -21.4613 24.6373 8.1
      vertex -40.0152 10.2515 8.1
      vertex -21.4549 24.6308 8.4
    endloop
  endfacet
  facet normal -0.950503 -0.310689 -0.00396414
    outer loop
      vertex -32.7732 -11.9082 8.4
      vertex -40.0193 10.2602 8.4
      vertex -40.0152 10.2515 8.1
    endloop
  endfacet
  facet normal -0.940055 -0.309169 -0.143914
    outer loop
      vertex -32.7732 -11.9082 8.4
      vertex -40.0152 10.2515 8.1
      vertex -32.7269 -11.9091 8.1
    endloop
  endfacet
  facet normal -0.0322972 -0.969487 -0.243006
    outer loop
      vertex -7.1414 -12.8366 8.4
      vertex -32.7269 -11.9091 8.1
      vertex -7.17206 -12.7604 8.1
    endloop
  endfacet
  facet normal -0.036198 -0.999341 -0.00262233
    outer loop
      vertex -7.1414 -12.8366 8.4
      vertex -32.7732 -11.9082 8.4
      vertex -32.7269 -11.9091 8.1
    endloop
  endfacet
  facet normal 0.975523 -0.217549 -0.0320424
    outer loop
      vertex -1.64658 11.9725 8.4
      vertex -7.17206 -12.7604 8.1
      vertex -1.65615 11.9737 8.1
    endloop
  endfacet
  facet normal 0.96486 -0.213701 -0.152897
    outer loop
      vertex -7.1414 -12.8366 8.4
      vertex -7.17206 -12.7604 8.1
      vertex -1.64658 11.9725 8.4
    endloop
  endfacet
  facet normal 0.538466 0.842619 0.00686843
    outer loop
      vertex -1.64658 11.9725 8.4
      vertex -21.4549 24.6308 8.4
      vertex -21.4486 24.6243 8.7
    endloop
  endfacet
  facet normal 0.538208 0.842702 -0.0136327
    outer loop
      vertex -1.64658 11.9725 8.4
      vertex -21.4486 24.6243 8.7
      vertex -1.637 11.9712 8.7
    endloop
  endfacet
  facet normal -0.611204 0.790856 -0.0312521
    outer loop
      vertex -40.0193 10.2602 8.4
      vertex -40.0234 10.2689 8.7
      vertex -21.4486 24.6243 8.7
    endloop
  endfacet
  facet normal -0.611846 0.790404 0.0301115
    outer loop
      vertex -21.4549 24.6308 8.4
      vertex -40.0193 10.2602 8.4
      vertex -21.4486 24.6243 8.7
    endloop
  endfacet
  facet normal -0.951068 -0.308957 -0.00400994
    outer loop
      vertex -32.8194 -11.9073 8.7
      vertex -40.0234 10.2689 8.7
      vertex -40.0193 10.2602 8.4
    endloop
  endfacet
  facet normal -0.940602 -0.307452 -0.144016
    outer loop
      vertex -32.8194 -11.9073 8.7
      vertex -40.0193 10.2602 8.4
      vertex -32.7732 -11.9082 8.4
    endloop
  endfacet
  facet normal -0.0351158 -0.969463 -0.242712
    outer loop
      vertex -7.11074 -12.9128 8.7
      vertex -32.7732 -11.9082 8.4
      vertex -7.1414 -12.8366 8.4
    endloop
  endfacet
  facet normal -0.0390827 -0.999231 -0.00307074
    outer loop
      vertex -7.11074 -12.9128 8.7
      vertex -32.8194 -11.9073 8.7
      vertex -32.7732 -11.9082 8.4
    endloop
  endfacet
  facet normal 0.975838 -0.216133 -0.0320472
    outer loop
      vertex -1.637 11.9712 8.7
      vertex -7.1414 -12.8366 8.4
      vertex -1.64658 11.9725 8.4
    endloop
  endfacet
  facet normal 0.965215 -0.212318 -0.152579
    outer loop
      vertex -7.11074 -12.9128 8.7
      vertex -7.1414 -12.8366 8.4
      vertex -1.637 11.9712 8.7
    endloop
  endfacet
  facet normal 0.538245 0.84276 0.00687616
    outer loop
      vertex -1.637 11.9712 8.7
      vertex -21.4486 24.6243 8.7
      vertex -21.4422 24.6178 9
    endloop
  endfacet
  facet normal 0.537987 0.842843 -0.0136277
    outer loop
      vertex -1.637 11.9712 8.7
      vertex -21.4422 24.6178 9
      vertex -1.62743 11.97 9
    endloop
  endfacet
  facet normal -0.610583 0.791335 -0.0312653
    outer loop
      vertex -40.0234 10.2689 8.7
      vertex -40.0275 10.2776 9
      vertex -21.4422 24.6178 9
    endloop
  endfacet
  facet normal -0.611226 0.790883 0.0301088
    outer loop
      vertex -21.4486 24.6243 8.7
      vertex -40.0234 10.2689 8.7
      vertex -21.4422 24.6178 9
    endloop
  endfacet
  facet normal -0.951629 -0.307223 -0.00407994
    outer loop
      vertex -32.8656 -11.9064 9
      vertex -40.0275 10.2776 9
      vertex -40.0234 10.2689 8.7
    endloop
  endfacet
  facet normal -0.94115 -0.305735 -0.144092
    outer loop
      vertex -32.8656 -11.9064 9
      vertex -40.0234 10.2689 8.7
      vertex -32.8194 -11.9073 8.7
    endloop
  endfacet
  facet normal -0.037917 -0.96943 -0.24242
    outer loop
      vertex -7.08008 -12.989 9
      vertex -32.8194 -11.9073 8.7
      vertex -7.11074 -12.9128 8.7
    endloop
  endfacet
  facet normal -0.0419492 -0.999114 -0.00350904
    outer loop
      vertex -7.08008 -12.989 9
      vertex -32.8656 -11.9064 9
      vertex -32.8194 -11.9073 8.7
    endloop
  endfacet
  facet normal 0.976149 -0.214723 -0.0320505
    outer loop
      vertex -1.62743 11.97 9
      vertex -7.11074 -12.9128 8.7
      vertex -1.637 11.9712 8.7
    endloop
  endfacet
  facet normal 0.965566 -0.210942 -0.152266
    outer loop
      vertex -7.08008 -12.989 9
      vertex -7.11074 -12.9128 8.7
      vertex -1.62743 11.97 9
    endloop
  endfacet
  facet normal 0.538024 0.842901 0.00688391
    outer loop
      vertex -1.62743 11.97 9
      vertex -21.4422 24.6178 9
      vertex -21.4359 24.6113 9.3
    endloop
  endfacet
  facet normal 0.537767 0.842984 -0.0136175
    outer loop
      vertex -1.62743 11.97 9
      vertex -21.4359 24.6113 9.3
      vertex -1.61786 11.9687 9.3
    endloop
  endfacet
  facet normal -0.609962 0.791814 -0.0312605
    outer loop
      vertex -40.0275 10.2776 9
      vertex -40.0316 10.2863 9.3
      vertex -21.4359 24.6113 9.3
    endloop
  endfacet
  facet normal -0.610605 0.791363 0.0301062
    outer loop
      vertex -21.4422 24.6178 9
      vertex -40.0275 10.2776 9
      vertex -21.4359 24.6113 9.3
    endloop
  endfacet
  facet normal -0.952187 -0.305488 -0.00412673
    outer loop
      vertex -32.9118 -11.9055 9.3
      vertex -40.0316 10.2863 9.3
      vertex -40.0275 10.2776 9
    endloop
  endfacet
  facet normal -0.941693 -0.304015 -0.144183
    outer loop
      vertex -32.9118 -11.9055 9.3
      vertex -40.0275 10.2776 9
      vertex -32.8656 -11.9064 9
    endloop
  endfacet
  facet normal -0.0407012 -0.969391 -0.242124
    outer loop
      vertex -7.04942 -13.0653 9.3
      vertex -32.8656 -11.9064 9
      vertex -7.08008 -12.989 9
    endloop
  endfacet
  facet normal -0.0447975 -0.998988 -0.00395142
    outer loop
      vertex -7.04942 -13.0653 9.3
      vertex -32.9118 -11.9055 9.3
      vertex -32.8656 -11.9064 9
    endloop
  endfacet
  facet normal 0.976456 -0.213321 -0.0320552
    outer loop
      vertex -1.61786 11.9687 9.3
      vertex -7.08008 -12.989 9
      vertex -1.62743 11.97 9
    endloop
  endfacet
  facet normal 0.965913 -0.209572 -0.151956
    outer loop
      vertex -7.04942 -13.0653 9.3
      vertex -7.08008 -12.989 9
      vertex -1.61786 11.9687 9.3
    endloop
  endfacet
  facet normal 0.537804 0.843042 0.00689162
    outer loop
      vertex -1.61786 11.9687 9.3
      vertex -21.4359 24.6113 9.3
      vertex -21.4295 24.6047 9.6
    endloop
  endfacet
  facet normal 0.537546 0.843125 -0.0136125
    outer loop
      vertex -1.61786 11.9687 9.3
      vertex -21.4295 24.6047 9.6
      vertex -1.60828 11.9674 9.6
    endloop
  endfacet
  facet normal -0.609341 0.792292 -0.0312683
    outer loop
      vertex -40.0316 10.2863 9.3
      vertex -40.0357 10.295 9.6
      vertex -21.4295 24.6047 9.6
    endloop
  endfacet
  facet normal -0.609984 0.791842 0.0301033
    outer loop
      vertex -21.4359 24.6113 9.3
      vertex -40.0316 10.2863 9.3
      vertex -21.4295 24.6047 9.6
    endloop
  endfacet
  facet normal -0.952743 -0.30375 -0.00418368
    outer loop
      vertex -32.958 -11.9046 9.6
      vertex -40.0357 10.295 9.6
      vertex -40.0316 10.2863 9.3
    endloop
  endfacet
  facet normal -0.942232 -0.302294 -0.144281
    outer loop
      vertex -32.958 -11.9046 9.6
      vertex -40.0316 10.2863 9.3
      vertex -32.9118 -11.9055 9.3
    endloop
  endfacet
  facet normal -0.0434682 -0.969345 -0.241828
    outer loop
      vertex -7.01876 -13.1415 9.6
      vertex -32.9118 -11.9055 9.3
      vertex -7.04942 -13.0653 9.3
    endloop
  endfacet
  facet normal -0.0476279 -0.998856 -0.00438529
    outer loop
      vertex -7.01876 -13.1415 9.6
      vertex -32.958 -11.9046 9.6
      vertex -32.9118 -11.9055 9.3
    endloop
  endfacet
  facet normal 0.97676 -0.211925 -0.0320583
    outer loop
      vertex -1.60828 11.9674 9.6
      vertex -7.04942 -13.0653 9.3
      vertex -1.61786 11.9687 9.3
    endloop
  endfacet
  facet normal 0.966258 -0.20821 -0.151642
    outer loop
      vertex -7.01876 -13.1415 9.6
      vertex -7.04942 -13.0653 9.3
      vertex -1.60828 11.9674 9.6
    endloop
  endfacet
  facet normal 0.537583 0.843183 0.00689593
    outer loop
      vertex -1.60828 11.9674 9.6
      vertex -21.4295 24.6047 9.6
      vertex -21.4232 24.5982 9.9
    endloop
  endfacet
  facet normal 0.537325 0.843265 -0.0136039
    outer loop
      vertex -1.60828 11.9674 9.6
      vertex -21.4232 24.5982 9.9
      vertex -1.59871 11.9662 9.9
    endloop
  endfacet
  facet normal -0.608718 0.792769 -0.0312814
    outer loop
      vertex -40.0357 10.295 9.6
      vertex -40.0398 10.3037 9.9
      vertex -21.4232 24.5982 9.9
    endloop
  endfacet
  facet normal -0.609363 0.79232 0.0301044
    outer loop
      vertex -21.4295 24.6047 9.6
      vertex -40.0357 10.295 9.6
      vertex -21.4232 24.5982 9.9
    endloop
  endfacet
  facet normal -0.953295 -0.302011 -0.00425373
    outer loop
      vertex -33.0043 -11.9037 9.9
      vertex -40.0398 10.3037 9.9
      vertex -40.0357 10.295 9.6
    endloop
  endfacet
  facet normal -0.942771 -0.300571 -0.144357
    outer loop
      vertex -33.0043 -11.9037 9.9
      vertex -40.0357 10.295 9.6
      vertex -32.958 -11.9046 9.6
    endloop
  endfacet
  facet normal -0.0462182 -0.96929 -0.241536
    outer loop
      vertex -6.98811 -13.2177 9.9
      vertex -32.958 -11.9046 9.6
      vertex -7.01876 -13.1415 9.6
    endloop
  endfacet
  facet normal -0.0504404 -0.998715 -0.00481841
    outer loop
      vertex -6.98811 -13.2177 9.9
      vertex -33.0043 -11.9037 9.9
      vertex -32.958 -11.9046 9.6
    endloop
  endfacet
  facet normal 0.97706 -0.210537 -0.0320658
    outer loop
      vertex -1.59871 11.9662 9.9
      vertex -7.01876 -13.1415 9.6
      vertex -1.60828 11.9674 9.6
    endloop
  endfacet
  facet normal 0.966597 -0.206853 -0.151336
    outer loop
      vertex -6.98811 -13.2177 9.9
      vertex -7.01876 -13.1415 9.6
      vertex -1.59871 11.9662 9.9
    endloop
  endfacet
  facet normal 0.537362 0.843323 0.0069105
    outer loop
      vertex -1.59871 11.9662 9.9
      vertex -21.4232 24.5982 9.9
      vertex -21.4168 24.5917 10.2
    endloop
  endfacet
  facet normal 0.537105 0.843406 -0.0135945
    outer loop
      vertex -1.59871 11.9662 9.9
      vertex -21.4168 24.5917 10.2
      vertex -1.58914 11.9649 10.2
    endloop
  endfacet
  facet normal -0.608096 0.793247 -0.0312868
    outer loop
      vertex -40.0398 10.3037 9.9
      vertex -40.0438 10.3124 10.2
      vertex -21.4168 24.5917 10.2
    endloop
  endfacet
  facet normal -0.608741 0.792798 0.0300938
    outer loop
      vertex -21.4232 24.5982 9.9
      vertex -40.0398 10.3037 9.9
      vertex -21.4168 24.5917 10.2
    endloop
  endfacet
  facet normal -0.953844 -0.30027 -0.00431168
    outer loop
      vertex -33.0505 -11.9029 10.2
      vertex -40.0438 10.3124 10.2
      vertex -40.0398 10.3037 9.9
    endloop
  endfacet
  facet normal -0.943306 -0.298846 -0.144446
    outer loop
      vertex -33.0505 -11.9029 10.2
      vertex -40.0398 10.3037 9.9
      vertex -33.0043 -11.9037 9.9
    endloop
  endfacet
  facet normal -0.0489513 -0.96923 -0.241239
    outer loop
      vertex -6.95745 -13.2939 10.2
      vertex -33.0043 -11.9037 9.9
      vertex -6.98811 -13.2177 9.9
    endloop
  endfacet
  facet normal -0.0532351 -0.998568 -0.00525257
    outer loop
      vertex -6.95745 -13.2939 10.2
      vertex -33.0505 -11.9029 10.2
      vertex -33.0043 -11.9037 9.9
    endloop
  endfacet
  facet normal 0.977356 -0.209156 -0.0320663
    outer loop
      vertex -1.58914 11.9649 10.2
      vertex -6.98811 -13.2177 9.9
      vertex -1.59871 11.9662 9.9
    endloop
  endfacet
  facet normal 0.966933 -0.205504 -0.151023
    outer loop
      vertex -6.95745 -13.2939 10.2
      vertex -6.98811 -13.2177 9.9
      vertex -1.58914 11.9649 10.2
    endloop
  endfacet
  facet normal 0.537141 0.843464 0.00691139
    outer loop
      vertex -1.58914 11.9649 10.2
      vertex -21.4168 24.5917 10.2
      vertex -21.4104 24.5852 10.5
    endloop
  endfacet
  facet normal 0.536884 0.843547 -0.0135896
    outer loop
      vertex -1.58914 11.9649 10.2
      vertex -21.4104 24.5852 10.5
      vertex -1.57956 11.9637 10.5
    endloop
  endfacet
  facet normal -0.607473 0.793724 -0.0312844
    outer loop
      vertex -40.0438 10.3124 10.2
      vertex -40.0479 10.3211 10.5
      vertex -21.4104 24.5852 10.5
    endloop
  endfacet
  facet normal -0.608118 0.793276 0.0300987
    outer loop
      vertex -21.4168 24.5917 10.2
      vertex -40.0438 10.3124 10.2
      vertex -21.4104 24.5852 10.5
    endloop
  endfacet
  facet normal -0.954391 -0.298527 -0.00435751
    outer loop
      vertex -33.0967 -11.902 10.5
      vertex -40.0479 10.3211 10.5
      vertex -40.0438 10.3124 10.2
    endloop
  endfacet
  facet normal -0.943838 -0.29712 -0.144532
    outer loop
      vertex -33.0967 -11.902 10.5
      vertex -40.0438 10.3124 10.2
      vertex -33.0505 -11.9029 10.2
    endloop
  endfacet
  facet normal -0.0516675 -0.969163 -0.240944
    outer loop
      vertex -6.92679 -13.3701 10.5
      vertex -33.0505 -11.9029 10.2
      vertex -6.95745 -13.2939 10.2
    endloop
  endfacet
  facet normal -0.0560122 -0.998414 -0.00567769
    outer loop
      vertex -6.92679 -13.3701 10.5
      vertex -33.0967 -11.902 10.5
      vertex -33.0505 -11.9029 10.2
    endloop
  endfacet
  facet normal 0.977649 -0.207782 -0.0320693
    outer loop
      vertex -1.57956 11.9637 10.5
      vertex -6.95745 -13.2939 10.2
      vertex -1.58914 11.9649 10.2
    endloop
  endfacet
  facet normal 0.967266 -0.204162 -0.150716
    outer loop
      vertex -6.92679 -13.3701 10.5
      vertex -6.95745 -13.2939 10.2
      vertex -1.57956 11.9637 10.5
    endloop
  endfacet
  facet normal 0.536921 0.843604 0.00693134
    outer loop
      vertex -1.57956 11.9637 10.5
      vertex -21.4104 24.5852 10.5
      vertex -21.4041 24.5787 10.8
    endloop
  endfacet
  facet normal 0.536663 0.843687 -0.0135793
    outer loop
      vertex -1.57956 11.9637 10.5
      vertex -21.4041 24.5787 10.8
      vertex -1.56999 11.9624 10.8
    endloop
  endfacet
  facet normal -0.60685 0.7942 -0.0312898
    outer loop
      vertex -40.0479 10.3211 10.5
      vertex -40.052 10.3298 10.8
      vertex -21.4041 24.5787 10.8
    endloop
  endfacet
  facet normal -0.607495 0.793753 0.0300933
    outer loop
      vertex -21.4104 24.5852 10.5
      vertex -40.0479 10.3211 10.5
      vertex -21.4041 24.5787 10.8
    endloop
  endfacet
  facet normal -0.954935 -0.296783 -0.0044155
    outer loop
      vertex -33.1429 -11.9011 10.8
      vertex -40.052 10.3298 10.8
      vertex -40.0479 10.3211 10.5
    endloop
  endfacet
  facet normal -0.944367 -0.295392 -0.14462
    outer loop
      vertex -33.1429 -11.9011 10.8
      vertex -40.0479 10.3211 10.5
      vertex -33.0967 -11.902 10.5
    endloop
  endfacet
  facet normal -0.0543669 -0.969087 -0.240653
    outer loop
      vertex -6.89613 -13.4464 10.8
      vertex -33.0967 -11.902 10.5
      vertex -6.92679 -13.3701 10.5
    endloop
  endfacet
  facet normal -0.0587717 -0.998253 -0.0061065
    outer loop
      vertex -6.89613 -13.4464 10.8
      vertex -33.1429 -11.9011 10.8
      vertex -33.0967 -11.902 10.5
    endloop
  endfacet
  facet normal 0.977939 -0.206414 -0.0320735
    outer loop
      vertex -1.56999 11.9624 10.8
      vertex -6.92679 -13.3701 10.5
      vertex -1.57956 11.9637 10.5
    endloop
  endfacet
  facet normal 0.967594 -0.202825 -0.150415
    outer loop
      vertex -6.89613 -13.4464 10.8
      vertex -6.92679 -13.3701 10.5
      vertex -1.56999 11.9624 10.8
    endloop
  endfacet
  facet normal 0.5367 0.843745 0.00692686
    outer loop
      vertex -1.56999 11.9624 10.8
      vertex -21.4041 24.5787 10.8
      vertex -21.3977 24.5722 11.1
    endloop
  endfacet
  facet normal 0.536442 0.843828 -0.0135743
    outer loop
      vertex -1.56999 11.9624 10.8
      vertex -21.3977 24.5722 11.1
      vertex -1.56042 11.9611 11.1
    endloop
  endfacet
  facet normal -0.606226 0.794676 -0.0313027
    outer loop
      vertex -40.052 10.3298 10.8
      vertex -40.0561 10.3385 11.1
      vertex -21.3977 24.5722 11.1
    endloop
  endfacet
  facet normal -0.606872 0.79423 0.030093
    outer loop
      vertex -21.4041 24.5787 10.8
      vertex -40.052 10.3298 10.8
      vertex -21.3977 24.5722 11.1
    endloop
  endfacet
  facet normal -0.955475 -0.295037 -0.00448561
    outer loop
      vertex -33.1891 -11.9002 11.1
      vertex -40.0561 10.3385 11.1
      vertex -40.052 10.3298 10.8
    endloop
  endfacet
  facet normal -0.944893 -0.293662 -0.144705
    outer loop
      vertex -33.1891 -11.9002 11.1
      vertex -40.052 10.3298 10.8
      vertex -33.1429 -11.9011 10.8
    endloop
  endfacet
  facet normal -0.0570498 -0.969007 -0.240355
    outer loop
      vertex -6.86547 -13.5226 11.1
      vertex -33.1429 -11.9011 10.8
      vertex -6.89613 -13.4464 10.8
    endloop
  endfacet
  facet normal -0.0615136 -0.998085 -0.00652624
    outer loop
      vertex -6.86547 -13.5226 11.1
      vertex -33.1891 -11.9002 11.1
      vertex -33.1429 -11.9011 10.8
    endloop
  endfacet
  facet normal 0.978225 -0.205054 -0.0320762
    outer loop
      vertex -1.56042 11.9611 11.1
      vertex -6.89613 -13.4464 10.8
      vertex -1.56999 11.9624 10.8
    endloop
  endfacet
  facet normal 0.967919 -0.201496 -0.150106
    outer loop
      vertex -6.86547 -13.5226 11.1
      vertex -6.89613 -13.4464 10.8
      vertex -1.56042 11.9611 11.1
    endloop
  endfacet
  facet normal 0.536479 0.843885 0.00693799
    outer loop
      vertex -1.56042 11.9611 11.1
      vertex -21.3977 24.5722 11.1
      vertex -21.3914 24.5657 11.4
    endloop
  endfacet
  facet normal 0.536221 0.843968 -0.013564
    outer loop
      vertex -1.56042 11.9611 11.1
      vertex -21.3914 24.5657 11.4
      vertex -1.55085 11.9599 11.4
    endloop
  endfacet
  facet normal -0.605602 0.795152 -0.0313003
    outer loop
      vertex -40.0561 10.3385 11.1
      vertex -40.0602 10.3472 11.4
      vertex -21.3914 24.5657 11.4
    endloop
  endfacet
  facet normal -0.606248 0.794706 0.0300863
    outer loop
      vertex -21.3977 24.5722 11.1
      vertex -40.0561 10.3385 11.1
      vertex -21.3914 24.5657 11.4
    endloop
  endfacet
  facet normal -0.956013 -0.293288 -0.00453146
    outer loop
      vertex -33.2354 -11.8993 11.4
      vertex -40.0602 10.3472 11.4
      vertex -40.0561 10.3385 11.1
    endloop
  endfacet
  facet normal -0.945415 -0.29193 -0.144803
    outer loop
      vertex -33.2354 -11.8993 11.4
      vertex -40.0561 10.3385 11.1
      vertex -33.1891 -11.9002 11.1
    endloop
  endfacet
  facet normal -0.0597161 -0.96892 -0.24006
    outer loop
      vertex -6.83482 -13.5988 11.4
      vertex -33.1891 -11.9002 11.1
      vertex -6.86547 -13.5226 11.1
    endloop
  endfacet
  facet normal -0.0642382 -0.99791 -0.0069505
    outer loop
      vertex -6.83482 -13.5988 11.4
      vertex -33.2354 -11.8993 11.4
      vertex -33.1891 -11.9002 11.1
    endloop
  endfacet
  facet normal 0.978508 -0.2037 -0.0320802
    outer loop
      vertex -1.55085 11.9599 11.4
      vertex -6.86547 -13.5226 11.1
      vertex -1.56042 11.9611 11.1
    endloop
  endfacet
  facet normal 0.968241 -0.200173 -0.149803
    outer loop
      vertex -6.83482 -13.5988 11.4
      vertex -6.86547 -13.5226 11.1
      vertex -1.55085 11.9599 11.4
    endloop
  endfacet
  facet normal 0.536258 0.844026 0.00694572
    outer loop
      vertex -1.55085 11.9599 11.4
      vertex -21.3914 24.5657 11.4
      vertex -21.385 24.5592 11.7
    endloop
  endfacet
  facet normal 0.536 0.844109 -0.013559
    outer loop
      vertex -1.55085 11.9599 11.4
      vertex -21.385 24.5592 11.7
      vertex -1.54127 11.9586 11.7
    endloop
  endfacet
  facet normal -0.604977 0.795627 -0.0313132
    outer loop
      vertex -40.0602 10.3472 11.4
      vertex -40.0643 10.3559 11.7
      vertex -21.385 24.5592 11.7
    endloop
  endfacet
  facet normal -0.605624 0.795182 0.0300834
    outer loop
      vertex -21.3914 24.5657 11.4
      vertex -40.0602 10.3472 11.4
      vertex -21.385 24.5592 11.7
    endloop
  endfacet
  facet normal -0.956548 -0.291539 -0.00460161
    outer loop
      vertex -33.2816 -11.8984 11.7
      vertex -40.0643 10.3559 11.7
      vertex -40.0602 10.3472 11.4
    endloop
  endfacet
  facet normal -0.945937 -0.290197 -0.144876
    outer loop
      vertex -33.2816 -11.8984 11.7
      vertex -40.0602 10.3472 11.4
      vertex -33.2354 -11.8993 11.4
    endloop
  endfacet
  facet normal -0.0623659 -0.968825 -0.239768
    outer loop
      vertex -6.80416 -13.675 11.7
      vertex -33.2354 -11.8993 11.4
      vertex -6.83482 -13.5988 11.4
    endloop
  endfacet
  facet normal -0.0669456 -0.997729 -0.00736415
    outer loop
      vertex -6.80416 -13.675 11.7
      vertex -33.2816 -11.8984 11.7
      vertex -33.2354 -11.8993 11.4
    endloop
  endfacet
  facet normal 0.978787 -0.202353 -0.0320828
    outer loop
      vertex -1.54127 11.9586 11.7
      vertex -6.83482 -13.5988 11.4
      vertex -1.55085 11.9599 11.4
    endloop
  endfacet
  facet normal 0.968558 -0.198856 -0.149504
    outer loop
      vertex -6.80416 -13.675 11.7
      vertex -6.83482 -13.5988 11.4
      vertex -1.54127 11.9586 11.7
    endloop
  endfacet
  facet normal 0.536037 0.844166 0.00695345
    outer loop
      vertex -1.54127 11.9586 11.7
      vertex -21.385 24.5592 11.7
      vertex -21.3787 24.5527 12
    endloop
  endfacet
  facet normal 0.53578 0.844249 -0.0135504
    outer loop
      vertex -1.54127 11.9586 11.7
      vertex -21.3787 24.5527 12
      vertex -1.5317 11.9574 12
    endloop
  endfacet
  facet normal -0.604352 0.796102 -0.0313108
    outer loop
      vertex -40.0643 10.3559 11.7
      vertex -40.0684 10.3646 12
      vertex -21.3787 24.5527 12
    endloop
  endfacet
  facet normal -0.605 0.795657 0.0300804
    outer loop
      vertex -21.385 24.5592 11.7
      vertex -40.0643 10.3559 11.7
      vertex -21.3787 24.5527 12
    endloop
  endfacet
  facet normal -0.95708 -0.289787 -0.00464746
    outer loop
      vertex -33.3278 -11.8975 12
      vertex -40.0684 10.3646 12
      vertex -40.0643 10.3559 11.7
    endloop
  endfacet
  facet normal -0.946454 -0.288462 -0.144962
    outer loop
      vertex -33.3278 -11.8975 12
      vertex -40.0643 10.3559 11.7
      vertex -33.2816 -11.8984 11.7
    endloop
  endfacet
  facet normal -0.0649995 -0.968725 -0.239471
    outer loop
      vertex -6.7735 -13.7512 12
      vertex -33.2816 -11.8984 11.7
      vertex -6.80416 -13.675 11.7
    endloop
  endfacet
  facet normal -0.0696357 -0.997542 -0.00778233
    outer loop
      vertex -6.7735 -13.7512 12
      vertex -33.3278 -11.8975 12
      vertex -33.2816 -11.8984 11.7
    endloop
  endfacet
  facet normal 0.979063 -0.201013 -0.0320897
    outer loop
      vertex -1.5317 11.9574 12
      vertex -6.80416 -13.675 11.7
      vertex -1.54127 11.9586 11.7
    endloop
  endfacet
  facet normal 0.968873 -0.197546 -0.1492
    outer loop
      vertex -6.7735 -13.7512 12
      vertex -6.80416 -13.675 11.7
      vertex -1.5317 11.9574 12
    endloop
  endfacet
  facet normal 0.535816 0.844306 0.0069612
    outer loop
      vertex -1.5317 11.9574 12
      vertex -21.3787 24.5527 12
      vertex -21.3723 24.5462 12.3
    endloop
  endfacet
  facet normal 0.535559 0.844389 -0.0135438
    outer loop
      vertex -1.5317 11.9574 12
      vertex -21.3723 24.5462 12.3
      vertex -1.52213 11.9561 12.3
    endloop
  endfacet
  facet normal -0.603727 0.796576 -0.0313161
    outer loop
      vertex -40.0684 10.3646 12
      vertex -40.0725 10.3733 12.3
      vertex -21.3723 24.5462 12.3
    endloop
  endfacet
  facet normal -0.604375 0.796132 0.0300776
    outer loop
      vertex -21.3787 24.5527 12
      vertex -40.0684 10.3646 12
      vertex -21.3723 24.5462 12.3
    endloop
  endfacet
  facet normal -0.957609 -0.288034 -0.0047055
    outer loop
      vertex -33.374 -11.8967 12.3
      vertex -40.0725 10.3733 12.3
      vertex -40.0684 10.3646 12
    endloop
  endfacet
  facet normal -0.946967 -0.286726 -0.145057
    outer loop
      vertex -33.374 -11.8967 12.3
      vertex -40.0684 10.3646 12
      vertex -33.3278 -11.8975 12
    endloop
  endfacet
  facet normal -0.0676167 -0.968619 -0.239177
    outer loop
      vertex -6.74284 -13.8274 12.3
      vertex -33.3278 -11.8975 12
      vertex -6.7735 -13.7512 12
    endloop
  endfacet
  facet normal -0.0723088 -0.997349 -0.0081925
    outer loop
      vertex -6.74284 -13.8274 12.3
      vertex -33.374 -11.8967 12.3
      vertex -33.3278 -11.8975 12
    endloop
  endfacet
  facet normal 0.979336 -0.19968 -0.0320891
    outer loop
      vertex -1.52213 11.9561 12.3
      vertex -6.7735 -13.7512 12
      vertex -1.5317 11.9574 12
    endloop
  endfacet
  facet normal 0.969183 -0.196243 -0.148904
    outer loop
      vertex -6.74284 -13.8274 12.3
      vertex -6.7735 -13.7512 12
      vertex -1.52213 11.9561 12.3
    endloop
  endfacet
  facet normal 0.535595 0.844446 0.0069689
    outer loop
      vertex -1.52213 11.9561 12.3
      vertex -21.3723 24.5462 12.3
      vertex -21.3659 24.5397 12.6
    endloop
  endfacet
  facet normal 0.535338 0.84453 -0.0135334
    outer loop
      vertex -1.52213 11.9561 12.3
      vertex -21.3659 24.5397 12.6
      vertex -1.51255 11.9548 12.6
    endloop
  endfacet
  facet normal -0.603101 0.79705 -0.0313263
    outer loop
      vertex -40.0725 10.3733 12.3
      vertex -40.0766 10.382 12.6
      vertex -21.3659 24.5397 12.6
    endloop
  endfacet
  facet normal -0.60375 0.796606 0.0300745
    outer loop
      vertex -21.3723 24.5462 12.3
      vertex -40.0725 10.3733 12.3
      vertex -21.3659 24.5397 12.6
    endloop
  endfacet
  facet normal -0.958134 -0.28628 -0.0047766
    outer loop
      vertex -33.4202 -11.8958 12.6
      vertex -40.0766 10.382 12.6
      vertex -40.0725 10.3733 12.3
    endloop
  endfacet
  facet normal -0.94748 -0.284988 -0.14513
    outer loop
      vertex -33.4202 -11.8958 12.6
      vertex -40.0725 10.3733 12.3
      vertex -33.374 -11.8967 12.3
    endloop
  endfacet
  facet normal -0.0702178 -0.968507 -0.238882
    outer loop
      vertex -6.71218 -13.9037 12.6
      vertex -33.374 -11.8967 12.3
      vertex -6.74284 -13.8274 12.3
    endloop
  endfacet
  facet normal -0.0749649 -0.997149 -0.00860452
    outer loop
      vertex -6.71218 -13.9037 12.6
      vertex -33.4202 -11.8958 12.6
      vertex -33.374 -11.8967 12.3
    endloop
  endfacet
  facet normal 0.979605 -0.198353 -0.0320927
    outer loop
      vertex -1.51255 11.9548 12.6
      vertex -6.74284 -13.8274 12.3
      vertex -1.52213 11.9561 12.3
    endloop
  endfacet
  facet normal 0.969491 -0.194945 -0.148602
    outer loop
      vertex -6.71218 -13.9037 12.6
      vertex -6.74284 -13.8274 12.3
      vertex -1.51255 11.9548 12.6
    endloop
  endfacet
  facet normal 0.535374 0.844587 0.00697663
    outer loop
      vertex -1.51255 11.9548 12.6
      vertex -21.3659 24.5397 12.6
      vertex -21.3596 24.5332 12.9
    endloop
  endfacet
  facet normal 0.535116 0.84467 -0.0135285
    outer loop
      vertex -1.51255 11.9548 12.6
      vertex -21.3596 24.5332 12.9
      vertex -1.50298 11.9536 12.9
    endloop
  endfacet
  facet normal -0.602474 0.797523 -0.031334
    outer loop
      vertex -40.0766 10.382 12.6
      vertex -40.0807 10.3907 12.9
      vertex -21.3596 24.5332 12.9
    endloop
  endfacet
  facet normal -0.603124 0.79708 0.0300716
    outer loop
      vertex -21.3659 24.5397 12.6
      vertex -40.0766 10.382 12.6
      vertex -21.3596 24.5332 12.9
    endloop
  endfacet
  facet normal -0.958657 -0.284523 -0.00483372
    outer loop
      vertex -33.4665 -11.8949 12.9
      vertex -40.0807 10.3907 12.9
      vertex -40.0766 10.382 12.6
    endloop
  endfacet
  facet normal -0.947989 -0.283248 -0.145213
    outer loop
      vertex -33.4665 -11.8949 12.9
      vertex -40.0766 10.382 12.6
      vertex -33.4202 -11.8958 12.6
    endloop
  endfacet
  facet normal -0.0728027 -0.968388 -0.23859
    outer loop
      vertex -6.68153 -13.9799 12.9
      vertex -33.4202 -11.8958 12.6
      vertex -6.71218 -13.9037 12.6
    endloop
  endfacet
  facet normal -0.0776043 -0.996944 -0.00900858
    outer loop
      vertex -6.68153 -13.9799 12.9
      vertex -33.4665 -11.8949 12.9
      vertex -33.4202 -11.8958 12.6
    endloop
  endfacet
  facet normal 0.979871 -0.197033 -0.032095
    outer loop
      vertex -1.50298 11.9536 12.9
      vertex -6.71218 -13.9037 12.6
      vertex -1.51255 11.9548 12.6
    endloop
  endfacet
  facet normal 0.969795 -0.193655 -0.148306
    outer loop
      vertex -6.68153 -13.9799 12.9
      vertex -6.71218 -13.9037 12.6
      vertex -1.50298 11.9536 12.9
    endloop
  endfacet
  facet normal 0.535152 0.844727 0.00698095
    outer loop
      vertex -1.50298 11.9536 12.9
      vertex -21.3596 24.5332 12.9
      vertex -21.3532 24.5267 13.2
    endloop
  endfacet
  facet normal 0.534895 0.84481 -0.0135181
    outer loop
      vertex -1.50298 11.9536 12.9
      vertex -21.3532 24.5267 13.2
      vertex -1.49341 11.9523 13.2
    endloop
  endfacet
  facet normal -0.601848 0.797996 -0.0313315
    outer loop
      vertex -40.0807 10.3907 12.9
      vertex -40.0848 10.3994 13.2
      vertex -21.3532 24.5267 13.2
    endloop
  endfacet
  facet normal -0.602498 0.797554 0.0300724
    outer loop
      vertex -21.3596 24.5332 12.9
      vertex -40.0807 10.3907 12.9
      vertex -21.3532 24.5267 13.2
    endloop
  endfacet
  facet normal -0.959177 -0.282765 -0.00487957
    outer loop
      vertex -33.5127 -11.894 13.2
      vertex -40.0848 10.3994 13.2
      vertex -40.0807 10.3907 12.9
    endloop
  endfacet
  facet normal -0.948495 -0.281507 -0.145296
    outer loop
      vertex -33.5127 -11.894 13.2
      vertex -40.0807 10.3907 12.9
      vertex -33.4665 -11.8949 12.9
    endloop
  endfacet
  facet normal -0.0753718 -0.968264 -0.238293
    outer loop
      vertex -6.65087 -14.0561 13.2
      vertex -33.4665 -11.8949 12.9
      vertex -6.68153 -13.9799 12.9
    endloop
  endfacet
  facet normal -0.0802268 -0.996732 -0.0094164
    outer loop
      vertex -6.65087 -14.0561 13.2
      vertex -33.5127 -11.894 13.2
      vertex -33.4665 -11.8949 12.9
    endloop
  endfacet
  facet normal 0.980135 -0.195719 -0.0320985
    outer loop
      vertex -1.49341 11.9523 13.2
      vertex -6.68153 -13.9799 12.9
      vertex -1.50298 11.9536 12.9
    endloop
  endfacet
  facet normal 0.970096 -0.19237 -0.148013
    outer loop
      vertex -6.65087 -14.0561 13.2
      vertex -6.68153 -13.9799 12.9
      vertex -1.49341 11.9523 13.2
    endloop
  endfacet
  facet normal 0.534931 0.844867 0.00699548
    outer loop
      vertex -1.49341 11.9523 13.2
      vertex -21.3532 24.5267 13.2
      vertex -21.3469 24.5201 13.5
    endloop
  endfacet
  facet normal 0.534674 0.84495 -0.0135105
    outer loop
      vertex -1.49341 11.9523 13.2
      vertex -21.3469 24.5201 13.5
      vertex -1.48383 11.9511 13.5
    endloop
  endfacet
  facet normal -0.601221 0.798468 -0.0313367
    outer loop
      vertex -40.0848 10.3994 13.2
      vertex -40.0888 10.408 13.5
      vertex -21.3469 24.5201 13.5
    endloop
  endfacet
  facet normal -0.601871 0.798027 0.0300617
    outer loop
      vertex -21.3532 24.5267 13.2
      vertex -40.0848 10.3994 13.2
      vertex -21.3469 24.5201 13.5
    endloop
  endfacet
  facet normal -0.959693 -0.281005 -0.00493761
    outer loop
      vertex -33.5589 -11.8931 13.5
      vertex -40.0888 10.408 13.5
      vertex -40.0848 10.3994 13.2
    endloop
  endfacet
  facet normal -0.948998 -0.279764 -0.145378
    outer loop
      vertex -33.5589 -11.8931 13.5
      vertex -40.0848 10.3994 13.2
      vertex -33.5127 -11.894 13.2
    endloop
  endfacet
  facet normal -0.0779249 -0.968134 -0.238
    outer loop
      vertex -6.62021 -14.1323 13.5
      vertex -33.5127 -11.894 13.2
      vertex -6.65087 -14.0561 13.2
    endloop
  endfacet
  facet normal -0.0828326 -0.996515 -0.00981534
    outer loop
      vertex -6.62021 -14.1323 13.5
      vertex -33.5589 -11.8931 13.5
      vertex -33.5127 -11.894 13.2
    endloop
  endfacet
  facet normal 0.980395 -0.194412 -0.0321013
    outer loop
      vertex -1.48383 11.9511 13.5
      vertex -6.65087 -14.0561 13.2
      vertex -1.49341 11.9523 13.2
    endloop
  endfacet
  facet normal 0.970394 -0.191091 -0.147715
    outer loop
      vertex -6.62021 -14.1323 13.5
      vertex -6.65087 -14.0561 13.2
      vertex -1.48383 11.9511 13.5
    endloop
  endfacet
  facet normal 0.53471 0.845007 0.00699643
    outer loop
      vertex -1.48383 11.9511 13.5
      vertex -21.3469 24.5201 13.5
      vertex -21.3405 24.5136 13.8
    endloop
  endfacet
  facet normal 0.534453 0.84509 -0.0135056
    outer loop
      vertex -1.48383 11.9511 13.5
      vertex -21.3405 24.5136 13.8
      vertex -1.47426 11.9498 13.8
    endloop
  endfacet
  facet normal -0.600593 0.79894 -0.0313495
    outer loop
      vertex -40.0888 10.408 13.5
      vertex -40.0929 10.4167 13.8
      vertex -21.3405 24.5136 13.8
    endloop
  endfacet
  facet normal -0.601244 0.7985 0.0300664
    outer loop
      vertex -21.3469 24.5201 13.5
      vertex -40.0888 10.408 13.5
      vertex -21.3405 24.5136 13.8
    endloop
  endfacet
  facet normal -0.960207 -0.279244 -0.00500788
    outer loop
      vertex -33.6051 -11.8922 13.8
      vertex -40.0929 10.4167 13.8
      vertex -40.0888 10.408 13.5
    endloop
  endfacet
  facet normal -0.949498 -0.27802 -0.145461
    outer loop
      vertex -33.6051 -11.8922 13.8
      vertex -40.0888 10.408 13.5
      vertex -33.5589 -11.8931 13.5
    endloop
  endfacet
  facet normal -0.0804622 -0.967998 -0.237709
    outer loop
      vertex -6.58955 -14.2085 13.8
      vertex -33.5589 -11.8931 13.5
      vertex -6.62021 -14.1323 13.5
    endloop
  endfacet
  facet normal -0.085422 -0.996292 -0.010215
    outer loop
      vertex -6.58955 -14.2085 13.8
      vertex -33.6051 -11.8922 13.8
      vertex -33.5589 -11.8931 13.5
    endloop
  endfacet
  facet normal 0.980652 -0.193111 -0.0321036
    outer loop
      vertex -1.47426 11.9498 13.8
      vertex -6.62021 -14.1323 13.5
      vertex -1.48383 11.9511 13.5
    endloop
  endfacet
  facet normal 0.970688 -0.189819 -0.147423
    outer loop
      vertex -6.58955 -14.2085 13.8
      vertex -6.62021 -14.1323 13.5
      vertex -1.47426 11.9498 13.8
    endloop
  endfacet
  facet normal 0.534489 0.845147 0.0070163
    outer loop
      vertex -1.47426 11.9498 13.8
      vertex -21.3405 24.5136 13.8
      vertex -21.3342 24.5071 14.1
    endloop
  endfacet
  facet normal 0.534232 0.84523 -0.0134969
    outer loop
      vertex -1.47426 11.9498 13.8
      vertex -21.3342 24.5071 14.1
      vertex -1.46469 11.9485 14.1
    endloop
  endfacet
  facet normal -0.599965 0.799412 -0.0313469
    outer loop
      vertex -40.0929 10.4167 13.8
      vertex -40.097 10.4254 14.1
      vertex -21.3342 24.5071 14.1
    endloop
  endfacet
  facet normal -0.600617 0.798972 0.0300607
    outer loop
      vertex -21.3405 24.5136 13.8
      vertex -40.0929 10.4167 13.8
      vertex -21.3342 24.5071 14.1
    endloop
  endfacet
  facet normal -0.960718 -0.277481 -0.00505371
    outer loop
      vertex -33.6513 -11.8913 14.1
      vertex -40.097 10.4254 14.1
      vertex -40.0929 10.4167 13.8
    endloop
  endfacet
  facet normal -0.949993 -0.276274 -0.145555
    outer loop
      vertex -33.6513 -11.8913 14.1
      vertex -40.0929 10.4167 13.8
      vertex -33.6051 -11.8922 13.8
    endloop
  endfacet
  facet normal -0.082984 -0.967858 -0.237412
    outer loop
      vertex -6.55889 -14.2848 14.1
      vertex -33.6051 -11.8922 13.8
      vertex -6.58955 -14.2085 13.8
    endloop
  endfacet
  facet normal -0.0879948 -0.996064 -0.0106163
    outer loop
      vertex -6.55889 -14.2848 14.1
      vertex -33.6513 -11.8913 14.1
      vertex -33.6051 -11.8922 13.8
    endloop
  endfacet
  facet normal 0.980905 -0.191817 -0.0321098
    outer loop
      vertex -1.46469 11.9485 14.1
      vertex -6.58955 -14.2085 13.8
      vertex -1.47426 11.9498 13.8
    endloop
  endfacet
  facet normal 0.970979 -0.188553 -0.147133
    outer loop
      vertex -6.55889 -14.2848 14.1
      vertex -6.58955 -14.2085 13.8
      vertex -1.46469 11.9485 14.1
    endloop
  endfacet
  facet normal 0.534267 0.845287 0.00701186
    outer loop
      vertex -1.46469 11.9485 14.1
      vertex -21.3342 24.5071 14.1
      vertex -21.3278 24.5006 14.4
    endloop
  endfacet
  facet normal 0.534011 0.84537 -0.0134902
    outer loop
      vertex -1.46469 11.9485 14.1
      vertex -21.3278 24.5006 14.4
      vertex -1.45511 11.9473 14.4
    endloop
  endfacet
  facet normal -0.599337 0.799883 -0.0313596
    outer loop
      vertex -40.097 10.4254 14.1
      vertex -40.1011 10.4341 14.4
      vertex -21.3278 24.5006 14.4
    endloop
  endfacet
  facet normal -0.599989 0.799443 0.0300602
    outer loop
      vertex -21.3342 24.5071 14.1
      vertex -40.097 10.4254 14.1
      vertex -21.3278 24.5006 14.4
    endloop
  endfacet
  facet normal -0.961225 -0.275717 -0.00512399
    outer loop
      vertex -33.6976 -11.8904 14.4
      vertex -40.1011 10.4341 14.4
      vertex -40.097 10.4254 14.1
    endloop
  endfacet
  facet normal -0.950489 -0.274527 -0.145623
    outer loop
      vertex -33.6976 -11.8904 14.4
      vertex -40.097 10.4254 14.1
      vertex -33.6513 -11.8913 14.1
    endloop
  endfacet
  facet normal -0.0854901 -0.967712 -0.237119
    outer loop
      vertex -6.52823 -14.361 14.4
      vertex -33.6513 -11.8913 14.1
      vertex -6.55889 -14.2848 14.1
    endloop
  endfacet
  facet normal -0.0905514 -0.995831 -0.0110065
    outer loop
      vertex -6.52823 -14.361 14.4
      vertex -33.6976 -11.8904 14.4
      vertex -33.6513 -11.8913 14.1
    endloop
  endfacet
  facet normal 0.981156 -0.190529 -0.0321087
    outer loop
      vertex -1.45511 11.9473 14.4
      vertex -6.55889 -14.2848 14.1
      vertex -1.46469 11.9485 14.1
    endloop
  endfacet
  facet normal 0.971267 -0.187293 -0.14684
    outer loop
      vertex -6.52823 -14.361 14.4
      vertex -6.55889 -14.2848 14.1
      vertex -1.45511 11.9473 14.4
    endloop
  endfacet
  facet normal 0.534046 0.845426 0.00702298
    outer loop
      vertex -1.45511 11.9473 14.4
      vertex -21.3278 24.5006 14.4
      vertex -21.3214 24.4941 14.7
    endloop
  endfacet
  facet normal 0.533789 0.84551 -0.0134799
    outer loop
      vertex -1.45511 11.9473 14.4
      vertex -21.3214 24.4941 14.7
      vertex -1.44554 11.946 14.7
    endloop
  endfacet
  facet normal -0.598708 0.800353 -0.0313571
    outer loop
      vertex -40.1011 10.4341 14.4
      vertex -40.1052 10.4428 14.7
      vertex -21.3214 24.4941 14.7
    endloop
  endfacet
  facet normal -0.599361 0.799915 0.0300533
    outer loop
      vertex -21.3278 24.5006 14.4
      vertex -40.1011 10.4341 14.4
      vertex -21.3214 24.4941 14.7
    endloop
  endfacet
  facet normal -0.96173 -0.273951 -0.00516982
    outer loop
      vertex -33.7438 -11.8896 14.7
      vertex -40.1052 10.4428 14.7
      vertex -40.1011 10.4341 14.4
    endloop
  endfacet
  facet normal -0.95098 -0.272778 -0.145705
    outer loop
      vertex -33.7438 -11.8896 14.7
      vertex -40.1011 10.4341 14.4
      vertex -33.6976 -11.8904 14.4
    endloop
  endfacet
  facet normal -0.0879807 -0.96756 -0.236829
    outer loop
      vertex -6.49758 -14.4372 14.7
      vertex -33.6976 -11.8904 14.4
      vertex -6.52823 -14.361 14.4
    endloop
  endfacet
  facet normal -0.0930917 -0.995592 -0.0114018
    outer loop
      vertex -6.49758 -14.4372 14.7
      vertex -33.7438 -11.8896 14.7
      vertex -33.6976 -11.8904 14.4
    endloop
  endfacet
  facet normal 0.981404 -0.189248 -0.0321118
    outer loop
      vertex -1.44554 11.946 14.7
      vertex -6.52823 -14.361 14.4
      vertex -1.45511 11.9473 14.4
    endloop
  endfacet
  facet normal 0.971551 -0.186039 -0.146551
    outer loop
      vertex -6.49758 -14.4372 14.7
      vertex -6.52823 -14.361 14.4
      vertex -1.44554 11.946 14.7
    endloop
  endfacet
  facet normal 0.533825 0.845566 0.0070307
    outer loop
      vertex -1.44554 11.946 14.7
      vertex -21.3214 24.4941 14.7
      vertex -21.3151 24.4876 15
    endloop
  endfacet
  facet normal 0.533568 0.84565 -0.0134749
    outer loop
      vertex -1.44554 11.946 14.7
      vertex -21.3151 24.4876 15
      vertex -1.43597 11.9448 15
    endloop
  endfacet
  facet normal -0.598079 0.800823 -0.0313621
    outer loop
      vertex -40.1052 10.4428 14.7
      vertex -40.1093 10.4515 15
      vertex -21.3151 24.4876 15
    endloop
  endfacet
  facet normal -0.598732 0.800385 0.0300502
    outer loop
      vertex -21.3214 24.4941 14.7
      vertex -40.1052 10.4428 14.7
      vertex -21.3151 24.4876 15
    endloop
  endfacet
  facet normal -0.962231 -0.272183 -0.00522789
    outer loop
      vertex -33.79 -11.8887 15
      vertex -40.1093 10.4515 15
      vertex -40.1052 10.4428 14.7
    endloop
  endfacet
  facet normal -0.951466 -0.271027 -0.145796
    outer loop
      vertex -33.79 -11.8887 15
      vertex -40.1052 10.4428 14.7
      vertex -33.7438 -11.8896 14.7
    endloop
  endfacet
  facet normal -0.090456 -0.967404 -0.236533
    outer loop
      vertex -6.46692 -14.5134 15
      vertex -33.7438 -11.8896 14.7
      vertex -6.49758 -14.4372 14.7
    endloop
  endfacet
  facet normal -0.0956159 -0.995348 -0.0117894
    outer loop
      vertex -6.46692 -14.5134 15
      vertex -33.79 -11.8887 15
      vertex -33.7438 -11.8896 14.7
    endloop
  endfacet
  facet normal 0.981649 -0.187973 -0.0321137
    outer loop
      vertex -1.43597 11.9448 15
      vertex -6.49758 -14.4372 14.7
      vertex -1.44554 11.946 14.7
    endloop
  endfacet
  facet normal 0.971833 -0.184791 -0.146265
    outer loop
      vertex -6.46692 -14.5134 15
      vertex -6.49758 -14.4372 14.7
      vertex -1.43597 11.9448 15
    endloop
  endfacet
  facet normal 0.533603 0.845706 0.00703844
    outer loop
      vertex -1.43597 11.9448 15
      vertex -21.3151 24.4876 15
      vertex -21.3087 24.4811 15.3
    endloop
  endfacet
  facet normal 0.533347 0.84579 -0.0134646
    outer loop
      vertex -1.43597 11.9448 15
      vertex -21.3087 24.4811 15.3
      vertex -1.42639 11.9435 15.3
    endloop
  endfacet
  facet normal -0.597449 0.801293 -0.0313748
    outer loop
      vertex -40.1093 10.4515 15
      vertex -40.1134 10.4602 15.3
      vertex -21.3087 24.4811 15.3
    endloop
  endfacet
  facet normal -0.598103 0.800856 0.0300472
    outer loop
      vertex -21.3151 24.4876 15
      vertex -40.1093 10.4515 15
      vertex -21.3087 24.4811 15.3
    endloop
  endfacet
  facet normal -0.962729 -0.270414 -0.00529821
    outer loop
      vertex -33.8362 -11.8878 15.3
      vertex -40.1134 10.4602 15.3
      vertex -40.1093 10.4515 15
    endloop
  endfacet
  facet normal -0.951953 -0.269276 -0.145866
    outer loop
      vertex -33.8362 -11.8878 15.3
      vertex -40.1093 10.4515 15
      vertex -33.79 -11.8887 15
    endloop
  endfacet
  facet normal -0.0929159 -0.967242 -0.236242
    outer loop
      vertex -6.43626 -14.5896 15.3
      vertex -33.79 -11.8887 15
      vertex -6.46692 -14.5134 15
    endloop
  endfacet
  facet normal -0.098124 -0.9951 -0.0121786
    outer loop
      vertex -6.43626 -14.5896 15.3
      vertex -33.8362 -11.8878 15.3
      vertex -33.79 -11.8887 15
    endloop
  endfacet
  facet normal 0.981891 -0.186704 -0.0321168
    outer loop
      vertex -1.42639 11.9435 15.3
      vertex -6.46692 -14.5134 15
      vertex -1.43597 11.9448 15
    endloop
  endfacet
  facet normal 0.972111 -0.18355 -0.145975
    outer loop
      vertex -6.43626 -14.5896 15.3
      vertex -6.46692 -14.5134 15
      vertex -1.42639 11.9435 15.3
    endloop
  endfacet
  facet normal 0.533382 0.845845 0.00704614
    outer loop
      vertex -1.42639 11.9435 15.3
      vertex -21.3087 24.4811 15.3
      vertex -21.3024 24.4746 15.6
    endloop
  endfacet
  facet normal 0.533125 0.845929 -0.0134596
    outer loop
      vertex -1.42639 11.9435 15.3
      vertex -21.3024 24.4746 15.6
      vertex -1.41682 11.9422 15.6
    endloop
  endfacet
  facet normal -0.596819 0.801762 -0.0313721
    outer loop
      vertex -40.1134 10.4602 15.3
      vertex -40.1175 10.4689 15.6
      vertex -21.3024 24.4746 15.6
    endloop
  endfacet
  facet normal -0.597474 0.801326 0.0300439
    outer loop
      vertex -21.3087 24.4811 15.3
      vertex -40.1134 10.4602 15.3
      vertex -21.3024 24.4746 15.6
    endloop
  endfacet
  facet normal -0.963225 -0.268644 -0.00534402
    outer loop
      vertex -33.8824 -11.8869 15.6
      vertex -40.1175 10.4689 15.6
      vertex -40.1134 10.4602 15.3
    endloop
  endfacet
  facet normal -0.952435 -0.267523 -0.145944
    outer loop
      vertex -33.8824 -11.8869 15.6
      vertex -40.1134 10.4602 15.3
      vertex -33.8362 -11.8878 15.3
    endloop
  endfacet
  facet normal -0.0953606 -0.967075 -0.235948
    outer loop
      vertex -6.4056 -14.6658 15.6
      vertex -33.8362 -11.8878 15.3
      vertex -6.43626 -14.5896 15.3
    endloop
  endfacet
  facet normal -0.100616 -0.994846 -0.0125601
    outer loop
      vertex -6.4056 -14.6658 15.6
      vertex -33.8824 -11.8869 15.6
      vertex -33.8362 -11.8878 15.3
    endloop
  endfacet
  facet normal 0.98213 -0.185442 -0.0321184
    outer loop
      vertex -1.41682 11.9422 15.6
      vertex -6.43626 -14.5896 15.3
      vertex -1.42639 11.9435 15.3
    endloop
  endfacet
  facet normal 0.972386 -0.182314 -0.145692
    outer loop
      vertex -6.4056 -14.6658 15.6
      vertex -6.43626 -14.5896 15.3
      vertex -1.41682 11.9422 15.6
    endloop
  endfacet
  facet normal 0.53316 0.845985 0.00705386
    outer loop
      vertex -1.41682 11.9422 15.6
      vertex -21.3024 24.4746 15.6
      vertex -21.296 24.4681 15.9
    endloop
  endfacet
  facet normal 0.532904 0.846069 -0.0134493
    outer loop
      vertex -1.41682 11.9422 15.6
      vertex -21.296 24.4681 15.9
      vertex -1.40725 11.941 15.9
    endloop
  endfacet
  facet normal -0.596189 0.802231 -0.0313847
    outer loop
      vertex -40.1175 10.4689 15.6
      vertex -40.1216 10.4776 15.9
      vertex -21.296 24.4681 15.9
    endloop
  endfacet
  facet normal -0.596844 0.801795 0.0300408
    outer loop
      vertex -21.3024 24.4746 15.6
      vertex -40.1175 10.4689 15.6
      vertex -21.296 24.4681 15.9
    endloop
  endfacet
  facet normal -0.963717 -0.266872 -0.00541433
    outer loop
      vertex -33.9287 -11.886 15.9
      vertex -40.1216 10.4776 15.9
      vertex -40.1175 10.4689 15.6
    endloop
  endfacet
  facet normal -0.952914 -0.265768 -0.146024
    outer loop
      vertex -33.9287 -11.886 15.9
      vertex -40.1175 10.4689 15.6
      vertex -33.8824 -11.8869 15.6
    endloop
  endfacet
  facet normal -0.0977901 -0.966903 -0.23566
    outer loop
      vertex -6.37494 -14.7421 15.9
      vertex -33.8824 -11.8869 15.6
      vertex -6.4056 -14.6658 15.6
    endloop
  endfacet
  facet normal -0.103093 -0.994588 -0.0129455
    outer loop
      vertex -6.37494 -14.7421 15.9
      vertex -33.9287 -11.886 15.9
      vertex -33.8824 -11.8869 15.6
    endloop
  endfacet
  facet normal 0.982367 -0.184185 -0.0321213
    outer loop
      vertex -1.40725 11.941 15.9
      vertex -6.4056 -14.6658 15.6
      vertex -1.41682 11.9422 15.6
    endloop
  endfacet
  facet normal 0.972659 -0.181084 -0.145405
    outer loop
      vertex -6.37494 -14.7421 15.9
      vertex -6.4056 -14.6658 15.6
      vertex -1.40725 11.941 15.9
    endloop
  endfacet
  facet normal 0.532939 0.846124 0.00706156
    outer loop
      vertex -1.40725 11.941 15.9
      vertex -21.296 24.4681 15.9
      vertex -21.2897 24.4616 16.2
    endloop
  endfacet
  facet normal 0.532682 0.846209 -0.0134433
    outer loop
      vertex -1.40725 11.941 15.9
      vertex -21.2897 24.4616 16.2
      vertex -1.39767 11.9397 16.2
    endloop
  endfacet
  facet normal -0.595558 0.802699 -0.0313794
    outer loop
      vertex -40.1216 10.4776 15.9
      vertex -40.1257 10.4863 16.2
      vertex -21.2897 24.4616 16.2
    endloop
  endfacet
  facet normal -0.596213 0.802264 0.0300375
    outer loop
      vertex -21.296 24.4681 15.9
      vertex -40.1216 10.4776 15.9
      vertex -21.2897 24.4616 16.2
    endloop
  endfacet
  facet normal -0.964206 -0.265098 -0.00546097
    outer loop
      vertex -33.9749 -11.8851 16.2
      vertex -40.1257 10.4863 16.2
      vertex -40.1216 10.4776 15.9
    endloop
  endfacet
  facet normal -0.95339 -0.264012 -0.146101
    outer loop
      vertex -33.9749 -11.8851 16.2
      vertex -40.1216 10.4776 15.9
      vertex -33.9287 -11.886 15.9
    endloop
  endfacet
  facet normal -0.100205 -0.966728 -0.235365
    outer loop
      vertex -6.34429 -14.8183 16.2
      vertex -33.9287 -11.886 15.9
      vertex -6.37494 -14.7421 15.9
    endloop
  endfacet
  facet normal -0.105553 -0.994324 -0.0133222
    outer loop
      vertex -6.34429 -14.8183 16.2
      vertex -33.9749 -11.8851 16.2
      vertex -33.9287 -11.886 15.9
    endloop
  endfacet
  facet normal 0.9826 -0.182935 -0.0321265
    outer loop
      vertex -1.39767 11.9397 16.2
      vertex -6.37494 -14.7421 15.9
      vertex -1.40725 11.941 15.9
    endloop
  endfacet
  facet normal 0.972929 -0.17986 -0.145121
    outer loop
      vertex -6.34429 -14.8183 16.2
      vertex -6.37494 -14.7421 15.9
      vertex -1.39767 11.9397 16.2
    endloop
  endfacet
  facet normal 0.532717 0.846264 0.00706594
    outer loop
      vertex -1.39767 11.9397 16.2
      vertex -21.2897 24.4616 16.2
      vertex -21.2833 24.4551 16.5
    endloop
  endfacet
  facet normal 0.532461 0.846348 -0.0134367
    outer loop
      vertex -1.39767 11.9397 16.2
      vertex -21.2833 24.4551 16.5
      vertex -1.3881 11.9385 16.5
    endloop
  endfacet
  facet normal -0.594927 0.803167 -0.0313947
    outer loop
      vertex -40.1257 10.4863 16.2
      vertex -40.1298 10.495 16.5
      vertex -21.2833 24.4551 16.5
    endloop
  endfacet
  facet normal -0.595583 0.802732 0.0300382
    outer loop
      vertex -21.2897 24.4616 16.2
      vertex -40.1257 10.4863 16.2
      vertex -21.2833 24.4551 16.5
    endloop
  endfacet
  facet normal -0.964692 -0.263323 -0.00553049
    outer loop
      vertex -34.0211 -11.8842 16.5
      vertex -40.1298 10.495 16.5
      vertex -40.1257 10.4863 16.2
    endloop
  endfacet
  facet normal -0.953863 -0.262254 -0.146181
    outer loop
      vertex -34.0211 -11.8842 16.5
      vertex -40.1257 10.4863 16.2
      vertex -33.9749 -11.8851 16.2
    endloop
  endfacet
  facet normal -0.102604 -0.966547 -0.235075
    outer loop
      vertex -6.31363 -14.8945 16.5
      vertex -33.9749 -11.8851 16.2
      vertex -6.34429 -14.8183 16.2
    endloop
  endfacet
  facet normal -0.107998 -0.994057 -0.0137029
    outer loop
      vertex -6.31363 -14.8945 16.5
      vertex -34.0211 -11.8842 16.5
      vertex -33.9749 -11.8851 16.2
    endloop
  endfacet
  facet normal 0.982831 -0.181691 -0.0321251
    outer loop
      vertex -1.3881 11.9385 16.5
      vertex -6.34429 -14.8183 16.2
      vertex -1.39767 11.9397 16.2
    endloop
  endfacet
  facet normal 0.973195 -0.178642 -0.144842
    outer loop
      vertex -6.31363 -14.8945 16.5
      vertex -6.34429 -14.8183 16.2
      vertex -1.3881 11.9385 16.5
    endloop
  endfacet
  facet normal 0.532495 0.846403 0.00708043
    outer loop
      vertex -1.3881 11.9385 16.5
      vertex -21.2833 24.4551 16.5
      vertex -21.2769 24.4486 16.8
    endloop
  endfacet
  facet normal 0.532239 0.846488 -0.0134264
    outer loop
      vertex -1.3881 11.9385 16.5
      vertex -21.2769 24.4486 16.8
      vertex -1.37853 11.9372 16.8
    endloop
  endfacet
  facet normal -0.594295 0.803634 -0.0313921
    outer loop
      vertex -40.1298 10.495 16.5
      vertex -40.1338 10.5037 16.8
      vertex -21.2769 24.4486 16.8
    endloop
  endfacet
  facet normal -0.594952 0.8032 0.0300275
    outer loop
      vertex -21.2833 24.4551 16.5
      vertex -40.1298 10.495 16.5
      vertex -21.2769 24.4486 16.8
    endloop
  endfacet
  facet normal -0.965175 -0.261547 -0.0055763
    outer loop
      vertex -34.0673 -11.8834 16.8
      vertex -40.1338 10.5037 16.8
      vertex -40.1298 10.495 16.5
    endloop
  endfacet
  facet normal -0.954331 -0.260495 -0.146269
    outer loop
      vertex -34.0673 -11.8834 16.8
      vertex -40.1298 10.495 16.5
      vertex -34.0211 -11.8842 16.5
    endloop
  endfacet
  facet normal -0.104989 -0.96636 -0.234787
    outer loop
      vertex -6.28297 -14.9707 16.8
      vertex -34.0211 -11.8842 16.5
      vertex -6.31363 -14.8945 16.5
    endloop
  endfacet
  facet normal -0.110428 -0.993784 -0.0140763
    outer loop
      vertex -6.28297 -14.9707 16.8
      vertex -34.0673 -11.8834 16.8
      vertex -34.0211 -11.8842 16.5
    endloop
  endfacet
  facet normal 0.983059 -0.180453 -0.0321278
    outer loop
      vertex -1.37853 11.9372 16.8
      vertex -6.31363 -14.8945 16.5
      vertex -1.3881 11.9385 16.5
    endloop
  endfacet
  facet normal 0.973458 -0.17743 -0.144559
    outer loop
      vertex -6.28297 -14.9707 16.8
      vertex -6.31363 -14.8945 16.5
      vertex -1.37853 11.9372 16.8
    endloop
  endfacet
  facet normal 0.532274 0.846543 0.00708138
    outer loop
      vertex -1.37853 11.9372 16.8
      vertex -21.2769 24.4486 16.8
      vertex -21.2706 24.442 17.1
    endloop
  endfacet
  facet normal 0.532018 0.846627 -0.0134214
    outer loop
      vertex -1.37853 11.9372 16.8
      vertex -21.2706 24.442 17.1
      vertex -1.36896 11.9359 17.1
    endloop
  endfacet
  facet normal -0.593663 0.804101 -0.0314045
    outer loop
      vertex -40.1338 10.5037 16.8
      vertex -40.1379 10.5124 17.1
      vertex -21.2706 24.442 17.1
    endloop
  endfacet
  facet normal -0.59432 0.803668 0.0300318
    outer loop
      vertex -21.2769 24.4486 16.8
      vertex -40.1338 10.5037 16.8
      vertex -21.2706 24.442 17.1
    endloop
  endfacet
  facet normal -0.965654 -0.259769 -0.00564664
    outer loop
      vertex -34.1135 -11.8825 17.1
      vertex -40.1379 10.5124 17.1
      vertex -40.1338 10.5037 16.8
    endloop
  endfacet
  facet normal -0.954799 -0.258735 -0.146335
    outer loop
      vertex -34.1135 -11.8825 17.1
      vertex -40.1338 10.5037 16.8
      vertex -34.0673 -11.8834 16.8
    endloop
  endfacet
  facet normal -0.10736 -0.966171 -0.234494
    outer loop
      vertex -6.25231 -15.0469 17.1
      vertex -34.0673 -11.8834 16.8
      vertex -6.28297 -14.9707 16.8
    endloop
  endfacet
  facet normal -0.112842 -0.993508 -0.0144508
    outer loop
      vertex -6.25231 -15.0469 17.1
      vertex -34.1135 -11.8825 17.1
      vertex -34.0673 -11.8834 16.8
    endloop
  endfacet
  facet normal 0.983284 -0.179221 -0.0321292
    outer loop
      vertex -1.36896 11.9359 17.1
      vertex -6.28297 -14.9707 16.8
      vertex -1.37853 11.9372 16.8
    endloop
  endfacet
  facet normal 0.973719 -0.176224 -0.144278
    outer loop
      vertex -6.25231 -15.0469 17.1
      vertex -6.28297 -14.9707 16.8
      vertex -1.36896 11.9359 17.1
    endloop
  endfacet
  facet normal 0.532052 0.846682 0.00709582
    outer loop
      vertex -1.36896 11.9359 17.1
      vertex -21.2706 24.442 17.1
      vertex -21.2642 24.4355 17.4
    endloop
  endfacet
  facet normal 0.531796 0.846766 -0.013411
    outer loop
      vertex -1.36896 11.9359 17.1
      vertex -21.2642 24.4355 17.4
      vertex -1.35938 11.9347 17.4
    endloop
  endfacet
  facet normal -0.593031 0.804567 -0.0314017
    outer loop
      vertex -40.1379 10.5124 17.1
      vertex -40.142 10.5211 17.4
      vertex -21.2642 24.4355 17.4
    endloop
  endfacet
  facet normal -0.593688 0.804135 0.0300208
    outer loop
      vertex -21.2706 24.442 17.1
      vertex -40.1379 10.5124 17.1
      vertex -21.2642 24.4355 17.4
    endloop
  endfacet
  facet normal -0.966131 -0.25799 -0.00569238
    outer loop
      vertex -34.1598 -11.8816 17.4
      vertex -40.142 10.5211 17.4
      vertex -40.1379 10.5124 17.1
    endloop
  endfacet
  facet normal -0.955264 -0.256974 -0.14641
    outer loop
      vertex -34.1598 -11.8816 17.4
      vertex -40.1379 10.5124 17.1
      vertex -34.1135 -11.8825 17.1
    endloop
  endfacet
  facet normal -0.109715 -0.965977 -0.234202
    outer loop
      vertex -6.22165 -15.1231 17.4
      vertex -34.1135 -11.8825 17.1
      vertex -6.25231 -15.0469 17.1
    endloop
  endfacet
  facet normal -0.115241 -0.993227 -0.0148179
    outer loop
      vertex -6.22165 -15.1231 17.4
      vertex -34.1598 -11.8816 17.4
      vertex -34.1135 -11.8825 17.1
    endloop
  endfacet
  facet normal 0.983507 -0.177995 -0.0321315
    outer loop
      vertex -1.35938 11.9347 17.4
      vertex -6.25231 -15.0469 17.1
      vertex -1.36896 11.9359 17.1
    endloop
  endfacet
  facet normal 0.973977 -0.175023 -0.144002
    outer loop
      vertex -6.22165 -15.1231 17.4
      vertex -6.25231 -15.0469 17.1
      vertex -1.35938 11.9347 17.4
    endloop
  endfacet
  facet normal 0.53183 0.846821 0.00709678
    outer loop
      vertex -1.35938 11.9347 17.4
      vertex -21.2642 24.4355 17.4
      vertex -21.2579 24.429 17.7
    endloop
  endfacet
  facet normal 0.531574 0.846906 -0.013406
    outer loop
      vertex -1.35938 11.9347 17.4
      vertex -21.2579 24.429 17.7
      vertex -1.34981 11.9334 17.7
    endloop
  endfacet
  facet normal -0.592398 0.805033 -0.0314066
    outer loop
      vertex -40.142 10.5211 17.4
      vertex -40.1461 10.5298 17.7
      vertex -21.2579 24.429 17.7
    endloop
  endfacet
  facet normal -0.593056 0.804601 0.030025
    outer loop
      vertex -21.2642 24.4355 17.4
      vertex -40.142 10.5211 17.4
      vertex -21.2579 24.429 17.7
    endloop
  endfacet
  facet normal -0.966604 -0.256209 -0.00575045
    outer loop
      vertex -34.206 -11.8807 17.7
      vertex -40.1461 10.5298 17.7
      vertex -40.142 10.5211 17.4
    endloop
  endfacet
  facet normal -0.955723 -0.25521 -0.146499
    outer loop
      vertex -34.206 -11.8807 17.7
      vertex -40.142 10.5211 17.4
      vertex -34.1598 -11.8816 17.4
    endloop
  endfacet
  facet normal -0.112056 -0.965778 -0.233915
    outer loop
      vertex -6.191 -15.1994 17.7
      vertex -34.1598 -11.8816 17.4
      vertex -6.22165 -15.1231 17.4
    endloop
  endfacet
  facet normal -0.117624 -0.992942 -0.0151875
    outer loop
      vertex -6.191 -15.1994 17.7
      vertex -34.206 -11.8807 17.7
      vertex -34.1598 -11.8816 17.4
    endloop
  endfacet
  facet normal 0.983727 -0.176775 -0.0321329
    outer loop
      vertex -1.34981 11.9334 17.7
      vertex -6.22165 -15.1231 17.4
      vertex -1.35938 11.9347 17.4
    endloop
  endfacet
  facet normal 0.974232 -0.173828 -0.143722
    outer loop
      vertex -6.191 -15.1994 17.7
      vertex -6.22165 -15.1231 17.4
      vertex -1.34981 11.9334 17.7
    endloop
  endfacet
  facet normal 0.531609 0.84696 0.00710792
    outer loop
      vertex -1.34981 11.9334 17.7
      vertex -21.2579 24.429 17.7
      vertex -21.2515 24.4225 18
    endloop
  endfacet
  facet normal 0.531353 0.847045 -0.0133957
    outer loop
      vertex -1.34981 11.9334 17.7
      vertex -21.2515 24.4225 18
      vertex -1.34024 11.9321 18
    endloop
  endfacet
  facet normal -0.591765 0.805498 -0.0314191
    outer loop
      vertex -40.1461 10.5298 17.7
      vertex -40.1502 10.5385 18
      vertex -21.2515 24.4225 18
    endloop
  endfacet
  facet normal -0.592423 0.805067 0.0300182
    outer loop
      vertex -21.2579 24.429 17.7
      vertex -40.1461 10.5298 17.7
      vertex -21.2515 24.4225 18
    endloop
  endfacet
  facet normal -0.967074 -0.254427 -0.00582083
    outer loop
      vertex -34.2522 -11.8798 18
      vertex -40.1502 10.5385 18
      vertex -40.1461 10.5298 17.7
    endloop
  endfacet
  facet normal -0.956182 -0.253446 -0.146564
    outer loop
      vertex -34.2522 -11.8798 18
      vertex -40.1461 10.5298 17.7
      vertex -34.206 -11.8807 17.7
    endloop
  endfacet
  facet normal -0.114383 -0.965576 -0.233624
    outer loop
      vertex -6.16034 -15.2756 18
      vertex -34.206 -11.8807 17.7
      vertex -6.191 -15.1994 17.7
    endloop
  endfacet
  facet normal -0.119993 -0.992653 -0.015555
    outer loop
      vertex -6.16034 -15.2756 18
      vertex -34.2522 -11.8798 18
      vertex -34.206 -11.8807 17.7
    endloop
  endfacet
  facet normal 0.983944 -0.175561 -0.0321355
    outer loop
      vertex -1.34024 11.9321 18
      vertex -6.191 -15.1994 17.7
      vertex -1.34981 11.9334 17.7
    endloop
  endfacet
  facet normal 0.974484 -0.172639 -0.143449
    outer loop
      vertex -6.16034 -15.2756 18
      vertex -6.191 -15.1994 17.7
      vertex -1.34024 11.9321 18
    endloop
  endfacet
  facet normal 0.531387 0.847099 0.00711564
    outer loop
      vertex -1.34024 11.9321 18
      vertex -21.2515 24.4225 18
      vertex -21.2452 24.416 18.3
    endloop
  endfacet
  facet normal 0.531131 0.847184 -0.0133925
    outer loop
      vertex -1.34024 11.9321 18
      vertex -21.2452 24.416 18.3
      vertex -1.33066 11.9309 18.3
    endloop
  endfacet
  facet normal -0.591131 0.805963 -0.0314165
    outer loop
      vertex -40.1502 10.5385 18
      vertex -40.1543 10.5472 18.3
      vertex -21.2452 24.416 18.3
    endloop
  endfacet
  facet normal -0.59179 0.805533 0.0300148
    outer loop
      vertex -21.2515 24.4225 18
      vertex -40.1502 10.5385 18
      vertex -21.2452 24.416 18.3
    endloop
  endfacet
  facet normal -0.967542 -0.252644 -0.00586659
    outer loop
      vertex -34.2984 -11.8789 18.3
      vertex -40.1543 10.5472 18.3
      vertex -40.1502 10.5385 18
    endloop
  endfacet
  facet normal -0.956637 -0.251681 -0.146639
    outer loop
      vertex -34.2984 -11.8789 18.3
      vertex -40.1502 10.5385 18
      vertex -34.2522 -11.8798 18
    endloop
  endfacet
  facet normal -0.116695 -0.965369 -0.233336
    outer loop
      vertex -6.12968 -15.3518 18.3
      vertex -34.2522 -11.8798 18
      vertex -6.16034 -15.2756 18
    endloop
  endfacet
  facet normal -0.122346 -0.99236 -0.0159153
    outer loop
      vertex -6.12968 -15.3518 18.3
      vertex -34.2984 -11.8789 18.3
      vertex -34.2522 -11.8798 18
    endloop
  endfacet
  facet normal 0.984159 -0.174353 -0.0321398
    outer loop
      vertex -1.33066 11.9309 18.3
      vertex -6.16034 -15.2756 18
      vertex -1.34024 11.9321 18
    endloop
  endfacet
  facet normal 0.974733 -0.171455 -0.143171
    outer loop
      vertex -6.12968 -15.3518 18.3
      vertex -6.16034 -15.2756 18
      vertex -1.33066 11.9309 18.3
    endloop
  endfacet
  facet normal 0.531165 0.847238 0.00712336
    outer loop
      vertex -1.33066 11.9309 18.3
      vertex -21.2452 24.416 18.3
      vertex -21.2388 24.4095 18.6
    endloop
  endfacet
  facet normal 0.530909 0.847323 -0.0133804
    outer loop
      vertex -1.33066 11.9309 18.3
      vertex -21.2388 24.4095 18.6
      vertex -1.32109 11.9296 18.6
    endloop
  endfacet
  facet normal -0.590497 0.806428 -0.0314288
    outer loop
      vertex -40.1543 10.5472 18.3
      vertex -40.1584 10.5559 18.6
      vertex -21.2388 24.4095 18.6
    endloop
  endfacet
  facet normal -0.591157 0.805998 0.0300115
    outer loop
      vertex -21.2452 24.416 18.3
      vertex -40.1543 10.5472 18.3
      vertex -21.2388 24.4095 18.6
    endloop
  endfacet
  facet normal -0.968005 -0.250859 -0.00593694
    outer loop
      vertex -34.3446 -11.878 18.6
      vertex -40.1584 10.5559 18.6
      vertex -40.1543 10.5472 18.3
    endloop
  endfacet
  facet normal -0.957088 -0.249914 -0.146714
    outer loop
      vertex -34.3446 -11.878 18.6
      vertex -40.1543 10.5472 18.3
      vertex -34.2984 -11.8789 18.3
    endloop
  endfacet
  facet normal -0.118993 -0.965157 -0.23305
    outer loop
      vertex -6.09902 -15.428 18.6
      vertex -34.2984 -11.8789 18.3
      vertex -6.12968 -15.3518 18.3
    endloop
  endfacet
  facet normal -0.124685 -0.992063 -0.0162796
    outer loop
      vertex -6.09902 -15.428 18.6
      vertex -34.3446 -11.878 18.6
      vertex -34.2984 -11.8789 18.3
    endloop
  endfacet
  facet normal 0.984371 -0.17315 -0.032139
    outer loop
      vertex -1.32109 11.9296 18.6
      vertex -6.12968 -15.3518 18.3
      vertex -1.33066 11.9309 18.3
    endloop
  endfacet
  facet normal 0.97498 -0.170277 -0.142897
    outer loop
      vertex -6.09902 -15.428 18.6
      vertex -6.12968 -15.3518 18.3
      vertex -1.32109 11.9296 18.6
    endloop
  endfacet
  facet normal 0.530943 0.847377 0.00713103
    outer loop
      vertex -1.32109 11.9296 18.6
      vertex -21.2388 24.4095 18.6
      vertex -21.2324 24.403 18.9
    endloop
  endfacet
  facet normal 0.530687 0.847462 -0.0133754
    outer loop
      vertex -1.32109 11.9296 18.6
      vertex -21.2324 24.403 18.9
      vertex -1.31152 11.9284 18.9
    endloop
  endfacet
  facet normal -0.589863 0.806892 -0.0314259
    outer loop
      vertex -40.1584 10.5559 18.6
      vertex -40.1625 10.5645 18.9
      vertex -21.2324 24.403 18.9
    endloop
  endfacet
  facet normal -0.590523 0.806463 0.030008
    outer loop
      vertex -21.2388 24.4095 18.6
      vertex -40.1584 10.5559 18.6
      vertex -21.2324 24.403 18.9
    endloop
  endfacet
  facet normal -0.968466 -0.249073 -0.00598264
    outer loop
      vertex -34.3909 -11.8772 18.9
      vertex -40.1625 10.5645 18.9
      vertex -40.1584 10.5559 18.6
    endloop
  endfacet
  facet normal -0.957537 -0.248146 -0.146787
    outer loop
      vertex -34.3909 -11.8772 18.9
      vertex -40.1584 10.5559 18.6
      vertex -34.3446 -11.878 18.6
    endloop
  endfacet
  facet normal -0.121277 -0.964943 -0.232758
    outer loop
      vertex -6.06836 -15.5042 18.9
      vertex -34.3446 -11.878 18.6
      vertex -6.09902 -15.428 18.6
    endloop
  endfacet
  facet normal -0.127009 -0.991762 -0.0166353
    outer loop
      vertex -6.06836 -15.5042 18.9
      vertex -34.3909 -11.8772 18.9
      vertex -34.3446 -11.878 18.6
    endloop
  endfacet
  facet normal 0.984581 -0.171954 -0.0321399
    outer loop
      vertex -1.31152 11.9284 18.9
      vertex -6.09902 -15.428 18.6
      vertex -1.32109 11.9296 18.6
    endloop
  endfacet
  facet normal 0.975224 -0.169105 -0.142626
    outer loop
      vertex -6.06836 -15.5042 18.9
      vertex -6.09902 -15.428 18.6
      vertex -1.31152 11.9284 18.9
    endloop
  endfacet
  facet normal 0.530721 0.847516 0.00713875
    outer loop
      vertex -1.31152 11.9284 18.9
      vertex -21.2324 24.403 18.9
      vertex -21.2261 24.3965 19.2
    endloop
  endfacet
  facet normal 0.530465 0.847601 -0.013365
    outer loop
      vertex -1.31152 11.9284 18.9
      vertex -21.2261 24.3965 19.2
      vertex -1.30194 11.9271 19.2
    endloop
  endfacet
  facet normal -0.589228 0.807355 -0.0314381
    outer loop
      vertex -40.1625 10.5645 18.9
      vertex -40.1666 10.5732 19.2
      vertex -21.2261 24.3965 19.2
    endloop
  endfacet
  facet normal -0.589889 0.806927 0.0300046
    outer loop
      vertex -21.2324 24.403 18.9
      vertex -40.1625 10.5645 18.9
      vertex -21.2261 24.3965 19.2
    endloop
  endfacet
  facet normal -0.968924 -0.247286 -0.00605299
    outer loop
      vertex -34.4371 -11.8763 19.2
      vertex -40.1666 10.5732 19.2
      vertex -40.1625 10.5645 18.9
    endloop
  endfacet
  facet normal -0.957982 -0.246377 -0.146861
    outer loop
      vertex -34.4371 -11.8763 19.2
      vertex -40.1625 10.5645 18.9
      vertex -34.3909 -11.8772 18.9
    endloop
  endfacet
  facet normal -0.123546 -0.964725 -0.23247
    outer loop
      vertex -6.0377 -15.5805 19.2
      vertex -34.3909 -11.8772 18.9
      vertex -6.06836 -15.5042 18.9
    endloop
  endfacet
  facet normal -0.129318 -0.991458 -0.016995
    outer loop
      vertex -6.0377 -15.5805 19.2
      vertex -34.4371 -11.8763 19.2
      vertex -34.3909 -11.8772 18.9
    endloop
  endfacet
  facet normal 0.984788 -0.170763 -0.032142
    outer loop
      vertex -1.30194 11.9271 19.2
      vertex -6.06836 -15.5042 18.9
      vertex -1.31152 11.9284 18.9
    endloop
  endfacet
  facet normal 0.975466 -0.167938 -0.142351
    outer loop
      vertex -6.0377 -15.5805 19.2
      vertex -6.06836 -15.5042 18.9
      vertex -1.30194 11.9271 19.2
    endloop
  endfacet
  facet normal 0.530499 0.847655 0.00714651
    outer loop
      vertex -1.30194 11.9271 19.2
      vertex -21.2261 24.3965 19.2
      vertex -21.2197 24.39 19.5
    endloop
  endfacet
  facet normal 0.530244 0.84774 -0.0133574
    outer loop
      vertex -1.30194 11.9271 19.2
      vertex -21.2197 24.39 19.5
      vertex -1.29237 11.9258 19.5
    endloop
  endfacet
  facet normal -0.588593 0.807818 -0.0314331
    outer loop
      vertex -40.1666 10.5732 19.2
      vertex -40.1707 10.5819 19.5
      vertex -21.2197 24.39 19.5
    endloop
  endfacet
  facet normal -0.589254 0.807391 0.0300014
    outer loop
      vertex -21.2261 24.3965 19.2
      vertex -40.1666 10.5732 19.2
      vertex -21.2197 24.39 19.5
    endloop
  endfacet
  facet normal -0.969378 -0.245497 -0.00609952
    outer loop
      vertex -34.4833 -11.8754 19.5
      vertex -40.1707 10.5819 19.5
      vertex -40.1666 10.5732 19.2
    endloop
  endfacet
  facet normal -0.958423 -0.244606 -0.146947
    outer loop
      vertex -34.4833 -11.8754 19.5
      vertex -40.1666 10.5732 19.2
      vertex -34.4371 -11.8763 19.2
    endloop
  endfacet
  facet normal -0.125802 -0.964502 -0.232185
    outer loop
      vertex -6.00705 -15.6567 19.5
      vertex -34.4371 -11.8763 19.2
      vertex -6.0377 -15.5805 19.2
    endloop
  endfacet
  facet normal -0.131612 -0.991149 -0.0173481
    outer loop
      vertex -6.00705 -15.6567 19.5
      vertex -34.4833 -11.8754 19.5
      vertex -34.4371 -11.8763 19.2
    endloop
  endfacet
  facet normal 0.984992 -0.169578 -0.0321438
    outer loop
      vertex -1.29237 11.9258 19.5
      vertex -6.0377 -15.5805 19.2
      vertex -1.30194 11.9271 19.2
    endloop
  endfacet
  facet normal 0.975704 -0.166777 -0.142081
    outer loop
      vertex -6.00705 -15.6567 19.5
      vertex -6.0377 -15.5805 19.2
      vertex -1.29237 11.9258 19.5
    endloop
  endfacet
  facet normal 0.530277 0.847794 0.00715085
    outer loop
      vertex -1.29237 11.9258 19.5
      vertex -21.2197 24.39 19.5
      vertex -21.2134 24.3835 19.8
    endloop
  endfacet
  facet normal 0.530022 0.847879 -0.0133525
    outer loop
      vertex -1.29237 11.9258 19.5
      vertex -21.2134 24.3835 19.8
      vertex -1.2828 11.9246 19.8
    endloop
  endfacet
  facet normal -0.587957 0.808281 -0.0314478
    outer loop
      vertex -40.1707 10.5819 19.5
      vertex -40.1748 10.5906 19.8
      vertex -21.2134 24.3835 19.8
    endloop
  endfacet
  facet normal -0.588619 0.807854 0.0300017
    outer loop
      vertex -21.2197 24.39 19.5
      vertex -40.1707 10.5819 19.5
      vertex -21.2134 24.3835 19.8
    endloop
  endfacet
  facet normal -0.969829 -0.243708 -0.00616909
    outer loop
      vertex -34.5295 -11.8745 19.8
      vertex -40.1748 10.5906 19.8
      vertex -40.1707 10.5819 19.5
    endloop
  endfacet
  facet normal -0.958864 -0.242835 -0.147009
    outer loop
      vertex -34.5295 -11.8745 19.8
      vertex -40.1707 10.5819 19.5
      vertex -34.4833 -11.8754 19.5
    endloop
  endfacet
  facet normal -0.128044 -0.964275 -0.231901
    outer loop
      vertex -5.97639 -15.7329 19.8
      vertex -34.4833 -11.8754 19.5
      vertex -6.00705 -15.6567 19.5
    endloop
  endfacet
  facet normal -0.133892 -0.990838 -0.0177018
    outer loop
      vertex -5.97639 -15.7329 19.8
      vertex -34.5295 -11.8745 19.8
      vertex -34.4833 -11.8754 19.5
    endloop
  endfacet
  facet normal 0.985195 -0.168399 -0.0321448
    outer loop
      vertex -1.2828 11.9246 19.8
      vertex -6.00705 -15.6567 19.5
      vertex -1.29237 11.9258 19.5
    endloop
  endfacet
  facet normal 0.97594 -0.165621 -0.141815
    outer loop
      vertex -5.97639 -15.7329 19.8
      vertex -6.00705 -15.6567 19.5
      vertex -1.2828 11.9246 19.8
    endloop
  endfacet
  facet normal 0.530055 0.847933 0.00716531
    outer loop
      vertex -1.2828 11.9246 19.8
      vertex -21.2134 24.3835 19.8
      vertex -21.207 24.377 20.1
    endloop
  endfacet
  facet normal 0.5298 0.848018 -0.0133421
    outer loop
      vertex -1.2828 11.9246 19.8
      vertex -21.207 24.377 20.1
      vertex -1.27322 11.9233 20.1
    endloop
  endfacet
  facet normal -0.587321 0.808743 -0.0314451
    outer loop
      vertex -40.1748 10.5906 19.8
      vertex -40.1788 10.5993 20.1
      vertex -21.207 24.377 20.1
    endloop
  endfacet
  facet normal -0.587983 0.808317 0.0299908
    outer loop
      vertex -21.2134 24.3835 19.8
      vertex -40.1748 10.5906 19.8
      vertex -21.207 24.377 20.1
    endloop
  endfacet
  facet normal -0.970277 -0.241917 -0.00621478
    outer loop
      vertex -34.5757 -11.8736 20.1
      vertex -40.1788 10.5993 20.1
      vertex -40.1748 10.5906 19.8
    endloop
  endfacet
  facet normal -0.9593 -0.241062 -0.14708
    outer loop
      vertex -34.5757 -11.8736 20.1
      vertex -40.1748 10.5906 19.8
      vertex -34.5295 -11.8745 19.8
    endloop
  endfacet
  facet normal -0.130272 -0.964046 -0.231612
    outer loop
      vertex -5.94573 -15.8091 20.1
      vertex -34.5295 -11.8745 19.8
      vertex -5.97639 -15.7329 19.8
    endloop
  endfacet
  facet normal -0.136158 -0.990523 -0.0180486
    outer loop
      vertex -5.94573 -15.8091 20.1
      vertex -34.5757 -11.8736 20.1
      vertex -34.5295 -11.8745 19.8
    endloop
  endfacet
  facet normal 0.985394 -0.167226 -0.0321467
    outer loop
      vertex -1.27322 11.9233 20.1
      vertex -5.97639 -15.7329 19.8
      vertex -1.2828 11.9246 19.8
    endloop
  endfacet
  facet normal 0.976174 -0.164471 -0.141543
    outer loop
      vertex -5.94573 -15.8091 20.1
      vertex -5.97639 -15.7329 19.8
      vertex -1.27322 11.9233 20.1
    endloop
  endfacet
  facet normal 0.529833 0.848072 0.00716624
    outer loop
      vertex -1.27322 11.9233 20.1
      vertex -21.207 24.377 20.1
      vertex -21.2006 24.3705 20.4
    endloop
  endfacet
  facet normal 0.529578 0.848157 -0.0133387
    outer loop
      vertex -1.27322 11.9233 20.1
      vertex -21.2006 24.3705 20.4
      vertex -1.26365 11.9221 20.4
    endloop
  endfacet
  facet normal -0.586685 0.809204 -0.0314496
    outer loop
      vertex -40.1788 10.5993 20.1
      vertex -40.1829 10.608 20.4
      vertex -21.2006 24.3705 20.4
    endloop
  endfacet
  facet normal -0.587348 0.808779 0.0299947
    outer loop
      vertex -21.207 24.377 20.1
      vertex -40.1788 10.5993 20.1
      vertex -21.2006 24.3705 20.4
    endloop
  endfacet
  facet normal -0.970722 -0.240124 -0.00627275
    outer loop
      vertex -34.622 -11.8727 20.4
      vertex -40.1829 10.608 20.4
      vertex -40.1788 10.5993 20.1
    endloop
  endfacet
  facet normal -0.959731 -0.239287 -0.147164
    outer loop
      vertex -34.622 -11.8727 20.4
      vertex -40.1788 10.5993 20.1
      vertex -34.5757 -11.8736 20.1
    endloop
  endfacet
  facet normal -0.132487 -0.963813 -0.231325
    outer loop
      vertex -5.91507 -15.8853 20.4
      vertex -34.5757 -11.8736 20.1
      vertex -5.94573 -15.8091 20.1
    endloop
  endfacet
  facet normal -0.138409 -0.990204 -0.0184012
    outer loop
      vertex -5.91507 -15.8853 20.4
      vertex -34.622 -11.8727 20.4
      vertex -34.5757 -11.8736 20.1
    endloop
  endfacet
  facet normal 0.985592 -0.166058 -0.0321505
    outer loop
      vertex -1.26365 11.9221 20.4
      vertex -5.94573 -15.8091 20.1
      vertex -1.27322 11.9233 20.1
    endloop
  endfacet
  facet normal 0.976404 -0.163326 -0.141278
    outer loop
      vertex -5.91507 -15.8853 20.4
      vertex -5.94573 -15.8091 20.1
      vertex -1.26365 11.9221 20.4
    endloop
  endfacet
  facet normal 0.529611 0.84821 0.00718069
    outer loop
      vertex -1.26365 11.9221 20.4
      vertex -21.2006 24.3705 20.4
      vertex -21.1943 24.364 20.7
    endloop
  endfacet
  facet normal 0.529356 0.848295 -0.0133267
    outer loop
      vertex -1.26365 11.9221 20.4
      vertex -21.1943 24.364 20.7
      vertex -1.25408 11.9208 20.7
    endloop
  endfacet
  facet normal -0.586048 0.809665 -0.0314617
    outer loop
      vertex -40.1829 10.608 20.4
      vertex -40.187 10.6167 20.7
      vertex -21.1943 24.364 20.7
    endloop
  endfacet
  facet normal -0.586711 0.809241 0.0299837
    outer loop
      vertex -21.2006 24.3705 20.4
      vertex -40.1829 10.608 20.4
      vertex -21.1943 24.364 20.7
    endloop
  endfacet
  facet normal -0.971163 -0.238331 -0.00634309
    outer loop
      vertex -34.6682 -11.8718 20.7
      vertex -40.187 10.6167 20.7
      vertex -40.1829 10.608 20.4
    endloop
  endfacet
  facet normal -0.960163 -0.237512 -0.147223
    outer loop
      vertex -34.6682 -11.8718 20.7
      vertex -40.1829 10.608 20.4
      vertex -34.622 -11.8727 20.4
    endloop
  endfacet
  facet normal -0.134687 -0.963576 -0.231043
    outer loop
      vertex -5.88441 -15.9615 20.7
      vertex -34.622 -11.8727 20.4
      vertex -5.91507 -15.8853 20.4
    endloop
  endfacet
  facet normal -0.140647 -0.989882 -0.0187419
    outer loop
      vertex -5.88441 -15.9615 20.7
      vertex -34.6682 -11.8718 20.7
      vertex -34.622 -11.8727 20.4
    endloop
  endfacet
  facet normal 0.985787 -0.164895 -0.0321493
    outer loop
      vertex -1.25408 11.9208 20.7
      vertex -5.91507 -15.8853 20.4
      vertex -1.26365 11.9221 20.4
    endloop
  endfacet
  facet normal 0.976633 -0.162186 -0.141009
    outer loop
      vertex -5.88441 -15.9615 20.7
      vertex -5.91507 -15.8853 20.4
      vertex -1.25408 11.9208 20.7
    endloop
  endfacet
  facet normal 0.529389 0.848349 0.00718172
    outer loop
      vertex -1.25408 11.9208 20.7
      vertex -21.1943 24.364 20.7
      vertex -21.1879 24.3574 21
    endloop
  endfacet
  facet normal 0.529133 0.848434 -0.0133218
    outer loop
      vertex -1.25408 11.9208 20.7
      vertex -21.1879 24.3574 21
      vertex -1.2445 11.9195 21
    endloop
  endfacet
  facet normal -0.585411 0.810126 -0.0314591
    outer loop
      vertex -40.187 10.6167 20.7
      vertex -40.1911 10.6254 21
      vertex -21.1879 24.3574 21
    endloop
  endfacet
  facet normal -0.586075 0.809702 0.0299879
    outer loop
      vertex -21.1943 24.364 20.7
      vertex -40.187 10.6167 20.7
      vertex -21.1879 24.3574 21
    endloop
  endfacet
  facet normal -0.971602 -0.236536 -0.00638878
    outer loop
      vertex -34.7144 -11.8709 21
      vertex -40.1911 10.6254 21
      vertex -40.187 10.6167 20.7
    endloop
  endfacet
  facet normal -0.96059 -0.235736 -0.147295
    outer loop
      vertex -34.7144 -11.8709 21
      vertex -40.187 10.6167 20.7
      vertex -34.6682 -11.8718 20.7
    endloop
  endfacet
  facet normal -0.136875 -0.963336 -0.230757
    outer loop
      vertex -5.85376 -16.0378 21
      vertex -34.6682 -11.8718 20.7
      vertex -5.88441 -15.9615 20.7
    endloop
  endfacet
  facet normal -0.142869 -0.989557 -0.0190886
    outer loop
      vertex -5.85376 -16.0378 21
      vertex -34.7144 -11.8709 21
      vertex -34.6682 -11.8718 20.7
    endloop
  endfacet
  facet normal 0.98598 -0.163739 -0.0321502
    outer loop
      vertex -1.2445 11.9195 21
      vertex -5.88441 -15.9615 20.7
      vertex -1.25408 11.9208 20.7
    endloop
  endfacet
  facet normal 0.976859 -0.161052 -0.140745
    outer loop
      vertex -5.85376 -16.0378 21
      vertex -5.88441 -15.9615 20.7
      vertex -1.2445 11.9195 21
    endloop
  endfacet
  facet normal 0.529167 0.848487 0.0071928
    outer loop
      vertex -1.2445 11.9195 21
      vertex -21.1879 24.3574 21
      vertex -21.1816 24.3509 21.3
    endloop
  endfacet
  facet normal 0.528911 0.848573 -0.0133114
    outer loop
      vertex -1.2445 11.9195 21
      vertex -21.1816 24.3509 21.3
      vertex -1.23493 11.9183 21.3
    endloop
  endfacet
  facet normal -0.584773 0.810586 -0.0314712
    outer loop
      vertex -40.1911 10.6254 21
      vertex -40.1952 10.6341 21.3
      vertex -21.1816 24.3509 21.3
    endloop
  endfacet
  facet normal -0.585438 0.810163 0.0299807
    outer loop
      vertex -21.1879 24.3574 21
      vertex -40.1911 10.6254 21
      vertex -21.1816 24.3509 21.3
    endloop
  endfacet
  facet normal -0.972037 -0.23474 -0.00645911
    outer loop
      vertex -34.7606 -11.8701 21.3
      vertex -40.1952 10.6341 21.3
      vertex -40.1911 10.6254 21
    endloop
  endfacet
  facet normal -0.961014 -0.233958 -0.147365
    outer loop
      vertex -34.7606 -11.8701 21.3
      vertex -40.1911 10.6254 21
      vertex -34.7144 -11.8709 21
    endloop
  endfacet
  facet normal -0.139049 -0.963093 -0.230473
    outer loop
      vertex -5.8231 -16.114 21.3
      vertex -34.7144 -11.8709 21
      vertex -5.85376 -16.0378 21
    endloop
  endfacet
  facet normal -0.145079 -0.989229 -0.0194267
    outer loop
      vertex -5.8231 -16.114 21.3
      vertex -34.7606 -11.8701 21.3
      vertex -34.7144 -11.8709 21
    endloop
  endfacet
  facet normal 0.98617 -0.162587 -0.032152
    outer loop
      vertex -1.23493 11.9183 21.3
      vertex -5.85376 -16.0378 21
      vertex -1.2445 11.9195 21
    endloop
  endfacet
  facet normal 0.977082 -0.159923 -0.140484
    outer loop
      vertex -5.8231 -16.114 21.3
      vertex -5.85376 -16.0378 21
      vertex -1.23493 11.9183 21.3
    endloop
  endfacet
  facet normal 0.528945 0.848626 0.00720051
    outer loop
      vertex -1.23493 11.9183 21.3
      vertex -21.1816 24.3509 21.3
      vertex -21.1752 24.3444 21.6
    endloop
  endfacet
  facet normal 0.528689 0.848711 -0.0133064
    outer loop
      vertex -1.23493 11.9183 21.3
      vertex -21.1752 24.3444 21.6
      vertex -1.22536 11.917 21.6
    endloop
  endfacet
  facet normal -0.584136 0.811046 -0.0314684
    outer loop
      vertex -40.1952 10.6341 21.3
      vertex -40.1993 10.6428 21.6
      vertex -21.1752 24.3444 21.6
    endloop
  endfacet
  facet normal -0.5848 0.810623 0.0299771
    outer loop
      vertex -21.1816 24.3509 21.3
      vertex -40.1952 10.6341 21.3
      vertex -21.1752 24.3444 21.6
    endloop
  endfacet
  facet normal -0.972469 -0.232943 -0.00650472
    outer loop
      vertex -34.8068 -11.8692 21.6
      vertex -40.1993 10.6428 21.6
      vertex -40.1952 10.6341 21.3
    endloop
  endfacet
  facet normal -0.961434 -0.23218 -0.147435
    outer loop
      vertex -34.8068 -11.8692 21.6
      vertex -40.1952 10.6341 21.3
      vertex -34.7606 -11.8701 21.3
    endloop
  endfacet
  facet normal -0.141209 -0.962845 -0.230195
    outer loop
      vertex -5.79244 -16.1902 21.6
      vertex -34.7606 -11.8701 21.3
      vertex -5.8231 -16.114 21.3
    endloop
  endfacet
  facet normal -0.147274 -0.988898 -0.0197659
    outer loop
      vertex -5.79244 -16.1902 21.6
      vertex -34.8068 -11.8692 21.6
      vertex -34.7606 -11.8701 21.3
    endloop
  endfacet
  facet normal 0.986358 -0.161442 -0.0321527
    outer loop
      vertex -1.22536 11.917 21.6
      vertex -5.8231 -16.114 21.3
      vertex -1.23493 11.9183 21.3
    endloop
  endfacet
  facet normal 0.977303 -0.1588 -0.140219
    outer loop
      vertex -5.79244 -16.1902 21.6
      vertex -5.8231 -16.114 21.3
      vertex -1.22536 11.917 21.6
    endloop
  endfacet
  facet normal 0.528722 0.848764 0.00720818
    outer loop
      vertex -1.22536 11.917 21.6
      vertex -21.1752 24.3444 21.6
      vertex -21.1689 24.3379 21.9
    endloop
  endfacet
  facet normal 0.528467 0.84885 -0.013296
    outer loop
      vertex -1.22536 11.917 21.6
      vertex -21.1689 24.3379 21.9
      vertex -1.21579 11.9158 21.9
    endloop
  endfacet
  facet normal -0.583498 0.811505 -0.0314728
    outer loop
      vertex -40.1993 10.6428 21.6
      vertex -40.2034 10.6515 21.9
      vertex -21.1689 24.3379 21.9
    endloop
  endfacet
  facet normal -0.584163 0.811083 0.0299734
    outer loop
      vertex -21.1752 24.3444 21.6
      vertex -40.1993 10.6428 21.6
      vertex -21.1689 24.3379 21.9
    endloop
  endfacet
  facet normal -0.972897 -0.231145 -0.00656264
    outer loop
      vertex -34.8531 -11.8683 21.9
      vertex -40.2034 10.6515 21.9
      vertex -40.1993 10.6428 21.6
    endloop
  endfacet
  facet normal -0.961851 -0.2304 -0.147505
    outer loop
      vertex -34.8531 -11.8683 21.9
      vertex -40.1993 10.6428 21.6
      vertex -34.8068 -11.8692 21.6
    endloop
  endfacet
  facet normal -0.143357 -0.962597 -0.229905
    outer loop
      vertex -5.76178 -16.2664 21.9
      vertex -34.8068 -11.8692 21.6
      vertex -5.79244 -16.1902 21.6
    endloop
  endfacet
  facet normal -0.149455 -0.988564 -0.020106
    outer loop
      vertex -5.76178 -16.2664 21.9
      vertex -34.8531 -11.8683 21.9
      vertex -34.8068 -11.8692 21.6
    endloop
  endfacet
  facet normal 0.986544 -0.160301 -0.0321541
    outer loop
      vertex -1.21579 11.9158 21.9
      vertex -5.79244 -16.1902 21.6
      vertex -1.22536 11.917 21.6
    endloop
  endfacet
  facet normal 0.977522 -0.157682 -0.139955
    outer loop
      vertex -5.76178 -16.2664 21.9
      vertex -5.79244 -16.1902 21.6
      vertex -1.21579 11.9158 21.9
    endloop
  endfacet
  facet normal 0.5285 0.848903 0.00721589
    outer loop
      vertex -1.21579 11.9158 21.9
      vertex -21.1689 24.3379 21.9
      vertex -21.1625 24.3314 22.2
    endloop
  endfacet
  facet normal 0.528245 0.848988 -0.013291
    outer loop
      vertex -1.21579 11.9158 21.9
      vertex -21.1625 24.3314 22.2
      vertex -1.20621 11.9145 22.2
    endloop
  endfacet
  facet normal -0.582859 0.811963 -0.0314848
    outer loop
      vertex -40.2034 10.6515 21.9
      vertex -40.2075 10.6602 22.2
      vertex -21.1625 24.3314 22.2
    endloop
  endfacet
  facet normal -0.583525 0.811542 0.0299699
    outer loop
      vertex -21.1689 24.3379 21.9
      vertex -40.2034 10.6515 21.9
      vertex -21.1625 24.3314 22.2
    endloop
  endfacet
  facet normal -0.973322 -0.229346 -0.00663296
    outer loop
      vertex -34.8993 -11.8674 22.2
      vertex -40.2075 10.6602 22.2
      vertex -40.2034 10.6515 21.9
    endloop
  endfacet
  facet normal -0.962264 -0.228619 -0.147585
    outer loop
      vertex -34.8993 -11.8674 22.2
      vertex -40.2034 10.6515 21.9
      vertex -34.8531 -11.8683 21.9
    endloop
  endfacet
  facet normal -0.145491 -0.962344 -0.229623
    outer loop
      vertex -5.73112 -16.3426 22.2
      vertex -34.8531 -11.8683 21.9
      vertex -5.76178 -16.2664 21.9
    endloop
  endfacet
  facet normal -0.151623 -0.988227 -0.0204397
    outer loop
      vertex -5.73112 -16.3426 22.2
      vertex -34.8993 -11.8674 22.2
      vertex -34.8531 -11.8683 21.9
    endloop
  endfacet
  facet normal 0.986728 -0.159167 -0.0321547
    outer loop
      vertex -1.20621 11.9145 22.2
      vertex -5.76178 -16.2664 21.9
      vertex -1.21579 11.9158 21.9
    endloop
  endfacet
  facet normal 0.977738 -0.156568 -0.139698
    outer loop
      vertex -5.73112 -16.3426 22.2
      vertex -5.76178 -16.2664 21.9
      vertex -1.20621 11.9145 22.2
    endloop
  endfacet
  facet normal 0.528278 0.849041 0.00722365
    outer loop
      vertex -1.20621 11.9145 22.2
      vertex -21.1625 24.3314 22.2
      vertex -21.1561 24.3249 22.5
    endloop
  endfacet
  facet normal 0.528022 0.849127 -0.0132824
    outer loop
      vertex -1.20621 11.9145 22.2
      vertex -21.1561 24.3249 22.5
      vertex -1.19664 11.9132 22.5
    endloop
  endfacet
  facet normal -0.58222 0.812422 -0.0314896
    outer loop
      vertex -40.2075 10.6602 22.2
      vertex -40.2116 10.6689 22.5
      vertex -21.1561 24.3249 22.5
    endloop
  endfacet
  facet normal -0.582886 0.812001 0.0299665
    outer loop
      vertex -21.1625 24.3314 22.2
      vertex -40.2075 10.6602 22.2
      vertex -21.1561 24.3249 22.5
    endloop
  endfacet
  facet normal -0.973745 -0.227545 -0.00669094
    outer loop
      vertex -34.9455 -11.8665 22.5
      vertex -40.2116 10.6689 22.5
      vertex -40.2075 10.6602 22.2
    endloop
  endfacet
  facet normal -0.962677 -0.226837 -0.147643
    outer loop
      vertex -34.9455 -11.8665 22.5
      vertex -40.2075 10.6602 22.2
      vertex -34.8993 -11.8674 22.2
    endloop
  endfacet
  facet normal -0.147612 -0.962088 -0.229343
    outer loop
      vertex -5.70047 -16.4189 22.5
      vertex -34.8993 -11.8674 22.2
      vertex -5.73112 -16.3426 22.2
    endloop
  endfacet
  facet normal -0.153777 -0.987887 -0.0207739
    outer loop
      vertex -5.70047 -16.4189 22.5
      vertex -34.9455 -11.8665 22.5
      vertex -34.8993 -11.8674 22.2
    endloop
  endfacet
  facet normal 0.986909 -0.158037 -0.0321596
    outer loop
      vertex -1.19664 11.9132 22.5
      vertex -5.73112 -16.3426 22.2
      vertex -1.20621 11.9145 22.2
    endloop
  endfacet
  facet normal 0.977952 -0.155461 -0.139436
    outer loop
      vertex -5.70047 -16.4189 22.5
      vertex -5.73112 -16.3426 22.2
      vertex -1.19664 11.9132 22.5
    endloop
  endfacet
  facet normal 0.528055 0.849179 0.00723136
    outer loop
      vertex -1.19664 11.9132 22.5
      vertex -21.1561 24.3249 22.5
      vertex -21.1498 24.3184 22.8
    endloop
  endfacet
  facet normal 0.5278 0.849265 -0.0132731
    outer loop
      vertex -1.19664 11.9132 22.5
      vertex -21.1498 24.3184 22.8
      vertex -1.18707 11.912 22.8
    endloop
  endfacet
  facet normal -0.58158 0.812879 -0.0314867
    outer loop
      vertex -40.2116 10.6689 22.5
      vertex -40.2157 10.6776 22.8
      vertex -21.1498 24.3184 22.8
    endloop
  endfacet
  facet normal -0.582247 0.81246 0.0299629
    outer loop
      vertex -21.1561 24.3249 22.5
      vertex -40.2116 10.6689 22.5
      vertex -21.1498 24.3184 22.8
    endloop
  endfacet
  facet normal -0.974163 -0.225744 -0.00673648
    outer loop
      vertex -34.9917 -11.8656 22.8
      vertex -40.2157 10.6776 22.8
      vertex -40.2116 10.6689 22.5
    endloop
  endfacet
  facet normal -0.963085 -0.225054 -0.147711
    outer loop
      vertex -34.9917 -11.8656 22.8
      vertex -40.2116 10.6689 22.5
      vertex -34.9455 -11.8665 22.5
    endloop
  endfacet
  facet normal -0.14972 -0.961829 -0.229061
    outer loop
      vertex -5.66981 -16.4951 22.8
      vertex -34.9455 -11.8665 22.5
      vertex -5.70047 -16.4189 22.5
    endloop
  endfacet
  facet normal -0.155917 -0.987545 -0.0211015
    outer loop
      vertex -5.66981 -16.4951 22.8
      vertex -34.9917 -11.8656 22.8
      vertex -34.9455 -11.8665 22.5
    endloop
  endfacet
  facet normal 0.987089 -0.156913 -0.0321575
    outer loop
      vertex -1.18707 11.912 22.8
      vertex -5.70047 -16.4189 22.5
      vertex -1.19664 11.9132 22.5
    endloop
  endfacet
  facet normal 0.978163 -0.154358 -0.139177
    outer loop
      vertex -5.66981 -16.4951 22.8
      vertex -5.70047 -16.4189 22.5
      vertex -1.18707 11.912 22.8
    endloop
  endfacet
  facet normal 0.527833 0.849317 0.00723571
    outer loop
      vertex -1.18707 11.912 22.8
      vertex -21.1498 24.3184 22.8
      vertex -21.1434 24.3119 23.1
    endloop
  endfacet
  facet normal 0.527578 0.849403 -0.0132681
    outer loop
      vertex -1.18707 11.912 22.8
      vertex -21.1434 24.3119 23.1
      vertex -1.17749 11.9107 23.1
    endloop
  endfacet
  facet normal -0.580941 0.813337 -0.0314887
    outer loop
      vertex -40.2157 10.6776 22.8
      vertex -40.2198 10.6863 23.1
      vertex -21.1434 24.3119 23.1
    endloop
  endfacet
  facet normal -0.581608 0.812917 0.029963
    outer loop
      vertex -21.1498 24.3184 22.8
      vertex -40.2157 10.6776 22.8
      vertex -21.1434 24.3119 23.1
    endloop
  endfacet
  facet normal -0.974579 -0.223941 -0.0067951
    outer loop
      vertex -35.0379 -11.8647 23.1
      vertex -40.2198 10.6863 23.1
      vertex -40.2157 10.6776 22.8
    endloop
  endfacet
  facet normal -0.963488 -0.22327 -0.147791
    outer loop
      vertex -35.0379 -11.8647 23.1
      vertex -40.2157 10.6776 22.8
      vertex -34.9917 -11.8656 22.8
    endloop
  endfacet
  facet normal -0.151816 -0.961567 -0.22878
    outer loop
      vertex -5.63915 -16.5713 23.1
      vertex -34.9917 -11.8656 22.8
      vertex -5.66981 -16.4951 22.8
    endloop
  endfacet
  facet normal -0.158044 -0.987199 -0.0214354
    outer loop
      vertex -5.63915 -16.5713 23.1
      vertex -35.0379 -11.8647 23.1
      vertex -34.9917 -11.8656 22.8
    endloop
  endfacet
  facet normal 0.987266 -0.155794 -0.0321579
    outer loop
      vertex -1.17749 11.9107 23.1
      vertex -5.66981 -16.4951 22.8
      vertex -1.18707 11.912 22.8
    endloop
  endfacet
  facet normal 0.978372 -0.15326 -0.138923
    outer loop
      vertex -5.63915 -16.5713 23.1
      vertex -5.66981 -16.4951 22.8
      vertex -1.17749 11.9107 23.1
    endloop
  endfacet
  facet normal 0.52761 0.849456 0.00725009
    outer loop
      vertex -1.17749 11.9107 23.1
      vertex -21.1434 24.3119 23.1
      vertex -21.1371 24.3054 23.4
    endloop
  endfacet
  facet normal 0.527355 0.849541 -0.0132576
    outer loop
      vertex -1.17749 11.9107 23.1
      vertex -21.1371 24.3054 23.4
      vertex -1.16792 11.9095 23.4
    endloop
  endfacet
  facet normal -0.5803 0.813793 -0.0315029
    outer loop
      vertex -40.2198 10.6863 23.1
      vertex -40.2239 10.695 23.4
      vertex -21.1371 24.3054 23.4
    endloop
  endfacet
  facet normal -0.580968 0.813375 0.0299518
    outer loop
      vertex -21.1434 24.3119 23.1
      vertex -40.2198 10.6863 23.1
      vertex -21.1371 24.3054 23.4
    endloop
  endfacet
  facet normal -0.974991 -0.222138 -0.00686463
    outer loop
      vertex -35.0842 -11.8639 23.4
      vertex -40.2239 10.695 23.4
      vertex -40.2198 10.6863 23.1
    endloop
  endfacet
  facet normal -0.963891 -0.221485 -0.147845
    outer loop
      vertex -35.0842 -11.8639 23.4
      vertex -40.2198 10.6863 23.1
      vertex -35.0379 -11.8647 23.1
    endloop
  endfacet
  facet normal -0.153898 -0.961303 -0.228499
    outer loop
      vertex -5.60849 -16.6475 23.4
      vertex -35.0379 -11.8647 23.1
      vertex -5.63915 -16.5713 23.1
    endloop
  endfacet
  facet normal -0.160158 -0.986852 -0.0217568
    outer loop
      vertex -5.60849 -16.6475 23.4
      vertex -35.0842 -11.8639 23.4
      vertex -35.0379 -11.8647 23.1
    endloop
  endfacet
  facet normal 0.987441 -0.154681 -0.0321591
    outer loop
      vertex -1.16792 11.9095 23.4
      vertex -5.63915 -16.5713 23.1
      vertex -1.17749 11.9107 23.1
    endloop
  endfacet
  facet normal 0.978579 -0.152168 -0.138663
    outer loop
      vertex -5.60849 -16.6475 23.4
      vertex -5.63915 -16.5713 23.1
      vertex -1.16792 11.9095 23.4
    endloop
  endfacet
  facet normal 0.527388 0.849594 0.00725109
    outer loop
      vertex -1.16792 11.9095 23.4
      vertex -21.1371 24.3054 23.4
      vertex -21.1307 24.2989 23.7
    endloop
  endfacet
  facet normal 0.527133 0.849679 -0.0132526
    outer loop
      vertex -1.16792 11.9095 23.4
      vertex -21.1307 24.2989 23.7
      vertex -1.15835 11.9082 23.7
    endloop
  endfacet
  facet normal -0.57966 0.814249 -0.0315
    outer loop
      vertex -40.2239 10.695 23.4
      vertex -40.2279 10.7037 23.7
      vertex -21.1307 24.2989 23.7
    endloop
  endfacet
  facet normal -0.580328 0.813832 0.0299555
    outer loop
      vertex -21.1371 24.3054 23.4
      vertex -40.2239 10.695 23.4
      vertex -21.1307 24.2989 23.7
    endloop
  endfacet
  facet normal -0.9754 -0.220333 -0.00691011
    outer loop
      vertex -35.1304 -11.863 23.7
      vertex -40.2279 10.7037 23.7
      vertex -40.2239 10.695 23.4
    endloop
  endfacet
  facet normal -0.96429 -0.219699 -0.147912
    outer loop
      vertex -35.1304 -11.863 23.7
      vertex -40.2239 10.695 23.4
      vertex -35.0842 -11.8639 23.4
    endloop
  endfacet
  facet normal -0.155968 -0.961036 -0.22822
    outer loop
      vertex -5.57783 -16.7237 23.7
      vertex -35.0842 -11.8639 23.4
      vertex -5.60849 -16.6475 23.4
    endloop
  endfacet
  facet normal -0.162258 -0.986501 -0.0220845
    outer loop
      vertex -5.57783 -16.7237 23.7
      vertex -35.1304 -11.863 23.7
      vertex -35.0842 -11.8639 23.4
    endloop
  endfacet
  facet normal 0.987614 -0.153573 -0.0321595
    outer loop
      vertex -1.15835 11.9082 23.7
      vertex -5.60849 -16.6475 23.4
      vertex -1.16792 11.9095 23.4
    endloop
  endfacet
  facet normal 0.978784 -0.15108 -0.13841
    outer loop
      vertex -5.57783 -16.7237 23.7
      vertex -5.60849 -16.6475 23.4
      vertex -1.15835 11.9082 23.7
    endloop
  endfacet
  facet normal 0.527165 0.849732 0.00726555
    outer loop
      vertex -1.15835 11.9082 23.7
      vertex -21.1307 24.2989 23.7
      vertex -21.1244 24.2924 24
    endloop
  endfacet
  facet normal 0.526911 0.849818 -0.0132423
    outer loop
      vertex -1.15835 11.9082 23.7
      vertex -21.1244 24.2924 24
      vertex -1.14877 11.9069 24
    endloop
  endfacet
  facet normal -0.579019 0.814705 -0.0315121
    outer loop
      vertex -40.2279 10.7037 23.7
      vertex -40.232 10.7124 24
      vertex -21.1244 24.2924 24
    endloop
  endfacet
  facet normal -0.579688 0.814288 0.0299446
    outer loop
      vertex -21.1307 24.2989 23.7
      vertex -40.2279 10.7037 23.7
      vertex -21.1244 24.2924 24
    endloop
  endfacet
  facet normal -0.975806 -0.218527 -0.00698042
    outer loop
      vertex -35.1766 -11.8621 24
      vertex -40.232 10.7124 24
      vertex -40.2279 10.7037 23.7
    endloop
  endfacet
  facet normal -0.964685 -0.217912 -0.147978
    outer loop
      vertex -35.1766 -11.8621 24
      vertex -40.2279 10.7037 23.7
      vertex -35.1304 -11.863 23.7
    endloop
  endfacet
  facet normal -0.158025 -0.960765 -0.227943
    outer loop
      vertex -5.54717 -16.7999 24
      vertex -35.1304 -11.863 23.7
      vertex -5.57783 -16.7237 23.7
    endloop
  endfacet
  facet normal -0.164346 -0.986148 -0.0224042
    outer loop
      vertex -5.54717 -16.7999 24
      vertex -35.1766 -11.8621 24
      vertex -35.1304 -11.863 23.7
    endloop
  endfacet
  facet normal 0.987785 -0.15247 -0.032161
    outer loop
      vertex -1.14877 11.9069 24
      vertex -5.57783 -16.7237 23.7
      vertex -1.15835 11.9082 23.7
    endloop
  endfacet
  facet normal 0.978986 -0.149998 -0.138154
    outer loop
      vertex -5.54717 -16.7999 24
      vertex -5.57783 -16.7237 23.7
      vertex -1.14877 11.9069 24
    endloop
  endfacet
  facet normal 0.526943 0.84987 0.00727196
    outer loop
      vertex -1.14877 11.9069 24
      vertex -21.1244 24.2924 24
      vertex -21.118 24.2859 24.3
    endloop
  endfacet
  facet normal 0.526688 0.849956 -0.0132374
    outer loop
      vertex -1.14877 11.9069 24
      vertex -21.118 24.2859 24.3
      vertex -1.1392 11.9057 24.3
    endloop
  endfacet
  facet normal -0.578378 0.81516 -0.0315092
    outer loop
      vertex -40.232 10.7124 24
      vertex -40.2361 10.7211 24.3
      vertex -21.118 24.2859 24.3
    endloop
  endfacet
  facet normal -0.579047 0.814744 0.0299535
    outer loop
      vertex -21.1244 24.2924 24
      vertex -40.232 10.7124 24
      vertex -21.118 24.2859 24.3
    endloop
  endfacet
  facet normal -0.976208 -0.216721 -0.00702586
    outer loop
      vertex -35.2228 -11.8612 24.3
      vertex -40.2361 10.7211 24.3
      vertex -40.232 10.7124 24
    endloop
  endfacet
  facet normal -0.965077 -0.216125 -0.148045
    outer loop
      vertex -35.2228 -11.8612 24.3
      vertex -40.232 10.7124 24
      vertex -35.1766 -11.8621 24
    endloop
  endfacet
  facet normal -0.16007 -0.960493 -0.227664
    outer loop
      vertex -5.51652 -16.8762 24.3
      vertex -35.1766 -11.8621 24
      vertex -5.54717 -16.7999 24
    endloop
  endfacet
  facet normal -0.16642 -0.985793 -0.0227279
    outer loop
      vertex -5.51652 -16.8762 24.3
      vertex -35.2228 -11.8612 24.3
      vertex -35.1766 -11.8621 24
    endloop
  endfacet
  facet normal 0.987954 -0.151372 -0.0321613
    outer loop
      vertex -1.1392 11.9057 24.3
      vertex -5.54717 -16.7999 24
      vertex -1.14877 11.9069 24
    endloop
  endfacet
  facet normal 0.979186 -0.148921 -0.137901
    outer loop
      vertex -5.51652 -16.8762 24.3
      vertex -5.54717 -16.7999 24
      vertex -1.1392 11.9057 24.3
    endloop
  endfacet
  facet normal 0.52672 0.850008 0.00727762
    outer loop
      vertex -1.1392 11.9057 24.3
      vertex -21.118 24.2859 24.3
      vertex -21.1116 24.2793 24.6
    endloop
  endfacet
  facet normal 0.526466 0.850094 -0.0132287
    outer loop
      vertex -1.1392 11.9057 24.3
      vertex -21.1116 24.2793 24.6
      vertex -1.12963 11.9044 24.6
    endloop
  endfacet
  facet normal -0.577736 0.815615 -0.0315136
    outer loop
      vertex -40.2361 10.7211 24.3
      vertex -40.2402 10.7297 24.6
      vertex -21.1116 24.2793 24.6
    endloop
  endfacet
  facet normal -0.578406 0.8152 0.0299409
    outer loop
      vertex -21.118 24.2859 24.3
      vertex -40.2361 10.7211 24.3
      vertex -21.1116 24.2793 24.6
    endloop
  endfacet
  facet normal -0.976608 -0.214913 -0.00708369
    outer loop
      vertex -35.269 -11.8603 24.6
      vertex -40.2402 10.7297 24.6
      vertex -40.2361 10.7211 24.3
    endloop
  endfacet
  facet normal -0.965466 -0.214336 -0.148109
    outer loop
      vertex -35.269 -11.8603 24.6
      vertex -40.2361 10.7211 24.3
      vertex -35.2228 -11.8612 24.3
    endloop
  endfacet
  facet normal -0.162102 -0.960217 -0.227392
    outer loop
      vertex -5.48586 -16.9524 24.6
      vertex -35.2228 -11.8612 24.3
      vertex -5.51652 -16.8762 24.3
    endloop
  endfacet
  facet normal -0.168481 -0.985435 -0.0230434
    outer loop
      vertex -5.48586 -16.9524 24.6
      vertex -35.269 -11.8603 24.6
      vertex -35.2228 -11.8612 24.3
    endloop
  endfacet
  facet normal 0.98812 -0.150279 -0.0321656
    outer loop
      vertex -1.12963 11.9044 24.6
      vertex -5.51652 -16.8762 24.3
      vertex -1.1392 11.9057 24.3
    endloop
  endfacet
  facet normal 0.979384 -0.147848 -0.137652
    outer loop
      vertex -5.48586 -16.9524 24.6
      vertex -5.51652 -16.8762 24.3
      vertex -1.12963 11.9044 24.6
    endloop
  endfacet
  facet normal 0.526498 0.850145 0.00728528
    outer loop
      vertex -1.12963 11.9044 24.6
      vertex -21.1116 24.2793 24.6
      vertex -21.1053 24.2728 24.9
    endloop
  endfacet
  facet normal 0.526243 0.850231 -0.0132219
    outer loop
      vertex -1.12963 11.9044 24.6
      vertex -21.1053 24.2728 24.9
      vertex -1.12005 11.9032 24.9
    endloop
  endfacet
  facet normal -0.577094 0.816069 -0.0315251
    outer loop
      vertex -40.2402 10.7297 24.6
      vertex -40.2443 10.7384 24.9
      vertex -21.1053 24.2728 24.9
    endloop
  endfacet
  facet normal -0.577764 0.815655 0.029937
    outer loop
      vertex -21.1116 24.2793 24.6
      vertex -40.2402 10.7297 24.6
      vertex -21.1053 24.2728 24.9
    endloop
  endfacet
  facet normal -0.977003 -0.213104 -0.00715388
    outer loop
      vertex -35.3153 -11.8594 24.9
      vertex -40.2443 10.7384 24.9
      vertex -40.2402 10.7297 24.6
    endloop
  endfacet
  facet normal -0.96585 -0.212546 -0.148186
    outer loop
      vertex -35.3153 -11.8594 24.9
      vertex -40.2402 10.7297 24.6
      vertex -35.269 -11.8603 24.6
    endloop
  endfacet
  facet normal -0.164122 -0.95994 -0.227108
    outer loop
      vertex -5.4552 -17.0286 24.9
      vertex -35.269 -11.8603 24.6
      vertex -5.48586 -16.9524 24.6
    endloop
  endfacet
  facet normal -0.17053 -0.985075 -0.0233653
    outer loop
      vertex -5.4552 -17.0286 24.9
      vertex -35.3153 -11.8594 24.9
      vertex -35.269 -11.8603 24.6
    endloop
  endfacet
  facet normal 0.988285 -0.149192 -0.0321625
    outer loop
      vertex -1.12005 11.9032 24.9
      vertex -5.48586 -16.9524 24.6
      vertex -1.12963 11.9044 24.6
    endloop
  endfacet
  facet normal 0.97958 -0.146781 -0.137396
    outer loop
      vertex -5.4552 -17.0286 24.9
      vertex -5.48586 -16.9524 24.6
      vertex -1.12005 11.9032 24.9
    endloop
  endfacet
  facet normal 0.526275 0.850283 0.00729299
    outer loop
      vertex -1.12005 11.9032 24.9
      vertex -21.1053 24.2728 24.9
      vertex -21.0989 24.2663 25.2
    endloop
  endfacet
  facet normal 0.52602 0.850369 -0.0132115
    outer loop
      vertex -1.12005 11.9032 24.9
      vertex -21.0989 24.2663 25.2
      vertex -1.11048 11.9019 25.2
    endloop
  endfacet
  facet normal -0.576451 0.816523 -0.0315295
    outer loop
      vertex -40.2443 10.7384 24.9
      vertex -40.2484 10.7471 25.2
      vertex -21.0989 24.2663 25.2
    endloop
  endfacet
  facet normal -0.577122 0.816109 0.0299333
    outer loop
      vertex -21.1053 24.2728 24.9
      vertex -40.2443 10.7384 24.9
      vertex -21.0989 24.2663 25.2
    endloop
  endfacet
  facet normal -0.977396 -0.211295 -0.00721168
    outer loop
      vertex -35.3615 -11.8585 25.2
      vertex -40.2484 10.7471 25.2
      vertex -40.2443 10.7384 24.9
    endloop
  endfacet
  facet normal -0.966234 -0.210755 -0.148237
    outer loop
      vertex -35.3615 -11.8585 25.2
      vertex -40.2443 10.7384 24.9
      vertex -35.3153 -11.8594 24.9
    endloop
  endfacet
  facet normal -0.16613 -0.95966 -0.226832
    outer loop
      vertex -5.42454 -17.1048 25.2
      vertex -35.3153 -11.8594 24.9
      vertex -5.4552 -17.0286 24.9
    endloop
  endfacet
  facet normal -0.172566 -0.984713 -0.0236747
    outer loop
      vertex -5.42454 -17.1048 25.2
      vertex -35.3615 -11.8585 25.2
      vertex -35.3153 -11.8594 24.9
    endloop
  endfacet
  facet normal 0.988448 -0.148109 -0.0321636
    outer loop
      vertex -1.11048 11.9019 25.2
      vertex -5.4552 -17.0286 24.9
      vertex -1.12005 11.9032 24.9
    endloop
  endfacet
  facet normal 0.979774 -0.145718 -0.137146
    outer loop
      vertex -5.42454 -17.1048 25.2
      vertex -5.4552 -17.0286 24.9
      vertex -1.11048 11.9019 25.2
    endloop
  endfacet
  facet normal 0.526052 0.850421 0.00730074
    outer loop
      vertex -1.11048 11.9019 25.2
      vertex -21.0989 24.2663 25.2
      vertex -21.0926 24.2598 25.5
    endloop
  endfacet
  facet normal 0.525798 0.850507 -0.0132066
    outer loop
      vertex -1.11048 11.9019 25.2
      vertex -21.0926 24.2598 25.5
      vertex -1.10091 11.9006 25.5
    endloop
  endfacet
  facet normal -0.575809 0.816976 -0.0315268
    outer loop
      vertex -40.2484 10.7471 25.2
      vertex -40.2525 10.7558 25.5
      vertex -21.0926 24.2598 25.5
    endloop
  endfacet
  facet normal -0.57648 0.816563 0.0299297
    outer loop
      vertex -21.0989 24.2663 25.2
      vertex -40.2484 10.7471 25.2
      vertex -21.0926 24.2598 25.5
    endloop
  endfacet
  facet normal -0.977785 -0.209484 -0.00725708
    outer loop
      vertex -35.4077 -11.8576 25.5
      vertex -40.2525 10.7558 25.5
      vertex -40.2484 10.7471 25.2
    endloop
  endfacet
  facet normal -0.966613 -0.208964 -0.148302
    outer loop
      vertex -35.4077 -11.8576 25.5
      vertex -40.2484 10.7471 25.2
      vertex -35.3615 -11.8585 25.2
    endloop
  endfacet
  facet normal -0.168126 -0.959378 -0.226557
    outer loop
      vertex -5.39388 -17.181 25.5
      vertex -35.3615 -11.8585 25.2
      vertex -5.42454 -17.1048 25.2
    endloop
  endfacet
  facet normal -0.174589 -0.984349 -0.0239907
    outer loop
      vertex -5.39388 -17.181 25.5
      vertex -35.4077 -11.8576 25.5
      vertex -35.3615 -11.8585 25.2
    endloop
  endfacet
  facet normal 0.988609 -0.147032 -0.032164
    outer loop
      vertex -1.10091 11.9006 25.5
      vertex -5.42454 -17.1048 25.2
      vertex -1.11048 11.9019 25.2
    endloop
  endfacet
  facet normal 0.979965 -0.14466 -0.136901
    outer loop
      vertex -5.39388 -17.181 25.5
      vertex -5.42454 -17.1048 25.2
      vertex -1.10091 11.9006 25.5
    endloop
  endfacet
  facet normal 0.52583 0.850559 0.00730844
    outer loop
      vertex -1.10091 11.9006 25.5
      vertex -21.0926 24.2598 25.5
      vertex -21.0862 24.2533 25.8
    endloop
  endfacet
  facet normal 0.525575 0.850645 -0.0131962
    outer loop
      vertex -1.10091 11.9006 25.5
      vertex -21.0862 24.2533 25.8
      vertex -1.09134 11.8994 25.8
    endloop
  endfacet
  facet normal -0.575166 0.817429 -0.0315311
    outer loop
      vertex -40.2525 10.7558 25.5
      vertex -40.2566 10.7645 25.8
      vertex -21.0862 24.2533 25.8
    endloop
  endfacet
  facet normal -0.575837 0.817017 0.0299259
    outer loop
      vertex -21.0926 24.2598 25.5
      vertex -40.2525 10.7558 25.5
      vertex -21.0862 24.2533 25.8
    endloop
  endfacet
  facet normal -0.978171 -0.207673 -0.00731484
    outer loop
      vertex -35.4539 -11.8568 25.8
      vertex -40.2566 10.7645 25.8
      vertex -40.2525 10.7558 25.5
    endloop
  endfacet
  facet normal -0.966987 -0.207171 -0.148377
    outer loop
      vertex -35.4539 -11.8568 25.8
      vertex -40.2525 10.7558 25.5
      vertex -35.4077 -11.8576 25.5
    endloop
  endfacet
  facet normal -0.170109 -0.959092 -0.226288
    outer loop
      vertex -5.36323 -17.2573 25.8
      vertex -35.4077 -11.8576 25.5
      vertex -5.39388 -17.181 25.5
    endloop
  endfacet
  facet normal -0.176599 -0.983983 -0.0243006
    outer loop
      vertex -5.36323 -17.2573 25.8
      vertex -35.4539 -11.8568 25.8
      vertex -35.4077 -11.8576 25.5
    endloop
  endfacet
  facet normal 0.988767 -0.14596 -0.032165
    outer loop
      vertex -1.09134 11.8994 25.8
      vertex -5.39388 -17.181 25.5
      vertex -1.10091 11.9006 25.5
    endloop
  endfacet
  facet normal 0.980155 -0.143608 -0.136651
    outer loop
      vertex -5.36323 -17.2573 25.8
      vertex -5.39388 -17.181 25.5
      vertex -1.09134 11.8994 25.8
    endloop
  endfacet
  facet normal 0.525607 0.850696 0.00731615
    outer loop
      vertex -1.09134 11.8994 25.8
      vertex -21.0862 24.2533 25.8
      vertex -21.0799 24.2468 26.1
    endloop
  endfacet
  facet normal 0.525352 0.850783 -0.0131886
    outer loop
      vertex -1.09134 11.8994 25.8
      vertex -21.0799 24.2468 26.1
      vertex -1.08176 11.8981 26.1
    endloop
  endfacet
  facet normal -0.574522 0.817881 -0.0315428
    outer loop
      vertex -40.2566 10.7645 25.8
      vertex -40.2607 10.7732 26.1
      vertex -21.0799 24.2468 26.1
    endloop
  endfacet
  facet normal -0.575194 0.81747 0.0299221
    outer loop
      vertex -21.0862 24.2533 25.8
      vertex -40.2566 10.7645 25.8
      vertex -21.0799 24.2468 26.1
    endloop
  endfacet
  facet normal -0.978553 -0.205861 -0.00738501
    outer loop
      vertex -35.5001 -11.8559 26.1
      vertex -40.2607 10.7732 26.1
      vertex -40.2566 10.7645 25.8
    endloop
  endfacet
  facet normal -0.967362 -0.205378 -0.148428
    outer loop
      vertex -35.5001 -11.8559 26.1
      vertex -40.2566 10.7645 25.8
      vertex -35.4539 -11.8568 25.8
    endloop
  endfacet
  facet normal -0.172081 -0.958806 -0.226008
    outer loop
      vertex -5.33257 -17.3335 26.1
      vertex -35.4539 -11.8568 25.8
      vertex -5.36323 -17.2573 25.8
    endloop
  endfacet
  facet normal -0.178597 -0.983615 -0.0246073
    outer loop
      vertex -5.33257 -17.3335 26.1
      vertex -35.5001 -11.8559 26.1
      vertex -35.4539 -11.8568 25.8
    endloop
  endfacet
  facet normal 0.988924 -0.144892 -0.0321655
    outer loop
      vertex -1.08176 11.8981 26.1
      vertex -5.36323 -17.2573 25.8
      vertex -1.09134 11.8994 25.8
    endloop
  endfacet
  facet normal 0.980342 -0.14256 -0.136406
    outer loop
      vertex -5.33257 -17.3335 26.1
      vertex -5.36323 -17.2573 25.8
      vertex -1.08176 11.8981 26.1
    endloop
  endfacet
  facet normal 0.525384 0.850834 0.00732047
    outer loop
      vertex -1.08176 11.8981 26.1
      vertex -21.0799 24.2468 26.1
      vertex -21.0735 24.2403 26.4
    endloop
  endfacet
  facet normal 0.52513 0.85092 -0.0131835
    outer loop
      vertex -1.08176 11.8981 26.1
      vertex -21.0735 24.2403 26.4
      vertex -1.07219 11.8969 26.4
    endloop
  endfacet
  facet normal -0.573878 0.818333 -0.031537
    outer loop
      vertex -40.2607 10.7732 26.1
      vertex -40.2648 10.7819 26.4
      vertex -21.0735 24.2403 26.4
    endloop
  endfacet
  facet normal -0.574551 0.817922 0.0299217
    outer loop
      vertex -21.0799 24.2468 26.1
      vertex -40.2607 10.7732 26.1
      vertex -21.0735 24.2403 26.4
    endloop
  endfacet
  facet normal -0.978933 -0.204048 -0.00743089
    outer loop
      vertex -35.5463 -11.855 26.4
      vertex -40.2648 10.7819 26.4
      vertex -40.2607 10.7732 26.1
    endloop
  endfacet
  facet normal -0.967732 -0.203584 -0.14849
    outer loop
      vertex -35.5463 -11.855 26.4
      vertex -40.2607 10.7732 26.1
      vertex -35.5001 -11.8559 26.1
    endloop
  endfacet
  facet normal -0.17404 -0.958517 -0.225733
    outer loop
      vertex -5.30191 -17.4097 26.4
      vertex -35.5001 -11.8559 26.1
      vertex -5.33257 -17.3335 26.1
    endloop
  endfacet
  facet normal -0.180583 -0.983244 -0.0249173
    outer loop
      vertex -5.30191 -17.4097 26.4
      vertex -35.5463 -11.855 26.4
      vertex -35.5001 -11.8559 26.1
    endloop
  endfacet
  facet normal 0.98908 -0.14383 -0.0321653
    outer loop
      vertex -1.07219 11.8969 26.4
      vertex -5.33257 -17.3335 26.1
      vertex -1.08176 11.8981 26.1
    endloop
  endfacet
  facet normal 0.980528 -0.141516 -0.136156
    outer loop
      vertex -5.30191 -17.4097 26.4
      vertex -5.33257 -17.3335 26.1
      vertex -1.07219 11.8969 26.4
    endloop
  endfacet
  facet normal 0.525161 0.850971 0.00733485
    outer loop
      vertex -1.07219 11.8969 26.4
      vertex -21.0735 24.2403 26.4
      vertex -21.0671 24.2338 26.7
    endloop
  endfacet
  facet normal 0.524907 0.851058 -0.0131748
    outer loop
      vertex -1.07219 11.8969 26.4
      vertex -21.0671 24.2338 26.7
      vertex -1.06262 11.8956 26.7
    endloop
  endfacet
  facet normal -0.573234 0.818784 -0.0315512
    outer loop
      vertex -40.2648 10.7819 26.4
      vertex -40.2689 10.7906 26.7
      vertex -21.0671 24.2338 26.7
    endloop
  endfacet
  facet normal -0.573907 0.818374 0.0299106
    outer loop
      vertex -21.0735 24.2403 26.4
      vertex -40.2648 10.7819 26.4
      vertex -21.0671 24.2338 26.7
    endloop
  endfacet
  facet normal -0.979309 -0.202234 -0.00750039
    outer loop
      vertex -35.5926 -11.8541 26.7
      vertex -40.2689 10.7906 26.7
      vertex -40.2648 10.7819 26.4
    endloop
  endfacet
  facet normal -0.968098 -0.201789 -0.148551
    outer loop
      vertex -35.5926 -11.8541 26.7
      vertex -40.2648 10.7819 26.4
      vertex -35.5463 -11.855 26.4
    endloop
  endfacet
  facet normal -0.175988 -0.958225 -0.22546
    outer loop
      vertex -5.27125 -17.4859 26.7
      vertex -35.5463 -11.855 26.4
      vertex -5.30191 -17.4097 26.4
    endloop
  endfacet
  facet normal -0.182556 -0.982872 -0.0252193
    outer loop
      vertex -5.27125 -17.4859 26.7
      vertex -35.5926 -11.8541 26.7
      vertex -35.5463 -11.855 26.4
    endloop
  endfacet
  facet normal 0.989233 -0.142773 -0.0321694
    outer loop
      vertex -1.06262 11.8956 26.7
      vertex -5.30191 -17.4097 26.4
      vertex -1.07219 11.8969 26.4
    endloop
  endfacet
  facet normal 0.980711 -0.140478 -0.135911
    outer loop
      vertex -5.27125 -17.4859 26.7
      vertex -5.30191 -17.4097 26.4
      vertex -1.06262 11.8956 26.7
    endloop
  endfacet
  facet normal 0.524938 0.851109 0.00733593
    outer loop
      vertex -1.06262 11.8956 26.7
      vertex -21.0671 24.2338 26.7
      vertex -21.0608 24.2273 27
    endloop
  endfacet
  facet normal 0.524684 0.851195 -0.0131682
    outer loop
      vertex -1.06262 11.8956 26.7
      vertex -21.0608 24.2273 27
      vertex -1.05304 11.8943 27
    endloop
  endfacet
  facet normal -0.572589 0.819235 -0.0315484
    outer loop
      vertex -40.2689 10.7906 26.7
      vertex -40.2729 10.7993 27
      vertex -21.0608 24.2273 27
    endloop
  endfacet
  facet normal -0.573263 0.818825 0.0299142
    outer loop
      vertex -21.0671 24.2338 26.7
      vertex -40.2689 10.7906 26.7
      vertex -21.0608 24.2273 27
    endloop
  endfacet
  facet normal -0.979681 -0.200419 -0.00754566
    outer loop
      vertex -35.6388 -11.8532 27
      vertex -40.2729 10.7993 27
      vertex -40.2689 10.7906 26.7
    endloop
  endfacet
  facet normal -0.968461 -0.199994 -0.148614
    outer loop
      vertex -35.6388 -11.8532 27
      vertex -40.2689 10.7906 26.7
      vertex -35.5926 -11.8541 26.7
    endloop
  endfacet
  facet normal -0.177924 -0.957932 -0.225189
    outer loop
      vertex -5.24059 -17.5621 27
      vertex -35.5926 -11.8541 26.7
      vertex -5.27125 -17.4859 26.7
    endloop
  endfacet
  facet normal -0.184517 -0.982498 -0.0255258
    outer loop
      vertex -5.24059 -17.5621 27
      vertex -35.6388 -11.8532 27
      vertex -35.5926 -11.8541 26.7
    endloop
  endfacet
  facet normal 0.989384 -0.14172 -0.0321664
    outer loop
      vertex -1.05304 11.8943 27
      vertex -5.27125 -17.4859 26.7
      vertex -1.06262 11.8956 26.7
    endloop
  endfacet
  facet normal 0.980892 -0.139444 -0.13567
    outer loop
      vertex -5.24059 -17.5621 27
      vertex -5.27125 -17.4859 26.7
      vertex -1.05304 11.8943 27
    endloop
  endfacet
  facet normal 0.524715 0.851246 0.0073503
    outer loop
      vertex -1.05304 11.8943 27
      vertex -21.0608 24.2273 27
      vertex -21.0544 24.2208 27.3
    endloop
  endfacet
  facet normal 0.524461 0.851333 -0.0131578
    outer loop
      vertex -1.05304 11.8943 27
      vertex -21.0544 24.2208 27.3
      vertex -1.04347 11.8931 27.3
    endloop
  endfacet
  facet normal -0.571944 0.819685 -0.0315526
    outer loop
      vertex -40.2729 10.7993 27
      vertex -40.277 10.808 27.3
      vertex -21.0544 24.2208 27.3
    endloop
  endfacet
  facet normal -0.572618 0.819277 0.0299031
    outer loop
      vertex -21.0608 24.2273 27
      vertex -40.2729 10.7993 27
      vertex -21.0544 24.2208 27.3
    endloop
  endfacet
  facet normal -0.98005 -0.198603 -0.00760331
    outer loop
      vertex -35.685 -11.8523 27.3
      vertex -40.277 10.808 27.3
      vertex -40.2729 10.7993 27
    endloop
  endfacet
  facet normal -0.968821 -0.198197 -0.148674
    outer loop
      vertex -35.685 -11.8523 27.3
      vertex -40.2729 10.7993 27
      vertex -35.6388 -11.8532 27
    endloop
  endfacet
  facet normal -0.179848 -0.957636 -0.224917
    outer loop
      vertex -5.20994 -17.6383 27.3
      vertex -35.6388 -11.8532 27
      vertex -5.24059 -17.5621 27
    endloop
  endfacet
  facet normal -0.186466 -0.982122 -0.025824
    outer loop
      vertex -5.20994 -17.6383 27.3
      vertex -35.685 -11.8523 27.3
      vertex -35.6388 -11.8532 27
    endloop
  endfacet
  facet normal 0.989533 -0.140673 -0.0321672
    outer loop
      vertex -1.04347 11.8931 27.3
      vertex -5.24059 -17.5621 27
      vertex -1.05304 11.8943 27
    endloop
  endfacet
  facet normal 0.981072 -0.138415 -0.135424
    outer loop
      vertex -5.20994 -17.6383 27.3
      vertex -5.24059 -17.5621 27
      vertex -1.04347 11.8931 27.3
    endloop
  endfacet
  facet normal 0.524492 0.851383 0.00735675
    outer loop
      vertex -1.04347 11.8931 27.3
      vertex -21.0544 24.2208 27.3
      vertex -21.0481 24.2143 27.6
    endloop
  endfacet
  facet normal 0.524238 0.85147 -0.0131528
    outer loop
      vertex -1.04347 11.8931 27.3
      vertex -21.0481 24.2143 27.6
      vertex -1.0339 11.8918 27.6
    endloop
  endfacet
  facet normal -0.571299 0.820135 -0.0315641
    outer loop
      vertex -40.277 10.808 27.3
      vertex -40.2811 10.8167 27.6
      vertex -21.0481 24.2143 27.6
    endloop
  endfacet
  facet normal -0.571973 0.819727 0.0299117
    outer loop
      vertex -21.0544 24.2208 27.3
      vertex -40.277 10.808 27.3
      vertex -21.0481 24.2143 27.6
    endloop
  endfacet
  facet normal -0.980416 -0.196787 -0.00767341
    outer loop
      vertex -35.7312 -11.8514 27.6
      vertex -40.2811 10.8167 27.6
      vertex -40.277 10.808 27.3
    endloop
  endfacet
  facet normal -0.969176 -0.1964 -0.148747
    outer loop
      vertex -35.7312 -11.8514 27.6
      vertex -40.277 10.808 27.3
      vertex -35.685 -11.8523 27.3
    endloop
  endfacet
  facet normal -0.181761 -0.957339 -0.224646
    outer loop
      vertex -5.17928 -17.7146 27.6
      vertex -35.685 -11.8523 27.3
      vertex -5.20994 -17.6383 27.3
    endloop
  endfacet
  facet normal -0.188403 -0.981744 -0.0261291
    outer loop
      vertex -5.17928 -17.7146 27.6
      vertex -35.7312 -11.8514 27.6
      vertex -35.685 -11.8523 27.3
    endloop
  endfacet
  facet normal 0.989681 -0.13963 -0.0321671
    outer loop
      vertex -1.0339 11.8918 27.6
      vertex -5.20994 -17.6383 27.3
      vertex -1.04347 11.8931 27.3
    endloop
  endfacet
  facet normal 0.981249 -0.137391 -0.135182
    outer loop
      vertex -5.17928 -17.7146 27.6
      vertex -5.20994 -17.6383 27.3
      vertex -1.0339 11.8918 27.6
    endloop
  endfacet
  facet normal 0.524269 0.851521 0.00736233
    outer loop
      vertex -1.0339 11.8918 27.6
      vertex -21.0481 24.2143 27.6
      vertex -21.0417 24.2078 27.9
    endloop
  endfacet
  facet normal 0.524015 0.851607 -0.0131423
    outer loop
      vertex -1.0339 11.8918 27.6
      vertex -21.0417 24.2078 27.9
      vertex -1.02432 11.8906 27.9
    endloop
  endfacet
  facet normal -0.570653 0.820584 -0.0315681
    outer loop
      vertex -40.2811 10.8167 27.6
      vertex -40.2852 10.8254 27.9
      vertex -21.0417 24.2078 27.9
    endloop
  endfacet
  facet normal -0.571328 0.820177 0.0298987
    outer loop
      vertex -21.0481 24.2143 27.6
      vertex -40.2811 10.8167 27.6
      vertex -21.0417 24.2078 27.9
    endloop
  endfacet
  facet normal -0.980779 -0.19497 -0.00773097
    outer loop
      vertex -35.7774 -11.8506 27.9
      vertex -40.2852 10.8254 27.9
      vertex -40.2811 10.8167 27.6
    endloop
  endfacet
  facet normal -0.969531 -0.194602 -0.148793
    outer loop
      vertex -35.7774 -11.8506 27.9
      vertex -40.2811 10.8167 27.6
      vertex -35.7312 -11.8514 27.6
    endloop
  endfacet
  facet normal -0.183662 -0.957039 -0.224374
    outer loop
      vertex -5.14862 -17.7908 27.9
      vertex -35.7312 -11.8514 27.6
      vertex -5.17928 -17.7146 27.6
    endloop
  endfacet
  facet normal -0.190328 -0.981365 -0.0264211
    outer loop
      vertex -5.14862 -17.7908 27.9
      vertex -35.7774 -11.8506 27.9
      vertex -35.7312 -11.8514 27.6
    endloop
  endfacet
  facet normal 0.989827 -0.138592 -0.0321676
    outer loop
      vertex -1.02432 11.8906 27.9
      vertex -5.17928 -17.7146 27.6
      vertex -1.0339 11.8918 27.6
    endloop
  endfacet
  facet normal 0.981424 -0.136371 -0.134943
    outer loop
      vertex -5.14862 -17.7908 27.9
      vertex -5.17928 -17.7146 27.6
      vertex -1.02432 11.8906 27.9
    endloop
  endfacet
  facet normal 0.524046 0.851658 0.00737003
    outer loop
      vertex -1.02432 11.8906 27.9
      vertex -21.0417 24.2078 27.9
      vertex -21.0354 24.2013 28.2
    endloop
  endfacet
  facet normal 0.523792 0.851745 -0.0131374
    outer loop
      vertex -1.02432 11.8906 27.9
      vertex -21.0354 24.2013 28.2
      vertex -1.01475 11.8893 28.2
    endloop
  endfacet
  facet normal -0.570007 0.821033 -0.0315651
    outer loop
      vertex -40.2852 10.8254 27.9
      vertex -40.2893 10.8341 28.2
      vertex -21.0354 24.2013 28.2
    endloop
  endfacet
  facet normal -0.570683 0.820626 0.0298948
    outer loop
      vertex -21.0417 24.2078 27.9
      vertex -40.2852 10.8254 27.9
      vertex -21.0354 24.2013 28.2
    endloop
  endfacet
  facet normal -0.981138 -0.193152 -0.00777608
    outer loop
      vertex -35.8237 -11.8497 28.2
      vertex -40.2893 10.8341 28.2
      vertex -40.2852 10.8254 27.9
    endloop
  endfacet
  facet normal -0.969881 -0.192804 -0.148853
    outer loop
      vertex -35.8237 -11.8497 28.2
      vertex -40.2852 10.8254 27.9
      vertex -35.7774 -11.8506 27.9
    endloop
  endfacet
  facet normal -0.185552 -0.956738 -0.224105
    outer loop
      vertex -5.11796 -17.867 28.2
      vertex -35.7774 -11.8506 27.9
      vertex -5.14862 -17.7908 27.9
    endloop
  endfacet
  facet normal -0.192241 -0.980984 -0.0267201
    outer loop
      vertex -5.11796 -17.867 28.2
      vertex -35.8237 -11.8497 28.2
      vertex -35.7774 -11.8506 27.9
    endloop
  endfacet
  facet normal 0.989971 -0.137559 -0.0321675
    outer loop
      vertex -1.01475 11.8893 28.2
      vertex -5.14862 -17.7908 27.9
      vertex -1.02432 11.8906 27.9
    endloop
  endfacet
  facet normal 0.981598 -0.135356 -0.1347
    outer loop
      vertex -5.11796 -17.867 28.2
      vertex -5.14862 -17.7908 27.9
      vertex -1.01475 11.8893 28.2
    endloop
  endfacet
  facet normal 0.523823 0.851795 0.00737778
    outer loop
      vertex -1.01475 11.8893 28.2
      vertex -21.0354 24.2013 28.2
      vertex -21.029 24.1947 28.5
    endloop
  endfacet
  facet normal 0.523569 0.851882 -0.013127
    outer loop
      vertex -1.01475 11.8893 28.2
      vertex -21.029 24.1947 28.5
      vertex -1.00518 11.888 28.5
    endloop
  endfacet
  facet normal -0.569361 0.821481 -0.0315694
    outer loop
      vertex -40.2893 10.8341 28.2
      vertex -40.2934 10.8428 28.5
      vertex -21.029 24.1947 28.5
    endloop
  endfacet
  facet normal -0.570037 0.821075 0.029891
    outer loop
      vertex -21.0354 24.2013 28.2
      vertex -40.2893 10.8341 28.2
      vertex -21.029 24.1947 28.5
    endloop
  endfacet
  facet normal -0.981494 -0.191333 -0.0078337
    outer loop
      vertex -35.8699 -11.8488 28.5
      vertex -40.2934 10.8428 28.5
      vertex -40.2893 10.8341 28.2
    endloop
  endfacet
  facet normal -0.970226 -0.191004 -0.148924
    outer loop
      vertex -35.8699 -11.8488 28.5
      vertex -40.2893 10.8341 28.2
      vertex -35.8237 -11.8497 28.2
    endloop
  endfacet
  facet normal -0.18743 -0.956433 -0.223843
    outer loop
      vertex -5.0873 -17.9432 28.5
      vertex -35.8237 -11.8497 28.2
      vertex -5.11796 -17.867 28.2
    endloop
  endfacet
  facet normal -0.194142 -0.980601 -0.0270136
    outer loop
      vertex -5.0873 -17.9432 28.5
      vertex -35.8699 -11.8488 28.5
      vertex -35.8237 -11.8497 28.2
    endloop
  endfacet
  facet normal 0.990113 -0.136531 -0.0321683
    outer loop
      vertex -1.00518 11.888 28.5
      vertex -5.11796 -17.867 28.2
      vertex -1.01475 11.8893 28.2
    endloop
  endfacet
  facet normal 0.981769 -0.134346 -0.134462
    outer loop
      vertex -5.0873 -17.9432 28.5
      vertex -5.11796 -17.867 28.2
      vertex -1.00518 11.888 28.5
    endloop
  endfacet
  facet normal 0.5236 0.851932 0.00738548
    outer loop
      vertex -1.00518 11.888 28.5
      vertex -21.029 24.1947 28.5
      vertex -21.0226 24.1882 28.8
    endloop
  endfacet
  facet normal 0.523346 0.852019 -0.0131237
    outer loop
      vertex -1.00518 11.888 28.5
      vertex -21.0226 24.1882 28.8
      vertex -0.995604 11.8868 28.8
    endloop
  endfacet
  facet normal -0.568714 0.821929 -0.0315808
    outer loop
      vertex -40.2934 10.8428 28.5
      vertex -40.2975 10.8515 28.8
      vertex -21.0226 24.1882 28.8
    endloop
  endfacet
  facet normal -0.56939 0.821524 0.0298871
    outer loop
      vertex -21.029 24.1947 28.5
      vertex -40.2934 10.8428 28.5
      vertex -21.0226 24.1882 28.8
    endloop
  endfacet
  facet normal -0.981846 -0.189514 -0.00790371
    outer loop
      vertex -35.9161 -11.8479 28.8
      vertex -40.2975 10.8515 28.8
      vertex -40.2934 10.8428 28.5
    endloop
  endfacet
  facet normal -0.970572 -0.189204 -0.148971
    outer loop
      vertex -35.9161 -11.8479 28.8
      vertex -40.2934 10.8428 28.5
      vertex -35.8699 -11.8488 28.5
    endloop
  endfacet
  facet normal -0.189297 -0.95613 -0.223568
    outer loop
      vertex -5.05664 -18.0194 28.8
      vertex -35.8699 -11.8488 28.5
      vertex -5.0873 -17.9432 28.5
    endloop
  endfacet
  facet normal -0.196032 -0.980217 -0.0273065
    outer loop
      vertex -5.05664 -18.0194 28.8
      vertex -35.9161 -11.8479 28.8
      vertex -35.8699 -11.8488 28.5
    endloop
  endfacet
  facet normal 0.990254 -0.135507 -0.0321712
    outer loop
      vertex -0.995604 11.8868 28.8
      vertex -5.0873 -17.9432 28.5
      vertex -1.00518 11.888 28.5
    endloop
  endfacet
  facet normal 0.981939 -0.13334 -0.134226
    outer loop
      vertex -5.05664 -18.0194 28.8
      vertex -5.0873 -17.9432 28.5
      vertex -0.995604 11.8868 28.8
    endloop
  endfacet
  facet normal 0.523377 0.852069 0.00739318
    outer loop
      vertex -0.995604 11.8868 28.8
      vertex -21.0226 24.1882 28.8
      vertex -21.0163 24.1817 29.1
    endloop
  endfacet
  facet normal 0.523123 0.852156 -0.0131117
    outer loop
      vertex -0.995604 11.8868 28.8
      vertex -21.0163 24.1817 29.1
      vertex -0.986031 11.8855 29.1
    endloop
  endfacet
  facet normal -0.568067 0.822376 -0.0315777
    outer loop
      vertex -40.2975 10.8515 28.8
      vertex -40.3016 10.8602 29.1
      vertex -21.0163 24.1817 29.1
    endloop
  endfacet
  facet normal -0.568744 0.821972 0.0298831
    outer loop
      vertex -21.0226 24.1882 28.8
      vertex -40.2975 10.8515 28.8
      vertex -21.0163 24.1817 29.1
    endloop
  endfacet
  facet normal -0.982195 -0.187694 -0.00794874
    outer loop
      vertex -35.9623 -11.847 29.1
      vertex -40.3016 10.8602 29.1
      vertex -40.2975 10.8515 28.8
    endloop
  endfacet
  facet normal -0.970912 -0.187403 -0.149028
    outer loop
      vertex -35.9623 -11.847 29.1
      vertex -40.2975 10.8515 28.8
      vertex -35.9161 -11.8479 28.8
    endloop
  endfacet
  facet normal -0.191153 -0.955823 -0.223301
    outer loop
      vertex -5.02599 -18.0956 29.1
      vertex -35.9161 -11.8479 28.8
      vertex -5.05664 -18.0194 28.8
    endloop
  endfacet
  facet normal -0.19791 -0.979832 -0.0275939
    outer loop
      vertex -5.02599 -18.0956 29.1
      vertex -35.9623 -11.847 29.1
      vertex -35.9161 -11.8479 28.8
    endloop
  endfacet
  facet normal 0.990393 -0.134488 -0.0321687
    outer loop
      vertex -0.986031 11.8855 29.1
      vertex -5.05664 -18.0194 28.8
      vertex -0.995604 11.8868 28.8
    endloop
  endfacet
  facet normal 0.982107 -0.132339 -0.133986
    outer loop
      vertex -5.02599 -18.0956 29.1
      vertex -5.05664 -18.0194 28.8
      vertex -0.986031 11.8855 29.1
    endloop
  endfacet
  facet normal 0.523154 0.852206 0.00740084
    outer loop
      vertex -0.986031 11.8855 29.1
      vertex -21.0163 24.1817 29.1
      vertex -21.0099 24.1752 29.4
    endloop
  endfacet
  facet normal 0.5229 0.852293 -0.0131039
    outer loop
      vertex -0.986031 11.8855 29.1
      vertex -21.0099 24.1752 29.4
      vertex -0.976458 11.8843 29.4
    endloop
  endfacet
  facet normal -0.567419 0.822823 -0.0315889
    outer loop
      vertex -40.3016 10.8602 29.1
      vertex -40.3057 10.8689 29.4
      vertex -21.0099 24.1752 29.4
    endloop
  endfacet
  facet normal -0.568097 0.822419 0.0298789
    outer loop
      vertex -21.0163 24.1817 29.1
      vertex -40.3016 10.8602 29.1
      vertex -21.0099 24.1752 29.4
    endloop
  endfacet
  facet normal -0.982541 -0.185873 -0.00801866
    outer loop
      vertex -36.0085 -11.8461 29.4
      vertex -40.3057 10.8689 29.4
      vertex -40.3016 10.8602 29.1
    endloop
  endfacet
  facet normal -0.97125 -0.185602 -0.149085
    outer loop
      vertex -36.0085 -11.8461 29.4
      vertex -40.3016 10.8602 29.1
      vertex -35.9623 -11.847 29.1
    endloop
  endfacet
  facet normal -0.192998 -0.955515 -0.223032
    outer loop
      vertex -4.99533 -18.1719 29.4
      vertex -35.9623 -11.847 29.1
      vertex -5.02599 -18.0956 29.1
    endloop
  endfacet
  facet normal -0.199776 -0.979445 -0.0278855
    outer loop
      vertex -4.99533 -18.1719 29.4
      vertex -36.0085 -11.8461 29.4
      vertex -35.9623 -11.847 29.1
    endloop
  endfacet
  facet normal 0.99053 -0.133474 -0.0321686
    outer loop
      vertex -0.976458 11.8843 29.4
      vertex -5.02599 -18.0956 29.1
      vertex -0.986031 11.8855 29.1
    endloop
  endfacet
  facet normal 0.982273 -0.131342 -0.133752
    outer loop
      vertex -4.99533 -18.1719 29.4
      vertex -5.02599 -18.0956 29.1
      vertex -0.976458 11.8843 29.4
    endloop
  endfacet
  facet normal 0.522931 0.852343 0.00740521
    outer loop
      vertex -0.976458 11.8843 29.4
      vertex -21.0099 24.1752 29.4
      vertex -21.0036 24.1687 29.7
    endloop
  endfacet
  facet normal 0.522677 0.85243 -0.0130989
    outer loop
      vertex -0.976458 11.8843 29.4
      vertex -21.0036 24.1687 29.7
      vertex -0.966885 11.883 29.7
    endloop
  endfacet
  facet normal -0.566772 0.823269 -0.0315858
    outer loop
      vertex -40.3057 10.8689 29.4
      vertex -40.3098 10.8776 29.7
      vertex -21.0036 24.1687 29.7
    endloop
  endfacet
  facet normal -0.567449 0.822866 0.0298785
    outer loop
      vertex -21.0099 24.1752 29.4
      vertex -40.3057 10.8689 29.4
      vertex -21.0036 24.1687 29.7
    endloop
  endfacet
  facet normal -0.982884 -0.184052 -0.00806362
    outer loop
      vertex -36.0548 -11.8452 29.7
      vertex -40.3098 10.8776 29.7
      vertex -40.3057 10.8689 29.4
    endloop
  endfacet
  facet normal -0.971583 -0.1838 -0.149141
    outer loop
      vertex -36.0548 -11.8452 29.7
      vertex -40.3057 10.8689 29.4
      vertex -36.0085 -11.8461 29.4
    endloop
  endfacet
  facet normal -0.194832 -0.955203 -0.222773
    outer loop
      vertex -4.96467 -18.2481 29.7
      vertex -36.0085 -11.8461 29.4
      vertex -4.99533 -18.1719 29.4
    endloop
  endfacet
  facet normal -0.201632 -0.979056 -0.0281694
    outer loop
      vertex -4.96467 -18.2481 29.7
      vertex -36.0548 -11.8452 29.7
      vertex -36.0085 -11.8461 29.4
    endloop
  endfacet
  facet normal 0.990666 -0.132464 -0.0321682
    outer loop
      vertex -0.966885 11.883 29.7
      vertex -4.99533 -18.1719 29.4
      vertex -0.976458 11.8843 29.4
    endloop
  endfacet
  facet normal 0.982437 -0.13035 -0.133515
    outer loop
      vertex -4.96467 -18.2481 29.7
      vertex -4.99533 -18.1719 29.4
      vertex -0.966885 11.883 29.7
    endloop
  endfacet
  facet normal 0.522707 0.85248 0.00741961
    outer loop
      vertex -0.966885 11.883 29.7
      vertex -21.0036 24.1687 29.7
      vertex -20.9972 24.1622 30
    endloop
  endfacet
  facet normal 0.522454 0.852567 -0.0130886
    outer loop
      vertex -0.966885 11.883 29.7
      vertex -20.9972 24.1622 30
      vertex -0.957312 11.8817 30
    endloop
  endfacet
  facet normal -0.566124 0.823715 -0.0315874
    outer loop
      vertex -40.3098 10.8776 29.7
      vertex -40.3139 10.8862 30
      vertex -20.9972 24.1622 30
    endloop
  endfacet
  facet normal -0.566802 0.823313 0.0298674
    outer loop
      vertex -21.0036 24.1687 29.7
      vertex -40.3098 10.8776 29.7
      vertex -20.9972 24.1622 30
    endloop
  endfacet
  facet normal -0.983222 -0.18223 -0.00812168
    outer loop
      vertex -36.101 -11.8444 30
      vertex -40.3139 10.8862 30
      vertex -40.3098 10.8776 29.7
    endloop
  endfacet
  facet normal -0.971914 -0.181997 -0.149198
    outer loop
      vertex -36.101 -11.8444 30
      vertex -40.3098 10.8776 29.7
      vertex -36.0548 -11.8452 29.7
    endloop
  endfacet
  facet normal -0.196655 -0.954892 -0.222503
    outer loop
      vertex -4.93401 -18.3243 30
      vertex -36.0548 -11.8452 29.7
      vertex -4.96467 -18.2481 29.7
    endloop
  endfacet
  facet normal -0.203475 -0.978666 -0.0284548
    outer loop
      vertex -4.93401 -18.3243 30
      vertex -36.101 -11.8444 30
      vertex -36.0548 -11.8452 29.7
    endloop
  endfacet
  facet normal 0.9908 -0.131459 -0.0321689
    outer loop
      vertex -0.957312 11.8817 30
      vertex -4.96467 -18.2481 29.7
      vertex -0.966885 11.883 29.7
    endloop
  endfacet
  facet normal 0.9826 -0.129362 -0.13328
    outer loop
      vertex -4.93401 -18.3243 30
      vertex -4.96467 -18.2481 29.7
      vertex -0.957312 11.8817 30
    endloop
  endfacet
  facet normal 0.991445 -0.130526 0
    outer loop
      vertex -4.93401 -18.3243 30.001
      vertex -4.93401 -18.3243 30
      vertex -0.957312 11.8817 30
    endloop
  endfacet
  facet normal 0.522484 0.852617 0.00742066
    outer loop
      vertex -0.957312 11.8817 30
      vertex -20.9972 24.1622 30
      vertex -20.9909 24.1557 30.3
    endloop
  endfacet
  facet normal 0.522231 0.852704 -0.0130836
    outer loop
      vertex -0.957312 11.8817 30
      vertex -20.9909 24.1557 30.3
      vertex -0.947739 11.8805 30.3
    endloop
  endfacet
  facet normal -0.565475 0.82416 -0.0316013
    outer loop
      vertex -40.3139 10.8862 30
      vertex -40.3179 10.8949 30.3
      vertex -20.9909 24.1557 30.3
    endloop
  endfacet
  facet normal -0.566154 0.823758 0.0298706
    outer loop
      vertex -20.9972 24.1622 30
      vertex -40.3139 10.8862 30
      vertex -20.9909 24.1557 30.3
    endloop
  endfacet
  facet normal -0.983558 -0.180407 -0.00819101
    outer loop
      vertex -36.1472 -11.8435 30.3
      vertex -40.3179 10.8949 30.3
      vertex -40.3139 10.8862 30
    endloop
  endfacet
  facet normal -0.972239 -0.180194 -0.149267
    outer loop
      vertex -36.1472 -11.8435 30.3
      vertex -40.3139 10.8862 30
      vertex -36.101 -11.8444 30
    endloop
  endfacet
  facet normal -0.196324 -0.944268 -0.264224
    outer loop
      vertex -5.08829 -18.3762 30.3
      vertex -36.101 -11.8444 30
      vertex -4.93401 -18.3243 30
    endloop
  endfacet
  facet normal -0.205744 -0.978182 -0.0288114
    outer loop
      vertex -5.08829 -18.3762 30.3
      vertex -36.1472 -11.8435 30.3
      vertex -36.101 -11.8444 30
    endloop
  endfacet
  facet normal 0.496748 -0.861287 0.10689
    outer loop
      vertex -4.88467 -18.2586 30.301
      vertex -5.08829 -18.3762 30.3
      vertex -4.93401 -18.3243 30.001
    endloop
  endfacet
  facet normal 0.318691 -0.947859 0
    outer loop
      vertex -4.93401 -18.3243 30.001
      vertex -5.08829 -18.3762 30.3
      vertex -4.93401 -18.3243 30
    endloop
  endfacet
  facet normal 0.991063 -0.129459 -0.0321685
    outer loop
      vertex -0.947739 11.8805 30.3
      vertex -4.88467 -18.2586 30.301
      vertex -0.957312 11.8817 30
    endloop
  endfacet
  facet normal 0.982598 -0.129366 -0.133284
    outer loop
      vertex -4.88467 -18.2586 30.301
      vertex -4.93401 -18.3243 30.001
      vertex -0.957312 11.8817 30
    endloop
  endfacet
  facet normal 0.522261 0.852753 0.007435
    outer loop
      vertex -0.947739 11.8805 30.3
      vertex -20.9909 24.1557 30.3
      vertex -20.9845 24.1492 30.6
    endloop
  endfacet
  facet normal 0.522007 0.852841 -0.0130732
    outer loop
      vertex -0.947739 11.8805 30.3
      vertex -20.9845 24.1492 30.6
      vertex -0.938166 11.8792 30.6
    endloop
  endfacet
  facet normal -0.564826 0.824605 -0.0316053
    outer loop
      vertex -40.3179 10.8949 30.3
      vertex -40.322 10.9036 30.6
      vertex -20.9845 24.1492 30.6
    endloop
  endfacet
  facet normal -0.565505 0.824204 0.0298593
    outer loop
      vertex -20.9909 24.1557 30.3
      vertex -40.3179 10.8949 30.3
      vertex -20.9845 24.1492 30.6
    endloop
  endfacet
  facet normal -0.98389 -0.178584 -0.00824838
    outer loop
      vertex -36.1934 -11.8426 30.6
      vertex -40.322 10.9036 30.6
      vertex -40.3179 10.8949 30.3
    endloop
  endfacet
  facet normal -0.972565 -0.17839 -0.149309
    outer loop
      vertex -36.1934 -11.8426 30.6
      vertex -40.3179 10.8949 30.3
      vertex -36.1472 -11.8435 30.3
    endloop
  endfacet
  facet normal -0.198459 -0.943548 -0.265199
    outer loop
      vertex -5.24256 -18.428 30.6
      vertex -36.1472 -11.8435 30.3
      vertex -5.08829 -18.3762 30.3
    endloop
  endfacet
  facet normal -0.208024 -0.977689 -0.0291585
    outer loop
      vertex -5.24256 -18.428 30.6
      vertex -36.1934 -11.8426 30.6
      vertex -36.1472 -11.8435 30.3
    endloop
  endfacet
  facet normal 0.496748 -0.861288 0.106884
    outer loop
      vertex -4.83533 -18.1929 30.601
      vertex -5.08829 -18.3762 30.3
      vertex -4.88467 -18.2586 30.301
    endloop
  endfacet
  facet normal 0.496954 -0.861197 0.106657
    outer loop
      vertex -4.83533 -18.1929 30.601
      vertex -5.24256 -18.428 30.6
      vertex -5.08829 -18.3762 30.3
    endloop
  endfacet
  facet normal 0.991194 -0.128454 -0.0321688
    outer loop
      vertex -0.938166 11.8792 30.6
      vertex -4.83533 -18.1929 30.601
      vertex -0.947739 11.8805 30.3
    endloop
  endfacet
  facet normal 0.982697 -0.12837 -0.13352
    outer loop
      vertex -4.83533 -18.1929 30.601
      vertex -4.88467 -18.2586 30.301
      vertex -0.947739 11.8805 30.3
    endloop
  endfacet
  facet normal 0.522037 0.85289 0.00743601
    outer loop
      vertex -0.938166 11.8792 30.6
      vertex -20.9845 24.1492 30.6
      vertex -20.9781 24.1427 30.9
    endloop
  endfacet
  facet normal 0.521784 0.852978 -0.0130698
    outer loop
      vertex -0.938166 11.8792 30.6
      vertex -20.9781 24.1427 30.9
      vertex -0.928592 11.878 30.9
    endloop
  endfacet
  facet normal -0.564177 0.825049 -0.031602
    outer loop
      vertex -40.322 10.9036 30.6
      vertex -40.3261 10.9123 30.9
      vertex -20.9781 24.1427 30.9
    endloop
  endfacet
  facet normal -0.564856 0.824649 0.0298622
    outer loop
      vertex -20.9845 24.1492 30.6
      vertex -40.322 10.9036 30.6
      vertex -20.9781 24.1427 30.9
    endloop
  endfacet
  facet normal -0.984219 -0.17676 -0.00829316
    outer loop
      vertex -36.2396 -11.8417 30.9
      vertex -40.3261 10.9123 30.9
      vertex -40.322 10.9036 30.6
    endloop
  endfacet
  facet normal -0.972886 -0.176586 -0.149364
    outer loop
      vertex -36.2396 -11.8417 30.9
      vertex -40.322 10.9036 30.6
      vertex -36.1934 -11.8426 30.6
    endloop
  endfacet
  facet normal -0.200605 -0.942818 -0.26618
    outer loop
      vertex -5.39684 -18.4799 30.9
      vertex -36.1934 -11.8426 30.6
      vertex -5.24256 -18.428 30.6
    endloop
  endfacet
  facet normal -0.210318 -0.977187 -0.0295162
    outer loop
      vertex -5.39684 -18.4799 30.9
      vertex -36.2396 -11.8417 30.9
      vertex -36.1934 -11.8426 30.6
    endloop
  endfacet
  facet normal 0.496944 -0.861181 0.106834
    outer loop
      vertex -4.78599 -18.1272 30.901
      vertex -5.24256 -18.428 30.6
      vertex -4.83533 -18.1929 30.601
    endloop
  endfacet
  facet normal 0.49702 -0.861155 0.106692
    outer loop
      vertex -4.78599 -18.1272 30.901
      vertex -5.39684 -18.4799 30.9
      vertex -5.24256 -18.428 30.6
    endloop
  endfacet
  facet normal 0.991324 -0.127443 -0.0321713
    outer loop
      vertex -0.928592 11.878 30.9
      vertex -4.78599 -18.1272 30.901
      vertex -0.938166 11.8792 30.6
    endloop
  endfacet
  facet normal 0.982796 -0.127369 -0.133753
    outer loop
      vertex -4.78599 -18.1272 30.901
      vertex -4.83533 -18.1929 30.601
      vertex -0.938166 11.8792 30.6
    endloop
  endfacet
  facet normal 0.521814 0.853027 0.00745035
    outer loop
      vertex -0.928592 11.878 30.9
      vertex -20.9781 24.1427 30.9
      vertex -20.9718 24.1362 31.2
    endloop
  endfacet
  facet normal 0.521561 0.853114 -0.0130577
    outer loop
      vertex -0.928592 11.878 30.9
      vertex -20.9718 24.1362 31.2
      vertex -0.919019 11.8767 31.2
    endloop
  endfacet
  facet normal -0.563527 0.825493 -0.031606
    outer loop
      vertex -40.3261 10.9123 30.9
      vertex -40.3302 10.921 31.2
      vertex -20.9718 24.1362 31.2
    endloop
  endfacet
  facet normal -0.564207 0.825093 0.0298509
    outer loop
      vertex -20.9781 24.1427 30.9
      vertex -40.3261 10.9123 30.9
      vertex -20.9718 24.1362 31.2
    endloop
  endfacet
  facet normal -0.984545 -0.174935 -0.00835048
    outer loop
      vertex -36.2859 -11.8408 31.2
      vertex -40.3302 10.921 31.2
      vertex -40.3261 10.9123 30.9
    endloop
  endfacet
  facet normal -0.973202 -0.174781 -0.149429
    outer loop
      vertex -36.2859 -11.8408 31.2
      vertex -40.3261 10.9123 30.9
      vertex -36.2396 -11.8417 30.9
    endloop
  endfacet
  facet normal -0.202762 -0.942081 -0.267155
    outer loop
      vertex -5.55111 -18.5318 31.2
      vertex -36.2396 -11.8417 30.9
      vertex -5.39684 -18.4799 30.9
    endloop
  endfacet
  facet normal -0.212623 -0.976677 -0.0298725
    outer loop
      vertex -5.55111 -18.5318 31.2
      vertex -36.2859 -11.8408 31.2
      vertex -36.2396 -11.8417 30.9
    endloop
  endfacet
  facet normal 0.497014 -0.861144 0.10681
    outer loop
      vertex -4.73665 -18.0616 31.201
      vertex -5.39684 -18.4799 30.9
      vertex -4.78599 -18.1272 30.901
    endloop
  endfacet
  facet normal 0.497051 -0.861134 0.106715
    outer loop
      vertex -4.73665 -18.0616 31.201
      vertex -5.55111 -18.5318 31.2
      vertex -5.39684 -18.4799 30.9
    endloop
  endfacet
  facet normal 0.991454 -0.126428 -0.0321684
    outer loop
      vertex -0.919019 11.8767 31.2
      vertex -4.73665 -18.0616 31.201
      vertex -0.928592 11.878 30.9
    endloop
  endfacet
  facet normal 0.982893 -0.126363 -0.133992
    outer loop
      vertex -4.73665 -18.0616 31.201
      vertex -4.78599 -18.1272 30.901
      vertex -0.928592 11.878 30.9
    endloop
  endfacet
  facet normal 0.521591 0.853163 0.00745146
    outer loop
      vertex -0.919019 11.8767 31.2
      vertex -20.9718 24.1362 31.2
      vertex -20.9654 24.1297 31.5
    endloop
  endfacet
  facet normal 0.521337 0.853251 -0.0130528
    outer loop
      vertex -0.919019 11.8767 31.2
      vertex -20.9654 24.1297 31.5
      vertex -0.909446 11.8754 31.5
    endloop
  endfacet
  facet normal -0.562877 0.825936 -0.0316173
    outer loop
      vertex -40.3302 10.921 31.2
      vertex -40.3343 10.9297 31.5
      vertex -20.9654 24.1297 31.5
    endloop
  endfacet
  facet normal -0.563558 0.825537 0.0298541
    outer loop
      vertex -20.9718 24.1362 31.2
      vertex -40.3302 10.921 31.2
      vertex -20.9654 24.1297 31.5
    endloop
  endfacet
  facet normal -0.984866 -0.17311 -0.00842033
    outer loop
      vertex -36.3321 -11.8399 31.5
      vertex -40.3343 10.9297 31.5
      vertex -40.3302 10.921 31.2
    endloop
  endfacet
  facet normal -0.973518 -0.172976 -0.149473
    outer loop
      vertex -36.3321 -11.8399 31.5
      vertex -40.3302 10.921 31.2
      vertex -36.2859 -11.8408 31.2
    endloop
  endfacet
  facet normal -0.204928 -0.941331 -0.268142
    outer loop
      vertex -5.70539 -18.5837 31.5
      vertex -36.2859 -11.8408 31.2
      vertex -5.55111 -18.5318 31.2
    endloop
  endfacet
  facet normal -0.214942 -0.976159 -0.0302318
    outer loop
      vertex -5.70539 -18.5837 31.5
      vertex -36.3321 -11.8399 31.5
      vertex -36.2859 -11.8408 31.2
    endloop
  endfacet
  facet normal 0.497046 -0.861127 0.106799
    outer loop
      vertex -4.68731 -17.9959 31.5009
      vertex -5.55111 -18.5318 31.2
      vertex -4.73665 -18.0616 31.201
    endloop
  endfacet
  facet normal 0.497068 -0.861123 0.106729
    outer loop
      vertex -4.68731 -17.9959 31.5009
      vertex -5.70539 -18.5837 31.5
      vertex -5.55111 -18.5318 31.2
    endloop
  endfacet
  facet normal 0.991584 -0.125408 -0.0321681
    outer loop
      vertex -0.909446 11.8754 31.5
      vertex -4.68731 -17.9959 31.5009
      vertex -0.919019 11.8767 31.2
    endloop
  endfacet
  facet normal 0.98299 -0.125352 -0.134228
    outer loop
      vertex -4.68731 -17.9959 31.5009
      vertex -4.73665 -18.0616 31.201
      vertex -0.919019 11.8767 31.2
    endloop
  endfacet
  facet normal 0.521367 0.8533 0.00746247
    outer loop
      vertex -0.909446 11.8754 31.5
      vertex -20.9654 24.1297 31.5
      vertex -20.9591 24.1232 31.8
    endloop
  endfacet
  facet normal 0.521114 0.853387 -0.0130424
    outer loop
      vertex -0.909446 11.8754 31.5
      vertex -20.9591 24.1232 31.8
      vertex -0.899873 11.8742 31.8
    endloop
  endfacet
  facet normal -0.562227 0.826378 -0.0316141
    outer loop
      vertex -40.3343 10.9297 31.5
      vertex -40.3384 10.9384 31.8
      vertex -20.9591 24.1232 31.8
    endloop
  endfacet
  facet normal -0.562908 0.825981 0.0298464
    outer loop
      vertex -20.9654 24.1297 31.5
      vertex -40.3343 10.9297 31.5
      vertex -20.9591 24.1232 31.8
    endloop
  endfacet
  facet normal -0.985185 -0.171285 -0.00846506
    outer loop
      vertex -36.3783 -11.839 31.8
      vertex -40.3384 10.9384 31.8
      vertex -40.3343 10.9297 31.5
    endloop
  endfacet
  facet normal -0.973829 -0.17117 -0.149525
    outer loop
      vertex -36.3783 -11.839 31.8
      vertex -40.3343 10.9297 31.5
      vertex -36.3321 -11.8399 31.5
    endloop
  endfacet
  facet normal -0.207106 -0.940571 -0.269136
    outer loop
      vertex -5.85966 -18.6355 31.8
      vertex -36.3321 -11.8399 31.5
      vertex -5.70539 -18.5837 31.5
    endloop
  endfacet
  facet normal -0.217273 -0.975631 -0.0305894
    outer loop
      vertex -5.85966 -18.6355 31.8
      vertex -36.3783 -11.839 31.8
      vertex -36.3321 -11.8399 31.5
    endloop
  endfacet
  facet normal 0.497065 -0.861116 0.106795
    outer loop
      vertex -4.63797 -17.9302 31.8009
      vertex -5.70539 -18.5837 31.5
      vertex -4.68731 -17.9959 31.5009
    endloop
  endfacet
  facet normal 0.497082 -0.861115 0.106731
    outer loop
      vertex -4.63797 -17.9302 31.8009
      vertex -5.85966 -18.6355 31.8
      vertex -5.70539 -18.5837 31.5
    endloop
  endfacet
  facet normal 0.991713 -0.124383 -0.0321683
    outer loop
      vertex -0.899873 11.8742 31.8
      vertex -4.63797 -17.9302 31.8009
      vertex -0.909446 11.8754 31.5
    endloop
  endfacet
  facet normal 0.983087 -0.124337 -0.134467
    outer loop
      vertex -4.63797 -17.9302 31.8009
      vertex -4.68731 -17.9959 31.5009
      vertex -0.909446 11.8754 31.5
    endloop
  endfacet
  facet normal 0.521144 0.853436 0.00747016
    outer loop
      vertex -0.899873 11.8742 31.8
      vertex -20.9591 24.1232 31.8
      vertex -20.9527 24.1166 32.1
    endloop
  endfacet
  facet normal 0.52089 0.853524 -0.0130374
    outer loop
      vertex -0.899873 11.8742 31.8
      vertex -20.9527 24.1166 32.1
      vertex -0.8903 11.8729 32.1
    endloop
  endfacet
  facet normal -0.561576 0.82682 -0.0316252
    outer loop
      vertex -40.3384 10.9384 31.8
      vertex -40.3425 10.9471 32.1
      vertex -20.9527 24.1166 32.1
    endloop
  endfacet
  facet normal -0.562258 0.826423 0.0298422
    outer loop
      vertex -20.9591 24.1232 31.8
      vertex -40.3384 10.9384 31.8
      vertex -20.9527 24.1166 32.1
    endloop
  endfacet
  facet normal -0.9855 -0.169459 -0.00853481
    outer loop
      vertex -36.4245 -11.8381 32.1
      vertex -40.3425 10.9471 32.1
      vertex -40.3384 10.9384 31.8
    endloop
  endfacet
  facet normal -0.974137 -0.169364 -0.149579
    outer loop
      vertex -36.4245 -11.8381 32.1
      vertex -40.3384 10.9384 31.8
      vertex -36.3783 -11.839 31.8
    endloop
  endfacet
  facet normal -0.209294 -0.939803 -0.270123
    outer loop
      vertex -6.01394 -18.6874 32.1
      vertex -36.3783 -11.839 31.8
      vertex -5.85966 -18.6355 31.8
    endloop
  endfacet
  facet normal -0.219617 -0.975095 -0.0309552
    outer loop
      vertex -6.01394 -18.6874 32.1
      vertex -36.4245 -11.8381 32.1
      vertex -36.3783 -11.839 31.8
    endloop
  endfacet
  facet normal 0.497078 -0.861108 0.106798
    outer loop
      vertex -4.58863 -17.8645 32.1009
      vertex -5.85966 -18.6355 31.8
      vertex -4.63797 -17.9302 31.8009
    endloop
  endfacet
  facet normal 0.497091 -0.861108 0.106743
    outer loop
      vertex -4.58863 -17.8645 32.1009
      vertex -6.01394 -18.6874 32.1
      vertex -5.85966 -18.6355 31.8
    endloop
  endfacet
  facet normal 0.991841 -0.123353 -0.0321677
    outer loop
      vertex -0.8903 11.8729 32.1
      vertex -4.58863 -17.8645 32.1009
      vertex -0.899873 11.8742 31.8
    endloop
  endfacet
  facet normal 0.983183 -0.123316 -0.134702
    outer loop
      vertex -4.58863 -17.8645 32.1009
      vertex -4.63797 -17.9302 31.8009
      vertex -0.899873 11.8742 31.8
    endloop
  endfacet
  facet normal 0.52092 0.853573 0.00747777
    outer loop
      vertex -0.8903 11.8729 32.1
      vertex -20.9527 24.1166 32.1
      vertex -20.9464 24.1101 32.4
    endloop
  endfacet
  facet normal 0.520667 0.85366 -0.0130268
    outer loop
      vertex -0.8903 11.8729 32.1
      vertex -20.9464 24.1101 32.4
      vertex -0.880727 11.8717 32.4
    endloop
  endfacet
  facet normal -0.560926 0.827262 -0.0316216
    outer loop
      vertex -40.3425 10.9471 32.1
      vertex -40.3466 10.9558 32.4
      vertex -20.9464 24.1101 32.4
    endloop
  endfacet
  facet normal -0.561607 0.826866 0.0298376
    outer loop
      vertex -20.9527 24.1166 32.1
      vertex -40.3425 10.9471 32.1
      vertex -20.9464 24.1101 32.4
    endloop
  endfacet
  facet normal -0.985812 -0.167632 -0.00857936
    outer loop
      vertex -36.4707 -11.8373 32.4
      vertex -40.3466 10.9558 32.4
      vertex -40.3425 10.9471 32.1
    endloop
  endfacet
  facet normal -0.974441 -0.167557 -0.149628
    outer loop
      vertex -36.4707 -11.8373 32.4
      vertex -40.3425 10.9471 32.1
      vertex -36.4245 -11.8381 32.1
    endloop
  endfacet
  facet normal -0.211493 -0.939025 -0.271115
    outer loop
      vertex -6.16821 -18.7393 32.4
      vertex -36.4245 -11.8381 32.1
      vertex -6.01394 -18.6874 32.1
    endloop
  endfacet
  facet normal -0.221973 -0.97455 -0.0313164
    outer loop
      vertex -6.16821 -18.7393 32.4
      vertex -36.4707 -11.8373 32.4
      vertex -36.4245 -11.8381 32.1
    endloop
  endfacet
  facet normal 0.497088 -0.861103 0.106793
    outer loop
      vertex -4.53929 -17.7988 32.4009
      vertex -6.01394 -18.6874 32.1
      vertex -4.58863 -17.8645 32.1009
    endloop
  endfacet
  facet normal 0.497098 -0.861103 0.106744
    outer loop
      vertex -4.53929 -17.7988 32.4009
      vertex -6.16821 -18.7393 32.4
      vertex -6.01394 -18.6874 32.1
    endloop
  endfacet
  facet normal 0.99197 -0.122317 -0.0321674
    outer loop
      vertex -0.880727 11.8717 32.4
      vertex -4.53929 -17.7988 32.4009
      vertex -0.8903 11.8729 32.1
    endloop
  endfacet
  facet normal 0.983278 -0.122291 -0.134945
    outer loop
      vertex -4.53929 -17.7988 32.4009
      vertex -4.58863 -17.8645 32.1009
      vertex -0.8903 11.8729 32.1
    endloop
  endfacet
  facet normal 0.520697 0.853709 0.00748555
    outer loop
      vertex -0.880727 11.8717 32.4
      vertex -20.9464 24.1101 32.4
      vertex -20.94 24.1036 32.7
    endloop
  endfacet
  facet normal 0.520444 0.853797 -0.0130193
    outer loop
      vertex -0.880727 11.8717 32.4
      vertex -20.94 24.1036 32.7
      vertex -0.871154 11.8704 32.7
    endloop
  endfacet
  facet normal -0.560274 0.827703 -0.0316259
    outer loop
      vertex -40.3466 10.9558 32.4
      vertex -40.3507 10.9645 32.7
      vertex -20.94 24.1036 32.7
    endloop
  endfacet
  facet normal -0.560956 0.827308 0.0298338
    outer loop
      vertex -20.9464 24.1101 32.4
      vertex -40.3466 10.9558 32.4
      vertex -20.94 24.1036 32.7
    endloop
  endfacet
  facet normal -0.986121 -0.165805 -0.00863663
    outer loop
      vertex -36.517 -11.8364 32.7
      vertex -40.3507 10.9645 32.7
      vertex -40.3466 10.9558 32.4
    endloop
  endfacet
  facet normal -0.974742 -0.16575 -0.149682
    outer loop
      vertex -36.517 -11.8364 32.7
      vertex -40.3466 10.9558 32.4
      vertex -36.4707 -11.8373 32.4
    endloop
  endfacet
  facet normal -0.213701 -0.938233 -0.272124
    outer loop
      vertex -6.32248 -18.7911 32.7
      vertex -36.4707 -11.8373 32.4
      vertex -6.16821 -18.7393 32.4
    endloop
  endfacet
  facet normal -0.224343 -0.973995 -0.0316865
    outer loop
      vertex -6.32248 -18.7911 32.7
      vertex -36.517 -11.8364 32.7
      vertex -36.4707 -11.8373 32.4
    endloop
  endfacet
  facet normal 0.497096 -0.861099 0.106787
    outer loop
      vertex -4.48995 -17.7331 32.7009
      vertex -6.16821 -18.7393 32.4
      vertex -4.53929 -17.7988 32.4009
    endloop
  endfacet
  facet normal 0.497104 -0.8611 0.106745
    outer loop
      vertex -4.48995 -17.7331 32.7009
      vertex -6.32248 -18.7911 32.7
      vertex -6.16821 -18.7393 32.4
    endloop
  endfacet
  facet normal 0.992097 -0.121277 -0.0321675
    outer loop
      vertex -0.871154 11.8704 32.7
      vertex -4.48995 -17.7331 32.7009
      vertex -0.880727 11.8717 32.4
    endloop
  endfacet
  facet normal 0.983372 -0.12126 -0.135188
    outer loop
      vertex -4.48995 -17.7331 32.7009
      vertex -4.53929 -17.7988 32.4009
      vertex -0.880727 11.8717 32.4
    endloop
  endfacet
  facet normal 0.520473 0.853845 0.00748994
    outer loop
      vertex -0.871154 11.8704 32.7
      vertex -20.94 24.1036 32.7
      vertex -20.9336 24.0971 33
    endloop
  endfacet
  facet normal 0.52022 0.853933 -0.0130159
    outer loop
      vertex -0.871154 11.8704 32.7
      vertex -20.9336 24.0971 33
      vertex -0.86158 11.8691 33
    endloop
  endfacet
  facet normal -0.559623 0.828144 -0.0316369
    outer loop
      vertex -40.3507 10.9645 32.7
      vertex -40.3548 10.9732 33
      vertex -20.9336 24.0971 33
    endloop
  endfacet
  facet normal -0.560305 0.827749 0.0298331
    outer loop
      vertex -20.94 24.1036 32.7
      vertex -40.3507 10.9645 32.7
      vertex -20.9336 24.0971 33
    endloop
  endfacet
  facet normal -0.986426 -0.163978 -0.00870629
    outer loop
      vertex -36.5632 -11.8355 33
      vertex -40.3548 10.9732 33
      vertex -40.3507 10.9645 32.7
    endloop
  endfacet
  facet normal -0.975038 -0.163942 -0.149745
    outer loop
      vertex -36.5632 -11.8355 33
      vertex -40.3507 10.9645 32.7
      vertex -36.517 -11.8364 32.7
    endloop
  endfacet
  facet normal -0.215921 -0.937432 -0.273127
    outer loop
      vertex -6.47676 -18.843 33
      vertex -36.517 -11.8364 32.7
      vertex -6.32248 -18.7911 32.7
    endloop
  endfacet
  facet normal -0.226725 -0.973431 -0.032055
    outer loop
      vertex -6.47676 -18.843 33
      vertex -36.5632 -11.8355 33
      vertex -36.517 -11.8364 32.7
    endloop
  endfacet
  facet normal 0.497102 -0.861096 0.106784
    outer loop
      vertex -4.44061 -17.6674 33.0009
      vertex -6.32248 -18.7911 32.7
      vertex -4.48995 -17.7331 32.7009
    endloop
  endfacet
  facet normal 0.497108 -0.861097 0.106748
    outer loop
      vertex -4.44061 -17.6674 33.0009
      vertex -6.47676 -18.843 33
      vertex -6.32248 -18.7911 32.7
    endloop
  endfacet
  facet normal 0.992224 -0.120232 -0.03217
    outer loop
      vertex -0.86158 11.8691 33
      vertex -4.44061 -17.6674 33.0009
      vertex -0.871154 11.8704 32.7
    endloop
  endfacet
  facet normal 0.983466 -0.120225 -0.135429
    outer loop
      vertex -4.44061 -17.6674 33.0009
      vertex -4.48995 -17.7331 32.7009
      vertex -0.871154 11.8704 32.7
    endloop
  endfacet
  facet normal 0.520249 0.853981 0.00750425
    outer loop
      vertex -0.86158 11.8691 33
      vertex -20.9336 24.0971 33
      vertex -20.9273 24.0906 33.3
    endloop
  endfacet
  facet normal 0.519996 0.854069 -0.0130038
    outer loop
      vertex -0.86158 11.8691 33
      vertex -20.9273 24.0906 33.3
      vertex -0.852007 11.8679 33.3
    endloop
  endfacet
  facet normal -0.558971 0.828584 -0.0316381
    outer loop
      vertex -40.3548 10.9732 33
      vertex -40.3589 10.9819 33.3
      vertex -20.9273 24.0906 33.3
    endloop
  endfacet
  facet normal -0.559654 0.82819 0.0298218
    outer loop
      vertex -20.9336 24.0971 33
      vertex -40.3548 10.9732 33
      vertex -20.9273 24.0906 33.3
    endloop
  endfacet
  facet normal -0.986727 -0.16215 -0.00876389
    outer loop
      vertex -36.6094 -11.8346 33.3
      vertex -40.3589 10.9819 33.3
      vertex -40.3548 10.9732 33
    endloop
  endfacet
  facet normal -0.975334 -0.162134 -0.149784
    outer loop
      vertex -36.6094 -11.8346 33.3
      vertex -40.3548 10.9732 33
      vertex -36.5632 -11.8355 33
    endloop
  endfacet
  facet normal -0.218152 -0.936625 -0.274122
    outer loop
      vertex -6.63103 -18.8949 33.3
      vertex -36.5632 -11.8355 33
      vertex -6.47676 -18.843 33
    endloop
  endfacet
  facet normal -0.22912 -0.972858 -0.032426
    outer loop
      vertex -6.63103 -18.8949 33.3
      vertex -36.6094 -11.8346 33.3
      vertex -36.5632 -11.8355 33
    endloop
  endfacet
  facet normal 0.497106 -0.861094 0.106784
    outer loop
      vertex -4.39127 -17.6018 33.3009
      vertex -6.47676 -18.843 33
      vertex -4.44061 -17.6674 33.0009
    endloop
  endfacet
  facet normal 0.49711 -0.861095 0.106759
    outer loop
      vertex -4.39127 -17.6018 33.3009
      vertex -6.63103 -18.8949 33.3
      vertex -6.47676 -18.843 33
    endloop
  endfacet
  facet normal 0.992351 -0.119181 -0.0321668
    outer loop
      vertex -0.852007 11.8679 33.3
      vertex -4.39127 -17.6018 33.3009
      vertex -0.86158 11.8691 33
    endloop
  endfacet
  facet normal 0.983559 -0.119185 -0.135673
    outer loop
      vertex -4.39127 -17.6018 33.3009
      vertex -4.44061 -17.6674 33.0009
      vertex -0.86158 11.8691 33
    endloop
  endfacet
  facet normal 0.520026 0.854118 0.00750533
    outer loop
      vertex -0.852007 11.8679 33.3
      vertex -20.9273 24.0906 33.3
      vertex -20.9209 24.0841 33.6
    endloop
  endfacet
  facet normal 0.519773 0.854206 -0.0129988
    outer loop
      vertex -0.852007 11.8679 33.3
      vertex -20.9209 24.0841 33.6
      vertex -0.842434 11.8666 33.6
    endloop
  endfacet
  facet normal -0.558318 0.829023 -0.0316375
    outer loop
      vertex -40.3589 10.9819 33.3
      vertex -40.3629 10.9906 33.6
      vertex -20.9209 24.0841 33.6
    endloop
  endfacet
  facet normal -0.559002 0.82863 0.0298246
    outer loop
      vertex -20.9273 24.0906 33.3
      vertex -40.3589 10.9819 33.3
      vertex -20.9209 24.0841 33.6
    endloop
  endfacet
  facet normal -0.987026 -0.160321 -0.00880789
    outer loop
      vertex -36.6556 -11.8337 33.6
      vertex -40.3629 10.9906 33.6
      vertex -40.3589 10.9819 33.3
    endloop
  endfacet
  facet normal -0.975626 -0.160325 -0.149834
    outer loop
      vertex -36.6556 -11.8337 33.6
      vertex -40.3589 10.9819 33.3
      vertex -36.6094 -11.8346 33.3
    endloop
  endfacet
  facet normal -0.220393 -0.9358 -0.275145
    outer loop
      vertex -6.78531 -18.9468 33.6
      vertex -36.6094 -11.8346 33.3
      vertex -6.63103 -18.8949 33.3
    endloop
  endfacet
  facet normal -0.231529 -0.972275 -0.0327956
    outer loop
      vertex -6.78531 -18.9468 33.6
      vertex -36.6556 -11.8337 33.6
      vertex -36.6094 -11.8346 33.3
    endloop
  endfacet
  facet normal 0.497109 -0.861092 0.106787
    outer loop
      vertex -4.34193 -17.5361 33.6009
      vertex -6.63103 -18.8949 33.3
      vertex -4.39127 -17.6018 33.3009
    endloop
  endfacet
  facet normal 0.497114 -0.861093 0.106752
    outer loop
      vertex -4.34193 -17.5361 33.6009
      vertex -6.78531 -18.9468 33.6
      vertex -6.63103 -18.8949 33.3
    endloop
  endfacet
  facet normal 0.992478 -0.118125 -0.032166
    outer loop
      vertex -0.842434 11.8666 33.6
      vertex -4.34193 -17.5361 33.6009
      vertex -0.852007 11.8679 33.3
    endloop
  endfacet
  facet normal 0.983651 -0.118139 -0.135915
    outer loop
      vertex -4.34193 -17.5361 33.6009
      vertex -4.39127 -17.6018 33.3009
      vertex -0.852007 11.8679 33.3
    endloop
  endfacet
  facet normal 0.519802 0.854254 0.00751954
    outer loop
      vertex -0.842434 11.8666 33.6
      vertex -20.9209 24.0841 33.6
      vertex -20.9146 24.0776 33.9
    endloop
  endfacet
  facet normal 0.519549 0.854342 -0.0129883
    outer loop
      vertex -0.842434 11.8666 33.6
      vertex -20.9146 24.0776 33.9
      vertex -0.832861 11.8654 33.9
    endloop
  endfacet
  facet normal -0.557666 0.829462 -0.0316409
    outer loop
      vertex -40.3629 10.9906 33.6
      vertex -40.367 10.9993 33.9
      vertex -20.9146 24.0776 33.9
    endloop
  endfacet
  facet normal -0.55835 0.82907 0.0298129
    outer loop
      vertex -20.9209 24.0841 33.6
      vertex -40.3629 10.9906 33.6
      vertex -20.9146 24.0776 33.9
    endloop
  endfacet
  facet normal -0.98732 -0.158493 -0.00886479
    outer loop
      vertex -36.7018 -11.8328 33.9
      vertex -40.367 10.9993 33.9
      vertex -40.3629 10.9906 33.6
    endloop
  endfacet
  facet normal -0.975914 -0.158517 -0.149882
    outer loop
      vertex -36.7018 -11.8328 33.9
      vertex -40.3629 10.9906 33.6
      vertex -36.6556 -11.8337 33.6
    endloop
  endfacet
  facet normal -0.222645 -0.934969 -0.276155
    outer loop
      vertex -6.93958 -18.9986 33.9
      vertex -36.6556 -11.8337 33.6
      vertex -6.78531 -18.9468 33.6
    endloop
  endfacet
  facet normal -0.23395 -0.971683 -0.03317
    outer loop
      vertex -6.93958 -18.9986 33.9
      vertex -36.7018 -11.8328 33.9
      vertex -36.6556 -11.8337 33.6
    endloop
  endfacet
  facet normal 0.497112 -0.861091 0.106781
    outer loop
      vertex -4.29259 -17.4704 33.9009
      vertex -6.78531 -18.9468 33.6
      vertex -4.34193 -17.5361 33.6009
    endloop
  endfacet
  facet normal 0.497117 -0.861092 0.106752
    outer loop
      vertex -4.29259 -17.4704 33.9009
      vertex -6.93958 -18.9986 33.9
      vertex -6.78531 -18.9468 33.6
    endloop
  endfacet
  facet normal 0.992603 -0.117064 -0.0321656
    outer loop
      vertex -0.832861 11.8654 33.9
      vertex -4.29259 -17.4704 33.9009
      vertex -0.842434 11.8666 33.6
    endloop
  endfacet
  facet normal 0.983743 -0.117089 -0.136161
    outer loop
      vertex -4.29259 -17.4704 33.9009
      vertex -4.34193 -17.5361 33.6009
      vertex -0.842434 11.8666 33.6
    endloop
  endfacet
  facet normal 0.519578 0.85439 0.00752072
    outer loop
      vertex -0.832861 11.8654 33.9
      vertex -20.9146 24.0776 33.9
      vertex -20.9082 24.0711 34.2
    endloop
  endfacet
  facet normal 0.519326 0.854478 -0.0129834
    outer loop
      vertex -0.832861 11.8654 33.9
      vertex -20.9082 24.0711 34.2
      vertex -0.823288 11.8641 34.2
    endloop
  endfacet
  facet normal -0.557013 0.829901 -0.0316522
    outer loop
      vertex -40.367 10.9993 33.9
      vertex -40.3711 11.008 34.2
      vertex -20.9082 24.0711 34.2
    endloop
  endfacet
  facet normal -0.557697 0.829509 0.029816
    outer loop
      vertex -20.9146 24.0776 33.9
      vertex -40.367 10.9993 33.9
      vertex -20.9082 24.0711 34.2
    endloop
  endfacet
  facet normal -0.987612 -0.156664 -0.00893445
    outer loop
      vertex -36.7481 -11.8319 34.2
      vertex -40.3711 11.008 34.2
      vertex -40.367 10.9993 33.9
    endloop
  endfacet
  facet normal -0.976196 -0.156707 -0.149946
    outer loop
      vertex -36.7481 -11.8319 34.2
      vertex -40.367 10.9993 33.9
      vertex -36.7018 -11.8328 33.9
    endloop
  endfacet
  facet normal -0.224908 -0.934127 -0.277171
    outer loop
      vertex -7.09386 -19.0505 34.2
      vertex -36.7018 -11.8328 33.9
      vertex -6.93958 -18.9986 33.9
    endloop
  endfacet
  facet normal -0.236385 -0.97108 -0.0335534
    outer loop
      vertex -7.09386 -19.0505 34.2
      vertex -36.7481 -11.8319 34.2
      vertex -36.7018 -11.8328 33.9
    endloop
  endfacet
  facet normal 0.497115 -0.861089 0.106787
    outer loop
      vertex -4.24325 -17.4047 34.2009
      vertex -6.93958 -18.9986 33.9
      vertex -4.29259 -17.4704 33.9009
    endloop
  endfacet
  facet normal 0.497118 -0.86109 0.10676
    outer loop
      vertex -4.24325 -17.4047 34.2009
      vertex -7.09386 -19.0505 34.2
      vertex -6.93958 -18.9986 33.9
    endloop
  endfacet
  facet normal 0.992728 -0.115998 -0.0321651
    outer loop
      vertex -0.823288 11.8641 34.2
      vertex -4.24325 -17.4047 34.2009
      vertex -0.832861 11.8654 33.9
    endloop
  endfacet
  facet normal 0.983834 -0.116033 -0.136408
    outer loop
      vertex -4.24325 -17.4047 34.2009
      vertex -4.29259 -17.4704 33.9009
      vertex -0.832861 11.8654 33.9
    endloop
  endfacet
  facet normal 0.519355 0.854526 0.00753501
    outer loop
      vertex -0.823288 11.8641 34.2
      vertex -20.9082 24.0711 34.2
      vertex -20.9019 24.0646 34.5
    endloop
  endfacet
  facet normal 0.519102 0.854614 -0.012973
    outer loop
      vertex -0.823288 11.8641 34.2
      vertex -20.9019 24.0646 34.5
      vertex -0.813715 11.8628 34.5
    endloop
  endfacet
  facet normal -0.55636 0.830339 -0.0316489
    outer loop
      vertex -40.3711 11.008 34.2
      vertex -40.3752 11.0167 34.5
      vertex -20.9019 24.0646 34.5
    endloop
  endfacet
  facet normal -0.557044 0.829948 0.0298046
    outer loop
      vertex -20.9082 24.0711 34.2
      vertex -40.3711 11.008 34.2
      vertex -20.9019 24.0646 34.5
    endloop
  endfacet
  facet normal -0.9879 -0.154834 -0.00897884
    outer loop
      vertex -36.7943 -11.8311 34.5
      vertex -40.3752 11.0167 34.5
      vertex -40.3711 11.008 34.2
    endloop
  endfacet
  facet normal -0.976479 -0.154898 -0.149982
    outer loop
      vertex -36.7943 -11.8311 34.5
      vertex -40.3711 11.008 34.2
      vertex -36.7481 -11.8319 34.2
    endloop
  endfacet
  facet normal -0.227181 -0.933273 -0.278192
    outer loop
      vertex -7.24813 -19.1024 34.5
      vertex -36.7481 -11.8319 34.2
      vertex -7.09386 -19.0505 34.2
    endloop
  endfacet
  facet normal -0.238832 -0.970468 -0.0339262
    outer loop
      vertex -7.24813 -19.1024 34.5
      vertex -36.7943 -11.8311 34.5
      vertex -36.7481 -11.8319 34.2
    endloop
  endfacet
  facet normal 0.497117 -0.861088 0.106781
    outer loop
      vertex -4.19391 -17.339 34.5009
      vertex -7.09386 -19.0505 34.2
      vertex -4.24325 -17.4047 34.2009
    endloop
  endfacet
  facet normal 0.49712 -0.861089 0.106759
    outer loop
      vertex -4.19391 -17.339 34.5009
      vertex -7.24813 -19.1024 34.5
      vertex -7.09386 -19.0505 34.2
    endloop
  endfacet
  facet normal 0.992853 -0.114926 -0.0321649
    outer loop
      vertex -0.813715 11.8628 34.5
      vertex -4.19391 -17.339 34.5009
      vertex -0.823288 11.8641 34.2
    endloop
  endfacet
  facet normal 0.983925 -0.114972 -0.136651
    outer loop
      vertex -4.19391 -17.339 34.5009
      vertex -4.24325 -17.4047 34.2009
      vertex -0.823288 11.8641 34.2
    endloop
  endfacet
  facet normal 0.519131 0.854662 0.0075361
    outer loop
      vertex -0.813715 11.8628 34.5
      vertex -20.9019 24.0646 34.5
      vertex -20.8955 24.0581 34.8
    endloop
  endfacet
  facet normal 0.518878 0.85475 -0.012968
    outer loop
      vertex -0.813715 11.8628 34.5
      vertex -20.8955 24.0581 34.8
      vertex -0.804142 11.8616 34.8
    endloop
  endfacet
  facet normal -0.555706 0.830776 -0.0316598
    outer loop
      vertex -40.3752 11.0167 34.5
      vertex -40.3793 11.0254 34.8
      vertex -20.8955 24.0581 34.8
    endloop
  endfacet
  facet normal -0.556391 0.830386 0.0298074
    outer loop
      vertex -20.9019 24.0646 34.5
      vertex -40.3752 11.0167 34.5
      vertex -20.8955 24.0581 34.8
    endloop
  endfacet
  facet normal -0.988184 -0.153004 -0.00904831
    outer loop
      vertex -36.8405 -11.8302 34.8
      vertex -40.3793 11.0254 34.8
      vertex -40.3752 11.0167 34.5
    endloop
  endfacet
  facet normal -0.976757 -0.153088 -0.15003
    outer loop
      vertex -36.8405 -11.8302 34.8
      vertex -40.3752 11.0167 34.5
      vertex -36.7943 -11.8311 34.5
    endloop
  endfacet
  facet normal -0.229465 -0.932406 -0.279223
    outer loop
      vertex -7.40241 -19.1542 34.8
      vertex -36.7943 -11.8311 34.5
      vertex -7.24813 -19.1024 34.5
    endloop
  endfacet
  facet normal -0.241293 -0.969846 -0.0343103
    outer loop
      vertex -7.40241 -19.1542 34.8
      vertex -36.8405 -11.8302 34.8
      vertex -36.7943 -11.8311 34.5
    endloop
  endfacet
  facet normal 0.497119 -0.861087 0.10678
    outer loop
      vertex -4.14457 -17.2733 34.8008
      vertex -7.24813 -19.1024 34.5
      vertex -4.19391 -17.339 34.5009
    endloop
  endfacet
  facet normal 0.497122 -0.861088 0.106757
    outer loop
      vertex -4.14457 -17.2733 34.8008
      vertex -7.40241 -19.1542 34.8
      vertex -7.24813 -19.1024 34.5
    endloop
  endfacet
  facet normal 0.992977 -0.11385 -0.032164
    outer loop
      vertex -0.804142 11.8616 34.8
      vertex -4.14457 -17.2733 34.8008
      vertex -0.813715 11.8628 34.5
    endloop
  endfacet
  facet normal 0.984014 -0.113906 -0.136904
    outer loop
      vertex -4.14457 -17.2733 34.8008
      vertex -4.19391 -17.339 34.5009
      vertex -0.813715 11.8628 34.5
    endloop
  endfacet
  facet normal 0.518907 0.854797 0.00754709
    outer loop
      vertex -0.804142 11.8616 34.8
      vertex -20.8955 24.0581 34.8
      vertex -20.8891 24.0516 35.1
    endloop
  endfacet
  facet normal 0.518654 0.854886 -0.0129592
    outer loop
      vertex -0.804142 11.8616 34.8
      vertex -20.8891 24.0516 35.1
      vertex -0.794568 11.8603 35.1
    endloop
  endfacet
  facet normal -0.555052 0.831213 -0.0316564
    outer loop
      vertex -40.3793 11.0254 34.8
      vertex -40.3834 11.0341 35.1
      vertex -20.8891 24.0516 35.1
    endloop
  endfacet
  facet normal -0.555738 0.830824 0.0297995
    outer loop
      vertex -20.8955 24.0581 34.8
      vertex -40.3793 11.0254 34.8
      vertex -20.8891 24.0516 35.1
    endloop
  endfacet
  facet normal -0.988465 -0.151174 -0.00909262
    outer loop
      vertex -36.8867 -11.8293 35.1
      vertex -40.3834 11.0341 35.1
      vertex -40.3793 11.0254 34.8
    endloop
  endfacet
  facet normal -0.977032 -0.151278 -0.150078
    outer loop
      vertex -36.8867 -11.8293 35.1
      vertex -40.3793 11.0254 34.8
      vertex -36.8405 -11.8302 34.8
    endloop
  endfacet
  facet normal -0.231761 -0.93153 -0.280246
    outer loop
      vertex -7.55668 -19.2061 35.1
      vertex -36.8405 -11.8302 34.8
      vertex -7.40241 -19.1542 34.8
    endloop
  endfacet
  facet normal -0.243768 -0.969213 -0.0346903
    outer loop
      vertex -7.55668 -19.2061 35.1
      vertex -36.8867 -11.8293 35.1
      vertex -36.8405 -11.8302 34.8
    endloop
  endfacet
  facet normal 0.497121 -0.861086 0.106778
    outer loop
      vertex -4.09523 -17.2076 35.1008
      vertex -7.40241 -19.1542 34.8
      vertex -4.14457 -17.2733 34.8008
    endloop
  endfacet
  facet normal 0.497123 -0.861087 0.106763
    outer loop
      vertex -4.09523 -17.2076 35.1008
      vertex -7.55668 -19.2061 35.1
      vertex -7.40241 -19.1542 34.8
    endloop
  endfacet
  facet normal 0.993101 -0.112767 -0.0321669
    outer loop
      vertex -0.794568 11.8603 35.1
      vertex -4.09523 -17.2076 35.1008
      vertex -0.804142 11.8616 34.8
    endloop
  endfacet
  facet normal 0.984103 -0.112835 -0.137151
    outer loop
      vertex -4.09523 -17.2076 35.1008
      vertex -4.14457 -17.2733 34.8008
      vertex -0.804142 11.8616 34.8
    endloop
  endfacet
  facet normal 0.518683 0.854933 0.00755469
    outer loop
      vertex -0.794568 11.8603 35.1
      vertex -20.8891 24.0516 35.1
      vertex -20.8828 24.0451 35.4
    endloop
  endfacet
  facet normal 0.51843 0.855022 -0.0129524
    outer loop
      vertex -0.794568 11.8603 35.1
      vertex -20.8828 24.0451 35.4
      vertex -0.784995 11.8591 35.4
    endloop
  endfacet
  facet normal -0.554398 0.831649 -0.0316598
    outer loop
      vertex -40.3834 11.0341 35.1
      vertex -40.3875 11.0428 35.4
      vertex -20.8828 24.0451 35.4
    endloop
  endfacet
  facet normal -0.555084 0.831261 0.0297947
    outer loop
      vertex -20.8891 24.0516 35.1
      vertex -40.3834 11.0341 35.1
      vertex -20.8828 24.0451 35.4
    endloop
  endfacet
  facet normal -0.988743 -0.149344 -0.00914934
    outer loop
      vertex -36.9329 -11.8284 35.4
      vertex -40.3875 11.0428 35.4
      vertex -40.3834 11.0341 35.1
    endloop
  endfacet
  facet normal -0.977304 -0.149467 -0.150123
    outer loop
      vertex -36.9329 -11.8284 35.4
      vertex -40.3834 11.0341 35.1
      vertex -36.8867 -11.8293 35.1
    endloop
  endfacet
  facet normal -0.234067 -0.930643 -0.281275
    outer loop
      vertex -7.71096 -19.258 35.4
      vertex -36.8867 -11.8293 35.1
      vertex -7.55668 -19.2061 35.1
    endloop
  endfacet
  facet normal -0.246255 -0.96857 -0.0350781
    outer loop
      vertex -7.71096 -19.258 35.4
      vertex -36.9329 -11.8284 35.4
      vertex -36.8867 -11.8293 35.1
    endloop
  endfacet
  facet normal 0.497122 -0.861085 0.106785
    outer loop
      vertex -4.04589 -17.142 35.4008
      vertex -7.55668 -19.2061 35.1
      vertex -4.09523 -17.2076 35.1008
    endloop
  endfacet
  facet normal 0.497124 -0.861086 0.106761
    outer loop
      vertex -4.04589 -17.142 35.4008
      vertex -7.71096 -19.258 35.4
      vertex -7.55668 -19.2061 35.1
    endloop
  endfacet
  facet normal 0.993224 -0.11168 -0.0321624
    outer loop
      vertex -0.784995 11.8591 35.4
      vertex -4.04589 -17.142 35.4008
      vertex -0.794568 11.8603 35.1
    endloop
  endfacet
  facet normal 0.98419 -0.111759 -0.137403
    outer loop
      vertex -4.04589 -17.142 35.4008
      vertex -4.09523 -17.2076 35.1008
      vertex -0.794568 11.8603 35.1
    endloop
  endfacet
  facet normal 0.518459 0.855069 0.00756247
    outer loop
      vertex -0.784995 11.8591 35.4
      vertex -20.8828 24.0451 35.4
      vertex -20.8764 24.0386 35.7
    endloop
  endfacet
  facet normal 0.518207 0.855158 -0.0129422
    outer loop
      vertex -0.784995 11.8591 35.4
      vertex -20.8764 24.0386 35.7
      vertex -0.775422 11.8578 35.7
    endloop
  endfacet
  facet normal -0.553743 0.832085 -0.0316709
    outer loop
      vertex -40.3875 11.0428 35.4
      vertex -40.3916 11.0514 35.7
      vertex -20.8764 24.0386 35.7
    endloop
  endfacet
  facet normal -0.55443 0.831697 0.0297907
    outer loop
      vertex -20.8828 24.0451 35.4
      vertex -40.3875 11.0428 35.4
      vertex -20.8764 24.0386 35.7
    endloop
  endfacet
  facet normal -0.989017 -0.147513 -0.00921883
    outer loop
      vertex -36.9792 -11.8275 35.7
      vertex -40.3916 11.0514 35.7
      vertex -40.3875 11.0428 35.4
    endloop
  endfacet
  facet normal -0.97757 -0.147656 -0.150184
    outer loop
      vertex -36.9792 -11.8275 35.7
      vertex -40.3875 11.0428 35.4
      vertex -36.9329 -11.8284 35.4
    endloop
  endfacet
  facet normal -0.236383 -0.929741 -0.28232
    outer loop
      vertex -7.86523 -19.3099 35.7
      vertex -36.9329 -11.8284 35.4
      vertex -7.71096 -19.258 35.4
    endloop
  endfacet
  facet normal -0.248757 -0.967916 -0.0354659
    outer loop
      vertex -7.86523 -19.3099 35.7
      vertex -36.9792 -11.8275 35.7
      vertex -36.9329 -11.8284 35.4
    endloop
  endfacet
  facet normal 0.497123 -0.861084 0.106783
    outer loop
      vertex -3.99655 -17.0763 35.7008
      vertex -7.71096 -19.258 35.4
      vertex -4.04589 -17.142 35.4008
    endloop
  endfacet
  facet normal 0.497126 -0.861086 0.106759
    outer loop
      vertex -3.99655 -17.0763 35.7008
      vertex -7.86523 -19.3099 35.7
      vertex -7.71096 -19.258 35.4
    endloop
  endfacet
  facet normal 0.993346 -0.110587 -0.0321624
    outer loop
      vertex -0.775422 11.8578 35.7
      vertex -3.99655 -17.0763 35.7008
      vertex -0.784995 11.8591 35.4
    endloop
  endfacet
  facet normal 0.984278 -0.110677 -0.137652
    outer loop
      vertex -3.99655 -17.0763 35.7008
      vertex -4.04589 -17.142 35.4008
      vertex -0.784995 11.8591 35.4
    endloop
  endfacet
  facet normal 0.518235 0.855205 0.00757016
    outer loop
      vertex -0.775422 11.8578 35.7
      vertex -20.8764 24.0386 35.7
      vertex -20.8701 24.032 36
    endloop
  endfacet
  facet normal 0.517983 0.855293 -0.0129344
    outer loop
      vertex -0.775422 11.8578 35.7
      vertex -20.8701 24.032 36
      vertex -0.765849 11.8565 36
    endloop
  endfacet
  facet normal -0.553088 0.832521 -0.0316676
    outer loop
      vertex -40.3916 11.0514 35.7
      vertex -40.3957 11.0601 36
      vertex -20.8701 24.032 36
    endloop
  endfacet
  facet normal -0.553775 0.832133 0.0297863
    outer loop
      vertex -20.8764 24.0386 35.7
      vertex -40.3916 11.0514 35.7
      vertex -20.8701 24.032 36
    endloop
  endfacet
  facet normal -0.989288 -0.145682 -0.00926301
    outer loop
      vertex -37.0254 -11.8266 36
      vertex -40.3957 11.0601 36
      vertex -40.3916 11.0514 35.7
    endloop
  endfacet
  facet normal -0.977836 -0.145845 -0.150218
    outer loop
      vertex -37.0254 -11.8266 36
      vertex -40.3916 11.0514 35.7
      vertex -36.9792 -11.8275 35.7
    endloop
  endfacet
  facet normal -0.238712 -0.928831 -0.283354
    outer loop
      vertex -8.01951 -19.3617 36
      vertex -36.9792 -11.8275 35.7
      vertex -7.86523 -19.3099 35.7
    endloop
  endfacet
  facet normal -0.251271 -0.967252 -0.0358552
    outer loop
      vertex -8.01951 -19.3617 36
      vertex -37.0254 -11.8266 36
      vertex -36.9792 -11.8275 35.7
    endloop
  endfacet
  facet normal 0.497125 -0.861084 0.106777
    outer loop
      vertex -3.94721 -17.0106 36.0008
      vertex -7.86523 -19.3099 35.7
      vertex -3.99655 -17.0763 35.7008
    endloop
  endfacet
  facet normal 0.497126 -0.861085 0.106765
    outer loop
      vertex -3.94721 -17.0106 36.0008
      vertex -8.01951 -19.3617 36
      vertex -7.86523 -19.3099 35.7
    endloop
  endfacet
  facet normal 0.993468 -0.109488 -0.0321617
    outer loop
      vertex -0.765849 11.8565 36
      vertex -3.94721 -17.0106 36.0008
      vertex -0.775422 11.8578 35.7
    endloop
  endfacet
  facet normal 0.984364 -0.10959 -0.137905
    outer loop
      vertex -3.94721 -17.0106 36.0008
      vertex -3.99655 -17.0763 35.7008
      vertex -0.775422 11.8578 35.7
    endloop
  endfacet
  facet normal 0.518011 0.85534 0.00757456
    outer loop
      vertex -0.765849 11.8565 36
      vertex -20.8701 24.032 36
      vertex -20.8637 24.0255 36.3
    endloop
  endfacet
  facet normal 0.517759 0.855429 -0.0129294
    outer loop
      vertex -0.765849 11.8565 36
      vertex -20.8637 24.0255 36.3
      vertex -0.756276 11.8553 36.3
    endloop
  endfacet
  facet normal -0.552433 0.832955 -0.0316783
    outer loop
      vertex -40.3957 11.0601 36
      vertex -40.3998 11.0688 36.3
      vertex -20.8637 24.0255 36.3
    endloop
  endfacet
  facet normal -0.55312 0.832569 0.0297854
    outer loop
      vertex -20.8701 24.032 36
      vertex -40.3957 11.0601 36
      vertex -20.8637 24.0255 36.3
    endloop
  endfacet
  facet normal -0.989555 -0.143851 -0.00933231
    outer loop
      vertex -37.0716 -11.8257 36.3
      vertex -40.3998 11.0688 36.3
      vertex -40.3957 11.0601 36
    endloop
  endfacet
  facet normal -0.978098 -0.144034 -0.150263
    outer loop
      vertex -37.0716 -11.8257 36.3
      vertex -40.3957 11.0601 36
      vertex -37.0254 -11.8266 36
    endloop
  endfacet
  facet normal -0.24105 -0.927908 -0.284396
    outer loop
      vertex -8.17378 -19.4136 36.3
      vertex -37.0254 -11.8266 36
      vertex -8.01951 -19.3617 36
    endloop
  endfacet
  facet normal -0.2538 -0.966578 -0.0362436
    outer loop
      vertex -8.17378 -19.4136 36.3
      vertex -37.0716 -11.8257 36.3
      vertex -37.0254 -11.8266 36
    endloop
  endfacet
  facet normal 0.497126 -0.861083 0.106778
    outer loop
      vertex -3.89787 -16.9449 36.3008
      vertex -8.01951 -19.3617 36
      vertex -3.94721 -17.0106 36.0008
    endloop
  endfacet
  facet normal 0.497127 -0.861084 0.106764
    outer loop
      vertex -3.89787 -16.9449 36.3008
      vertex -8.17378 -19.4136 36.3
      vertex -8.01951 -19.3617 36
    endloop
  endfacet
  facet normal 0.993589 -0.108384 -0.0321606
    outer loop
      vertex -0.756276 11.8553 36.3
      vertex -3.89787 -16.9449 36.3008
      vertex -0.765849 11.8565 36
    endloop
  endfacet
  facet normal 0.984449 -0.108497 -0.13816
    outer loop
      vertex -3.89787 -16.9449 36.3008
      vertex -3.94721 -17.0106 36.0008
      vertex -0.765849 11.8565 36
    endloop
  endfacet
  facet normal 0.517787 0.855476 0.00758883
    outer loop
      vertex -0.756276 11.8553 36.3
      vertex -20.8637 24.0255 36.3
      vertex -20.8574 24.019 36.6
    endloop
  endfacet
  facet normal 0.517535 0.855565 -0.012919
    outer loop
      vertex -0.756276 11.8553 36.3
      vertex -20.8574 24.019 36.6
      vertex -0.746703 11.854 36.6
    endloop
  endfacet
  facet normal -0.551777 0.83339 -0.0316722
    outer loop
      vertex -40.3998 11.0688 36.3
      vertex -40.4039 11.0775 36.6
      vertex -20.8574 24.019 36.6
    endloop
  endfacet
  facet normal -0.552465 0.833004 0.0297739
    outer loop
      vertex -20.8637 24.0255 36.3
      vertex -40.3998 11.0688 36.3
      vertex -20.8574 24.019 36.6
    endloop
  endfacet
  facet normal -0.989819 -0.142019 -0.00937686
    outer loop
      vertex -37.1178 -11.8249 36.6
      vertex -40.4039 11.0775 36.6
      vertex -40.3998 11.0688 36.3
    endloop
  endfacet
  facet normal -0.978356 -0.142223 -0.150309
    outer loop
      vertex -37.1178 -11.8249 36.6
      vertex -40.3998 11.0688 36.3
      vertex -37.0716 -11.8257 36.3
    endloop
  endfacet
  facet normal -0.2434 -0.926971 -0.285449
    outer loop
      vertex -8.32805 -19.4655 36.6
      vertex -37.0716 -11.8257 36.3
      vertex -8.17378 -19.4136 36.3
    endloop
  endfacet
  facet normal -0.256341 -0.965892 -0.0366403
    outer loop
      vertex -8.32805 -19.4655 36.6
      vertex -37.1178 -11.8249 36.6
      vertex -37.0716 -11.8257 36.3
    endloop
  endfacet
  facet normal 0.497127 -0.861083 0.106777
    outer loop
      vertex -3.84853 -16.8792 36.6008
      vertex -8.17378 -19.4136 36.3
      vertex -3.89787 -16.9449 36.3008
    endloop
  endfacet
  facet normal 0.497128 -0.861084 0.10676
    outer loop
      vertex -3.84853 -16.8792 36.6008
      vertex -8.32805 -19.4655 36.6
      vertex -8.17378 -19.4136 36.3
    endloop
  endfacet
  facet normal 0.993709 -0.107274 -0.0321601
    outer loop
      vertex -0.746703 11.854 36.6
      vertex -3.84853 -16.8792 36.6008
      vertex -0.756276 11.8553 36.3
    endloop
  endfacet
  facet normal 0.984534 -0.107399 -0.138413
    outer loop
      vertex -3.84853 -16.8792 36.6008
      vertex -3.89787 -16.9449 36.3008
      vertex -0.756276 11.8553 36.3
    endloop
  endfacet
  facet normal 0.517563 0.855611 0.00758984
    outer loop
      vertex -0.746703 11.854 36.6
      vertex -20.8574 24.019 36.6
      vertex -20.851 24.0125 36.9
    endloop
  endfacet
  facet normal 0.517311 0.8557 -0.0129138
    outer loop
      vertex -0.746703 11.854 36.6
      vertex -20.851 24.0125 36.9
      vertex -0.73713 11.8527 36.9
    endloop
  endfacet
  facet normal -0.551121 0.833823 -0.0316851
    outer loop
      vertex -40.4039 11.0775 36.6
      vertex -40.4079 11.0862 36.9
      vertex -20.851 24.0125 36.9
    endloop
  endfacet
  facet normal -0.55181 0.833438 0.0297761
    outer loop
      vertex -20.8574 24.019 36.6
      vertex -40.4039 11.0775 36.6
      vertex -20.851 24.0125 36.9
    endloop
  endfacet
  facet normal -0.99008 -0.140188 -0.00944551
    outer loop
      vertex -37.164 -11.824 36.9
      vertex -40.4079 11.0862 36.9
      vertex -40.4039 11.0775 36.6
    endloop
  endfacet
  facet normal -0.978609 -0.140411 -0.150363
    outer loop
      vertex -37.164 -11.824 36.9
      vertex -40.4039 11.0775 36.6
      vertex -37.1178 -11.8249 36.6
    endloop
  endfacet
  facet normal -0.245761 -0.926025 -0.286496
    outer loop
      vertex -8.48233 -19.5173 36.9
      vertex -37.1178 -11.8249 36.6
      vertex -8.32805 -19.4655 36.6
    endloop
  endfacet
  facet normal -0.258897 -0.965195 -0.0370358
    outer loop
      vertex -8.48233 -19.5173 36.9
      vertex -37.164 -11.824 36.9
      vertex -37.1178 -11.8249 36.6
    endloop
  endfacet
  facet normal 0.497127 -0.861082 0.106785
    outer loop
      vertex -3.79919 -16.8135 36.9008
      vertex -8.32805 -19.4655 36.6
      vertex -3.84853 -16.8792 36.6008
    endloop
  endfacet
  facet normal 0.49713 -0.861083 0.10676
    outer loop
      vertex -3.79919 -16.8135 36.9008
      vertex -8.48233 -19.5173 36.9
      vertex -8.32805 -19.4655 36.6
    endloop
  endfacet
  facet normal 0.993829 -0.106159 -0.0321585
    outer loop
      vertex -0.73713 11.8527 36.9
      vertex -3.79919 -16.8135 36.9008
      vertex -0.746703 11.854 36.6
    endloop
  endfacet
  facet normal 0.984618 -0.106296 -0.138666
    outer loop
      vertex -3.79919 -16.8135 36.9008
      vertex -3.84853 -16.8792 36.6008
      vertex -0.746703 11.854 36.6
    endloop
  endfacet
  facet normal 0.517339 0.855747 0.0076042
    outer loop
      vertex -0.73713 11.8527 36.9
      vertex -20.851 24.0125 36.9
      vertex -20.8446 24.006 37.2
    endloop
  endfacet
  facet normal 0.517087 0.855836 -0.0129052
    outer loop
      vertex -0.73713 11.8527 36.9
      vertex -20.8446 24.006 37.2
      vertex -0.727556 11.8515 37.2
    endloop
  endfacet
  facet normal -0.550465 0.834257 -0.0316821
    outer loop
      vertex -40.4079 11.0862 36.9
      vertex -40.412 11.0949 37.2
      vertex -20.8446 24.006 37.2
    endloop
  endfacet
  facet normal -0.551154 0.833873 0.029765
    outer loop
      vertex -20.851 24.0125 36.9
      vertex -40.4079 11.0862 36.9
      vertex -20.8446 24.006 37.2
    endloop
  endfacet
  facet normal -0.990337 -0.138356 -0.00948964
    outer loop
      vertex -37.2103 -11.8231 37.2
      vertex -40.412 11.0949 37.2
      vertex -40.4079 11.0862 36.9
    endloop
  endfacet
  facet normal -0.978862 -0.138599 -0.150397
    outer loop
      vertex -37.2103 -11.8231 37.2
      vertex -40.4079 11.0862 36.9
      vertex -37.164 -11.824 36.9
    endloop
  endfacet
  facet normal -0.248133 -0.925067 -0.287543
    outer loop
      vertex -8.6366 -19.5692 37.2
      vertex -37.164 -11.824 36.9
      vertex -8.48233 -19.5173 36.9
    endloop
  endfacet
  facet normal -0.261466 -0.964487 -0.037434
    outer loop
      vertex -8.6366 -19.5692 37.2
      vertex -37.2103 -11.8231 37.2
      vertex -37.164 -11.824 36.9
    endloop
  endfacet
  facet normal 0.497128 -0.861081 0.106782
    outer loop
      vertex -3.74985 -16.7478 37.2008
      vertex -8.48233 -19.5173 36.9
      vertex -3.79919 -16.8135 36.9008
    endloop
  endfacet
  facet normal 0.497129 -0.861082 0.106772
    outer loop
      vertex -3.74985 -16.7478 37.2008
      vertex -8.6366 -19.5692 37.2
      vertex -8.48233 -19.5173 36.9
    endloop
  endfacet
  facet normal 0.993948 -0.105038 -0.0321615
    outer loop
      vertex -0.727556 11.8515 37.2
      vertex -3.74985 -16.7478 37.2008
      vertex -0.73713 11.8527 36.9
    endloop
  endfacet
  facet normal 0.984701 -0.105187 -0.138924
    outer loop
      vertex -3.74985 -16.7478 37.2008
      vertex -3.79919 -16.8135 36.9008
      vertex -0.73713 11.8527 36.9
    endloop
  endfacet
  facet normal 0.517115 0.855882 0.00760531
    outer loop
      vertex -0.727556 11.8515 37.2
      vertex -20.8446 24.006 37.2
      vertex -20.8383 23.9995 37.5
    endloop
  endfacet
  facet normal 0.516863 0.855971 -0.0128986
    outer loop
      vertex -0.727556 11.8515 37.2
      vertex -20.8383 23.9995 37.5
      vertex -0.717983 11.8502 37.5
    endloop
  endfacet
  facet normal -0.549808 0.834689 -0.0316927
    outer loop
      vertex -40.412 11.0949 37.2
      vertex -40.4161 11.1036 37.5
      vertex -20.8383 23.9995 37.5
    endloop
  endfacet
  facet normal -0.550498 0.834306 0.0297675
    outer loop
      vertex -20.8446 24.006 37.2
      vertex -40.412 11.0949 37.2
      vertex -20.8383 23.9995 37.5
    endloop
  endfacet
  facet normal -0.990591 -0.136524 -0.00955878
    outer loop
      vertex -37.2565 -11.8222 37.5
      vertex -40.4161 11.1036 37.5
      vertex -40.412 11.0949 37.2
    endloop
  endfacet
  facet normal -0.97911 -0.136787 -0.150441
    outer loop
      vertex -37.2565 -11.8222 37.5
      vertex -40.412 11.0949 37.2
      vertex -37.2103 -11.8231 37.2
    endloop
  endfacet
  facet normal -0.250515 -0.924092 -0.28861
    outer loop
      vertex -8.79088 -19.6211 37.5
      vertex -37.2103 -11.8231 37.2
      vertex -8.6366 -19.5692 37.2
    endloop
  endfacet
  facet normal -0.264049 -0.963767 -0.037831
    outer loop
      vertex -8.79088 -19.6211 37.5
      vertex -37.2565 -11.8222 37.5
      vertex -37.2103 -11.8231 37.2
    endloop
  endfacet
  facet normal 0.497129 -0.861081 0.106777
    outer loop
      vertex -3.70051 -16.6822 37.5007
      vertex -8.6366 -19.5692 37.2
      vertex -3.74985 -16.7478 37.2008
    endloop
  endfacet
  facet normal 0.497131 -0.861083 0.10676
    outer loop
      vertex -3.70051 -16.6822 37.5007
      vertex -8.79088 -19.6211 37.5
      vertex -8.6366 -19.5692 37.2
    endloop
  endfacet
  facet normal 0.994067 -0.103912 -0.032157
    outer loop
      vertex -0.717983 11.8502 37.5
      vertex -3.70051 -16.6822 37.5007
      vertex -0.727556 11.8515 37.2
    endloop
  endfacet
  facet normal 0.984783 -0.104073 -0.139184
    outer loop
      vertex -3.70051 -16.6822 37.5007
      vertex -3.74985 -16.7478 37.2008
      vertex -0.727556 11.8515 37.2
    endloop
  endfacet
  facet normal 0.516891 0.856017 0.00762501
    outer loop
      vertex -0.717983 11.8502 37.5
      vertex -20.8383 23.9995 37.5
      vertex -20.8319 23.993 37.8
    endloop
  endfacet
  facet normal 0.516639 0.856107 -0.0128881
    outer loop
      vertex -0.717983 11.8502 37.5
      vertex -20.8319 23.993 37.8
      vertex -0.70841 11.849 37.8
    endloop
  endfacet
  facet normal -0.549152 0.835122 -0.0316893
    outer loop
      vertex -40.4161 11.1036 37.5
      vertex -40.4202 11.1123 37.8
      vertex -20.8319 23.993 37.8
    endloop
  endfacet
  facet normal -0.549841 0.834739 0.0297613
    outer loop
      vertex -20.8383 23.9995 37.5
      vertex -40.4161 11.1036 37.5
      vertex -20.8319 23.993 37.8
    endloop
  endfacet
  facet normal -0.990841 -0.134692 -0.0096027
    outer loop
      vertex -37.3027 -11.8213 37.8
      vertex -40.4202 11.1123 37.8
      vertex -40.4161 11.1036 37.5
    endloop
  endfacet
  facet normal -0.979355 -0.134976 -0.150484
    outer loop
      vertex -37.3027 -11.8213 37.8
      vertex -40.4161 11.1036 37.5
      vertex -37.2565 -11.8222 37.5
    endloop
  endfacet
  facet normal -0.252909 -0.923107 -0.289671
    outer loop
      vertex -8.94515 -19.673 37.8
      vertex -37.2565 -11.8222 37.5
      vertex -8.79088 -19.6211 37.5
    endloop
  endfacet
  facet normal -0.266646 -0.963036 -0.0382332
    outer loop
      vertex -8.94515 -19.673 37.8
      vertex -37.3027 -11.8213 37.8
      vertex -37.2565 -11.8222 37.5
    endloop
  endfacet
  facet normal 0.49713 -0.861081 0.106776
    outer loop
      vertex -3.65117 -16.6165 37.8007
      vertex -8.79088 -19.6211 37.5
      vertex -3.70051 -16.6822 37.5007
    endloop
  endfacet
  facet normal 0.497131 -0.861082 0.106762
    outer loop
      vertex -3.65117 -16.6165 37.8007
      vertex -8.94515 -19.673 37.8
      vertex -8.79088 -19.6211 37.5
    endloop
  endfacet
  facet normal 0.994184 -0.10278 -0.0321564
    outer loop
      vertex -0.70841 11.849 37.8
      vertex -3.65117 -16.6165 37.8007
      vertex -0.717983 11.8502 37.5
    endloop
  endfacet
  facet normal 0.984864 -0.102953 -0.13944
    outer loop
      vertex -3.65117 -16.6165 37.8007
      vertex -3.70051 -16.6822 37.5007
      vertex -0.717983 11.8502 37.5
    endloop
  endfacet
  facet normal 0.516666 0.856153 0.00762069
    outer loop
      vertex -0.70841 11.849 37.8
      vertex -20.8319 23.993 37.8
      vertex -20.8256 23.9865 38.1
    endloop
  endfacet
  facet normal 0.516414 0.856242 -0.0128831
    outer loop
      vertex -0.70841 11.849 37.8
      vertex -20.8256 23.9865 38.1
      vertex -0.698837 11.8477 38.1
    endloop
  endfacet
  facet normal -0.548494 0.835553 -0.0316929
    outer loop
      vertex -40.4202 11.1123 37.8
      vertex -40.4243 11.121 38.1
      vertex -20.8256 23.9865 38.1
    endloop
  endfacet
  facet normal -0.549184 0.835171 0.0297584
    outer loop
      vertex -20.8319 23.993 37.8
      vertex -40.4202 11.1123 37.8
      vertex -20.8256 23.9865 38.1
    endloop
  endfacet
  facet normal -0.991088 -0.132859 -0.00965917
    outer loop
      vertex -37.3489 -11.8204 38.1
      vertex -40.4243 11.121 38.1
      vertex -40.4202 11.1123 37.8
    endloop
  endfacet
  facet normal -0.979596 -0.133163 -0.150527
    outer loop
      vertex -37.3489 -11.8204 38.1
      vertex -40.4202 11.1123 37.8
      vertex -37.3027 -11.8213 37.8
    endloop
  endfacet
  facet normal -0.255315 -0.922112 -0.29073
    outer loop
      vertex -9.09943 -19.7248 38.1
      vertex -37.3027 -11.8213 37.8
      vertex -8.94515 -19.673 37.8
    endloop
  endfacet
  facet normal -0.269256 -0.962293 -0.0386407
    outer loop
      vertex -9.09943 -19.7248 38.1
      vertex -37.3489 -11.8204 38.1
      vertex -37.3027 -11.8213 37.8
    endloop
  endfacet
  facet normal 0.49713 -0.861081 0.106776
    outer loop
      vertex -3.60183 -16.5508 38.1007
      vertex -8.94515 -19.673 37.8
      vertex -3.65117 -16.6165 37.8007
    endloop
  endfacet
  facet normal 0.497131 -0.861081 0.106768
    outer loop
      vertex -3.60183 -16.5508 38.1007
      vertex -9.09943 -19.7248 38.1
      vertex -8.94515 -19.673 37.8
    endloop
  endfacet
  facet normal 0.994301 -0.101642 -0.032155
    outer loop
      vertex -0.698837 11.8477 38.1
      vertex -3.60183 -16.5508 38.1007
      vertex -0.70841 11.849 37.8
    endloop
  endfacet
  facet normal 0.984944 -0.101827 -0.1397
    outer loop
      vertex -3.60183 -16.5508 38.1007
      vertex -3.65117 -16.6165 37.8007
      vertex -0.70841 11.849 37.8
    endloop
  endfacet
  facet normal 0.516442 0.856288 0.00763156
    outer loop
      vertex -0.698837 11.8477 38.1
      vertex -20.8256 23.9865 38.1
      vertex -20.8192 23.98 38.4
    endloop
  endfacet
  facet normal 0.51619 0.856377 -0.0128725
    outer loop
      vertex -0.698837 11.8477 38.1
      vertex -20.8192 23.98 38.4
      vertex -0.689264 11.8464 38.4
    endloop
  endfacet
  facet normal -0.547837 0.835984 -0.0317029
    outer loop
      vertex -40.4243 11.121 38.1
      vertex -40.4284 11.1297 38.4
      vertex -20.8192 23.98 38.4
    endloop
  endfacet
  facet normal -0.548527 0.835603 0.02975
    outer loop
      vertex -20.8256 23.9865 38.1
      vertex -40.4243 11.121 38.1
      vertex -20.8192 23.98 38.4
    endloop
  endfacet
  facet normal -0.991331 -0.131027 -0.00972808
    outer loop
      vertex -37.3951 -11.8195 38.4
      vertex -40.4284 11.1297 38.4
      vertex -40.4243 11.121 38.1
    endloop
  endfacet
  facet normal -0.979833 -0.131351 -0.150579
    outer loop
      vertex -37.3951 -11.8195 38.4
      vertex -40.4243 11.121 38.1
      vertex -37.3489 -11.8204 38.1
    endloop
  endfacet
  facet normal -0.257731 -0.921103 -0.291794
    outer loop
      vertex -9.2537 -19.7767 38.4
      vertex -37.3489 -11.8204 38.1
      vertex -9.09943 -19.7248 38.1
    endloop
  endfacet
  facet normal -0.271881 -0.961538 -0.0390471
    outer loop
      vertex -9.2537 -19.7767 38.4
      vertex -37.3951 -11.8195 38.4
      vertex -37.3489 -11.8204 38.1
    endloop
  endfacet
  facet normal 0.49713 -0.86108 0.106782
    outer loop
      vertex -3.55249 -16.4851 38.4007
      vertex -9.09943 -19.7248 38.1
      vertex -3.60183 -16.5508 38.1007
    endloop
  endfacet
  facet normal 0.497132 -0.861081 0.106765
    outer loop
      vertex -3.55249 -16.4851 38.4007
      vertex -9.2537 -19.7767 38.4
      vertex -9.09943 -19.7248 38.1
    endloop
  endfacet
  facet normal 0.994418 -0.100498 -0.0321538
    outer loop
      vertex -0.689264 11.8464 38.4
      vertex -3.55249 -16.4851 38.4007
      vertex -0.698837 11.8477 38.1
    endloop
  endfacet
  facet normal 0.985023 -0.100696 -0.139962
    outer loop
      vertex -3.55249 -16.4851 38.4007
      vertex -3.60183 -16.5508 38.1007
      vertex -0.698837 11.8477 38.1
    endloop
  endfacet
  facet normal 0.516218 0.856423 0.00763934
    outer loop
      vertex -0.689264 11.8464 38.4
      vertex -20.8192 23.98 38.4
      vertex -20.8129 23.9735 38.7
    endloop
  endfacet
  facet normal 0.515966 0.856512 -0.012865
    outer loop
      vertex -0.689264 11.8464 38.4
      vertex -20.8129 23.9735 38.7
      vertex -0.679691 11.8452 38.7
    endloop
  endfacet
  facet normal -0.547179 0.836415 -0.0316999
    outer loop
      vertex -40.4284 11.1297 38.4
      vertex -40.4325 11.1384 38.7
      vertex -20.8129 23.9735 38.7
    endloop
  endfacet
  facet normal -0.54787 0.836035 0.0297458
    outer loop
      vertex -20.8192 23.98 38.4
      vertex -40.4284 11.1297 38.4
      vertex -20.8129 23.9735 38.7
    endloop
  endfacet
  facet normal -0.991571 -0.129195 -0.00977198
    outer loop
      vertex -37.4414 -11.8186 38.7
      vertex -40.4325 11.1384 38.7
      vertex -40.4284 11.1297 38.4
    endloop
  endfacet
  facet normal -0.98007 -0.129539 -0.15061
    outer loop
      vertex -37.4414 -11.8186 38.7
      vertex -40.4284 11.1297 38.4
      vertex -37.3951 -11.8195 38.4
    endloop
  endfacet
  facet normal -0.260157 -0.920077 -0.292875
    outer loop
      vertex -9.40798 -19.8286 38.7
      vertex -37.3951 -11.8195 38.4
      vertex -9.2537 -19.7767 38.4
    endloop
  endfacet
  facet normal -0.274519 -0.960772 -0.039456
    outer loop
      vertex -9.40798 -19.8286 38.7
      vertex -37.4414 -11.8186 38.7
      vertex -37.3951 -11.8195 38.4
    endloop
  endfacet
  facet normal 0.497132 -0.86108 0.106775
    outer loop
      vertex -3.50315 -16.4194 38.7007
      vertex -9.2537 -19.7767 38.4
      vertex -3.55249 -16.4851 38.4007
    endloop
  endfacet
  facet normal 0.497133 -0.861081 0.106763
    outer loop
      vertex -3.50315 -16.4194 38.7007
      vertex -9.40798 -19.8286 38.7
      vertex -9.2537 -19.7767 38.4
    endloop
  endfacet
  facet normal 0.994533 -0.0993485 -0.0321531
    outer loop
      vertex -0.679691 11.8452 38.7
      vertex -3.50315 -16.4194 38.7007
      vertex -0.689264 11.8464 38.4
    endloop
  endfacet
  facet normal 0.985102 -0.0995593 -0.140223
    outer loop
      vertex -3.50315 -16.4194 38.7007
      vertex -3.55249 -16.4851 38.4007
      vertex -0.689264 11.8464 38.4
    endloop
  endfacet
  facet normal 0.515994 0.856558 0.00764702
    outer loop
      vertex -0.679691 11.8452 38.7
      vertex -20.8129 23.9735 38.7
      vertex -20.8065 23.967 39
    endloop
  endfacet
  facet normal 0.515742 0.856648 -0.01286
    outer loop
      vertex -0.679691 11.8452 38.7
      vertex -20.8065 23.967 39
      vertex -0.670118 11.8439 39
    endloop
  endfacet
  facet normal -0.546521 0.836845 -0.0317103
    outer loop
      vertex -40.4325 11.1384 38.7
      vertex -40.4366 11.1471 39
      vertex -20.8065 23.967 39
    endloop
  endfacet
  facet normal -0.547212 0.836465 0.0297412
    outer loop
      vertex -20.8129 23.9735 38.7
      vertex -40.4325 11.1384 38.7
      vertex -20.8065 23.967 39
    endloop
  endfacet
  facet normal -0.991807 -0.127362 -0.00984092
    outer loop
      vertex -37.4876 -11.8178 39
      vertex -40.4366 11.1471 39
      vertex -40.4325 11.1384 38.7
    endloop
  endfacet
  facet normal -0.980301 -0.127726 -0.150651
    outer loop
      vertex -37.4876 -11.8178 39
      vertex -40.4325 11.1384 38.7
      vertex -37.4414 -11.8186 38.7
    endloop
  endfacet
  facet normal -0.262596 -0.919043 -0.293944
    outer loop
      vertex -9.56225 -19.8804 39
      vertex -37.4414 -11.8186 38.7
      vertex -9.40798 -19.8286 38.7
    endloop
  endfacet
  facet normal -0.277172 -0.959993 -0.0398639
    outer loop
      vertex -9.56225 -19.8804 39
      vertex -37.4876 -11.8178 39
      vertex -37.4414 -11.8186 38.7
    endloop
  endfacet
  facet normal 0.497132 -0.861079 0.106782
    outer loop
      vertex -3.45381 -16.3537 39.0007
      vertex -9.40798 -19.8286 38.7
      vertex -3.50315 -16.4194 38.7007
    endloop
  endfacet
  facet normal 0.497133 -0.86108 0.106769
    outer loop
      vertex -3.45381 -16.3537 39.0007
      vertex -9.56225 -19.8804 39
      vertex -9.40798 -19.8286 38.7
    endloop
  endfacet
  facet normal 0.994648 -0.0981931 -0.0321516
    outer loop
      vertex -0.670118 11.8439 39
      vertex -3.45381 -16.3537 39.0007
      vertex -0.679691 11.8452 38.7
    endloop
  endfacet
  facet normal 0.98518 -0.0984168 -0.140482
    outer loop
      vertex -3.45381 -16.3537 39.0007
      vertex -3.50315 -16.4194 38.7007
      vertex -0.679691 11.8452 38.7
    endloop
  endfacet
  facet normal 0.515769 0.856693 0.00765471
    outer loop
      vertex -0.670118 11.8439 39
      vertex -20.8065 23.967 39
      vertex -20.8001 23.9605 39.3
    endloop
  endfacet
  facet normal 0.515518 0.856783 -0.0128512
    outer loop
      vertex -0.670118 11.8439 39
      vertex -20.8001 23.9605 39.3
      vertex -0.660544 11.8427 39.3
    endloop
  endfacet
  facet normal -0.545863 0.837275 -0.0317069
    outer loop
      vertex -40.4366 11.1471 39
      vertex -40.4407 11.1558 39.3
      vertex -20.8001 23.9605 39.3
    endloop
  endfacet
  facet normal -0.546554 0.836896 0.0297366
    outer loop
      vertex -20.8065 23.967 39
      vertex -40.4366 11.1471 39
      vertex -20.8001 23.9605 39.3
    endloop
  endfacet
  facet normal -0.992041 -0.125529 -0.0098846
    outer loop
      vertex -37.5338 -11.8169 39.3
      vertex -40.4407 11.1558 39.3
      vertex -40.4366 11.1471 39
    endloop
  endfacet
  facet normal -0.980529 -0.125914 -0.150692
    outer loop
      vertex -37.5338 -11.8169 39.3
      vertex -40.4366 11.1471 39
      vertex -37.4876 -11.8178 39
    endloop
  endfacet
  facet normal -0.265046 -0.917994 -0.295022
    outer loop
      vertex -9.71653 -19.9323 39.3
      vertex -37.4876 -11.8178 39
      vertex -9.56225 -19.8804 39
    endloop
  endfacet
  facet normal -0.279838 -0.959202 -0.0402801
    outer loop
      vertex -9.71653 -19.9323 39.3
      vertex -37.5338 -11.8169 39.3
      vertex -37.4876 -11.8178 39
    endloop
  endfacet
  facet normal 0.497132 -0.86108 0.106776
    outer loop
      vertex -3.40447 -16.288 39.3007
      vertex -9.56225 -19.8804 39
      vertex -3.45381 -16.3537 39.0007
    endloop
  endfacet
  facet normal 0.497133 -0.86108 0.106768
    outer loop
      vertex -3.40447 -16.288 39.3007
      vertex -9.71653 -19.9323 39.3
      vertex -9.56225 -19.8804 39
    endloop
  endfacet
  facet normal 0.994762 -0.0970318 -0.0321538
    outer loop
      vertex -0.660544 11.8427 39.3
      vertex -3.40447 -16.288 39.3007
      vertex -0.670118 11.8439 39
    endloop
  endfacet
  facet normal 0.985255 -0.0972686 -0.140751
    outer loop
      vertex -3.40447 -16.288 39.3007
      vertex -3.45381 -16.3537 39.0007
      vertex -0.670118 11.8439 39
    endloop
  endfacet
  facet normal 0.515545 0.856828 0.00765911
    outer loop
      vertex -0.660544 11.8427 39.3
      vertex -20.8001 23.9605 39.3
      vertex -20.7938 23.954 39.6
    endloop
  endfacet
  facet normal 0.515293 0.856918 -0.0128445
    outer loop
      vertex -0.660544 11.8427 39.3
      vertex -20.7938 23.954 39.6
      vertex -0.650971 11.8414 39.6
    endloop
  endfacet
  facet normal -0.545204 0.837703 -0.0317172
    outer loop
      vertex -40.4407 11.1558 39.3
      vertex -40.4448 11.1645 39.6
      vertex -20.7938 23.954 39.6
    endloop
  endfacet
  facet normal -0.545896 0.837325 0.0297355
    outer loop
      vertex -20.8001 23.9605 39.3
      vertex -40.4407 11.1558 39.3
      vertex -20.7938 23.954 39.6
    endloop
  endfacet
  facet normal -0.99227 -0.123697 -0.00995346
    outer loop
      vertex -37.58 -11.816 39.6
      vertex -40.4448 11.1645 39.6
      vertex -40.4407 11.1558 39.3
    endloop
  endfacet
  facet normal -0.980752 -0.124101 -0.150744
    outer loop
      vertex -37.58 -11.816 39.6
      vertex -40.4407 11.1558 39.3
      vertex -37.5338 -11.8169 39.3
    endloop
  endfacet
  facet normal -0.267506 -0.91693 -0.29611
    outer loop
      vertex -9.8708 -19.9842 39.6
      vertex -37.5338 -11.8169 39.3
      vertex -9.71653 -19.9323 39.3
    endloop
  endfacet
  facet normal -0.282519 -0.958398 -0.040696
    outer loop
      vertex -9.8708 -19.9842 39.6
      vertex -37.58 -11.816 39.6
      vertex -37.5338 -11.8169 39.3
    endloop
  endfacet
  facet normal 0.497133 -0.861079 0.106776
    outer loop
      vertex -3.35513 -16.2224 39.6007
      vertex -9.71653 -19.9323 39.3
      vertex -3.40447 -16.288 39.3007
    endloop
  endfacet
  facet normal 0.497134 -0.86108 0.106764
    outer loop
      vertex -3.35513 -16.2224 39.6007
      vertex -9.8708 -19.9842 39.6
      vertex -9.71653 -19.9323 39.3
    endloop
  endfacet
  facet normal 0.994875 -0.0958646 -0.0321491
    outer loop
      vertex -0.650971 11.8414 39.6
      vertex -3.35513 -16.2224 39.6007
      vertex -0.660544 11.8427 39.3
    endloop
  endfacet
  facet normal 0.985331 -0.0961145 -0.141016
    outer loop
      vertex -3.35513 -16.2224 39.6007
      vertex -3.40447 -16.288 39.3007
      vertex -0.660544 11.8427 39.3
    endloop
  endfacet
  facet normal 0.515321 0.856963 0.00767325
    outer loop
      vertex -0.650971 11.8414 39.6
      vertex -20.7938 23.954 39.6
      vertex -20.7874 23.9474 39.9
    endloop
  endfacet
  facet normal 0.515069 0.857053 -0.0128339
    outer loop
      vertex -0.650971 11.8414 39.6
      vertex -20.7874 23.9474 39.9
      vertex -0.641398 11.8401 39.9
    endloop
  endfacet
  facet normal -0.544545 0.838132 -0.0317133
    outer loop
      vertex -40.4448 11.1645 39.6
      vertex -40.4489 11.1732 39.9
      vertex -20.7874 23.9474 39.9
    endloop
  endfacet
  facet normal -0.545237 0.837755 0.0297235
    outer loop
      vertex -20.7938 23.954 39.6
      vertex -40.4448 11.1645 39.6
      vertex -20.7874 23.9474 39.9
    endloop
  endfacet
  facet normal -0.992496 -0.121864 -0.00999692
    outer loop
      vertex -37.6262 -11.8151 39.9
      vertex -40.4489 11.1732 39.9
      vertex -40.4448 11.1645 39.6
    endloop
  endfacet
  facet normal -0.980976 -0.122289 -0.150769
    outer loop
      vertex -37.6262 -11.8151 39.9
      vertex -40.4448 11.1645 39.6
      vertex -37.58 -11.816 39.6
    endloop
  endfacet
  facet normal -0.269978 -0.915856 -0.297186
    outer loop
      vertex -10.0251 -20.036 39.9
      vertex -37.58 -11.816 39.6
      vertex -9.8708 -19.9842 39.6
    endloop
  endfacet
  facet normal -0.285214 -0.957582 -0.0411125
    outer loop
      vertex -10.0251 -20.036 39.9
      vertex -37.6262 -11.8151 39.9
      vertex -37.58 -11.816 39.6
    endloop
  endfacet
  facet normal 0.497133 -0.861079 0.106775
    outer loop
      vertex -3.30579 -16.1567 39.9007
      vertex -9.8708 -19.9842 39.6
      vertex -3.35513 -16.2224 39.6007
    endloop
  endfacet
  facet normal 0.497134 -0.86108 0.106768
    outer loop
      vertex -3.30579 -16.1567 39.9007
      vertex -10.0251 -20.036 39.9
      vertex -9.8708 -19.9842 39.6
    endloop
  endfacet
  facet normal 0.994987 -0.0946913 -0.0321476
    outer loop
      vertex -0.641398 11.8401 39.9
      vertex -3.30579 -16.1567 39.9007
      vertex -0.650971 11.8414 39.6
    endloop
  endfacet
  facet normal 0.985405 -0.0949547 -0.141281
    outer loop
      vertex -3.30579 -16.1567 39.9007
      vertex -3.35513 -16.2224 39.6007
      vertex -0.650971 11.8414 39.6
    endloop
  endfacet
  facet normal 0.515096 0.857098 0.00767448
    outer loop
      vertex -0.641398 11.8401 39.9
      vertex -20.7874 23.9474 39.9
      vertex -20.7811 23.9409 40.2
    endloop
  endfacet
  facet normal 0.514845 0.857188 -0.0128291
    outer loop
      vertex -0.641398 11.8401 39.9
      vertex -20.7811 23.9409 40.2
      vertex -0.631825 11.8389 40.2
    endloop
  endfacet
  facet normal -0.543885 0.83856 -0.0317214
    outer loop
      vertex -40.4489 11.1732 39.9
      vertex -40.4529 11.1819 40.2
      vertex -20.7811 23.9409 40.2
    endloop
  endfacet
  facet normal -0.544578 0.838183 0.0297261
    outer loop
      vertex -20.7874 23.9474 39.9
      vertex -40.4489 11.1732 39.9
      vertex -20.7811 23.9409 40.2
    endloop
  endfacet
  facet normal -0.992719 -0.120031 -0.0100662
    outer loop
      vertex -37.6725 -11.8142 40.2
      vertex -40.4529 11.1819 40.2
      vertex -40.4489 11.1732 39.9
    endloop
  endfacet
  facet normal -0.981194 -0.120476 -0.15081
    outer loop
      vertex -37.6725 -11.8142 40.2
      vertex -40.4489 11.1732 39.9
      vertex -37.6262 -11.8151 39.9
    endloop
  endfacet
  facet normal -0.272461 -0.914765 -0.298278
    outer loop
      vertex -10.1794 -20.0879 40.2
      vertex -37.6262 -11.8151 39.9
      vertex -10.0251 -20.036 39.9
    endloop
  endfacet
  facet normal -0.287923 -0.956753 -0.0415298
    outer loop
      vertex -10.1794 -20.0879 40.2
      vertex -37.6725 -11.8142 40.2
      vertex -37.6262 -11.8151 39.9
    endloop
  endfacet
  facet normal 0.497133 -0.861079 0.10678
    outer loop
      vertex -3.25645 -16.091 40.2007
      vertex -10.0251 -20.036 39.9
      vertex -3.30579 -16.1567 39.9007
    endloop
  endfacet
  facet normal 0.497134 -0.861079 0.10677
    outer loop
      vertex -3.25645 -16.091 40.2007
      vertex -10.1794 -20.0879 40.2
      vertex -10.0251 -20.036 39.9
    endloop
  endfacet
  facet normal 0.995099 -0.0935121 -0.0321463
    outer loop
      vertex -0.631825 11.8389 40.2
      vertex -3.25645 -16.091 40.2007
      vertex -0.641398 11.8401 39.9
    endloop
  endfacet
  facet normal 0.985479 -0.093789 -0.141547
    outer loop
      vertex -3.25645 -16.091 40.2007
      vertex -3.30579 -16.1567 39.9007
      vertex -0.641398 11.8401 39.9
    endloop
  endfacet
  facet normal 0.514872 0.857233 0.0076887
    outer loop
      vertex -0.631825 11.8389 40.2
      vertex -20.7811 23.9409 40.2
      vertex -20.7747 23.9344 40.5
    endloop
  endfacet
  facet normal 0.51462 0.857322 -0.0128186
    outer loop
      vertex -0.631825 11.8389 40.2
      vertex -20.7747 23.9344 40.5
      vertex -0.622252 11.8376 40.5
    endloop
  endfacet
  facet normal -0.543226 0.838987 -0.0317206
    outer loop
      vertex -40.4529 11.1819 40.2
      vertex -40.457 11.1906 40.5
      vertex -20.7747 23.9344 40.5
    endloop
  endfacet
  facet normal -0.543919 0.838612 0.0297145
    outer loop
      vertex -20.7811 23.9409 40.2
      vertex -40.4529 11.1819 40.2
      vertex -20.7747 23.9344 40.5
    endloop
  endfacet
  facet normal -0.992939 -0.118199 -0.0101093
    outer loop
      vertex -37.7187 -11.8133 40.5
      vertex -40.457 11.1906 40.5
      vertex -40.4529 11.1819 40.2
    endloop
  endfacet
  facet normal -0.981409 -0.118664 -0.150849
    outer loop
      vertex -37.7187 -11.8133 40.5
      vertex -40.4529 11.1819 40.2
      vertex -37.6725 -11.8142 40.2
    endloop
  endfacet
  facet normal -0.274955 -0.91366 -0.299374
    outer loop
      vertex -10.3336 -20.1398 40.5
      vertex -37.6725 -11.8142 40.2
      vertex -10.1794 -20.0879 40.2
    endloop
  endfacet
  facet normal -0.290646 -0.95591 -0.0419549
    outer loop
      vertex -10.3336 -20.1398 40.5
      vertex -37.7187 -11.8133 40.5
      vertex -37.6725 -11.8142 40.2
    endloop
  endfacet
  facet normal 0.497134 -0.861078 0.106781
    outer loop
      vertex -3.20711 -16.0253 40.5006
      vertex -10.1794 -20.0879 40.2
      vertex -3.25645 -16.091 40.2007
    endloop
  endfacet
  facet normal 0.497135 -0.86108 0.106763
    outer loop
      vertex -3.20711 -16.0253 40.5006
      vertex -10.3336 -20.1398 40.5
      vertex -10.1794 -20.0879 40.2
    endloop
  endfacet
  facet normal 0.99521 -0.0923268 -0.0321452
    outer loop
      vertex -0.622252 11.8376 40.5
      vertex -3.20711 -16.0253 40.5006
      vertex -0.631825 11.8389 40.2
    endloop
  endfacet
  facet normal 0.985551 -0.0926174 -0.141818
    outer loop
      vertex -3.20711 -16.0253 40.5006
      vertex -3.25645 -16.091 40.2007
      vertex -0.631825 11.8389 40.2
    endloop
  endfacet
  facet normal 0.514647 0.857368 0.00768984
    outer loop
      vertex -0.622252 11.8376 40.5
      vertex -20.7747 23.9344 40.5
      vertex -20.7683 23.9279 40.8
    endloop
  endfacet
  facet normal 0.514396 0.857457 -0.0128136
    outer loop
      vertex -0.622252 11.8376 40.5
      vertex -20.7683 23.9279 40.8
      vertex -0.612679 11.8364 40.8
    endloop
  endfacet
  facet normal -0.542566 0.839414 -0.0317239
    outer loop
      vertex -40.457 11.1906 40.5
      vertex -40.4611 11.1993 40.8
      vertex -20.7683 23.9279 40.8
    endloop
  endfacet
  facet normal -0.543259 0.839039 0.0297167
    outer loop
      vertex -20.7747 23.9344 40.5
      vertex -40.457 11.1906 40.5
      vertex -20.7683 23.9279 40.8
    endloop
  endfacet
  facet normal -0.993154 -0.116366 -0.0101654
    outer loop
      vertex -37.7649 -11.8124 40.8
      vertex -40.4611 11.1993 40.8
      vertex -40.457 11.1906 40.5
    endloop
  endfacet
  facet normal -0.981621 -0.116851 -0.150886
    outer loop
      vertex -37.7649 -11.8124 40.8
      vertex -40.457 11.1906 40.5
      vertex -37.7187 -11.8133 40.5
    endloop
  endfacet
  facet normal -0.27746 -0.912543 -0.30047
    outer loop
      vertex -10.4879 -20.1917 40.8
      vertex -37.7187 -11.8133 40.5
      vertex -10.3336 -20.1398 40.5
    endloop
  endfacet
  facet normal -0.293384 -0.955055 -0.0423761
    outer loop
      vertex -10.4879 -20.1917 40.8
      vertex -37.7649 -11.8124 40.8
      vertex -37.7187 -11.8133 40.5
    endloop
  endfacet
  facet normal 0.497135 -0.861079 0.106772
    outer loop
      vertex -3.15777 -15.9596 40.8006
      vertex -10.3336 -20.1398 40.5
      vertex -3.20711 -16.0253 40.5006
    endloop
  endfacet
  facet normal 0.497135 -0.861079 0.106765
    outer loop
      vertex -3.15777 -15.9596 40.8006
      vertex -10.4879 -20.1917 40.8
      vertex -10.3336 -20.1398 40.5
    endloop
  endfacet
  facet normal 0.99532 -0.0911354 -0.0321434
    outer loop
      vertex -0.612679 11.8364 40.8
      vertex -3.15777 -15.9596 40.8006
      vertex -0.622252 11.8376 40.5
    endloop
  endfacet
  facet normal 0.985622 -0.0914399 -0.142086
    outer loop
      vertex -3.15777 -15.9596 40.8006
      vertex -3.20711 -16.0253 40.5006
      vertex -0.622252 11.8376 40.5
    endloop
  endfacet
  facet normal 0.514423 0.857502 0.00770951
    outer loop
      vertex -0.612679 11.8364 40.8
      vertex -20.7683 23.9279 40.8
      vertex -20.762 23.9214 41.1
    endloop
  endfacet
  facet normal 0.514171 0.857592 -0.0128032
    outer loop
      vertex -0.612679 11.8364 40.8
      vertex -20.762 23.9214 41.1
      vertex -0.603106 11.8351 41.1
    endloop
  endfacet
  facet normal -0.541905 0.83984 -0.0317342
    outer loop
      vertex -40.4611 11.1993 40.8
      vertex -40.4652 11.2079 41.1
      vertex -20.762 23.9214 41.1
    endloop
  endfacet
  facet normal -0.542599 0.839466 0.0297105
    outer loop
      vertex -20.7683 23.9279 40.8
      vertex -40.4611 11.1993 40.8
      vertex -20.762 23.9214 41.1
    endloop
  endfacet
  facet normal -0.993367 -0.114533 -0.010234
    outer loop
      vertex -37.8111 -11.8116 41.1
      vertex -40.4652 11.2079 41.1
      vertex -40.4611 11.1993 40.8
    endloop
  endfacet
  facet normal -0.981827 -0.115039 -0.150936
    outer loop
      vertex -37.8111 -11.8116 41.1
      vertex -40.4611 11.1993 40.8
      vertex -37.7649 -11.8124 40.8
    endloop
  endfacet
  facet normal -0.279977 -0.911414 -0.301558
    outer loop
      vertex -10.6422 -20.2435 41.1
      vertex -37.7649 -11.8124 40.8
      vertex -10.4879 -20.1917 40.8
    endloop
  endfacet
  facet normal -0.296135 -0.954186 -0.0428094
    outer loop
      vertex -10.6422 -20.2435 41.1
      vertex -37.8111 -11.8116 41.1
      vertex -37.7649 -11.8124 40.8
    endloop
  endfacet
  facet normal 0.497135 -0.861078 0.106777
    outer loop
      vertex -3.10843 -15.8939 41.1006
      vertex -10.4879 -20.1917 40.8
      vertex -3.15777 -15.9596 40.8006
    endloop
  endfacet
  facet normal 0.497135 -0.861078 0.106776
    outer loop
      vertex -3.10843 -15.8939 41.1006
      vertex -10.6422 -20.2435 41.1
      vertex -10.4879 -20.1917 40.8
    endloop
  endfacet
  facet normal 0.995429 -0.0899378 -0.0321421
    outer loop
      vertex -0.603106 11.8351 41.1
      vertex -3.10843 -15.8939 41.1006
      vertex -0.612679 11.8364 40.8
    endloop
  endfacet
  facet normal 0.985692 -0.0902564 -0.142356
    outer loop
      vertex -3.10843 -15.8939 41.1006
      vertex -3.15777 -15.9596 40.8006
      vertex -0.612679 11.8364 40.8
    endloop
  endfacet
  facet normal 0.514198 0.857637 0.00770511
    outer loop
      vertex -0.603106 11.8351 41.1
      vertex -20.762 23.9214 41.1
      vertex -20.7556 23.9149 41.4
    endloop
  endfacet
  facet normal 0.513947 0.857727 -0.0127996
    outer loop
      vertex -0.603106 11.8351 41.1
      vertex -20.7556 23.9149 41.4
      vertex -0.593533 11.8338 41.4
    endloop
  endfacet
  facet normal -0.541245 0.840266 -0.0317302
    outer loop
      vertex -40.4652 11.2079 41.1
      vertex -40.4693 11.2166 41.4
      vertex -20.7556 23.9149 41.4
    endloop
  endfacet
  facet normal -0.541939 0.839893 0.0297069
    outer loop
      vertex -20.762 23.9214 41.1
      vertex -40.4652 11.2079 41.1
      vertex -20.7556 23.9149 41.4
    endloop
  endfacet
  facet normal -0.993576 -0.112701 -0.0102772
    outer loop
      vertex -37.8573 -11.8107 41.4
      vertex -40.4693 11.2166 41.4
      vertex -40.4652 11.2079 41.1
    endloop
  endfacet
  facet normal -0.982034 -0.113227 -0.150959
    outer loop
      vertex -37.8573 -11.8107 41.4
      vertex -40.4652 11.2079 41.1
      vertex -37.8111 -11.8116 41.1
    endloop
  endfacet
  facet normal -0.282504 -0.910266 -0.302666
    outer loop
      vertex -10.7964 -20.2954 41.4
      vertex -37.8111 -11.8116 41.1
      vertex -10.6422 -20.2435 41.1
    endloop
  endfacet
  facet normal -0.298901 -0.953304 -0.0432308
    outer loop
      vertex -10.7964 -20.2954 41.4
      vertex -37.8573 -11.8107 41.4
      vertex -37.8111 -11.8116 41.1
    endloop
  endfacet
  facet normal 0.497134 -0.861078 0.10678
    outer loop
      vertex -3.05909 -15.8282 41.4006
      vertex -10.6422 -20.2435 41.1
      vertex -3.10843 -15.8939 41.1006
    endloop
  endfacet
  facet normal 0.497136 -0.861079 0.106762
    outer loop
      vertex -3.05909 -15.8282 41.4006
      vertex -10.7964 -20.2954 41.4
      vertex -10.6422 -20.2435 41.1
    endloop
  endfacet
  facet normal 0.995537 -0.0887341 -0.032143
    outer loop
      vertex -0.593533 11.8338 41.4
      vertex -3.05909 -15.8282 41.4006
      vertex -0.603106 11.8351 41.1
    endloop
  endfacet
  facet normal 0.985761 -0.0890669 -0.142627
    outer loop
      vertex -3.05909 -15.8282 41.4006
      vertex -3.10843 -15.8939 41.1006
      vertex -0.603106 11.8351 41.1
    endloop
  endfacet
  facet normal 0.513973 0.857771 0.00771615
    outer loop
      vertex -0.593533 11.8338 41.4
      vertex -20.7556 23.9149 41.4
      vertex -20.7493 23.9084 41.7
    endloop
  endfacet
  facet normal 0.513722 0.857861 -0.0127877
    outer loop
      vertex -0.593533 11.8338 41.4
      vertex -20.7493 23.9084 41.7
      vertex -0.58396 11.8326 41.7
    endloop
  endfacet
  facet normal -0.540583 0.840691 -0.0317408
    outer loop
      vertex -40.4693 11.2166 41.4
      vertex -40.4734 11.2253 41.7
      vertex -20.7493 23.9084 41.7
    endloop
  endfacet
  facet normal -0.541278 0.840319 0.0296991
    outer loop
      vertex -20.7556 23.9149 41.4
      vertex -40.4693 11.2166 41.4
      vertex -20.7493 23.9084 41.7
    endloop
  endfacet
  facet normal -0.993781 -0.110869 -0.0103459
    outer loop
      vertex -37.9036 -11.8098 41.7
      vertex -40.4734 11.2253 41.7
      vertex -40.4693 11.2166 41.4
    endloop
  endfacet
  facet normal -0.982236 -0.111415 -0.150997
    outer loop
      vertex -37.9036 -11.8098 41.7
      vertex -40.4693 11.2166 41.4
      vertex -37.8573 -11.8107 41.4
    endloop
  endfacet
  facet normal -0.285043 -0.909105 -0.303775
    outer loop
      vertex -10.9507 -20.3473 41.7
      vertex -37.8573 -11.8107 41.4
      vertex -10.7964 -20.2954 41.4
    endloop
  endfacet
  facet normal -0.301682 -0.952408 -0.0436624
    outer loop
      vertex -10.9507 -20.3473 41.7
      vertex -37.9036 -11.8098 41.7
      vertex -37.8573 -11.8107 41.4
    endloop
  endfacet
  facet normal 0.497135 -0.861078 0.106778
    outer loop
      vertex -3.00975 -15.7625 41.7006
      vertex -10.7964 -20.2954 41.4
      vertex -3.05909 -15.8282 41.4006
    endloop
  endfacet
  facet normal 0.497136 -0.861079 0.106765
    outer loop
      vertex -3.00975 -15.7625 41.7006
      vertex -10.9507 -20.3473 41.7
      vertex -10.7964 -20.2954 41.4
    endloop
  endfacet
  facet normal 0.995644 -0.0875241 -0.0321388
    outer loop
      vertex -0.58396 11.8326 41.7
      vertex -3.00975 -15.7625 41.7006
      vertex -0.593533 11.8338 41.4
    endloop
  endfacet
  facet normal 0.985828 -0.0878713 -0.142903
    outer loop
      vertex -3.00975 -15.7625 41.7006
      vertex -3.05909 -15.8282 41.4006
      vertex -0.593533 11.8338 41.4
    endloop
  endfacet
  facet normal 0.513749 0.857906 0.00772383
    outer loop
      vertex -0.58396 11.8326 41.7
      vertex -20.7493 23.9084 41.7
      vertex -20.7429 23.9019 42
    endloop
  endfacet
  facet normal 0.513498 0.857996 -0.01278
    outer loop
      vertex -0.58396 11.8326 41.7
      vertex -20.7429 23.9019 42
      vertex -0.574387 11.8313 42
    endloop
  endfacet
  facet normal -0.539922 0.841116 -0.0317372
    outer loop
      vertex -40.4734 11.2253 41.7
      vertex -40.4775 11.234 42
      vertex -20.7429 23.9019 42
    endloop
  endfacet
  facet normal -0.540618 0.840744 0.0296943
    outer loop
      vertex -20.7493 23.9084 41.7
      vertex -40.4734 11.2253 41.7
      vertex -20.7429 23.9019 42
    endloop
  endfacet
  facet normal -0.993983 -0.109036 -0.0103891
    outer loop
      vertex -37.9498 -11.8089 42
      vertex -40.4775 11.234 42
      vertex -40.4734 11.2253 41.7
    endloop
  endfacet
  facet normal -0.982434 -0.109603 -0.151033
    outer loop
      vertex -37.9498 -11.8089 42
      vertex -40.4734 11.2253 41.7
      vertex -37.9036 -11.8098 41.7
    endloop
  endfacet
  facet normal -0.287594 -0.907931 -0.304878
    outer loop
      vertex -11.105 -20.3991 42
      vertex -37.9036 -11.8098 41.7
      vertex -10.9507 -20.3473 41.7
    endloop
  endfacet
  facet normal -0.304477 -0.951498 -0.0440987
    outer loop
      vertex -11.105 -20.3991 42
      vertex -37.9498 -11.8089 42
      vertex -37.9036 -11.8098 41.7
    endloop
  endfacet
  facet normal 0.497136 -0.861078 0.106774
    outer loop
      vertex -2.96041 -15.6969 42.0006
      vertex -10.9507 -20.3473 41.7
      vertex -3.00975 -15.7625 41.7006
    endloop
  endfacet
  facet normal 0.497136 -0.861078 0.106771
    outer loop
      vertex -2.96041 -15.6969 42.0006
      vertex -11.105 -20.3991 42
      vertex -10.9507 -20.3473 41.7
    endloop
  endfacet
  facet normal 0.99575 -0.0863079 -0.0321371
    outer loop
      vertex -0.574387 11.8313 42
      vertex -2.96041 -15.6969 42.0006
      vertex -0.58396 11.8326 41.7
    endloop
  endfacet
  facet normal 0.985895 -0.0866696 -0.143175
    outer loop
      vertex -2.96041 -15.6969 42.0006
      vertex -3.00975 -15.7625 41.7006
      vertex -0.58396 11.8326 41.7
    endloop
  endfacet
  facet normal 0.513524 0.85804 0.00773151
    outer loop
      vertex -0.574387 11.8313 42
      vertex -20.7429 23.9019 42
      vertex -20.7366 23.8954 42.3
    endloop
  endfacet
  facet normal 0.513273 0.85813 -0.012775
    outer loop
      vertex -0.574387 11.8313 42
      vertex -20.7366 23.8954 42.3
      vertex -0.564814 11.8301 42.3
    endloop
  endfacet
  facet normal -0.539261 0.84154 -0.0317474
    outer loop
      vertex -40.4775 11.234 42
      vertex -40.4816 11.2427 42.3
      vertex -20.7366 23.8954 42.3
    endloop
  endfacet
  facet normal -0.539956 0.841169 0.0296895
    outer loop
      vertex -20.7429 23.9019 42
      vertex -40.4775 11.234 42
      vertex -20.7366 23.8954 42.3
    endloop
  endfacet
  facet normal -0.994182 -0.107204 -0.0104575
    outer loop
      vertex -37.996 -11.808 42.3
      vertex -40.4816 11.2427 42.3
      vertex -40.4775 11.234 42
    endloop
  endfacet
  facet normal -0.982627 -0.10779 -0.151081
    outer loop
      vertex -37.996 -11.808 42.3
      vertex -40.4775 11.234 42
      vertex -37.9498 -11.8089 42
    endloop
  endfacet
  facet normal -0.290155 -0.906742 -0.30599
    outer loop
      vertex -11.2593 -20.451 42.3
      vertex -37.9498 -11.8089 42
      vertex -11.105 -20.3991 42
    endloop
  endfacet
  facet normal -0.307286 -0.950574 -0.0445351
    outer loop
      vertex -11.2593 -20.451 42.3
      vertex -37.996 -11.808 42.3
      vertex -37.9498 -11.8089 42
    endloop
  endfacet
  facet normal 0.497136 -0.861078 0.106777
    outer loop
      vertex -2.91107 -15.6312 42.3006
      vertex -11.105 -20.3991 42
      vertex -2.96041 -15.6969 42.0006
    endloop
  endfacet
  facet normal 0.497136 -0.861078 0.106771
    outer loop
      vertex -2.91107 -15.6312 42.3006
      vertex -11.2593 -20.451 42.3
      vertex -11.105 -20.3991 42
    endloop
  endfacet
  facet normal 0.995855 -0.0850853 -0.0321351
    outer loop
      vertex -0.564814 11.8301 42.3
      vertex -2.91107 -15.6312 42.3006
      vertex -0.574387 11.8313 42
    endloop
  endfacet
  facet normal 0.985961 -0.0854618 -0.14345
    outer loop
      vertex -2.91107 -15.6312 42.3006
      vertex -2.96041 -15.6969 42.0006
      vertex -0.574387 11.8313 42
    endloop
  endfacet
  facet normal 0.513299 0.858175 0.00773918
    outer loop
      vertex -0.564814 11.8301 42.3
      vertex -20.7366 23.8954 42.3
      vertex -20.7302 23.8889 42.6
    endloop
  endfacet
  facet normal 0.513048 0.858265 -0.0127645
    outer loop
      vertex -0.564814 11.8301 42.3
      vertex -20.7302 23.8889 42.6
      vertex -0.555241 11.8288 42.6
    endloop
  endfacet
  facet normal -0.538599 0.841964 -0.0317438
    outer loop
      vertex -40.4816 11.2427 42.3
      vertex -40.4857 11.2514 42.6
      vertex -20.7302 23.8889 42.6
    endloop
  endfacet
  facet normal -0.539295 0.841594 0.0296847
    outer loop
      vertex -20.7366 23.8954 42.3
      vertex -40.4816 11.2427 42.3
      vertex -20.7302 23.8889 42.6
    endloop
  endfacet
  facet normal -0.994377 -0.105372 -0.0105007
    outer loop
      vertex -38.0422 -11.8071 42.6
      vertex -40.4857 11.2514 42.6
      vertex -40.4816 11.2427 42.3
    endloop
  endfacet
  facet normal -0.982821 -0.105979 -0.151104
    outer loop
      vertex -38.0422 -11.8071 42.6
      vertex -40.4816 11.2427 42.3
      vertex -37.996 -11.808 42.3
    endloop
  endfacet
  facet normal -0.292727 -0.905536 -0.307109
    outer loop
      vertex -11.4135 -20.5029 42.6
      vertex -37.996 -11.808 42.3
      vertex -11.2593 -20.451 42.3
    endloop
  endfacet
  facet normal -0.31011 -0.949636 -0.0449721
    outer loop
      vertex -11.4135 -20.5029 42.6
      vertex -38.0422 -11.8071 42.6
      vertex -37.996 -11.808 42.3
    endloop
  endfacet
  facet normal 0.497136 -0.861078 0.106778
    outer loop
      vertex -2.86173 -15.5655 42.6006
      vertex -11.2593 -20.451 42.3
      vertex -2.91107 -15.6312 42.3006
    endloop
  endfacet
  facet normal 0.497137 -0.861079 0.106764
    outer loop
      vertex -2.86173 -15.5655 42.6006
      vertex -11.4135 -20.5029 42.6
      vertex -11.2593 -20.451 42.3
    endloop
  endfacet
  facet normal 0.99596 -0.0838564 -0.0321335
    outer loop
      vertex -0.555241 11.8288 42.6
      vertex -2.86173 -15.5655 42.6006
      vertex -0.564814 11.8301 42.3
    endloop
  endfacet
  facet normal 0.986025 -0.0842478 -0.143728
    outer loop
      vertex -2.86173 -15.5655 42.6006
      vertex -2.91107 -15.6312 42.3006
      vertex -0.564814 11.8301 42.3
    endloop
  endfacet
  facet normal 0.513075 0.858309 0.0077435
    outer loop
      vertex -0.555241 11.8288 42.6
      vertex -20.7302 23.8889 42.6
      vertex -20.7238 23.8824 42.9
    endloop
  endfacet
  facet normal 0.512824 0.858399 -0.0127593
    outer loop
      vertex -0.555241 11.8288 42.6
      vertex -20.7238 23.8824 42.9
      vertex -0.545668 11.8275 42.9
    endloop
  endfacet
  facet normal -0.537937 0.842387 -0.0317534
    outer loop
      vertex -40.4857 11.2514 42.6
      vertex -40.4898 11.2601 42.9
      vertex -20.7238 23.8824 42.9
    endloop
  endfacet
  facet normal -0.538633 0.842017 0.0296829
    outer loop
      vertex -20.7302 23.8889 42.6
      vertex -40.4857 11.2514 42.6
      vertex -20.7238 23.8824 42.9
    endloop
  endfacet
  facet normal -0.994569 -0.10354 -0.0105689
    outer loop
      vertex -38.0884 -11.8062 42.9
      vertex -40.4898 11.2601 42.9
      vertex -40.4857 11.2514 42.6
    endloop
  endfacet
  facet normal -0.983009 -0.104167 -0.151136
    outer loop
      vertex -38.0884 -11.8062 42.9
      vertex -40.4857 11.2514 42.6
      vertex -38.0422 -11.8071 42.6
    endloop
  endfacet
  facet normal -0.295311 -0.904319 -0.308218
    outer loop
      vertex -11.5678 -20.5548 42.9
      vertex -38.0422 -11.8071 42.6
      vertex -11.4135 -20.5029 42.6
    endloop
  endfacet
  facet normal -0.312949 -0.948684 -0.0454086
    outer loop
      vertex -11.5678 -20.5548 42.9
      vertex -38.0884 -11.8062 42.9
      vertex -38.0422 -11.8071 42.6
    endloop
  endfacet
  facet normal 0.497136 -0.861077 0.106777
    outer loop
      vertex -2.81239 -15.4998 42.9006
      vertex -11.4135 -20.5029 42.6
      vertex -2.86173 -15.5655 42.6006
    endloop
  endfacet
  facet normal 0.497137 -0.861078 0.10677
    outer loop
      vertex -2.81239 -15.4998 42.9006
      vertex -11.5678 -20.5548 42.9
      vertex -11.4135 -20.5029 42.6
    endloop
  endfacet
  facet normal 0.996063 -0.082621 -0.0321309
    outer loop
      vertex -0.545668 11.8275 42.9
      vertex -2.81239 -15.4998 42.9006
      vertex -0.555241 11.8288 42.6
    endloop
  endfacet
  facet normal 0.986088 -0.0830276 -0.144004
    outer loop
      vertex -2.81239 -15.4998 42.9006
      vertex -2.86173 -15.5655 42.6006
      vertex -0.555241 11.8288 42.6
    endloop
  endfacet
  facet normal 0.51285 0.858443 0.00775779
    outer loop
      vertex -0.545668 11.8275 42.9
      vertex -20.7238 23.8824 42.9
      vertex -20.7175 23.8759 43.2
    endloop
  endfacet
  facet normal 0.512599 0.858534 -0.012749
    outer loop
      vertex -0.545668 11.8275 42.9
      vertex -20.7175 23.8759 43.2
      vertex -0.536095 11.8263 43.2
    endloop
  endfacet
  facet normal -0.537275 0.84281 -0.0317502
    outer loop
      vertex -40.4898 11.2601 42.9
      vertex -40.4939 11.2688 43.2
      vertex -20.7175 23.8759 43.2
    endloop
  endfacet
  facet normal -0.537971 0.842441 0.0296716
    outer loop
      vertex -20.7238 23.8824 42.9
      vertex -40.4898 11.2601 42.9
      vertex -20.7175 23.8759 43.2
    endloop
  endfacet
  facet normal -0.994758 -0.101709 -0.010612
    outer loop
      vertex -38.1347 -11.8053 43.2
      vertex -40.4939 11.2688 43.2
      vertex -40.4898 11.2601 42.9
    endloop
  endfacet
  facet normal -0.983194 -0.102356 -0.151172
    outer loop
      vertex -38.1347 -11.8053 43.2
      vertex -40.4898 11.2601 42.9
      vertex -38.0884 -11.8062 42.9
    endloop
  endfacet
  facet normal -0.297906 -0.903083 -0.309343
    outer loop
      vertex -11.7221 -20.6066 43.2
      vertex -38.0884 -11.8062 42.9
      vertex -11.5678 -20.5548 42.9
    endloop
  endfacet
  facet normal -0.315801 -0.947717 -0.0458546
    outer loop
      vertex -11.7221 -20.6066 43.2
      vertex -38.1347 -11.8053 43.2
      vertex -38.0884 -11.8062 42.9
    endloop
  endfacet
  facet normal 0.497136 -0.861078 0.106774
    outer loop
      vertex -2.76305 -15.4341 43.2006
      vertex -11.5678 -20.5548 42.9
      vertex -2.81239 -15.4998 42.9006
    endloop
  endfacet
  facet normal 0.497137 -0.861078 0.106771
    outer loop
      vertex -2.76305 -15.4341 43.2006
      vertex -11.7221 -20.6066 43.2
      vertex -11.5678 -20.5548 42.9
    endloop
  endfacet
  facet normal 0.996165 -0.0813792 -0.0321297
    outer loop
      vertex -0.536095 11.8263 43.2
      vertex -2.76305 -15.4341 43.2006
      vertex -0.545668 11.8275 42.9
    endloop
  endfacet
  facet normal 0.98615 -0.0818011 -0.144283
    outer loop
      vertex -2.76305 -15.4341 43.2006
      vertex -2.81239 -15.4998 42.9006
      vertex -0.545668 11.8275 42.9
    endloop
  endfacet
  facet normal 0.512625 0.858577 0.00775895
    outer loop
      vertex -0.536095 11.8263 43.2
      vertex -20.7175 23.8759 43.2
      vertex -20.7111 23.8693 43.5
    endloop
  endfacet
  facet normal 0.512374 0.858668 -0.0127456
    outer loop
      vertex -0.536095 11.8263 43.2
      vertex -20.7111 23.8693 43.5
      vertex -0.526521 11.825 43.5
    endloop
  endfacet
  facet normal -0.536612 0.843232 -0.0317507
    outer loop
      vertex -40.4939 11.2688 43.2
      vertex -40.4979 11.2775 43.5
      vertex -20.7111 23.8693 43.5
    endloop
  endfacet
  facet normal -0.537309 0.842863 0.0296736
    outer loop
      vertex -20.7175 23.8759 43.2
      vertex -40.4939 11.2688 43.2
      vertex -20.7111 23.8693 43.5
    endloop
  endfacet
  facet normal -0.994943 -0.0998771 -0.0106679
    outer loop
      vertex -38.1809 -11.8045 43.5
      vertex -40.4979 11.2775 43.5
      vertex -40.4939 11.2688 43.2
    endloop
  endfacet
  facet normal -0.983376 -0.100545 -0.151205
    outer loop
      vertex -38.1809 -11.8045 43.5
      vertex -40.4939 11.2688 43.2
      vertex -38.1347 -11.8053 43.2
    endloop
  endfacet
  facet normal -0.300511 -0.901832 -0.310471
    outer loop
      vertex -11.8764 -20.6585 43.5
      vertex -38.1347 -11.8053 43.2
      vertex -11.7221 -20.6066 43.2
    endloop
  endfacet
  facet normal -0.318669 -0.946735 -0.0462963
    outer loop
      vertex -11.8764 -20.6585 43.5
      vertex -38.1809 -11.8045 43.5
      vertex -38.1347 -11.8053 43.2
    endloop
  endfacet
  facet normal 0.497136 -0.861077 0.106778
    outer loop
      vertex -2.71371 -15.3684 43.5005
      vertex -11.7221 -20.6066 43.2
      vertex -2.76305 -15.4341 43.2006
    endloop
  endfacet
  facet normal 0.497137 -0.861078 0.106765
    outer loop
      vertex -2.71371 -15.3684 43.5005
      vertex -11.8764 -20.6585 43.5
      vertex -11.7221 -20.6066 43.2
    endloop
  endfacet
  facet normal 0.996266 -0.0801309 -0.0321305
    outer loop
      vertex -0.526521 11.825 43.5
      vertex -2.71371 -15.3684 43.5005
      vertex -0.536095 11.8263 43.2
    endloop
  endfacet
  facet normal 0.98621 -0.0805682 -0.144565
    outer loop
      vertex -2.71371 -15.3684 43.5005
      vertex -2.76305 -15.4341 43.2006
      vertex -0.536095 11.8263 43.2
    endloop
  endfacet
  facet normal 0.5124 0.858712 0.00777314
    outer loop
      vertex -0.526521 11.825 43.5
      vertex -20.7111 23.8693 43.5
      vertex -20.7048 23.8628 43.8
    endloop
  endfacet
  facet normal 0.512149 0.858802 -0.0127336
    outer loop
      vertex -0.526521 11.825 43.5
      vertex -20.7048 23.8628 43.8
      vertex -0.516948 11.8238 43.8
    endloop
  endfacet
  facet normal -0.535949 0.843653 -0.0317634
    outer loop
      vertex -40.4979 11.2775 43.5
      vertex -40.502 11.2862 43.8
      vertex -20.7048 23.8628 43.8
    endloop
  endfacet
  facet normal -0.536646 0.843286 0.0296619
    outer loop
      vertex -20.7111 23.8693 43.5
      vertex -40.4979 11.2775 43.5
      vertex -20.7048 23.8628 43.8
    endloop
  endfacet
  facet normal -0.995124 -0.0980458 -0.0107358
    outer loop
      vertex -38.2271 -11.8036 43.8
      vertex -40.502 11.2862 43.8
      vertex -40.4979 11.2775 43.5
    endloop
  endfacet
  facet normal -0.983552 -0.0987337 -0.15125
    outer loop
      vertex -38.2271 -11.8036 43.8
      vertex -40.4979 11.2775 43.5
      vertex -38.1809 -11.8045 43.5
    endloop
  endfacet
  facet normal -0.303129 -0.900568 -0.311594
    outer loop
      vertex -12.0306 -20.7104 43.8
      vertex -38.1809 -11.8045 43.5
      vertex -11.8764 -20.6585 43.5
    endloop
  endfacet
  facet normal -0.321551 -0.945737 -0.0467503
    outer loop
      vertex -12.0306 -20.7104 43.8
      vertex -38.2271 -11.8036 43.8
      vertex -38.1809 -11.8045 43.5
    endloop
  endfacet
  facet normal 0.497137 -0.861077 0.106778
    outer loop
      vertex -2.66437 -15.3027 43.8005
      vertex -11.8764 -20.6585 43.5
      vertex -2.71371 -15.3684 43.5005
    endloop
  endfacet
  facet normal 0.497137 -0.861077 0.106772
    outer loop
      vertex -2.66437 -15.3027 43.8005
      vertex -12.0306 -20.7104 43.8
      vertex -11.8764 -20.6585 43.5
    endloop
  endfacet
  facet normal 0.996367 -0.0788761 -0.0321256
    outer loop
      vertex -0.516948 11.8238 43.8
      vertex -2.66437 -15.3027 43.8005
      vertex -0.526521 11.825 43.5
    endloop
  endfacet
  facet normal 0.98627 -0.0793292 -0.144841
    outer loop
      vertex -2.66437 -15.3027 43.8005
      vertex -2.71371 -15.3684 43.5005
      vertex -0.526521 11.825 43.5
    endloop
  endfacet
  facet normal 0.512175 0.858846 0.0077743
    outer loop
      vertex -0.516948 11.8238 43.8
      vertex -20.7048 23.8628 43.8
      vertex -20.6984 23.8563 44.1
    endloop
  endfacet
  facet normal 0.511925 0.858936 -0.0127285
    outer loop
      vertex -0.516948 11.8238 43.8
      vertex -20.6984 23.8563 44.1
      vertex -0.507375 11.8225 44.1
    endloop
  endfacet
  facet normal -0.535286 0.844074 -0.0317597
    outer loop
      vertex -40.502 11.2862 43.8
      vertex -40.5061 11.2949 44.1
      vertex -20.6984 23.8563 44.1
    endloop
  endfacet
  facet normal -0.535983 0.843707 0.0296638
    outer loop
      vertex -20.7048 23.8628 43.8
      vertex -40.502 11.2862 43.8
      vertex -20.6984 23.8563 44.1
    endloop
  endfacet
  facet normal -0.995302 -0.0962148 -0.0107787
    outer loop
      vertex -38.2733 -11.8027 44.1
      vertex -40.5061 11.2949 44.1
      vertex -40.502 11.2862 43.8
    endloop
  endfacet
  facet normal -0.983729 -0.0969231 -0.15127
    outer loop
      vertex -38.2733 -11.8027 44.1
      vertex -40.502 11.2862 43.8
      vertex -38.2271 -11.8036 43.8
    endloop
  endfacet
  facet normal -0.305758 -0.899286 -0.312724
    outer loop
      vertex -12.1849 -20.7622 44.1
      vertex -38.2271 -11.8036 43.8
      vertex -12.0306 -20.7104 43.8
    endloop
  endfacet
  facet normal -0.324448 -0.944726 -0.0471925
    outer loop
      vertex -12.1849 -20.7622 44.1
      vertex -38.2733 -11.8027 44.1
      vertex -38.2271 -11.8036 43.8
    endloop
  endfacet
  facet normal 0.497137 -0.861077 0.106775
    outer loop
      vertex -2.61503 -15.2371 44.1005
      vertex -12.0306 -20.7104 43.8
      vertex -2.66437 -15.3027 43.8005
    endloop
  endfacet
  facet normal 0.497137 -0.861077 0.106772
    outer loop
      vertex -2.61503 -15.2371 44.1005
      vertex -12.1849 -20.7622 44.1
      vertex -12.0306 -20.7104 43.8
    endloop
  endfacet
  facet normal 0.996466 -0.0776147 -0.0321232
    outer loop
      vertex -0.507375 11.8225 44.1
      vertex -2.61503 -15.2371 44.1005
      vertex -0.516948 11.8238 43.8
    endloop
  endfacet
  facet normal 0.986327 -0.0780836 -0.145128
    outer loop
      vertex -2.61503 -15.2371 44.1005
      vertex -2.66437 -15.3027 43.8005
      vertex -0.516948 11.8238 43.8
    endloop
  endfacet
  facet normal 0.51195 0.85898 0.00778839
    outer loop
      vertex -0.507375 11.8225 44.1
      vertex -20.6984 23.8563 44.1
      vertex -20.6921 23.8498 44.4
    endloop
  endfacet
  facet normal 0.5117 0.85907 -0.0127179
    outer loop
      vertex -0.507375 11.8225 44.1
      vertex -20.6921 23.8498 44.4
      vertex -0.497802 11.8212 44.4
    endloop
  endfacet
  facet normal -0.534622 0.844494 -0.0317693
    outer loop
      vertex -40.5061 11.2949 44.1
      vertex -40.5102 11.3036 44.4
      vertex -20.6921 23.8498 44.4
    endloop
  endfacet
  facet normal -0.53532 0.844129 0.0296517
    outer loop
      vertex -20.6984 23.8563 44.1
      vertex -40.5061 11.2949 44.1
      vertex -20.6921 23.8498 44.4
    endloop
  endfacet
  facet normal -0.995477 -0.0943842 -0.0108466
    outer loop
      vertex -38.3195 -11.8018 44.4
      vertex -40.5102 11.3036 44.4
      vertex -40.5061 11.2949 44.1
    endloop
  endfacet
  facet normal -0.983901 -0.0951127 -0.1513
    outer loop
      vertex -38.3195 -11.8018 44.4
      vertex -40.5061 11.2949 44.1
      vertex -38.2733 -11.8027 44.1
    endloop
  endfacet
  facet normal -0.308397 -0.897989 -0.313858
    outer loop
      vertex -12.3392 -20.8141 44.4
      vertex -38.2733 -11.8027 44.1
      vertex -12.1849 -20.7622 44.1
    endloop
  endfacet
  facet normal -0.327359 -0.943698 -0.0476465
    outer loop
      vertex -12.3392 -20.8141 44.4
      vertex -38.3195 -11.8018 44.4
      vertex -38.2733 -11.8027 44.1
    endloop
  endfacet
  facet normal 0.497137 -0.861077 0.106776
    outer loop
      vertex -2.56569 -15.1714 44.4005
      vertex -12.1849 -20.7622 44.1
      vertex -2.61503 -15.2371 44.1005
    endloop
  endfacet
  facet normal 0.497138 -0.861078 0.106764
    outer loop
      vertex -2.56569 -15.1714 44.4005
      vertex -12.3392 -20.8141 44.4
      vertex -12.1849 -20.7622 44.1
    endloop
  endfacet
  facet normal 0.996564 -0.0763466 -0.0321208
    outer loop
      vertex -0.497802 11.8212 44.4
      vertex -2.56569 -15.1714 44.4005
      vertex -0.507375 11.8225 44.1
    endloop
  endfacet
  facet normal 0.986384 -0.0768316 -0.14541
    outer loop
      vertex -2.56569 -15.1714 44.4005
      vertex -2.61503 -15.2371 44.1005
      vertex -0.507375 11.8225 44.1
    endloop
  endfacet
  facet normal 0.511726 0.859114 0.00778965
    outer loop
      vertex -0.497802 11.8212 44.4
      vertex -20.6921 23.8498 44.4
      vertex -20.6857 23.8433 44.7
    endloop
  endfacet
  facet normal 0.511475 0.859204 -0.0127131
    outer loop
      vertex -0.497802 11.8212 44.4
      vertex -20.6857 23.8433 44.7
      vertex -0.488229 11.82 44.7
    endloop
  endfacet
  facet normal -0.533958 0.844914 -0.031766
    outer loop
      vertex -40.5102 11.3036 44.4
      vertex -40.5143 11.3123 44.7
      vertex -20.6857 23.8433 44.7
    endloop
  endfacet
  facet normal -0.534657 0.844549 0.0296539
    outer loop
      vertex -20.6921 23.8498 44.4
      vertex -40.5102 11.3036 44.4
      vertex -20.6857 23.8433 44.7
    endloop
  endfacet
  facet normal -0.995648 -0.0925538 -0.0108895
    outer loop
      vertex -38.3657 -11.8009 44.7
      vertex -40.5143 11.3123 44.7
      vertex -40.5102 11.3036 44.4
    endloop
  endfacet
  facet normal -0.98407 -0.0933027 -0.151333
    outer loop
      vertex -38.3657 -11.8009 44.7
      vertex -40.5102 11.3036 44.4
      vertex -38.3195 -11.8018 44.4
    endloop
  endfacet
  facet normal -0.311047 -0.896675 -0.314999
    outer loop
      vertex -12.4935 -20.866 44.7
      vertex -38.3195 -11.8018 44.4
      vertex -12.3392 -20.8141 44.4
    endloop
  endfacet
  facet normal -0.330285 -0.942655 -0.048098
    outer loop
      vertex -12.4935 -20.866 44.7
      vertex -38.3657 -11.8009 44.7
      vertex -38.3195 -11.8018 44.4
    endloop
  endfacet
  facet normal 0.497137 -0.861077 0.106778
    outer loop
      vertex -2.51635 -15.1057 44.7005
      vertex -12.3392 -20.8141 44.4
      vertex -2.56569 -15.1714 44.4005
    endloop
  endfacet
  facet normal 0.497138 -0.861078 0.106767
    outer loop
      vertex -2.51635 -15.1057 44.7005
      vertex -12.4935 -20.866 44.7
      vertex -12.3392 -20.8141 44.4
    endloop
  endfacet
  facet normal 0.996661 -0.0750719 -0.0321187
    outer loop
      vertex -0.488229 11.82 44.7
      vertex -2.51635 -15.1057 44.7005
      vertex -0.497802 11.8212 44.4
    endloop
  endfacet
  facet normal 0.986439 -0.0755731 -0.145696
    outer loop
      vertex -2.51635 -15.1057 44.7005
      vertex -2.56569 -15.1714 44.4005
      vertex -0.497802 11.8212 44.4
    endloop
  endfacet
  facet normal 0.511501 0.859248 0.00780057
    outer loop
      vertex -0.488229 11.82 44.7
      vertex -20.6857 23.8433 44.7
      vertex -20.6793 23.8368 45
    endloop
  endfacet
  facet normal 0.51125 0.859338 -0.0127026
    outer loop
      vertex -0.488229 11.82 44.7
      vertex -20.6793 23.8368 45
      vertex -0.478656 11.8187 45
    endloop
  endfacet
  facet normal -0.533294 0.845333 -0.0317691
    outer loop
      vertex -40.5143 11.3123 44.7
      vertex -40.5184 11.321 45
      vertex -20.6793 23.8368 45
    endloop
  endfacet
  facet normal -0.533993 0.844969 0.0296456
    outer loop
      vertex -20.6857 23.8433 44.7
      vertex -40.5143 11.3123 44.7
      vertex -20.6793 23.8368 45
    endloop
  endfacet
  facet normal -0.995816 -0.0907234 -0.0109448
    outer loop
      vertex -38.412 -11.8 45
      vertex -40.5184 11.321 45
      vertex -40.5143 11.3123 44.7
    endloop
  endfacet
  facet normal -0.984233 -0.0914926 -0.151376
    outer loop
      vertex -38.412 -11.8 45
      vertex -40.5143 11.3123 44.7
      vertex -38.3657 -11.8009 44.7
    endloop
  endfacet
  facet normal -0.31371 -0.895349 -0.316127
    outer loop
      vertex -12.6477 -20.9179 45
      vertex -38.3657 -11.8009 44.7
      vertex -12.4935 -20.866 44.7
    endloop
  endfacet
  facet normal -0.333226 -0.941596 -0.0485614
    outer loop
      vertex -12.6477 -20.9179 45
      vertex -38.412 -11.8 45
      vertex -38.3657 -11.8009 44.7
    endloop
  endfacet
  facet normal 0.497138 -0.861077 0.106776
    outer loop
      vertex -2.46701 -15.04 45.0005
      vertex -12.4935 -20.866 44.7
      vertex -2.51635 -15.1057 44.7005
    endloop
  endfacet
  facet normal 0.497137 -0.861077 0.106777
    outer loop
      vertex -2.46701 -15.04 45.0005
      vertex -12.6477 -20.9179 45
      vertex -12.4935 -20.866 44.7
    endloop
  endfacet
  facet normal 0.996756 -0.0737904 -0.0321166
    outer loop
      vertex -0.478656 11.8187 45
      vertex -2.46701 -15.04 45.0005
      vertex -0.488229 11.82 44.7
    endloop
  endfacet
  facet normal 0.986493 -0.0743082 -0.14598
    outer loop
      vertex -2.46701 -15.04 45.0005
      vertex -2.51635 -15.1057 44.7005
      vertex -0.488229 11.82 44.7
    endloop
  endfacet
  facet normal 0.511276 0.859381 0.00780825
    outer loop
      vertex -0.478656 11.8187 45
      vertex -20.6793 23.8368 45
      vertex -20.673 23.8303 45.3
    endloop
  endfacet
  facet normal 0.511025 0.859472 -0.0126949
    outer loop
      vertex -0.478656 11.8187 45
      vertex -20.673 23.8303 45.3
      vertex -0.469083 11.8175 45.3
    endloop
  endfacet
  facet normal -0.532629 0.845752 -0.0317789
    outer loop
      vertex -40.5184 11.321 45
      vertex -40.5225 11.3297 45.3
      vertex -20.673 23.8303 45.3
    endloop
  endfacet
  facet normal -0.533329 0.845389 0.0296406
    outer loop
      vertex -20.6793 23.8368 45
      vertex -40.5184 11.321 45
      vertex -20.673 23.8303 45.3
    endloop
  endfacet
  facet normal -0.99598 -0.0888937 -0.0110128
    outer loop
      vertex -38.4582 -11.7991 45.3
      vertex -40.5225 11.3297 45.3
      vertex -40.5184 11.321 45
    endloop
  endfacet
  facet normal -0.984397 -0.0896831 -0.151394
    outer loop
      vertex -38.4582 -11.7991 45.3
      vertex -40.5184 11.321 45
      vertex -38.412 -11.8 45
    endloop
  endfacet
  facet normal -0.316382 -0.894 -0.31728
    outer loop
      vertex -12.802 -20.9697 45.3
      vertex -38.412 -11.8 45
      vertex -12.6477 -20.9179 45
    endloop
  endfacet
  facet normal -0.336181 -0.940521 -0.0490127
    outer loop
      vertex -12.802 -20.9697 45.3
      vertex -38.4582 -11.7991 45.3
      vertex -38.412 -11.8 45
    endloop
  endfacet
  facet normal 0.497138 -0.861077 0.106774
    outer loop
      vertex -2.41767 -14.9743 45.3005
      vertex -12.6477 -20.9179 45
      vertex -2.46701 -15.04 45.0005
    endloop
  endfacet
  facet normal 0.497138 -0.861078 0.106767
    outer loop
      vertex -2.41767 -14.9743 45.3005
      vertex -12.802 -20.9697 45.3
      vertex -12.6477 -20.9179 45
    endloop
  endfacet
  facet normal 0.996851 -0.0725022 -0.0321142
    outer loop
      vertex -0.469083 11.8175 45.3
      vertex -2.41767 -14.9743 45.3005
      vertex -0.478656 11.8187 45
    endloop
  endfacet
  facet normal 0.986545 -0.0730366 -0.146267
    outer loop
      vertex -2.41767 -14.9743 45.3005
      vertex -2.46701 -15.04 45.0005
      vertex -0.478656 11.8187 45
    endloop
  endfacet
  facet normal 0.511051 0.859515 0.00781592
    outer loop
      vertex -0.469083 11.8175 45.3
      vertex -20.673 23.8303 45.3
      vertex -20.6666 23.8238 45.6
    endloop
  endfacet
  facet normal 0.5108 0.859606 -0.0126915
    outer loop
      vertex -0.469083 11.8175 45.3
      vertex -20.6666 23.8238 45.6
      vertex -0.459509 11.8162 45.6
    endloop
  endfacet
  facet normal -0.531965 0.84617 -0.031782
    outer loop
      vertex -40.5225 11.3297 45.3
      vertex -40.5266 11.3384 45.6
      vertex -20.6666 23.8238 45.6
    endloop
  endfacet
  facet normal -0.532664 0.845808 0.0296356
    outer loop
      vertex -20.673 23.8303 45.3
      vertex -40.5225 11.3297 45.3
      vertex -20.6666 23.8238 45.6
    endloop
  endfacet
  facet normal -0.996141 -0.0870644 -0.011068
    outer loop
      vertex -38.5044 -11.7983 45.6
      vertex -40.5266 11.3384 45.6
      vertex -40.5225 11.3297 45.3
    endloop
  endfacet
  facet normal -0.984555 -0.087874 -0.151424
    outer loop
      vertex -38.5044 -11.7983 45.6
      vertex -40.5225 11.3297 45.3
      vertex -38.4582 -11.7991 45.3
    endloop
  endfacet
  facet normal -0.319066 -0.892638 -0.318423
    outer loop
      vertex -12.9563 -21.0216 45.6
      vertex -38.4582 -11.7991 45.3
      vertex -12.802 -20.9697 45.3
    endloop
  endfacet
  facet normal -0.339152 -0.93943 -0.0494735
    outer loop
      vertex -12.9563 -21.0216 45.6
      vertex -38.5044 -11.7983 45.6
      vertex -38.4582 -11.7991 45.3
    endloop
  endfacet
  facet normal 0.497138 -0.861077 0.106778
    outer loop
      vertex -2.36833 -14.9086 45.6005
      vertex -12.802 -20.9697 45.3
      vertex -2.41767 -14.9743 45.3005
    endloop
  endfacet
  facet normal 0.497139 -0.861077 0.106765
    outer loop
      vertex -2.36833 -14.9086 45.6005
      vertex -12.9563 -21.0216 45.6
      vertex -12.802 -20.9697 45.3
    endloop
  endfacet
  facet normal 0.996944 -0.0712072 -0.0321147
    outer loop
      vertex -0.459509 11.8162 45.6
      vertex -2.36833 -14.9086 45.6005
      vertex -0.469083 11.8175 45.3
    endloop
  endfacet
  facet normal 0.986596 -0.0717584 -0.146557
    outer loop
      vertex -2.36833 -14.9086 45.6005
      vertex -2.41767 -14.9743 45.3005
      vertex -0.469083 11.8175 45.3
    endloop
  endfacet
  facet normal 0.510825 0.859649 0.00782349
    outer loop
      vertex -0.459509 11.8162 45.6
      vertex -20.6666 23.8238 45.6
      vertex -20.6603 23.8173 45.9
    endloop
  endfacet
  facet normal 0.510575 0.85974 -0.0126792
    outer loop
      vertex -0.459509 11.8162 45.6
      vertex -20.6603 23.8173 45.9
      vertex -0.449936 11.8149 45.9
    endloop
  endfacet
  facet normal -0.5313 0.846588 -0.0317779
    outer loop
      vertex -40.5266 11.3384 45.6
      vertex -40.5307 11.3471 45.9
      vertex -20.6603 23.8173 45.9
    endloop
  endfacet
  facet normal -0.532 0.846226 0.0296302
    outer loop
      vertex -20.6666 23.8238 45.6
      vertex -40.5266 11.3384 45.6
      vertex -20.6603 23.8173 45.9
    endloop
  endfacet
  facet normal -0.996299 -0.0852352 -0.0111103
    outer loop
      vertex -38.5506 -11.7974 45.9
      vertex -40.5307 11.3471 45.9
      vertex -40.5266 11.3384 45.6
    endloop
  endfacet
  facet normal -0.984711 -0.0860653 -0.151452
    outer loop
      vertex -38.5506 -11.7974 45.9
      vertex -40.5266 11.3384 45.6
      vertex -38.5044 -11.7983 45.6
    endloop
  endfacet
  facet normal -0.321762 -0.891262 -0.319563
    outer loop
      vertex -13.1106 -21.0735 45.9
      vertex -38.5044 -11.7983 45.6
      vertex -12.9563 -21.0216 45.6
    endloop
  endfacet
  facet normal -0.342136 -0.938322 -0.049939
    outer loop
      vertex -13.1106 -21.0735 45.9
      vertex -38.5506 -11.7974 45.9
      vertex -38.5044 -11.7983 45.6
    endloop
  endfacet
  facet normal 0.497138 -0.861076 0.106776
    outer loop
      vertex -2.31898 -14.8429 45.9005
      vertex -12.9563 -21.0216 45.6
      vertex -2.36833 -14.9086 45.6005
    endloop
  endfacet
  facet normal 0.497138 -0.861077 0.106771
    outer loop
      vertex -2.31898 -14.8429 45.9005
      vertex -13.1106 -21.0735 45.9
      vertex -12.9563 -21.0216 45.6
    endloop
  endfacet
  facet normal 0.997037 -0.0699052 -0.0321088
    outer loop
      vertex -0.449936 11.8149 45.9
      vertex -2.31898 -14.8429 45.9005
      vertex -0.459509 11.8162 45.6
    endloop
  endfacet
  facet normal 0.986646 -0.0704736 -0.146845
    outer loop
      vertex -2.31898 -14.8429 45.9005
      vertex -2.36833 -14.9086 45.6005
      vertex -0.459509 11.8162 45.6
    endloop
  endfacet
  facet normal 0.5106 0.859783 0.00782801
    outer loop
      vertex -0.449936 11.8149 45.9
      vertex -20.6603 23.8173 45.9
      vertex -20.6539 23.8108 46.2
    endloop
  endfacet
  facet normal 0.51035 0.859873 -0.0126744
    outer loop
      vertex -0.449936 11.8149 45.9
      vertex -20.6539 23.8108 46.2
      vertex -0.440363 11.8137 46.2
    endloop
  endfacet
  facet normal -0.530634 0.847005 -0.0317813
    outer loop
      vertex -40.5307 11.3471 45.9
      vertex -40.5348 11.3558 46.2
      vertex -20.6539 23.8108 46.2
    endloop
  endfacet
  facet normal -0.531335 0.846644 0.0296289
    outer loop
      vertex -20.6603 23.8173 45.9
      vertex -40.5307 11.3471 45.9
      vertex -20.6539 23.8108 46.2
    endloop
  endfacet
  facet normal -0.996453 -0.0834065 -0.0111656
    outer loop
      vertex -38.5968 -11.7965 46.2
      vertex -40.5348 11.3558 46.2
      vertex -40.5307 11.3471 45.9
    endloop
  endfacet
  facet normal -0.984862 -0.0842568 -0.151482
    outer loop
      vertex -38.5968 -11.7965 46.2
      vertex -40.5307 11.3471 45.9
      vertex -38.5506 -11.7974 45.9
    endloop
  endfacet
  facet normal -0.324468 -0.889866 -0.320717
    outer loop
      vertex -13.2648 -21.1253 46.2
      vertex -38.5506 -11.7974 45.9
      vertex -13.1106 -21.0735 45.9
    endloop
  endfacet
  facet normal -0.345136 -0.937198 -0.0504021
    outer loop
      vertex -13.2648 -21.1253 46.2
      vertex -38.5968 -11.7965 46.2
      vertex -38.5506 -11.7974 45.9
    endloop
  endfacet
  facet normal 0.497138 -0.861076 0.106779
    outer loop
      vertex -2.26965 -14.7773 46.2005
      vertex -13.1106 -21.0735 45.9
      vertex -2.31898 -14.8429 45.9005
    endloop
  endfacet
  facet normal 0.497138 -0.861077 0.106772
    outer loop
      vertex -2.26965 -14.7773 46.2005
      vertex -13.2648 -21.1253 46.2
      vertex -13.1106 -21.0735 45.9
    endloop
  endfacet
  facet normal 0.997128 -0.0685964 -0.0321064
    outer loop
      vertex -0.440363 11.8137 46.2
      vertex -2.26965 -14.7773 46.2005
      vertex -0.449936 11.8149 45.9
    endloop
  endfacet
  facet normal 0.986694 -0.0691821 -0.147134
    outer loop
      vertex -2.26965 -14.7773 46.2005
      vertex -2.31898 -14.8429 45.9005
      vertex -0.449936 11.8149 45.9
    endloop
  endfacet
  facet normal 0.510375 0.859916 0.00784217
    outer loop
      vertex -0.440363 11.8137 46.2
      vertex -20.6539 23.8108 46.2
      vertex -20.6476 23.8043 46.5
    endloop
  endfacet
  facet normal 0.510125 0.860007 -0.0126639
    outer loop
      vertex -0.440363 11.8137 46.2
      vertex -20.6476 23.8043 46.5
      vertex -0.43079 11.8124 46.5
    endloop
  endfacet
  facet normal -0.529969 0.847421 -0.031791
    outer loop
      vertex -40.5348 11.3558 46.2
      vertex -40.5389 11.3644 46.5
      vertex -20.6476 23.8043 46.5
    endloop
  endfacet
  facet normal -0.53067 0.847061 0.0296172
    outer loop
      vertex -20.6539 23.8108 46.2
      vertex -40.5348 11.3558 46.2
      vertex -20.6476 23.8043 46.5
    endloop
  endfacet
  facet normal -0.996604 -0.081578 -0.0112333
    outer loop
      vertex -38.6431 -11.7956 46.5
      vertex -40.5389 11.3644 46.5
      vertex -40.5348 11.3558 46.2
    endloop
  endfacet
  facet normal -0.985009 -0.0824486 -0.151523
    outer loop
      vertex -38.6431 -11.7956 46.5
      vertex -40.5348 11.3558 46.2
      vertex -38.5968 -11.7965 46.2
    endloop
  endfacet
  facet normal -0.327185 -0.888452 -0.321874
    outer loop
      vertex -13.4191 -21.1772 46.5
      vertex -38.5968 -11.7965 46.2
      vertex -13.2648 -21.1253 46.2
    endloop
  endfacet
  facet normal -0.34815 -0.936057 -0.0508772
    outer loop
      vertex -13.4191 -21.1772 46.5
      vertex -38.6431 -11.7956 46.5
      vertex -38.5968 -11.7965 46.2
    endloop
  endfacet
  facet normal 0.497138 -0.861077 0.106773
    outer loop
      vertex -2.22031 -14.7116 46.5005
      vertex -13.2648 -21.1253 46.2
      vertex -2.26965 -14.7773 46.2005
    endloop
  endfacet
  facet normal 0.497139 -0.861077 0.106766
    outer loop
      vertex -2.22031 -14.7116 46.5005
      vertex -13.4191 -21.1772 46.5
      vertex -13.2648 -21.1253 46.2
    endloop
  endfacet
  facet normal 0.997217 -0.0672806 -0.032104
    outer loop
      vertex -0.43079 11.8124 46.5
      vertex -2.22031 -14.7116 46.5005
      vertex -0.440363 11.8137 46.2
    endloop
  endfacet
  facet normal 0.986741 -0.0678838 -0.147428
    outer loop
      vertex -2.22031 -14.7116 46.5005
      vertex -2.26965 -14.7773 46.2005
      vertex -0.440363 11.8137 46.2
    endloop
  endfacet
  facet normal 0.51015 0.86005 0.00784335
    outer loop
      vertex -0.43079 11.8124 46.5
      vertex -20.6476 23.8043 46.5
      vertex -20.6412 23.7978 46.8
    endloop
  endfacet
  facet normal 0.5099 0.860141 -0.0126589
    outer loop
      vertex -0.43079 11.8124 46.5
      vertex -20.6412 23.7978 46.8
      vertex -0.421217 11.8112 46.8
    endloop
  endfacet
  facet normal -0.529303 0.847837 -0.0317873
    outer loop
      vertex -40.5389 11.3644 46.5
      vertex -40.5429 11.3731 46.8
      vertex -20.6412 23.7978 46.8
    endloop
  endfacet
  facet normal -0.530004 0.847478 0.0296188
    outer loop
      vertex -20.6476 23.8043 46.5
      vertex -40.5389 11.3644 46.5
      vertex -20.6412 23.7978 46.8
    endloop
  endfacet
  facet normal -0.996751 -0.0797501 -0.0112756
    outer loop
      vertex -38.6893 -11.7947 46.8
      vertex -40.5429 11.3731 46.8
      vertex -40.5389 11.3644 46.5
    endloop
  endfacet
  facet normal -0.985156 -0.080641 -0.151538
    outer loop
      vertex -38.6893 -11.7947 46.8
      vertex -40.5389 11.3644 46.5
      vertex -38.6431 -11.7956 46.5
    endloop
  endfacet
  facet normal -0.329913 -0.887024 -0.323026
    outer loop
      vertex -13.5734 -21.2291 46.8
      vertex -38.6431 -11.7956 46.5
      vertex -13.4191 -21.1772 46.5
    endloop
  endfacet
  facet normal -0.35118 -0.9349 -0.05134
    outer loop
      vertex -13.5734 -21.2291 46.8
      vertex -38.6893 -11.7947 46.8
      vertex -38.6431 -11.7956 46.5
    endloop
  endfacet
  facet normal 0.497138 -0.861076 0.106777
    outer loop
      vertex -2.17097 -14.6459 46.8004
      vertex -13.4191 -21.1772 46.5
      vertex -2.22031 -14.7116 46.5005
    endloop
  endfacet
  facet normal 0.497139 -0.861077 0.106773
    outer loop
      vertex -2.17097 -14.6459 46.8004
      vertex -13.5734 -21.2291 46.8
      vertex -13.4191 -21.1772 46.5
    endloop
  endfacet
  facet normal 0.997306 -0.0659578 -0.032101
    outer loop
      vertex -0.421217 11.8112 46.8
      vertex -2.17097 -14.6459 46.8004
      vertex -0.43079 11.8124 46.5
    endloop
  endfacet
  facet normal 0.986785 -0.0665787 -0.147722
    outer loop
      vertex -2.17097 -14.6459 46.8004
      vertex -2.22031 -14.7116 46.5005
      vertex -0.43079 11.8124 46.5
    endloop
  endfacet
  facet normal 0.509925 0.860183 0.0078575
    outer loop
      vertex -0.421217 11.8112 46.8
      vertex -20.6412 23.7978 46.8
      vertex -20.6348 23.7913 47.1
    endloop
  endfacet
  facet normal 0.509675 0.860274 -0.0126484
    outer loop
      vertex -0.421217 11.8112 46.8
      vertex -20.6348 23.7913 47.1
      vertex -0.411644 11.8099 47.1
    endloop
  endfacet
  facet normal -0.528637 0.848253 -0.0317942
    outer loop
      vertex -40.5429 11.3731 46.8
      vertex -40.547 11.3818 47.1
      vertex -20.6348 23.7913 47.1
    endloop
  endfacet
  facet normal -0.529338 0.847894 0.029607
    outer loop
      vertex -20.6412 23.7978 46.8
      vertex -40.5429 11.3731 46.8
      vertex -20.6348 23.7913 47.1
    endloop
  endfacet
  facet normal -0.996895 -0.0779227 -0.0113434
    outer loop
      vertex -38.7355 -11.7938 47.1
      vertex -40.547 11.3818 47.1
      vertex -40.5429 11.3731 46.8
    endloop
  endfacet
  facet normal -0.985298 -0.0788338 -0.151566
    outer loop
      vertex -38.7355 -11.7938 47.1
      vertex -40.5429 11.3731 46.8
      vertex -38.6893 -11.7947 46.8
    endloop
  endfacet
  facet normal -0.332652 -0.885577 -0.324185
    outer loop
      vertex -13.7277 -21.281 47.1
      vertex -38.6893 -11.7947 46.8
      vertex -13.5734 -21.2291 46.8
    endloop
  endfacet
  facet normal -0.354223 -0.933724 -0.0518153
    outer loop
      vertex -13.7277 -21.281 47.1
      vertex -38.7355 -11.7938 47.1
      vertex -38.6893 -11.7947 46.8
    endloop
  endfacet
  facet normal 0.497138 -0.861076 0.106776
    outer loop
      vertex -2.12162 -14.5802 47.1004
      vertex -13.5734 -21.2291 46.8
      vertex -2.17097 -14.6459 46.8004
    endloop
  endfacet
  facet normal 0.497139 -0.861076 0.106773
    outer loop
      vertex -2.12162 -14.5802 47.1004
      vertex -13.7277 -21.281 47.1
      vertex -13.5734 -21.2291 46.8
    endloop
  endfacet
  facet normal 0.997393 -0.0646279 -0.0320984
    outer loop
      vertex -0.411644 11.8099 47.1
      vertex -2.12162 -14.5802 47.1004
      vertex -0.421217 11.8112 46.8
    endloop
  endfacet
  facet normal 0.986829 -0.0652668 -0.148015
    outer loop
      vertex -2.12162 -14.5802 47.1004
      vertex -2.17097 -14.6459 46.8004
      vertex -0.421217 11.8112 46.8
    endloop
  endfacet
  facet normal 0.5097 0.860317 0.00785859
    outer loop
      vertex -0.411644 11.8099 47.1
      vertex -20.6348 23.7913 47.1
      vertex -20.6285 23.7847 47.4
    endloop
  endfacet
  facet normal 0.509449 0.860408 -0.0126432
    outer loop
      vertex -0.411644 11.8099 47.1
      vertex -20.6285 23.7847 47.4
      vertex -0.402071 11.8086 47.4
    endloop
  endfacet
  facet normal -0.52797 0.848668 -0.0317928
    outer loop
      vertex -40.547 11.3818 47.1
      vertex -40.5511 11.3905 47.4
      vertex -20.6285 23.7847 47.4
    endloop
  endfacet
  facet normal -0.528672 0.84831 0.0296083
    outer loop
      vertex -20.6348 23.7913 47.1
      vertex -40.547 11.3818 47.1
      vertex -20.6285 23.7847 47.4
    endloop
  endfacet
  facet normal -0.997036 -0.0760956 -0.0113852
    outer loop
      vertex -38.7817 -11.7929 47.4
      vertex -40.5511 11.3905 47.4
      vertex -40.547 11.3818 47.1
    endloop
  endfacet
  facet normal -0.985438 -0.0770271 -0.15159
    outer loop
      vertex -38.7817 -11.7929 47.4
      vertex -40.547 11.3818 47.1
      vertex -38.7355 -11.7938 47.1
    endloop
  endfacet
  facet normal -0.335402 -0.884112 -0.325347
    outer loop
      vertex -13.8819 -21.3328 47.4
      vertex -38.7355 -11.7938 47.1
      vertex -13.7277 -21.281 47.1
    endloop
  endfacet
  facet normal -0.357282 -0.932532 -0.0522865
    outer loop
      vertex -13.8819 -21.3328 47.4
      vertex -38.7817 -11.7929 47.4
      vertex -38.7355 -11.7938 47.1
    endloop
  endfacet
  facet normal 0.497139 -0.861076 0.106776
    outer loop
      vertex -2.07228 -14.5145 47.4004
      vertex -13.7277 -21.281 47.1
      vertex -2.12162 -14.5802 47.1004
    endloop
  endfacet
  facet normal 0.497139 -0.861077 0.106766
    outer loop
      vertex -2.07228 -14.5145 47.4004
      vertex -13.8819 -21.3328 47.4
      vertex -13.7277 -21.281 47.1
    endloop
  endfacet
  facet normal 0.997479 -0.0632909 -0.0320949
    outer loop
      vertex -0.402071 11.8086 47.4
      vertex -2.07228 -14.5145 47.4004
      vertex -0.411644 11.8099 47.1
    endloop
  endfacet
  facet normal 0.986871 -0.063948 -0.148311
    outer loop
      vertex -2.07228 -14.5145 47.4004
      vertex -2.12162 -14.5802 47.1004
      vertex -0.411644 11.8099 47.1
    endloop
  endfacet
  facet normal 0.509474 0.86045 0.00787283
    outer loop
      vertex -0.402071 11.8086 47.4
      vertex -20.6285 23.7847 47.4
      vertex -20.6221 23.7782 47.7
    endloop
  endfacet
  facet normal 0.509224 0.860541 -0.0126345
    outer loop
      vertex -0.402071 11.8086 47.4
      vertex -20.6221 23.7782 47.7
      vertex -0.392497 11.8074 47.7
    endloop
  endfacet
  facet normal -0.527304 0.849082 -0.0317961
    outer loop
      vertex -40.5511 11.3905 47.4
      vertex -40.5552 11.3992 47.7
      vertex -20.6221 23.7782 47.7
    endloop
  endfacet
  facet normal -0.528006 0.848725 0.0295968
    outer loop
      vertex -20.6285 23.7847 47.4
      vertex -40.5511 11.3905 47.4
      vertex -20.6221 23.7782 47.7
    endloop
  endfacet
  facet normal -0.997173 -0.0742688 -0.0114402
    outer loop
      vertex -38.8279 -11.7921 47.7
      vertex -40.5552 11.3992 47.7
      vertex -40.5511 11.3905 47.4
    endloop
  endfacet
  facet normal -0.985571 -0.0752206 -0.151631
    outer loop
      vertex -38.8279 -11.7921 47.7
      vertex -40.5511 11.3905 47.4
      vertex -38.7817 -11.7929 47.4
    endloop
  endfacet
  facet normal -0.338164 -0.882631 -0.326508
    outer loop
      vertex -14.0362 -21.3847 47.7
      vertex -38.7817 -11.7929 47.4
      vertex -13.8819 -21.3328 47.4
    endloop
  endfacet
  facet normal -0.360355 -0.931321 -0.0527717
    outer loop
      vertex -14.0362 -21.3847 47.7
      vertex -38.8279 -11.7921 47.7
      vertex -38.7817 -11.7929 47.4
    endloop
  endfacet
  facet normal 0.497139 -0.861076 0.106775
    outer loop
      vertex -2.02294 -14.4488 47.7004
      vertex -13.8819 -21.3328 47.4
      vertex -2.07228 -14.5145 47.4004
    endloop
  endfacet
  facet normal 0.497139 -0.861076 0.106771
    outer loop
      vertex -2.02294 -14.4488 47.7004
      vertex -14.0362 -21.3847 47.7
      vertex -13.8819 -21.3328 47.4
    endloop
  endfacet
  facet normal 0.997563 -0.0619468 -0.0320958
    outer loop
      vertex -0.392497 11.8074 47.7
      vertex -2.02294 -14.4488 47.7004
      vertex -0.402071 11.8086 47.4
    endloop
  endfacet
  facet normal 0.986911 -0.0626222 -0.14861
    outer loop
      vertex -2.02294 -14.4488 47.7004
      vertex -2.07228 -14.5145 47.4004
      vertex -0.402071 11.8086 47.4
    endloop
  endfacet
  facet normal 0.509249 0.860583 0.00787403
    outer loop
      vertex -0.392497 11.8074 47.7
      vertex -20.6221 23.7782 47.7
      vertex -20.6158 23.7717 48
    endloop
  endfacet
  facet normal 0.508999 0.860675 -0.0126279
    outer loop
      vertex -0.392497 11.8074 47.7
      vertex -20.6158 23.7717 48
      vertex -0.382924 11.8061 48
    endloop
  endfacet
  facet normal -0.526636 0.849495 -0.0318057
    outer loop
      vertex -40.5552 11.3992 47.7
      vertex -40.5593 11.4079 48
      vertex -20.6158 23.7717 48
    endloop
  endfacet
  facet normal -0.527339 0.849139 0.0295984
    outer loop
      vertex -20.6221 23.7782 47.7
      vertex -40.5552 11.3992 47.7
      vertex -20.6158 23.7717 48
    endloop
  endfacet
  facet normal -0.997306 -0.0724428 -0.0115076
    outer loop
      vertex -38.8742 -11.7912 48
      vertex -40.5593 11.4079 48
      vertex -40.5552 11.3992 47.7
    endloop
  endfacet
  facet normal -0.985705 -0.0734147 -0.151644
    outer loop
      vertex -38.8742 -11.7912 48
      vertex -40.5552 11.3992 47.7
      vertex -38.8279 -11.7921 47.7
    endloop
  endfacet
  facet normal -0.340935 -0.881131 -0.327675
    outer loop
      vertex -14.1905 -21.4366 48
      vertex -38.8279 -11.7921 47.7
      vertex -14.0362 -21.3847 47.7
    endloop
  endfacet
  facet normal -0.363444 -0.930093 -0.0532436
    outer loop
      vertex -14.1905 -21.4366 48
      vertex -38.8742 -11.7912 48
      vertex -38.8279 -11.7921 47.7
    endloop
  endfacet
  facet normal 0.497139 -0.861076 0.106776
    outer loop
      vertex -1.9736 -14.3831 48.0004
      vertex -14.0362 -21.3847 47.7
      vertex -2.02294 -14.4488 47.7004
    endloop
  endfacet
  facet normal 0.497139 -0.861076 0.106773
    outer loop
      vertex -1.9736 -14.3831 48.0004
      vertex -14.1905 -21.4366 48
      vertex -14.0362 -21.3847 47.7
    endloop
  endfacet
  facet normal 0.997646 -0.0605954 -0.0320894
    outer loop
      vertex -0.382924 11.8061 48
      vertex -1.9736 -14.3831 48.0004
      vertex -0.392497 11.8074 47.7
    endloop
  endfacet
  facet normal 0.98695 -0.0612895 -0.148906
    outer loop
      vertex -1.9736 -14.3831 48.0004
      vertex -2.02294 -14.4488 47.7004
      vertex -0.392497 11.8074 47.7
    endloop
  endfacet
  facet normal 0.509024 0.860716 0.00788493
    outer loop
      vertex -0.382924 11.8061 48
      vertex -20.6158 23.7717 48
      vertex -20.6094 23.7652 48.3
    endloop
  endfacet
  facet normal 0.508774 0.860808 -0.0126174
    outer loop
      vertex -0.382924 11.8061 48
      vertex -20.6094 23.7652 48.3
      vertex -0.373351 11.8049 48.3
    endloop
  endfacet
  facet normal -0.525969 0.849909 -0.0318085
    outer loop
      vertex -40.5593 11.4079 48
      vertex -40.5634 11.4166 48.3
      vertex -20.6094 23.7652 48.3
    endloop
  endfacet
  facet normal -0.526672 0.849553 0.0295899
    outer loop
      vertex -20.6158 23.7717 48
      vertex -40.5593 11.4079 48
      vertex -20.6094 23.7652 48.3
    endloop
  endfacet
  facet normal -0.997436 -0.0706173 -0.0115623
    outer loop
      vertex -38.9204 -11.7903 48.3
      vertex -40.5634 11.4166 48.3
      vertex -40.5593 11.4079 48
    endloop
  endfacet
  facet normal -0.985834 -0.0716095 -0.151669
    outer loop
      vertex -38.9204 -11.7903 48.3
      vertex -40.5593 11.4079 48
      vertex -38.8742 -11.7912 48
    endloop
  endfacet
  facet normal -0.343717 -0.879612 -0.328849
    outer loop
      vertex -14.3448 -21.4884 48.3
      vertex -38.8742 -11.7912 48
      vertex -14.1905 -21.4366 48
    endloop
  endfacet
  facet normal -0.366547 -0.928847 -0.0537283
    outer loop
      vertex -14.3448 -21.4884 48.3
      vertex -38.9204 -11.7903 48.3
      vertex -38.8742 -11.7912 48
    endloop
  endfacet
  facet normal 0.497139 -0.861076 0.106777
    outer loop
      vertex -1.92426 -14.3175 48.3004
      vertex -14.1905 -21.4366 48
      vertex -1.9736 -14.3831 48.0004
    endloop
  endfacet
  facet normal 0.497139 -0.861077 0.106768
    outer loop
      vertex -1.92426 -14.3175 48.3004
      vertex -14.3448 -21.4884 48.3
      vertex -14.1905 -21.4366 48
    endloop
  endfacet
  facet normal 0.997728 -0.0592368 -0.0320865
    outer loop
      vertex -0.373351 11.8049 48.3
      vertex -1.92426 -14.3175 48.3004
      vertex -0.382924 11.8061 48
    endloop
  endfacet
  facet normal 0.986987 -0.0599498 -0.149207
    outer loop
      vertex -1.92426 -14.3175 48.3004
      vertex -1.9736 -14.3831 48.0004
      vertex -0.382924 11.8061 48
    endloop
  endfacet
  facet normal 0.508798 0.86085 0.00789259
    outer loop
      vertex -0.373351 11.8049 48.3
      vertex -20.6094 23.7652 48.3
      vertex -20.6031 23.7587 48.6
    endloop
  endfacet
  facet normal 0.508548 0.860941 -0.0126097
    outer loop
      vertex -0.373351 11.8049 48.3
      vertex -20.6031 23.7587 48.6
      vertex -0.363778 11.8036 48.6
    endloop
  endfacet
  facet normal -0.525302 0.850321 -0.0318047
    outer loop
      vertex -40.5634 11.4166 48.3
      vertex -40.5675 11.4253 48.6
      vertex -20.6031 23.7587 48.6
    endloop
  endfacet
  facet normal -0.526005 0.849967 0.0295847
    outer loop
      vertex -20.6094 23.7652 48.3
      vertex -40.5634 11.4166 48.3
      vertex -20.6031 23.7587 48.6
    endloop
  endfacet
  facet normal -0.997564 -0.0687922 -0.0116043
    outer loop
      vertex -38.9666 -11.7894 48.6
      vertex -40.5675 11.4253 48.6
      vertex -40.5634 11.4166 48.3
    endloop
  endfacet
  facet normal -0.98596 -0.0698048 -0.151694
    outer loop
      vertex -38.9666 -11.7894 48.6
      vertex -40.5634 11.4166 48.3
      vertex -38.9204 -11.7903 48.3
    endloop
  endfacet
  facet normal -0.346511 -0.878076 -0.330019
    outer loop
      vertex -14.499 -21.5403 48.6
      vertex -38.9204 -11.7903 48.3
      vertex -14.3448 -21.4884 48.3
    endloop
  endfacet
  facet normal -0.369664 -0.927583 -0.0542094
    outer loop
      vertex -14.499 -21.5403 48.6
      vertex -38.9666 -11.7894 48.6
      vertex -38.9204 -11.7903 48.3
    endloop
  endfacet
  facet normal 0.497139 -0.861076 0.106775
    outer loop
      vertex -1.87492 -14.2518 48.6004
      vertex -14.3448 -21.4884 48.3
      vertex -1.92426 -14.3175 48.3004
    endloop
  endfacet
  facet normal 0.49714 -0.861077 0.106766
    outer loop
      vertex -1.87492 -14.2518 48.6004
      vertex -14.499 -21.5403 48.6
      vertex -14.3448 -21.4884 48.3
    endloop
  endfacet
  facet normal 0.997808 -0.0578709 -0.0320833
    outer loop
      vertex -0.363778 11.8036 48.6
      vertex -1.87492 -14.2518 48.6004
      vertex -0.373351 11.8049 48.3
    endloop
  endfacet
  facet normal 0.987023 -0.058603 -0.149503
    outer loop
      vertex -1.87492 -14.2518 48.6004
      vertex -1.92426 -14.3175 48.3004
      vertex -0.373351 11.8049 48.3
    endloop
  endfacet
  facet normal 0.508573 0.860983 0.00790016
    outer loop
      vertex -0.363778 11.8036 48.6
      vertex -20.6031 23.7587 48.6
      vertex -20.5967 23.7522 48.9
    endloop
  endfacet
  facet normal 0.508323 0.861074 -0.0126045
    outer loop
      vertex -0.363778 11.8036 48.6
      vertex -20.5967 23.7522 48.9
      vertex -0.354205 11.8023 48.9
    endloop
  endfacet
  facet normal -0.524634 0.850733 -0.0318072
    outer loop
      vertex -40.5675 11.4253 48.6
      vertex -40.5716 11.434 48.9
      vertex -20.5967 23.7522 48.9
    endloop
  endfacet
  facet normal -0.525338 0.85038 0.0295792
    outer loop
      vertex -20.6031 23.7587 48.6
      vertex -40.5675 11.4253 48.6
      vertex -20.5967 23.7522 48.9
    endloop
  endfacet
  facet normal -0.997687 -0.0669676 -0.0116587
    outer loop
      vertex -39.0128 -11.7885 48.9
      vertex -40.5716 11.434 48.9
      vertex -40.5675 11.4253 48.6
    endloop
  endfacet
  facet normal -0.986082 -0.0680005 -0.151716
    outer loop
      vertex -39.0128 -11.7885 48.9
      vertex -40.5675 11.4253 48.6
      vertex -38.9666 -11.7894 48.6
    endloop
  endfacet
  facet normal -0.349317 -0.876526 -0.33118
    outer loop
      vertex -14.6533 -21.5922 48.9
      vertex -38.9666 -11.7894 48.6
      vertex -14.499 -21.5403 48.6
    endloop
  endfacet
  facet normal -0.372796 -0.9263 -0.054698
    outer loop
      vertex -14.6533 -21.5922 48.9
      vertex -39.0128 -11.7885 48.9
      vertex -38.9666 -11.7894 48.6
    endloop
  endfacet
  facet normal 0.497139 -0.861076 0.106777
    outer loop
      vertex -1.82558 -14.1861 48.9004
      vertex -14.499 -21.5403 48.6
      vertex -1.87492 -14.2518 48.6004
    endloop
  endfacet
  facet normal 0.497139 -0.861076 0.106777
    outer loop
      vertex -1.82558 -14.1861 48.9004
      vertex -14.6533 -21.5922 48.9
      vertex -14.499 -21.5403 48.6
    endloop
  endfacet
  facet normal 0.997887 -0.0564976 -0.0320795
    outer loop
      vertex -0.354205 11.8023 48.9
      vertex -1.82558 -14.1861 48.9004
      vertex -0.363778 11.8036 48.6
    endloop
  endfacet
  facet normal 0.987056 -0.057249 -0.14981
    outer loop
      vertex -1.82558 -14.1861 48.9004
      vertex -1.87492 -14.2518 48.6004
      vertex -0.363778 11.8036 48.6
    endloop
  endfacet
  facet normal 0.508347 0.861116 0.00790792
    outer loop
      vertex -0.354205 11.8023 48.9
      vertex -20.5967 23.7522 48.9
      vertex -20.5903 23.7457 49.2
    endloop
  endfacet
  facet normal 0.508098 0.861207 -0.0125942
    outer loop
      vertex -0.354205 11.8023 48.9
      vertex -20.5903 23.7457 49.2
      vertex -0.344632 11.8011 49.2
    endloop
  endfacet
  facet normal -0.523966 0.851145 -0.031817
    outer loop
      vertex -40.5716 11.434 48.9
      vertex -40.5757 11.4427 49.2
      vertex -20.5903 23.7457 49.2
    endloop
  endfacet
  facet normal -0.52467 0.850792 0.0295743
    outer loop
      vertex -20.5967 23.7522 48.9
      vertex -40.5716 11.434 48.9
      vertex -20.5903 23.7457 49.2
    endloop
  endfacet
  facet normal -0.997807 -0.0651436 -0.011726
    outer loop
      vertex -39.059 -11.7876 49.2
      vertex -40.5757 11.4427 49.2
      vertex -40.5716 11.434 48.9
    endloop
  endfacet
  facet normal -0.986199 -0.0661965 -0.151754
    outer loop
      vertex -39.059 -11.7876 49.2
      vertex -40.5716 11.434 48.9
      vertex -39.0128 -11.7885 48.9
    endloop
  endfacet
  facet normal -0.35213 -0.874949 -0.332369
    outer loop
      vertex -14.8076 -21.6441 49.2
      vertex -39.0128 -11.7885 48.9
      vertex -14.6533 -21.5922 48.9
    endloop
  endfacet
  facet normal -0.375943 -0.924998 -0.0551892
    outer loop
      vertex -14.8076 -21.6441 49.2
      vertex -39.059 -11.7876 49.2
      vertex -39.0128 -11.7885 48.9
    endloop
  endfacet
  facet normal 0.497139 -0.861076 0.106776
    outer loop
      vertex -1.77624 -14.1204 49.2004
      vertex -14.6533 -21.5922 48.9
      vertex -1.82558 -14.1861 48.9004
    endloop
  endfacet
  facet normal 0.49714 -0.861076 0.106768
    outer loop
      vertex -1.77624 -14.1204 49.2004
      vertex -14.8076 -21.6441 49.2
      vertex -14.6533 -21.5922 48.9
    endloop
  endfacet
  facet normal 0.997965 -0.0551168 -0.0320767
    outer loop
      vertex -0.344632 11.8011 49.2
      vertex -1.77624 -14.1204 49.2004
      vertex -0.354205 11.8023 48.9
    endloop
  endfacet
  facet normal 0.987088 -0.0558878 -0.150111
    outer loop
      vertex -1.77624 -14.1204 49.2004
      vertex -1.82558 -14.1861 48.9004
      vertex -0.354205 11.8023 48.9
    endloop
  endfacet
  facet normal 0.508122 0.861249 0.00791235
    outer loop
      vertex -0.344632 11.8011 49.2
      vertex -20.5903 23.7457 49.2
      vertex -20.584 23.7392 49.5
    endloop
  endfacet
  facet normal 0.507872 0.86134 -0.0125891
    outer loop
      vertex -0.344632 11.8011 49.2
      vertex -20.584 23.7392 49.5
      vertex -0.335059 11.7998 49.5
    endloop
  endfacet
  facet normal -0.523298 0.851556 -0.0318132
    outer loop
      vertex -40.5757 11.4427 49.2
      vertex -40.5798 11.4514 49.5
      vertex -20.584 23.7392 49.5
    endloop
  endfacet
  facet normal -0.524002 0.851204 0.0295724
    outer loop
      vertex -20.5903 23.7457 49.2
      vertex -40.5757 11.4427 49.2
      vertex -20.584 23.7392 49.5
    endloop
  endfacet
  facet normal -0.997924 -0.0633201 -0.0117678
    outer loop
      vertex -39.1053 -11.7867 49.5
      vertex -40.5798 11.4514 49.5
      vertex -40.5757 11.4427 49.2
    endloop
  endfacet
  facet normal -0.986317 -0.0643934 -0.151765
    outer loop
      vertex -39.1053 -11.7867 49.5
      vertex -40.5757 11.4427 49.2
      vertex -39.059 -11.7876 49.2
    endloop
  endfacet
  facet normal -0.354956 -0.873358 -0.333546
    outer loop
      vertex -14.9619 -21.6959 49.5
      vertex -39.059 -11.7876 49.2
      vertex -14.8076 -21.6441 49.2
    endloop
  endfacet
  facet normal -0.379105 -0.923677 -0.0556755
    outer loop
      vertex -14.9619 -21.6959 49.5
      vertex -39.1053 -11.7867 49.5
      vertex -39.059 -11.7876 49.2
    endloop
  endfacet
  facet normal 0.497139 -0.861076 0.106776
    outer loop
      vertex -1.7269 -14.0547 49.5004
      vertex -14.8076 -21.6441 49.2
      vertex -1.77624 -14.1204 49.2004
    endloop
  endfacet
  facet normal 0.49714 -0.861077 0.106766
    outer loop
      vertex -1.7269 -14.0547 49.5004
      vertex -14.9619 -21.6959 49.5
      vertex -14.8076 -21.6441 49.2
    endloop
  endfacet
  facet normal 0.99804 -0.0537286 -0.0320731
    outer loop
      vertex -0.335059 11.7998 49.5
      vertex -1.7269 -14.0547 49.5004
      vertex -0.344632 11.8011 49.2
    endloop
  endfacet
  facet normal 0.987118 -0.0545194 -0.150416
    outer loop
      vertex -1.7269 -14.0547 49.5004
      vertex -1.77624 -14.1204 49.2004
      vertex -0.344632 11.8011 49.2
    endloop
  endfacet
  facet normal 0.507896 0.861382 0.00792647
    outer loop
      vertex -0.335059 11.7998 49.5
      vertex -20.584 23.7392 49.5
      vertex -20.5776 23.7327 49.8
    endloop
  endfacet
  facet normal 0.507647 0.861474 -0.0125803
    outer loop
      vertex -0.335059 11.7998 49.5
      vertex -20.5776 23.7327 49.8
      vertex -0.325485 11.7986 49.8
    endloop
  endfacet
  facet normal -0.522629 0.851966 -0.0318226
    outer loop
      vertex -40.5798 11.4514 49.5
      vertex -40.5839 11.4601 49.8
      vertex -20.5776 23.7327 49.8
    endloop
  endfacet
  facet normal -0.523334 0.851615 0.0295605
    outer loop
      vertex -20.584 23.7392 49.5
      vertex -40.5798 11.4514 49.5
      vertex -20.5776 23.7327 49.8
    endloop
  endfacet
  facet normal -0.998037 -0.0614974 -0.0118348
    outer loop
      vertex -39.1515 -11.7858 49.8
      vertex -40.5839 11.4601 49.8
      vertex -40.5798 11.4514 49.5
    endloop
  endfacet
  facet normal -0.986429 -0.0625908 -0.151788
    outer loop
      vertex -39.1515 -11.7858 49.8
      vertex -40.5798 11.4514 49.5
      vertex -39.1053 -11.7867 49.5
    endloop
  endfacet
  facet normal -0.357792 -0.871749 -0.334722
    outer loop
      vertex -15.1161 -21.7478 49.8
      vertex -39.1053 -11.7867 49.5
      vertex -14.9619 -21.6959 49.5
    endloop
  endfacet
  facet normal -0.382282 -0.922337 -0.0561717
    outer loop
      vertex -15.1161 -21.7478 49.8
      vertex -39.1515 -11.7858 49.8
      vertex -39.1053 -11.7867 49.5
    endloop
  endfacet
  facet normal 0.49714 -0.861076 0.106774
    outer loop
      vertex -1.67756 -13.989 49.8003
      vertex -14.9619 -21.6959 49.5
      vertex -1.7269 -14.0547 49.5004
    endloop
  endfacet
  facet normal 0.49714 -0.861076 0.106773
    outer loop
      vertex -1.67756 -13.989 49.8003
      vertex -15.1161 -21.7478 49.8
      vertex -14.9619 -21.6959 49.5
    endloop
  endfacet
  facet normal 0.998115 -0.0523329 -0.032073
    outer loop
      vertex -0.325485 11.7986 49.8
      vertex -1.67756 -13.989 49.8003
      vertex -0.335059 11.7998 49.5
    endloop
  endfacet
  facet normal 0.987146 -0.0531438 -0.150724
    outer loop
      vertex -1.67756 -13.989 49.8003
      vertex -1.7269 -14.0547 49.5004
      vertex -0.335059 11.7998 49.5
    endloop
  endfacet
  facet normal 0.507671 0.861515 0.00792768
    outer loop
      vertex -0.325485 11.7986 49.8
      vertex -20.5776 23.7327 49.8
      vertex -20.5713 23.7262 50.1
    endloop
  endfacet
  facet normal 0.507421 0.861606 -0.0125736
    outer loop
      vertex -0.325485 11.7986 49.8
      vertex -20.5713 23.7262 50.1
      vertex -0.315912 11.7973 50.1
    endloop
  endfacet
  facet normal -0.52196 0.852376 -0.0318187
    outer loop
      vertex -40.5839 11.4601 49.8
      vertex -40.588 11.4688 50.1
      vertex -20.5713 23.7262 50.1
    endloop
  endfacet
  facet normal -0.522665 0.852025 0.0295619
    outer loop
      vertex -20.5776 23.7327 49.8
      vertex -40.5839 11.4601 49.8
      vertex -20.5713 23.7262 50.1
    endloop
  endfacet
  facet normal -0.998147 -0.0596752 -0.0118764
    outer loop
      vertex -39.1977 -11.785 50.1
      vertex -40.588 11.4688 50.1
      vertex -40.5839 11.4601 49.8
    endloop
  endfacet
  facet normal -0.986539 -0.0607889 -0.15181
    outer loop
      vertex -39.1977 -11.785 50.1
      vertex -40.5839 11.4601 49.8
      vertex -39.1515 -11.7858 49.8
    endloop
  endfacet
  facet normal -0.360639 -0.870119 -0.335904
    outer loop
      vertex -15.2704 -21.7997 50.1
      vertex -39.1515 -11.7858 49.8
      vertex -15.1161 -21.7478 49.8
    endloop
  endfacet
  facet normal -0.385473 -0.920978 -0.0566644
    outer loop
      vertex -15.2704 -21.7997 50.1
      vertex -39.1977 -11.785 50.1
      vertex -39.1515 -11.7858 49.8
    endloop
  endfacet
  facet normal 0.49714 -0.861076 0.106776
    outer loop
      vertex -1.62822 -13.9233 50.1003
      vertex -15.1161 -21.7478 49.8
      vertex -1.67756 -13.989 49.8003
    endloop
  endfacet
  facet normal 0.49714 -0.861076 0.106773
    outer loop
      vertex -1.62822 -13.9233 50.1003
      vertex -15.2704 -21.7997 50.1
      vertex -15.1161 -21.7478 49.8
    endloop
  endfacet
  facet normal 0.998187 -0.0509296 -0.0320661
    outer loop
      vertex -0.315912 11.7973 50.1
      vertex -1.62822 -13.9233 50.1003
      vertex -0.325485 11.7986 49.8
    endloop
  endfacet
  facet normal 0.987173 -0.0517608 -0.151029
    outer loop
      vertex -1.62822 -13.9233 50.1003
      vertex -1.67756 -13.989 49.8003
      vertex -0.325485 11.7986 49.8
    endloop
  endfacet
  facet normal 0.507445 0.861647 0.00794169
    outer loop
      vertex -0.315912 11.7973 50.1
      vertex -20.5713 23.7262 50.1
      vertex -20.5649 23.7197 50.4
    endloop
  endfacet
  facet normal 0.507196 0.861739 -0.012563
    outer loop
      vertex -0.315912 11.7973 50.1
      vertex -20.5649 23.7197 50.4
      vertex -0.306339 11.796 50.4
    endloop
  endfacet
  facet normal -0.521291 0.852786 -0.0318184
    outer loop
      vertex -40.588 11.4688 50.1
      vertex -40.592 11.4775 50.4
      vertex -20.5649 23.7197 50.4
    endloop
  endfacet
  facet normal -0.521996 0.852436 0.0295496
    outer loop
      vertex -20.5713 23.7262 50.1
      vertex -40.588 11.4688 50.1
      vertex -20.5649 23.7197 50.4
    endloop
  endfacet
  facet normal -0.998254 -0.0578534 -0.0119307
    outer loop
      vertex -39.2439 -11.7841 50.4
      vertex -40.592 11.4775 50.4
      vertex -40.588 11.4688 50.1
    endloop
  endfacet
  facet normal -0.986643 -0.0589874 -0.151842
    outer loop
      vertex -39.2439 -11.7841 50.4
      vertex -40.588 11.4688 50.1
      vertex -39.1977 -11.785 50.1
    endloop
  endfacet
  facet normal -0.363496 -0.868471 -0.337089
    outer loop
      vertex -15.4247 -21.8515 50.4
      vertex -39.1977 -11.785 50.1
      vertex -15.2704 -21.7997 50.1
    endloop
  endfacet
  facet normal -0.388678 -0.919598 -0.0571695
    outer loop
      vertex -15.4247 -21.8515 50.4
      vertex -39.2439 -11.7841 50.4
      vertex -39.1977 -11.785 50.1
    endloop
  endfacet
  facet normal 0.49714 -0.861075 0.106777
    outer loop
      vertex -1.57888 -13.8577 50.4003
      vertex -15.2704 -21.7997 50.1
      vertex -1.62822 -13.9233 50.1003
    endloop
  endfacet
  facet normal 0.49714 -0.861076 0.106767
    outer loop
      vertex -1.57888 -13.8577 50.4003
      vertex -15.4247 -21.8515 50.4
      vertex -15.2704 -21.7997 50.1
    endloop
  endfacet
  facet normal 0.998258 -0.0495187 -0.0320621
    outer loop
      vertex -0.306339 11.796 50.4
      vertex -1.57888 -13.8577 50.4003
      vertex -0.315912 11.7973 50.1
    endloop
  endfacet
  facet normal 0.987198 -0.0503705 -0.151339
    outer loop
      vertex -1.57888 -13.8577 50.4003
      vertex -1.62822 -13.9233 50.1003
      vertex -0.315912 11.7973 50.1
    endloop
  endfacet
  facet normal 0.50722 0.86178 0.00794301
    outer loop
      vertex -0.306339 11.796 50.4
      vertex -20.5649 23.7197 50.4
      vertex -20.5586 23.7132 50.7
    endloop
  endfacet
  facet normal 0.50697 0.861872 -0.0125581
    outer loop
      vertex -0.306339 11.796 50.4
      vertex -20.5586 23.7132 50.7
      vertex -0.296766 11.7948 50.7
    endloop
  endfacet
  facet normal -0.520621 0.853194 -0.0318308
    outer loop
      vertex -40.592 11.4775 50.4
      vertex -40.5961 11.4862 50.7
      vertex -20.5586 23.7132 50.7
    endloop
  endfacet
  facet normal -0.521327 0.852845 0.0295513
    outer loop
      vertex -20.5649 23.7197 50.4
      vertex -40.592 11.4775 50.4
      vertex -20.5586 23.7132 50.7
    endloop
  endfacet
  facet normal -0.998357 -0.0560326 -0.0119976
    outer loop
      vertex -39.2901 -11.7832 50.7
      vertex -40.5961 11.4862 50.7
      vertex -40.592 11.4775 50.4
    endloop
  endfacet
  facet normal -0.986747 -0.0571866 -0.151852
    outer loop
      vertex -39.2901 -11.7832 50.7
      vertex -40.592 11.4775 50.4
      vertex -39.2439 -11.7841 50.4
    endloop
  endfacet
  facet normal -0.366364 -0.866803 -0.338274
    outer loop
      vertex -15.579 -21.9034 50.7
      vertex -39.2439 -11.7841 50.4
      vertex -15.4247 -21.8515 50.4
    endloop
  endfacet
  facet normal -0.391899 -0.9182 -0.0576626
    outer loop
      vertex -15.579 -21.9034 50.7
      vertex -39.2901 -11.7832 50.7
      vertex -39.2439 -11.7841 50.4
    endloop
  endfacet
  facet normal 0.49714 -0.861075 0.106777
    outer loop
      vertex -1.52954 -13.792 50.7003
      vertex -15.4247 -21.8515 50.4
      vertex -1.57888 -13.8577 50.4003
    endloop
  endfacet
  facet normal 0.49714 -0.861076 0.106772
    outer loop
      vertex -1.52954 -13.792 50.7003
      vertex -15.579 -21.9034 50.7
      vertex -15.4247 -21.8515 50.4
    endloop
  endfacet
  facet normal 0.998328 -0.0481001 -0.0320587
    outer loop
      vertex -0.296766 11.7948 50.7
      vertex -1.52954 -13.792 50.7003
      vertex -0.306339 11.796 50.4
    endloop
  endfacet
  facet normal 0.987221 -0.0489727 -0.151644
    outer loop
      vertex -1.52954 -13.792 50.7003
      vertex -1.57888 -13.8577 50.4003
      vertex -0.306339 11.796 50.4
    endloop
  endfacet
  facet normal 0.506994 0.861913 0.00795711
    outer loop
      vertex -0.296766 11.7948 50.7
      vertex -20.5586 23.7132 50.7
      vertex -20.5522 23.7066 51
    endloop
  endfacet
  facet normal 0.506745 0.862005 -0.0125476
    outer loop
      vertex -0.296766 11.7948 50.7
      vertex -20.5522 23.7066 51
      vertex -0.287193 11.7935 51
    endloop
  endfacet
  facet normal -0.519952 0.853602 -0.0318335
    outer loop
      vertex -40.5961 11.4862 50.7
      vertex -40.6002 11.4949 51
      vertex -20.5522 23.7066 51
    endloop
  endfacet
  facet normal -0.520658 0.853254 0.0295394
    outer loop
      vertex -20.5586 23.7132 50.7
      vertex -40.5961 11.4862 50.7
      vertex -20.5522 23.7066 51
    endloop
  endfacet
  facet normal -0.998457 -0.0542124 -0.0120517
    outer loop
      vertex -39.3364 -11.7823 51
      vertex -40.6002 11.4949 51
      vertex -40.5961 11.4862 50.7
    endloop
  endfacet
  facet normal -0.986847 -0.0553866 -0.151873
    outer loop
      vertex -39.3364 -11.7823 51
      vertex -40.5961 11.4862 50.7
      vertex -39.2901 -11.7832 50.7
    endloop
  endfacet
  facet normal -0.369242 -0.865116 -0.339463
    outer loop
      vertex -15.7332 -21.9553 51
      vertex -39.2901 -11.7832 50.7
      vertex -15.579 -21.9034 50.7
    endloop
  endfacet
  facet normal -0.395133 -0.91678 -0.0581681
    outer loop
      vertex -15.7332 -21.9553 51
      vertex -39.3364 -11.7823 51
      vertex -39.2901 -11.7832 50.7
    endloop
  endfacet
  facet normal 0.49714 -0.861076 0.106774
    outer loop
      vertex -1.4802 -13.7263 51.0003
      vertex -15.579 -21.9034 50.7
      vertex -1.52954 -13.792 50.7003
    endloop
  endfacet
  facet normal 0.49714 -0.861076 0.106773
    outer loop
      vertex -1.4802 -13.7263 51.0003
      vertex -15.7332 -21.9553 51
      vertex -15.579 -21.9034 50.7
    endloop
  endfacet
  facet normal 0.998396 -0.0466738 -0.032055
    outer loop
      vertex -0.287193 11.7935 51
      vertex -1.4802 -13.7263 51.0003
      vertex -0.296766 11.7948 50.7
    endloop
  endfacet
  facet normal 0.987241 -0.0475674 -0.15196
    outer loop
      vertex -1.4802 -13.7263 51.0003
      vertex -1.52954 -13.792 50.7003
      vertex -0.296766 11.7948 50.7
    endloop
  endfacet
  facet normal 0.506768 0.862045 0.00796381
    outer loop
      vertex -0.287193 11.7935 51
      vertex -20.5522 23.7066 51
      vertex -20.5458 23.7001 51.3
    endloop
  endfacet
  facet normal 0.506519 0.862138 -0.0125426
    outer loop
      vertex -0.287193 11.7935 51
      vertex -20.5458 23.7001 51.3
      vertex -0.27762 11.7923 51.3
    endloop
  endfacet
  facet normal -0.519282 0.85401 -0.0318296
    outer loop
      vertex -40.6002 11.4949 51
      vertex -40.6043 11.5036 51.3
      vertex -20.5458 23.7001 51.3
    endloop
  endfacet
  facet normal -0.519988 0.853662 0.0295461
    outer loop
      vertex -20.5522 23.7066 51
      vertex -40.6002 11.4949 51
      vertex -20.5458 23.7001 51.3
    endloop
  endfacet
  facet normal -0.998553 -0.0523928 -0.012093
    outer loop
      vertex -39.3826 -11.7814 51.3
      vertex -40.6043 11.5036 51.3
      vertex -40.6002 11.4949 51
    endloop
  endfacet
  facet normal -0.986943 -0.0535873 -0.151893
    outer loop
      vertex -39.3826 -11.7814 51.3
      vertex -40.6002 11.4949 51
      vertex -39.3364 -11.7823 51
    endloop
  endfacet
  facet normal -0.37213 -0.863407 -0.340658
    outer loop
      vertex -15.8875 -22.0071 51.3
      vertex -39.3364 -11.7823 51
      vertex -15.7332 -21.9553 51
    endloop
  endfacet
  facet normal -0.398383 -0.915341 -0.0586701
    outer loop
      vertex -15.8875 -22.0071 51.3
      vertex -39.3826 -11.7814 51.3
      vertex -39.3364 -11.7823 51
    endloop
  endfacet
  facet normal 0.49714 -0.861075 0.106776
    outer loop
      vertex -1.43086 -13.6606 51.3003
      vertex -15.7332 -21.9553 51
      vertex -1.4802 -13.7263 51.0003
    endloop
  endfacet
  facet normal 0.49714 -0.861076 0.106768
    outer loop
      vertex -1.43086 -13.6606 51.3003
      vertex -15.8875 -22.0071 51.3
      vertex -15.7332 -21.9553 51
    endloop
  endfacet
  facet normal 0.998462 -0.0452397 -0.0320509
    outer loop
      vertex -0.27762 11.7923 51.3
      vertex -1.43086 -13.6606 51.3003
      vertex -0.287193 11.7935 51
    endloop
  endfacet
  facet normal 0.987261 -0.0461546 -0.152271
    outer loop
      vertex -1.43086 -13.6606 51.3003
      vertex -1.4802 -13.7263 51.0003
      vertex -0.287193 11.7935 51
    endloop
  endfacet
  facet normal 0.506543 0.862178 0.00796921
    outer loop
      vertex -0.27762 11.7923 51.3
      vertex -20.5458 23.7001 51.3
      vertex -20.5395 23.6936 51.6
    endloop
  endfacet
  facet normal 0.506293 0.86227 -0.0125321
    outer loop
      vertex -0.27762 11.7923 51.3
      vertex -20.5395 23.6936 51.6
      vertex -0.268047 11.791 51.6
    endloop
  endfacet
  facet normal -0.518612 0.854417 -0.0318322
    outer loop
      vertex -40.6043 11.5036 51.3
      vertex -40.6084 11.5123 51.6
      vertex -20.5395 23.6936 51.6
    endloop
  endfacet
  facet normal -0.519318 0.85407 0.029532
    outer loop
      vertex -20.5458 23.7001 51.3
      vertex -40.6043 11.5036 51.3
      vertex -20.5395 23.6936 51.6
    endloop
  endfacet
  facet normal -0.998646 -0.0505739 -0.012147
    outer loop
      vertex -39.4288 -11.7805 51.6
      vertex -40.6084 11.5123 51.6
      vertex -40.6043 11.5036 51.3
    endloop
  endfacet
  facet normal -0.987036 -0.0517885 -0.151913
    outer loop
      vertex -39.4288 -11.7805 51.6
      vertex -40.6043 11.5036 51.3
      vertex -39.3826 -11.7814 51.3
    endloop
  endfacet
  facet normal -0.375029 -0.861682 -0.341843
    outer loop
      vertex -16.0418 -22.059 51.6
      vertex -39.3826 -11.7814 51.3
      vertex -15.8875 -22.0071 51.3
    endloop
  endfacet
  facet normal -0.401647 -0.913881 -0.0591801
    outer loop
      vertex -16.0418 -22.059 51.6
      vertex -39.4288 -11.7805 51.6
      vertex -39.3826 -11.7814 51.3
    endloop
  endfacet
  facet normal 0.49714 -0.861075 0.106776
    outer loop
      vertex -1.38152 -13.5949 51.6003
      vertex -15.8875 -22.0071 51.3
      vertex -1.43086 -13.6606 51.3003
    endloop
  endfacet
  facet normal 0.49714 -0.861076 0.10677
    outer loop
      vertex -1.38152 -13.5949 51.6003
      vertex -16.0418 -22.059 51.6
      vertex -15.8875 -22.0071 51.3
    endloop
  endfacet
  facet normal 0.998526 -0.0437977 -0.0320471
    outer loop
      vertex -0.268047 11.791 51.6
      vertex -1.38152 -13.5949 51.6003
      vertex -0.27762 11.7923 51.3
    endloop
  endfacet
  facet normal 0.987277 -0.0447343 -0.152585
    outer loop
      vertex -1.38152 -13.5949 51.6003
      vertex -1.43086 -13.6606 51.3003
      vertex -0.27762 11.7923 51.3
    endloop
  endfacet
  facet normal 0.506317 0.862311 0.00797677
    outer loop
      vertex -0.268047 11.791 51.6
      vertex -20.5395 23.6936 51.6
      vertex -20.5331 23.6871 51.9
    endloop
  endfacet
  facet normal 0.506068 0.862403 -0.0125258
    outer loop
      vertex -0.268047 11.791 51.6
      vertex -20.5331 23.6871 51.9
      vertex -0.258473 11.7897 51.9
    endloop
  endfacet
  facet normal -0.517941 0.854824 -0.031841
    outer loop
      vertex -40.6084 11.5123 51.6
      vertex -40.6125 11.521 51.9
      vertex -20.5331 23.6871 51.9
    endloop
  endfacet
  facet normal -0.518648 0.854478 0.0295263
    outer loop
      vertex -20.5395 23.6936 51.6
      vertex -40.6084 11.5123 51.6
      vertex -20.5331 23.6871 51.9
    endloop
  endfacet
  facet normal -0.998736 -0.0487557 -0.0122135
    outer loop
      vertex -39.475 -11.7796 51.9
      vertex -40.6125 11.521 51.9
      vertex -40.6084 11.5123 51.6
    endloop
  endfacet
  facet normal -0.987124 -0.0499904 -0.151942
    outer loop
      vertex -39.475 -11.7796 51.9
      vertex -40.6084 11.5123 51.6
      vertex -39.4288 -11.7805 51.6
    endloop
  endfacet
  facet normal -0.377938 -0.859936 -0.343036
    outer loop
      vertex -16.1961 -22.1109 51.9
      vertex -39.4288 -11.7805 51.6
      vertex -16.0418 -22.059 51.6
    endloop
  endfacet
  facet normal -0.404925 -0.9124 -0.059691
    outer loop
      vertex -16.1961 -22.1109 51.9
      vertex -39.475 -11.7796 51.9
      vertex -39.4288 -11.7805 51.6
    endloop
  endfacet
  facet normal 0.49714 -0.861075 0.106777
    outer loop
      vertex -1.33218 -13.5292 51.9003
      vertex -16.0418 -22.059 51.6
      vertex -1.38152 -13.5949 51.6003
    endloop
  endfacet
  facet normal 0.49714 -0.861075 0.106774
    outer loop
      vertex -1.33218 -13.5292 51.9003
      vertex -16.1961 -22.1109 51.9
      vertex -16.0418 -22.059 51.6
    endloop
  endfacet
  facet normal 0.998589 -0.0423478 -0.0320457
    outer loop
      vertex -0.258473 11.7897 51.9
      vertex -1.33218 -13.5292 51.9003
      vertex -0.268047 11.791 51.6
    endloop
  endfacet
  facet normal 0.987292 -0.0433063 -0.152902
    outer loop
      vertex -1.33218 -13.5292 51.9003
      vertex -1.38152 -13.5949 51.6003
      vertex -0.268047 11.791 51.6
    endloop
  endfacet
  facet normal 0.506091 0.862443 0.00798452
    outer loop
      vertex -0.258473 11.7897 51.9
      vertex -20.5331 23.6871 51.9
      vertex -20.5268 23.6806 52.2
    endloop
  endfacet
  facet normal 0.505842 0.862535 -0.0125193
    outer loop
      vertex -0.258473 11.7897 51.9
      vertex -20.5268 23.6806 52.2
      vertex -0.2489 11.7885 52.2
    endloop
  endfacet
  facet normal -0.51727 0.85523 -0.0318375
    outer loop
      vertex -40.6125 11.521 51.9
      vertex -40.6166 11.5296 52.2
      vertex -20.5268 23.6806 52.2
    endloop
  endfacet
  facet normal -0.517978 0.854884 0.0295213
    outer loop
      vertex -20.5331 23.6871 51.9
      vertex -40.6125 11.521 51.9
      vertex -20.5268 23.6806 52.2
    endloop
  endfacet
  facet normal -0.998823 -0.0469382 -0.0122548
    outer loop
      vertex -39.5212 -11.7788 52.2
      vertex -40.6166 11.5296 52.2
      vertex -40.6125 11.521 51.9
    endloop
  endfacet
  facet normal -0.987212 -0.0481931 -0.151951
    outer loop
      vertex -39.5212 -11.7788 52.2
      vertex -40.6125 11.521 51.9
      vertex -39.475 -11.7796 51.9
    endloop
  endfacet
  facet normal -0.380855 -0.858165 -0.34424
    outer loop
      vertex -16.3503 -22.1628 52.2
      vertex -39.475 -11.7796 51.9
      vertex -16.1961 -22.1109 51.9
    endloop
  endfacet
  facet normal -0.408217 -0.910898 -0.0602012
    outer loop
      vertex -16.3503 -22.1628 52.2
      vertex -39.5212 -11.7788 52.2
      vertex -39.475 -11.7796 51.9
    endloop
  endfacet
  facet normal 0.49714 -0.861076 0.106773
    outer loop
      vertex -1.28284 -13.4635 52.2003
      vertex -16.1961 -22.1109 51.9
      vertex -1.33218 -13.5292 51.9003
    endloop
  endfacet
  facet normal 0.49714 -0.861076 0.10677
    outer loop
      vertex -1.28284 -13.4635 52.2003
      vertex -16.3503 -22.1628 52.2
      vertex -16.1961 -22.1109 51.9
    endloop
  endfacet
  facet normal 0.99865 -0.04089 -0.0320387
    outer loop
      vertex -0.2489 11.7885 52.2
      vertex -1.28284 -13.4635 52.2003
      vertex -0.258473 11.7897 51.9
    endloop
  endfacet
  facet normal 0.987305 -0.0418706 -0.153216
    outer loop
      vertex -1.28284 -13.4635 52.2003
      vertex -1.33218 -13.5292 51.9003
      vertex -0.258473 11.7897 51.9
    endloop
  endfacet
  facet normal 0.505865 0.862575 0.00799218
    outer loop
      vertex -0.2489 11.7885 52.2
      vertex -20.5268 23.6806 52.2
      vertex -20.5204 23.6741 52.5
    endloop
  endfacet
  facet normal 0.505616 0.862668 -0.0125088
    outer loop
      vertex -0.2489 11.7885 52.2
      vertex -20.5204 23.6741 52.5
      vertex -0.239327 11.7872 52.5
    endloop
  endfacet
  facet normal -0.516599 0.855635 -0.0318467
    outer loop
      vertex -40.6166 11.5296 52.2
      vertex -40.6207 11.5383 52.5
      vertex -20.5204 23.6741 52.5
    endloop
  endfacet
  facet normal -0.517307 0.855291 0.0295159
    outer loop
      vertex -20.5268 23.6806 52.2
      vertex -40.6166 11.5296 52.2
      vertex -20.5204 23.6741 52.5
    endloop
  endfacet
  facet normal -0.998906 -0.0451217 -0.0123213
    outer loop
      vertex -39.5675 -11.7779 52.5
      vertex -40.6207 11.5383 52.5
      vertex -40.6166 11.5296 52.2
    endloop
  endfacet
  facet normal -0.987296 -0.0463965 -0.151969
    outer loop
      vertex -39.5675 -11.7779 52.5
      vertex -40.6166 11.5296 52.2
      vertex -39.5212 -11.7788 52.2
    endloop
  endfacet
  facet normal -0.383785 -0.856378 -0.345435
    outer loop
      vertex -16.5046 -22.2146 52.5
      vertex -39.5212 -11.7788 52.2
      vertex -16.3503 -22.1628 52.2
    endloop
  endfacet
  facet normal -0.411524 -0.909374 -0.0607123
    outer loop
      vertex -16.5046 -22.2146 52.5
      vertex -39.5675 -11.7779 52.5
      vertex -39.5212 -11.7788 52.2
    endloop
  endfacet
  facet normal 0.49714 -0.861075 0.106776
    outer loop
      vertex -1.2335 -13.3979 52.5003
      vertex -16.3503 -22.1628 52.2
      vertex -1.28284 -13.4635 52.2003
    endloop
  endfacet
  facet normal 0.497141 -0.861076 0.106767
    outer loop
      vertex -1.2335 -13.3979 52.5003
      vertex -16.5046 -22.2146 52.5
      vertex -16.3503 -22.1628 52.2
    endloop
  endfacet
  facet normal 0.998709 -0.0394241 -0.0320345
    outer loop
      vertex -0.239327 11.7872 52.5
      vertex -1.2335 -13.3979 52.5003
      vertex -0.2489 11.7885 52.2
    endloop
  endfacet
  facet normal 0.987316 -0.0404272 -0.153534
    outer loop
      vertex -1.2335 -13.3979 52.5003
      vertex -1.28284 -13.4635 52.2003
      vertex -0.2489 11.7885 52.2
    endloop
  endfacet
  facet normal 0.50564 0.862708 0.00799662
    outer loop
      vertex -0.239327 11.7872 52.5
      vertex -20.5204 23.6741 52.5
      vertex -20.5141 23.6676 52.8
    endloop
  endfacet
  facet normal 0.50539 0.8628 -0.0125038
    outer loop
      vertex -0.239327 11.7872 52.5
      vertex -20.5141 23.6676 52.8
      vertex -0.229754 11.786 52.8
    endloop
  endfacet
  facet normal -0.515928 0.85604 -0.0318427
    outer loop
      vertex -40.6207 11.5383 52.5
      vertex -40.6248 11.547 52.8
      vertex -20.5141 23.6676 52.8
    endloop
  endfacet
  facet normal -0.516636 0.855696 0.0295138
    outer loop
      vertex -20.5204 23.6741 52.5
      vertex -40.6207 11.5383 52.5
      vertex -20.5141 23.6676 52.8
    endloop
  endfacet
  facet normal -0.998985 -0.0433057 -0.0123623
    outer loop
      vertex -39.6137 -11.777 52.8
      vertex -40.6248 11.547 52.8
      vertex -40.6207 11.5383 52.5
    endloop
  endfacet
  facet normal -0.987376 -0.0446009 -0.151987
    outer loop
      vertex -39.6137 -11.777 52.8
      vertex -40.6207 11.5383 52.5
      vertex -39.5675 -11.7779 52.5
    endloop
  endfacet
  facet normal -0.386725 -0.854573 -0.346624
    outer loop
      vertex -16.6589 -22.2665 52.8
      vertex -39.5675 -11.7779 52.5
      vertex -16.5046 -22.2146 52.5
    endloop
  endfacet
  facet normal -0.414846 -0.907829 -0.0612315
    outer loop
      vertex -16.6589 -22.2665 52.8
      vertex -39.6137 -11.777 52.8
      vertex -39.5675 -11.7779 52.5
    endloop
  endfacet
  facet normal 0.49714 -0.861075 0.106777
    outer loop
      vertex -1.18416 -13.3322 52.8002
      vertex -16.5046 -22.2146 52.5
      vertex -1.2335 -13.3979 52.5003
    endloop
  endfacet
  facet normal 0.49714 -0.861075 0.106778
    outer loop
      vertex -1.18416 -13.3322 52.8002
      vertex -16.6589 -22.2665 52.8
      vertex -16.5046 -22.2146 52.5
    endloop
  endfacet
  facet normal 0.998766 -0.0379502 -0.03203
    outer loop
      vertex -0.229754 11.786 52.8
      vertex -1.18416 -13.3322 52.8002
      vertex -0.239327 11.7872 52.5
    endloop
  endfacet
  facet normal 0.987324 -0.038976 -0.153855
    outer loop
      vertex -1.18416 -13.3322 52.8002
      vertex -1.2335 -13.3979 52.5003
      vertex -0.239327 11.7872 52.5
    endloop
  endfacet
  facet normal 0.505414 0.86284 0.00801071
    outer loop
      vertex -0.229754 11.786 52.8
      vertex -20.5141 23.6676 52.8
      vertex -20.5077 23.6611 53.1
    endloop
  endfacet
  facet normal 0.505165 0.862933 -0.0124933
    outer loop
      vertex -0.229754 11.786 52.8
      vertex -20.5077 23.6611 53.1
      vertex -0.220181 11.7847 53.1
    endloop
  endfacet
  facet normal -0.515257 0.856444 -0.0318452
    outer loop
      vertex -40.6248 11.547 52.8
      vertex -40.6289 11.5557 53.1
      vertex -20.5077 23.6611 53.1
    endloop
  endfacet
  facet normal -0.515965 0.856101 0.0295018
    outer loop
      vertex -20.5141 23.6676 52.8
      vertex -40.6248 11.547 52.8
      vertex -20.5077 23.6611 53.1
    endloop
  endfacet
  facet normal -0.999062 -0.0414904 -0.0124159
    outer loop
      vertex -39.6599 -11.7761 53.1
      vertex -40.6289 11.5557 53.1
      vertex -40.6248 11.547 52.8
    endloop
  endfacet
  facet normal -0.987451 -0.0428057 -0.152016
    outer loop
      vertex -39.6599 -11.7761 53.1
      vertex -40.6248 11.547 52.8
      vertex -39.6137 -11.777 52.8
    endloop
  endfacet
  facet normal -0.389672 -0.852741 -0.347834
    outer loop
      vertex -16.8132 -22.3184 53.1
      vertex -39.6137 -11.777 52.8
      vertex -16.6589 -22.2665 52.8
    endloop
  endfacet
  facet normal -0.418181 -0.906262 -0.0617524
    outer loop
      vertex -16.8132 -22.3184 53.1
      vertex -39.6599 -11.7761 53.1
      vertex -39.6137 -11.777 52.8
    endloop
  endfacet
  facet normal 0.49714 -0.861075 0.106776
    outer loop
      vertex -1.13482 -13.2665 53.1002
      vertex -16.6589 -22.2665 52.8
      vertex -1.18416 -13.3322 52.8002
    endloop
  endfacet
  facet normal 0.497141 -0.861076 0.106767
    outer loop
      vertex -1.13482 -13.2665 53.1002
      vertex -16.8132 -22.3184 53.1
      vertex -16.6589 -22.2665 52.8
    endloop
  endfacet
  facet normal 0.998822 -0.0364682 -0.0320257
    outer loop
      vertex -0.220181 11.7847 53.1
      vertex -1.13482 -13.2665 53.1002
      vertex -0.229754 11.786 52.8
    endloop
  endfacet
  facet normal 0.987331 -0.0375169 -0.154173
    outer loop
      vertex -1.13482 -13.2665 53.1002
      vertex -1.18416 -13.3322 52.8002
      vertex -0.229754 11.786 52.8
    endloop
  endfacet
  facet normal 0.505188 0.862972 0.00801183
    outer loop
      vertex -0.220181 11.7847 53.1
      vertex -20.5077 23.6611 53.1
      vertex -20.5013 23.6546 53.4
    endloop
  endfacet
  facet normal 0.504939 0.863065 -0.0124881
    outer loop
      vertex -0.220181 11.7847 53.1
      vertex -20.5013 23.6546 53.4
      vertex -0.210608 11.7834 53.4
    endloop
  endfacet
  facet normal -0.514585 0.856848 -0.0318539
    outer loop
      vertex -40.6289 11.5557 53.1
      vertex -40.633 11.5644 53.4
      vertex -20.5013 23.6546 53.4
    endloop
  endfacet
  facet normal -0.515294 0.856506 0.0295025
    outer loop
      vertex -20.5077 23.6611 53.1
      vertex -40.6289 11.5557 53.1
      vertex -20.5013 23.6546 53.4
    endloop
  endfacet
  facet normal -0.999135 -0.0396762 -0.0124821
    outer loop
      vertex -39.7061 -11.7752 53.4
      vertex -40.633 11.5644 53.4
      vertex -40.6289 11.5557 53.1
    endloop
  endfacet
  facet normal -0.987526 -0.0410114 -0.152019
    outer loop
      vertex -39.7061 -11.7752 53.4
      vertex -40.6289 11.5557 53.1
      vertex -39.6599 -11.7761 53.1
    endloop
  endfacet
  facet normal -0.392631 -0.850892 -0.349034
    outer loop
      vertex -16.9674 -22.3702 53.4
      vertex -39.6599 -11.7761 53.1
      vertex -16.8132 -22.3184 53.1
    endloop
  endfacet
  facet normal -0.421531 -0.904674 -0.0622699
    outer loop
      vertex -16.9674 -22.3702 53.4
      vertex -39.7061 -11.7752 53.4
      vertex -39.6599 -11.7761 53.1
    endloop
  endfacet
  facet normal 0.49714 -0.861075 0.106775
    outer loop
      vertex -1.08548 -13.2008 53.4002
      vertex -16.8132 -22.3184 53.1
      vertex -1.13482 -13.2665 53.1002
    endloop
  endfacet
  facet normal 0.497141 -0.861076 0.106769
    outer loop
      vertex -1.08548 -13.2008 53.4002
      vertex -16.9674 -22.3702 53.4
      vertex -16.8132 -22.3184 53.1
    endloop
  endfacet
  facet normal 0.998875 -0.0349779 -0.0320206
    outer loop
      vertex -0.210608 11.7834 53.4
      vertex -1.08548 -13.2008 53.4002
      vertex -0.220181 11.7847 53.1
    endloop
  endfacet
  facet normal 0.987336 -0.0360499 -0.154496
    outer loop
      vertex -1.08548 -13.2008 53.4002
      vertex -1.13482 -13.2665 53.1002
      vertex -0.220181 11.7847 53.1
    endloop
  endfacet
  facet normal 0.504962 0.863104 0.00802601
    outer loop
      vertex -0.210608 11.7834 53.4
      vertex -20.5013 23.6546 53.4
      vertex -20.495 23.6481 53.7
    endloop
  endfacet
  facet normal 0.504713 0.863197 -0.0124778
    outer loop
      vertex -0.210608 11.7834 53.4
      vertex -20.495 23.6481 53.7
      vertex -0.201035 11.7822 53.7
    endloop
  endfacet
  facet normal -0.513913 0.857251 -0.0318568
    outer loop
      vertex -40.633 11.5644 53.4
      vertex -40.637 11.5731 53.7
      vertex -20.495 23.6481 53.7
    endloop
  endfacet
  facet normal -0.514622 0.85691 0.0294908
    outer loop
      vertex -20.5013 23.6546 53.4
      vertex -40.633 11.5644 53.4
      vertex -20.495 23.6481 53.7
    endloop
  endfacet
  facet normal -0.999204 -0.0378629 -0.0125357
    outer loop
      vertex -39.7523 -11.7743 53.7
      vertex -40.637 11.5731 53.7
      vertex -40.633 11.5644 53.4
    endloop
  endfacet
  facet normal -0.987597 -0.039218 -0.152036
    outer loop
      vertex -39.7523 -11.7743 53.7
      vertex -40.633 11.5644 53.4
      vertex -39.7061 -11.7752 53.4
    endloop
  endfacet
  facet normal -0.3956 -0.849021 -0.350233
    outer loop
      vertex -17.1217 -22.4221 53.7
      vertex -39.7061 -11.7752 53.4
      vertex -16.9674 -22.3702 53.4
    endloop
  endfacet
  facet normal -0.424894 -0.903063 -0.0627908
    outer loop
      vertex -17.1217 -22.4221 53.7
      vertex -39.7523 -11.7743 53.7
      vertex -39.7061 -11.7752 53.4
    endloop
  endfacet
  facet normal 0.497141 -0.861075 0.106775
    outer loop
      vertex -1.03614 -13.1351 53.7002
      vertex -16.9674 -22.3702 53.4
      vertex -1.08548 -13.2008 53.4002
    endloop
  endfacet
  facet normal 0.497141 -0.861075 0.106772
    outer loop
      vertex -1.03614 -13.1351 53.7002
      vertex -17.1217 -22.4221 53.7
      vertex -16.9674 -22.3702 53.4
    endloop
  endfacet
  facet normal 0.998926 -0.0334795 -0.0320165
    outer loop
      vertex -0.201035 11.7822 53.7
      vertex -1.03614 -13.1351 53.7002
      vertex -0.210608 11.7834 53.4
    endloop
  endfacet
  facet normal 0.987338 -0.034575 -0.154819
    outer loop
      vertex -1.03614 -13.1351 53.7002
      vertex -1.08548 -13.2008 53.4002
      vertex -0.210608 11.7834 53.4
    endloop
  endfacet
  facet normal 0.504736 0.863237 0.00802725
    outer loop
      vertex -0.201035 11.7822 53.7
      vertex -20.495 23.6481 53.7
      vertex -20.4886 23.6416 54
    endloop
  endfacet
  facet normal 0.504487 0.863329 -0.0124744
    outer loop
      vertex -0.201035 11.7822 53.7
      vertex -20.4886 23.6416 54
      vertex -0.191462 11.7809 54
    endloop
  endfacet
  facet normal -0.513241 0.857653 -0.0318501
    outer loop
      vertex -40.637 11.5731 53.7
      vertex -40.6411 11.5818 54
      vertex -20.4886 23.6416 54
    endloop
  endfacet
  facet normal -0.51395 0.857313 0.0294919
    outer loop
      vertex -20.495 23.6481 53.7
      vertex -40.637 11.5731 53.7
      vertex -20.4886 23.6416 54
    endloop
  endfacet
  facet normal -0.999271 -0.0360502 -0.0125766
    outer loop
      vertex -39.7986 -11.7734 54
      vertex -40.6411 11.5818 54
      vertex -40.637 11.5731 53.7
    endloop
  endfacet
  facet normal -0.987664 -0.0374255 -0.152052
    outer loop
      vertex -39.7986 -11.7734 54
      vertex -40.637 11.5731 53.7
      vertex -39.7523 -11.7743 53.7
    endloop
  endfacet
  facet normal -0.398577 -0.847128 -0.35144
    outer loop
      vertex -17.276 -22.474 54
      vertex -39.7523 -11.7743 53.7
      vertex -17.1217 -22.4221 53.7
    endloop
  endfacet
  facet normal -0.428272 -0.901429 -0.063316
    outer loop
      vertex -17.276 -22.474 54
      vertex -39.7986 -11.7734 54
      vertex -39.7523 -11.7743 53.7
    endloop
  endfacet
  facet normal 0.49714 -0.861075 0.106777
    outer loop
      vertex -0.986802 -13.0694 54.0002
      vertex -17.1217 -22.4221 53.7
      vertex -1.03614 -13.1351 53.7002
    endloop
  endfacet
  facet normal 0.497141 -0.861075 0.106775
    outer loop
      vertex -0.986802 -13.0694 54.0002
      vertex -17.276 -22.474 54
      vertex -17.1217 -22.4221 53.7
    endloop
  endfacet
  facet normal 0.998976 -0.0319727 -0.0320148
    outer loop
      vertex -0.191462 11.7809 54
      vertex -0.986802 -13.0694 54.0002
      vertex -0.201035 11.7822 53.7
    endloop
  endfacet
  facet normal 0.987337 -0.0330921 -0.155146
    outer loop
      vertex -0.986802 -13.0694 54.0002
      vertex -1.03614 -13.1351 53.7002
      vertex -0.201035 11.7822 53.7
    endloop
  endfacet
  facet normal 0.50451 0.863369 0.00804132
    outer loop
      vertex -0.191462 11.7809 54
      vertex -20.4886 23.6416 54
      vertex -20.4823 23.6351 54.3
    endloop
  endfacet
  facet normal 0.504261 0.863461 -0.0124623
    outer loop
      vertex -0.191462 11.7809 54
      vertex -20.4823 23.6351 54.3
      vertex -0.181889 11.7797 54.3
    endloop
  endfacet
  facet normal -0.512568 0.858055 -0.0318553
    outer loop
      vertex -40.6411 11.5818 54
      vertex -40.6452 11.5905 54.3
      vertex -20.4823 23.6351 54.3
    endloop
  endfacet
  facet normal -0.513278 0.857716 0.0294799
    outer loop
      vertex -20.4886 23.6416 54
      vertex -40.6411 11.5818 54
      vertex -20.4823 23.6351 54.3
    endloop
  endfacet
  facet normal -0.999334 -0.0342383 -0.0126298
    outer loop
      vertex -39.8448 -11.7725 54.3
      vertex -40.6452 11.5905 54.3
      vertex -40.6411 11.5818 54
    endloop
  endfacet
  facet normal -0.987728 -0.0356337 -0.152067
    outer loop
      vertex -39.8448 -11.7725 54.3
      vertex -40.6411 11.5818 54
      vertex -39.7986 -11.7734 54
    endloop
  endfacet
  facet normal -0.401564 -0.845214 -0.352648
    outer loop
      vertex -17.4303 -22.5259 54.3
      vertex -39.7986 -11.7734 54
      vertex -17.276 -22.474 54
    endloop
  endfacet
  facet normal -0.431664 -0.899772 -0.0638463
    outer loop
      vertex -17.4303 -22.5259 54.3
      vertex -39.8448 -11.7725 54.3
      vertex -39.7986 -11.7734 54
    endloop
  endfacet
  facet normal 0.497141 -0.861075 0.106773
    outer loop
      vertex -0.937462 -13.0037 54.3002
      vertex -17.276 -22.474 54
      vertex -0.986802 -13.0694 54.0002
    endloop
  endfacet
  facet normal 0.497141 -0.861076 0.106767
    outer loop
      vertex -0.937462 -13.0037 54.3002
      vertex -17.4303 -22.5259 54.3
      vertex -17.276 -22.474 54
    endloop
  endfacet
  facet normal 0.999023 -0.0304576 -0.0320069
    outer loop
      vertex -0.181889 11.7797 54.3
      vertex -0.937462 -13.0037 54.3002
      vertex -0.191462 11.7809 54
    endloop
  endfacet
  facet normal 0.987335 -0.0316011 -0.15547
    outer loop
      vertex -0.937462 -13.0037 54.3002
      vertex -0.986802 -13.0694 54.0002
      vertex -0.191462 11.7809 54
    endloop
  endfacet
  facet normal 0.504284 0.8635 0.00804805
    outer loop
      vertex -0.181889 11.7797 54.3
      vertex -20.4823 23.6351 54.3
      vertex -20.4759 23.6286 54.6
    endloop
  endfacet
  facet normal 0.504035 0.863593 -0.0124572
    outer loop
      vertex -0.181889 11.7797 54.3
      vertex -20.4759 23.6286 54.6
      vertex -0.172316 11.7784 54.6
    endloop
  endfacet
  facet normal -0.511895 0.858457 -0.0318643
    outer loop
      vertex -40.6452 11.5905 54.3
      vertex -40.6493 11.5992 54.6
      vertex -20.4759 23.6286 54.6
    endloop
  endfacet
  facet normal -0.512606 0.858118 0.0294863
    outer loop
      vertex -20.4823 23.6351 54.3
      vertex -40.6452 11.5905 54.3
      vertex -20.4759 23.6286 54.6
    endloop
  endfacet
  facet normal -0.999393 -0.0324274 -0.0126958
    outer loop
      vertex -39.891 -11.7717 54.6
      vertex -40.6493 11.5992 54.6
      vertex -40.6452 11.5905 54.3
    endloop
  endfacet
  facet normal -0.987786 -0.0338427 -0.152094
    outer loop
      vertex -39.891 -11.7717 54.6
      vertex -40.6452 11.5905 54.3
      vertex -39.8448 -11.7725 54.3
    endloop
  endfacet
  facet normal -0.404561 -0.84328 -0.353849
    outer loop
      vertex -17.5845 -22.5777 54.6
      vertex -39.8448 -11.7725 54.3
      vertex -17.4303 -22.5259 54.3
    endloop
  endfacet
  facet normal -0.435069 -0.898093 -0.0643786
    outer loop
      vertex -17.5845 -22.5777 54.6
      vertex -39.891 -11.7717 54.6
      vertex -39.8448 -11.7725 54.3
    endloop
  endfacet
  facet normal 0.497141 -0.861075 0.106775
    outer loop
      vertex -0.888122 -12.9381 54.6002
      vertex -17.4303 -22.5259 54.3
      vertex -0.937462 -13.0037 54.3002
    endloop
  endfacet
  facet normal 0.497141 -0.861075 0.106772
    outer loop
      vertex -0.888122 -12.9381 54.6002
      vertex -17.5845 -22.5777 54.6
      vertex -17.4303 -22.5259 54.3
    endloop
  endfacet
  facet normal 0.999069 -0.028934 -0.0320018
    outer loop
      vertex -0.172316 11.7784 54.6
      vertex -0.888122 -12.9381 54.6002
      vertex -0.181889 11.7797 54.3
    endloop
  endfacet
  facet normal 0.98733 -0.030102 -0.155797
    outer loop
      vertex -0.888122 -12.9381 54.6002
      vertex -0.937462 -13.0037 54.3002
      vertex -0.181889 11.7797 54.3
    endloop
  endfacet
  facet normal 0.504058 0.863632 0.00805331
    outer loop
      vertex -0.172316 11.7784 54.6
      vertex -20.4759 23.6286 54.6
      vertex -20.4696 23.622 54.9
    endloop
  endfacet
  facet normal 0.503809 0.863725 -0.0124466
    outer loop
      vertex -0.172316 11.7784 54.6
      vertex -20.4696 23.622 54.9
      vertex -0.162743 11.7771 54.9
    endloop
  endfacet
  facet normal -0.511223 0.858858 -0.0318598
    outer loop
      vertex -40.6493 11.5992 54.6
      vertex -40.6534 11.6079 54.9
      vertex -20.4696 23.622 54.9
    endloop
  endfacet
  facet normal -0.511933 0.85852 0.0294717
    outer loop
      vertex -20.4759 23.6286 54.6
      vertex -40.6493 11.5992 54.6
      vertex -20.4696 23.622 54.9
    endloop
  endfacet
  facet normal -0.99945 -0.0306173 -0.0127362
    outer loop
      vertex -39.9372 -11.7708 54.9
      vertex -40.6534 11.6079 54.9
      vertex -40.6493 11.5992 54.6
    endloop
  endfacet
  facet normal -0.987846 -0.0320527 -0.152094
    outer loop
      vertex -39.9372 -11.7708 54.9
      vertex -40.6493 11.5992 54.6
      vertex -39.891 -11.7717 54.6
    endloop
  endfacet
  facet normal -0.407568 -0.841324 -0.355053
    outer loop
      vertex -17.7388 -22.6296 54.9
      vertex -39.891 -11.7717 54.6
      vertex -17.5845 -22.5777 54.6
    endloop
  endfacet
  facet normal -0.438488 -0.89639 -0.0649069
    outer loop
      vertex -17.7388 -22.6296 54.9
      vertex -39.9372 -11.7708 54.9
      vertex -39.891 -11.7717 54.6
    endloop
  endfacet
  facet normal 0.497141 -0.861075 0.106777
    outer loop
      vertex -0.838781 -12.8724 54.9002
      vertex -17.5845 -22.5777 54.6
      vertex -0.888122 -12.9381 54.6002
    endloop
  endfacet
  facet normal 0.497141 -0.861075 0.106771
    outer loop
      vertex -0.838781 -12.8724 54.9002
      vertex -17.7388 -22.6296 54.9
      vertex -17.5845 -22.5777 54.6
    endloop
  endfacet
  facet normal 0.999112 -0.0274019 -0.0319964
    outer loop
      vertex -0.162743 11.7771 54.9
      vertex -0.838781 -12.8724 54.9002
      vertex -0.172316 11.7784 54.6
    endloop
  endfacet
  facet normal 0.987323 -0.0285947 -0.156128
    outer loop
      vertex -0.838781 -12.8724 54.9002
      vertex -0.888122 -12.9381 54.6002
      vertex -0.172316 11.7784 54.6
    endloop
  endfacet
  facet normal 0.503832 0.863764 0.00806107
    outer loop
      vertex -0.162743 11.7771 54.9
      vertex -20.4696 23.622 54.9
      vertex -20.4632 23.6155 55.2
    endloop
  endfacet
  facet normal 0.503583 0.863857 -0.012439
    outer loop
      vertex -0.162743 11.7771 54.9
      vertex -20.4632 23.6155 55.2
      vertex -0.15317 11.7759 55.2
    endloop
  endfacet
  facet normal -0.510549 0.859258 -0.0318691
    outer loop
      vertex -40.6534 11.6079 54.9
      vertex -40.6575 11.6166 55.2
      vertex -20.4632 23.6155 55.2
    endloop
  endfacet
  facet normal -0.51126 0.858921 0.0294665
    outer loop
      vertex -20.4696 23.622 54.9
      vertex -40.6534 11.6079 54.9
      vertex -20.4632 23.6155 55.2
    endloop
  endfacet
  facet normal -0.999503 -0.0288083 -0.0128022
    outer loop
      vertex -39.9834 -11.7699 55.2
      vertex -40.6575 11.6166 55.2
      vertex -40.6534 11.6079 54.9
    endloop
  endfacet
  facet normal -0.9879 -0.0302635 -0.15211
    outer loop
      vertex -39.9834 -11.7699 55.2
      vertex -40.6534 11.6079 54.9
      vertex -39.9372 -11.7708 54.9
    endloop
  endfacet
  facet normal -0.410581 -0.839341 -0.356272
    outer loop
      vertex -17.8931 -22.6815 55.2
      vertex -39.9372 -11.7708 54.9
      vertex -17.7388 -22.6296 54.9
    endloop
  endfacet
  facet normal -0.441921 -0.894664 -0.0654389
    outer loop
      vertex -17.8931 -22.6815 55.2
      vertex -39.9834 -11.7699 55.2
      vertex -39.9372 -11.7708 54.9
    endloop
  endfacet
  facet normal 0.497141 -0.861075 0.106777
    outer loop
      vertex -0.789441 -12.8067 55.2002
      vertex -17.7388 -22.6296 54.9
      vertex -0.838781 -12.8724 54.9002
    endloop
  endfacet
  facet normal 0.497141 -0.861075 0.10677
    outer loop
      vertex -0.789441 -12.8067 55.2002
      vertex -17.8931 -22.6815 55.2
      vertex -17.7388 -22.6296 54.9
    endloop
  endfacet
  facet normal 0.999154 -0.0258613 -0.0319917
    outer loop
      vertex -0.15317 11.7759 55.2
      vertex -0.789441 -12.8067 55.2002
      vertex -0.162743 11.7771 54.9
    endloop
  endfacet
  facet normal 0.987313 -0.0270792 -0.156458
    outer loop
      vertex -0.789441 -12.8067 55.2002
      vertex -0.838781 -12.8724 54.9002
      vertex -0.162743 11.7771 54.9
    endloop
  endfacet
  facet normal 0.503606 0.863896 0.00806872
    outer loop
      vertex -0.15317 11.7759 55.2
      vertex -20.4632 23.6155 55.2
      vertex -20.4568 23.609 55.5
    endloop
  endfacet
  facet normal 0.503357 0.863989 -0.0124339
    outer loop
      vertex -0.15317 11.7759 55.2
      vertex -20.4568 23.609 55.5
      vertex -0.143597 11.7746 55.5
    endloop
  endfacet
  facet normal -0.509876 0.859658 -0.031865
    outer loop
      vertex -40.6575 11.6166 55.2
      vertex -40.6616 11.6253 55.5
      vertex -20.4568 23.609 55.5
    endloop
  endfacet
  facet normal -0.510587 0.859321 0.0294609
    outer loop
      vertex -20.4632 23.6155 55.2
      vertex -40.6575 11.6166 55.2
      vertex -20.4568 23.609 55.5
    endloop
  endfacet
  facet normal -0.999553 -0.0270001 -0.0128426
    outer loop
      vertex -40.0297 -11.769 55.5
      vertex -40.6616 11.6253 55.5
      vertex -40.6575 11.6166 55.2
    endloop
  endfacet
  facet normal -0.987951 -0.0284754 -0.152123
    outer loop
      vertex -40.0297 -11.769 55.5
      vertex -40.6575 11.6166 55.2
      vertex -39.9834 -11.7699 55.2
    endloop
  endfacet
  facet normal -0.413607 -0.837341 -0.357477
    outer loop
      vertex -18.0474 -22.7333 55.5
      vertex -39.9834 -11.7699 55.2
      vertex -17.8931 -22.6815 55.2
    endloop
  endfacet
  facet normal -0.445368 -0.892913 -0.0659779
    outer loop
      vertex -18.0474 -22.7333 55.5
      vertex -40.0297 -11.769 55.5
      vertex -39.9834 -11.7699 55.2
    endloop
  endfacet
  facet normal 0.497141 -0.861075 0.106774
    outer loop
      vertex -0.740102 -12.741 55.5001
      vertex -17.8931 -22.6815 55.2
      vertex -0.789441 -12.8067 55.2002
    endloop
  endfacet
  facet normal 0.497141 -0.861075 0.106776
    outer loop
      vertex -0.740102 -12.741 55.5001
      vertex -18.0474 -22.7333 55.5
      vertex -17.8931 -22.6815 55.2
    endloop
  endfacet
  facet normal 0.999193 -0.0243122 -0.0319864
    outer loop
      vertex -0.143597 11.7746 55.5
      vertex -0.740102 -12.741 55.5001
      vertex -0.15317 11.7759 55.2
    endloop
  endfacet
  facet normal 0.987302 -0.0255554 -0.156785
    outer loop
      vertex -0.740102 -12.741 55.5001
      vertex -0.789441 -12.8067 55.2002
      vertex -0.15317 11.7759 55.2
    endloop
  endfacet
  facet normal 0.503379 0.864028 0.00807637
    outer loop
      vertex -0.143597 11.7746 55.5
      vertex -20.4568 23.609 55.5
      vertex -20.4505 23.6025 55.8
    endloop
  endfacet
  facet normal 0.503131 0.864121 -0.0124234
    outer loop
      vertex -0.143597 11.7746 55.5
      vertex -20.4505 23.6025 55.8
      vertex -0.134024 11.7733 55.8
    endloop
  endfacet
  facet normal -0.509202 0.860057 -0.0318674
    outer loop
      vertex -40.6616 11.6253 55.5
      vertex -40.6657 11.634 55.8
      vertex -20.4505 23.6025 55.8
    endloop
  endfacet
  facet normal -0.509914 0.859721 0.0294553
    outer loop
      vertex -20.4568 23.609 55.5
      vertex -40.6616 11.6253 55.5
      vertex -20.4505 23.6025 55.8
    endloop
  endfacet
  facet normal -0.999599 -0.0251927 -0.0128956
    outer loop
      vertex -40.0759 -11.7681 55.8
      vertex -40.6657 11.634 55.8
      vertex -40.6616 11.6253 55.5
    endloop
  endfacet
  facet normal -0.987997 -0.026688 -0.152148
    outer loop
      vertex -40.0759 -11.7681 55.8
      vertex -40.6616 11.6253 55.5
      vertex -40.0297 -11.769 55.5
    endloop
  endfacet
  facet normal -0.41664 -0.835318 -0.358684
    outer loop
      vertex -18.2016 -22.7852 55.8
      vertex -40.0297 -11.769 55.5
      vertex -18.0474 -22.7333 55.5
    endloop
  endfacet
  facet normal -0.448828 -0.891139 -0.066519
    outer loop
      vertex -18.2016 -22.7852 55.8
      vertex -40.0759 -11.7681 55.8
      vertex -40.0297 -11.769 55.5
    endloop
  endfacet
  facet normal 0.497141 -0.861075 0.106775
    outer loop
      vertex -0.690762 -12.6753 55.8001
      vertex -18.0474 -22.7333 55.5
      vertex -0.740102 -12.741 55.5001
    endloop
  endfacet
  facet normal 0.497141 -0.861075 0.106772
    outer loop
      vertex -0.690762 -12.6753 55.8001
      vertex -18.2016 -22.7852 55.8
      vertex -18.0474 -22.7333 55.5
    endloop
  endfacet
  facet normal 0.999229 -0.0227544 -0.0319811
    outer loop
      vertex -0.134024 11.7733 55.8
      vertex -0.690762 -12.6753 55.8001
      vertex -0.143597 11.7746 55.5
    endloop
  endfacet
  facet normal 0.987287 -0.0240233 -0.157121
    outer loop
      vertex -0.690762 -12.6753 55.8001
      vertex -0.740102 -12.741 55.5001
      vertex -0.143597 11.7746 55.5
    endloop
  endfacet
  facet normal 0.503153 0.864159 0.00808082
    outer loop
      vertex -0.134024 11.7733 55.8
      vertex -20.4505 23.6025 55.8
      vertex -20.4441 23.596 56.1
    endloop
  endfacet
  facet normal 0.502905 0.864253 -0.01242
    outer loop
      vertex -0.134024 11.7733 55.8
      vertex -20.4441 23.596 56.1
      vertex -0.12445 11.7721 56.1
    endloop
  endfacet
  facet normal -0.508528 0.860455 -0.0318762
    outer loop
      vertex -40.6657 11.634 55.8
      vertex -40.6698 11.6427 56.1
      vertex -20.4441 23.596 56.1
    endloop
  endfacet
  facet normal -0.50924 0.86012 0.029453
    outer loop
      vertex -20.4505 23.6025 55.8
      vertex -40.6657 11.634 55.8
      vertex -20.4441 23.596 56.1
    endloop
  endfacet
  facet normal -0.999642 -0.0233865 -0.0129613
    outer loop
      vertex -40.1221 -11.7672 56.1
      vertex -40.6698 11.6427 56.1
      vertex -40.6657 11.634 55.8
    endloop
  endfacet
  facet normal -0.988044 -0.0249015 -0.152148
    outer loop
      vertex -40.1221 -11.7672 56.1
      vertex -40.6657 11.634 55.8
      vertex -40.0759 -11.7681 55.8
    endloop
  endfacet
  facet normal -0.419682 -0.83327 -0.3599
    outer loop
      vertex -18.3559 -22.8371 56.1
      vertex -40.0759 -11.7681 55.8
      vertex -18.2016 -22.7852 55.8
    endloop
  endfacet
  facet normal -0.452301 -0.889341 -0.0670566
    outer loop
      vertex -18.3559 -22.8371 56.1
      vertex -40.1221 -11.7672 56.1
      vertex -40.0759 -11.7681 55.8
    endloop
  endfacet
  facet normal 0.497141 -0.861075 0.106777
    outer loop
      vertex -0.641421 -12.6096 56.1001
      vertex -18.2016 -22.7852 55.8
      vertex -0.690762 -12.6753 55.8001
    endloop
  endfacet
  facet normal 0.497141 -0.861076 0.106767
    outer loop
      vertex -0.641421 -12.6096 56.1001
      vertex -18.3559 -22.8371 56.1
      vertex -18.2016 -22.7852 55.8
    endloop
  endfacet
  facet normal 0.999264 -0.0211878 -0.0319787
    outer loop
      vertex -0.12445 11.7721 56.1
      vertex -0.641421 -12.6096 56.1001
      vertex -0.134024 11.7733 55.8
    endloop
  endfacet
  facet normal 0.98727 -0.0224827 -0.157458
    outer loop
      vertex -0.641421 -12.6096 56.1001
      vertex -0.690762 -12.6753 55.8001
      vertex -0.134024 11.7733 55.8
    endloop
  endfacet
  facet normal 0.502927 0.864291 0.00809476
    outer loop
      vertex -0.12445 11.7721 56.1
      vertex -20.4441 23.596 56.1
      vertex -20.4378 23.5895 56.4
    endloop
  endfacet
  facet normal 0.502678 0.864384 -0.0124077
    outer loop
      vertex -0.12445 11.7721 56.1
      vertex -20.4378 23.5895 56.4
      vertex -0.114877 11.7708 56.4
    endloop
  endfacet
  facet normal -0.507854 0.860853 -0.0318782
    outer loop
      vertex -40.6698 11.6427 56.1
      vertex -40.6739 11.6514 56.4
      vertex -20.4378 23.5895 56.4
    endloop
  endfacet
  facet normal -0.508566 0.86052 0.0294405
    outer loop
      vertex -20.4441 23.596 56.1
      vertex -40.6698 11.6427 56.1
      vertex -20.4378 23.5895 56.4
    endloop
  endfacet
  facet normal -0.999682 -0.0215814 -0.013014
    outer loop
      vertex -40.1683 -11.7663 56.4
      vertex -40.6739 11.6514 56.4
      vertex -40.6698 11.6427 56.1
    endloop
  endfacet
  facet normal -0.988086 -0.0231162 -0.152157
    outer loop
      vertex -40.1683 -11.7663 56.4
      vertex -40.6698 11.6427 56.1
      vertex -40.1221 -11.7672 56.1
    endloop
  endfacet
  facet normal -0.422733 -0.831203 -0.361107
    outer loop
      vertex -18.5102 -22.889 56.4
      vertex -40.1221 -11.7672 56.1
      vertex -18.3559 -22.8371 56.1
    endloop
  endfacet
  facet normal -0.455788 -0.887518 -0.0675955
    outer loop
      vertex -18.5102 -22.889 56.4
      vertex -40.1683 -11.7663 56.4
      vertex -40.1221 -11.7672 56.1
    endloop
  endfacet
  facet normal 0.497141 -0.861075 0.106775
    outer loop
      vertex -0.592081 -12.5439 56.4001
      vertex -18.3559 -22.8371 56.1
      vertex -0.641421 -12.6096 56.1001
    endloop
  endfacet
  facet normal 0.497142 -0.861076 0.106766
    outer loop
      vertex -0.592081 -12.5439 56.4001
      vertex -18.5102 -22.889 56.4
      vertex -18.3559 -22.8371 56.1
    endloop
  endfacet
  facet normal 0.999296 -0.0196125 -0.0319696
    outer loop
      vertex -0.114877 11.7708 56.4
      vertex -0.592081 -12.5439 56.4001
      vertex -0.12445 11.7721 56.1
    endloop
  endfacet
  facet normal 0.987251 -0.0209338 -0.157792
    outer loop
      vertex -0.592081 -12.5439 56.4001
      vertex -0.641421 -12.6096 56.1001
      vertex -0.12445 11.7721 56.1
    endloop
  endfacet
  facet normal 0.502701 0.864423 0.00809612
    outer loop
      vertex -0.114877 11.7708 56.4
      vertex -20.4378 23.5895 56.4
      vertex -20.4314 23.583 56.7
    endloop
  endfacet
  facet normal 0.502452 0.864516 -0.0124029
    outer loop
      vertex -0.114877 11.7708 56.4
      vertex -20.4314 23.583 56.7
      vertex -0.105304 11.7696 56.7
    endloop
  endfacet
  facet normal -0.50718 0.861251 -0.0318744
    outer loop
      vertex -40.6739 11.6514 56.4
      vertex -40.678 11.6601 56.7
      vertex -20.4314 23.583 56.7
    endloop
  endfacet
  facet normal -0.507892 0.860918 0.0294417
    outer loop
      vertex -20.4378 23.5895 56.4
      vertex -40.6739 11.6514 56.4
      vertex -20.4314 23.583 56.7
    endloop
  endfacet
  facet normal -0.999719 -0.019777 -0.0130542
    outer loop
      vertex -40.2145 -11.7655 56.7
      vertex -40.678 11.6601 56.7
      vertex -40.6739 11.6514 56.4
    endloop
  endfacet
  facet normal -0.988124 -0.0213318 -0.152171
    outer loop
      vertex -40.2145 -11.7655 56.7
      vertex -40.6739 11.6514 56.4
      vertex -40.1683 -11.7663 56.4
    endloop
  endfacet
  facet normal -0.425794 -0.829113 -0.362313
    outer loop
      vertex -18.6645 -22.9408 56.7
      vertex -40.1683 -11.7663 56.4
      vertex -18.5102 -22.889 56.4
    endloop
  endfacet
  facet normal -0.459288 -0.88567 -0.0681438
    outer loop
      vertex -18.6645 -22.9408 56.7
      vertex -40.2145 -11.7655 56.7
      vertex -40.1683 -11.7663 56.4
    endloop
  endfacet
  facet normal 0.497141 -0.861075 0.106773
    outer loop
      vertex -0.542741 -12.4783 56.7001
      vertex -18.5102 -22.889 56.4
      vertex -0.592081 -12.5439 56.4001
    endloop
  endfacet
  facet normal 0.497141 -0.861075 0.106778
    outer loop
      vertex -0.542741 -12.4783 56.7001
      vertex -18.6645 -22.9408 56.7
      vertex -18.5102 -22.889 56.4
    endloop
  endfacet
  facet normal 0.999326 -0.0180283 -0.0319642
    outer loop
      vertex -0.105304 11.7696 56.7
      vertex -0.542741 -12.4783 56.7001
      vertex -0.114877 11.7708 56.4
    endloop
  endfacet
  facet normal 0.987228 -0.0193762 -0.158129
    outer loop
      vertex -0.542741 -12.4783 56.7001
      vertex -0.592081 -12.5439 56.4001
      vertex -0.114877 11.7708 56.4
    endloop
  endfacet
  facet normal 0.502474 0.864554 0.00811015
    outer loop
      vertex -0.105304 11.7696 56.7
      vertex -20.4314 23.583 56.7
      vertex -20.4251 23.5765 57
    endloop
  endfacet
  facet normal 0.502226 0.864648 -0.0123923
    outer loop
      vertex -0.105304 11.7696 56.7
      vertex -20.4251 23.5765 57
      vertex -0.0957308 11.7683 57
    endloop
  endfacet
  facet normal -0.506505 0.861648 -0.0318768
    outer loop
      vertex -40.678 11.6601 56.7
      vertex -40.682 11.6688 57
      vertex -20.4251 23.5765 57
    endloop
  endfacet
  facet normal -0.507218 0.861315 0.0294296
    outer loop
      vertex -20.4314 23.583 56.7
      vertex -40.678 11.6601 56.7
      vertex -20.4251 23.5765 57
    endloop
  endfacet
  facet normal -0.999753 -0.0179737 -0.0131069
    outer loop
      vertex -40.2608 -11.7646 57
      vertex -40.682 11.6688 57
      vertex -40.678 11.6601 56.7
    endloop
  endfacet
  facet normal -0.988159 -0.0195483 -0.152181
    outer loop
      vertex -40.2608 -11.7646 57
      vertex -40.678 11.6601 56.7
      vertex -40.2145 -11.7655 56.7
    endloop
  endfacet
  facet normal -0.42886 -0.826994 -0.363537
    outer loop
      vertex -18.8187 -22.9927 57
      vertex -40.2145 -11.7655 56.7
      vertex -18.6645 -22.9408 56.7
    endloop
  endfacet
  facet normal -0.462801 -0.883797 -0.0686878
    outer loop
      vertex -18.8187 -22.9927 57
      vertex -40.2608 -11.7646 57
      vertex -40.2145 -11.7655 56.7
    endloop
  endfacet
  facet normal 0.497141 -0.861075 0.106777
    outer loop
      vertex -0.493401 -12.4126 57.0001
      vertex -18.6645 -22.9408 56.7
      vertex -0.542741 -12.4783 56.7001
    endloop
  endfacet
  facet normal 0.497141 -0.861075 0.10677
    outer loop
      vertex -0.493401 -12.4126 57.0001
      vertex -18.8187 -22.9927 57
      vertex -18.6645 -22.9408 56.7
    endloop
  endfacet
  facet normal 0.999354 -0.0164351 -0.0319585
    outer loop
      vertex -0.0957308 11.7683 57
      vertex -0.493401 -12.4126 57.0001
      vertex -0.105304 11.7696 56.7
    endloop
  endfacet
  facet normal 0.987203 -0.0178101 -0.15847
    outer loop
      vertex -0.493401 -12.4126 57.0001
      vertex -0.542741 -12.4783 56.7001
      vertex -0.105304 11.7696 56.7
    endloop
  endfacet
  facet normal 0.502248 0.864686 0.00811141
    outer loop
      vertex -0.0957308 11.7683 57
      vertex -20.4251 23.5765 57
      vertex -20.4187 23.57 57.3
    endloop
  endfacet
  facet normal 0.502 0.864779 -0.0123873
    outer loop
      vertex -0.0957308 11.7683 57
      vertex -20.4187 23.57 57.3
      vertex -0.0861578 11.767 57.3
    endloop
  endfacet
  facet normal -0.50583 0.862044 -0.0318827
    outer loop
      vertex -40.682 11.6688 57
      vertex -40.6861 11.6775 57.3
      vertex -20.4187 23.57 57.3
    endloop
  endfacet
  facet normal -0.506543 0.861712 0.0294303
    outer loop
      vertex -20.4251 23.5765 57
      vertex -40.682 11.6688 57
      vertex -20.4187 23.57 57.3
    endloop
  endfacet
  facet normal -0.999782 -0.0161714 -0.0131723
    outer loop
      vertex -40.307 -11.7637 57.3
      vertex -40.6861 11.6775 57.3
      vertex -40.682 11.6688 57
    endloop
  endfacet
  facet normal -0.988189 -0.0177658 -0.152204
    outer loop
      vertex -40.307 -11.7637 57.3
      vertex -40.682 11.6688 57
      vertex -40.2608 -11.7646 57
    endloop
  endfacet
  facet normal -0.431937 -0.824857 -0.36475
    outer loop
      vertex -18.973 -23.0446 57.3
      vertex -40.2608 -11.7646 57
      vertex -18.8187 -22.9927 57
    endloop
  endfacet
  facet normal -0.466326 -0.881898 -0.0692453
    outer loop
      vertex -18.973 -23.0446 57.3
      vertex -40.307 -11.7637 57.3
      vertex -40.2608 -11.7646 57
    endloop
  endfacet
  facet normal 0.497141 -0.861075 0.106775
    outer loop
      vertex -0.44406 -12.3469 57.3001
      vertex -18.8187 -22.9927 57
      vertex -0.493401 -12.4126 57.0001
    endloop
  endfacet
  facet normal 0.497141 -0.861075 0.10677
    outer loop
      vertex -0.44406 -12.3469 57.3001
      vertex -18.973 -23.0446 57.3
      vertex -18.8187 -22.9927 57
    endloop
  endfacet
  facet normal 0.999379 -0.0148331 -0.0319525
    outer loop
      vertex -0.0861578 11.767 57.3
      vertex -0.44406 -12.3469 57.3001
      vertex -0.0957308 11.7683 57
    endloop
  endfacet
  facet normal 0.987176 -0.0162354 -0.158808
    outer loop
      vertex -0.44406 -12.3469 57.3001
      vertex -0.493401 -12.4126 57.0001
      vertex -0.0957308 11.7683 57
    endloop
  endfacet
  facet normal 0.502022 0.864817 0.00812544
    outer loop
      vertex -0.0861578 11.767 57.3
      vertex -20.4187 23.57 57.3
      vertex -20.4123 23.5635 57.6
    endloop
  endfacet
  facet normal 0.501773 0.86491 -0.0123768
    outer loop
      vertex -0.0861578 11.767 57.3
      vertex -20.4123 23.5635 57.6
      vertex -0.0765848 11.7658 57.6
    endloop
  endfacet
  facet normal -0.505155 0.86244 -0.0318813
    outer loop
      vertex -40.6861 11.6775 57.3
      vertex -40.6902 11.6861 57.6
      vertex -20.4123 23.5635 57.6
    endloop
  endfacet
  facet normal -0.505868 0.862109 0.0294182
    outer loop
      vertex -20.4187 23.57 57.3
      vertex -40.6861 11.6775 57.3
      vertex -20.4123 23.5635 57.6
    endloop
  endfacet
  facet normal -0.999809 -0.0143701 -0.0132121
    outer loop
      vertex -40.3532 -11.7628 57.6
      vertex -40.6902 11.6861 57.6
      vertex -40.6861 11.6775 57.3
    endloop
  endfacet
  facet normal -0.98822 -0.0159844 -0.152201
    outer loop
      vertex -40.3532 -11.7628 57.6
      vertex -40.6861 11.6775 57.3
      vertex -40.307 -11.7637 57.3
    endloop
  endfacet
  facet normal -0.435023 -0.822698 -0.365955
    outer loop
      vertex -19.1273 -23.0964 57.6
      vertex -40.307 -11.7637 57.3
      vertex -18.973 -23.0446 57.3
    endloop
  endfacet
  facet normal -0.469865 -0.879975 -0.0697875
    outer loop
      vertex -19.1273 -23.0964 57.6
      vertex -40.3532 -11.7628 57.6
      vertex -40.307 -11.7637 57.3
    endloop
  endfacet
  facet normal 0.497141 -0.861075 0.106774
    outer loop
      vertex -0.39472 -12.2812 57.6001
      vertex -18.973 -23.0446 57.3
      vertex -0.44406 -12.3469 57.3001
    endloop
  endfacet
  facet normal 0.497141 -0.861075 0.106773
    outer loop
      vertex -0.39472 -12.2812 57.6001
      vertex -19.1273 -23.0964 57.6
      vertex -18.973 -23.0446 57.3
    endloop
  endfacet
  facet normal 0.999402 -0.0132219 -0.0319465
    outer loop
      vertex -0.0765848 11.7658 57.6
      vertex -0.39472 -12.2812 57.6001
      vertex -0.0861578 11.767 57.3
    endloop
  endfacet
  facet normal 0.987145 -0.014652 -0.159152
    outer loop
      vertex -0.39472 -12.2812 57.6001
      vertex -0.44406 -12.3469 57.3001
      vertex -0.0861578 11.767 57.3
    endloop
  endfacet
  facet normal 0.501795 0.864948 0.00812661
    outer loop
      vertex -0.0765848 11.7658 57.6
      vertex -20.4123 23.5635 57.6
      vertex -20.406 23.557 57.9
    endloop
  endfacet
  facet normal 0.501547 0.865042 -0.0123716
    outer loop
      vertex -0.0765848 11.7658 57.6
      vertex -20.406 23.557 57.9
      vertex -0.0670118 11.7645 57.9
    endloop
  endfacet
  facet normal -0.504479 0.862835 -0.0318896
    outer loop
      vertex -40.6902 11.6861 57.6
      vertex -40.6943 11.6948 57.9
      vertex -20.406 23.557 57.9
    endloop
  endfacet
  facet normal -0.505193 0.862505 0.0294185
    outer loop
      vertex -20.4123 23.5635 57.6
      vertex -40.6902 11.6861 57.6
      vertex -20.406 23.557 57.9
    endloop
  endfacet
  facet normal -0.999833 -0.0125701 -0.0132772
    outer loop
      vertex -40.3994 -11.7619 57.9
      vertex -40.6943 11.6948 57.9
      vertex -40.6902 11.6861 57.6
    endloop
  endfacet
  facet normal -0.988246 -0.0142039 -0.152209
    outer loop
      vertex -40.3994 -11.7619 57.9
      vertex -40.6902 11.6861 57.6
      vertex -40.3532 -11.7628 57.6
    endloop
  endfacet
  facet normal -0.438116 -0.820515 -0.367164
    outer loop
      vertex -19.2816 -23.1483 57.9
      vertex -40.3532 -11.7628 57.6
      vertex -19.1273 -23.0964 57.6
    endloop
  endfacet
  facet normal -0.473417 -0.878026 -0.0703395
    outer loop
      vertex -19.2816 -23.1483 57.9
      vertex -40.3994 -11.7619 57.9
      vertex -40.3532 -11.7628 57.6
    endloop
  endfacet
  facet normal 0.497141 -0.861075 0.106777
    outer loop
      vertex -0.345381 -12.2155 57.9001
      vertex -19.1273 -23.0964 57.6
      vertex -0.39472 -12.2812 57.6001
    endloop
  endfacet
  facet normal 0.497141 -0.861075 0.106771
    outer loop
      vertex -0.345381 -12.2155 57.9001
      vertex -19.2816 -23.1483 57.9
      vertex -19.1273 -23.0964 57.6
    endloop
  endfacet
  facet normal 0.999422 -0.0116018 -0.0319399
    outer loop
      vertex -0.0670118 11.7645 57.9
      vertex -0.345381 -12.2155 57.9001
      vertex -0.0765848 11.7658 57.6
    endloop
  endfacet
  facet normal 0.987113 -0.0130598 -0.15949
    outer loop
      vertex -0.345381 -12.2155 57.9001
      vertex -0.39472 -12.2812 57.6001
      vertex -0.0765848 11.7658 57.6
    endloop
  endfacet
  facet normal 0.501569 0.865079 0.00813754
    outer loop
      vertex -0.0670118 11.7645 57.9
      vertex -20.406 23.557 57.9
      vertex -20.3996 23.5505 58.2
    endloop
  endfacet
  facet normal 0.501321 0.865173 -0.0123628
    outer loop
      vertex -0.0670118 11.7645 57.9
      vertex -20.3996 23.5505 58.2
      vertex -0.0574379 11.7633 58.2
    endloop
  endfacet
  facet normal -0.503804 0.863229 -0.0318858
    outer loop
      vertex -40.6943 11.6948 57.9
      vertex -40.6984 11.7035 58.2
      vertex -20.3996 23.5505 58.2
    endloop
  endfacet
  facet normal -0.504518 0.8629 0.02941
    outer loop
      vertex -20.406 23.557 57.9
      vertex -40.6943 11.6948 57.9
      vertex -20.3996 23.5505 58.2
    endloop
  endfacet
  facet normal -0.999853 -0.010771 -0.0133171
    outer loop
      vertex -40.4456 -11.761 58.2
      vertex -40.6984 11.7035 58.2
      vertex -40.6943 11.6948 57.9
    endloop
  endfacet
  facet normal -0.988269 -0.0124247 -0.152219
    outer loop
      vertex -40.4456 -11.761 58.2
      vertex -40.6943 11.6948 57.9
      vertex -40.3994 -11.7619 57.9
    endloop
  endfacet
  facet normal -0.441216 -0.818304 -0.368385
    outer loop
      vertex -19.4358 -23.2002 58.2
      vertex -40.3994 -11.7619 57.9
      vertex -19.2816 -23.1483 57.9
    endloop
  endfacet
  facet normal -0.476981 -0.87605 -0.070898
    outer loop
      vertex -19.4358 -23.2002 58.2
      vertex -40.4456 -11.761 58.2
      vertex -40.3994 -11.7619 57.9
    endloop
  endfacet
  facet normal 0.497141 -0.861075 0.106777
    outer loop
      vertex -0.296041 -12.1498 58.2001
      vertex -19.2816 -23.1483 57.9
      vertex -0.345381 -12.2155 57.9001
    endloop
  endfacet
  facet normal 0.497142 -0.861075 0.106767
    outer loop
      vertex -0.296041 -12.1498 58.2001
      vertex -19.4358 -23.2002 58.2
      vertex -19.2816 -23.1483 57.9
    endloop
  endfacet
  facet normal 0.99944 -0.0099724 -0.0319372
    outer loop
      vertex -0.0574379 11.7633 58.2
      vertex -0.296041 -12.1498 58.2001
      vertex -0.0670118 11.7645 57.9
    endloop
  endfacet
  facet normal 0.987076 -0.0114588 -0.15984
    outer loop
      vertex -0.296041 -12.1498 58.2001
      vertex -0.345381 -12.2155 57.9001
      vertex -0.0670118 11.7645 57.9
    endloop
  endfacet
  facet normal 0.501343 0.865211 0.00814519
    outer loop
      vertex -0.0574379 11.7633 58.2
      vertex -20.3996 23.5505 58.2
      vertex -20.3933 23.5439 58.5
    endloop
  endfacet
  facet normal 0.501094 0.865304 -0.0123535
    outer loop
      vertex -0.0574379 11.7633 58.2
      vertex -20.3933 23.5439 58.5
      vertex -0.0478649 11.762 58.5
    endloop
  endfacet
  facet normal -0.503128 0.863623 -0.031888
    outer loop
      vertex -40.6984 11.7035 58.2
      vertex -40.7025 11.7122 58.5
      vertex -20.3933 23.5439 58.5
    endloop
  endfacet
  facet normal -0.503842 0.863295 0.0294042
    outer loop
      vertex -20.3996 23.5505 58.2
      vertex -40.6984 11.7035 58.2
      vertex -20.3933 23.5439 58.5
    endloop
  endfacet
  facet normal -0.99987 -0.00897279 -0.0133694
    outer loop
      vertex -40.4919 -11.7601 58.5
      vertex -40.7025 11.7122 58.5
      vertex -40.6984 11.7035 58.2
    endloop
  endfacet
  facet normal -0.988286 -0.0106464 -0.15224
    outer loop
      vertex -40.4919 -11.7601 58.5
      vertex -40.6984 11.7035 58.2
      vertex -40.4456 -11.761 58.2
    endloop
  endfacet
  facet normal -0.444325 -0.816072 -0.369596
    outer loop
      vertex -19.5901 -23.2521 58.5
      vertex -40.4456 -11.761 58.2
      vertex -19.4358 -23.2002 58.2
    endloop
  endfacet
  facet normal -0.480557 -0.874047 -0.0714582
    outer loop
      vertex -19.5901 -23.2521 58.5
      vertex -40.4919 -11.7601 58.5
      vertex -40.4456 -11.761 58.2
    endloop
  endfacet
  facet normal 0.497141 -0.861075 0.106775
    outer loop
      vertex -0.2467 -12.0841 58.5
      vertex -19.4358 -23.2002 58.2
      vertex -0.296041 -12.1498 58.2001
    endloop
  endfacet
  facet normal 0.497141 -0.861075 0.106776
    outer loop
      vertex -0.2467 -12.0841 58.5
      vertex -19.5901 -23.2521 58.5
      vertex -19.4358 -23.2002 58.2
    endloop
  endfacet
  facet normal 0.999455 -0.00833379 -0.0319277
    outer loop
      vertex -0.0478649 11.762 58.5
      vertex -0.2467 -12.0841 58.5
      vertex -0.0574379 11.7633 58.2
    endloop
  endfacet
  facet normal 0.987038 -0.00984896 -0.160184
    outer loop
      vertex -0.2467 -12.0841 58.5
      vertex -0.296041 -12.1498 58.2001
      vertex -0.0574379 11.7633 58.2
    endloop
  endfacet
  facet normal 0.501116 0.865342 0.00815283
    outer loop
      vertex -0.0478649 11.762 58.5
      vertex -20.3933 23.5439 58.5
      vertex -20.3869 23.5374 58.8
    endloop
  endfacet
  facet normal 0.500868 0.865436 -0.0123484
    outer loop
      vertex -0.0478649 11.762 58.5
      vertex -20.3869 23.5374 58.8
      vertex -0.0382919 11.7607 58.8
    endloop
  endfacet
  facet normal -0.502452 0.864017 -0.0318966
    outer loop
      vertex -40.7025 11.7122 58.5
      vertex -40.7066 11.7209 58.8
      vertex -20.3869 23.5374 58.8
    endloop
  endfacet
  facet normal -0.503167 0.863689 0.0293984
    outer loop
      vertex -20.3933 23.5439 58.5
      vertex -40.7025 11.7122 58.5
      vertex -20.3869 23.5374 58.8
    endloop
  endfacet
  facet normal -0.999884 -0.00717604 -0.0134344
    outer loop
      vertex -40.5381 -11.7593 58.8
      vertex -40.7066 11.7209 58.8
      vertex -40.7025 11.7122 58.5
    endloop
  endfacet
  facet normal -0.988304 -0.008869 -0.152235
    outer loop
      vertex -40.5381 -11.7593 58.8
      vertex -40.7025 11.7122 58.5
      vertex -40.4919 -11.7601 58.5
    endloop
  endfacet
  facet normal -0.447442 -0.813817 -0.370806
    outer loop
      vertex -19.7444 -23.3039 58.8
      vertex -40.4919 -11.7601 58.5
      vertex -19.5901 -23.2521 58.5
    endloop
  endfacet
  facet normal -0.484145 -0.872019 -0.0720138
    outer loop
      vertex -19.7444 -23.3039 58.8
      vertex -40.5381 -11.7593 58.8
      vertex -40.4919 -11.7601 58.5
    endloop
  endfacet
  facet normal 0.497142 -0.861075 0.106772
    outer loop
      vertex -0.19736 -12.0184 58.8
      vertex -19.5901 -23.2521 58.5
      vertex -0.2467 -12.0841 58.5
    endloop
  endfacet
  facet normal 0.497142 -0.861075 0.106773
    outer loop
      vertex -0.19736 -12.0184 58.8
      vertex -19.7444 -23.3039 58.8
      vertex -19.5901 -23.2521 58.5
    endloop
  endfacet
  facet normal 0.999468 -0.00668588 -0.0319211
    outer loop
      vertex -0.0382919 11.7607 58.8
      vertex -0.19736 -12.0184 58.8
      vertex -0.0478649 11.762 58.5
    endloop
  endfacet
  facet normal 0.986996 -0.00823017 -0.160531
    outer loop
      vertex -0.19736 -12.0184 58.8
      vertex -0.2467 -12.0841 58.5
      vertex -0.0478649 11.762 58.5
    endloop
  endfacet
  facet normal 0.50089 0.865473 0.00816047
    outer loop
      vertex -0.0382919 11.7607 58.8
      vertex -20.3869 23.5374 58.8
      vertex -20.3806 23.5309 59.1
    endloop
  endfacet
  facet normal 0.500642 0.865567 -0.0123379
    outer loop
      vertex -0.0382919 11.7607 58.8
      vertex -20.3806 23.5309 59.1
      vertex -0.0287189 11.7595 59.1
    endloop
  endfacet
  facet normal -0.501776 0.86441 -0.0318923
    outer loop
      vertex -40.7066 11.7209 58.8
      vertex -40.7107 11.7296 59.1
      vertex -20.3806 23.5309 59.1
    endloop
  endfacet
  facet normal -0.502491 0.864083 0.0293926
    outer loop
      vertex -20.3869 23.5374 58.8
      vertex -40.7066 11.7209 58.8
      vertex -20.3806 23.5309 59.1
    endloop
  endfacet
  facet normal -0.999895 -0.00538026 -0.0134739
    outer loop
      vertex -40.5843 -11.7584 59.1
      vertex -40.7107 11.7296 59.1
      vertex -40.7066 11.7209 58.8
    endloop
  endfacet
  facet normal -0.988318 -0.00709303 -0.152243
    outer loop
      vertex -40.5843 -11.7584 59.1
      vertex -40.7066 11.7209 58.8
      vertex -40.5381 -11.7593 58.8
    endloop
  endfacet
  facet normal -0.450565 -0.811535 -0.372026
    outer loop
      vertex -19.8987 -23.3558 59.1
      vertex -40.5381 -11.7593 58.8
      vertex -19.7444 -23.3039 58.8
    endloop
  endfacet
  facet normal -0.487746 -0.869964 -0.0725718
    outer loop
      vertex -19.8987 -23.3558 59.1
      vertex -40.5843 -11.7584 59.1
      vertex -40.5381 -11.7593 58.8
    endloop
  endfacet
  facet normal 0.497141 -0.861074 0.106777
    outer loop
      vertex -0.14802 -11.9528 59.1
      vertex -19.7444 -23.3039 58.8
      vertex -0.19736 -12.0184 58.8
    endloop
  endfacet
  facet normal 0.497142 -0.861075 0.106771
    outer loop
      vertex -0.14802 -11.9528 59.1
      vertex -19.8987 -23.3558 59.1
      vertex -19.7444 -23.3039 58.8
    endloop
  endfacet
  facet normal 0.999478 -0.00502861 -0.0319145
    outer loop
      vertex -0.0287189 11.7595 59.1
      vertex -0.14802 -11.9528 59.1
      vertex -0.0382919 11.7607 58.8
    endloop
  endfacet
  facet normal 0.986952 -0.00660238 -0.160882
    outer loop
      vertex -0.14802 -11.9528 59.1
      vertex -0.19736 -12.0184 58.8
      vertex -0.0382919 11.7607 58.8
    endloop
  endfacet
  facet normal 0.500663 0.865604 0.00816483
    outer loop
      vertex -0.0287189 11.7595 59.1
      vertex -20.3806 23.5309 59.1
      vertex -20.3742 23.5244 59.4
    endloop
  endfacet
  facet normal 0.500415 0.865698 -0.0123327
    outer loop
      vertex -0.0287189 11.7595 59.1
      vertex -20.3742 23.5244 59.4
      vertex -0.019146 11.7582 59.4
    endloop
  endfacet
  facet normal -0.501099 0.864802 -0.0319004
    outer loop
      vertex -40.7107 11.7296 59.1
      vertex -40.7148 11.7383 59.4
      vertex -20.3742 23.5244 59.4
    endloop
  endfacet
  facet normal -0.501814 0.864476 0.0293897
    outer loop
      vertex -20.3806 23.5309 59.1
      vertex -40.7107 11.7296 59.1
      vertex -20.3742 23.5244 59.4
    endloop
  endfacet
  facet normal -0.999902 -0.00358578 -0.0135385
    outer loop
      vertex -40.6305 -11.7575 59.4
      vertex -40.7148 11.7383 59.4
      vertex -40.7107 11.7296 59.1
    endloop
  endfacet
  facet normal -0.988328 -0.00531802 -0.152247
    outer loop
      vertex -40.6305 -11.7575 59.4
      vertex -40.7107 11.7296 59.1
      vertex -40.5843 -11.7584 59.1
    endloop
  endfacet
  facet normal -0.453698 -0.809234 -0.373226
    outer loop
      vertex -20.0529 -23.4077 59.4
      vertex -40.5843 -11.7584 59.1
      vertex -19.8987 -23.3558 59.1
    endloop
  endfacet
  facet normal -0.491359 -0.867881 -0.0731364
    outer loop
      vertex -20.0529 -23.4077 59.4
      vertex -40.6305 -11.7575 59.4
      vertex -40.5843 -11.7584 59.1
    endloop
  endfacet
  facet normal 0.497141 -0.861075 0.106775
    outer loop
      vertex -0.0986795 -11.8871 59.4
      vertex -19.8987 -23.3558 59.1
      vertex -0.14802 -11.9528 59.1
    endloop
  endfacet
  facet normal 0.497142 -0.861075 0.106772
    outer loop
      vertex -0.0986795 -11.8871 59.4
      vertex -20.0529 -23.4077 59.4
      vertex -19.8987 -23.3558 59.1
    endloop
  endfacet
  facet normal 0.999485 -0.0033619 -0.0319073
    outer loop
      vertex -0.019146 11.7582 59.4
      vertex -0.0986795 -11.8871 59.4
      vertex -0.0287189 11.7595 59.1
    endloop
  endfacet
  facet normal 0.986904 -0.00496551 -0.161231
    outer loop
      vertex -0.0986795 -11.8871 59.4
      vertex -0.14802 -11.9528 59.1
      vertex -0.0287189 11.7595 59.1
    endloop
  endfacet
  facet normal 0.500436 0.865735 0.00817894
    outer loop
      vertex -0.019146 11.7582 59.4
      vertex -20.3742 23.5244 59.4
      vertex -20.3678 23.5179 59.7
    endloop
  endfacet
  facet normal 0.500189 0.865829 -0.0123224
    outer loop
      vertex -0.019146 11.7582 59.4
      vertex -20.3678 23.5179 59.7
      vertex -0.00957298 11.757 59.7
    endloop
  endfacet
  facet normal -0.500423 0.865194 -0.0318966
    outer loop
      vertex -40.7148 11.7383 59.4
      vertex -40.7189 11.747 59.7
      vertex -20.3678 23.5179 59.7
    endloop
  endfacet
  facet normal -0.501138 0.864869 0.0293778
    outer loop
      vertex -20.3742 23.5244 59.4
      vertex -40.7148 11.7383 59.4
      vertex -20.3678 23.5179 59.7
    endloop
  endfacet
  facet normal -0.999906 -0.0017923 -0.013578
    outer loop
      vertex -40.6767 -11.7566 59.7
      vertex -40.7189 11.747 59.7
      vertex -40.7148 11.7383 59.4
    endloop
  endfacet
  facet normal -0.988335 -0.0035443 -0.152256
    outer loop
      vertex -40.6767 -11.7566 59.7
      vertex -40.7148 11.7383 59.4
      vertex -40.6305 -11.7575 59.4
    endloop
  endfacet
  facet normal -0.456836 -0.806904 -0.374442
    outer loop
      vertex -20.2072 -23.4595 59.7
      vertex -40.6305 -11.7575 59.4
      vertex -20.0529 -23.4077 59.4
    endloop
  endfacet
  facet normal -0.494983 -0.865771 -0.0736992
    outer loop
      vertex -20.2072 -23.4595 59.7
      vertex -40.6767 -11.7566 59.7
      vertex -40.6305 -11.7575 59.4
    endloop
  endfacet
  facet normal 0.497141 -0.861074 0.106777
    outer loop
      vertex -0.0493393 -11.8214 59.7
      vertex -20.0529 -23.4077 59.4
      vertex -0.0986795 -11.8871 59.4
    endloop
  endfacet
  facet normal 0.497142 -0.861075 0.106773
    outer loop
      vertex -0.0493393 -11.8214 59.7
      vertex -20.2072 -23.4595 59.7
      vertex -20.0529 -23.4077 59.4
    endloop
  endfacet
  facet normal 0.99949 -0.00168571 -0.0319008
    outer loop
      vertex -0.00957298 11.757 59.7
      vertex -0.0493393 -11.8214 59.7
      vertex -0.019146 11.7582 59.4
    endloop
  endfacet
  facet normal 0.986853 -0.00331952 -0.161585
    outer loop
      vertex -0.0493393 -11.8214 59.7
      vertex -0.0986795 -11.8871 59.4
      vertex -0.019146 11.7582 59.4
    endloop
  endfacet
  facet normal 0.50021 0.865866 0.00818022
    outer loop
      vertex -0.00957298 11.757 59.7
      vertex -20.3678 23.5179 59.7
      vertex -20.3615 23.5114 60
    endloop
  endfacet
  facet normal 0.499962 0.86596 -0.0123173
    outer loop
      vertex -0.00957298 11.757 59.7
      vertex -20.3615 23.5114 60
      vertex 0 11.7557 60
    endloop
  endfacet
  facet normal -0.499745 0.865585 -0.0319051
    outer loop
      vertex -40.7189 11.747 59.7
      vertex -40.723 11.7557 60
      vertex -20.3615 23.5114 60
    endloop
  endfacet
  facet normal -0.500461 0.86526 0.0293784
    outer loop
      vertex -20.3678 23.5179 59.7
      vertex -40.7189 11.747 59.7
      vertex -20.3615 23.5114 60
    endloop
  endfacet
  facet normal -0.999907 0 -0.0136427
    outer loop
      vertex -40.7189 11.747 59.7
      vertex -40.723 -11.7557 60
      vertex -40.723 11.7557 60
    endloop
  endfacet
  facet normal -0.988337 -0.00177156 -0.152274
    outer loop
      vertex -40.6767 -11.7566 59.7
      vertex -40.723 -11.7557 60
      vertex -40.7189 11.747 59.7
    endloop
  endfacet
  facet normal -0.459981 -0.804549 -0.375657
    outer loop
      vertex -20.3615 -23.5114 60
      vertex -40.6767 -11.7566 59.7
      vertex -20.2072 -23.4595 59.7
    endloop
  endfacet
  facet normal -0.498619 -0.863633 -0.0742747
    outer loop
      vertex -20.3615 -23.5114 60
      vertex -40.723 -11.7557 60
      vertex -40.6767 -11.7566 59.7
    endloop
  endfacet
  facet normal 0.497142 -0.861075 0.106774
    outer loop
      vertex 0 -11.7557 60
      vertex -20.2072 -23.4595 59.7
      vertex -0.0493393 -11.8214 59.7
    endloop
  endfacet
  facet normal 0.497142 -0.861075 0.106768
    outer loop
      vertex 0 -11.7557 60
      vertex -20.3615 -23.5114 60
      vertex -20.2072 -23.4595 59.7
    endloop
  endfacet
  facet normal 0.999491 0 -0.0318938
    outer loop
      vertex 0 -11.7557 60
      vertex -0.00957298 11.757 59.7
      vertex 0 11.7557 60
    endloop
  endfacet
  facet normal 0.9868 -0.00166435 -0.161934
    outer loop
      vertex 0 -11.7557 60
      vertex -0.0493393 -11.8214 59.7
      vertex -0.00957298 11.757 59.7
    endloop
  endfacet
  facet normal 0 0 1
    outer loop
      vertex -20.3615 23.5114 60
      vertex 0 -11.7557 60
      vertex 0 11.7557 60
    endloop
  endfacet
  facet normal 0 0 1
    outer loop
      vertex -20.3615 23.5114 60
      vertex -20.3615 -23.5114 60
      vertex 0 -11.7557 60
    endloop
  endfacet
  facet normal -0 0 1
    outer loop
      vertex -40.723 11.7557 60
      vertex -20.3615 -23.5114 60
      vertex -20.3615 23.5114 60
    endloop
  endfacet
  facet normal 0 0 1
    outer loop
      vertex -20.3615 -23.5114 60
      vertex -40.723 11.7557 60
      vertex -40.723 -11.7557 60
    endloop
  endfacet
  facet normal 0 0 -1
    outer loop
      vertex 41.3355 -21.2424 0
      vertex 30.7957 18.093 0
      vertex 47.4207 1.46789 0
    endloop
  endfacet
  facet normal 0 0 -1
    outer loop
      vertex 18.6253 -27.3276 0
      vertex 30.7957 18.093 0
      vertex 41.3355 -21.2424 0
    endloop
  endfacet
  facet normal 0 0 -1
    outer loop
      vertex 18.6253 -27.3276 0
      vertex 8.08538 12.0078 0
      vertex 30.7957 18.093 0
    endloop
  endfacet
  facet normal 0 -0 -1
    outer loop
      vertex 8.08538 12.0078 0
      vertex 18.6253 -27.3276 0
      vertex 2.00018 -10.7025 0
    endloop
  endfacet
  facet normal -0.965434 0.258687 0.0318942
    outer loop
      vertex 8.08538 12.0078 0
      vertex 2.00018 -10.7025 0
      vertex 8.09495 12.0065 0.299999
    endloop
  endfacet
  facet normal -0.953607 0.253795 0.161934
    outer loop
      vertex 8.09495 12.0065 0.299999
      vertex 2.00018 -10.7025 0
      vertex 2.03083 -10.7787 0.299999
    endloop
  endfacet
  facet normal -0.703065 -0.703065 -0.10677
    outer loop
      vertex 2.03083 -10.7787 0.299999
      vertex 2.00018 -10.7025 0
      vertex 18.4897 -27.2376 0.30001
    endloop
  endfacet
  facet normal -0.703065 -0.703065 -0.106771
    outer loop
      vertex 18.4897 -27.2376 0.30001
      vertex 2.00018 -10.7025 0
      vertex 18.6253 -27.3276 0
    endloop
  endfacet
  facet normal 0.258104 -0.963258 0.0742734
    outer loop
      vertex 41.2907 -21.2313 0.299999
      vertex 18.6253 -27.3276 0
      vertex 41.3355 -21.2424 0
    endloop
  endfacet
  facet normal 0.236076 -0.896192 0.375644
    outer loop
      vertex 41.2907 -21.2313 0.299999
      vertex 18.4897 -27.2376 0.30001
      vertex 18.6253 -27.3276 0
    endloop
  endfacet
  facet normal 0.965371 -0.260526 0.013586
    outer loop
      vertex 47.4145 1.46055 0.299999
      vertex 41.2907 -21.2313 0.299999
      vertex 47.4207 1.46789 0
    endloop
  endfacet
  facet normal 0.954663 -0.255801 0.152265
    outer loop
      vertex 47.4207 1.46789 0
      vertex 41.2907 -21.2313 0.299999
      vertex 41.3355 -21.2424 0
    endloop
  endfacet
  facet normal 0.706802 0.706802 -0.0293666
    outer loop
      vertex 47.4207 1.46789 0
      vertex 30.7957 18.093 0
      vertex 30.8035 18.0976 0.299999
    endloop
  endfacet
  facet normal 0.7073 0.706194 0.0319009
    outer loop
      vertex 47.4207 1.46789 0
      vertex 30.8035 18.0976 0.299999
      vertex 47.4145 1.46055 0.299999
    endloop
  endfacet
  facet normal -0.258799 0.965853 0.0123173
    outer loop
      vertex 30.7957 18.093 0
      vertex 8.08538 12.0078 0
      vertex 8.09495 12.0065 0.299999
    endloop
  endfacet
  facet normal -0.259063 0.965826 -0.00818367
    outer loop
      vertex 30.7957 18.093 0
      vertex 8.09495 12.0065 0.299999
      vertex 30.8035 18.0976 0.299999
    endloop
  endfacet
  facet normal -0.965869 0.257059 0.0319003
    outer loop
      vertex 8.09495 12.0065 0.299999
      vertex 2.03083 -10.7787 0.299999
      vertex 8.10452 12.0052 0.599999
    endloop
  endfacet
  facet normal -0.954087 0.25221 0.161577
    outer loop
      vertex 8.10452 12.0052 0.599999
      vertex 2.03083 -10.7787 0.299999
      vertex 2.06149 -10.8549 0.599999
    endloop
  endfacet
  facet normal -0.703065 -0.703065 -0.106772
    outer loop
      vertex 2.06149 -10.8549 0.599999
      vertex 2.03083 -10.7787 0.299999
      vertex 18.3541 -27.1475 0.600019
    endloop
  endfacet
  facet normal -0.703065 -0.703065 -0.106762
    outer loop
      vertex 18.3541 -27.1475 0.600019
      vertex 2.03083 -10.7787 0.299999
      vertex 18.4897 -27.2376 0.30001
    endloop
  endfacet
  facet normal 0.232428 -0.897649 0.374437
    outer loop
      vertex 41.2458 -21.2202 0.599999
      vertex 18.3541 -27.1475 0.600019
      vertex 18.4897 -27.2376 0.30001
    endloop
  endfacet
  facet normal 0.254039 -0.964382 0.0736978
    outer loop
      vertex 41.2458 -21.2202 0.599999
      vertex 18.4897 -27.2376 0.30001
      vertex 41.2907 -21.2313 0.299999
    endloop
  endfacet
  facet normal 0.964903 -0.262257 0.0135339
    outer loop
      vertex 47.4083 1.45321 0.599999
      vertex 41.2458 -21.2202 0.599999
      vertex 47.4145 1.46055 0.299999
    endloop
  endfacet
  facet normal 0.954202 -0.257512 0.152268
    outer loop
      vertex 47.4145 1.46055 0.299999
      vertex 41.2458 -21.2202 0.599999
      vertex 41.2907 -21.2313 0.299999
    endloop
  endfacet
  facet normal 0.707354 0.706248 -0.0293813
    outer loop
      vertex 47.4145 1.46055 0.299999
      vertex 30.8035 18.0976 0.299999
      vertex 30.8113 18.1023 0.599999
    endloop
  endfacet
  facet normal 0.707852 0.70564 0.0318987
    outer loop
      vertex 47.4145 1.46055 0.299999
      vertex 30.8113 18.1023 0.599999
      vertex 47.4083 1.45321 0.599999
    endloop
  endfacet
  facet normal -0.259052 0.965785 0.012322
    outer loop
      vertex 30.8035 18.0976 0.299999
      vertex 8.09495 12.0065 0.299999
      vertex 8.10452 12.0052 0.599999
    endloop
  endfacet
  facet normal -0.259316 0.965758 -0.0081805
    outer loop
      vertex 30.8035 18.0976 0.299999
      vertex 8.10452 12.0052 0.599999
      vertex 30.8113 18.1023 0.599999
    endloop
  endfacet
  facet normal -0.966299 0.255438 0.031908
    outer loop
      vertex 8.10452 12.0052 0.599999
      vertex 2.06149 -10.8549 0.599999
      vertex 8.1141 12.004 0.9
    endloop
  endfacet
  facet normal -0.954562 0.250634 0.161226
    outer loop
      vertex 8.1141 12.004 0.9
      vertex 2.06149 -10.8549 0.599999
      vertex 2.09215 -10.9312 0.9
    endloop
  endfacet
  facet normal -0.703065 -0.703065 -0.106771
    outer loop
      vertex 18.2185 -27.0575 0.900029
      vertex 2.06149 -10.8549 0.599999
      vertex 18.3541 -27.1475 0.600019
    endloop
  endfacet
  facet normal -0.703064 -0.703065 -0.106774
    outer loop
      vertex 2.09215 -10.9312 0.9
      vertex 2.06149 -10.8549 0.599999
      vertex 18.2185 -27.0575 0.900029
    endloop
  endfacet
  facet normal 0.228795 -0.89909 0.373216
    outer loop
      vertex 41.2009 -21.2091 0.9
      vertex 18.2185 -27.0575 0.900029
      vertex 18.3541 -27.1475 0.600019
    endloop
  endfacet
  facet normal 0.249992 -0.965481 0.0731421
    outer loop
      vertex 41.2009 -21.2091 0.9
      vertex 18.3541 -27.1475 0.600019
      vertex 41.2458 -21.2202 0.599999
    endloop
  endfacet
  facet normal 0.964432 -0.263989 0.0134695
    outer loop
      vertex 47.4021 1.44587 0.9
      vertex 41.2009 -21.2091 0.9
      vertex 47.4083 1.45321 0.599999
    endloop
  endfacet
  facet normal 0.953741 -0.259223 0.152254
    outer loop
      vertex 47.4083 1.45321 0.599999
      vertex 41.2009 -21.2091 0.9
      vertex 41.2458 -21.2202 0.599999
    endloop
  endfacet
  facet normal 0.707907 0.705695 -0.0293782
    outer loop
      vertex 47.4083 1.45321 0.599999
      vertex 30.8113 18.1023 0.599999
      vertex 30.8191 18.1069 0.9
    endloop
  endfacet
  facet normal 0.708404 0.705087 0.0318876
    outer loop
      vertex 47.4083 1.45321 0.599999
      vertex 30.8191 18.1069 0.9
      vertex 47.4021 1.44587 0.9
    endloop
  endfacet
  facet normal -0.259305 0.965717 0.0123328
    outer loop
      vertex 30.8113 18.1023 0.599999
      vertex 8.10452 12.0052 0.599999
      vertex 8.1141 12.004 0.9
    endloop
  endfacet
  facet normal -0.259569 0.96569 -0.00816058
    outer loop
      vertex 30.8113 18.1023 0.599999
      vertex 8.1141 12.004 0.9
      vertex 30.8191 18.1069 0.9
    endloop
  endfacet
  facet normal -0.966723 0.253827 0.031914
    outer loop
      vertex 8.1141 12.004 0.9
      vertex 2.09215 -10.9312 0.9
      vertex 8.12367 12.0027 1.2
    endloop
  endfacet
  facet normal -0.955032 0.249065 0.160877
    outer loop
      vertex 8.12367 12.0027 1.2
      vertex 2.09215 -10.9312 0.9
      vertex 2.12281 -11.0074 1.2
    endloop
  endfacet
  facet normal -0.703065 -0.703065 -0.106766
    outer loop
      vertex 18.0829 -26.9675 1.20004
      vertex 2.09215 -10.9312 0.9
      vertex 18.2185 -27.0575 0.900029
    endloop
  endfacet
  facet normal -0.703065 -0.703065 -0.10677
    outer loop
      vertex 2.12281 -11.0074 1.2
      vertex 2.09215 -10.9312 0.9
      vertex 18.0829 -26.9675 1.20004
    endloop
  endfacet
  facet normal 0.225173 -0.900501 0.372014
    outer loop
      vertex 41.156 -21.198 1.2
      vertex 18.0829 -26.9675 1.20004
      vertex 18.2185 -27.0575 0.900029
    endloop
  endfacet
  facet normal 0.245964 -0.966559 0.0725704
    outer loop
      vertex 41.156 -21.198 1.2
      vertex 18.2185 -27.0575 0.900029
      vertex 41.2009 -21.2091 0.9
    endloop
  endfacet
  facet normal 0.963957 -0.265721 0.0134296
    outer loop
      vertex 47.3959 1.43853 1.2
      vertex 41.156 -21.198 1.2
      vertex 47.4021 1.44587 0.9
    endloop
  endfacet
  facet normal 0.953274 -0.260935 0.152256
    outer loop
      vertex 47.4021 1.44587 0.9
      vertex 41.156 -21.198 1.2
      vertex 41.2009 -21.2091 0.9
    endloop
  endfacet
  facet normal 0.708458 0.705141 -0.0293885
    outer loop
      vertex 47.4021 1.44587 0.9
      vertex 30.8191 18.1069 0.9
      vertex 30.827 18.1115 1.2
    endloop
  endfacet
  facet normal 0.708955 0.704532 0.0318944
    outer loop
      vertex 47.4021 1.44587 0.9
      vertex 30.827 18.1115 1.2
      vertex 47.3959 1.43853 1.2
    endloop
  endfacet
  facet normal -0.259557 0.965649 0.0123376
    outer loop
      vertex 30.8191 18.1069 0.9
      vertex 8.1141 12.004 0.9
      vertex 8.12367 12.0027 1.2
    endloop
  endfacet
  facet normal -0.259821 0.965622 -0.00816686
    outer loop
      vertex 30.8191 18.1069 0.9
      vertex 8.12367 12.0027 1.2
      vertex 30.827 18.1115 1.2
    endloop
  endfacet
  facet normal -0.967142 0.252223 0.0319214
    outer loop
      vertex 8.12367 12.0027 1.2
      vertex 2.12281 -11.0074 1.2
      vertex 8.13324 12.0015 1.5
    endloop
  endfacet
  facet normal -0.955496 0.247504 0.160525
    outer loop
      vertex 8.13324 12.0015 1.5
      vertex 2.12281 -11.0074 1.2
      vertex 2.15347 -11.0836 1.5
    endloop
  endfacet
  facet normal -0.703064 -0.703065 -0.106775
    outer loop
      vertex 17.9473 -26.8774 1.50005
      vertex 2.12281 -11.0074 1.2
      vertex 18.0829 -26.9675 1.20004
    endloop
  endfacet
  facet normal -0.703065 -0.703065 -0.106772
    outer loop
      vertex 2.15347 -11.0836 1.5
      vertex 2.12281 -11.0074 1.2
      vertex 17.9473 -26.8774 1.50005
    endloop
  endfacet
  facet normal 0.221566 -0.901899 0.370793
    outer loop
      vertex 41.1112 -21.1869 1.5
      vertex 17.9473 -26.8774 1.50005
      vertex 18.0829 -26.9675 1.20004
    endloop
  endfacet
  facet normal 0.241954 -0.967612 0.0720126
    outer loop
      vertex 41.1112 -21.1869 1.5
      vertex 18.0829 -26.9675 1.20004
      vertex 41.156 -21.198 1.2
    endloop
  endfacet
  facet normal 0.963478 -0.267453 0.0133773
    outer loop
      vertex 47.3897 1.4312 1.5
      vertex 41.1112 -21.1869 1.5
      vertex 47.3959 1.43853 1.2
    endloop
  endfacet
  facet normal 0.952806 -0.262647 0.152239
    outer loop
      vertex 47.3959 1.43853 1.2
      vertex 41.1112 -21.1869 1.5
      vertex 41.156 -21.198 1.2
    endloop
  endfacet
  facet normal 0.70901 0.704586 -0.0293943
    outer loop
      vertex 47.3959 1.43853 1.2
      vertex 30.827 18.1115 1.2
      vertex 30.8348 18.1162 1.5
    endloop
  endfacet
  facet normal 0.709507 0.703977 0.0318922
    outer loop
      vertex 47.3959 1.43853 1.2
      vertex 30.8348 18.1162 1.5
      vertex 47.3897 1.4312 1.5
    endloop
  endfacet
  facet normal -0.25981 0.965581 0.0123484
    outer loop
      vertex 30.827 18.1115 1.2
      vertex 8.12367 12.0027 1.2
      vertex 8.13324 12.0015 1.5
    endloop
  endfacet
  facet normal -0.260074 0.965554 -0.00815143
    outer loop
      vertex 30.827 18.1115 1.2
      vertex 8.13324 12.0015 1.5
      vertex 30.8348 18.1162 1.5
    endloop
  endfacet
  facet normal -0.967557 0.250628 0.0319303
    outer loop
      vertex 8.13324 12.0015 1.5
      vertex 2.15347 -11.0836 1.5
      vertex 8.14282 12.0002 1.8
    endloop
  endfacet
  facet normal -0.955955 0.245951 0.160182
    outer loop
      vertex 8.14282 12.0002 1.8
      vertex 2.15347 -11.0836 1.5
      vertex 2.18412 -11.1598 1.8
    endloop
  endfacet
  facet normal -0.703065 -0.703065 -0.106766
    outer loop
      vertex 17.8117 -26.7874 1.80006
      vertex 2.15347 -11.0836 1.5
      vertex 17.9473 -26.8774 1.50005
    endloop
  endfacet
  facet normal -0.703064 -0.703065 -0.106772
    outer loop
      vertex 2.18412 -11.1598 1.8
      vertex 2.15347 -11.0836 1.5
      vertex 17.8117 -26.7874 1.80006
    endloop
  endfacet
  facet normal 0.217971 -0.903267 0.36959
    outer loop
      vertex 41.0663 -21.1757 1.8
      vertex 17.8117 -26.7874 1.80006
      vertex 17.9473 -26.8774 1.50005
    endloop
  endfacet
  facet normal 0.237962 -0.968642 0.071457
    outer loop
      vertex 41.0663 -21.1757 1.8
      vertex 17.9473 -26.8774 1.50005
      vertex 41.1112 -21.1869 1.5
    endloop
  endfacet
  facet normal 0.962996 -0.269185 0.013325
    outer loop
      vertex 47.3835 1.42386 1.8
      vertex 41.0663 -21.1757 1.8
      vertex 47.3897 1.4312 1.5
    endloop
  endfacet
  facet normal 0.952332 -0.264359 0.152244
    outer loop
      vertex 47.3897 1.4312 1.5
      vertex 41.0663 -21.1757 1.8
      vertex 41.1112 -21.1869 1.5
    endloop
  endfacet
  facet normal 0.709561 0.704031 -0.0294002
    outer loop
      vertex 47.3897 1.4312 1.5
      vertex 30.8348 18.1162 1.5
      vertex 30.8426 18.1208 1.8
    endloop
  endfacet
  facet normal 0.710057 0.703421 0.0318901
    outer loop
      vertex 47.3897 1.4312 1.5
      vertex 30.8426 18.1208 1.8
      vertex 47.3835 1.42386 1.8
    endloop
  endfacet
  facet normal -0.260063 0.965513 0.012354
    outer loop
      vertex 30.8348 18.1162 1.5
      vertex 8.13324 12.0015 1.5
      vertex 8.14282 12.0002 1.8
    endloop
  endfacet
  facet normal -0.260327 0.965486 -0.00814381
    outer loop
      vertex 30.8348 18.1162 1.5
      vertex 8.14282 12.0002 1.8
      vertex 30.8426 18.1208 1.8
    endloop
  endfacet
  facet normal -0.967966 0.249042 0.0319343
    outer loop
      vertex 8.14282 12.0002 1.8
      vertex 2.18412 -11.1598 1.8
      vertex 8.15239 11.9989 2.1
    endloop
  endfacet
  facet normal -0.95641 0.244407 0.159832
    outer loop
      vertex 8.15239 11.9989 2.1
      vertex 2.18412 -11.1598 1.8
      vertex 2.21478 -11.236 2.1
    endloop
  endfacet
  facet normal -0.703065 -0.703065 -0.106766
    outer loop
      vertex 17.6761 -26.6974 2.10007
      vertex 2.18412 -11.1598 1.8
      vertex 17.8117 -26.7874 1.80006
    endloop
  endfacet
  facet normal -0.703064 -0.703065 -0.106772
    outer loop
      vertex 2.21478 -11.236 2.1
      vertex 2.18412 -11.1598 1.8
      vertex 17.6761 -26.6974 2.10007
    endloop
  endfacet
  facet normal 0.214392 -0.904621 0.36837
    outer loop
      vertex 41.0214 -21.1646 2.1
      vertex 17.6761 -26.6974 2.10007
      vertex 17.8117 -26.7874 1.80006
    endloop
  endfacet
  facet normal 0.23399 -0.969651 0.0708969
    outer loop
      vertex 41.0214 -21.1646 2.1
      vertex 17.8117 -26.7874 1.80006
      vertex 41.0663 -21.1757 1.8
    endloop
  endfacet
  facet normal 0.962511 -0.270918 0.0132603
    outer loop
      vertex 47.3773 1.41652 2.1
      vertex 41.0214 -21.1646 2.1
      vertex 47.3835 1.42386 1.8
    endloop
  endfacet
  facet normal 0.951858 -0.266072 0.152224
    outer loop
      vertex 47.3835 1.42386 1.8
      vertex 41.0214 -21.1646 2.1
      vertex 41.0663 -21.1757 1.8
    endloop
  endfacet
  facet normal 0.710112 0.703475 -0.0294013
    outer loop
      vertex 47.3835 1.42386 1.8
      vertex 30.8426 18.1208 1.8
      vertex 30.8504 18.1255 2.1
    endloop
  endfacet
  facet normal 0.710608 0.702866 0.0318788
    outer loop
      vertex 47.3835 1.42386 1.8
      vertex 30.8504 18.1255 2.1
      vertex 47.3773 1.41652 2.1
    endloop
  endfacet
  facet normal -0.260315 0.965444 0.0123639
    outer loop
      vertex 30.8426 18.1208 1.8
      vertex 8.14282 12.0002 1.8
      vertex 8.15239 11.9989 2.1
    endloop
  endfacet
  facet normal -0.260579 0.965418 -0.0081378
    outer loop
      vertex 30.8426 18.1208 1.8
      vertex 8.15239 11.9989 2.1
      vertex 30.8504 18.1255 2.1
    endloop
  endfacet
  facet normal -0.968371 0.247463 0.0319398
    outer loop
      vertex 8.15239 11.9989 2.1
      vertex 2.21478 -11.236 2.1
      vertex 8.16196 11.9977 2.4
    endloop
  endfacet
  facet normal -0.956859 0.24287 0.159487
    outer loop
      vertex 8.16196 11.9977 2.4
      vertex 2.21478 -11.236 2.1
      vertex 2.24544 -11.3123 2.4
    endloop
  endfacet
  facet normal -0.703065 -0.703065 -0.106766
    outer loop
      vertex 17.5405 -26.6073 2.40008
      vertex 2.21478 -11.236 2.1
      vertex 17.6761 -26.6974 2.10007
    endloop
  endfacet
  facet normal -0.703064 -0.703065 -0.106772
    outer loop
      vertex 2.24544 -11.3123 2.4
      vertex 2.21478 -11.236 2.1
      vertex 17.5405 -26.6073 2.40008
    endloop
  endfacet
  facet normal 0.210825 -0.905951 0.367159
    outer loop
      vertex 40.9765 -21.1535 2.4
      vertex 17.5405 -26.6073 2.40008
      vertex 17.6761 -26.6974 2.10007
    endloop
  endfacet
  facet normal 0.230036 -0.970636 0.0703449
    outer loop
      vertex 40.9765 -21.1535 2.4
      vertex 17.6761 -26.6974 2.10007
      vertex 41.0214 -21.1646 2.1
    endloop
  endfacet
  facet normal 0.962022 -0.27265 0.0132201
    outer loop
      vertex 47.3711 1.40918 2.4
      vertex 40.9765 -21.1535 2.4
      vertex 47.3773 1.41652 2.1
    endloop
  endfacet
  facet normal 0.951377 -0.267784 0.152227
    outer loop
      vertex 47.3773 1.41652 2.1
      vertex 40.9765 -21.1535 2.4
      vertex 41.0214 -21.1646 2.1
    endloop
  endfacet
  facet normal 0.710662 0.702919 -0.0294071
    outer loop
      vertex 47.3773 1.41652 2.1
      vertex 30.8504 18.1255 2.1
      vertex 30.8583 18.1301 2.4
    endloop
  endfacet
  facet normal 0.711158 0.702309 0.0318856
    outer loop
      vertex 47.3773 1.41652 2.1
      vertex 30.8583 18.1301 2.4
      vertex 47.3711 1.40918 2.4
    endloop
  endfacet
  facet normal -0.260568 0.965376 0.0123687
    outer loop
      vertex 30.8504 18.1255 2.1
      vertex 8.15239 11.9989 2.1
      vertex 8.16196 11.9977 2.4
    endloop
  endfacet
  facet normal -0.260832 0.96535 -0.00813015
    outer loop
      vertex 30.8504 18.1255 2.1
      vertex 8.16196 11.9977 2.4
      vertex 30.8583 18.1301 2.4
    endloop
  endfacet
  facet normal -0.96877 0.245893 0.0319468
    outer loop
      vertex 8.16196 11.9977 2.4
      vertex 2.24544 -11.3123 2.4
      vertex 8.17153 11.9964 2.7
    endloop
  endfacet
  facet normal -0.957302 0.24134 0.159147
    outer loop
      vertex 8.17153 11.9964 2.7
      vertex 2.24544 -11.3123 2.4
      vertex 2.2761 -11.3885 2.7
    endloop
  endfacet
  facet normal -0.703064 -0.703065 -0.10677
    outer loop
      vertex 17.4049 -26.5173 2.70009
      vertex 2.24544 -11.3123 2.4
      vertex 17.5405 -26.6073 2.40008
    endloop
  endfacet
  facet normal -0.703065 -0.703065 -0.10677
    outer loop
      vertex 2.2761 -11.3885 2.7
      vertex 2.24544 -11.3123 2.4
      vertex 17.4049 -26.5173 2.70009
    endloop
  endfacet
  facet normal 0.207272 -0.90726 0.365947
    outer loop
      vertex 40.9317 -21.1424 2.7
      vertex 17.4049 -26.5173 2.70009
      vertex 17.5405 -26.6073 2.40008
    endloop
  endfacet
  facet normal 0.226101 -0.971601 0.069783
    outer loop
      vertex 40.9317 -21.1424 2.7
      vertex 17.5405 -26.6073 2.40008
      vertex 40.9765 -21.1535 2.4
    endloop
  endfacet
  facet normal 0.96153 -0.274383 0.0131675
    outer loop
      vertex 47.3649 1.40184 2.7
      vertex 40.9317 -21.1424 2.7
      vertex 47.3711 1.40918 2.4
    endloop
  endfacet
  facet normal 0.950897 -0.269497 0.152205
    outer loop
      vertex 47.3711 1.40918 2.4
      vertex 40.9317 -21.1424 2.7
      vertex 40.9765 -21.1535 2.4
    endloop
  endfacet
  facet normal 0.711212 0.702362 -0.0294218
    outer loop
      vertex 47.3711 1.40918 2.4
      vertex 30.8583 18.1301 2.4
      vertex 30.8661 18.1347 2.7
    endloop
  endfacet
  facet normal 0.711708 0.701752 0.0318833
    outer loop
      vertex 47.3711 1.40918 2.4
      vertex 30.8661 18.1347 2.7
      vertex 47.3649 1.40184 2.7
    endloop
  endfacet
  facet normal -0.260821 0.965308 0.0123795
    outer loop
      vertex 30.8583 18.1301 2.4
      vertex 8.16196 11.9977 2.4
      vertex 8.17153 11.9964 2.7
    endloop
  endfacet
  facet normal -0.261085 0.965282 -0.00811919
    outer loop
      vertex 30.8583 18.1301 2.4
      vertex 8.17153 11.9964 2.7
      vertex 30.8661 18.1347 2.7
    endloop
  endfacet
  facet normal -0.969165 0.244331 0.031952
    outer loop
      vertex 8.17153 11.9964 2.7
      vertex 2.2761 -11.3885 2.7
      vertex 8.18111 11.9952 3
    endloop
  endfacet
  facet normal -0.957741 0.239819 0.158803
    outer loop
      vertex 8.18111 11.9952 3
      vertex 2.2761 -11.3885 2.7
      vertex 2.30676 -11.4647 3
    endloop
  endfacet
  facet normal -0.703064 -0.703065 -0.10677
    outer loop
      vertex 17.2693 -26.4273 3.0001
      vertex 2.2761 -11.3885 2.7
      vertex 17.4049 -26.5173 2.70009
    endloop
  endfacet
  facet normal -0.703064 -0.703065 -0.106774
    outer loop
      vertex 2.30676 -11.4647 3
      vertex 2.2761 -11.3885 2.7
      vertex 17.2693 -26.4273 3.0001
    endloop
  endfacet
  facet normal 0.203733 -0.908549 0.364734
    outer loop
      vertex 40.8868 -21.1313 3
      vertex 17.2693 -26.4273 3.0001
      vertex 17.4049 -26.5173 2.70009
    endloop
  endfacet
  facet normal 0.222185 -0.972542 0.0692472
    outer loop
      vertex 40.8868 -21.1313 3
      vertex 17.4049 -26.5173 2.70009
      vertex 40.9317 -21.1424 2.7
    endloop
  endfacet
  facet normal 0.961035 -0.276116 0.0131149
    outer loop
      vertex 47.3587 1.3945 3
      vertex 40.8868 -21.1313 3
      vertex 47.3649 1.40184 2.7
    endloop
  endfacet
  facet normal 0.950409 -0.271209 0.152211
    outer loop
      vertex 47.3649 1.40184 2.7
      vertex 40.8868 -21.1313 3
      vertex 40.9317 -21.1424 2.7
    endloop
  endfacet
  facet normal 0.711761 0.701805 -0.0294185
    outer loop
      vertex 47.3649 1.40184 2.7
      vertex 30.8661 18.1347 2.7
      vertex 30.8739 18.1394 3
    endloop
  endfacet
  facet normal 0.712257 0.701194 0.031881
    outer loop
      vertex 47.3649 1.40184 2.7
      vertex 30.8739 18.1394 3
      vertex 47.3587 1.3945 3
    endloop
  endfacet
  facet normal -0.261073 0.96524 0.0123842
    outer loop
      vertex 30.8661 18.1347 2.7
      vertex 8.17153 11.9964 2.7
      vertex 8.18111 11.9952 3
    endloop
  endfacet
  facet normal -0.261337 0.965213 -0.00811486
    outer loop
      vertex 30.8661 18.1347 2.7
      vertex 8.18111 11.9952 3
      vertex 30.8739 18.1394 3
    endloop
  endfacet
  facet normal -0.969556 0.242777 0.0319588
    outer loop
      vertex 8.18111 11.9952 3
      vertex 2.30676 -11.4647 3
      vertex 8.19068 11.9939 3.3
    endloop
  endfacet
  facet normal -0.958176 0.238305 0.158462
    outer loop
      vertex 8.19068 11.9939 3.3
      vertex 2.30676 -11.4647 3
      vertex 2.33741 -11.5409 3.3
    endloop
  endfacet
  facet normal -0.703065 -0.703065 -0.106766
    outer loop
      vertex 17.1337 -26.3372 3.30011
      vertex 2.30676 -11.4647 3
      vertex 17.2693 -26.4273 3.0001
    endloop
  endfacet
  facet normal -0.703064 -0.703065 -0.106772
    outer loop
      vertex 2.33741 -11.5409 3.3
      vertex 2.30676 -11.4647 3
      vertex 17.1337 -26.3372 3.30011
    endloop
  endfacet
  facet normal 0.200208 -0.909816 0.363526
    outer loop
      vertex 40.8419 -21.1202 3.3
      vertex 17.1337 -26.3372 3.30011
      vertex 17.2693 -26.4273 3.0001
    endloop
  endfacet
  facet normal 0.218288 -0.973464 0.0686835
    outer loop
      vertex 40.8419 -21.1202 3.3
      vertex 17.2693 -26.4273 3.0001
      vertex 40.8868 -21.1313 3
    endloop
  endfacet
  facet normal 0.960536 -0.277849 0.0130622
    outer loop
      vertex 47.3525 1.38716 3.3
      vertex 40.8419 -21.1202 3.3
      vertex 47.3587 1.3945 3
    endloop
  endfacet
  facet normal 0.949922 -0.272923 0.152187
    outer loop
      vertex 47.3587 1.3945 3
      vertex 40.8419 -21.1202 3.3
      vertex 40.8868 -21.1313 3
    endloop
  endfacet
  facet normal 0.712311 0.701247 -0.0294288
    outer loop
      vertex 47.3587 1.3945 3
      vertex 30.8739 18.1394 3
      vertex 30.8817 18.144 3.3
    endloop
  endfacet
  facet normal 0.712806 0.700636 0.0318788
    outer loop
      vertex 47.3587 1.3945 3
      vertex 30.8817 18.144 3.3
      vertex 47.3525 1.38716 3.3
    endloop
  endfacet
  facet normal -0.261326 0.965171 0.0123951
    outer loop
      vertex 30.8739 18.1394 3
      vertex 8.18111 11.9952 3
      vertex 8.19068 11.9939 3.3
    endloop
  endfacet
  facet normal -0.26159 0.965145 -0.00811338
    outer loop
      vertex 30.8739 18.1394 3
      vertex 8.19068 11.9939 3.3
      vertex 30.8817 18.144 3.3
    endloop
  endfacet
  facet normal -0.969941 0.241231 0.0319645
    outer loop
      vertex 8.19068 11.9939 3.3
      vertex 2.33741 -11.5409 3.3
      vertex 8.20025 11.9926 3.6
    endloop
  endfacet
  facet normal -0.958605 0.236798 0.158126
    outer loop
      vertex 8.20025 11.9926 3.6
      vertex 2.33741 -11.5409 3.3
      vertex 2.36807 -11.6171 3.6
    endloop
  endfacet
  facet normal -0.703064 -0.703065 -0.10677
    outer loop
      vertex 16.9981 -26.2472 3.60012
      vertex 2.33741 -11.5409 3.3
      vertex 17.1337 -26.3372 3.30011
    endloop
  endfacet
  facet normal -0.703064 -0.703065 -0.10677
    outer loop
      vertex 2.36807 -11.6171 3.6
      vertex 2.33741 -11.5409 3.3
      vertex 16.9981 -26.2472 3.60012
    endloop
  endfacet
  facet normal 0.196698 -0.911069 0.362304
    outer loop
      vertex 40.797 -21.1091 3.6
      vertex 16.9981 -26.2472 3.60012
      vertex 17.1337 -26.3372 3.30011
    endloop
  endfacet
  facet normal 0.21441 -0.974363 0.0681516
    outer loop
      vertex 40.797 -21.1091 3.6
      vertex 17.1337 -26.3372 3.30011
      vertex 40.8419 -21.1202 3.3
    endloop
  endfacet
  facet normal 0.960033 -0.279583 0.0130093
    outer loop
      vertex 47.3463 1.37982 3.6
      vertex 40.797 -21.1091 3.6
      vertex 47.3525 1.38716 3.3
    endloop
  endfacet
  facet normal 0.949428 -0.274636 0.152191
    outer loop
      vertex 47.3525 1.38716 3.3
      vertex 40.797 -21.1091 3.6
      vertex 40.8419 -21.1202 3.3
    endloop
  endfacet
  facet normal 0.712859 0.700689 -0.02943
    outer loop
      vertex 47.3525 1.38716 3.3
      vertex 30.8817 18.144 3.3
      vertex 30.8896 18.1487 3.6
    endloop
  endfacet
  facet normal 0.713354 0.700078 0.0318764
    outer loop
      vertex 47.3525 1.38716 3.3
      vertex 30.8896 18.1487 3.6
      vertex 47.3463 1.37982 3.6
    endloop
  endfacet
  facet normal -0.261579 0.965103 0.0124028
    outer loop
      vertex 30.8817 18.144 3.3
      vertex 8.19068 11.9939 3.3
      vertex 8.20025 11.9926 3.6
    endloop
  endfacet
  facet normal -0.261843 0.965077 -0.00809177
    outer loop
      vertex 30.8817 18.144 3.3
      vertex 8.20025 11.9926 3.6
      vertex 30.8896 18.1487 3.6
    endloop
  endfacet
  facet normal -0.970322 0.239693 0.0319725
    outer loop
      vertex 8.20025 11.9926 3.6
      vertex 2.36807 -11.6171 3.6
      vertex 8.20983 11.9914 3.9
    endloop
  endfacet
  facet normal -0.959029 0.2353 0.157786
    outer loop
      vertex 8.20983 11.9914 3.9
      vertex 2.36807 -11.6171 3.6
      vertex 2.39873 -11.6933 3.9
    endloop
  endfacet
  facet normal -0.703065 -0.703066 -0.106761
    outer loop
      vertex 16.8625 -26.1572 3.90013
      vertex 2.36807 -11.6171 3.6
      vertex 16.9981 -26.2472 3.60012
    endloop
  endfacet
  facet normal -0.703064 -0.703065 -0.106774
    outer loop
      vertex 2.39873 -11.6933 3.9
      vertex 2.36807 -11.6171 3.6
      vertex 16.8625 -26.1572 3.90013
    endloop
  endfacet
  facet normal 0.1932 -0.912293 0.361102
    outer loop
      vertex 40.7522 -21.098 3.9
      vertex 16.8625 -26.1572 3.90013
      vertex 16.9981 -26.2472 3.60012
    endloop
  endfacet
  facet normal 0.210551 -0.975243 0.0675919
    outer loop
      vertex 40.7522 -21.098 3.9
      vertex 16.9981 -26.2472 3.60012
      vertex 40.797 -21.1091 3.6
    endloop
  endfacet
  facet normal 0.959528 -0.281316 0.0129443
    outer loop
      vertex 47.3401 1.37248 3.9
      vertex 40.7522 -21.098 3.9
      vertex 47.3463 1.37982 3.6
    endloop
  endfacet
  facet normal 0.948934 -0.27635 0.152165
    outer loop
      vertex 47.3463 1.37982 3.6
      vertex 40.7522 -21.098 3.9
      vertex 40.797 -21.1091 3.6
    endloop
  endfacet
  facet normal 0.713408 0.70013 -0.0294445
    outer loop
      vertex 47.3463 1.37982 3.6
      vertex 30.8896 18.1487 3.6
      vertex 30.8974 18.1533 3.9
    endloop
  endfacet
  facet normal 0.713903 0.699519 0.031865
    outer loop
      vertex 47.3463 1.37982 3.6
      vertex 30.8974 18.1533 3.9
      vertex 47.3401 1.37248 3.9
    endloop
  endfacet
  facet normal -0.261831 0.965034 0.0124083
    outer loop
      vertex 30.8896 18.1487 3.6
      vertex 8.20025 11.9926 3.6
      vertex 8.20983 11.9914 3.9
    endloop
  endfacet
  facet normal -0.262095 0.965008 -0.00809639
    outer loop
      vertex 30.8896 18.1487 3.6
      vertex 8.20983 11.9914 3.9
      vertex 30.8974 18.1533 3.9
    endloop
  endfacet
  facet normal -0.970699 0.238163 0.0319758
    outer loop
      vertex 8.20983 11.9914 3.9
      vertex 2.39873 -11.6933 3.9
      vertex 8.2194 11.9901 4.2
    endloop
  endfacet
  facet normal -0.959449 0.233809 0.157453
    outer loop
      vertex 8.2194 11.9901 4.2
      vertex 2.39873 -11.6933 3.9
      vertex 2.42939 -11.7696 4.2
    endloop
  endfacet
  facet normal -0.703064 -0.703065 -0.10677
    outer loop
      vertex 16.727 -26.0671 4.20014
      vertex 2.39873 -11.6933 3.9
      vertex 16.8625 -26.1572 3.90013
    endloop
  endfacet
  facet normal -0.703064 -0.703065 -0.10677
    outer loop
      vertex 2.42939 -11.7696 4.2
      vertex 2.39873 -11.6933 3.9
      vertex 16.727 -26.0671 4.20014
    endloop
  endfacet
  facet normal 0.189718 -0.913504 0.359886
    outer loop
      vertex 40.7073 -21.0869 4.2
      vertex 16.727 -26.0671 4.20014
      vertex 16.8625 -26.1572 3.90013
    endloop
  endfacet
  facet normal 0.206711 -0.976101 0.0670582
    outer loop
      vertex 40.7073 -21.0869 4.2
      vertex 16.8625 -26.1572 3.90013
      vertex 40.7522 -21.098 3.9
    endloop
  endfacet
  facet normal 0.959018 -0.28305 0.0129035
    outer loop
      vertex 47.3339 1.36514 4.2
      vertex 40.7073 -21.0869 4.2
      vertex 47.3401 1.37248 3.9
    endloop
  endfacet
  facet normal 0.948433 -0.278064 0.152168
    outer loop
      vertex 47.3401 1.37248 3.9
      vertex 40.7073 -21.0869 4.2
      vertex 40.7522 -21.098 3.9
    endloop
  endfacet
  facet normal 0.713956 0.699571 -0.0294412
    outer loop
      vertex 47.3401 1.37248 3.9
      vertex 30.8974 18.1533 3.9
      vertex 30.9052 18.1579 4.2
    endloop
  endfacet
  facet normal 0.71445 0.69896 0.0318717
    outer loop
      vertex 47.3401 1.37248 3.9
      vertex 30.9052 18.1579 4.2
      vertex 47.3339 1.36514 4.2
    endloop
  endfacet
  facet normal -0.262084 0.964965 0.0124184
    outer loop
      vertex 30.8974 18.1533 3.9
      vertex 8.20983 11.9914 3.9
      vertex 8.2194 11.9901 4.2
    endloop
  endfacet
  facet normal -0.262348 0.96494 -0.00808427
    outer loop
      vertex 30.8974 18.1533 3.9
      vertex 8.2194 11.9901 4.2
      vertex 30.9052 18.1579 4.2
    endloop
  endfacet
  facet normal -0.971071 0.236641 0.0319805
    outer loop
      vertex 8.2194 11.9901 4.2
      vertex 2.42939 -11.7696 4.2
      vertex 8.22897 11.9889 4.5
    endloop
  endfacet
  facet normal -0.959864 0.232325 0.157115
    outer loop
      vertex 8.22897 11.9889 4.5
      vertex 2.42939 -11.7696 4.2
      vertex 2.46005 -11.8458 4.5
    endloop
  endfacet
  facet normal -0.703064 -0.703065 -0.10677
    outer loop
      vertex 16.5914 -25.9771 4.50015
      vertex 2.42939 -11.7696 4.2
      vertex 16.727 -26.0671 4.20014
    endloop
  endfacet
  facet normal -0.703064 -0.703065 -0.106772
    outer loop
      vertex 2.46005 -11.8458 4.5
      vertex 2.42939 -11.7696 4.2
      vertex 16.5914 -25.9771 4.50015
    endloop
  endfacet
  facet normal 0.18625 -0.914692 0.358676
    outer loop
      vertex 40.6624 -21.0758 4.5
      vertex 16.5914 -25.9771 4.50015
      vertex 16.727 -26.0671 4.20014
    endloop
  endfacet
  facet normal 0.202891 -0.976939 0.0665177
    outer loop
      vertex 40.6624 -21.0758 4.5
      vertex 16.727 -26.0671 4.20014
      vertex 40.7073 -21.0869 4.2
    endloop
  endfacet
  facet normal 0.958506 -0.284783 0.0128505
    outer loop
      vertex 47.3277 1.3578 4.5
      vertex 40.6624 -21.0758 4.5
      vertex 47.3339 1.36514 4.2
    endloop
  endfacet
  facet normal 0.947931 -0.279777 0.152156
    outer loop
      vertex 47.3339 1.36514 4.2
      vertex 40.6624 -21.0758 4.5
      vertex 40.7073 -21.0869 4.2
    endloop
  endfacet
  facet normal 0.714504 0.699012 -0.0294514
    outer loop
      vertex 47.3339 1.36514 4.2
      vertex 30.9052 18.1579 4.2
      vertex 30.913 18.1626 4.5
    endloop
  endfacet
  facet normal 0.714998 0.6984 0.0318693
    outer loop
      vertex 47.3339 1.36514 4.2
      vertex 30.913 18.1626 4.5
      vertex 47.3277 1.3578 4.5
    endloop
  endfacet
  facet normal -0.262336 0.964897 0.0124231
    outer loop
      vertex 30.9052 18.1579 4.2
      vertex 8.2194 11.9901 4.2
      vertex 8.22897 11.9889 4.5
    endloop
  endfacet
  facet normal -0.2626 0.964871 -0.00807496
    outer loop
      vertex 30.9052 18.1579 4.2
      vertex 8.22897 11.9889 4.5
      vertex 30.913 18.1626 4.5
    endloop
  endfacet
  facet normal -0.971438 0.235126 0.0319867
    outer loop
      vertex 8.22897 11.9889 4.5
      vertex 2.46005 -11.8458 4.5
      vertex 8.23855 11.9876 4.8
    endloop
  endfacet
  facet normal -0.960275 0.230849 0.156783
    outer loop
      vertex 8.23855 11.9876 4.8
      vertex 2.46005 -11.8458 4.5
      vertex 2.49071 -11.922 4.8
    endloop
  endfacet
  facet normal -0.703064 -0.703065 -0.10677
    outer loop
      vertex 16.4558 -25.8871 4.80016
      vertex 2.46005 -11.8458 4.5
      vertex 16.5914 -25.9771 4.50015
    endloop
  endfacet
  facet normal -0.703064 -0.703065 -0.106774
    outer loop
      vertex 2.49071 -11.922 4.8
      vertex 2.46005 -11.8458 4.5
      vertex 16.4558 -25.8871 4.80016
    endloop
  endfacet
  facet normal 0.182797 -0.915862 0.357466
    outer loop
      vertex 40.6175 -21.0647 4.8
      vertex 16.4558 -25.8871 4.80016
      vertex 16.5914 -25.9771 4.50015
    endloop
  endfacet
  facet normal 0.19909 -0.977758 0.065977
    outer loop
      vertex 40.6175 -21.0647 4.8
      vertex 16.5914 -25.9771 4.50015
      vertex 40.6624 -21.0758 4.5
    endloop
  endfacet
  facet normal 0.95799 -0.286517 0.0127975
    outer loop
      vertex 47.3215 1.35046 4.8
      vertex 40.6175 -21.0647 4.8
      vertex 47.3277 1.3578 4.5
    endloop
  endfacet
  facet normal 0.947427 -0.281492 0.152132
    outer loop
      vertex 47.3277 1.3578 4.5
      vertex 40.6175 -21.0647 4.8
      vertex 40.6624 -21.0758 4.5
    endloop
  endfacet
  facet normal 0.715051 0.698452 -0.0294571
    outer loop
      vertex 47.3277 1.3578 4.5
      vertex 30.913 18.1626 4.5
      vertex 30.9209 18.1672 4.8
    endloop
  endfacet
  facet normal 0.715545 0.697839 0.031867
    outer loop
      vertex 47.3277 1.3578 4.5
      vertex 30.9209 18.1672 4.8
      vertex 47.3215 1.35046 4.8
    endloop
  endfacet
  facet normal -0.262589 0.964828 0.0124339
    outer loop
      vertex 30.913 18.1626 4.5
      vertex 8.22897 11.9889 4.5
      vertex 8.23855 11.9876 4.8
    endloop
  endfacet
  facet normal -0.262853 0.964802 -0.00806733
    outer loop
      vertex 30.913 18.1626 4.5
      vertex 8.23855 11.9876 4.8
      vertex 30.9209 18.1672 4.8
    endloop
  endfacet
  facet normal -0.971802 0.23362 0.0319912
    outer loop
      vertex 8.23855 11.9876 4.8
      vertex 2.49071 -11.922 4.8
      vertex 8.24812 11.9863 5.1
    endloop
  endfacet
  facet normal -0.960681 0.22938 0.156453
    outer loop
      vertex 8.24812 11.9863 5.1
      vertex 2.49071 -11.922 4.8
      vertex 2.52136 -11.9982 5.1
    endloop
  endfacet
  facet normal -0.703065 -0.703066 -0.106766
    outer loop
      vertex 16.3202 -25.797 5.10017
      vertex 2.49071 -11.922 4.8
      vertex 16.4558 -25.8871 4.80016
    endloop
  endfacet
  facet normal -0.703064 -0.703065 -0.10677
    outer loop
      vertex 2.52136 -11.9982 5.1
      vertex 2.49071 -11.922 4.8
      vertex 16.3202 -25.797 5.10017
    endloop
  endfacet
  facet normal 0.179357 -0.917013 0.356256
    outer loop
      vertex 40.5727 -21.0536 5.1
      vertex 16.3202 -25.797 5.10017
      vertex 16.4558 -25.8871 4.80016
    endloop
  endfacet
  facet normal 0.195308 -0.978556 0.0654407
    outer loop
      vertex 40.5727 -21.0536 5.1
      vertex 16.4558 -25.8871 4.80016
      vertex 40.6175 -21.0647 4.8
    endloop
  endfacet
  facet normal 0.95747 -0.288251 0.0127321
    outer loop
      vertex 47.3153 1.34312 5.1
      vertex 40.5727 -21.0536 5.1
      vertex 47.3215 1.35046 4.8
    endloop
  endfacet
  facet normal 0.946918 -0.283206 0.152119
    outer loop
      vertex 47.3215 1.35046 4.8
      vertex 40.5727 -21.0536 5.1
      vertex 40.6175 -21.0647 4.8
    endloop
  endfacet
  facet normal 0.715598 0.697891 -0.029458
    outer loop
      vertex 47.3215 1.35046 4.8
      vertex 30.9209 18.1672 4.8
      vertex 30.9287 18.1719 5.1
    endloop
  endfacet
  facet normal 0.716092 0.697279 0.0318554
    outer loop
      vertex 47.3215 1.35046 4.8
      vertex 30.9287 18.1719 5.1
      vertex 47.3153 1.34312 5.1
    endloop
  endfacet
  facet normal -0.262841 0.964759 0.0124386
    outer loop
      vertex 30.9209 18.1672 4.8
      vertex 8.23855 11.9876 4.8
      vertex 8.24812 11.9863 5.1
    endloop
  endfacet
  facet normal -0.263105 0.964733 -0.00806133
    outer loop
      vertex 30.9209 18.1672 4.8
      vertex 8.24812 11.9863 5.1
      vertex 30.9287 18.1719 5.1
    endloop
  endfacet
  facet normal -0.97216 0.232121 0.0319971
    outer loop
      vertex 8.24812 11.9863 5.1
      vertex 2.52136 -11.9982 5.1
      vertex 8.25769 11.9851 5.4
    endloop
  endfacet
  facet normal -0.961082 0.227919 0.15612
    outer loop
      vertex 8.25769 11.9851 5.4
      vertex 2.52136 -11.9982 5.1
      vertex 2.55202 -12.0744 5.4
    endloop
  endfacet
  facet normal -0.703065 -0.703066 -0.106761
    outer loop
      vertex 16.1846 -25.707 5.40018
      vertex 2.52136 -11.9982 5.1
      vertex 16.3202 -25.797 5.10017
    endloop
  endfacet
  facet normal -0.703064 -0.703065 -0.106772
    outer loop
      vertex 2.55202 -12.0744 5.4
      vertex 2.52136 -11.9982 5.1
      vertex 16.1846 -25.707 5.40018
    endloop
  endfacet
  facet normal 0.175932 -0.918143 0.355052
    outer loop
      vertex 40.5278 -21.0425 5.4
      vertex 16.1846 -25.707 5.40018
      vertex 16.3202 -25.797 5.10017
    endloop
  endfacet
  facet normal 0.191545 -0.979336 0.064903
    outer loop
      vertex 40.5278 -21.0425 5.4
      vertex 16.3202 -25.797 5.10017
      vertex 40.5727 -21.0536 5.1
    endloop
  endfacet
  facet normal 0.956947 -0.289985 0.0126911
    outer loop
      vertex 47.3091 1.33578 5.4
      vertex 40.5278 -21.0425 5.4
      vertex 47.3153 1.34312 5.1
    endloop
  endfacet
  facet normal 0.946405 -0.284919 0.152116
    outer loop
      vertex 47.3153 1.34312 5.1
      vertex 40.5278 -21.0425 5.4
      vertex 40.5727 -21.0536 5.1
    endloop
  endfacet
  facet normal 0.716144 0.69733 -0.0294726
    outer loop
      vertex 47.3153 1.34312 5.1
      vertex 30.9287 18.1719 5.1
      vertex 30.9365 18.1765 5.4
    endloop
  endfacet
  facet normal 0.716638 0.696717 0.0318621
    outer loop
      vertex 47.3153 1.34312 5.1
      vertex 30.9365 18.1765 5.4
      vertex 47.3091 1.33578 5.4
    endloop
  endfacet
  facet normal -0.263094 0.96469 0.0124494
    outer loop
      vertex 30.9287 18.1719 5.1
      vertex 8.24812 11.9863 5.1
      vertex 8.25769 11.9851 5.4
    endloop
  endfacet
  facet normal -0.263358 0.964665 -0.00805814
    outer loop
      vertex 30.9287 18.1719 5.1
      vertex 8.25769 11.9851 5.4
      vertex 30.9365 18.1765 5.4
    endloop
  endfacet
  facet normal -0.972515 0.23063 0.0320045
    outer loop
      vertex 8.25769 11.9851 5.4
      vertex 2.55202 -12.0744 5.4
      vertex 8.26727 11.9838 5.7
    endloop
  endfacet
  facet normal -0.961479 0.226465 0.155791
    outer loop
      vertex 8.26727 11.9838 5.7
      vertex 2.55202 -12.0744 5.4
      vertex 2.58268 -12.1506 5.7
    endloop
  endfacet
  facet normal -0.703064 -0.703065 -0.106774
    outer loop
      vertex 16.049 -25.617 5.70019
      vertex 2.55202 -12.0744 5.4
      vertex 16.1846 -25.707 5.40018
    endloop
  endfacet
  facet normal -0.703064 -0.703065 -0.106772
    outer loop
      vertex 2.58268 -12.1506 5.7
      vertex 2.55202 -12.0744 5.4
      vertex 16.049 -25.617 5.70019
    endloop
  endfacet
  facet normal 0.172523 -0.919258 0.353837
    outer loop
      vertex 40.4829 -21.0314 5.7
      vertex 16.049 -25.617 5.70019
      vertex 16.1846 -25.707 5.40018
    endloop
  endfacet
  facet normal 0.187801 -0.980095 0.0643835
    outer loop
      vertex 40.4829 -21.0314 5.7
      vertex 16.1846 -25.707 5.40018
      vertex 40.5278 -21.0425 5.4
    endloop
  endfacet
  facet normal 0.956421 -0.291718 0.0126378
    outer loop
      vertex 47.3029 1.32844 5.7
      vertex 40.4829 -21.0314 5.7
      vertex 47.3091 1.33578 5.4
    endloop
  endfacet
  facet normal 0.945888 -0.286633 0.152106
    outer loop
      vertex 47.3091 1.33578 5.4
      vertex 40.4829 -21.0314 5.7
      vertex 40.5278 -21.0425 5.4
    endloop
  endfacet
  facet normal 0.716691 0.696768 -0.0294693
    outer loop
      vertex 47.3091 1.33578 5.4
      vertex 30.9365 18.1765 5.4
      vertex 30.9443 18.1811 5.7
    endloop
  endfacet
  facet normal 0.717184 0.696155 0.0318596
    outer loop
      vertex 47.3091 1.33578 5.4
      vertex 30.9443 18.1811 5.7
      vertex 47.3029 1.32844 5.7
    endloop
  endfacet
  facet normal -0.263346 0.964621 0.012455
    outer loop
      vertex 30.9365 18.1765 5.4
      vertex 8.25769 11.9851 5.4
      vertex 8.26727 11.9838 5.7
    endloop
  endfacet
  facet normal -0.26361 0.964596 -0.00803822
    outer loop
      vertex 30.9365 18.1765 5.4
      vertex 8.26727 11.9838 5.7
      vertex 30.9443 18.1811 5.7
    endloop
  endfacet
  facet normal -0.972865 0.229147 0.0320071
    outer loop
      vertex 8.26727 11.9838 5.7
      vertex 2.58268 -12.1506 5.7
      vertex 8.27684 11.9826 6
    endloop
  endfacet
  facet normal -0.961871 0.225018 0.155468
    outer loop
      vertex 8.27684 11.9826 6
      vertex 2.58268 -12.1506 5.7
      vertex 2.61334 -12.2269 6
    endloop
  endfacet
  facet normal -0.703065 -0.703066 -0.106763
    outer loop
      vertex 15.9134 -25.5269 6.0002
      vertex 2.58268 -12.1506 5.7
      vertex 16.049 -25.617 5.70019
    endloop
  endfacet
  facet normal -0.703064 -0.703065 -0.106772
    outer loop
      vertex 2.61334 -12.2269 6
      vertex 2.58268 -12.1506 5.7
      vertex 15.9134 -25.5269 6.0002
    endloop
  endfacet
  facet normal 0.169127 -0.920348 0.35264
    outer loop
      vertex 40.438 -21.0203 6
      vertex 15.9134 -25.5269 6.0002
      vertex 16.049 -25.617 5.70019
    endloop
  endfacet
  facet normal 0.184077 -0.980836 0.0638391
    outer loop
      vertex 40.438 -21.0203 6
      vertex 16.049 -25.617 5.70019
      vertex 40.4829 -21.0314 5.7
    endloop
  endfacet
  facet normal 0.955891 -0.293452 0.0125844
    outer loop
      vertex 47.2967 1.3211 6
      vertex 40.438 -21.0203 6
      vertex 47.3029 1.32844 5.7
    endloop
  endfacet
  facet normal 0.945372 -0.288348 0.152077
    outer loop
      vertex 47.3029 1.32844 5.7
      vertex 40.438 -21.0203 6
      vertex 40.4829 -21.0314 5.7
    endloop
  endfacet
  facet normal 0.717236 0.696206 -0.0294791
    outer loop
      vertex 47.3029 1.32844 5.7
      vertex 30.9443 18.1811 5.7
      vertex 30.9522 18.1858 6
    endloop
  endfacet
  facet normal 0.717729 0.695593 0.0318571
    outer loop
      vertex 47.3029 1.32844 5.7
      vertex 30.9522 18.1858 6
      vertex 47.2967 1.3211 6
    endloop
  endfacet
  facet normal -0.263598 0.964552 0.012465
    outer loop
      vertex 30.9443 18.1811 5.7
      vertex 8.26727 11.9838 5.7
      vertex 8.27684 11.9826 6
    endloop
  endfacet
  facet normal -0.263863 0.964527 -0.00804451
    outer loop
      vertex 30.9443 18.1811 5.7
      vertex 8.27684 11.9826 6
      vertex 30.9522 18.1858 6
    endloop
  endfacet
  facet normal -0.973212 0.227671 0.0320113
    outer loop
      vertex 8.27684 11.9826 6
      vertex 2.61334 -12.2269 6
      vertex 8.28641 11.9813 6.3
    endloop
  endfacet
  facet normal -0.96226 0.223579 0.155138
    outer loop
      vertex 8.28641 11.9813 6.3
      vertex 2.61334 -12.2269 6
      vertex 2.644 -12.3031 6.3
    endloop
  endfacet
  facet normal -0.703064 -0.703066 -0.10677
    outer loop
      vertex 15.7778 -25.4369 6.30021
      vertex 2.61334 -12.2269 6
      vertex 15.9134 -25.5269 6.0002
    endloop
  endfacet
  facet normal -0.703064 -0.703065 -0.106772
    outer loop
      vertex 2.644 -12.3031 6.3
      vertex 2.61334 -12.2269 6
      vertex 15.7778 -25.4369 6.30021
    endloop
  endfacet
  facet normal 0.165747 -0.921426 0.351429
    outer loop
      vertex 40.3932 -21.0092 6.3
      vertex 15.7778 -25.4369 6.30021
      vertex 15.9134 -25.5269 6.0002
    endloop
  endfacet
  facet normal 0.180372 -0.981558 0.0633243
    outer loop
      vertex 40.3932 -21.0092 6.3
      vertex 15.9134 -25.5269 6.0002
      vertex 40.438 -21.0203 6
    endloop
  endfacet
  facet normal 0.955358 -0.295186 0.012531
    outer loop
      vertex 47.2905 1.31376 6.3
      vertex 40.3932 -21.0092 6.3
      vertex 47.2967 1.3211 6
    endloop
  endfacet
  facet normal 0.944849 -0.290062 0.152066
    outer loop
      vertex 47.2967 1.3211 6
      vertex 40.3932 -21.0092 6.3
      vertex 40.438 -21.0203 6
    endloop
  endfacet
  facet normal 0.717782 0.695644 -0.0294805
    outer loop
      vertex 47.2967 1.3211 6
      vertex 30.9522 18.1858 6
      vertex 30.96 18.1904 6.3
    endloop
  endfacet
  facet normal 0.718275 0.69503 0.0318547
    outer loop
      vertex 47.2967 1.3211 6
      vertex 30.96 18.1904 6.3
      vertex 47.2905 1.31376 6.3
    endloop
  endfacet
  facet normal -0.263851 0.964483 0.0124697
    outer loop
      vertex 30.9522 18.1858 6
      vertex 8.27684 11.9826 6
      vertex 8.28641 11.9813 6.3
    endloop
  endfacet
  facet normal -0.264115 0.964458 -0.00802294
    outer loop
      vertex 30.9522 18.1858 6
      vertex 8.28641 11.9813 6.3
      vertex 30.96 18.1904 6.3
    endloop
  endfacet
  facet normal -0.973554 0.226203 0.0320167
    outer loop
      vertex 8.28641 11.9813 6.3
      vertex 2.644 -12.3031 6.3
      vertex 8.29599 11.98 6.6
    endloop
  endfacet
  facet normal -0.962644 0.222146 0.154813
    outer loop
      vertex 8.29599 11.98 6.6
      vertex 2.644 -12.3031 6.3
      vertex 2.67465 -12.3793 6.6
    endloop
  endfacet
  facet normal -0.703064 -0.703066 -0.106768
    outer loop
      vertex 15.6422 -25.3469 6.60022
      vertex 2.644 -12.3031 6.3
      vertex 15.7778 -25.4369 6.30021
    endloop
  endfacet
  facet normal -0.703064 -0.703066 -0.106772
    outer loop
      vertex 2.67465 -12.3793 6.6
      vertex 2.644 -12.3031 6.3
      vertex 15.6422 -25.3469 6.60022
    endloop
  endfacet
  facet normal 0.16238 -0.922483 0.350226
    outer loop
      vertex 40.3483 -20.998 6.6
      vertex 15.6422 -25.3469 6.60022
      vertex 15.7778 -25.4369 6.30021
    endloop
  endfacet
  facet normal 0.176687 -0.982262 0.0627888
    outer loop
      vertex 40.3483 -20.998 6.6
      vertex 15.7778 -25.4369 6.30021
      vertex 40.3932 -21.0092 6.3
    endloop
  endfacet
  facet normal 0.954821 -0.296919 0.0124774
    outer loop
      vertex 47.2843 1.30642 6.6
      vertex 40.3483 -20.998 6.6
      vertex 47.2905 1.31376 6.3
    endloop
  endfacet
  facet normal 0.944323 -0.291776 0.152058
    outer loop
      vertex 47.2905 1.31376 6.3
      vertex 40.3483 -20.998 6.6
      vertex 40.3932 -21.0092 6.3
    endloop
  endfacet
  facet normal 0.718327 0.69508 -0.0294947
    outer loop
      vertex 47.2905 1.31376 6.3
      vertex 30.96 18.1904 6.3
      vertex 30.9678 18.1951 6.6
    endloop
  endfacet
  facet normal 0.718819 0.694467 0.0318521
    outer loop
      vertex 47.2905 1.31376 6.3
      vertex 30.9678 18.1951 6.6
      vertex 47.2843 1.30642 6.6
    endloop
  endfacet
  facet normal -0.264103 0.964414 0.0124805
    outer loop
      vertex 30.96 18.1904 6.3
      vertex 8.28641 11.9813 6.3
      vertex 8.29599 11.98 6.6
    endloop
  endfacet
  facet normal -0.264368 0.964389 -0.00802752
    outer loop
      vertex 30.96 18.1904 6.3
      vertex 8.29599 11.98 6.6
      vertex 30.9678 18.1951 6.6
    endloop
  endfacet
  facet normal -0.973892 0.224742 0.0320213
    outer loop
      vertex 8.29599 11.98 6.6
      vertex 2.67465 -12.3793 6.6
      vertex 8.30556 11.9788 6.9
    endloop
  endfacet
  facet normal -0.963023 0.220721 0.154494
    outer loop
      vertex 8.30556 11.9788 6.9
      vertex 2.67465 -12.3793 6.6
      vertex 2.70531 -12.4555 6.9
    endloop
  endfacet
  facet normal -0.703064 -0.703066 -0.106768
    outer loop
      vertex 15.5066 -25.2568 6.90023
      vertex 2.67465 -12.3793 6.6
      vertex 15.6422 -25.3469 6.60022
    endloop
  endfacet
  facet normal -0.703064 -0.703066 -0.106772
    outer loop
      vertex 2.70531 -12.4555 6.9
      vertex 2.67465 -12.3793 6.6
      vertex 15.5066 -25.2568 6.90023
    endloop
  endfacet
  facet normal 0.159029 -0.923522 0.349023
    outer loop
      vertex 40.3034 -20.9869 6.9
      vertex 15.5066 -25.2568 6.90023
      vertex 15.6422 -25.3469 6.60022
    endloop
  endfacet
  facet normal 0.173021 -0.982948 0.062272
    outer loop
      vertex 40.3034 -20.9869 6.9
      vertex 15.6422 -25.3469 6.60022
      vertex 40.3483 -20.998 6.6
    endloop
  endfacet
  facet normal 0.954281 -0.298653 0.0124117
    outer loop
      vertex 47.2781 1.29908 6.9
      vertex 40.3034 -20.9869 6.9
      vertex 47.2843 1.30642 6.6
    endloop
  endfacet
  facet normal 0.943793 -0.29349 0.152045
    outer loop
      vertex 47.2843 1.30642 6.6
      vertex 40.3034 -20.9869 6.9
      vertex 40.3483 -20.998 6.6
    endloop
  endfacet
  facet normal 0.718872 0.694517 -0.0294912
    outer loop
      vertex 47.2843 1.30642 6.6
      vertex 30.9678 18.1951 6.6
      vertex 30.9756 18.1997 6.9
    endloop
  endfacet
  facet normal 0.719364 0.693903 0.0318404
    outer loop
      vertex 47.2843 1.30642 6.6
      vertex 30.9756 18.1997 6.9
      vertex 47.2781 1.29908 6.9
    endloop
  endfacet
  facet normal -0.264356 0.964344 0.0124882
    outer loop
      vertex 30.9678 18.1951 6.6
      vertex 8.29599 11.98 6.6
      vertex 8.30556 11.9788 6.9
    endloop
  endfacet
  facet normal -0.26462 0.964319 -0.00801542
    outer loop
      vertex 30.9678 18.1951 6.6
      vertex 8.30556 11.9788 6.9
      vertex 30.9756 18.1997 6.9
    endloop
  endfacet
  facet normal -0.974226 0.223289 0.0320251
    outer loop
      vertex 8.30556 11.9788 6.9
      vertex 2.70531 -12.4555 6.9
      vertex 8.31513 11.9775 7.2
    endloop
  endfacet
  facet normal -0.963399 0.219303 0.154168
    outer loop
      vertex 8.31513 11.9775 7.2
      vertex 2.70531 -12.4555 6.9
      vertex 2.73597 -12.5317 7.2
    endloop
  endfacet
  facet normal -0.703064 -0.703066 -0.106768
    outer loop
      vertex 15.371 -25.1668 7.20024
      vertex 2.70531 -12.4555 6.9
      vertex 15.5066 -25.2568 6.90023
    endloop
  endfacet
  facet normal -0.703064 -0.703066 -0.106772
    outer loop
      vertex 2.73597 -12.5317 7.2
      vertex 2.70531 -12.4555 6.9
      vertex 15.371 -25.1668 7.20024
    endloop
  endfacet
  facet normal 0.155693 -0.924543 0.347821
    outer loop
      vertex 40.2585 -20.9758 7.2
      vertex 15.371 -25.1668 7.20024
      vertex 15.5066 -25.2568 6.90023
    endloop
  endfacet
  facet normal 0.169374 -0.983615 0.0617491
    outer loop
      vertex 40.2585 -20.9758 7.2
      vertex 15.5066 -25.2568 6.90023
      vertex 40.3034 -20.9869 6.9
    endloop
  endfacet
  facet normal 0.953737 -0.300387 0.0123702
    outer loop
      vertex 47.2719 1.29175 7.2
      vertex 40.2585 -20.9758 7.2
      vertex 47.2781 1.29908 6.9
    endloop
  endfacet
  facet normal 0.943263 -0.295205 0.152017
    outer loop
      vertex 47.2781 1.29908 6.9
      vertex 40.2585 -20.9758 7.2
      vertex 40.3034 -20.9869 6.9
    endloop
  endfacet
  facet normal 0.719416 0.693953 -0.0294967
    outer loop
      vertex 47.2781 1.29908 6.9
      vertex 30.9756 18.1997 6.9
      vertex 30.9835 18.2043 7.2
    endloop
  endfacet
  facet normal 0.719908 0.693339 0.031847
    outer loop
      vertex 47.2781 1.29908 6.9
      vertex 30.9835 18.2043 7.2
      vertex 47.2719 1.29175 7.2
    endloop
  endfacet
  facet normal -0.264608 0.964275 0.0124929
    outer loop
      vertex 30.9756 18.1997 6.9
      vertex 8.30556 11.9788 6.9
      vertex 8.31513 11.9775 7.2
    endloop
  endfacet
  facet normal -0.264873 0.96425 -0.00800776
    outer loop
      vertex 30.9756 18.1997 6.9
      vertex 8.31513 11.9775 7.2
      vertex 30.9835 18.2043 7.2
    endloop
  endfacet
  facet normal -0.974556 0.221843 0.0320303
    outer loop
      vertex 8.31513 11.9775 7.2
      vertex 2.73597 -12.5317 7.2
      vertex 8.3247 11.9763 7.5
    endloop
  endfacet
  facet normal -0.96377 0.217892 0.153851
    outer loop
      vertex 8.3247 11.9763 7.5
      vertex 2.73597 -12.5317 7.2
      vertex 2.76663 -12.608 7.5
    endloop
  endfacet
  facet normal -0.703064 -0.703066 -0.106763
    outer loop
      vertex 15.2354 -25.0768 7.50025
      vertex 2.73597 -12.5317 7.2
      vertex 15.371 -25.1668 7.20024
    endloop
  endfacet
  facet normal -0.703064 -0.703066 -0.10677
    outer loop
      vertex 2.76663 -12.608 7.5
      vertex 2.73597 -12.5317 7.2
      vertex 15.2354 -25.0768 7.50025
    endloop
  endfacet
  facet normal 0.152371 -0.925545 0.346625
    outer loop
      vertex 40.2137 -20.9647 7.5
      vertex 15.2354 -25.0768 7.50025
      vertex 15.371 -25.1668 7.20024
    endloop
  endfacet
  facet normal 0.165747 -0.984266 0.0612306
    outer loop
      vertex 40.2137 -20.9647 7.5
      vertex 15.371 -25.1668 7.20024
      vertex 40.2585 -20.9758 7.2
    endloop
  endfacet
  facet normal 0.95319 -0.30212 0.0123165
    outer loop
      vertex 47.2657 1.28441 7.5
      vertex 40.2137 -20.9647 7.5
      vertex 47.2719 1.29175 7.2
    endloop
  endfacet
  facet normal 0.942727 -0.296919 0.152
    outer loop
      vertex 47.2719 1.29175 7.2
      vertex 40.2137 -20.9647 7.5
      vertex 40.2585 -20.9758 7.2
    endloop
  endfacet
  facet normal 0.719959 0.693389 -0.0295067
    outer loop
      vertex 47.2719 1.29175 7.2
      vertex 30.9835 18.2043 7.2
      vertex 30.9913 18.209 7.5
    endloop
  endfacet
  facet normal 0.720451 0.692774 0.0318445
    outer loop
      vertex 47.2719 1.29175 7.2
      vertex 30.9913 18.209 7.5
      vertex 47.2657 1.28441 7.5
    endloop
  endfacet
  facet normal -0.26486 0.964206 0.0125038
    outer loop
      vertex 30.9835 18.2043 7.2
      vertex 8.31513 11.9775 7.2
      vertex 8.3247 11.9763 7.5
    endloop
  endfacet
  facet normal -0.265125 0.964181 -0.00799842
    outer loop
      vertex 30.9835 18.2043 7.2
      vertex 8.3247 11.9763 7.5
      vertex 30.9913 18.209 7.5
    endloop
  endfacet
  facet normal -0.974882 0.220404 0.0320372
    outer loop
      vertex 8.3247 11.9763 7.5
      vertex 2.76663 -12.608 7.5
      vertex 8.33428 11.975 7.8
    endloop
  endfacet
  facet normal -0.964138 0.216488 0.15353
    outer loop
      vertex 8.33428 11.975 7.8
      vertex 2.76663 -12.608 7.5
      vertex 2.79729 -12.6842 7.8
    endloop
  endfacet
  facet normal -0.703063 -0.703066 -0.106774
    outer loop
      vertex 15.0998 -24.9867 7.80026
      vertex 2.76663 -12.608 7.5
      vertex 15.2354 -25.0768 7.50025
    endloop
  endfacet
  facet normal -0.703063 -0.703066 -0.106775
    outer loop
      vertex 2.79729 -12.6842 7.8
      vertex 2.76663 -12.608 7.5
      vertex 15.0998 -24.9867 7.80026
    endloop
  endfacet
  facet normal 0.149065 -0.926534 0.345418
    outer loop
      vertex 40.1688 -20.9536 7.8
      vertex 15.0998 -24.9867 7.80026
      vertex 15.2354 -25.0768 7.50025
    endloop
  endfacet
  facet normal 0.162139 -0.984898 0.0607166
    outer loop
      vertex 40.1688 -20.9536 7.8
      vertex 15.2354 -25.0768 7.50025
      vertex 40.2137 -20.9647 7.5
    endloop
  endfacet
  facet normal 0.95264 -0.303853 0.0122627
    outer loop
      vertex 47.2595 1.27707 7.8
      vertex 40.1688 -20.9536 7.8
      vertex 47.2657 1.28441 7.5
    endloop
  endfacet
  facet normal 0.942187 -0.298632 0.151995
    outer loop
      vertex 47.2657 1.28441 7.5
      vertex 40.1688 -20.9536 7.8
      vertex 40.2137 -20.9647 7.5
    endloop
  endfacet
  facet normal 0.720503 0.692824 -0.0295122
    outer loop
      vertex 47.2657 1.28441 7.5
      vertex 30.9913 18.209 7.5
      vertex 30.9991 18.2136 7.8
    endloop
  endfacet
  facet normal 0.720995 0.692209 0.031842
    outer loop
      vertex 47.2657 1.28441 7.5
      vertex 30.9991 18.2136 7.8
      vertex 47.2595 1.27707 7.8
    endloop
  endfacet
  facet normal -0.265113 0.964136 0.0125094
    outer loop
      vertex 30.9913 18.209 7.5
      vertex 8.3247 11.9763 7.5
      vertex 8.33428 11.975 7.8
    endloop
  endfacet
  facet normal -0.265377 0.964111 -0.00799079
    outer loop
      vertex 30.9913 18.209 7.5
      vertex 8.33428 11.975 7.8
      vertex 30.9991 18.2136 7.8
    endloop
  endfacet
  facet normal -0.975205 0.218973 0.0320389
    outer loop
      vertex 8.33428 11.975 7.8
      vertex 2.79729 -12.6842 7.8
      vertex 8.34385 11.9737 8.1
    endloop
  endfacet
  facet normal -0.964501 0.215091 0.153211
    outer loop
      vertex 8.34385 11.9737 8.1
      vertex 2.79729 -12.6842 7.8
      vertex 2.82794 -12.7604 8.1
    endloop
  endfacet
  facet normal -0.703064 -0.703066 -0.106763
    outer loop
      vertex 14.9643 -24.8967 8.10027
      vertex 2.79729 -12.6842 7.8
      vertex 15.0998 -24.9867 7.80026
    endloop
  endfacet
  facet normal -0.703063 -0.703066 -0.106772
    outer loop
      vertex 2.82794 -12.7604 8.1
      vertex 2.79729 -12.6842 7.8
      vertex 14.9643 -24.8967 8.10027
    endloop
  endfacet
  facet normal 0.145773 -0.9275 0.344231
    outer loop
      vertex 40.1239 -20.9425 8.1
      vertex 14.9643 -24.8967 8.10027
      vertex 15.0998 -24.9867 7.80026
    endloop
  endfacet
  facet normal 0.158551 -0.985514 0.0601962
    outer loop
      vertex 40.1239 -20.9425 8.1
      vertex 15.0998 -24.9867 7.80026
      vertex 40.1688 -20.9536 7.8
    endloop
  endfacet
  facet normal 0.952086 -0.305587 0.0121967
    outer loop
      vertex 47.2533 1.26973 8.1
      vertex 40.1239 -20.9425 8.1
      vertex 47.2595 1.27707 7.8
    endloop
  endfacet
  facet normal 0.941645 -0.300346 0.151975
    outer loop
      vertex 47.2595 1.27707 7.8
      vertex 40.1239 -20.9425 8.1
      vertex 40.1688 -20.9536 7.8
    endloop
  endfacet
  facet normal 0.721046 0.692258 -0.0295174
    outer loop
      vertex 47.2595 1.27707 7.8
      vertex 30.9991 18.2136 7.8
      vertex 31.0069 18.2183 8.1
    endloop
  endfacet
  facet normal 0.721537 0.691643 0.0318301
    outer loop
      vertex 47.2595 1.27707 7.8
      vertex 31.0069 18.2183 8.1
      vertex 47.2533 1.26973 8.1
    endloop
  endfacet
  facet normal -0.265365 0.964067 0.0125193
    outer loop
      vertex 30.9991 18.2136 7.8
      vertex 8.33428 11.975 7.8
      vertex 8.34385 11.9737 8.1
    endloop
  endfacet
  facet normal -0.26563 0.964042 -0.00799092
    outer loop
      vertex 30.9991 18.2136 7.8
      vertex 8.34385 11.9737 8.1
      vertex 31.0069 18.2183 8.1
    endloop
  endfacet
  facet normal -0.975523 0.217549 0.0320424
    outer loop
      vertex 8.34385 11.9737 8.1
      vertex 2.82794 -12.7604 8.1
      vertex 8.35342 11.9725 8.4
    endloop
  endfacet
  facet normal -0.96486 0.213701 0.152897
    outer loop
      vertex 8.35342 11.9725 8.4
      vertex 2.82794 -12.7604 8.1
      vertex 2.8586 -12.8366 8.4
    endloop
  endfacet
  facet normal -0.703064 -0.703066 -0.106767
    outer loop
      vertex 14.8287 -24.8067 8.40028
      vertex 2.82794 -12.7604 8.1
      vertex 14.9643 -24.8967 8.10027
    endloop
  endfacet
  facet normal -0.703064 -0.703066 -0.10677
    outer loop
      vertex 2.8586 -12.8366 8.4
      vertex 2.82794 -12.7604 8.1
      vertex 14.8287 -24.8067 8.40028
    endloop
  endfacet
  facet normal 0.142496 -0.928453 0.343029
    outer loop
      vertex 40.0791 -20.9314 8.4
      vertex 14.8287 -24.8067 8.40028
      vertex 14.9643 -24.8967 8.10027
    endloop
  endfacet
  facet normal 0.154981 -0.986112 0.059695
    outer loop
      vertex 40.0791 -20.9314 8.4
      vertex 14.9643 -24.8967 8.10027
      vertex 40.1239 -20.9425 8.1
    endloop
  endfacet
  facet normal 0.951529 -0.307319 0.0121549
    outer loop
      vertex 47.2471 1.26239 8.4
      vertex 40.0791 -20.9314 8.4
      vertex 47.2533 1.26973 8.1
    endloop
  endfacet
  facet normal 0.941101 -0.302061 0.151949
    outer loop
      vertex 47.2533 1.26973 8.1
      vertex 40.0791 -20.9314 8.4
      vertex 40.1239 -20.9425 8.1
    endloop
  endfacet
  facet normal 0.721589 0.691692 -0.0295186
    outer loop
      vertex 47.2533 1.26973 8.1
      vertex 31.0069 18.2183 8.1
      vertex 31.0148 18.2229 8.4
    endloop
  endfacet
  facet normal 0.72208 0.691077 0.0318366
    outer loop
      vertex 47.2533 1.26973 8.1
      vertex 31.0148 18.2229 8.4
      vertex 47.2471 1.26239 8.4
    endloop
  endfacet
  facet normal -0.265618 0.963997 0.012524
    outer loop
      vertex 31.0069 18.2183 8.1
      vertex 8.34385 11.9737 8.1
      vertex 8.35342 11.9725 8.4
    endloop
  endfacet
  facet normal -0.265882 0.963973 -0.00796932
    outer loop
      vertex 31.0069 18.2183 8.1
      vertex 8.35342 11.9725 8.4
      vertex 31.0148 18.2229 8.4
    endloop
  endfacet
  facet normal -0.975838 0.216133 0.0320472
    outer loop
      vertex 8.35342 11.9725 8.4
      vertex 2.8586 -12.8366 8.4
      vertex 8.363 11.9712 8.7
    endloop
  endfacet
  facet normal -0.965215 0.212318 0.152579
    outer loop
      vertex 8.363 11.9712 8.7
      vertex 2.8586 -12.8366 8.4
      vertex 2.88926 -12.9128 8.7
    endloop
  endfacet
  facet normal -0.703064 -0.703066 -0.106767
    outer loop
      vertex 14.6931 -24.7166 8.70029
      vertex 2.8586 -12.8366 8.4
      vertex 14.8287 -24.8067 8.40028
    endloop
  endfacet
  facet normal -0.703063 -0.703066 -0.106772
    outer loop
      vertex 2.88926 -12.9128 8.7
      vertex 2.8586 -12.8366 8.4
      vertex 14.6931 -24.7166 8.70029
    endloop
  endfacet
  facet normal 0.139235 -0.929388 0.341837
    outer loop
      vertex 40.0342 -20.9203 8.7
      vertex 14.6931 -24.7166 8.70029
      vertex 14.8287 -24.8067 8.40028
    endloop
  endfacet
  facet normal 0.151432 -0.986695 0.059175
    outer loop
      vertex 40.0342 -20.9203 8.7
      vertex 14.8287 -24.8067 8.40028
      vertex 40.0791 -20.9314 8.4
    endloop
  endfacet
  facet normal 0.950968 -0.309052 0.0121009
    outer loop
      vertex 47.2409 1.25505 8.7
      vertex 40.0342 -20.9203 8.7
      vertex 47.2471 1.26239 8.4
    endloop
  endfacet
  facet normal 0.940551 -0.303774 0.151938
    outer loop
      vertex 47.2471 1.26239 8.4
      vertex 40.0342 -20.9203 8.7
      vertex 40.0791 -20.9314 8.4
    endloop
  endfacet
  facet normal 0.722131 0.691126 -0.0295327
    outer loop
      vertex 47.2471 1.26239 8.4
      vertex 31.0148 18.2229 8.4
      vertex 31.0226 18.2276 8.7
    endloop
  endfacet
  facet normal 0.722622 0.69051 0.0318339
    outer loop
      vertex 47.2471 1.26239 8.4
      vertex 31.0226 18.2276 8.7
      vertex 47.2409 1.25505 8.7
    endloop
  endfacet
  facet normal -0.26587 0.963927 0.0125348
    outer loop
      vertex 31.0148 18.2229 8.4
      vertex 8.35342 11.9725 8.4
      vertex 8.363 11.9712 8.7
    endloop
  endfacet
  facet normal -0.266135 0.963903 -0.00797392
    outer loop
      vertex 31.0148 18.2229 8.4
      vertex 8.363 11.9712 8.7
      vertex 31.0226 18.2276 8.7
    endloop
  endfacet
  facet normal -0.976149 0.214723 0.0320505
    outer loop
      vertex 8.363 11.9712 8.7
      vertex 2.88926 -12.9128 8.7
      vertex 8.37257 11.97 9
    endloop
  endfacet
  facet normal -0.965566 0.210942 0.152266
    outer loop
      vertex 8.37257 11.97 9
      vertex 2.88926 -12.9128 8.7
      vertex 2.91992 -12.989 9
    endloop
  endfacet
  facet normal -0.703064 -0.703066 -0.106767
    outer loop
      vertex 14.5575 -24.6266 9.0003
      vertex 2.88926 -12.9128 8.7
      vertex 14.6931 -24.7166 8.70029
    endloop
  endfacet
  facet normal -0.703063 -0.703066 -0.106774
    outer loop
      vertex 2.91992 -12.989 9
      vertex 2.88926 -12.9128 8.7
      vertex 14.5575 -24.6266 9.0003
    endloop
  endfacet
  facet normal 0.135988 -0.930306 0.340645
    outer loop
      vertex 39.9893 -20.9092 9
      vertex 14.5575 -24.6266 9.0003
      vertex 14.6931 -24.7166 8.70029
    endloop
  endfacet
  facet normal 0.147901 -0.98726 0.0586784
    outer loop
      vertex 39.9893 -20.9092 9
      vertex 14.6931 -24.7166 8.70029
      vertex 40.0342 -20.9203 8.7
    endloop
  endfacet
  facet normal 0.950404 -0.310785 0.0120479
    outer loop
      vertex 47.2347 1.24771 9
      vertex 39.9893 -20.9092 9
      vertex 47.2409 1.25505 8.7
    endloop
  endfacet
  facet normal 0.94 -0.305488 0.151911
    outer loop
      vertex 47.2409 1.25505 8.7
      vertex 39.9893 -20.9092 9
      vertex 40.0342 -20.9203 8.7
    endloop
  endfacet
  facet normal 0.722673 0.690559 -0.0295248
    outer loop
      vertex 47.2409 1.25505 8.7
      vertex 31.0226 18.2276 8.7
      vertex 31.0304 18.2322 9
    endloop
  endfacet
  facet normal 0.723163 0.689943 0.0318291
    outer loop
      vertex 47.2409 1.25505 8.7
      vertex 31.0304 18.2322 9
      vertex 47.2347 1.24771 9
    endloop
  endfacet
  facet normal -0.266122 0.963858 0.0125395
    outer loop
      vertex 31.0226 18.2276 8.7
      vertex 8.363 11.9712 8.7
      vertex 8.37257 11.97 9
    endloop
  endfacet
  facet normal -0.266387 0.963833 -0.0079557
    outer loop
      vertex 31.0226 18.2276 8.7
      vertex 8.37257 11.97 9
      vertex 31.0304 18.2322 9
    endloop
  endfacet
  facet normal -0.976456 0.213321 0.0320552
    outer loop
      vertex 8.37257 11.97 9
      vertex 2.91992 -12.989 9
      vertex 8.38214 11.9687 9.3
    endloop
  endfacet
  facet normal -0.965913 0.209572 0.151956
    outer loop
      vertex 8.38214 11.9687 9.3
      vertex 2.91992 -12.989 9
      vertex 2.95058 -13.0653 9.3
    endloop
  endfacet
  facet normal -0.703063 -0.703066 -0.10677
    outer loop
      vertex 14.4219 -24.5366 9.30031
      vertex 2.91992 -12.989 9
      vertex 14.5575 -24.6266 9.0003
    endloop
  endfacet
  facet normal -0.703063 -0.703066 -0.10677
    outer loop
      vertex 2.95058 -13.0653 9.3
      vertex 2.91992 -12.989 9
      vertex 14.4219 -24.5366 9.30031
    endloop
  endfacet
  facet normal 0.132756 -0.931207 0.339455
    outer loop
      vertex 39.9444 -20.8981 9.3
      vertex 14.4219 -24.5366 9.30031
      vertex 14.5575 -24.6266 9.0003
    endloop
  endfacet
  facet normal 0.14439 -0.98781 0.0581631
    outer loop
      vertex 39.9444 -20.8981 9.3
      vertex 14.5575 -24.6266 9.0003
      vertex 39.9893 -20.9092 9
    endloop
  endfacet
  facet normal 0.949836 -0.312517 0.0119928
    outer loop
      vertex 47.2285 1.24037 9.3
      vertex 39.9444 -20.8981 9.3
      vertex 47.2347 1.24771 9
    endloop
  endfacet
  facet normal 0.939444 -0.307201 0.1519
    outer loop
      vertex 47.2347 1.24771 9
      vertex 39.9444 -20.8981 9.3
      vertex 39.9893 -20.9092 9
    endloop
  endfacet
  facet normal 0.723214 0.689992 -0.0295436
    outer loop
      vertex 47.2347 1.24771 9
      vertex 31.0304 18.2322 9
      vertex 31.0382 18.2368 9.3
    endloop
  endfacet
  facet normal 0.723705 0.689376 0.0318287
    outer loop
      vertex 47.2347 1.24771 9
      vertex 31.0382 18.2368 9.3
      vertex 47.2285 1.24037 9.3
    endloop
  endfacet
  facet normal -0.266374 0.963788 0.0125504
    outer loop
      vertex 31.0304 18.2322 9
      vertex 8.37257 11.97 9
      vertex 8.38214 11.9687 9.3
    endloop
  endfacet
  facet normal -0.266639 0.963764 -0.00795862
    outer loop
      vertex 31.0304 18.2322 9
      vertex 8.38214 11.9687 9.3
      vertex 31.0382 18.2368 9.3
    endloop
  endfacet
  facet normal -0.97676 0.211925 0.0320583
    outer loop
      vertex 8.38214 11.9687 9.3
      vertex 2.95058 -13.0653 9.3
      vertex 8.39172 11.9674 9.6
    endloop
  endfacet
  facet normal -0.966258 0.20821 0.151642
    outer loop
      vertex 8.39172 11.9674 9.6
      vertex 2.95058 -13.0653 9.3
      vertex 2.98124 -13.1415 9.6
    endloop
  endfacet
  facet normal -0.703064 -0.703067 -0.106763
    outer loop
      vertex 14.2863 -24.4465 9.60032
      vertex 2.95058 -13.0653 9.3
      vertex 14.4219 -24.5366 9.30031
    endloop
  endfacet
  facet normal -0.703063 -0.703066 -0.106772
    outer loop
      vertex 2.98124 -13.1415 9.6
      vertex 2.95058 -13.0653 9.3
      vertex 14.2863 -24.4465 9.60032
    endloop
  endfacet
  facet normal 0.129539 -0.93209 0.338271
    outer loop
      vertex 39.8996 -20.887 9.6
      vertex 14.2863 -24.4465 9.60032
      vertex 14.4219 -24.5366 9.30031
    endloop
  endfacet
  facet normal 0.140898 -0.988343 0.0576648
    outer loop
      vertex 39.8996 -20.887 9.6
      vertex 14.4219 -24.5366 9.30031
      vertex 39.9444 -20.8981 9.3
    endloop
  endfacet
  facet normal 0.949265 -0.314249 0.0119386
    outer loop
      vertex 47.2223 1.23303 9.6
      vertex 39.8996 -20.887 9.6
      vertex 47.2285 1.24037 9.3
    endloop
  endfacet
  facet normal 0.938886 -0.308914 0.15187
    outer loop
      vertex 47.2285 1.24037 9.3
      vertex 39.8996 -20.887 9.6
      vertex 39.9444 -20.8981 9.3
    endloop
  endfacet
  facet normal 0.723755 0.689424 -0.0295444
    outer loop
      vertex 47.2285 1.24037 9.3
      vertex 31.0382 18.2368 9.3
      vertex 31.0461 18.2415 9.6
    endloop
  endfacet
  facet normal 0.724245 0.688807 0.0318259
    outer loop
      vertex 47.2285 1.24037 9.3
      vertex 31.0461 18.2415 9.6
      vertex 47.2223 1.23303 9.6
    endloop
  endfacet
  facet normal -0.266627 0.963718 0.012555
    outer loop
      vertex 31.0382 18.2368 9.3
      vertex 8.38214 11.9687 9.3
      vertex 8.39172 11.9674 9.6
    endloop
  endfacet
  facet normal -0.266891 0.963694 -0.00794481
    outer loop
      vertex 31.0382 18.2368 9.3
      vertex 8.39172 11.9674 9.6
      vertex 31.0461 18.2415 9.6
    endloop
  endfacet
  facet normal -0.97706 0.210537 0.0320658
    outer loop
      vertex 8.39172 11.9674 9.6
      vertex 2.98124 -13.1415 9.6
      vertex 8.40129 11.9662 9.9
    endloop
  endfacet
  facet normal -0.966597 0.206853 0.151336
    outer loop
      vertex 8.40129 11.9662 9.9
      vertex 2.98124 -13.1415 9.6
      vertex 3.01189 -13.2177 9.9
    endloop
  endfacet
  facet normal -0.703063 -0.703066 -0.106772
    outer loop
      vertex 14.1507 -24.3565 9.90033
      vertex 2.98124 -13.1415 9.6
      vertex 14.2863 -24.4465 9.60032
    endloop
  endfacet
  facet normal -0.703063 -0.703066 -0.106772
    outer loop
      vertex 3.01189 -13.2177 9.9
      vertex 2.98124 -13.1415 9.6
      vertex 14.1507 -24.3565 9.90033
    endloop
  endfacet
  facet normal 0.126339 -0.932962 0.337075
    outer loop
      vertex 39.8547 -20.8759 9.9
      vertex 14.1507 -24.3565 9.90033
      vertex 14.2863 -24.4465 9.60032
    endloop
  endfacet
  facet normal 0.137426 -0.988861 0.0571663
    outer loop
      vertex 39.8547 -20.8759 9.9
      vertex 14.2863 -24.4465 9.60032
      vertex 39.8996 -20.887 9.6
    endloop
  endfacet
  facet normal 0.948691 -0.315981 0.0118843
    outer loop
      vertex 47.2161 1.22569 9.9
      vertex 39.8547 -20.8759 9.9
      vertex 47.2223 1.23303 9.6
    endloop
  endfacet
  facet normal 0.938323 -0.310627 0.151861
    outer loop
      vertex 47.2223 1.23303 9.6
      vertex 39.8547 -20.8759 9.9
      vertex 39.8996 -20.887 9.6
    endloop
  endfacet
  facet normal 0.724296 0.688856 -0.0295451
    outer loop
      vertex 47.2223 1.23303 9.6
      vertex 31.0461 18.2415 9.6
      vertex 31.0539 18.2461 9.9
    endloop
  endfacet
  facet normal 0.724786 0.688239 0.0318231
    outer loop
      vertex 47.2223 1.23303 9.6
      vertex 31.0539 18.2461 9.9
      vertex 47.2161 1.22569 9.9
    endloop
  endfacet
  facet normal -0.266879 0.963648 0.0125667
    outer loop
      vertex 31.0461 18.2415 9.6
      vertex 8.39172 11.9674 9.6
      vertex 8.40129 11.9662 9.9
    endloop
  endfacet
  facet normal -0.267144 0.963624 -0.00793885
    outer loop
      vertex 31.0461 18.2415 9.6
      vertex 8.40129 11.9662 9.9
      vertex 31.0539 18.2461 9.9
    endloop
  endfacet
  facet normal -0.977356 0.209156 0.0320663
    outer loop
      vertex 8.40129 11.9662 9.9
      vertex 3.01189 -13.2177 9.9
      vertex 8.41086 11.9649 10.2
    endloop
  endfacet
  facet normal -0.966933 0.205504 0.151023
    outer loop
      vertex 8.41086 11.9649 10.2
      vertex 3.01189 -13.2177 9.9
      vertex 3.04255 -13.2939 10.2
    endloop
  endfacet
  facet normal -0.703064 -0.703067 -0.106763
    outer loop
      vertex 14.0151 -24.2665 10.2003
      vertex 3.01189 -13.2177 9.9
      vertex 14.1507 -24.3565 9.90033
    endloop
  endfacet
  facet normal -0.703063 -0.703066 -0.106772
    outer loop
      vertex 3.04255 -13.2939 10.2
      vertex 3.01189 -13.2177 9.9
      vertex 14.0151 -24.2665 10.2003
    endloop
  endfacet
  facet normal 0.123152 -0.933812 0.335901
    outer loop
      vertex 39.8098 -20.8648 10.2
      vertex 14.0151 -24.2665 10.2003
      vertex 14.1507 -24.3565 9.90033
    endloop
  endfacet
  facet normal 0.133972 -0.989364 0.0566666
    outer loop
      vertex 39.8098 -20.8648 10.2
      vertex 14.1507 -24.3565 9.90033
      vertex 39.8547 -20.8759 9.9
    endloop
  endfacet
  facet normal 0.948113 -0.317713 0.011818
    outer loop
      vertex 47.2099 1.21835 10.2
      vertex 39.8098 -20.8648 10.2
      vertex 47.2161 1.22569 9.9
    endloop
  endfacet
  facet normal 0.937759 -0.31234 0.151828
    outer loop
      vertex 47.2161 1.22569 9.9
      vertex 39.8098 -20.8648 10.2
      vertex 39.8547 -20.8759 9.9
    endloop
  endfacet
  facet normal 0.724836 0.688287 -0.029555
    outer loop
      vertex 47.2161 1.22569 9.9
      vertex 31.0539 18.2461 9.9
      vertex 31.0617 18.2508 10.2
    endloop
  endfacet
  facet normal 0.725326 0.68767 0.0318111
    outer loop
      vertex 47.2161 1.22569 9.9
      vertex 31.0617 18.2508 10.2
      vertex 47.2099 1.21835 10.2
    endloop
  endfacet
  facet normal -0.267131 0.963578 0.0125736
    outer loop
      vertex 31.0539 18.2461 9.9
      vertex 8.40129 11.9662 9.9
      vertex 8.41086 11.9649 10.2
    endloop
  endfacet
  facet normal -0.267396 0.963554 -0.00792949
    outer loop
      vertex 31.0539 18.2461 9.9
      vertex 8.41086 11.9649 10.2
      vertex 31.0617 18.2508 10.2
    endloop
  endfacet
  facet normal -0.977649 0.207782 0.0320693
    outer loop
      vertex 8.41086 11.9649 10.2
      vertex 3.04255 -13.2939 10.2
      vertex 8.42044 11.9637 10.5
    endloop
  endfacet
  facet normal -0.967266 0.204162 0.150716
    outer loop
      vertex 8.42044 11.9637 10.5
      vertex 3.04255 -13.2939 10.2
      vertex 3.07321 -13.3701 10.5
    endloop
  endfacet
  facet normal -0.703063 -0.703066 -0.106771
    outer loop
      vertex 13.8795 -24.1764 10.5003
      vertex 3.04255 -13.2939 10.2
      vertex 14.0151 -24.2665 10.2003
    endloop
  endfacet
  facet normal -0.703063 -0.703066 -0.106772
    outer loop
      vertex 3.07321 -13.3701 10.5
      vertex 3.04255 -13.2939 10.2
      vertex 13.8795 -24.1764 10.5003
    endloop
  endfacet
  facet normal 0.119981 -0.934653 0.334708
    outer loop
      vertex 39.7649 -20.8537 10.5
      vertex 13.8795 -24.1764 10.5003
      vertex 14.0151 -24.2665 10.2003
    endloop
  endfacet
  facet normal 0.130538 -0.989851 0.0561727
    outer loop
      vertex 39.7649 -20.8537 10.5
      vertex 14.0151 -24.2665 10.2003
      vertex 39.8098 -20.8648 10.2
    endloop
  endfacet
  facet normal 0.947532 -0.319444 0.0117757
    outer loop
      vertex 47.2037 1.21101 10.5
      vertex 39.7649 -20.8537 10.5
      vertex 47.2099 1.21835 10.2
    endloop
  endfacet
  facet normal 0.937189 -0.314052 0.151818
    outer loop
      vertex 47.2099 1.21835 10.2
      vertex 39.7649 -20.8537 10.5
      vertex 39.8098 -20.8648 10.2
    endloop
  endfacet
  facet normal 0.725376 0.687718 -0.0295603
    outer loop
      vertex 47.2099 1.21835 10.2
      vertex 31.0617 18.2508 10.2
      vertex 31.0695 18.2554 10.5
    endloop
  endfacet
  facet normal 0.725865 0.6871 0.0318176
    outer loop
      vertex 47.2099 1.21835 10.2
      vertex 31.0695 18.2554 10.5
      vertex 47.2037 1.21101 10.5
    endloop
  endfacet
  facet normal -0.267383 0.963508 0.0125783
    outer loop
      vertex 31.0617 18.2508 10.2
      vertex 8.41086 11.9649 10.2
      vertex 8.42044 11.9637 10.5
    endloop
  endfacet
  facet normal -0.267648 0.963484 -0.00792183
    outer loop
      vertex 31.0617 18.2508 10.2
      vertex 8.42044 11.9637 10.5
      vertex 31.0695 18.2554 10.5
    endloop
  endfacet
  facet normal -0.977939 0.206414 0.0320735
    outer loop
      vertex 8.42044 11.9637 10.5
      vertex 3.07321 -13.3701 10.5
      vertex 8.43001 11.9624 10.8
    endloop
  endfacet
  facet normal -0.967594 0.202825 0.150415
    outer loop
      vertex 8.43001 11.9624 10.8
      vertex 3.07321 -13.3701 10.5
      vertex 3.10387 -13.4464 10.8
    endloop
  endfacet
  facet normal -0.703063 -0.703067 -0.106765
    outer loop
      vertex 13.7439 -24.0864 10.8004
      vertex 3.07321 -13.3701 10.5
      vertex 13.8795 -24.1764 10.5003
    endloop
  endfacet
  facet normal -0.703063 -0.703066 -0.106773
    outer loop
      vertex 3.10387 -13.4464 10.8
      vertex 3.07321 -13.3701 10.5
      vertex 13.7439 -24.0864 10.8004
    endloop
  endfacet
  facet normal 0.116824 -0.93547 0.33354
    outer loop
      vertex 39.7201 -20.8426 10.8
      vertex 13.7439 -24.0864 10.8004
      vertex 13.8795 -24.1764 10.5003
    endloop
  endfacet
  facet normal 0.127123 -0.990323 0.0556716
    outer loop
      vertex 39.7201 -20.8426 10.8
      vertex 13.8795 -24.1764 10.5003
      vertex 39.7649 -20.8537 10.5
    endloop
  endfacet
  facet normal 0.946947 -0.321175 0.0117213
    outer loop
      vertex 47.1975 1.20367 10.8
      vertex 39.7201 -20.8426 10.8
      vertex 47.2037 1.21101 10.5
    endloop
  endfacet
  facet normal 0.936619 -0.315765 0.151783
    outer loop
      vertex 47.2037 1.21101 10.5
      vertex 39.7201 -20.8426 10.8
      vertex 39.7649 -20.8537 10.5
    endloop
  endfacet
  facet normal 0.725916 0.687148 -0.0295654
    outer loop
      vertex 47.2037 1.21101 10.5
      vertex 31.0695 18.2554 10.5
      vertex 31.0774 18.26 10.8
    endloop
  endfacet
  facet normal 0.726405 0.68653 0.0318149
    outer loop
      vertex 47.2037 1.21101 10.5
      vertex 31.0774 18.26 10.8
      vertex 47.1975 1.20367 10.8
    endloop
  endfacet
  facet normal -0.267635 0.963438 0.0125891
    outer loop
      vertex 31.0695 18.2554 10.5
      vertex 8.42044 11.9637 10.5
      vertex 8.43001 11.9624 10.8
    endloop
  endfacet
  facet normal -0.267901 0.963414 -0.00792201
    outer loop
      vertex 31.0695 18.2554 10.5
      vertex 8.43001 11.9624 10.8
      vertex 31.0774 18.26 10.8
    endloop
  endfacet
  facet normal -0.978225 0.205054 0.0320762
    outer loop
      vertex 8.43001 11.9624 10.8
      vertex 3.10387 -13.4464 10.8
      vertex 8.43958 11.9611 11.1
    endloop
  endfacet
  facet normal -0.967919 0.201496 0.150106
    outer loop
      vertex 8.43958 11.9611 11.1
      vertex 3.10387 -13.4464 10.8
      vertex 3.13453 -13.5226 11.1
    endloop
  endfacet
  facet normal -0.703063 -0.703067 -0.106767
    outer loop
      vertex 13.6083 -23.9964 11.1004
      vertex 3.10387 -13.4464 10.8
      vertex 13.7439 -24.0864 10.8004
    endloop
  endfacet
  facet normal -0.703063 -0.703066 -0.106772
    outer loop
      vertex 3.13453 -13.5226 11.1
      vertex 3.10387 -13.4464 10.8
      vertex 13.6083 -23.9964 11.1004
    endloop
  endfacet
  facet normal 0.113683 -0.936277 0.332356
    outer loop
      vertex 39.6752 -20.8315 11.1
      vertex 13.6083 -23.9964 11.1004
      vertex 13.7439 -24.0864 10.8004
    endloop
  endfacet
  facet normal 0.123727 -0.99078 0.0551945
    outer loop
      vertex 39.6752 -20.8315 11.1
      vertex 13.7439 -24.0864 10.8004
      vertex 39.7201 -20.8426 10.8
    endloop
  endfacet
  facet normal 0.946359 -0.322906 0.0116667
    outer loop
      vertex 47.1913 1.19633 11.1
      vertex 39.6752 -20.8315 11.1
      vertex 47.1975 1.20367 10.8
    endloop
  endfacet
  facet normal 0.936041 -0.317476 0.151775
    outer loop
      vertex 47.1975 1.20367 10.8
      vertex 39.6752 -20.8315 11.1
      vertex 39.7201 -20.8426 10.8
    endloop
  endfacet
  facet normal 0.726455 0.686578 -0.0295618
    outer loop
      vertex 47.1975 1.20367 10.8
      vertex 31.0774 18.26 10.8
      vertex 31.0852 18.2647 11.1
    endloop
  endfacet
  facet normal 0.726943 0.68596 0.031812
    outer loop
      vertex 47.1975 1.20367 10.8
      vertex 31.0852 18.2647 11.1
      vertex 47.1913 1.19633 11.1
    endloop
  endfacet
  facet normal -0.267888 0.963368 0.0125938
    outer loop
      vertex 31.0774 18.26 10.8
      vertex 8.43001 11.9624 10.8
      vertex 8.43958 11.9611 11.1
    endloop
  endfacet
  facet normal -0.268153 0.963344 -0.00790208
    outer loop
      vertex 31.0774 18.26 10.8
      vertex 8.43958 11.9611 11.1
      vertex 31.0852 18.2647 11.1
    endloop
  endfacet
  facet normal -0.978508 0.2037 0.0320802
    outer loop
      vertex 8.43958 11.9611 11.1
      vertex 3.13453 -13.5226 11.1
      vertex 8.44915 11.9599 11.4
    endloop
  endfacet
  facet normal -0.968241 0.200173 0.149803
    outer loop
      vertex 8.44915 11.9599 11.4
      vertex 3.13453 -13.5226 11.1
      vertex 3.16518 -13.5988 11.4
    endloop
  endfacet
  facet normal -0.703063 -0.703067 -0.106767
    outer loop
      vertex 13.4727 -23.9063 11.4004
      vertex 3.13453 -13.5226 11.1
      vertex 13.6083 -23.9964 11.1004
    endloop
  endfacet
  facet normal -0.703063 -0.703067 -0.106772
    outer loop
      vertex 3.16518 -13.5988 11.4
      vertex 3.13453 -13.5226 11.1
      vertex 13.4727 -23.9063 11.4004
    endloop
  endfacet
  facet normal 0.110557 -0.937068 0.331181
    outer loop
      vertex 39.6303 -20.8203 11.4
      vertex 13.4727 -23.9063 11.4004
      vertex 13.6083 -23.9964 11.1004
    endloop
  endfacet
  facet normal 0.120351 -0.991224 0.0546917
    outer loop
      vertex 39.6303 -20.8203 11.4
      vertex 13.6083 -23.9964 11.1004
      vertex 39.6752 -20.8315 11.1
    endloop
  endfacet
  facet normal 0.945768 -0.324637 0.0116001
    outer loop
      vertex 47.1851 1.18899 11.4
      vertex 39.6303 -20.8203 11.4
      vertex 47.1913 1.19633 11.1
    endloop
  endfacet
  facet normal 0.935465 -0.319189 0.151736
    outer loop
      vertex 47.1913 1.19633 11.1
      vertex 39.6303 -20.8203 11.4
      vertex 39.6752 -20.8315 11.1
    endloop
  endfacet
  facet normal 0.726993 0.686007 -0.029585
    outer loop
      vertex 47.1913 1.19633 11.1
      vertex 31.0852 18.2647 11.1
      vertex 31.093 18.2693 11.4
    endloop
  endfacet
  facet normal 0.727482 0.685389 0.0317999
    outer loop
      vertex 47.1913 1.19633 11.1
      vertex 31.093 18.2693 11.4
      vertex 47.1851 1.18899 11.4
    endloop
  endfacet
  facet normal -0.26814 0.963298 0.0126046
    outer loop
      vertex 31.0852 18.2647 11.1
      vertex 8.43958 11.9611 11.1
      vertex 8.44915 11.9599 11.4
    endloop
  endfacet
  facet normal -0.268405 0.963274 -0.00790325
    outer loop
      vertex 31.0852 18.2647 11.1
      vertex 8.44915 11.9599 11.4
      vertex 31.093 18.2693 11.4
    endloop
  endfacet
  facet normal -0.978787 0.202353 0.0320828
    outer loop
      vertex 8.44915 11.9599 11.4
      vertex 3.16518 -13.5988 11.4
      vertex 8.45873 11.9586 11.7
    endloop
  endfacet
  facet normal -0.968558 0.198856 0.149504
    outer loop
      vertex 8.45873 11.9586 11.7
      vertex 3.16518 -13.5988 11.4
      vertex 3.19584 -13.675 11.7
    endloop
  endfacet
  facet normal -0.703063 -0.703067 -0.106762
    outer loop
      vertex 13.3371 -23.8163 11.7004
      vertex 3.16518 -13.5988 11.4
      vertex 13.4727 -23.9063 11.4004
    endloop
  endfacet
  facet normal -0.703063 -0.703067 -0.106772
    outer loop
      vertex 3.19584 -13.675 11.7
      vertex 3.16518 -13.5988 11.4
      vertex 13.3371 -23.8163 11.7004
    endloop
  endfacet
  facet normal 0.107446 -0.937842 0.330012
    outer loop
      vertex 39.5854 -20.8092 11.7
      vertex 13.3371 -23.8163 11.7004
      vertex 13.4727 -23.9063 11.4004
    endloop
  endfacet
  facet normal 0.116993 -0.991652 0.0542194
    outer loop
      vertex 39.5854 -20.8092 11.7
      vertex 13.4727 -23.9063 11.4004
      vertex 39.6303 -20.8203 11.4
    endloop
  endfacet
  facet normal 0.945173 -0.326367 0.0115575
    outer loop
      vertex 47.1789 1.18165 11.7
      vertex 39.5854 -20.8092 11.7
      vertex 47.1851 1.18899 11.4
    endloop
  endfacet
  facet normal 0.934881 -0.3209 0.151728
    outer loop
      vertex 47.1851 1.18899 11.4
      vertex 39.5854 -20.8092 11.7
      vertex 39.6303 -20.8203 11.4
    endloop
  endfacet
  facet normal 0.727532 0.685436 -0.0295723
    outer loop
      vertex 47.1851 1.18899 11.4
      vertex 31.093 18.2693 11.4
      vertex 31.1008 18.274 11.7
    endloop
  endfacet
  facet normal 0.72802 0.684818 0.0318063
    outer loop
      vertex 47.1851 1.18899 11.4
      vertex 31.1008 18.274 11.7
      vertex 47.1789 1.18165 11.7
    endloop
  endfacet
  facet normal -0.268392 0.963227 0.0126093
    outer loop
      vertex 31.093 18.2693 11.4
      vertex 8.44915 11.9599 11.4
      vertex 8.45873 11.9586 11.7
    endloop
  endfacet
  facet normal -0.268657 0.963204 -0.00788675
    outer loop
      vertex 31.093 18.2693 11.4
      vertex 8.45873 11.9586 11.7
      vertex 31.1008 18.274 11.7
    endloop
  endfacet
  facet normal -0.979063 0.201013 0.0320897
    outer loop
      vertex 8.45873 11.9586 11.7
      vertex 3.19584 -13.675 11.7
      vertex 8.4683 11.9574 12
    endloop
  endfacet
  facet normal -0.968873 0.197546 0.1492
    outer loop
      vertex 8.4683 11.9574 12
      vertex 3.19584 -13.675 11.7
      vertex 3.2265 -13.7512 12
    endloop
  endfacet
  facet normal -0.703063 -0.703067 -0.106771
    outer loop
      vertex 13.2015 -23.7263 12.0004
      vertex 3.19584 -13.675 11.7
      vertex 13.3371 -23.8163 11.7004
    endloop
  endfacet
  facet normal -0.703062 -0.703067 -0.106772
    outer loop
      vertex 3.2265 -13.7512 12
      vertex 3.19584 -13.675 11.7
      vertex 13.2015 -23.7263 12.0004
    endloop
  endfacet
  facet normal 0.104351 -0.938606 0.328831
    outer loop
      vertex 39.5406 -20.7981 12
      vertex 13.2015 -23.7263 12.0004
      vertex 13.3371 -23.8163 11.7004
    endloop
  endfacet
  facet normal 0.113654 -0.992067 0.0537214
    outer loop
      vertex 39.5406 -20.7981 12
      vertex 13.3371 -23.8163 11.7004
      vertex 39.5854 -20.8092 11.7
    endloop
  endfacet
  facet normal 0.944574 -0.328096 0.0115028
    outer loop
      vertex 47.1727 1.17431 12
      vertex 39.5406 -20.7981 12
      vertex 47.1789 1.18165 11.7
    endloop
  endfacet
  facet normal 0.934298 -0.322612 0.151688
    outer loop
      vertex 47.1789 1.18165 11.7
      vertex 39.5406 -20.7981 12
      vertex 39.5854 -20.8092 11.7
    endloop
  endfacet
  facet normal 0.728069 0.684865 -0.0295861
    outer loop
      vertex 47.1789 1.18165 11.7
      vertex 31.1008 18.274 11.7
      vertex 31.1087 18.2786 12
    endloop
  endfacet
  facet normal 0.728557 0.684246 0.0318034
    outer loop
      vertex 47.1789 1.18165 11.7
      vertex 31.1087 18.2786 12
      vertex 47.1727 1.17431 12
    endloop
  endfacet
  facet normal -0.268644 0.963157 0.012621
    outer loop
      vertex 31.1008 18.274 11.7
      vertex 8.45873 11.9586 11.7
      vertex 8.4683 11.9574 12
    endloop
  endfacet
  facet normal -0.268909 0.963133 -0.00789133
    outer loop
      vertex 31.1008 18.274 11.7
      vertex 8.4683 11.9574 12
      vertex 31.1087 18.2786 12
    endloop
  endfacet
  facet normal -0.979336 0.19968 0.0320891
    outer loop
      vertex 8.4683 11.9574 12
      vertex 3.2265 -13.7512 12
      vertex 8.47787 11.9561 12.3
    endloop
  endfacet
  facet normal -0.969183 0.196243 0.148904
    outer loop
      vertex 8.47787 11.9561 12.3
      vertex 3.2265 -13.7512 12
      vertex 3.25716 -13.8274 12.3
    endloop
  endfacet
  facet normal -0.703063 -0.703067 -0.106765
    outer loop
      vertex 13.066 -23.6362 12.3004
      vertex 3.2265 -13.7512 12
      vertex 13.2015 -23.7263 12.0004
    endloop
  endfacet
  facet normal -0.703063 -0.703067 -0.106771
    outer loop
      vertex 3.25716 -13.8274 12.3
      vertex 3.2265 -13.7512 12
      vertex 13.066 -23.6362 12.3004
    endloop
  endfacet
  facet normal 0.10127 -0.939348 0.327673
    outer loop
      vertex 39.4957 -20.787 12.3
      vertex 13.066 -23.6362 12.3004
      vertex 13.2015 -23.7263 12.0004
    endloop
  endfacet
  facet normal 0.110335 -0.992467 0.0532475
    outer loop
      vertex 39.4957 -20.787 12.3
      vertex 13.2015 -23.7263 12.0004
      vertex 39.5406 -20.7981 12
    endloop
  endfacet
  facet normal 0.943972 -0.329826 0.0114481
    outer loop
      vertex 47.1665 1.16698 12.3
      vertex 39.4957 -20.787 12.3
      vertex 47.1727 1.17431 12
    endloop
  endfacet
  facet normal 0.933707 -0.324322 0.151678
    outer loop
      vertex 47.1727 1.17431 12
      vertex 39.4957 -20.787 12.3
      vertex 39.5406 -20.7981 12
    endloop
  endfacet
  facet normal 0.728607 0.684293 -0.0295917
    outer loop
      vertex 47.1727 1.17431 12
      vertex 31.1087 18.2786 12
      vertex 31.1165 18.2832 12.3
    endloop
  endfacet
  facet normal 0.729095 0.683674 0.0318006
    outer loop
      vertex 47.1727 1.17431 12
      vertex 31.1165 18.2832 12.3
      vertex 47.1665 1.16698 12.3
    endloop
  endfacet
  facet normal -0.268896 0.963086 0.0126248
    outer loop
      vertex 31.1087 18.2786 12
      vertex 8.4683 11.9574 12
      vertex 8.47787 11.9561 12.3
    endloop
  endfacet
  facet normal -0.269161 0.963063 -0.00787586
    outer loop
      vertex 31.1087 18.2786 12
      vertex 8.47787 11.9561 12.3
      vertex 31.1165 18.2832 12.3
    endloop
  endfacet
  facet normal -0.979605 0.198353 0.0320927
    outer loop
      vertex 8.47787 11.9561 12.3
      vertex 3.25716 -13.8274 12.3
      vertex 8.48745 11.9548 12.6
    endloop
  endfacet
  facet normal -0.969491 0.194945 0.148602
    outer loop
      vertex 8.48745 11.9548 12.6
      vertex 3.25716 -13.8274 12.3
      vertex 3.28782 -13.9037 12.6
    endloop
  endfacet
  facet normal -0.703063 -0.703067 -0.106771
    outer loop
      vertex 12.9304 -23.5462 12.6004
      vertex 3.25716 -13.8274 12.3
      vertex 13.066 -23.6362 12.3004
    endloop
  endfacet
  facet normal -0.703062 -0.703067 -0.106773
    outer loop
      vertex 3.28782 -13.9037 12.6
      vertex 3.25716 -13.8274 12.3
      vertex 12.9304 -23.5462 12.6004
    endloop
  endfacet
  facet normal 0.0982049 -0.940083 0.326496
    outer loop
      vertex 39.4508 -20.7759 12.6
      vertex 12.9304 -23.5462 12.6004
      vertex 13.066 -23.6362 12.3004
    endloop
  endfacet
  facet normal 0.107034 -0.992854 0.0527665
    outer loop
      vertex 39.4508 -20.7759 12.6
      vertex 13.066 -23.6362 12.3004
      vertex 39.4957 -20.787 12.3
    endloop
  endfacet
  facet normal 0.943367 -0.331554 0.0113933
    outer loop
      vertex 47.1602 1.15964 12.6
      vertex 39.4508 -20.7759 12.6
      vertex 47.1665 1.16698 12.3
    endloop
  endfacet
  facet normal 0.933117 -0.326033 0.151641
    outer loop
      vertex 47.1665 1.16698 12.3
      vertex 39.4508 -20.7759 12.6
      vertex 39.4957 -20.787 12.3
    endloop
  endfacet
  facet normal 0.729144 0.68372 -0.0295967
    outer loop
      vertex 47.1665 1.16698 12.3
      vertex 31.1165 18.2832 12.3
      vertex 31.1243 18.2879 12.6
    endloop
  endfacet
  facet normal 0.729631 0.683101 0.0317976
    outer loop
      vertex 47.1665 1.16698 12.3
      vertex 31.1243 18.2879 12.6
      vertex 47.1602 1.15964 12.6
    endloop
  endfacet
  facet normal -0.269148 0.963016 0.0126356
    outer loop
      vertex 31.1165 18.2832 12.3
      vertex 8.47787 11.9561 12.3
      vertex 8.48745 11.9548 12.6
    endloop
  endfacet
  facet normal -0.269414 0.962992 -0.00786817
    outer loop
      vertex 31.1165 18.2832 12.3
      vertex 8.48745 11.9548 12.6
      vertex 31.1243 18.2879 12.6
    endloop
  endfacet
  facet normal -0.979871 0.197033 0.032095
    outer loop
      vertex 8.48745 11.9548 12.6
      vertex 3.28782 -13.9037 12.6
      vertex 8.49702 11.9536 12.9
    endloop
  endfacet
  facet normal -0.969795 0.193655 0.148306
    outer loop
      vertex 8.49702 11.9536 12.9
      vertex 3.28782 -13.9037 12.6
      vertex 3.31847 -13.9799 12.9
    endloop
  endfacet
  facet normal -0.703063 -0.703068 -0.106762
    outer loop
      vertex 12.7948 -23.4562 12.9004
      vertex 3.28782 -13.9037 12.6
      vertex 12.9304 -23.5462 12.6004
    endloop
  endfacet
  facet normal -0.703062 -0.703067 -0.106775
    outer loop
      vertex 3.31847 -13.9799 12.9
      vertex 3.28782 -13.9037 12.6
      vertex 12.7948 -23.4562 12.9004
    endloop
  endfacet
  facet normal 0.095154 -0.940796 0.325344
    outer loop
      vertex 39.4059 -20.7648 12.9
      vertex 12.7948 -23.4562 12.9004
      vertex 12.9304 -23.5462 12.6004
    endloop
  endfacet
  facet normal 0.103752 -0.993228 0.0522908
    outer loop
      vertex 39.4059 -20.7648 12.9
      vertex 12.9304 -23.5462 12.6004
      vertex 39.4508 -20.7759 12.6
    endloop
  endfacet
  facet normal 0.942759 -0.333283 0.0113384
    outer loop
      vertex 47.154 1.1523 12.9
      vertex 39.4059 -20.7648 12.9
      vertex 47.1602 1.15964 12.6
    endloop
  endfacet
  facet normal 0.932521 -0.327742 0.151626
    outer loop
      vertex 47.1602 1.15964 12.6
      vertex 39.4059 -20.7648 12.9
      vertex 39.4508 -20.7759 12.6
    endloop
  endfacet
  facet normal 0.729681 0.683147 -0.0295972
    outer loop
      vertex 47.1602 1.15964 12.6
      vertex 31.1243 18.2879 12.6
      vertex 31.1321 18.2925 12.9
    endloop
  endfacet
  facet normal 0.730168 0.682528 0.0317947
    outer loop
      vertex 47.1602 1.15964 12.6
      vertex 31.1321 18.2925 12.9
      vertex 47.154 1.1523 12.9
    endloop
  endfacet
  facet normal -0.2694 0.962945 0.0126403
    outer loop
      vertex 31.1243 18.2879 12.6
      vertex 8.48745 11.9548 12.6
      vertex 8.49702 11.9536 12.9
    endloop
  endfacet
  facet normal -0.269666 0.962922 -0.00786222
    outer loop
      vertex 31.1243 18.2879 12.6
      vertex 8.49702 11.9536 12.9
      vertex 31.1321 18.2925 12.9
    endloop
  endfacet
  facet normal -0.980135 0.195719 0.0320985
    outer loop
      vertex 8.49702 11.9536 12.9
      vertex 3.31847 -13.9799 12.9
      vertex 8.50659 11.9523 13.2
    endloop
  endfacet
  facet normal -0.970096 0.19237 0.148013
    outer loop
      vertex 8.50659 11.9523 13.2
      vertex 3.31847 -13.9799 12.9
      vertex 3.34913 -14.0561 13.2
    endloop
  endfacet
  facet normal -0.703063 -0.703067 -0.106767
    outer loop
      vertex 12.6592 -23.3661 13.2004
      vertex 3.31847 -13.9799 12.9
      vertex 12.7948 -23.4562 12.9004
    endloop
  endfacet
  facet normal -0.703062 -0.703067 -0.10677
    outer loop
      vertex 3.34913 -14.0561 13.2
      vertex 3.31847 -13.9799 12.9
      vertex 12.6592 -23.3661 13.2004
    endloop
  endfacet
  facet normal 0.0921189 -0.9415 0.324177
    outer loop
      vertex 39.3611 -20.7537 13.2
      vertex 12.6592 -23.3661 13.2004
      vertex 12.7948 -23.4562 12.9004
    endloop
  endfacet
  facet normal 0.100489 -0.993588 0.051816
    outer loop
      vertex 39.3611 -20.7537 13.2
      vertex 12.7948 -23.4562 12.9004
      vertex 39.4059 -20.7648 12.9
    endloop
  endfacet
  facet normal 0.942147 -0.335011 0.0112715
    outer loop
      vertex 47.1478 1.14496 13.2
      vertex 39.3611 -20.7537 13.2
      vertex 47.154 1.1523 12.9
    endloop
  endfacet
  facet normal 0.931922 -0.329452 0.1516
    outer loop
      vertex 47.154 1.1523 12.9
      vertex 39.3611 -20.7537 13.2
      vertex 39.4059 -20.7648 12.9
    endloop
  endfacet
  facet normal 0.730217 0.682574 -0.029607
    outer loop
      vertex 47.154 1.1523 12.9
      vertex 31.1321 18.2925 12.9
      vertex 31.14 18.2972 13.2
    endloop
  endfacet
  facet normal 0.730704 0.681954 0.0317824
    outer loop
      vertex 47.154 1.1523 12.9
      vertex 31.14 18.2972 13.2
      vertex 47.1478 1.14496 13.2
    endloop
  endfacet
  facet normal -0.269652 0.962875 0.0126511
    outer loop
      vertex 31.1321 18.2925 12.9
      vertex 8.49702 11.9536 12.9
      vertex 8.50659 11.9523 13.2
    endloop
  endfacet
  facet normal -0.269918 0.962851 -0.00785283
    outer loop
      vertex 31.1321 18.2925 12.9
      vertex 8.50659 11.9523 13.2
      vertex 31.14 18.2972 13.2
    endloop
  endfacet
  facet normal -0.980395 0.194412 0.0321013
    outer loop
      vertex 8.50659 11.9523 13.2
      vertex 3.34913 -14.0561 13.2
      vertex 8.51617 11.9511 13.5
    endloop
  endfacet
  facet normal -0.970394 0.191091 0.147715
    outer loop
      vertex 8.51617 11.9511 13.5
      vertex 3.34913 -14.0561 13.2
      vertex 3.37979 -14.1323 13.5
    endloop
  endfacet
  facet normal -0.703063 -0.703068 -0.106767
    outer loop
      vertex 12.5236 -23.2761 13.5004
      vertex 3.34913 -14.0561 13.2
      vertex 12.6592 -23.3661 13.2004
    endloop
  endfacet
  facet normal -0.703062 -0.703067 -0.106773
    outer loop
      vertex 3.37979 -14.1323 13.5
      vertex 3.34913 -14.0561 13.2
      vertex 12.5236 -23.2761 13.5004
    endloop
  endfacet
  facet normal 0.0890987 -0.942189 0.323019
    outer loop
      vertex 39.3162 -20.7426 13.5
      vertex 12.5236 -23.2761 13.5004
      vertex 12.6592 -23.3661 13.2004
    endloop
  endfacet
  facet normal 0.0972445 -0.993936 0.0513361
    outer loop
      vertex 39.3162 -20.7426 13.5
      vertex 12.6592 -23.3661 13.2004
      vertex 39.3611 -20.7537 13.2
    endloop
  endfacet
  facet normal 0.941531 -0.336738 0.0112285
    outer loop
      vertex 47.1416 1.13762 13.5
      vertex 39.3162 -20.7426 13.5
      vertex 47.1478 1.14496 13.2
    endloop
  endfacet
  facet normal 0.931322 -0.331162 0.15156
    outer loop
      vertex 47.1478 1.14496 13.2
      vertex 39.3162 -20.7426 13.5
      vertex 39.3611 -20.7537 13.2
    endloop
  endfacet
  facet normal 0.730752 0.682 -0.0296164
    outer loop
      vertex 47.1478 1.14496 13.2
      vertex 31.14 18.2972 13.2
      vertex 31.1478 18.3018 13.5
    endloop
  endfacet
  facet normal 0.731239 0.68138 0.0317887
    outer loop
      vertex 47.1478 1.14496 13.2
      vertex 31.1478 18.3018 13.5
      vertex 47.1416 1.13762 13.5
    endloop
  endfacet
  facet normal -0.269904 0.962804 0.0126588
    outer loop
      vertex 31.14 18.2972 13.2
      vertex 8.50659 11.9523 13.2
      vertex 8.51617 11.9511 13.5
    endloop
  endfacet
  facet normal -0.27017 0.962781 -0.00785128
    outer loop
      vertex 31.14 18.2972 13.2
      vertex 8.51617 11.9511 13.5
      vertex 31.1478 18.3018 13.5
    endloop
  endfacet
  facet normal -0.980652 0.193111 0.0321036
    outer loop
      vertex 8.51617 11.9511 13.5
      vertex 3.37979 -14.1323 13.5
      vertex 8.52574 11.9498 13.8
    endloop
  endfacet
  facet normal -0.970688 0.189819 0.147423
    outer loop
      vertex 8.52574 11.9498 13.8
      vertex 3.37979 -14.1323 13.5
      vertex 3.41045 -14.2085 13.8
    endloop
  endfacet
  facet normal -0.703062 -0.703067 -0.106768
    outer loop
      vertex 12.388 -23.1861 13.8005
      vertex 3.37979 -14.1323 13.5
      vertex 12.5236 -23.2761 13.5004
    endloop
  endfacet
  facet normal -0.703062 -0.703067 -0.106775
    outer loop
      vertex 3.41045 -14.2085 13.8
      vertex 3.37979 -14.1323 13.5
      vertex 12.388 -23.1861 13.8005
    endloop
  endfacet
  facet normal 0.0860936 -0.942864 0.321863
    outer loop
      vertex 39.2713 -20.7315 13.8
      vertex 12.388 -23.1861 13.8005
      vertex 12.5236 -23.2761 13.5004
    endloop
  endfacet
  facet normal 0.0940188 -0.994269 0.0508787
    outer loop
      vertex 39.2713 -20.7315 13.8
      vertex 12.5236 -23.2761 13.5004
      vertex 39.3162 -20.7426 13.5
    endloop
  endfacet
  facet normal 0.940913 -0.338465 0.0111735
    outer loop
      vertex 47.1354 1.13028 13.8
      vertex 39.2713 -20.7315 13.8
      vertex 47.1416 1.13762 13.5
    endloop
  endfacet
  facet normal 0.930717 -0.332871 0.151537
    outer loop
      vertex 47.1416 1.13762 13.5
      vertex 39.2713 -20.7315 13.8
      vertex 39.3162 -20.7426 13.5
    endloop
  endfacet
  facet normal 0.731288 0.681426 -0.0296083
    outer loop
      vertex 47.1416 1.13762 13.5
      vertex 31.1478 18.3018 13.5
      vertex 31.1556 18.3064 13.8
    endloop
  endfacet
  facet normal 0.731774 0.680805 0.0317859
    outer loop
      vertex 47.1416 1.13762 13.5
      vertex 31.1556 18.3064 13.8
      vertex 47.1354 1.13028 13.8
    endloop
  endfacet
  facet normal -0.270157 0.962733 0.0126636
    outer loop
      vertex 31.1478 18.3018 13.5
      vertex 8.51617 11.9511 13.5
      vertex 8.52574 11.9498 13.8
    endloop
  endfacet
  facet normal -0.270422 0.96271 -0.00783312
    outer loop
      vertex 31.1478 18.3018 13.5
      vertex 8.52574 11.9498 13.8
      vertex 31.1556 18.3064 13.8
    endloop
  endfacet
  facet normal -0.980905 0.191817 0.0321098
    outer loop
      vertex 8.52574 11.9498 13.8
      vertex 3.41045 -14.2085 13.8
      vertex 8.53531 11.9485 14.1
    endloop
  endfacet
  facet normal -0.970979 0.188553 0.147133
    outer loop
      vertex 8.53531 11.9485 14.1
      vertex 3.41045 -14.2085 13.8
      vertex 3.44111 -14.2848 14.1
    endloop
  endfacet
  facet normal -0.703062 -0.703068 -0.106766
    outer loop
      vertex 12.2524 -23.096 14.1005
      vertex 3.41045 -14.2085 13.8
      vertex 12.388 -23.1861 13.8005
    endloop
  endfacet
  facet normal -0.703062 -0.703068 -0.106771
    outer loop
      vertex 3.44111 -14.2848 14.1
      vertex 3.41045 -14.2085 13.8
      vertex 12.2524 -23.096 14.1005
    endloop
  endfacet
  facet normal 0.0831035 -0.943525 0.32071
    outer loop
      vertex 39.2264 -20.7204 14.1
      vertex 12.2524 -23.096 14.1005
      vertex 12.388 -23.1861 13.8005
    endloop
  endfacet
  facet normal 0.090812 -0.994592 0.0503994
    outer loop
      vertex 39.2264 -20.7204 14.1
      vertex 12.388 -23.1861 13.8005
      vertex 39.2713 -20.7315 13.8
    endloop
  endfacet
  facet normal 0.94029 -0.340192 0.0111183
    outer loop
      vertex 47.1292 1.12294 14.1
      vertex 39.2264 -20.7204 14.1
      vertex 47.1354 1.13028 13.8
    endloop
  endfacet
  facet normal 0.930107 -0.334579 0.151516
    outer loop
      vertex 47.1354 1.13028 13.8
      vertex 39.2264 -20.7204 14.1
      vertex 39.2713 -20.7315 13.8
    endloop
  endfacet
  facet normal 0.731823 0.680851 -0.0296266
    outer loop
      vertex 47.1354 1.13028 13.8
      vertex 31.1556 18.3064 13.8
      vertex 31.1634 18.3111 14.1
    endloop
  endfacet
  facet normal 0.732309 0.68023 0.0317827
    outer loop
      vertex 47.1354 1.13028 13.8
      vertex 31.1634 18.3111 14.1
      vertex 47.1292 1.12294 14.1
    endloop
  endfacet
  facet normal -0.270408 0.962662 0.0126752
    outer loop
      vertex 31.1556 18.3064 13.8
      vertex 8.52574 11.9498 13.8
      vertex 8.53531 11.9485 14.1
    endloop
  endfacet
  facet normal -0.270674 0.962639 -0.00783594
    outer loop
      vertex 31.1556 18.3064 13.8
      vertex 8.53531 11.9485 14.1
      vertex 31.1634 18.3111 14.1
    endloop
  endfacet
  facet normal -0.981156 0.190529 0.0321087
    outer loop
      vertex 8.53531 11.9485 14.1
      vertex 3.44111 -14.2848 14.1
      vertex 8.54489 11.9473 14.4
    endloop
  endfacet
  facet normal -0.971267 0.187293 0.14684
    outer loop
      vertex 8.54489 11.9473 14.4
      vertex 3.44111 -14.2848 14.1
      vertex 3.47177 -14.361 14.4
    endloop
  endfacet
  facet normal -0.703063 -0.703068 -0.106762
    outer loop
      vertex 12.1168 -23.006 14.4005
      vertex 3.44111 -14.2848 14.1
      vertex 12.2524 -23.096 14.1005
    endloop
  endfacet
  facet normal -0.703062 -0.703068 -0.106773
    outer loop
      vertex 3.47177 -14.361 14.4
      vertex 3.44111 -14.2848 14.1
      vertex 12.1168 -23.006 14.4005
    endloop
  endfacet
  facet normal 0.0801283 -0.94417 0.319565
    outer loop
      vertex 39.1816 -20.7093 14.4
      vertex 12.1168 -23.006 14.4005
      vertex 12.2524 -23.096 14.1005
    endloop
  endfacet
  facet normal 0.0876236 -0.994901 0.0499402
    outer loop
      vertex 39.1816 -20.7093 14.4
      vertex 12.2524 -23.096 14.1005
      vertex 39.2264 -20.7204 14.1
    endloop
  endfacet
  facet normal 0.939665 -0.341918 0.0110512
    outer loop
      vertex 47.123 1.1156 14.4
      vertex 39.1816 -20.7093 14.4
      vertex 47.1292 1.12294 14.1
    endloop
  endfacet
  facet normal 0.929496 -0.336286 0.15149
    outer loop
      vertex 47.1292 1.12294 14.1
      vertex 39.1816 -20.7093 14.4
      vertex 39.2264 -20.7204 14.1
    endloop
  endfacet
  facet normal 0.732358 0.680276 -0.029623
    outer loop
      vertex 47.1292 1.12294 14.1
      vertex 31.1634 18.3111 14.1
      vertex 31.1713 18.3157 14.4
    endloop
  endfacet
  facet normal 0.732843 0.679655 0.0317704
    outer loop
      vertex 47.1292 1.12294 14.1
      vertex 31.1713 18.3157 14.4
      vertex 47.123 1.1156 14.4
    endloop
  endfacet
  facet normal -0.270661 0.962591 0.012679
    outer loop
      vertex 31.1634 18.3111 14.1
      vertex 8.53531 11.9485 14.1
      vertex 8.54489 11.9473 14.4
    endloop
  endfacet
  facet normal -0.270926 0.962568 -0.00781604
    outer loop
      vertex 31.1634 18.3111 14.1
      vertex 8.54489 11.9473 14.4
      vertex 31.1713 18.3157 14.4
    endloop
  endfacet
  facet normal -0.981404 0.189248 0.0321118
    outer loop
      vertex 8.54489 11.9473 14.4
      vertex 3.47177 -14.361 14.4
      vertex 8.55446 11.946 14.7
    endloop
  endfacet
  facet normal -0.971551 0.186039 0.146551
    outer loop
      vertex 8.55446 11.946 14.7
      vertex 3.47177 -14.361 14.4
      vertex 3.50242 -14.4372 14.7
    endloop
  endfacet
  facet normal -0.703062 -0.703068 -0.10677
    outer loop
      vertex 11.9812 -22.916 14.7005
      vertex 3.47177 -14.361 14.4
      vertex 12.1168 -23.006 14.4005
    endloop
  endfacet
  facet normal -0.703061 -0.703067 -0.106775
    outer loop
      vertex 3.50242 -14.4372 14.7
      vertex 3.47177 -14.361 14.4
      vertex 11.9812 -22.916 14.7005
    endloop
  endfacet
  facet normal 0.0771687 -0.944808 0.318406
    outer loop
      vertex 39.1367 -20.6982 14.7
      vertex 11.9812 -22.916 14.7005
      vertex 12.1168 -23.006 14.4005
    endloop
  endfacet
  facet normal 0.0844537 -0.995198 0.0494759
    outer loop
      vertex 39.1367 -20.6982 14.7
      vertex 12.1168 -23.006 14.4005
      vertex 39.1816 -20.7093 14.4
    endloop
  endfacet
  facet normal 0.939036 -0.343644 0.011008
    outer loop
      vertex 47.1168 1.10826 14.7
      vertex 39.1367 -20.6982 14.7
      vertex 47.123 1.1156 14.4
    endloop
  endfacet
  facet normal 0.928882 -0.337995 0.15145
    outer loop
      vertex 47.123 1.1156 14.4
      vertex 39.1367 -20.6982 14.7
      vertex 39.1816 -20.7093 14.4
    endloop
  endfacet
  facet normal 0.732892 0.6797 -0.029632
    outer loop
      vertex 47.123 1.1156 14.4
      vertex 31.1713 18.3157 14.4
      vertex 31.1791 18.3204 14.7
    endloop
  endfacet
  facet normal 0.733377 0.679079 0.0317767
    outer loop
      vertex 47.123 1.1156 14.4
      vertex 31.1791 18.3204 14.7
      vertex 47.1168 1.10826 14.7
    endloop
  endfacet
  facet normal -0.270912 0.96252 0.0126898
    outer loop
      vertex 31.1713 18.3157 14.4
      vertex 8.54489 11.9473 14.4
      vertex 8.55446 11.946 14.7
    endloop
  endfacet
  facet normal -0.271178 0.962497 -0.00782233
    outer loop
      vertex 31.1713 18.3157 14.4
      vertex 8.55446 11.946 14.7
      vertex 31.1791 18.3204 14.7
    endloop
  endfacet
  facet normal -0.981649 0.187973 0.0321137
    outer loop
      vertex 8.55446 11.946 14.7
      vertex 3.50242 -14.4372 14.7
      vertex 8.56403 11.9448 15
    endloop
  endfacet
  facet normal -0.971833 0.184791 0.146265
    outer loop
      vertex 8.56403 11.9448 15
      vertex 3.50242 -14.4372 14.7
      vertex 3.53308 -14.5134 15
    endloop
  endfacet
  facet normal -0.703062 -0.703068 -0.106764
    outer loop
      vertex 11.8456 -22.8259 15.0005
      vertex 3.50242 -14.4372 14.7
      vertex 11.9812 -22.916 14.7005
    endloop
  endfacet
  facet normal -0.703062 -0.703068 -0.106771
    outer loop
      vertex 3.53308 -14.5134 15
      vertex 3.50242 -14.4372 14.7
      vertex 11.8456 -22.8259 15.0005
    endloop
  endfacet
  facet normal 0.0742233 -0.945425 0.317273
    outer loop
      vertex 39.0918 -20.6871 15
      vertex 11.8456 -22.8259 15.0005
      vertex 11.9812 -22.916 14.7005
    endloop
  endfacet
  facet normal 0.0813025 -0.995484 0.0490152
    outer loop
      vertex 39.0918 -20.6871 15
      vertex 11.9812 -22.916 14.7005
      vertex 39.1367 -20.6982 14.7
    endloop
  endfacet
  facet normal 0.938403 -0.345368 0.0109527
    outer loop
      vertex 47.1106 1.10092 15
      vertex 39.0918 -20.6871 15
      vertex 47.1168 1.10826 14.7
    endloop
  endfacet
  facet normal 0.928264 -0.339702 0.151421
    outer loop
      vertex 47.1168 1.10826 14.7
      vertex 39.0918 -20.6871 15
      vertex 39.1367 -20.6982 14.7
    endloop
  endfacet
  facet normal 0.733425 0.679124 -0.0296373
    outer loop
      vertex 47.1168 1.10826 14.7
      vertex 31.1791 18.3204 14.7
      vertex 31.1869 18.325 15
    endloop
  endfacet
  facet normal 0.733911 0.678503 0.0317736
    outer loop
      vertex 47.1168 1.10826 14.7
      vertex 31.1869 18.325 15
      vertex 47.1106 1.10092 15
    endloop
  endfacet
  facet normal -0.271164 0.962449 0.0126945
    outer loop
      vertex 31.1791 18.3204 14.7
      vertex 8.55446 11.946 14.7
      vertex 8.56403 11.9448 15
    endloop
  endfacet
  facet normal -0.27143 0.962427 -0.00780681
    outer loop
      vertex 31.1791 18.3204 14.7
      vertex 8.56403 11.9448 15
      vertex 31.1869 18.325 15
    endloop
  endfacet
  facet normal -0.981891 0.186704 0.0321168
    outer loop
      vertex 8.56403 11.9448 15
      vertex 3.53308 -14.5134 15
      vertex 8.57361 11.9435 15.3
    endloop
  endfacet
  facet normal -0.972111 0.18355 0.145975
    outer loop
      vertex 8.57361 11.9435 15.3
      vertex 3.53308 -14.5134 15
      vertex 3.56374 -14.5896 15.3
    endloop
  endfacet
  facet normal -0.703062 -0.703068 -0.106766
    outer loop
      vertex 11.71 -22.7359 15.3005
      vertex 3.53308 -14.5134 15
      vertex 11.8456 -22.8259 15.0005
    endloop
  endfacet
  facet normal -0.703061 -0.703068 -0.106773
    outer loop
      vertex 3.56374 -14.5896 15.3
      vertex 3.53308 -14.5134 15
      vertex 11.71 -22.7359 15.3005
    endloop
  endfacet
  facet normal 0.0712934 -0.946035 0.316126
    outer loop
      vertex 39.0469 -20.676 15.3
      vertex 11.71 -22.7359 15.3005
      vertex 11.8456 -22.8259 15.0005
    endloop
  endfacet
  facet normal 0.0781695 -0.995757 0.0485578
    outer loop
      vertex 39.0469 -20.676 15.3
      vertex 11.8456 -22.8259 15.0005
      vertex 39.0918 -20.6871 15
    endloop
  endfacet
  facet normal 0.937768 -0.347093 0.0108974
    outer loop
      vertex 47.1044 1.09358 15.3
      vertex 39.0469 -20.676 15.3
      vertex 47.1106 1.10092 15
    endloop
  endfacet
  facet normal 0.927641 -0.341407 0.151403
    outer loop
      vertex 47.1106 1.10092 15
      vertex 39.0469 -20.676 15.3
      vertex 39.0918 -20.6871 15
    endloop
  endfacet
  facet normal 0.733959 0.678547 -0.0296424
    outer loop
      vertex 47.1106 1.10092 15
      vertex 31.1869 18.325 15
      vertex 31.1947 18.3297 15.3
    endloop
  endfacet
  facet normal 0.734444 0.677926 0.0317706
    outer loop
      vertex 47.1106 1.10092 15
      vertex 31.1947 18.3297 15.3
      vertex 47.1044 1.09358 15.3
    endloop
  endfacet
  facet normal -0.271416 0.962378 0.0127053
    outer loop
      vertex 31.1869 18.325 15
      vertex 8.56403 11.9448 15
      vertex 8.57361 11.9435 15.3
    endloop
  endfacet
  facet normal -0.271682 0.962355 -0.00779917
    outer loop
      vertex 31.1869 18.325 15
      vertex 8.57361 11.9435 15.3
      vertex 31.1947 18.3297 15.3
    endloop
  endfacet
  facet normal -0.98213 0.185442 0.0321184
    outer loop
      vertex 8.57361 11.9435 15.3
      vertex 3.56374 -14.5896 15.3
      vertex 8.58318 11.9422 15.6
    endloop
  endfacet
  facet normal -0.972386 0.182314 0.145692
    outer loop
      vertex 8.58318 11.9422 15.6
      vertex 3.56374 -14.5896 15.3
      vertex 3.5944 -14.6658 15.6
    endloop
  endfacet
  facet normal -0.703062 -0.703068 -0.106766
    outer loop
      vertex 11.5744 -22.6459 15.6005
      vertex 3.56374 -14.5896 15.3
      vertex 11.71 -22.7359 15.3005
    endloop
  endfacet
  facet normal -0.703061 -0.703068 -0.106771
    outer loop
      vertex 3.5944 -14.6658 15.6
      vertex 3.56374 -14.5896 15.3
      vertex 11.5744 -22.6459 15.6005
    endloop
  endfacet
  facet normal 0.0683783 -0.94663 0.314987
    outer loop
      vertex 39.0021 -20.6649 15.6
      vertex 11.5744 -22.6459 15.6005
      vertex 11.71 -22.7359 15.3005
    endloop
  endfacet
  facet normal 0.0750549 -0.996019 0.0481014
    outer loop
      vertex 39.0021 -20.6649 15.6
      vertex 11.71 -22.7359 15.3005
      vertex 39.0469 -20.676 15.3
    endloop
  endfacet
  facet normal 0.937128 -0.348816 0.010842
    outer loop
      vertex 47.0982 1.08624 15.6
      vertex 39.0021 -20.6649 15.6
      vertex 47.1044 1.09358 15.3
    endloop
  endfacet
  facet normal 0.927017 -0.343113 0.151372
    outer loop
      vertex 47.1044 1.09358 15.3
      vertex 39.0021 -20.6649 15.6
      vertex 39.0469 -20.676 15.3
    endloop
  endfacet
  facet normal 0.734492 0.67797 -0.0296426
    outer loop
      vertex 47.1044 1.09358 15.3
      vertex 31.1947 18.3297 15.3
      vertex 31.2026 18.3343 15.6
    endloop
  endfacet
  facet normal 0.734976 0.677348 0.0317674
    outer loop
      vertex 47.1044 1.09358 15.3
      vertex 31.2026 18.3343 15.6
      vertex 47.0982 1.08624 15.6
    endloop
  endfacet
  facet normal -0.271668 0.962307 0.01271
    outer loop
      vertex 31.1947 18.3297 15.3
      vertex 8.57361 11.9435 15.3
      vertex 8.58318 11.9422 15.6
    endloop
  endfacet
  facet normal -0.271934 0.962284 -0.0077932
    outer loop
      vertex 31.1947 18.3297 15.3
      vertex 8.58318 11.9422 15.6
      vertex 31.2026 18.3343 15.6
    endloop
  endfacet
  facet normal -0.982367 0.184185 0.0321213
    outer loop
      vertex 8.58318 11.9422 15.6
      vertex 3.5944 -14.6658 15.6
      vertex 8.59275 11.941 15.9
    endloop
  endfacet
  facet normal -0.972659 0.181084 0.145405
    outer loop
      vertex 8.59275 11.941 15.9
      vertex 3.5944 -14.6658 15.6
      vertex 3.62506 -14.7421 15.9
    endloop
  endfacet
  facet normal -0.703062 -0.703069 -0.106766
    outer loop
      vertex 11.4388 -22.5558 15.9005
      vertex 3.5944 -14.6658 15.6
      vertex 11.5744 -22.6459 15.6005
    endloop
  endfacet
  facet normal -0.703061 -0.703068 -0.106775
    outer loop
      vertex 3.62506 -14.7421 15.9
      vertex 3.5944 -14.6658 15.6
      vertex 11.4388 -22.5558 15.9005
    endloop
  endfacet
  facet normal 0.0654782 -0.947212 0.31385
    outer loop
      vertex 38.9572 -20.6538 15.9
      vertex 11.4388 -22.5558 15.9005
      vertex 11.5744 -22.6459 15.6005
    endloop
  endfacet
  facet normal 0.0719586 -0.996269 0.0476466
    outer loop
      vertex 38.9572 -20.6538 15.9
      vertex 11.5744 -22.6459 15.6005
      vertex 39.0021 -20.6649 15.6
    endloop
  endfacet
  facet normal 0.936486 -0.35054 0.0107865
    outer loop
      vertex 47.092 1.0789 15.9
      vertex 38.9572 -20.6538 15.9
      vertex 47.0982 1.08624 15.6
    endloop
  endfacet
  facet normal 0.92639 -0.34482 0.15133
    outer loop
      vertex 47.0982 1.08624 15.6
      vertex 38.9572 -20.6538 15.9
      vertex 39.0021 -20.6649 15.6
    endloop
  endfacet
  facet normal 0.735024 0.677392 -0.0296476
    outer loop
      vertex 47.0982 1.08624 15.6
      vertex 31.2026 18.3343 15.6
      vertex 31.2104 18.3389 15.9
    endloop
  endfacet
  facet normal 0.735508 0.676771 0.0317642
    outer loop
      vertex 47.0982 1.08624 15.6
      vertex 31.2104 18.3389 15.9
      vertex 47.092 1.0789 15.9
    endloop
  endfacet
  facet normal -0.27192 0.962236 0.0127208
    outer loop
      vertex 31.2026 18.3343 15.6
      vertex 8.58318 11.9422 15.6
      vertex 8.59275 11.941 15.9
    endloop
  endfacet
  facet normal -0.272186 0.962213 -0.00778553
    outer loop
      vertex 31.2026 18.3343 15.6
      vertex 8.59275 11.941 15.9
      vertex 31.2104 18.3389 15.9
    endloop
  endfacet
  facet normal -0.9826 0.182935 0.0321265
    outer loop
      vertex 8.59275 11.941 15.9
      vertex 3.62506 -14.7421 15.9
      vertex 8.60233 11.9397 16.2
    endloop
  endfacet
  facet normal -0.972929 0.17986 0.145121
    outer loop
      vertex 8.60233 11.9397 16.2
      vertex 3.62506 -14.7421 15.9
      vertex 3.65571 -14.8183 16.2
    endloop
  endfacet
  facet normal -0.703061 -0.703069 -0.106766
    outer loop
      vertex 11.3032 -22.4658 16.2005
      vertex 3.62506 -14.7421 15.9
      vertex 11.4388 -22.5558 15.9005
    endloop
  endfacet
  facet normal -0.703061 -0.703068 -0.106773
    outer loop
      vertex 3.65571 -14.8183 16.2
      vertex 3.62506 -14.7421 15.9
      vertex 11.3032 -22.4658 16.2005
    endloop
  endfacet
  facet normal 0.0625929 -0.947781 0.312719
    outer loop
      vertex 38.9123 -20.6426 16.2
      vertex 11.3032 -22.4658 16.2005
      vertex 11.4388 -22.5558 15.9005
    endloop
  endfacet
  facet normal 0.0688805 -0.996508 0.0471886
    outer loop
      vertex 38.9123 -20.6426 16.2
      vertex 11.4388 -22.5558 15.9005
      vertex 38.9572 -20.6538 15.9
    endloop
  endfacet
  facet normal 0.93584 -0.352262 0.0107191
    outer loop
      vertex 47.0858 1.07156 16.2
      vertex 38.9123 -20.6426 16.2
      vertex 47.092 1.0789 15.9
    endloop
  endfacet
  facet normal 0.925759 -0.346524 0.151296
    outer loop
      vertex 47.092 1.0789 15.9
      vertex 38.9123 -20.6426 16.2
      vertex 38.9572 -20.6538 15.9
    endloop
  endfacet
  facet normal 0.735556 0.676814 -0.0296614
    outer loop
      vertex 47.092 1.0789 15.9
      vertex 31.2104 18.3389 15.9
      vertex 31.2182 18.3436 16.2
    endloop
  endfacet
  facet normal 0.73604 0.676193 0.0317516
    outer loop
      vertex 47.092 1.0789 15.9
      vertex 31.2182 18.3436 16.2
      vertex 47.0858 1.07156 16.2
    endloop
  endfacet
  facet normal -0.272172 0.962164 0.0127293
    outer loop
      vertex 31.2104 18.3389 15.9
      vertex 8.59275 11.941 15.9
      vertex 8.60233 11.9397 16.2
    endloop
  endfacet
  facet normal -0.272438 0.962142 -0.00778221
    outer loop
      vertex 31.2104 18.3389 15.9
      vertex 8.60233 11.9397 16.2
      vertex 31.2182 18.3436 16.2
    endloop
  endfacet
  facet normal -0.982831 0.181691 0.0321251
    outer loop
      vertex 8.60233 11.9397 16.2
      vertex 3.65571 -14.8183 16.2
      vertex 8.6119 11.9385 16.5
    endloop
  endfacet
  facet normal -0.973195 0.178642 0.144842
    outer loop
      vertex 8.6119 11.9385 16.5
      vertex 3.65571 -14.8183 16.2
      vertex 3.68637 -14.8945 16.5
    endloop
  endfacet
  facet normal -0.703062 -0.703069 -0.106763
    outer loop
      vertex 11.1677 -22.3758 16.5005
      vertex 3.65571 -14.8183 16.2
      vertex 11.3032 -22.4658 16.2005
    endloop
  endfacet
  facet normal -0.703061 -0.703069 -0.106771
    outer loop
      vertex 3.68637 -14.8945 16.5
      vertex 3.65571 -14.8183 16.2
      vertex 11.1677 -22.3758 16.5005
    endloop
  endfacet
  facet normal 0.0597224 -0.948337 0.311592
    outer loop
      vertex 38.8674 -20.6315 16.5
      vertex 11.1677 -22.3758 16.5005
      vertex 11.3032 -22.4658 16.2005
    endloop
  endfacet
  facet normal 0.0658204 -0.996736 0.0467531
    outer loop
      vertex 38.8674 -20.6315 16.5
      vertex 11.3032 -22.4658 16.2005
      vertex 38.9123 -20.6426 16.2
    endloop
  endfacet
  facet normal 0.935191 -0.353984 0.0106755
    outer loop
      vertex 47.0796 1.06422 16.5
      vertex 38.8674 -20.6315 16.5
      vertex 47.0858 1.07156 16.2
    endloop
  endfacet
  facet normal 0.925122 -0.348228 0.151281
    outer loop
      vertex 47.0858 1.07156 16.2
      vertex 38.8674 -20.6315 16.5
      vertex 38.9123 -20.6426 16.2
    endloop
  endfacet
  facet normal 0.736088 0.676236 -0.0296579
    outer loop
      vertex 47.0858 1.07156 16.2
      vertex 31.2182 18.3436 16.2
      vertex 31.226 18.3482 16.5
    endloop
  endfacet
  facet normal 0.736571 0.675614 0.031758
    outer loop
      vertex 47.0858 1.07156 16.2
      vertex 31.226 18.3482 16.5
      vertex 47.0796 1.06422 16.5
    endloop
  endfacet
  facet normal -0.272424 0.962093 0.0127332
    outer loop
      vertex 31.2182 18.3436 16.2
      vertex 8.60233 11.9397 16.2
      vertex 8.6119 11.9385 16.5
    endloop
  endfacet
  facet normal -0.27269 0.962071 -0.00776236
    outer loop
      vertex 31.2182 18.3436 16.2
      vertex 8.6119 11.9385 16.5
      vertex 31.226 18.3482 16.5
    endloop
  endfacet
  facet normal -0.983059 0.180453 0.0321278
    outer loop
      vertex 8.6119 11.9385 16.5
      vertex 3.68637 -14.8945 16.5
      vertex 8.62147 11.9372 16.8
    endloop
  endfacet
  facet normal -0.973458 0.17743 0.144559
    outer loop
      vertex 8.62147 11.9372 16.8
      vertex 3.68637 -14.8945 16.5
      vertex 3.71703 -14.9707 16.8
    endloop
  endfacet
  facet normal -0.703061 -0.703069 -0.10677
    outer loop
      vertex 11.0321 -22.2857 16.8006
      vertex 3.68637 -14.8945 16.5
      vertex 11.1677 -22.3758 16.5005
    endloop
  endfacet
  facet normal -0.70306 -0.703068 -0.106776
    outer loop
      vertex 3.71703 -14.9707 16.8
      vertex 3.68637 -14.8945 16.5
      vertex 11.0321 -22.2857 16.8006
    endloop
  endfacet
  facet normal 0.0568671 -0.948886 0.310454
    outer loop
      vertex 38.8226 -20.6204 16.8
      vertex 11.0321 -22.2857 16.8006
      vertex 11.1677 -22.3758 16.5005
    endloop
  endfacet
  facet normal 0.0627785 -0.996953 0.0462935
    outer loop
      vertex 38.8226 -20.6204 16.8
      vertex 11.1677 -22.3758 16.5005
      vertex 38.8674 -20.6315 16.5
    endloop
  endfacet
  facet normal 0.934538 -0.355705 0.0106199
    outer loop
      vertex 47.0734 1.05688 16.8
      vertex 38.8226 -20.6204 16.8
      vertex 47.0796 1.06422 16.5
    endloop
  endfacet
  facet normal 0.924485 -0.349932 0.151244
    outer loop
      vertex 47.0796 1.06422 16.5
      vertex 38.8226 -20.6204 16.8
      vertex 38.8674 -20.6315 16.5
    endloop
  endfacet
  facet normal 0.736619 0.675657 -0.0296667
    outer loop
      vertex 47.0796 1.06422 16.5
      vertex 31.226 18.3482 16.5
      vertex 31.2339 18.3529 16.8
    endloop
  endfacet
  facet normal 0.737102 0.675035 0.0317548
    outer loop
      vertex 47.0796 1.06422 16.5
      vertex 31.2339 18.3529 16.8
      vertex 47.0734 1.05688 16.8
    endloop
  endfacet
  facet normal -0.272676 0.962022 0.012744
    outer loop
      vertex 31.226 18.3482 16.5
      vertex 8.6119 11.9385 16.5
      vertex 8.62147 11.9372 16.8
    endloop
  endfacet
  facet normal -0.272942 0.961999 -0.00776865
    outer loop
      vertex 31.226 18.3482 16.5
      vertex 8.62147 11.9372 16.8
      vertex 31.2339 18.3529 16.8
    endloop
  endfacet
  facet normal -0.983284 0.179221 0.0321292
    outer loop
      vertex 8.62147 11.9372 16.8
      vertex 3.71703 -14.9707 16.8
      vertex 8.63104 11.9359 17.1
    endloop
  endfacet
  facet normal -0.973719 0.176224 0.144278
    outer loop
      vertex 8.63104 11.9359 17.1
      vertex 3.71703 -14.9707 16.8
      vertex 3.74769 -15.0469 17.1
    endloop
  endfacet
  facet normal -0.703061 -0.703069 -0.106761
    outer loop
      vertex 10.8965 -22.1957 17.1006
      vertex 3.71703 -14.9707 16.8
      vertex 11.0321 -22.2857 16.8006
    endloop
  endfacet
  facet normal -0.70306 -0.703069 -0.106774
    outer loop
      vertex 3.74769 -15.0469 17.1
      vertex 3.71703 -14.9707 16.8
      vertex 10.8965 -22.1957 17.1006
    endloop
  endfacet
  facet normal 0.0540262 -0.949415 0.309341
    outer loop
      vertex 38.7777 -20.6093 17.1
      vertex 10.8965 -22.1957 17.1006
      vertex 11.0321 -22.2857 16.8006
    endloop
  endfacet
  facet normal 0.0597545 -0.997159 0.0458543
    outer loop
      vertex 38.7777 -20.6093 17.1
      vertex 11.0321 -22.2857 16.8006
      vertex 38.8226 -20.6204 16.8
    endloop
  endfacet
  facet normal 0.933882 -0.357426 0.0105643
    outer loop
      vertex 47.0672 1.04954 17.1
      vertex 38.7777 -20.6093 17.1
      vertex 47.0734 1.05688 16.8
    endloop
  endfacet
  facet normal 0.923846 -0.351635 0.151202
    outer loop
      vertex 47.0734 1.05688 16.8
      vertex 38.7777 -20.6093 17.1
      vertex 38.8226 -20.6204 16.8
    endloop
  endfacet
  facet normal 0.73715 0.675078 -0.0296677
    outer loop
      vertex 47.0734 1.05688 16.8
      vertex 31.2339 18.3529 16.8
      vertex 31.2417 18.3575 17.1
    endloop
  endfacet
  facet normal 0.737633 0.674455 0.0317516
    outer loop
      vertex 47.0734 1.05688 16.8
      vertex 31.2417 18.3575 17.1
      vertex 47.0672 1.04954 17.1
    endloop
  endfacet
  facet normal -0.272928 0.96195 0.0127487
    outer loop
      vertex 31.2339 18.3529 16.8
      vertex 8.62147 11.9372 16.8
      vertex 8.63104 11.9359 17.1
    endloop
  endfacet
  facet normal -0.273194 0.961928 -0.00774701
    outer loop
      vertex 31.2339 18.3529 16.8
      vertex 8.63104 11.9359 17.1
      vertex 31.2417 18.3575 17.1
    endloop
  endfacet
  facet normal -0.983507 0.177995 0.0321315
    outer loop
      vertex 8.63104 11.9359 17.1
      vertex 3.74769 -15.0469 17.1
      vertex 8.64062 11.9347 17.4
    endloop
  endfacet
  facet normal -0.973977 0.175023 0.144002
    outer loop
      vertex 8.64062 11.9347 17.4
      vertex 3.74769 -15.0469 17.1
      vertex 3.77835 -15.1231 17.4
    endloop
  endfacet
  facet normal -0.703061 -0.703069 -0.106766
    outer loop
      vertex 10.7609 -22.1057 17.4006
      vertex 3.74769 -15.0469 17.1
      vertex 10.8965 -22.1957 17.1006
    endloop
  endfacet
  facet normal -0.70306 -0.703069 -0.106771
    outer loop
      vertex 3.77835 -15.1231 17.4
      vertex 3.74769 -15.0469 17.1
      vertex 10.7609 -22.1057 17.4006
    endloop
  endfacet
  facet normal 0.0512003 -0.949937 0.308217
    outer loop
      vertex 38.7328 -20.5982 17.4
      vertex 10.7609 -22.1057 17.4006
      vertex 10.8965 -22.1957 17.1006
    endloop
  endfacet
  facet normal 0.0567484 -0.997355 0.0454124
    outer loop
      vertex 38.7328 -20.5982 17.4
      vertex 10.8965 -22.1957 17.1006
      vertex 38.7777 -20.6093 17.1
    endloop
  endfacet
  facet normal 0.933223 -0.359146 0.0104966
    outer loop
      vertex 47.061 1.0422 17.4
      vertex 38.7328 -20.5982 17.4
      vertex 47.0672 1.04954 17.1
    endloop
  endfacet
  facet normal 0.9232 -0.353337 0.151179
    outer loop
      vertex 47.0672 1.04954 17.1
      vertex 38.7328 -20.5982 17.4
      vertex 38.7777 -20.6093 17.1
    endloop
  endfacet
  facet normal 0.73768 0.674498 -0.029681
    outer loop
      vertex 47.0672 1.04954 17.1
      vertex 31.2417 18.3575 17.1
      vertex 31.2495 18.3621 17.4
    endloop
  endfacet
  facet normal 0.738163 0.673875 0.0317388
    outer loop
      vertex 47.0672 1.04954 17.1
      vertex 31.2495 18.3621 17.4
      vertex 47.061 1.0422 17.4
    endloop
  endfacet
  facet normal -0.273179 0.961878 0.0127594
    outer loop
      vertex 31.2417 18.3575 17.1
      vertex 8.63104 11.9359 17.1
      vertex 8.64062 11.9347 17.4
    endloop
  endfacet
  facet normal -0.273445 0.961856 -0.00775151
    outer loop
      vertex 31.2417 18.3575 17.1
      vertex 8.64062 11.9347 17.4
      vertex 31.2495 18.3621 17.4
    endloop
  endfacet
  facet normal -0.983727 0.176775 0.0321329
    outer loop
      vertex 8.64062 11.9347 17.4
      vertex 3.77835 -15.1231 17.4
      vertex 8.65019 11.9334 17.7
    endloop
  endfacet
  facet normal -0.974232 0.173828 0.143722
    outer loop
      vertex 8.65019 11.9334 17.7
      vertex 3.77835 -15.1231 17.4
      vertex 3.809 -15.1994 17.7
    endloop
  endfacet
  facet normal -0.703061 -0.70307 -0.106765
    outer loop
      vertex 10.6253 -22.0156 17.7006
      vertex 3.77835 -15.1231 17.4
      vertex 10.7609 -22.1057 17.4006
    endloop
  endfacet
  facet normal -0.70306 -0.703069 -0.106775
    outer loop
      vertex 3.809 -15.1994 17.7
      vertex 3.77835 -15.1231 17.4
      vertex 10.6253 -22.0156 17.7006
    endloop
  endfacet
  facet normal 0.048389 -0.950447 0.307099
    outer loop
      vertex 38.688 -20.5871 17.7
      vertex 10.6253 -22.0156 17.7006
      vertex 10.7609 -22.1057 17.4006
    endloop
  endfacet
  facet normal 0.0537602 -0.997541 0.0449716
    outer loop
      vertex 38.688 -20.5871 17.7
      vertex 10.7609 -22.1057 17.4006
      vertex 38.7328 -20.5982 17.4
    endloop
  endfacet
  facet normal 0.93256 -0.360864 0.0104527
    outer loop
      vertex 47.0548 1.03486 17.7
      vertex 38.688 -20.5871 17.7
      vertex 47.061 1.0422 17.4
    endloop
  endfacet
  facet normal 0.922554 -0.35504 0.151134
    outer loop
      vertex 47.061 1.0422 17.4
      vertex 38.688 -20.5871 17.7
      vertex 38.7328 -20.5982 17.4
    endloop
  endfacet
  facet normal 0.73821 0.673918 -0.0296768
    outer loop
      vertex 47.061 1.0422 17.4
      vertex 31.2495 18.3621 17.4
      vertex 31.2573 18.3668 17.7
    endloop
  endfacet
  facet normal 0.738693 0.673295 0.0317449
    outer loop
      vertex 47.061 1.0422 17.4
      vertex 31.2573 18.3668 17.7
      vertex 47.0548 1.03486 17.7
    endloop
  endfacet
  facet normal -0.273431 0.961807 0.0127641
    outer loop
      vertex 31.2495 18.3621 17.4
      vertex 8.64062 11.9347 17.4
      vertex 8.65019 11.9334 17.7
    endloop
  endfacet
  facet normal -0.273697 0.961785 -0.00773946
    outer loop
      vertex 31.2495 18.3621 17.4
      vertex 8.65019 11.9334 17.7
      vertex 31.2573 18.3668 17.7
    endloop
  endfacet
  facet normal -0.983944 0.175561 0.0321355
    outer loop
      vertex 8.65019 11.9334 17.7
      vertex 3.809 -15.1994 17.7
      vertex 8.65976 11.9321 18
    endloop
  endfacet
  facet normal -0.974484 0.172639 0.143449
    outer loop
      vertex 8.65976 11.9321 18
      vertex 3.809 -15.1994 17.7
      vertex 3.83966 -15.2756 18
    endloop
  endfacet
  facet normal -0.70306 -0.70307 -0.106767
    outer loop
      vertex 10.4897 -21.9256 18.0006
      vertex 3.809 -15.1994 17.7
      vertex 10.6253 -22.0156 17.7006
    endloop
  endfacet
  facet normal -0.70306 -0.703069 -0.106772
    outer loop
      vertex 3.83966 -15.2756 18
      vertex 3.809 -15.1994 17.7
      vertex 10.4897 -21.9256 18.0006
    endloop
  endfacet
  facet normal 0.0455926 -0.950945 0.305983
    outer loop
      vertex 38.6431 -20.576 18
      vertex 10.4897 -21.9256 18.0006
      vertex 10.6253 -22.0156 17.7006
    endloop
  endfacet
  facet normal 0.0507898 -0.997716 0.0445347
    outer loop
      vertex 38.6431 -20.576 18
      vertex 10.6253 -22.0156 17.7006
      vertex 38.688 -20.5871 17.7
    endloop
  endfacet
  facet normal 0.931894 -0.362583 0.010397
    outer loop
      vertex 47.0486 1.02752 18
      vertex 38.6431 -20.576 18
      vertex 47.0548 1.03486 17.7
    endloop
  endfacet
  facet normal 0.921901 -0.35674 0.151112
    outer loop
      vertex 47.0548 1.03486 17.7
      vertex 38.6431 -20.576 18
      vertex 38.688 -20.5871 17.7
    endloop
  endfacet
  facet normal 0.738739 0.673337 -0.0296865
    outer loop
      vertex 47.0548 1.03486 17.7
      vertex 31.2573 18.3668 17.7
      vertex 31.2652 18.3714 18
    endloop
  endfacet
  facet normal 0.739222 0.672714 0.0317419
    outer loop
      vertex 47.0548 1.03486 17.7
      vertex 31.2652 18.3714 18
      vertex 47.0486 1.02752 18
    endloop
  endfacet
  facet normal -0.273683 0.961735 0.012775
    outer loop
      vertex 31.2573 18.3668 17.7
      vertex 8.65019 11.9334 17.7
      vertex 8.65976 11.9321 18
    endloop
  endfacet
  facet normal -0.273949 0.961713 -0.00773009
    outer loop
      vertex 31.2573 18.3668 17.7
      vertex 8.65976 11.9321 18
      vertex 31.2652 18.3714 18
    endloop
  endfacet
  facet normal -0.984159 0.174353 0.0321398
    outer loop
      vertex 8.65976 11.9321 18
      vertex 3.83966 -15.2756 18
      vertex 8.66934 11.9309 18.3
    endloop
  endfacet
  facet normal -0.974733 0.171455 0.143171
    outer loop
      vertex 8.66934 11.9309 18.3
      vertex 3.83966 -15.2756 18
      vertex 3.87032 -15.3518 18.3
    endloop
  endfacet
  facet normal -0.70306 -0.70307 -0.106765
    outer loop
      vertex 10.3541 -21.8356 18.3006
      vertex 3.83966 -15.2756 18
      vertex 10.4897 -21.9256 18.0006
    endloop
  endfacet
  facet normal -0.70306 -0.703069 -0.106774
    outer loop
      vertex 3.87032 -15.3518 18.3
      vertex 3.83966 -15.2756 18
      vertex 10.3541 -21.8356 18.3006
    endloop
  endfacet
  facet normal 0.0428108 -0.951431 0.304871
    outer loop
      vertex 38.5982 -20.5649 18.3
      vertex 10.3541 -21.8356 18.3006
      vertex 10.4897 -21.9256 18.0006
    endloop
  endfacet
  facet normal 0.047837 -0.997881 0.0440985
    outer loop
      vertex 38.5982 -20.5649 18.3
      vertex 10.4897 -21.9256 18.0006
      vertex 38.6431 -20.576 18
    endloop
  endfacet
  facet normal 0.931224 -0.3643 0.0103411
    outer loop
      vertex 47.0424 1.02019 18.3
      vertex 38.5982 -20.5649 18.3
      vertex 47.0486 1.02752 18
    endloop
  endfacet
  facet normal 0.921249 -0.358441 0.151066
    outer loop
      vertex 47.0486 1.02752 18
      vertex 38.5982 -20.5649 18.3
      vertex 38.6431 -20.576 18
    endloop
  endfacet
  facet normal 0.739268 0.672756 -0.0296913
    outer loop
      vertex 47.0486 1.02752 18
      vertex 31.2652 18.3714 18
      vertex 31.273 18.3761 18.3
    endloop
  endfacet
  facet normal 0.739751 0.672132 0.0317386
    outer loop
      vertex 47.0486 1.02752 18
      vertex 31.273 18.3761 18.3
      vertex 47.0424 1.02019 18.3
    endloop
  endfacet
  facet normal -0.273935 0.961663 0.0127805
    outer loop
      vertex 31.2652 18.3714 18
      vertex 8.65976 11.9321 18
      vertex 8.66934 11.9309 18.3
    endloop
  endfacet
  facet normal -0.274201 0.961641 -0.00772241
    outer loop
      vertex 31.2652 18.3714 18
      vertex 8.66934 11.9309 18.3
      vertex 31.273 18.3761 18.3
    endloop
  endfacet
  facet normal -0.984371 0.17315 0.032139
    outer loop
      vertex 8.66934 11.9309 18.3
      vertex 3.87032 -15.3518 18.3
      vertex 8.67891 11.9296 18.6
    endloop
  endfacet
  facet normal -0.97498 0.170277 0.142897
    outer loop
      vertex 8.67891 11.9296 18.6
      vertex 3.87032 -15.3518 18.3
      vertex 3.90098 -15.428 18.6
    endloop
  endfacet
  facet normal -0.703061 -0.70307 -0.10676
    outer loop
      vertex 10.2185 -21.7455 18.6006
      vertex 3.87032 -15.3518 18.3
      vertex 10.3541 -21.8356 18.3006
    endloop
  endfacet
  facet normal -0.703059 -0.70307 -0.106776
    outer loop
      vertex 3.90098 -15.428 18.6
      vertex 3.87032 -15.3518 18.3
      vertex 10.2185 -21.7455 18.6006
    endloop
  endfacet
  facet normal 0.0400434 -0.951904 0.303768
    outer loop
      vertex 38.5533 -20.5538 18.6
      vertex 10.2185 -21.7455 18.6006
      vertex 10.3541 -21.8356 18.3006
    endloop
  endfacet
  facet normal 0.0449019 -0.998037 0.0436658
    outer loop
      vertex 38.5533 -20.5538 18.6
      vertex 10.3541 -21.8356 18.3006
      vertex 38.5982 -20.5649 18.3
    endloop
  endfacet
  facet normal 0.930551 -0.366017 0.0102852
    outer loop
      vertex 47.0362 1.01285 18.6
      vertex 38.5533 -20.5538 18.6
      vertex 47.0424 1.02019 18.3
    endloop
  endfacet
  facet normal 0.92059 -0.36014 0.151042
    outer loop
      vertex 47.0424 1.02019 18.3
      vertex 38.5533 -20.5538 18.6
      vertex 38.5982 -20.5649 18.3
    endloop
  endfacet
  facet normal 0.739797 0.672175 -0.0296914
    outer loop
      vertex 47.0424 1.02019 18.3
      vertex 31.273 18.3761 18.3
      vertex 31.2808 18.3807 18.6
    endloop
  endfacet
  facet normal 0.740279 0.67155 0.0317353
    outer loop
      vertex 47.0424 1.02019 18.3
      vertex 31.2808 18.3807 18.6
      vertex 47.0362 1.01285 18.6
    endloop
  endfacet
  facet normal -0.274187 0.961591 0.0127904
    outer loop
      vertex 31.273 18.3761 18.3
      vertex 8.66934 11.9309 18.3
      vertex 8.67891 11.9296 18.6
    endloop
  endfacet
  facet normal -0.274453 0.96157 -0.00771648
    outer loop
      vertex 31.273 18.3761 18.3
      vertex 8.67891 11.9296 18.6
      vertex 31.2808 18.3807 18.6
    endloop
  endfacet
  facet normal -0.984581 0.171954 0.0321399
    outer loop
      vertex 8.67891 11.9296 18.6
      vertex 3.90098 -15.428 18.6
      vertex 8.68848 11.9284 18.9
    endloop
  endfacet
  facet normal -0.975224 0.169105 0.142626
    outer loop
      vertex 8.68848 11.9284 18.9
      vertex 3.90098 -15.428 18.6
      vertex 3.93164 -15.5042 18.9
    endloop
  endfacet
  facet normal -0.70306 -0.70307 -0.106769
    outer loop
      vertex 10.0829 -21.6555 18.9006
      vertex 3.90098 -15.428 18.6
      vertex 10.2185 -21.7455 18.6006
    endloop
  endfacet
  facet normal -0.703059 -0.70307 -0.106771
    outer loop
      vertex 3.93164 -15.5042 18.9
      vertex 3.90098 -15.428 18.6
      vertex 10.0829 -21.6555 18.9006
    endloop
  endfacet
  facet normal 0.037291 -0.952371 0.302653
    outer loop
      vertex 38.5085 -20.5427 18.9
      vertex 10.0829 -21.6555 18.9006
      vertex 10.2185 -21.7455 18.6006
    endloop
  endfacet
  facet normal 0.0419842 -0.998183 0.0432276
    outer loop
      vertex 38.5085 -20.5427 18.9
      vertex 10.2185 -21.7455 18.6006
      vertex 38.5533 -20.5538 18.6
    endloop
  endfacet
  facet normal 0.929875 -0.367733 0.0102292
    outer loop
      vertex 47.03 1.00551 18.9
      vertex 38.5085 -20.5427 18.9
      vertex 47.0362 1.01285 18.6
    endloop
  endfacet
  facet normal 0.919931 -0.36184 0.150991
    outer loop
      vertex 47.0362 1.01285 18.6
      vertex 38.5085 -20.5427 18.9
      vertex 38.5533 -20.5538 18.6
    endloop
  endfacet
  facet normal 0.740325 0.671592 -0.029705
    outer loop
      vertex 47.0362 1.01285 18.6
      vertex 31.2808 18.3807 18.6
      vertex 31.2886 18.3853 18.9
    endloop
  endfacet
  facet normal 0.740807 0.670968 0.0317317
    outer loop
      vertex 47.0362 1.01285 18.6
      vertex 31.2886 18.3853 18.9
      vertex 47.03 1.00551 18.9
    endloop
  endfacet
  facet normal -0.274438 0.96152 0.012795
    outer loop
      vertex 31.2808 18.3807 18.6
      vertex 8.67891 11.9296 18.6
      vertex 8.68848 11.9284 18.9
    endloop
  endfacet
  facet normal -0.274705 0.961498 -0.00771312
    outer loop
      vertex 31.2808 18.3807 18.6
      vertex 8.68848 11.9284 18.9
      vertex 31.2886 18.3853 18.9
    endloop
  endfacet
  facet normal -0.984788 0.170763 0.032142
    outer loop
      vertex 8.68848 11.9284 18.9
      vertex 3.93164 -15.5042 18.9
      vertex 8.69806 11.9271 19.2
    endloop
  endfacet
  facet normal -0.975466 0.167938 0.142351
    outer loop
      vertex 8.69806 11.9271 19.2
      vertex 3.93164 -15.5042 18.9
      vertex 3.9623 -15.5805 19.2
    endloop
  endfacet
  facet normal -0.70306 -0.703071 -0.106758
    outer loop
      vertex 9.94732 -21.5655 19.2006
      vertex 3.93164 -15.5042 18.9
      vertex 10.0829 -21.6555 18.9006
    endloop
  endfacet
  facet normal -0.703059 -0.70307 -0.106773
    outer loop
      vertex 3.9623 -15.5805 19.2
      vertex 3.93164 -15.5042 18.9
      vertex 9.94732 -21.5655 19.2006
    endloop
  endfacet
  facet normal 0.0345527 -0.95282 0.301563
    outer loop
      vertex 38.4636 -20.5316 19.2
      vertex 9.94732 -21.5655 19.2006
      vertex 10.0829 -21.6555 18.9006
    endloop
  endfacet
  facet normal 0.039084 -0.998318 0.042812
    outer loop
      vertex 38.4636 -20.5316 19.2
      vertex 10.0829 -21.6555 18.9006
      vertex 38.5085 -20.5427 18.9
    endloop
  endfacet
  facet normal 0.929196 -0.369448 0.0101732
    outer loop
      vertex 47.0238 0.998167 19.2
      vertex 38.4636 -20.5316 19.2
      vertex 47.03 1.00551 18.9
    endloop
  endfacet
  facet normal 0.919265 -0.363537 0.150971
    outer loop
      vertex 47.03 1.00551 18.9
      vertex 38.4636 -20.5316 19.2
      vertex 38.5085 -20.5427 18.9
    endloop
  endfacet
  facet normal 0.740853 0.67101 -0.0297012
    outer loop
      vertex 47.03 1.00551 18.9
      vertex 31.2886 18.3853 18.9
      vertex 31.2965 18.39 19.2
    endloop
  endfacet
  facet normal 0.741334 0.670385 0.0317284
    outer loop
      vertex 47.03 1.00551 18.9
      vertex 31.2965 18.39 19.2
      vertex 47.0238 0.998167 19.2
    endloop
  endfacet
  facet normal -0.27469 0.961448 0.0128058
    outer loop
      vertex 31.2886 18.3853 18.9
      vertex 8.68848 11.9284 18.9
      vertex 8.69806 11.9271 19.2
    endloop
  endfacet
  facet normal -0.274956 0.961426 -0.00769321
    outer loop
      vertex 31.2886 18.3853 18.9
      vertex 8.69806 11.9271 19.2
      vertex 31.2965 18.39 19.2
    endloop
  endfacet
  facet normal -0.984992 0.169578 0.0321438
    outer loop
      vertex 8.69806 11.9271 19.2
      vertex 3.9623 -15.5805 19.2
      vertex 8.70763 11.9258 19.5
    endloop
  endfacet
  facet normal -0.975704 0.166777 0.142081
    outer loop
      vertex 8.70763 11.9258 19.5
      vertex 3.9623 -15.5805 19.2
      vertex 3.99295 -15.6567 19.5
    endloop
  endfacet
  facet normal -0.703059 -0.703071 -0.106767
    outer loop
      vertex 9.81173 -21.4755 19.5006
      vertex 3.9623 -15.5805 19.2
      vertex 9.94732 -21.5655 19.2006
    endloop
  endfacet
  facet normal -0.703059 -0.70307 -0.106774
    outer loop
      vertex 3.99295 -15.6567 19.5
      vertex 3.9623 -15.5805 19.2
      vertex 9.81173 -21.4755 19.5006
    endloop
  endfacet
  facet normal 0.0318292 -0.953263 0.30046
    outer loop
      vertex 38.4187 -20.5205 19.5
      vertex 9.81173 -21.4755 19.5006
      vertex 9.94732 -21.5655 19.2006
    endloop
  endfacet
  facet normal 0.0362012 -0.998446 0.0423726
    outer loop
      vertex 38.4187 -20.5205 19.5
      vertex 9.94732 -21.5655 19.2006
      vertex 38.4636 -20.5316 19.2
    endloop
  endfacet
  facet normal 0.928513 -0.371163 0.0101054
    outer loop
      vertex 47.0176 0.990828 19.5
      vertex 38.4187 -20.5205 19.5
      vertex 47.0238 0.998167 19.2
    endloop
  endfacet
  facet normal 0.9186 -0.365235 0.150919
    outer loop
      vertex 47.0238 0.998167 19.2
      vertex 38.4187 -20.5205 19.5
      vertex 38.4636 -20.5316 19.2
    endloop
  endfacet
  facet normal 0.74138 0.670427 -0.02971
    outer loop
      vertex 47.0238 0.998167 19.2
      vertex 31.2965 18.39 19.2
      vertex 31.3043 18.3946 19.5
    endloop
  endfacet
  facet normal 0.741862 0.669803 0.0317158
    outer loop
      vertex 47.0238 0.998167 19.2
      vertex 31.3043 18.3946 19.5
      vertex 47.0176 0.990828 19.5
    endloop
  endfacet
  facet normal -0.274942 0.961375 0.0128136
    outer loop
      vertex 31.2965 18.39 19.2
      vertex 8.69806 11.9271 19.2
      vertex 8.70763 11.9258 19.5
    endloop
  endfacet
  facet normal -0.275208 0.961354 -0.00769955
    outer loop
      vertex 31.2965 18.39 19.2
      vertex 8.70763 11.9258 19.5
      vertex 31.3043 18.3946 19.5
    endloop
  endfacet
  facet normal -0.985195 0.168399 0.0321448
    outer loop
      vertex 8.70763 11.9258 19.5
      vertex 3.99295 -15.6567 19.5
      vertex 8.7172 11.9246 19.8
    endloop
  endfacet
  facet normal -0.97594 0.165621 0.141815
    outer loop
      vertex 8.7172 11.9246 19.8
      vertex 3.99295 -15.6567 19.5
      vertex 4.02361 -15.7329 19.8
    endloop
  endfacet
  facet normal -0.703059 -0.703071 -0.106764
    outer loop
      vertex 9.67614 -21.3854 19.8007
      vertex 3.99295 -15.6567 19.5
      vertex 9.81173 -21.4755 19.5006
    endloop
  endfacet
  facet normal -0.703058 -0.703071 -0.106774
    outer loop
      vertex 4.02361 -15.7329 19.8
      vertex 3.99295 -15.6567 19.5
      vertex 9.67614 -21.3854 19.8007
    endloop
  endfacet
  facet normal 0.0291201 -0.953695 0.299363
    outer loop
      vertex 38.3738 -20.5094 19.8
      vertex 9.67614 -21.3854 19.8007
      vertex 9.81173 -21.4755 19.5006
    endloop
  endfacet
  facet normal 0.0333355 -0.998563 0.0419551
    outer loop
      vertex 38.3738 -20.5094 19.8
      vertex 9.81173 -21.4755 19.5006
      vertex 38.4187 -20.5205 19.5
    endloop
  endfacet
  facet normal 0.927827 -0.372876 0.0100611
    outer loop
      vertex 47.0114 0.983488 19.8
      vertex 38.3738 -20.5094 19.8
      vertex 47.0176 0.990828 19.5
    endloop
  endfacet
  facet normal 0.917928 -0.366931 0.150895
    outer loop
      vertex 47.0176 0.990828 19.5
      vertex 38.3738 -20.5094 19.8
      vertex 38.4187 -20.5205 19.5
    endloop
  endfacet
  facet normal 0.741907 0.669844 -0.0297104
    outer loop
      vertex 47.0176 0.990828 19.5
      vertex 31.3043 18.3946 19.5
      vertex 31.3121 18.3993 19.8
    endloop
  endfacet
  facet normal 0.742388 0.669219 0.0317218
    outer loop
      vertex 47.0176 0.990828 19.5
      vertex 31.3121 18.3993 19.8
      vertex 47.0114 0.983488 19.8
    endloop
  endfacet
  facet normal -0.275194 0.961303 0.0128183
    outer loop
      vertex 31.3043 18.3946 19.5
      vertex 8.70763 11.9258 19.5
      vertex 8.7172 11.9246 19.8
    endloop
  endfacet
  facet normal -0.27546 0.961282 -0.00768576
    outer loop
      vertex 31.3043 18.3946 19.5
      vertex 8.7172 11.9246 19.8
      vertex 31.3121 18.3993 19.8
    endloop
  endfacet
  facet normal -0.985394 0.167226 0.0321467
    outer loop
      vertex 8.7172 11.9246 19.8
      vertex 4.02361 -15.7329 19.8
      vertex 8.72678 11.9233 20.1
    endloop
  endfacet
  facet normal -0.976174 0.164471 0.141543
    outer loop
      vertex 8.72678 11.9233 20.1
      vertex 4.02361 -15.7329 19.8
      vertex 4.05427 -15.8091 20.1
    endloop
  endfacet
  facet normal -0.703059 -0.703072 -0.106763
    outer loop
      vertex 9.54055 -21.2954 20.1007
      vertex 4.02361 -15.7329 19.8
      vertex 9.67614 -21.3854 19.8007
    endloop
  endfacet
  facet normal -0.703058 -0.703071 -0.106774
    outer loop
      vertex 4.05427 -15.8091 20.1
      vertex 4.02361 -15.7329 19.8
      vertex 9.54055 -21.2954 20.1007
    endloop
  endfacet
  facet normal 0.0264254 -0.954115 0.298271
    outer loop
      vertex 38.329 -20.4983 20.1
      vertex 9.54055 -21.2954 20.1007
      vertex 9.67614 -21.3854 19.8007
    endloop
  endfacet
  facet normal 0.0304872 -0.998672 0.0415327
    outer loop
      vertex 38.329 -20.4983 20.1
      vertex 9.67614 -21.3854 19.8007
      vertex 38.3738 -20.5094 19.8
    endloop
  endfacet
  facet normal 0.927137 -0.374588 0.0100049
    outer loop
      vertex 47.0052 0.976149 20.1
      vertex 38.329 -20.4983 20.1
      vertex 47.0114 0.983488 19.8
    endloop
  endfacet
  facet normal 0.917256 -0.368628 0.150846
    outer loop
      vertex 47.0114 0.983488 19.8
      vertex 38.329 -20.4983 20.1
      vertex 38.3738 -20.5094 19.8
    endloop
  endfacet
  facet normal 0.742434 0.66926 -0.0297246
    outer loop
      vertex 47.0114 0.983488 19.8
      vertex 31.3121 18.3993 19.8
      vertex 31.3199 18.4039 20.1
    endloop
  endfacet
  facet normal 0.742914 0.668635 0.0317184
    outer loop
      vertex 47.0114 0.983488 19.8
      vertex 31.3199 18.4039 20.1
      vertex 47.0052 0.976149 20.1
    endloop
  endfacet
  facet normal -0.275445 0.961231 0.0128291
    outer loop
      vertex 31.3121 18.3993 19.8
      vertex 8.7172 11.9246 19.8
      vertex 8.72678 11.9233 20.1
    endloop
  endfacet
  facet normal -0.275711 0.96121 -0.00767458
    outer loop
      vertex 31.3121 18.3993 19.8
      vertex 8.72678 11.9233 20.1
      vertex 31.3199 18.4039 20.1
    endloop
  endfacet
  facet normal -0.985592 0.166058 0.0321505
    outer loop
      vertex 8.72678 11.9233 20.1
      vertex 4.05427 -15.8091 20.1
      vertex 8.73635 11.9221 20.4
    endloop
  endfacet
  facet normal -0.976404 0.163326 0.141278
    outer loop
      vertex 8.73635 11.9221 20.4
      vertex 4.05427 -15.8091 20.1
      vertex 4.08493 -15.8853 20.4
    endloop
  endfacet
  facet normal -0.703059 -0.703072 -0.106763
    outer loop
      vertex 9.40495 -21.2054 20.4007
      vertex 4.05427 -15.8091 20.1
      vertex 9.54055 -21.2954 20.1007
    endloop
  endfacet
  facet normal -0.703058 -0.703071 -0.106772
    outer loop
      vertex 4.08493 -15.8853 20.4
      vertex 4.05427 -15.8091 20.1
      vertex 9.40495 -21.2054 20.4007
    endloop
  endfacet
  facet normal 0.0237451 -0.954525 0.297183
    outer loop
      vertex 38.2841 -20.4872 20.4
      vertex 9.40495 -21.2054 20.4007
      vertex 9.54055 -21.2954 20.1007
    endloop
  endfacet
  facet normal 0.0276559 -0.998772 0.041113
    outer loop
      vertex 38.2841 -20.4872 20.4
      vertex 9.54055 -21.2954 20.1007
      vertex 38.329 -20.4983 20.1
    endloop
  endfacet
  facet normal 0.926444 -0.3763 0.00994865
    outer loop
      vertex 46.999 0.968809 20.4
      vertex 38.2841 -20.4872 20.4
      vertex 47.0052 0.976149 20.1
    endloop
  endfacet
  facet normal 0.916578 -0.370322 0.150818
    outer loop
      vertex 47.0052 0.976149 20.1
      vertex 38.2841 -20.4872 20.4
      vertex 38.329 -20.4983 20.1
    endloop
  endfacet
  facet normal 0.74296 0.668676 -0.0297196
    outer loop
      vertex 47.0052 0.976149 20.1
      vertex 31.3199 18.4039 20.1
      vertex 31.3278 18.4085 20.4
    endloop
  endfacet
  facet normal 0.74344 0.66805 0.0317148
    outer loop
      vertex 47.0052 0.976149 20.1
      vertex 31.3278 18.4085 20.4
      vertex 46.999 0.968809 20.4
    endloop
  endfacet
  facet normal -0.275697 0.961159 0.0128345
    outer loop
      vertex 31.3199 18.4039 20.1
      vertex 8.72678 11.9233 20.1
      vertex 8.73635 11.9221 20.4
    endloop
  endfacet
  facet normal -0.275963 0.961138 -0.00767035
    outer loop
      vertex 31.3199 18.4039 20.1
      vertex 8.73635 11.9221 20.4
      vertex 31.3278 18.4085 20.4
    endloop
  endfacet
  facet normal -0.985787 0.164895 0.0321493
    outer loop
      vertex 8.73635 11.9221 20.4
      vertex 4.08493 -15.8853 20.4
      vertex 8.74592 11.9208 20.7
    endloop
  endfacet
  facet normal -0.976633 0.162186 0.141009
    outer loop
      vertex 8.74592 11.9208 20.7
      vertex 4.08493 -15.8853 20.4
      vertex 4.11559 -15.9615 20.7
    endloop
  endfacet
  facet normal -0.703059 -0.703072 -0.106759
    outer loop
      vertex 9.26936 -21.1153 20.7007
      vertex 4.08493 -15.8853 20.4
      vertex 9.40495 -21.2054 20.4007
    endloop
  endfacet
  facet normal -0.703057 -0.703072 -0.106776
    outer loop
      vertex 4.11559 -15.9615 20.7
      vertex 4.08493 -15.8853 20.4
      vertex 9.26936 -21.1153 20.7007
    endloop
  endfacet
  facet normal 0.021079 -0.954923 0.296105
    outer loop
      vertex 38.2392 -20.4761 20.7
      vertex 9.26936 -21.1153 20.7007
      vertex 9.40495 -21.2054 20.4007
    endloop
  endfacet
  facet normal 0.0248417 -0.998863 0.0406951
    outer loop
      vertex 38.2392 -20.4761 20.7
      vertex 9.40495 -21.2054 20.4007
      vertex 38.2841 -20.4872 20.4
    endloop
  endfacet
  facet normal 0.925748 -0.378011 0.00988063
    outer loop
      vertex 46.9928 0.96147 20.7
      vertex 38.2392 -20.4761 20.7
      vertex 46.999 0.968809 20.4
    endloop
  endfacet
  facet normal 0.9159 -0.372017 0.150767
    outer loop
      vertex 46.999 0.968809 20.4
      vertex 38.2392 -20.4761 20.7
      vertex 38.2841 -20.4872 20.4
    endloop
  endfacet
  facet normal 0.743485 0.668091 -0.0297243
    outer loop
      vertex 46.999 0.968809 20.4
      vertex 31.3278 18.4085 20.4
      vertex 31.3356 18.4132 20.7
    endloop
  endfacet
  facet normal 0.743965 0.667466 0.0317019
    outer loop
      vertex 46.999 0.968809 20.4
      vertex 31.3356 18.4132 20.7
      vertex 46.9928 0.96147 20.7
    endloop
  endfacet
  facet normal -0.275948 0.961087 0.0128444
    outer loop
      vertex 31.3278 18.4085 20.4
      vertex 8.73635 11.9221 20.4
      vertex 8.74592 11.9208 20.7
    endloop
  endfacet
  facet normal -0.276215 0.961065 -0.00766267
    outer loop
      vertex 31.3278 18.4085 20.4
      vertex 8.74592 11.9208 20.7
      vertex 31.3356 18.4132 20.7
    endloop
  endfacet
  facet normal -0.98598 0.163739 0.0321502
    outer loop
      vertex 8.74592 11.9208 20.7
      vertex 4.11559 -15.9615 20.7
      vertex 8.7555 11.9195 21
    endloop
  endfacet
  facet normal -0.976859 0.161052 0.140745
    outer loop
      vertex 8.7555 11.9195 21
      vertex 4.11559 -15.9615 20.7
      vertex 4.14624 -16.0378 21
    endloop
  endfacet
  facet normal -0.703058 -0.703072 -0.106769
    outer loop
      vertex 9.13377 -21.0253 21.0007
      vertex 4.11559 -15.9615 20.7
      vertex 9.26936 -21.1153 20.7007
    endloop
  endfacet
  facet normal -0.703057 -0.703072 -0.106775
    outer loop
      vertex 4.14624 -16.0378 21
      vertex 4.11559 -15.9615 20.7
      vertex 9.13377 -21.0253 21.0007
    endloop
  endfacet
  facet normal 0.0184274 -0.955316 0.295011
    outer loop
      vertex 38.1943 -20.4649 21
      vertex 9.13377 -21.0253 21.0007
      vertex 9.26936 -21.1153 20.7007
    endloop
  endfacet
  facet normal 0.0220443 -0.998945 0.0402739
    outer loop
      vertex 38.1943 -20.4649 21
      vertex 9.26936 -21.1153 20.7007
      vertex 38.2392 -20.4761 20.7
    endloop
  endfacet
  facet normal 0.925049 -0.379721 0.00983617
    outer loop
      vertex 46.9866 0.95413 21
      vertex 38.1943 -20.4649 21
      vertex 46.9928 0.96147 20.7
    endloop
  endfacet
  facet normal 0.915215 -0.37371 0.150738
    outer loop
      vertex 46.9928 0.96147 20.7
      vertex 38.1943 -20.4649 21
      vertex 38.2392 -20.4761 20.7
    endloop
  endfacet
  facet normal 0.74401 0.667506 -0.0297338
    outer loop
      vertex 46.9928 0.96147 20.7
      vertex 31.3356 18.4132 20.7
      vertex 31.3434 18.4178 21
    endloop
  endfacet
  facet normal 0.74449 0.66688 0.0317081
    outer loop
      vertex 46.9928 0.96147 20.7
      vertex 31.3434 18.4178 21
      vertex 46.9866 0.95413 21
    endloop
  endfacet
  facet normal -0.2762 0.961014 0.0128492
    outer loop
      vertex 31.3356 18.4132 20.7
      vertex 8.74592 11.9208 20.7
      vertex 8.7555 11.9195 21
    endloop
  endfacet
  facet normal -0.276466 0.960993 -0.00765328
    outer loop
      vertex 31.3356 18.4132 20.7
      vertex 8.7555 11.9195 21
      vertex 31.3434 18.4178 21
    endloop
  endfacet
  facet normal -0.98617 0.162587 0.032152
    outer loop
      vertex 8.7555 11.9195 21
      vertex 4.14624 -16.0378 21
      vertex 8.76507 11.9183 21.3
    endloop
  endfacet
  facet normal -0.977082 0.159923 0.140484
    outer loop
      vertex 8.76507 11.9183 21.3
      vertex 4.14624 -16.0378 21
      vertex 4.1769 -16.114 21.3
    endloop
  endfacet
  facet normal -0.703058 -0.703073 -0.106759
    outer loop
      vertex 8.99817 -20.9353 21.3007
      vertex 4.14624 -16.0378 21
      vertex 9.13377 -21.0253 21.0007
    endloop
  endfacet
  facet normal -0.703057 -0.703072 -0.106773
    outer loop
      vertex 4.1769 -16.114 21.3
      vertex 4.14624 -16.0378 21
      vertex 8.99817 -20.9353 21.3007
    endloop
  endfacet
  facet normal 0.0157898 -0.955692 0.293945
    outer loop
      vertex 38.1495 -20.4538 21.3
      vertex 8.99817 -20.9353 21.3007
      vertex 9.13377 -21.0253 21.0007
    endloop
  endfacet
  facet normal 0.0192639 -0.999019 0.0398732
    outer loop
      vertex 38.1495 -20.4538 21.3
      vertex 9.13377 -21.0253 21.0007
      vertex 38.1943 -20.4649 21
    endloop
  endfacet
  facet normal 0.924346 -0.38143 0.00977984
    outer loop
      vertex 46.9804 0.946791 21.3
      vertex 38.1495 -20.4538 21.3
      vertex 46.9866 0.95413 21
    endloop
  endfacet
  facet normal 0.91453 -0.375403 0.150691
    outer loop
      vertex 46.9866 0.95413 21
      vertex 38.1495 -20.4538 21.3
      vertex 38.1943 -20.4649 21
    endloop
  endfacet
  facet normal 0.744535 0.666921 -0.0297385
    outer loop
      vertex 46.9866 0.95413 21
      vertex 31.3434 18.4178 21
      vertex 31.3512 18.4225 21.3
    endloop
  endfacet
  facet normal 0.745014 0.666294 0.0317046
    outer loop
      vertex 46.9866 0.95413 21
      vertex 31.3512 18.4225 21.3
      vertex 46.9804 0.946791 21.3
    endloop
  endfacet
  facet normal -0.276452 0.960942 0.01286
    outer loop
      vertex 31.3434 18.4178 21
      vertex 8.7555 11.9195 21
      vertex 8.76507 11.9183 21.3
    endloop
  endfacet
  facet normal -0.276718 0.960921 -0.0076456
    outer loop
      vertex 31.3434 18.4178 21
      vertex 8.76507 11.9183 21.3
      vertex 31.3512 18.4225 21.3
    endloop
  endfacet
  facet normal -0.986358 0.161442 0.0321527
    outer loop
      vertex 8.76507 11.9183 21.3
      vertex 4.1769 -16.114 21.3
      vertex 8.77464 11.917 21.6
    endloop
  endfacet
  facet normal -0.977303 0.1588 0.140219
    outer loop
      vertex 8.77464 11.917 21.6
      vertex 4.1769 -16.114 21.3
      vertex 4.20756 -16.1902 21.6
    endloop
  endfacet
  facet normal -0.703057 -0.703073 -0.106767
    outer loop
      vertex 8.86258 -20.8452 21.6007
      vertex 4.1769 -16.114 21.3
      vertex 8.99817 -20.9353 21.3007
    endloop
  endfacet
  facet normal -0.703056 -0.703072 -0.106779
    outer loop
      vertex 4.20756 -16.1902 21.6
      vertex 4.1769 -16.114 21.3
      vertex 8.86258 -20.8452 21.6007
    endloop
  endfacet
  facet normal 0.0131666 -0.956065 0.292858
    outer loop
      vertex 38.1046 -20.4427 21.6
      vertex 8.86258 -20.8452 21.6007
      vertex 8.99817 -20.9353 21.3007
    endloop
  endfacet
  facet normal 0.0165002 -0.999085 0.0394497
    outer loop
      vertex 38.1046 -20.4427 21.6
      vertex 8.99817 -20.9353 21.3007
      vertex 38.1495 -20.4538 21.3
    endloop
  endfacet
  facet normal 0.92364 -0.383138 0.00972345
    outer loop
      vertex 46.9742 0.939451 21.6
      vertex 38.1046 -20.4427 21.6
      vertex 46.9804 0.946791 21.3
    endloop
  endfacet
  facet normal 0.913839 -0.377094 0.150657
    outer loop
      vertex 46.9804 0.946791 21.3
      vertex 38.1046 -20.4427 21.6
      vertex 38.1495 -20.4538 21.3
    endloop
  endfacet
  facet normal 0.745059 0.666335 -0.0297426
    outer loop
      vertex 46.9804 0.946791 21.3
      vertex 31.3512 18.4225 21.3
      vertex 31.3591 18.4271 21.6
    endloop
  endfacet
  facet normal 0.745538 0.665708 0.0317011
    outer loop
      vertex 46.9804 0.946791 21.3
      vertex 31.3591 18.4271 21.6
      vertex 46.9742 0.939451 21.6
    endloop
  endfacet
  facet normal -0.276703 0.960869 0.0128646
    outer loop
      vertex 31.3512 18.4225 21.3
      vertex 8.76507 11.9183 21.3
      vertex 8.77464 11.917 21.6
    endloop
  endfacet
  facet normal -0.27697 0.960848 -0.00764578
    outer loop
      vertex 31.3512 18.4225 21.3
      vertex 8.77464 11.917 21.6
      vertex 31.3591 18.4271 21.6
    endloop
  endfacet
  facet normal -0.986544 0.160301 0.0321541
    outer loop
      vertex 8.77464 11.917 21.6
      vertex 4.20756 -16.1902 21.6
      vertex 8.78421 11.9158 21.9
    endloop
  endfacet
  facet normal -0.977522 0.157682 0.139955
    outer loop
      vertex 8.78421 11.9158 21.9
      vertex 4.20756 -16.1902 21.6
      vertex 4.23822 -16.2664 21.9
    endloop
  endfacet
  facet normal -0.703057 -0.703074 -0.106757
    outer loop
      vertex 8.72699 -20.7552 21.9007
      vertex 4.20756 -16.1902 21.6
      vertex 8.86258 -20.8452 21.6007
    endloop
  endfacet
  facet normal -0.703056 -0.703073 -0.106775
    outer loop
      vertex 4.23822 -16.2664 21.9
      vertex 4.20756 -16.1902 21.6
      vertex 8.72699 -20.7552 21.9007
    endloop
  endfacet
  facet normal 0.0105573 -0.956422 0.291798
    outer loop
      vertex 38.0597 -20.4316 21.9
      vertex 8.72699 -20.7552 21.9007
      vertex 8.86258 -20.8452 21.6007
    endloop
  endfacet
  facet normal 0.0137532 -0.999142 0.0390534
    outer loop
      vertex 38.0597 -20.4316 21.9
      vertex 8.86258 -20.8452 21.6007
      vertex 38.1046 -20.4427 21.6
    endloop
  endfacet
  facet normal 0.922931 -0.384845 0.00966696
    outer loop
      vertex 46.968 0.932112 21.9
      vertex 38.0597 -20.4316 21.9
      vertex 46.9742 0.939451 21.6
    endloop
  endfacet
  facet normal 0.913146 -0.378785 0.15062
    outer loop
      vertex 46.9742 0.939451 21.6
      vertex 38.0597 -20.4316 21.9
      vertex 38.1046 -20.4427 21.6
    endloop
  endfacet
  facet normal 0.745583 0.665748 -0.0297433
    outer loop
      vertex 46.9742 0.939451 21.6
      vertex 31.3591 18.4271 21.6
      vertex 31.3669 18.4317 21.9
    endloop
  endfacet
  facet normal 0.746062 0.665122 0.0316974
    outer loop
      vertex 46.9742 0.939451 21.6
      vertex 31.3669 18.4317 21.9
      vertex 46.968 0.932112 21.9
    endloop
  endfacet
  facet normal -0.276955 0.960797 0.0128753
    outer loop
      vertex 31.3591 18.4271 21.6
      vertex 8.77464 11.917 21.6
      vertex 8.78421 11.9158 21.9
    endloop
  endfacet
  facet normal -0.277221 0.960776 -0.00762408
    outer loop
      vertex 31.3591 18.4271 21.6
      vertex 8.78421 11.9158 21.9
      vertex 31.3669 18.4317 21.9
    endloop
  endfacet
  facet normal -0.986728 0.159167 0.0321547
    outer loop
      vertex 8.78421 11.9158 21.9
      vertex 4.23822 -16.2664 21.9
      vertex 8.79379 11.9145 22.2
    endloop
  endfacet
  facet normal -0.977738 0.156568 0.139698
    outer loop
      vertex 8.79379 11.9145 22.2
      vertex 4.23822 -16.2664 21.9
      vertex 4.26888 -16.3426 22.2
    endloop
  endfacet
  facet normal -0.703057 -0.703074 -0.106761
    outer loop
      vertex 8.5914 -20.6652 22.2007
      vertex 4.23822 -16.2664 21.9
      vertex 8.72699 -20.7552 21.9007
    endloop
  endfacet
  facet normal -0.703055 -0.703074 -0.106772
    outer loop
      vertex 4.26888 -16.3426 22.2
      vertex 4.23822 -16.2664 21.9
      vertex 8.5914 -20.6652 22.2007
    endloop
  endfacet
  facet normal 0.00796219 -0.956774 0.290724
    outer loop
      vertex 38.0148 -20.4205 22.2
      vertex 8.5914 -20.6652 22.2007
      vertex 8.72699 -20.7552 21.9007
    endloop
  endfacet
  facet normal 0.0110228 -0.999193 0.038634
    outer loop
      vertex 38.0148 -20.4205 22.2
      vertex 8.72699 -20.7552 21.9007
      vertex 38.0597 -20.4316 21.9
    endloop
  endfacet
  facet normal 0.922218 -0.386551 0.0096105
    outer loop
      vertex 46.9618 0.924772 22.2
      vertex 38.0148 -20.4205 22.2
      vertex 46.968 0.932112 21.9
    endloop
  endfacet
  facet normal 0.912452 -0.380476 0.150562
    outer loop
      vertex 46.968 0.932112 21.9
      vertex 38.0148 -20.4205 22.2
      vertex 38.0597 -20.4316 21.9
    endloop
  endfacet
  facet normal 0.746107 0.665161 -0.0297563
    outer loop
      vertex 46.968 0.932112 21.9
      vertex 31.3669 18.4317 21.9
      vertex 31.3747 18.4364 22.2
    endloop
  endfacet
  facet normal 0.746585 0.664535 0.0316938
    outer loop
      vertex 46.968 0.932112 21.9
      vertex 31.3747 18.4364 22.2
      vertex 46.9618 0.924772 22.2
    endloop
  endfacet
  facet normal -0.277206 0.960724 0.01288
    outer loop
      vertex 31.3669 18.4317 21.9
      vertex 8.78421 11.9158 21.9
      vertex 8.79379 11.9145 22.2
    endloop
  endfacet
  facet normal -0.277473 0.960703 -0.0076286
    outer loop
      vertex 31.3669 18.4317 21.9
      vertex 8.79379 11.9145 22.2
      vertex 31.3747 18.4364 22.2
    endloop
  endfacet
  facet normal -0.986909 0.158037 0.0321596
    outer loop
      vertex 8.79379 11.9145 22.2
      vertex 4.26888 -16.3426 22.2
      vertex 8.80336 11.9132 22.5
    endloop
  endfacet
  facet normal -0.977952 0.155461 0.139436
    outer loop
      vertex 8.80336 11.9132 22.5
      vertex 4.26888 -16.3426 22.2
      vertex 4.29953 -16.4189 22.5
    endloop
  endfacet
  facet normal -0.703056 -0.703074 -0.106764
    outer loop
      vertex 8.4558 -20.5751 22.5007
      vertex 4.26888 -16.3426 22.2
      vertex 8.5914 -20.6652 22.2007
    endloop
  endfacet
  facet normal -0.703055 -0.703074 -0.106775
    outer loop
      vertex 4.29953 -16.4189 22.5
      vertex 4.26888 -16.3426 22.2
      vertex 8.4558 -20.5751 22.5007
    endloop
  endfacet
  facet normal 0.00538111 -0.957114 0.289662
    outer loop
      vertex 37.97 -20.4094 22.5
      vertex 8.4558 -20.5751 22.5007
      vertex 8.5914 -20.6652 22.2007
    endloop
  endfacet
  facet normal 0.00830887 -0.999234 0.0382362
    outer loop
      vertex 37.97 -20.4094 22.5
      vertex 8.5914 -20.6652 22.2007
      vertex 38.0148 -20.4205 22.2
    endloop
  endfacet
  facet normal 0.921502 -0.388256 0.00954233
    outer loop
      vertex 46.9556 0.917433 22.5
      vertex 37.97 -20.4094 22.5
      vertex 46.9618 0.924772 22.2
    endloop
  endfacet
  facet normal 0.911753 -0.382164 0.150523
    outer loop
      vertex 46.9618 0.924772 22.2
      vertex 37.97 -20.4094 22.5
      vertex 38.0148 -20.4205 22.2
    endloop
  endfacet
  facet normal 0.74663 0.664574 -0.0297521
    outer loop
      vertex 46.9618 0.924772 22.2
      vertex 31.3747 18.4364 22.2
      vertex 31.3825 18.441 22.5
    endloop
  endfacet
  facet normal 0.747108 0.663947 0.031681
    outer loop
      vertex 46.9618 0.924772 22.2
      vertex 31.3825 18.441 22.5
      vertex 46.9556 0.917433 22.5
    endloop
  endfacet
  facet normal -0.277458 0.960651 0.0128917
    outer loop
      vertex 31.3747 18.4364 22.2
      vertex 8.79379 11.9145 22.2
      vertex 8.80336 11.9132 22.5
    endloop
  endfacet
  facet normal -0.277724 0.960631 -0.00761662
    outer loop
      vertex 31.3747 18.4364 22.2
      vertex 8.80336 11.9132 22.5
      vertex 31.3825 18.441 22.5
    endloop
  endfacet
  facet normal -0.987089 0.156913 0.0321575
    outer loop
      vertex 8.80336 11.9132 22.5
      vertex 4.29953 -16.4189 22.5
      vertex 8.81293 11.912 22.8
    endloop
  endfacet
  facet normal -0.978163 0.154358 0.139177
    outer loop
      vertex 8.81293 11.912 22.8
      vertex 4.29953 -16.4189 22.5
      vertex 4.33019 -16.4951 22.8
    endloop
  endfacet
  facet normal -0.703056 -0.703075 -0.106762
    outer loop
      vertex 8.32021 -20.4851 22.8008
      vertex 4.29953 -16.4189 22.5
      vertex 8.4558 -20.5751 22.5007
    endloop
  endfacet
  facet normal -0.703054 -0.703075 -0.106776
    outer loop
      vertex 4.33019 -16.4951 22.8
      vertex 4.29953 -16.4189 22.5
      vertex 8.32021 -20.4851 22.8008
    endloop
  endfacet
  facet normal 0.00281401 -0.957445 0.288601
    outer loop
      vertex 37.9251 -20.3983 22.8
      vertex 8.32021 -20.4851 22.8008
      vertex 8.4558 -20.5751 22.5007
    endloop
  endfacet
  facet normal 0.0056114 -0.999268 0.037834
    outer loop
      vertex 37.9251 -20.3983 22.8
      vertex 8.4558 -20.5751 22.5007
      vertex 37.97 -20.4094 22.5
    endloop
  endfacet
  facet normal 0.920783 -0.38996 0.00949748
    outer loop
      vertex 46.9494 0.910093 22.8
      vertex 37.9251 -20.3983 22.8
      vertex 46.9556 0.917433 22.5
    endloop
  endfacet
  facet normal 0.911049 -0.383851 0.150492
    outer loop
      vertex 46.9556 0.917433 22.5
      vertex 37.9251 -20.3983 22.8
      vertex 37.97 -20.4094 22.5
    endloop
  endfacet
  facet normal 0.747152 0.663987 -0.0297614
    outer loop
      vertex 46.9556 0.917433 22.5
      vertex 31.3825 18.441 22.5
      vertex 31.3904 18.4457 22.8
    endloop
  endfacet
  facet normal 0.74763 0.663359 0.0316869
    outer loop
      vertex 46.9556 0.917433 22.5
      vertex 31.3904 18.4457 22.8
      vertex 46.9494 0.910093 22.8
    endloop
  endfacet
  facet normal -0.277709 0.960579 0.0128986
    outer loop
      vertex 31.3825 18.441 22.5
      vertex 8.80336 11.9132 22.5
      vertex 8.81293 11.912 22.8
    endloop
  endfacet
  facet normal -0.277976 0.960558 -0.00760717
    outer loop
      vertex 31.3825 18.441 22.5
      vertex 8.81293 11.912 22.8
      vertex 31.3904 18.4457 22.8
    endloop
  endfacet
  facet normal -0.987266 0.155794 0.0321579
    outer loop
      vertex 8.81293 11.912 22.8
      vertex 4.33019 -16.4951 22.8
      vertex 8.82251 11.9107 23.1
    endloop
  endfacet
  facet normal -0.978372 0.15326 0.138923
    outer loop
      vertex 8.82251 11.9107 23.1
      vertex 4.33019 -16.4951 22.8
      vertex 4.36085 -16.5713 23.1
    endloop
  endfacet
  facet normal -0.703055 -0.703076 -0.106761
    outer loop
      vertex 8.18462 -20.3951 23.1008
      vertex 4.33019 -16.4951 22.8
      vertex 8.32021 -20.4851 22.8008
    endloop
  endfacet
  facet normal -0.703054 -0.703075 -0.106774
    outer loop
      vertex 4.36085 -16.5713 23.1
      vertex 4.33019 -16.4951 22.8
      vertex 8.18462 -20.3951 23.1008
    endloop
  endfacet
  facet normal 0.000260852 -0.957768 0.287542
    outer loop
      vertex 37.8802 -20.3872 23.1
      vertex 8.18462 -20.3951 23.1008
      vertex 8.32021 -20.4851 22.8008
    endloop
  endfacet
  facet normal 0.00293025 -0.999295 0.037434
    outer loop
      vertex 37.8802 -20.3872 23.1
      vertex 8.32021 -20.4851 22.8008
      vertex 37.9251 -20.3983 22.8
    endloop
  endfacet
  facet normal 0.92006 -0.391663 0.00944088
    outer loop
      vertex 46.9432 0.902754 23.1
      vertex 37.8802 -20.3872 23.1
      vertex 46.9494 0.910093 22.8
    endloop
  endfacet
  facet normal 0.910343 -0.385538 0.150449
    outer loop
      vertex 46.9494 0.910093 22.8
      vertex 37.8802 -20.3872 23.1
      vertex 37.9251 -20.3983 22.8
    endloop
  endfacet
  facet normal 0.747674 0.663398 -0.0297659
    outer loop
      vertex 46.9494 0.910093 22.8
      vertex 31.3904 18.4457 22.8
      vertex 31.3982 18.4503 23.1
    endloop
  endfacet
  facet normal 0.748152 0.662771 0.0316832
    outer loop
      vertex 46.9494 0.910093 22.8
      vertex 31.3982 18.4503 23.1
      vertex 46.9432 0.902754 23.1
    endloop
  endfacet
  facet normal -0.277961 0.960506 0.0129032
    outer loop
      vertex 31.3904 18.4457 22.8
      vertex 8.81293 11.912 22.8
      vertex 8.82251 11.9107 23.1
    endloop
  endfacet
  facet normal -0.278228 0.960485 -0.00759949
    outer loop
      vertex 31.3904 18.4457 22.8
      vertex 8.82251 11.9107 23.1
      vertex 31.3982 18.4503 23.1
    endloop
  endfacet
  facet normal -0.987441 0.154681 0.0321591
    outer loop
      vertex 8.82251 11.9107 23.1
      vertex 4.36085 -16.5713 23.1
      vertex 8.83208 11.9095 23.4
    endloop
  endfacet
  facet normal -0.978579 0.152168 0.138663
    outer loop
      vertex 8.83208 11.9095 23.4
      vertex 4.36085 -16.5713 23.1
      vertex 4.39151 -16.6475 23.4
    endloop
  endfacet
  facet normal -0.703055 -0.703077 -0.106756
    outer loop
      vertex 8.04903 -20.305 23.4008
      vertex 4.36085 -16.5713 23.1
      vertex 8.18462 -20.3951 23.1008
    endloop
  endfacet
  facet normal -0.703053 -0.703076 -0.106775
    outer loop
      vertex 4.39151 -16.6475 23.4
      vertex 4.36085 -16.5713 23.1
      vertex 8.04903 -20.305 23.4008
    endloop
  endfacet
  facet normal -0.00227852 -0.958079 0.286494
    outer loop
      vertex 37.8353 -20.3761 23.4
      vertex 8.04903 -20.305 23.4008
      vertex 8.18462 -20.3951 23.1008
    endloop
  endfacet
  facet normal 0.000265343 -0.999314 0.0370358
    outer loop
      vertex 37.8353 -20.3761 23.4
      vertex 8.18462 -20.3951 23.1008
      vertex 37.8802 -20.3872 23.1
    endloop
  endfacet
  facet normal 0.919335 -0.393364 0.00938419
    outer loop
      vertex 46.937 0.895414 23.4
      vertex 37.8353 -20.3761 23.4
      vertex 46.9432 0.902754 23.1
    endloop
  endfacet
  facet normal 0.909636 -0.387225 0.150393
    outer loop
      vertex 46.9432 0.902754 23.1
      vertex 37.8353 -20.3761 23.4
      vertex 37.8802 -20.3872 23.1
    endloop
  endfacet
  facet normal 0.748196 0.66281 -0.0297654
    outer loop
      vertex 46.9432 0.902754 23.1
      vertex 31.3982 18.4503 23.1
      vertex 31.406 18.455 23.4
    endloop
  endfacet
  facet normal 0.748673 0.662182 0.0316794
    outer loop
      vertex 46.9432 0.902754 23.1
      vertex 31.406 18.455 23.4
      vertex 46.937 0.895414 23.4
    endloop
  endfacet
  facet normal -0.278212 0.960433 0.0129139
    outer loop
      vertex 31.3982 18.4503 23.1
      vertex 8.82251 11.9107 23.1
      vertex 8.83208 11.9095 23.4
    endloop
  endfacet
  facet normal -0.278479 0.960412 -0.00759352
    outer loop
      vertex 31.3982 18.4503 23.1
      vertex 8.83208 11.9095 23.4
      vertex 31.406 18.455 23.4
    endloop
  endfacet
  facet normal -0.987614 0.153573 0.0321595
    outer loop
      vertex 8.83208 11.9095 23.4
      vertex 4.39151 -16.6475 23.4
      vertex 8.84165 11.9082 23.7
    endloop
  endfacet
  facet normal -0.978784 0.15108 0.13841
    outer loop
      vertex 8.84165 11.9082 23.7
      vertex 4.39151 -16.6475 23.4
      vertex 4.42217 -16.7237 23.7
    endloop
  endfacet
  facet normal -0.703054 -0.703077 -0.106764
    outer loop
      vertex 7.91343 -20.215 23.7008
      vertex 4.39151 -16.6475 23.4
      vertex 8.04903 -20.305 23.4008
    endloop
  endfacet
  facet normal -0.703053 -0.703076 -0.106773
    outer loop
      vertex 4.42217 -16.7237 23.7
      vertex 4.39151 -16.6475 23.4
      vertex 7.91343 -20.215 23.7008
    endloop
  endfacet
  facet normal -0.00480404 -0.958387 0.285433
    outer loop
      vertex 37.7905 -20.365 23.7
      vertex 7.91343 -20.215 23.7008
      vertex 8.04903 -20.305 23.4008
    endloop
  endfacet
  facet normal -0.00238348 -0.999326 0.0366337
    outer loop
      vertex 37.7905 -20.365 23.7
      vertex 8.04903 -20.305 23.4008
      vertex 37.8353 -20.3761 23.4
    endloop
  endfacet
  facet normal 0.918606 -0.395065 0.00931583
    outer loop
      vertex 46.9308 0.888075 23.7
      vertex 37.7905 -20.365 23.7
      vertex 46.937 0.895414 23.4
    endloop
  endfacet
  facet normal 0.908925 -0.38891 0.150347
    outer loop
      vertex 46.937 0.895414 23.4
      vertex 37.7905 -20.365 23.7
      vertex 37.8353 -20.3761 23.4
    endloop
  endfacet
  facet normal 0.748717 0.662221 -0.0297789
    outer loop
      vertex 46.937 0.895414 23.4
      vertex 31.406 18.455 23.4
      vertex 31.4138 18.4596 23.7
    endloop
  endfacet
  facet normal 0.749194 0.661593 0.0316663
    outer loop
      vertex 46.937 0.895414 23.4
      vertex 31.4138 18.4596 23.7
      vertex 46.9308 0.888075 23.7
    endloop
  endfacet
  facet normal -0.278464 0.96036 0.0129186
    outer loop
      vertex 31.406 18.455 23.4
      vertex 8.83208 11.9095 23.4
      vertex 8.84165 11.9082 23.7
    endloop
  endfacet
  facet normal -0.278731 0.960339 -0.00759017
    outer loop
      vertex 31.406 18.455 23.4
      vertex 8.84165 11.9082 23.7
      vertex 31.4138 18.4596 23.7
    endloop
  endfacet
  facet normal -0.987785 0.15247 0.032161
    outer loop
      vertex 8.84165 11.9082 23.7
      vertex 4.42217 -16.7237 23.7
      vertex 8.85123 11.9069 24
    endloop
  endfacet
  facet normal -0.978986 0.149998 0.138154
    outer loop
      vertex 8.85123 11.9069 24
      vertex 4.42217 -16.7237 23.7
      vertex 4.45283 -16.7999 24
    endloop
  endfacet
  facet normal -0.703054 -0.703078 -0.106758
    outer loop
      vertex 7.77784 -20.125 24.0008
      vertex 4.42217 -16.7237 23.7
      vertex 7.91343 -20.215 23.7008
    endloop
  endfacet
  facet normal -0.703052 -0.703077 -0.106777
    outer loop
      vertex 4.45283 -16.7999 24
      vertex 4.42217 -16.7237 23.7
      vertex 7.77784 -20.125 24.0008
    endloop
  endfacet
  facet normal -0.00731576 -0.958678 0.284399
    outer loop
      vertex 37.7456 -20.3539 24
      vertex 7.77784 -20.125 24.0008
      vertex 7.91343 -20.215 23.7008
    endloop
  endfacet
  facet normal -0.00501618 -0.99933 0.0362529
    outer loop
      vertex 37.7456 -20.3539 24
      vertex 7.91343 -20.215 23.7008
      vertex 37.7905 -20.365 23.7
    endloop
  endfacet
  facet normal 0.917874 -0.396765 0.00927084
    outer loop
      vertex 46.9246 0.880735 24
      vertex 37.7456 -20.3539 24
      vertex 46.9308 0.888075 23.7
    endloop
  endfacet
  facet normal 0.908208 -0.390593 0.150319
    outer loop
      vertex 46.9308 0.888075 23.7
      vertex 37.7456 -20.3539 24
      vertex 37.7905 -20.365 23.7
    endloop
  endfacet
  facet normal 0.749238 0.661632 -0.0297751
    outer loop
      vertex 46.9308 0.888075 23.7
      vertex 31.4138 18.4596 23.7
      vertex 31.4217 18.4642 24
    endloop
  endfacet
  facet normal 0.749714 0.661003 0.0316723
    outer loop
      vertex 46.9308 0.888075 23.7
      vertex 31.4217 18.4642 24
      vertex 46.9246 0.880735 24
    endloop
  endfacet
  facet normal -0.278715 0.960287 0.0129295
    outer loop
      vertex 31.4138 18.4596 23.7
      vertex 8.84165 11.9082 23.7
      vertex 8.85123 11.9069 24
    endloop
  endfacet
  facet normal -0.278982 0.960266 -0.00757032
    outer loop
      vertex 31.4138 18.4596 23.7
      vertex 8.85123 11.9069 24
      vertex 31.4217 18.4642 24
    endloop
  endfacet
  facet normal -0.987954 0.151372 0.0321613
    outer loop
      vertex 8.85123 11.9069 24
      vertex 4.45283 -16.7999 24
      vertex 8.8608 11.9057 24.3
    endloop
  endfacet
  facet normal -0.979186 0.148921 0.137901
    outer loop
      vertex 8.8608 11.9057 24.3
      vertex 4.45283 -16.7999 24
      vertex 4.48348 -16.8762 24.3
    endloop
  endfacet
  facet normal -0.703053 -0.703078 -0.106759
    outer loop
      vertex 7.64225 -20.0349 24.3008
      vertex 4.45283 -16.7999 24
      vertex 7.77784 -20.125 24.0008
    endloop
  endfacet
  facet normal -0.703051 -0.703078 -0.106777
    outer loop
      vertex 4.48348 -16.8762 24.3
      vertex 4.45283 -16.7999 24
      vertex 7.64225 -20.0349 24.3008
    endloop
  endfacet
  facet normal -0.00981387 -0.958967 0.283348
    outer loop
      vertex 37.7007 -20.3428 24.3
      vertex 7.64225 -20.0349 24.3008
      vertex 7.77784 -20.125 24.0008
    endloop
  endfacet
  facet normal -0.00763292 -0.999328 0.0358487
    outer loop
      vertex 37.7007 -20.3428 24.3
      vertex 7.77784 -20.125 24.0008
      vertex 37.7456 -20.3539 24
    endloop
  endfacet
  facet normal 0.917138 -0.398463 0.00921408
    outer loop
      vertex 46.9184 0.873396 24.3
      vertex 37.7007 -20.3428 24.3
      vertex 46.9246 0.880735 24
    endloop
  endfacet
  facet normal 0.90749 -0.392276 0.150269
    outer loop
      vertex 46.9246 0.880735 24
      vertex 37.7007 -20.3428 24.3
      vertex 37.7456 -20.3539 24
    endloop
  endfacet
  facet normal 0.749758 0.661042 -0.0297832
    outer loop
      vertex 46.9246 0.880735 24
      vertex 31.4217 18.4642 24
      vertex 31.4295 18.4689 24.3
    endloop
  endfacet
  facet normal 0.750234 0.660413 0.0316686
    outer loop
      vertex 46.9246 0.880735 24
      vertex 31.4295 18.4689 24.3
      vertex 46.9184 0.873396 24.3
    endloop
  endfacet
  facet normal -0.278967 0.960214 0.0129341
    outer loop
      vertex 31.4217 18.4642 24
      vertex 8.85123 11.9069 24
      vertex 8.8608 11.9057 24.3
    endloop
  endfacet
  facet normal -0.279233 0.960193 -0.00757661
    outer loop
      vertex 31.4217 18.4642 24
      vertex 8.8608 11.9057 24.3
      vertex 31.4295 18.4689 24.3
    endloop
  endfacet
  facet normal -0.98812 0.150279 0.0321656
    outer loop
      vertex 8.8608 11.9057 24.3
      vertex 4.48348 -16.8762 24.3
      vertex 8.87037 11.9044 24.6
    endloop
  endfacet
  facet normal -0.979384 0.147848 0.137652
    outer loop
      vertex 8.87037 11.9044 24.6
      vertex 4.48348 -16.8762 24.3
      vertex 4.51414 -16.9524 24.6
    endloop
  endfacet
  facet normal -0.703052 -0.703079 -0.106759
    outer loop
      vertex 7.50666 -19.9449 24.6008
      vertex 4.48348 -16.8762 24.3
      vertex 7.64225 -20.0349 24.3008
    endloop
  endfacet
  facet normal -0.703049 -0.703079 -0.106779
    outer loop
      vertex 4.51414 -16.9524 24.6
      vertex 4.48348 -16.8762 24.3
      vertex 7.50666 -19.9449 24.6008
    endloop
  endfacet
  facet normal -0.0122982 -0.959244 0.282311
    outer loop
      vertex 37.6558 -20.3317 24.6
      vertex 7.50666 -19.9449 24.6008
      vertex 7.64225 -20.0349 24.3008
    endloop
  endfacet
  facet normal -0.0102338 -0.999318 0.0354721
    outer loop
      vertex 37.6558 -20.3317 24.6
      vertex 7.64225 -20.0349 24.3008
      vertex 37.7007 -20.3428 24.3
    endloop
  endfacet
  facet normal 0.916399 -0.400161 0.00915729
    outer loop
      vertex 46.9122 0.866056 24.6
      vertex 37.6558 -20.3317 24.6
      vertex 46.9184 0.873396 24.3
    endloop
  endfacet
  facet normal 0.90677 -0.393959 0.150217
    outer loop
      vertex 46.9184 0.873396 24.3
      vertex 37.6558 -20.3317 24.6
      vertex 37.7007 -20.3428 24.3
    endloop
  endfacet
  facet normal 0.750278 0.660452 -0.0297792
    outer loop
      vertex 46.9184 0.873396 24.3
      vertex 31.4295 18.4689 24.3
      vertex 31.4373 18.4735 24.6
    endloop
  endfacet
  facet normal 0.750754 0.659823 0.0316649
    outer loop
      vertex 46.9184 0.873396 24.3
      vertex 31.4373 18.4735 24.6
      vertex 46.9122 0.866056 24.6
    endloop
  endfacet
  facet normal -0.279218 0.96014 0.0129458
    outer loop
      vertex 31.4295 18.4689 24.3
      vertex 8.8608 11.9057 24.3
      vertex 8.87037 11.9044 24.6
    endloop
  endfacet
  facet normal -0.279485 0.96012 -0.00755672
    outer loop
      vertex 31.4295 18.4689 24.3
      vertex 8.87037 11.9044 24.6
      vertex 31.4373 18.4735 24.6
    endloop
  endfacet
  facet normal -0.988285 0.149192 0.0321625
    outer loop
      vertex 8.87037 11.9044 24.6
      vertex 4.51414 -16.9524 24.6
      vertex 8.87995 11.9032 24.9
    endloop
  endfacet
  facet normal -0.97958 0.146781 0.137396
    outer loop
      vertex 8.87995 11.9032 24.9
      vertex 4.51414 -16.9524 24.6
      vertex 4.5448 -17.0286 24.9
    endloop
  endfacet
  facet normal -0.703051 -0.70308 -0.106757
    outer loop
      vertex 7.37106 -19.8549 24.9008
      vertex 4.51414 -16.9524 24.6
      vertex 7.50666 -19.9449 24.6008
    endloop
  endfacet
  facet normal -0.703049 -0.70308 -0.106777
    outer loop
      vertex 4.5448 -17.0286 24.9
      vertex 4.51414 -16.9524 24.6
      vertex 7.37106 -19.8549 24.9008
    endloop
  endfacet
  facet normal -0.0147691 -0.959514 0.281273
    outer loop
      vertex 37.611 -20.3206 24.9
      vertex 7.37106 -19.8549 24.9008
      vertex 7.50666 -19.9449 24.6008
    endloop
  endfacet
  facet normal -0.0128188 -0.999303 0.035072
    outer loop
      vertex 37.611 -20.3206 24.9
      vertex 7.50666 -19.9449 24.6008
      vertex 37.6558 -20.3317 24.6
    endloop
  endfacet
  facet normal 0.915657 -0.401857 0.00910039
    outer loop
      vertex 46.906 0.858717 24.9
      vertex 37.611 -20.3206 24.9
      vertex 46.9122 0.866056 24.6
    endloop
  endfacet
  facet normal 0.906046 -0.39564 0.150165
    outer loop
      vertex 46.9122 0.866056 24.6
      vertex 37.611 -20.3206 24.9
      vertex 37.6558 -20.3317 24.6
    endloop
  endfacet
  facet normal 0.750797 0.659861 -0.0297966
    outer loop
      vertex 46.9122 0.866056 24.6
      vertex 31.4373 18.4735 24.6
      vertex 31.4451 18.4782 24.9
    endloop
  endfacet
  facet normal 0.751273 0.659232 0.031661
    outer loop
      vertex 46.9122 0.866056 24.6
      vertex 31.4451 18.4782 24.9
      vertex 46.906 0.858717 24.9
    endloop
  endfacet
  facet normal -0.279469 0.960067 0.0129495
    outer loop
      vertex 31.4373 18.4735 24.6
      vertex 8.87037 11.9044 24.6
      vertex 8.87995 11.9032 24.9
    endloop
  endfacet
  facet normal -0.279736 0.960047 -0.00755941
    outer loop
      vertex 31.4373 18.4735 24.6
      vertex 8.87995 11.9032 24.9
      vertex 31.4451 18.4782 24.9
    endloop
  endfacet
  facet normal -0.988448 0.148109 0.0321636
    outer loop
      vertex 8.87995 11.9032 24.9
      vertex 4.5448 -17.0286 24.9
      vertex 8.88952 11.9019 25.2
    endloop
  endfacet
  facet normal -0.979774 0.145718 0.137146
    outer loop
      vertex 8.88952 11.9019 25.2
      vertex 4.5448 -17.0286 24.9
      vertex 4.57546 -17.1048 25.2
    endloop
  endfacet
  facet normal -0.70305 -0.703081 -0.106756
    outer loop
      vertex 7.23547 -19.7648 25.2008
      vertex 4.5448 -17.0286 24.9
      vertex 7.37106 -19.8549 24.9008
    endloop
  endfacet
  facet normal -0.703047 -0.703081 -0.106777
    outer loop
      vertex 4.57546 -17.1048 25.2
      vertex 4.5448 -17.0286 24.9
      vertex 7.23547 -19.7648 25.2008
    endloop
  endfacet
  facet normal -0.0172264 -0.959775 0.280241
    outer loop
      vertex 37.5661 -20.3095 25.2
      vertex 7.23547 -19.7648 25.2008
      vertex 7.37106 -19.8549 24.9008
    endloop
  endfacet
  facet normal -0.0153883 -0.99928 0.0346929
    outer loop
      vertex 37.5661 -20.3095 25.2
      vertex 7.37106 -19.8549 24.9008
      vertex 37.611 -20.3206 24.9
    endloop
  endfacet
  facet normal 0.914912 -0.403552 0.00904352
    outer loop
      vertex 46.8998 0.851377 25.2
      vertex 37.5661 -20.3095 25.2
      vertex 46.906 0.858717 24.9
    endloop
  endfacet
  facet normal 0.905317 -0.397318 0.150132
    outer loop
      vertex 46.906 0.858717 24.9
      vertex 37.5661 -20.3095 25.2
      vertex 37.611 -20.3206 24.9
    endloop
  endfacet
  facet normal 0.751316 0.65927 -0.0297968
    outer loop
      vertex 46.906 0.858717 24.9
      vertex 31.4451 18.4782 24.9
      vertex 31.453 18.4828 25.2
    endloop
  endfacet
  facet normal 0.751791 0.658641 0.0316573
    outer loop
      vertex 46.906 0.858717 24.9
      vertex 31.453 18.4828 25.2
      vertex 46.8998 0.851377 25.2
    endloop
  endfacet
  facet normal -0.279721 0.959994 0.0129602
    outer loop
      vertex 31.4451 18.4782 24.9
      vertex 8.87995 11.9032 24.9
      vertex 8.88952 11.9019 25.2
    endloop
  endfacet
  facet normal -0.279988 0.959974 -0.00754561
    outer loop
      vertex 31.4451 18.4782 24.9
      vertex 8.88952 11.9019 25.2
      vertex 31.453 18.4828 25.2
    endloop
  endfacet
  facet normal -0.988609 0.147032 0.032164
    outer loop
      vertex 8.88952 11.9019 25.2
      vertex 4.57546 -17.1048 25.2
      vertex 8.89909 11.9006 25.5
    endloop
  endfacet
  facet normal -0.979965 0.14466 0.136901
    outer loop
      vertex 8.89909 11.9006 25.5
      vertex 4.57546 -17.1048 25.2
      vertex 4.60612 -17.181 25.5
    endloop
  endfacet
  facet normal -0.703049 -0.703083 -0.106753
    outer loop
      vertex 7.09988 -19.6748 25.5009
      vertex 4.57546 -17.1048 25.2
      vertex 7.23547 -19.7648 25.2008
    endloop
  endfacet
  facet normal -0.703046 -0.703083 -0.106776
    outer loop
      vertex 4.60612 -17.181 25.5
      vertex 4.57546 -17.1048 25.2
      vertex 7.09988 -19.6748 25.5009
    endloop
  endfacet
  facet normal -0.0196702 -0.960026 0.279218
    outer loop
      vertex 37.5212 -20.2984 25.5
      vertex 7.09988 -19.6748 25.5009
      vertex 7.23547 -19.7648 25.2008
    endloop
  endfacet
  facet normal -0.017942 -0.99925 0.0343101
    outer loop
      vertex 37.5212 -20.2984 25.5
      vertex 7.23547 -19.7648 25.2008
      vertex 37.5661 -20.3095 25.2
    endloop
  endfacet
  facet normal 0.914164 -0.405246 0.00897503
    outer loop
      vertex 46.8936 0.844038 25.5
      vertex 37.5212 -20.2984 25.5
      vertex 46.8998 0.851377 25.2
    endloop
  endfacet
  facet normal 0.904586 -0.398997 0.150086
    outer loop
      vertex 46.8998 0.851377 25.2
      vertex 37.5212 -20.2984 25.5
      vertex 37.5661 -20.3095 25.2
    endloop
  endfacet
  facet normal 0.751834 0.658678 -0.0297966
    outer loop
      vertex 46.8998 0.851377 25.2
      vertex 31.453 18.4828 25.2
      vertex 31.4608 18.4874 25.5
    endloop
  endfacet
  facet normal 0.75231 0.658049 0.0316441
    outer loop
      vertex 46.8998 0.851377 25.2
      vertex 31.4608 18.4874 25.5
      vertex 46.8936 0.844038 25.5
    endloop
  endfacet
  facet normal -0.279972 0.959921 0.012965
    outer loop
      vertex 31.453 18.4828 25.2
      vertex 8.88952 11.9019 25.2
      vertex 8.89909 11.9006 25.5
    endloop
  endfacet
  facet normal -0.280239 0.959901 -0.00753975
    outer loop
      vertex 31.453 18.4828 25.2
      vertex 8.89909 11.9006 25.5
      vertex 31.4608 18.4874 25.5
    endloop
  endfacet
  facet normal -0.988767 0.14596 0.032165
    outer loop
      vertex 8.89909 11.9006 25.5
      vertex 4.60612 -17.181 25.5
      vertex 8.90866 11.8994 25.8
    endloop
  endfacet
  facet normal -0.980155 0.143608 0.136651
    outer loop
      vertex 8.90866 11.8994 25.8
      vertex 4.60612 -17.181 25.5
      vertex 4.63677 -17.2573 25.8
    endloop
  endfacet
  facet normal -0.703047 -0.703084 -0.10676
    outer loop
      vertex 6.96428 -19.5848 25.8009
      vertex 4.60612 -17.181 25.5
      vertex 7.09988 -19.6748 25.5009
    endloop
  endfacet
  facet normal -0.703044 -0.703083 -0.106783
    outer loop
      vertex 4.63677 -17.2573 25.8
      vertex 4.60612 -17.181 25.5
      vertex 6.96428 -19.5848 25.8009
    endloop
  endfacet
  facet normal -0.0221006 -0.960274 0.278183
    outer loop
      vertex 37.4763 -20.2872 25.8
      vertex 6.96428 -19.5848 25.8009
      vertex 7.09988 -19.6748 25.5009
    endloop
  endfacet
  facet normal -0.0204803 -0.999214 0.0339293
    outer loop
      vertex 37.4763 -20.2872 25.8
      vertex 7.09988 -19.6748 25.5009
      vertex 37.5212 -20.2984 25.5
    endloop
  endfacet
  facet normal 0.913412 -0.406938 0.00892971
    outer loop
      vertex 46.8874 0.836699 25.8
      vertex 37.4763 -20.2872 25.8
      vertex 46.8936 0.844038 25.5
    endloop
  endfacet
  facet normal 0.903854 -0.400675 0.150027
    outer loop
      vertex 46.8936 0.844038 25.5
      vertex 37.4763 -20.2872 25.8
      vertex 37.5212 -20.2984 25.5
    endloop
  endfacet
  facet normal 0.752352 0.658086 -0.0298057
    outer loop
      vertex 46.8936 0.844038 25.5
      vertex 31.4608 18.4874 25.5
      vertex 31.4686 18.4921 25.8
    endloop
  endfacet
  facet normal 0.752827 0.657457 0.0316499
    outer loop
      vertex 46.8936 0.844038 25.5
      vertex 31.4686 18.4921 25.8
      vertex 46.8874 0.836699 25.8
    endloop
  endfacet
  facet normal -0.280223 0.959847 0.0129757
    outer loop
      vertex 31.4608 18.4874 25.5
      vertex 8.89909 11.9006 25.5
      vertex 8.90866 11.8994 25.8
    endloop
  endfacet
  facet normal -0.28049 0.959827 -0.00753028
    outer loop
      vertex 31.4608 18.4874 25.5
      vertex 8.90866 11.8994 25.8
      vertex 31.4686 18.4921 25.8
    endloop
  endfacet
  facet normal -0.988924 0.144892 0.0321655
    outer loop
      vertex 8.90866 11.8994 25.8
      vertex 4.63677 -17.2573 25.8
      vertex 8.91824 11.8981 26.1
    endloop
  endfacet
  facet normal -0.980342 0.14256 0.136406
    outer loop
      vertex 8.91824 11.8981 26.1
      vertex 4.63677 -17.2573 25.8
      vertex 4.66743 -17.3335 26.1
    endloop
  endfacet
  facet normal -0.703047 -0.703086 -0.10675
    outer loop
      vertex 6.82869 -19.4947 26.1009
      vertex 4.63677 -17.2573 25.8
      vertex 6.96428 -19.5848 25.8009
    endloop
  endfacet
  facet normal -0.703043 -0.703086 -0.106777
    outer loop
      vertex 4.66743 -17.3335 26.1
      vertex 4.63677 -17.2573 25.8
      vertex 6.82869 -19.4947 26.1009
    endloop
  endfacet
  facet normal -0.0245177 -0.960507 0.277173
    outer loop
      vertex 37.4315 -20.2761 26.1
      vertex 6.82869 -19.4947 26.1009
      vertex 6.96428 -19.5848 25.8009
    endloop
  endfacet
  facet normal -0.0230031 -0.999172 0.0335501
    outer loop
      vertex 37.4315 -20.2761 26.1
      vertex 6.96428 -19.5848 25.8009
      vertex 37.4763 -20.2872 25.8
    endloop
  endfacet
  facet normal 0.912657 -0.40863 0.00887272
    outer loop
      vertex 46.8812 0.829359 26.1
      vertex 37.4315 -20.2761 26.1
      vertex 46.8874 0.836699 25.8
    endloop
  endfacet
  facet normal 0.903115 -0.402351 0.14999
    outer loop
      vertex 46.8874 0.836699 25.8
      vertex 37.4315 -20.2761 26.1
      vertex 37.4763 -20.2872 25.8
    endloop
  endfacet
  facet normal 0.75287 0.657494 -0.0298101
    outer loop
      vertex 46.8874 0.836699 25.8
      vertex 31.4686 18.4921 25.8
      vertex 31.4764 18.4967 26.1
    endloop
  endfacet
  facet normal 0.753344 0.656864 0.0316461
    outer loop
      vertex 46.8874 0.836699 25.8
      vertex 31.4764 18.4967 26.1
      vertex 46.8812 0.829359 26.1
    endloop
  endfacet
  facet normal -0.280475 0.959774 0.0129834
    outer loop
      vertex 31.4686 18.4921 25.8
      vertex 8.90866 11.8994 25.8
      vertex 8.91824 11.8981 26.1
    endloop
  endfacet
  facet normal -0.280742 0.959754 -0.00752259
    outer loop
      vertex 31.4686 18.4921 25.8
      vertex 8.91824 11.8981 26.1
      vertex 31.4764 18.4967 26.1
    endloop
  endfacet
  facet normal -0.98908 0.14383 0.0321653
    outer loop
      vertex 8.91824 11.8981 26.1
      vertex 4.66743 -17.3335 26.1
      vertex 8.92781 11.8969 26.4
    endloop
  endfacet
  facet normal -0.980528 0.141516 0.136156
    outer loop
      vertex 8.92781 11.8969 26.4
      vertex 4.66743 -17.3335 26.1
      vertex 4.69809 -17.4097 26.4
    endloop
  endfacet
  facet normal -0.703045 -0.703088 -0.106752
    outer loop
      vertex 6.6931 -19.4047 26.4009
      vertex 4.66743 -17.3335 26.1
      vertex 6.82869 -19.4947 26.1009
    endloop
  endfacet
  facet normal -0.70304 -0.703088 -0.10678
    outer loop
      vertex 4.69809 -17.4097 26.4
      vertex 4.66743 -17.3335 26.1
      vertex 6.6931 -19.4047 26.4009
    endloop
  endfacet
  facet normal -0.0269216 -0.960738 0.276148
    outer loop
      vertex 37.3866 -20.265 26.4
      vertex 6.6931 -19.4047 26.4009
      vertex 6.82869 -19.4947 26.1009
    endloop
  endfacet
  facet normal -0.0255107 -0.999124 0.033167
    outer loop
      vertex 37.3866 -20.265 26.4
      vertex 6.82869 -19.4947 26.1009
      vertex 37.4315 -20.2761 26.1
    endloop
  endfacet
  facet normal 0.911899 -0.41032 0.00881565
    outer loop
      vertex 46.875 0.82202 26.4
      vertex 37.3866 -20.265 26.4
      vertex 46.8812 0.829359 26.1
    endloop
  endfacet
  facet normal 0.902377 -0.404027 0.149927
    outer loop
      vertex 46.8812 0.829359 26.1
      vertex 37.3866 -20.265 26.4
      vertex 37.4315 -20.2761 26.1
    endloop
  endfacet
  facet normal 0.753387 0.656901 -0.0298136
    outer loop
      vertex 46.8812 0.829359 26.1
      vertex 31.4764 18.4967 26.1
      vertex 31.4843 18.5014 26.4
    endloop
  endfacet
  facet normal 0.753861 0.656271 0.0316421
    outer loop
      vertex 46.8812 0.829359 26.1
      vertex 31.4843 18.5014 26.4
      vertex 46.875 0.82202 26.4
    endloop
  endfacet
  facet normal -0.280726 0.9597 0.012988
    outer loop
      vertex 31.4764 18.4967 26.1
      vertex 8.91824 11.8981 26.1
      vertex 8.92781 11.8969 26.4
    endloop
  endfacet
  facet normal -0.280993 0.95968 -0.00752273
    outer loop
      vertex 31.4764 18.4967 26.1
      vertex 8.92781 11.8969 26.4
      vertex 31.4843 18.5014 26.4
    endloop
  endfacet
  facet normal -0.989233 0.142773 0.0321694
    outer loop
      vertex 8.92781 11.8969 26.4
      vertex 4.69809 -17.4097 26.4
      vertex 8.93738 11.8956 26.7
    endloop
  endfacet
  facet normal -0.980711 0.140478 0.135911
    outer loop
      vertex 8.93738 11.8956 26.7
      vertex 4.69809 -17.4097 26.4
      vertex 4.72875 -17.4859 26.7
    endloop
  endfacet
  facet normal -0.703043 -0.70309 -0.10675
    outer loop
      vertex 6.55751 -19.3147 26.7009
      vertex 4.69809 -17.4097 26.4
      vertex 6.6931 -19.4047 26.4009
    endloop
  endfacet
  facet normal -0.703038 -0.70309 -0.106781
    outer loop
      vertex 4.72875 -17.4859 26.7
      vertex 4.69809 -17.4097 26.4
      vertex 6.55751 -19.3147 26.7009
    endloop
  endfacet
  facet normal -0.029312 -0.960959 0.275134
    outer loop
      vertex 37.3417 -20.2539 26.7
      vertex 6.55751 -19.3147 26.7009
      vertex 6.6931 -19.4047 26.4009
    endloop
  endfacet
  facet normal -0.028003 -0.999069 0.0328045
    outer loop
      vertex 37.3417 -20.2539 26.7
      vertex 6.6931 -19.4047 26.4009
      vertex 37.3866 -20.265 26.4
    endloop
  endfacet
  facet normal 0.911138 -0.412009 0.008747
    outer loop
      vertex 46.8688 0.81468 26.7
      vertex 37.3417 -20.2539 26.7
      vertex 46.875 0.82202 26.4
    endloop
  endfacet
  facet normal 0.901632 -0.4057 0.149894
    outer loop
      vertex 46.875 0.82202 26.4
      vertex 37.3417 -20.2539 26.7
      vertex 37.3866 -20.265 26.4
    endloop
  endfacet
  facet normal 0.753904 0.656308 -0.0298143
    outer loop
      vertex 46.875 0.82202 26.4
      vertex 31.4843 18.5014 26.4
      vertex 31.4921 18.506 26.7
    endloop
  endfacet
  facet normal 0.754378 0.655678 0.0316287
    outer loop
      vertex 46.875 0.82202 26.4
      vertex 31.4921 18.506 26.7
      vertex 46.8688 0.81468 26.7
    endloop
  endfacet
  facet normal -0.280977 0.959626 0.0129997
    outer loop
      vertex 31.4843 18.5014 26.4
      vertex 8.92781 11.8969 26.4
      vertex 8.93738 11.8956 26.7
    endloop
  endfacet
  facet normal -0.281244 0.959607 -0.00750105
    outer loop
      vertex 31.4843 18.5014 26.4
      vertex 8.93738 11.8956 26.7
      vertex 31.4921 18.506 26.7
    endloop
  endfacet
  facet normal -0.989384 0.14172 0.0321664
    outer loop
      vertex 8.93738 11.8956 26.7
      vertex 4.72875 -17.4859 26.7
      vertex 8.94696 11.8943 27
    endloop
  endfacet
  facet normal -0.980892 0.139444 0.13567
    outer loop
      vertex 8.94696 11.8943 27
      vertex 4.72875 -17.4859 26.7
      vertex 4.75941 -17.5621 27
    endloop
  endfacet
  facet normal -0.70304 -0.703092 -0.106751
    outer loop
      vertex 6.42191 -19.2246 27.0009
      vertex 4.72875 -17.4859 26.7
      vertex 6.55751 -19.3147 26.7009
    endloop
  endfacet
  facet normal -0.703035 -0.703093 -0.10678
    outer loop
      vertex 4.75941 -17.5621 27
      vertex 4.72875 -17.4859 26.7
      vertex 6.42191 -19.2246 27.0009
    endloop
  endfacet
  facet normal -0.0316894 -0.961172 0.274123
    outer loop
      vertex 37.2968 -20.2428 27
      vertex 6.42191 -19.2246 27.0009
      vertex 6.55751 -19.3147 26.7009
    endloop
  endfacet
  facet normal -0.03048 -0.999009 0.0324197
    outer loop
      vertex 37.2968 -20.2428 27
      vertex 6.55751 -19.3147 26.7009
      vertex 37.3417 -20.2539 26.7
    endloop
  endfacet
  facet normal 0.910374 -0.413696 0.00870155
    outer loop
      vertex 46.8626 0.807341 27
      vertex 37.2968 -20.2428 27
      vertex 46.8688 0.81468 26.7
    endloop
  endfacet
  facet normal 0.900887 -0.407373 0.149829
    outer loop
      vertex 46.8688 0.81468 26.7
      vertex 37.2968 -20.2428 27
      vertex 37.3417 -20.2539 26.7
    endloop
  endfacet
  facet normal 0.754419 0.655715 -0.0298271
    outer loop
      vertex 46.8688 0.81468 26.7
      vertex 31.4921 18.506 26.7
      vertex 31.4999 18.5106 27
    endloop
  endfacet
  facet normal 0.754893 0.655084 0.0316346
    outer loop
      vertex 46.8688 0.81468 26.7
      vertex 31.4999 18.5106 27
      vertex 46.8626 0.807341 27
    endloop
  endfacet
  facet normal -0.281229 0.959553 0.0130035
    outer loop
      vertex 31.4921 18.506 26.7
      vertex 8.93738 11.8956 26.7
      vertex 8.94696 11.8943 27
    endloop
  endfacet
  facet normal -0.281496 0.959533 -0.00750561
    outer loop
      vertex 31.4921 18.506 26.7
      vertex 8.94696 11.8943 27
      vertex 31.4999 18.5106 27
    endloop
  endfacet
  facet normal -0.989533 0.140673 0.0321672
    outer loop
      vertex 8.94696 11.8943 27
      vertex 4.75941 -17.5621 27
      vertex 8.95653 11.8931 27.3
    endloop
  endfacet
  facet normal -0.981072 0.138415 0.135424
    outer loop
      vertex 8.95653 11.8931 27.3
      vertex 4.75941 -17.5621 27
      vertex 4.79006 -17.6383 27.3
    endloop
  endfacet
  facet normal -0.703038 -0.703095 -0.106747
    outer loop
      vertex 6.28632 -19.1346 27.3009
      vertex 4.75941 -17.5621 27
      vertex 6.42191 -19.2246 27.0009
    endloop
  endfacet
  facet normal -0.703031 -0.703096 -0.106783
    outer loop
      vertex 4.79006 -17.6383 27.3
      vertex 4.75941 -17.5621 27
      vertex 6.28632 -19.1346 27.3009
    endloop
  endfacet
  facet normal -0.0340536 -0.961378 0.273117
    outer loop
      vertex 37.252 -20.2317 27.3
      vertex 6.28632 -19.1346 27.3009
      vertex 6.42191 -19.2246 27.0009
    endloop
  endfacet
  facet normal -0.0329421 -0.998943 0.0320612
    outer loop
      vertex 37.252 -20.2317 27.3
      vertex 6.42191 -19.2246 27.0009
      vertex 37.2968 -20.2428 27
    endloop
  endfacet
  facet normal 0.909606 -0.415382 0.00864443
    outer loop
      vertex 46.8564 0.800001 27.3
      vertex 37.252 -20.2317 27.3
      vertex 46.8626 0.807341 27
    endloop
  endfacet
  facet normal 0.900136 -0.409044 0.149795
    outer loop
      vertex 46.8626 0.807341 27
      vertex 37.252 -20.2317 27.3
      vertex 37.2968 -20.2428 27
    endloop
  endfacet
  facet normal 0.754935 0.655121 -0.0298183
    outer loop
      vertex 46.8626 0.807341 27
      vertex 31.4999 18.5106 27
      vertex 31.5077 18.5153 27.3
    endloop
  endfacet
  facet normal 0.755409 0.65449 0.0316307
    outer loop
      vertex 46.8626 0.807341 27
      vertex 31.5077 18.5153 27.3
      vertex 46.8564 0.800001 27.3
    endloop
  endfacet
  facet normal -0.28148 0.959479 0.0130143
    outer loop
      vertex 31.4999 18.5106 27
      vertex 8.94696 11.8943 27
      vertex 8.95653 11.8931 27.3
    endloop
  endfacet
  facet normal -0.281747 0.95946 -0.0074875
    outer loop
      vertex 31.4999 18.5106 27
      vertex 8.95653 11.8931 27.3
      vertex 31.5077 18.5153 27.3
    endloop
  endfacet
  facet normal -0.989681 0.13963 0.0321671
    outer loop
      vertex 8.95653 11.8931 27.3
      vertex 4.79006 -17.6383 27.3
      vertex 8.9661 11.8918 27.6
    endloop
  endfacet
  facet normal -0.981249 0.137391 0.135182
    outer loop
      vertex 8.9661 11.8918 27.6
      vertex 4.79006 -17.6383 27.3
      vertex 4.82072 -17.7146 27.6
    endloop
  endfacet
  facet normal -0.703035 -0.703099 -0.10674
    outer loop
      vertex 6.15073 -19.0446 27.6009
      vertex 4.79006 -17.6383 27.3
      vertex 6.28632 -19.1346 27.3009
    endloop
  endfacet
  facet normal -0.703026 -0.703101 -0.106785
    outer loop
      vertex 4.82072 -17.7146 27.6
      vertex 4.79006 -17.6383 27.3
      vertex 6.15073 -19.0446 27.6009
    endloop
  endfacet
  facet normal -0.0364049 -0.961574 0.272121
    outer loop
      vertex 37.2071 -20.2206 27.6
      vertex 6.15073 -19.0446 27.6009
      vertex 6.28632 -19.1346 27.3009
    endloop
  endfacet
  facet normal -0.0353891 -0.998871 0.0316803
    outer loop
      vertex 37.2071 -20.2206 27.6
      vertex 6.28632 -19.1346 27.3009
      vertex 37.252 -20.2317 27.3
    endloop
  endfacet
  facet normal 0.908835 -0.417067 0.00858727
    outer loop
      vertex 46.8502 0.792662 27.6
      vertex 37.2071 -20.2206 27.6
      vertex 46.8564 0.800001 27.3
    endloop
  endfacet
  facet normal 0.899386 -0.410715 0.149728
    outer loop
      vertex 46.8564 0.800001 27.3
      vertex 37.2071 -20.2206 27.6
      vertex 37.252 -20.2317 27.3
    endloop
  endfacet
  facet normal 0.75545 0.654526 -0.0298356
    outer loop
      vertex 46.8564 0.800001 27.3
      vertex 31.5077 18.5153 27.3
      vertex 31.5156 18.5199 27.6
    endloop
  endfacet
  facet normal 0.755924 0.653895 0.0316268
    outer loop
      vertex 46.8564 0.800001 27.3
      vertex 31.5156 18.5199 27.6
      vertex 46.8502 0.792662 27.6
    endloop
  endfacet
  facet normal -0.281731 0.959405 0.0130189
    outer loop
      vertex 31.5077 18.5153 27.3
      vertex 8.95653 11.8931 27.3
      vertex 8.9661 11.8918 27.6
    endloop
  endfacet
  facet normal -0.281998 0.959386 -0.00749022
    outer loop
      vertex 31.5077 18.5153 27.3
      vertex 8.9661 11.8918 27.6
      vertex 31.5156 18.5199 27.6
    endloop
  endfacet
  facet normal -0.989827 0.138592 0.0321676
    outer loop
      vertex 8.9661 11.8918 27.6
      vertex 4.82072 -17.7146 27.6
      vertex 8.97568 11.8906 27.9
    endloop
  endfacet
  facet normal -0.981424 0.136371 0.134943
    outer loop
      vertex 8.97568 11.8906 27.9
      vertex 4.82072 -17.7146 27.6
      vertex 4.85138 -17.7908 27.9
    endloop
  endfacet
  facet normal -0.703029 -0.703104 -0.106745
    outer loop
      vertex 6.01514 -18.9545 27.9009
      vertex 4.82072 -17.7146 27.6
      vertex 6.15073 -19.0446 27.6009
    endloop
  endfacet
  facet normal -0.703022 -0.703106 -0.106784
    outer loop
      vertex 4.85138 -17.7908 27.9
      vertex 4.82072 -17.7146 27.6
      vertex 6.01514 -18.9545 27.9009
    endloop
  endfacet
  facet normal -0.0387432 -0.961768 0.27111
    outer loop
      vertex 37.1622 -20.2095 27.9
      vertex 6.01514 -18.9545 27.9009
      vertex 6.15073 -19.0446 27.6009
    endloop
  endfacet
  facet normal -0.0378214 -0.998794 0.0313193
    outer loop
      vertex 37.1622 -20.2095 27.9
      vertex 6.15073 -19.0446 27.6009
      vertex 37.2071 -20.2206 27.6
    endloop
  endfacet
  facet normal 0.908061 -0.418751 0.00853002
    outer loop
      vertex 46.8439 0.785322 27.9
      vertex 37.1622 -20.2095 27.9
      vertex 46.8502 0.792662 27.6
    endloop
  endfacet
  facet normal 0.898628 -0.412383 0.14969
    outer loop
      vertex 46.8502 0.792662 27.6
      vertex 37.1622 -20.2095 27.9
      vertex 37.2071 -20.2206 27.6
    endloop
  endfacet
  facet normal 0.755965 0.653931 -0.0298355
    outer loop
      vertex 46.8502 0.792662 27.6
      vertex 31.5156 18.5199 27.6
      vertex 31.5234 18.5246 27.9
    endloop
  endfacet
  facet normal 0.756438 0.6533 0.0316227
    outer loop
      vertex 46.8502 0.792662 27.6
      vertex 31.5234 18.5246 27.9
      vertex 46.8439 0.785322 27.9
    endloop
  endfacet
  facet normal -0.281982 0.959331 0.0130296
    outer loop
      vertex 31.5156 18.5199 27.6
      vertex 8.9661 11.8918 27.6
      vertex 8.97568 11.8906 27.9
    endloop
  endfacet
  facet normal -0.282249 0.959312 -0.00747637
    outer loop
      vertex 31.5156 18.5199 27.6
      vertex 8.97568 11.8906 27.9
      vertex 31.5234 18.5246 27.9
    endloop
  endfacet
  facet normal -0.989971 0.137559 0.0321675
    outer loop
      vertex 8.97568 11.8906 27.9
      vertex 4.85138 -17.7908 27.9
      vertex 8.98525 11.8893 28.2
    endloop
  endfacet
  facet normal -0.981598 0.135356 0.1347
    outer loop
      vertex 8.98525 11.8893 28.2
      vertex 4.85138 -17.7908 27.9
      vertex 4.88204 -17.867 28.2
    endloop
  endfacet
  facet normal -0.703026 -0.70311 -0.106732
    outer loop
      vertex 5.87954 -18.8645 28.2009
      vertex 4.85138 -17.7908 27.9
      vertex 6.01514 -18.9545 27.9009
    endloop
  endfacet
  facet normal -0.703013 -0.703114 -0.106789
    outer loop
      vertex 4.88204 -17.867 28.2
      vertex 4.85138 -17.7908 27.9
      vertex 5.87954 -18.8645 28.2009
    endloop
  endfacet
  facet normal -0.0410684 -0.961949 0.270124
    outer loop
      vertex 37.1174 -20.1984 28.2
      vertex 5.87954 -18.8645 28.2009
      vertex 6.01514 -18.9545 27.9009
    endloop
  endfacet
  facet normal -0.0402388 -0.99871 0.0309551
    outer loop
      vertex 37.1174 -20.1984 28.2
      vertex 6.01514 -18.9545 27.9009
      vertex 37.1622 -20.2095 27.9
    endloop
  endfacet
  facet normal 0.907284 -0.420433 0.00847281
    outer loop
      vertex 46.8377 0.777983 28.2
      vertex 37.1174 -20.1984 28.2
      vertex 46.8439 0.785322 27.9
    endloop
  endfacet
  facet normal 0.897871 -0.414052 0.149627
    outer loop
      vertex 46.8439 0.785322 27.9
      vertex 37.1174 -20.1984 28.2
      vertex 37.1622 -20.2095 27.9
    endloop
  endfacet
  facet normal 0.75648 0.653336 -0.0298349
    outer loop
      vertex 46.8439 0.785322 27.9
      vertex 31.5234 18.5246 27.9
      vertex 31.5312 18.5292 28.2
    endloop
  endfacet
  facet normal 0.756952 0.652705 0.0316187
    outer loop
      vertex 46.8439 0.785322 27.9
      vertex 31.5312 18.5292 28.2
      vertex 46.8377 0.777983 28.2
    endloop
  endfacet
  facet normal -0.282233 0.959257 0.0130343
    outer loop
      vertex 31.5234 18.5246 27.9
      vertex 8.97568 11.8906 27.9
      vertex 8.98525 11.8893 28.2
    endloop
  endfacet
  facet normal -0.282501 0.959238 -0.00747047
    outer loop
      vertex 31.5234 18.5246 27.9
      vertex 8.98525 11.8893 28.2
      vertex 31.5312 18.5292 28.2
    endloop
  endfacet
  facet normal -0.990113 0.136531 0.0321683
    outer loop
      vertex 8.98525 11.8893 28.2
      vertex 4.88204 -17.867 28.2
      vertex 8.99482 11.888 28.5
    endloop
  endfacet
  facet normal -0.981769 0.134346 0.134462
    outer loop
      vertex 8.99482 11.888 28.5
      vertex 4.88204 -17.867 28.2
      vertex 4.9127 -17.9432 28.5
    endloop
  endfacet
  facet normal -0.703017 -0.703118 -0.106733
    outer loop
      vertex 5.74395 -18.7745 28.5009
      vertex 4.88204 -17.867 28.2
      vertex 5.87954 -18.8645 28.2009
    endloop
  endfacet
  facet normal -0.703001 -0.703124 -0.106798
    outer loop
      vertex 4.9127 -17.9432 28.5
      vertex 4.88204 -17.867 28.2
      vertex 5.74395 -18.7745 28.5009
    endloop
  endfacet
  facet normal -0.0433809 -0.962128 0.269126
    outer loop
      vertex 37.0725 -20.1873 28.5
      vertex 5.74395 -18.7745 28.5009
      vertex 5.87954 -18.8645 28.2009
    endloop
  endfacet
  facet normal -0.0426416 -0.998622 0.0305921
    outer loop
      vertex 37.0725 -20.1873 28.5
      vertex 5.87954 -18.8645 28.2009
      vertex 37.1174 -20.1984 28.2
    endloop
  endfacet
  facet normal 0.906504 -0.422114 0.0084156
    outer loop
      vertex 46.8315 0.770643 28.5
      vertex 37.0725 -20.1873 28.5
      vertex 46.8377 0.777983 28.2
    endloop
  endfacet
  facet normal 0.897108 -0.415717 0.149587
    outer loop
      vertex 46.8377 0.777983 28.2
      vertex 37.0725 -20.1873 28.5
      vertex 37.1174 -20.1984 28.2
    endloop
  endfacet
  facet normal 0.756994 0.652741 -0.0298393
    outer loop
      vertex 46.8377 0.777983 28.2
      vertex 31.5312 18.5292 28.2
      vertex 31.539 18.5338 28.5
    endloop
  endfacet
  facet normal 0.757466 0.652109 0.031615
    outer loop
      vertex 46.8377 0.777983 28.2
      vertex 31.539 18.5338 28.5
      vertex 46.8315 0.770643 28.5
    endloop
  endfacet
  facet normal -0.282484 0.959183 0.0130451
    outer loop
      vertex 31.5312 18.5292 28.2
      vertex 8.98525 11.8893 28.2
      vertex 8.99482 11.888 28.5
    endloop
  endfacet
  facet normal -0.282752 0.959164 -0.00746283
    outer loop
      vertex 31.5312 18.5292 28.2
      vertex 8.99482 11.888 28.5
      vertex 31.539 18.5338 28.5
    endloop
  endfacet
  facet normal -0.990254 0.135507 0.0321712
    outer loop
      vertex 8.99482 11.888 28.5
      vertex 4.9127 -17.9432 28.5
      vertex 9.0044 11.8868 28.8
    endloop
  endfacet
  facet normal -0.981939 0.13334 0.134226
    outer loop
      vertex 9.0044 11.8868 28.8
      vertex 4.9127 -17.9432 28.5
      vertex 4.94336 -18.0194 28.8
    endloop
  endfacet
  facet normal -0.703007 -0.70313 -0.106722
    outer loop
      vertex 5.60836 -18.6844 28.801
      vertex 4.9127 -17.9432 28.5
      vertex 5.74395 -18.7745 28.5009
    endloop
  endfacet
  facet normal -0.702986 -0.70314 -0.106797
    outer loop
      vertex 4.94336 -18.0194 28.8
      vertex 4.9127 -17.9432 28.5
      vertex 5.60836 -18.6844 28.801
    endloop
  endfacet
  facet normal -0.0456805 -0.962297 0.268138
    outer loop
      vertex 37.0276 -20.1762 28.8
      vertex 5.60836 -18.6844 28.801
      vertex 5.74395 -18.7745 28.5009
    endloop
  endfacet
  facet normal -0.0450297 -0.998528 0.0302319
    outer loop
      vertex 37.0276 -20.1762 28.8
      vertex 5.74395 -18.7745 28.5009
      vertex 37.0725 -20.1873 28.5
    endloop
  endfacet
  facet normal 0.90572 -0.423793 0.0083468
    outer loop
      vertex 46.8253 0.763304 28.8
      vertex 37.0276 -20.1762 28.8
      vertex 46.8315 0.770643 28.5
    endloop
  endfacet
  facet normal 0.896345 -0.417383 0.149523
    outer loop
      vertex 46.8315 0.770643 28.5
      vertex 37.0276 -20.1762 28.8
      vertex 37.0725 -20.1873 28.5
    endloop
  endfacet
  facet normal 0.757507 0.652144 -0.0298531
    outer loop
      vertex 46.8315 0.770643 28.5
      vertex 31.539 18.5338 28.5
      vertex 31.5469 18.5385 28.8
    endloop
  endfacet
  facet normal 0.757979 0.651513 0.0316014
    outer loop
      vertex 46.8315 0.770643 28.5
      vertex 31.5469 18.5385 28.8
      vertex 46.8253 0.763304 28.8
    endloop
  endfacet
  facet normal -0.282736 0.959109 0.0130506
    outer loop
      vertex 31.539 18.5338 28.5
      vertex 8.99482 11.888 28.5
      vertex 9.0044 11.8868 28.8
    endloop
  endfacet
  facet normal -0.283003 0.95909 -0.00745153
    outer loop
      vertex 31.539 18.5338 28.5
      vertex 9.0044 11.8868 28.8
      vertex 31.5469 18.5385 28.8
    endloop
  endfacet
  facet normal -0.990393 0.134488 0.0321687
    outer loop
      vertex 9.0044 11.8868 28.8
      vertex 4.94336 -18.0194 28.8
      vertex 9.01397 11.8855 29.1
    endloop
  endfacet
  facet normal -0.982107 0.132339 0.133986
    outer loop
      vertex 9.01397 11.8855 29.1
      vertex 4.94336 -18.0194 28.8
      vertex 4.97401 -18.0956 29.1
    endloop
  endfacet
  facet normal -0.702992 -0.703146 -0.106711
    outer loop
      vertex 5.47277 -18.5944 29.101
      vertex 4.94336 -18.0194 28.8
      vertex 5.60836 -18.6844 28.801
    endloop
  endfacet
  facet normal -0.702958 -0.703166 -0.106809
    outer loop
      vertex 4.97401 -18.0956 29.1
      vertex 4.94336 -18.0194 28.8
      vertex 5.47277 -18.5944 29.101
    endloop
  endfacet
  facet normal -0.0479675 -0.962459 0.267154
    outer loop
      vertex 36.9827 -20.1651 29.1
      vertex 5.47277 -18.5944 29.101
      vertex 5.60836 -18.6844 28.801
    endloop
  endfacet
  facet normal -0.0474033 -0.998429 0.0298663
    outer loop
      vertex 36.9827 -20.1651 29.1
      vertex 5.60836 -18.6844 28.801
      vertex 37.0276 -20.1762 28.8
    endloop
  endfacet
  facet normal 0.904934 -0.425471 0.008301
    outer loop
      vertex 46.8191 0.755964 29.1
      vertex 36.9827 -20.1651 29.1
      vertex 46.8253 0.763304 28.8
    endloop
  endfacet
  facet normal 0.895576 -0.419047 0.149478
    outer loop
      vertex 46.8253 0.763304 28.8
      vertex 36.9827 -20.1651 29.1
      vertex 37.0276 -20.1762 28.8
    endloop
  endfacet
  facet normal 0.75802 0.651548 -0.0298518
    outer loop
      vertex 46.8253 0.763304 28.8
      vertex 31.5469 18.5385 28.8
      vertex 31.5547 18.5431 29.1
    endloop
  endfacet
  facet normal 0.758491 0.650916 0.031607
    outer loop
      vertex 46.8253 0.763304 28.8
      vertex 31.5547 18.5431 29.1
      vertex 46.8191 0.755964 29.1
    endloop
  endfacet
  facet normal -0.282987 0.959035 0.0130605
    outer loop
      vertex 31.5469 18.5385 28.8
      vertex 9.0044 11.8868 28.8
      vertex 9.01397 11.8855 29.1
    endloop
  endfacet
  facet normal -0.283254 0.959016 -0.00745353
    outer loop
      vertex 31.5469 18.5385 28.8
      vertex 9.01397 11.8855 29.1
      vertex 31.5547 18.5431 29.1
    endloop
  endfacet
  facet normal -0.99053 0.133474 0.0321686
    outer loop
      vertex 9.01397 11.8855 29.1
      vertex 4.97401 -18.0956 29.1
      vertex 9.02354 11.8843 29.4
    endloop
  endfacet
  facet normal -0.982273 0.131342 0.133752
    outer loop
      vertex 9.02354 11.8843 29.4
      vertex 4.97401 -18.0956 29.1
      vertex 5.00467 -18.1719 29.4
    endloop
  endfacet
  facet normal -0.702967 -0.703175 -0.106691
    outer loop
      vertex 5.33717 -18.5044 29.401
      vertex 4.97401 -18.0956 29.1
      vertex 5.47277 -18.5944 29.101
    endloop
  endfacet
  facet normal -0.702904 -0.703217 -0.106824
    outer loop
      vertex 5.00467 -18.1719 29.4
      vertex 4.97401 -18.0956 29.1
      vertex 5.33717 -18.5044 29.401
    endloop
  endfacet
  facet normal -0.0502416 -0.962615 0.266172
    outer loop
      vertex 36.9379 -20.154 29.4
      vertex 5.33717 -18.5044 29.401
      vertex 5.47277 -18.5944 29.101
    endloop
  endfacet
  facet normal -0.0497626 -0.998325 0.0295226
    outer loop
      vertex 36.9379 -20.154 29.4
      vertex 5.47277 -18.5944 29.101
      vertex 36.9827 -20.1651 29.1
    endloop
  endfacet
  facet normal 0.904144 -0.427148 0.0082436
    outer loop
      vertex 46.8129 0.748625 29.4
      vertex 36.9379 -20.154 29.4
      vertex 46.8191 0.755964 29.1
    endloop
  endfacet
  facet normal 0.894806 -0.42071 0.149417
    outer loop
      vertex 46.8191 0.755964 29.1
      vertex 36.9379 -20.154 29.4
      vertex 36.9827 -20.1651 29.1
    endloop
  endfacet
  facet normal 0.758532 0.650951 -0.0298474
    outer loop
      vertex 46.8191 0.755964 29.1
      vertex 31.5547 18.5431 29.1
      vertex 31.5625 18.5478 29.4
    endloop
  endfacet
  facet normal 0.759003 0.650319 0.0316028
    outer loop
      vertex 46.8191 0.755964 29.1
      vertex 31.5625 18.5478 29.4
      vertex 46.8129 0.748625 29.4
    endloop
  endfacet
  facet normal -0.283238 0.958961 0.0130681
    outer loop
      vertex 31.5547 18.5431 29.1
      vertex 9.01397 11.8855 29.1
      vertex 9.02354 11.8843 29.4
    endloop
  endfacet
  facet normal -0.283505 0.958942 -0.00743359
    outer loop
      vertex 31.5547 18.5431 29.1
      vertex 9.02354 11.8843 29.4
      vertex 31.5625 18.5478 29.4
    endloop
  endfacet
  facet normal -0.990666 0.132464 0.0321682
    outer loop
      vertex 9.02354 11.8843 29.4
      vertex 5.00467 -18.1719 29.4
      vertex 9.03312 11.883 29.7
    endloop
  endfacet
  facet normal -0.982437 0.13035 0.133515
    outer loop
      vertex 9.03312 11.883 29.7
      vertex 5.00467 -18.1719 29.4
      vertex 5.03533 -18.2481 29.7
    endloop
  endfacet
  facet normal -0.702918 -0.70323 -0.106648
    outer loop
      vertex 5.20158 -18.4143 29.701
      vertex 5.00467 -18.1719 29.4
      vertex 5.33717 -18.5044 29.401
    endloop
  endfacet
  facet normal -0.702732 -0.703379 -0.10689
    outer loop
      vertex 5.03533 -18.2481 29.7
      vertex 5.00467 -18.1719 29.4
      vertex 5.20158 -18.4143 29.701
    endloop
  endfacet
  facet normal -0.0525033 -0.962762 0.265201
    outer loop
      vertex 36.893 -20.1429 29.7
      vertex 5.20158 -18.4143 29.701
      vertex 5.33717 -18.5044 29.401
    endloop
  endfacet
  facet normal -0.0521074 -0.998216 0.0291545
    outer loop
      vertex 36.893 -20.1429 29.7
      vertex 5.33717 -18.5044 29.401
      vertex 36.9379 -20.154 29.4
    endloop
  endfacet
  facet normal 0.903351 -0.428823 0.00818623
    outer loop
      vertex 46.8067 0.741285 29.7
      vertex 36.893 -20.1429 29.7
      vertex 46.8129 0.748625 29.4
    endloop
  endfacet
  facet normal 0.894031 -0.42237 0.149369
    outer loop
      vertex 46.8129 0.748625 29.4
      vertex 36.893 -20.1429 29.7
      vertex 36.9379 -20.154 29.4
    endloop
  endfacet
  facet normal 0.759044 0.650354 -0.0298646
    outer loop
      vertex 46.8129 0.748625 29.4
      vertex 31.5625 18.5478 29.4
      vertex 31.5703 18.5524 29.7
    endloop
  endfacet
  facet normal 0.759515 0.649722 0.0315987
    outer loop
      vertex 46.8129 0.748625 29.4
      vertex 31.5703 18.5524 29.7
      vertex 46.8067 0.741285 29.7
    endloop
  endfacet
  facet normal -0.283489 0.958886 0.0130728
    outer loop
      vertex 31.5625 18.5478 29.4
      vertex 9.02354 11.8843 29.4
      vertex 9.03312 11.883 29.7
    endloop
  endfacet
  facet normal -0.283756 0.958868 -0.00743628
    outer loop
      vertex 31.5625 18.5478 29.4
      vertex 9.03312 11.883 29.7
      vertex 31.5703 18.5524 29.7
    endloop
  endfacet
  facet normal -0.9908 0.131459 0.0321689
    outer loop
      vertex 9.03312 11.883 29.7
      vertex 5.03533 -18.2481 29.7
      vertex 9.04269 11.8817 30
    endloop
  endfacet
  facet normal -0.9826 0.129362 0.13328
    outer loop
      vertex 9.04269 11.8817 30
      vertex 5.03533 -18.2481 29.7
      vertex 5.06599 -18.3243 30
    endloop
  endfacet
  facet normal -0.553147 -0.833084 -0
    outer loop
      vertex 5.06599 -18.3243 30.001
      vertex 5.06599 -18.3243 30
      vertex 5.20158 -18.4143 29.701
    endloop
  endfacet
  facet normal -0.702732 -0.70338 -0.106886
    outer loop
      vertex 5.06599 -18.3243 30
      vertex 5.03533 -18.2481 29.7
      vertex 5.20158 -18.4143 29.701
    endloop
  endfacet
  facet normal -0.0547524 -0.962908 0.264215
    outer loop
      vertex 36.8481 -20.1318 30
      vertex 5.06599 -18.3243 30.001
      vertex 5.20158 -18.4143 29.701
    endloop
  endfacet
  facet normal -0.0544381 -0.998101 0.0288152
    outer loop
      vertex 36.8481 -20.1318 30
      vertex 5.20158 -18.4143 29.701
      vertex 36.893 -20.1429 29.7
    endloop
  endfacet
  facet normal 0.902556 -0.430497 0.0081174
    outer loop
      vertex 46.8005 0.733946 30
      vertex 36.8481 -20.1318 30
      vertex 46.8067 0.741285 29.7
    endloop
  endfacet
  facet normal 0.893255 -0.42403 0.149309
    outer loop
      vertex 46.8067 0.741285 29.7
      vertex 36.8481 -20.1318 30
      vertex 36.893 -20.1429 29.7
    endloop
  endfacet
  facet normal 0.759556 0.649756 -0.0298607
    outer loop
      vertex 46.8067 0.741285 29.7
      vertex 31.5703 18.5524 29.7
      vertex 31.5782 18.557 30
    endloop
  endfacet
  facet normal 0.760027 0.649124 0.0315852
    outer loop
      vertex 46.8067 0.741285 29.7
      vertex 31.5782 18.557 30
      vertex 46.8005 0.733946 30
    endloop
  endfacet
  facet normal -0.28374 0.958812 0.0130836
    outer loop
      vertex 31.5703 18.5524 29.7
      vertex 9.03312 11.883 29.7
      vertex 9.04269 11.8817 30
    endloop
  endfacet
  facet normal -0.284008 0.958793 -0.00741644
    outer loop
      vertex 31.5703 18.5524 29.7
      vertex 9.04269 11.8817 30
      vertex 31.5782 18.557 30
    endloop
  endfacet
  facet normal -5.351e-05 4.01325e-05 1
    outer loop
      vertex 9.04269 11.8817 30
      vertex 5.06599 -18.3243 30.001
      vertex 5.06615 -18.3241 30.001
    endloop
  endfacet
  facet normal 3.01605e-05 -2.26204e-05 1
    outer loop
      vertex 36.8481 -20.1318 30
      vertex 5.06615 -18.3241 30.001
      vertex 5.06599 -18.3243 30.001
    endloop
  endfacet
  facet normal -0.991445 0.130526 0
    outer loop
      vertex 9.04269 11.8817 30
      vertex 5.06599 -18.3243 30
      vertex 5.06599 -18.3243 30.001
    endloop
  endfacet
  facet normal -0.991063 0.129458 0.0321685
    outer loop
      vertex 9.04269 11.8817 30
      vertex 5.11533 -18.2586 30.3
      vertex 9.05226 11.8805 30.3
    endloop
  endfacet
  facet normal -0.982599 0.129362 0.133281
    outer loop
      vertex 9.04269 11.8817 30
      vertex 5.06615 -18.3241 30.001
      vertex 5.11533 -18.2586 30.3
    endloop
  endfacet
  facet normal -0.0586373 -0.997882 0.0281656
    outer loop
      vertex 36.8032 -20.1207 30.3
      vertex 5.11533 -18.2586 30.3
      vertex 36.8481 -20.1318 30
    endloop
  endfacet
  facet normal -0.0553585 -0.973419 0.222241
    outer loop
      vertex 5.11533 -18.2586 30.3
      vertex 5.06615 -18.3241 30.001
      vertex 36.8481 -20.1318 30
    endloop
  endfacet
  facet normal 0.901756 -0.432169 0.00807144
    outer loop
      vertex 46.7943 0.726606 30.3
      vertex 36.8032 -20.1207 30.3
      vertex 46.8005 0.733946 30
    endloop
  endfacet
  facet normal 0.892474 -0.425689 0.14926
    outer loop
      vertex 46.8005 0.733946 30
      vertex 36.8032 -20.1207 30.3
      vertex 36.8481 -20.1318 30
    endloop
  endfacet
  facet normal 0.760067 0.649158 -0.0298682
    outer loop
      vertex 46.8005 0.733946 30
      vertex 31.5782 18.557 30
      vertex 31.586 18.5617 30.3
    endloop
  endfacet
  facet normal 0.760537 0.648526 0.0315908
    outer loop
      vertex 46.8005 0.733946 30
      vertex 31.586 18.5617 30.3
      vertex 46.7943 0.726606 30.3
    endloop
  endfacet
  facet normal -0.283991 0.958738 0.0130882
    outer loop
      vertex 31.5782 18.557 30
      vertex 9.04269 11.8817 30
      vertex 9.05226 11.8805 30.3
    endloop
  endfacet
  facet normal -0.284259 0.958719 -0.00742274
    outer loop
      vertex 31.5782 18.557 30
      vertex 9.05226 11.8805 30.3
      vertex 31.586 18.5617 30.3
    endloop
  endfacet
  facet normal -0.991194 0.128453 0.0321688
    outer loop
      vertex 9.05226 11.8805 30.3
      vertex 5.16467 -18.1929 30.6
      vertex 9.06183 11.8792 30.6
    endloop
  endfacet
  facet normal -0.982698 0.128365 0.133517
    outer loop
      vertex 9.05226 11.8805 30.3
      vertex 5.11533 -18.2586 30.3
      vertex 5.16467 -18.1929 30.6
    endloop
  endfacet
  facet normal -0.0605296 -0.997777 0.027885
    outer loop
      vertex 36.7584 -20.1095 30.6
      vertex 5.16467 -18.1929 30.6
      vertex 36.8032 -20.1207 30.3
    endloop
  endfacet
  facet normal -0.0571901 -0.973254 0.222501
    outer loop
      vertex 5.16467 -18.1929 30.6
      vertex 5.11533 -18.2586 30.3
      vertex 36.8032 -20.1207 30.3
    endloop
  endfacet
  facet normal 0.900954 -0.43384 0.00801398
    outer loop
      vertex 46.7881 0.719267 30.6
      vertex 36.7584 -20.1095 30.6
      vertex 46.7943 0.726606 30.3
    endloop
  endfacet
  facet normal 0.891691 -0.427345 0.149207
    outer loop
      vertex 46.7943 0.726606 30.3
      vertex 36.7584 -20.1095 30.6
      vertex 36.8032 -20.1207 30.3
    endloop
  endfacet
  facet normal 0.760577 0.64856 -0.0298729
    outer loop
      vertex 46.7943 0.726606 30.3
      vertex 31.586 18.5617 30.3
      vertex 31.5938 18.5663 30.6
    endloop
  endfacet
  facet normal 0.761047 0.647927 0.0315867
    outer loop
      vertex 46.7943 0.726606 30.3
      vertex 31.5938 18.5663 30.6
      vertex 46.7881 0.719267 30.6
    endloop
  endfacet
  facet normal -0.284242 0.958663 0.013099
    outer loop
      vertex 31.586 18.5617 30.3
      vertex 9.05226 11.8805 30.3
      vertex 9.06183 11.8792 30.6
    endloop
  endfacet
  facet normal -0.28451 0.958645 -0.00740714
    outer loop
      vertex 31.586 18.5617 30.3
      vertex 9.06183 11.8792 30.6
      vertex 31.5938 18.5663 30.6
    endloop
  endfacet
  facet normal -0.991324 0.127442 0.0321713
    outer loop
      vertex 9.06183 11.8792 30.6
      vertex 5.21401 -18.1272 30.9
      vertex 9.07141 11.878 30.9
    endloop
  endfacet
  facet normal -0.982797 0.127364 0.13375
    outer loop
      vertex 9.06183 11.8792 30.6
      vertex 5.16467 -18.1929 30.6
      vertex 5.21401 -18.1272 30.9
    endloop
  endfacet
  facet normal -0.0624327 -0.997668 0.0275969
    outer loop
      vertex 36.7135 -20.0984 30.9
      vertex 5.21401 -18.1272 30.9
      vertex 36.7584 -20.1095 30.6
    endloop
  endfacet
  facet normal -0.0590315 -0.973082 0.222771
    outer loop
      vertex 5.21401 -18.1272 30.9
      vertex 5.16467 -18.1929 30.6
      vertex 36.7584 -20.1095 30.6
    endloop
  endfacet
  facet normal 0.900149 -0.435509 0.00795645
    outer loop
      vertex 46.7819 0.711927 30.9
      vertex 36.7135 -20.0984 30.9
      vertex 46.7881 0.719267 30.6
    endloop
  endfacet
  facet normal 0.890907 -0.429002 0.149139
    outer loop
      vertex 46.7881 0.719267 30.6
      vertex 36.7135 -20.0984 30.9
      vertex 36.7584 -20.1095 30.6
    endloop
  endfacet
  facet normal 0.761087 0.647961 -0.0298768
    outer loop
      vertex 46.7881 0.719267 30.6
      vertex 31.5938 18.5663 30.6
      vertex 31.6016 18.571 30.9
    endloop
  endfacet
  facet normal 0.761557 0.647328 0.0315824
    outer loop
      vertex 46.7881 0.719267 30.6
      vertex 31.6016 18.571 30.9
      vertex 46.7819 0.711927 30.9
    endloop
  endfacet
  facet normal -0.284493 0.958589 0.0131045
    outer loop
      vertex 31.5938 18.5663 30.6
      vertex 9.06183 11.8792 30.6
      vertex 9.07141 11.878 30.9
    endloop
  endfacet
  facet normal -0.284761 0.95857 -0.00739939
    outer loop
      vertex 31.5938 18.5663 30.6
      vertex 9.07141 11.878 30.9
      vertex 31.6016 18.571 30.9
    endloop
  endfacet
  facet normal -0.991454 0.126427 0.0321684
    outer loop
      vertex 9.07141 11.878 30.9
      vertex 5.26335 -18.0616 31.2
      vertex 9.08098 11.8767 31.2
    endloop
  endfacet
  facet normal -0.982894 0.126359 0.133987
    outer loop
      vertex 9.07141 11.878 30.9
      vertex 5.21401 -18.1272 30.9
      vertex 5.26335 -18.0616 31.2
    endloop
  endfacet
  facet normal -0.0643465 -0.997554 0.0273064
    outer loop
      vertex 36.6686 -20.0873 31.2
      vertex 5.26335 -18.0616 31.2
      vertex 36.7135 -20.0984 30.9
    endloop
  endfacet
  facet normal -0.0608833 -0.972908 0.223032
    outer loop
      vertex 5.26335 -18.0616 31.2
      vertex 5.21401 -18.1272 30.9
      vertex 36.7135 -20.0984 30.9
    endloop
  endfacet
  facet normal 0.899341 -0.437177 0.00789894
    outer loop
      vertex 46.7757 0.704588 31.2
      vertex 36.6686 -20.0873 31.2
      vertex 46.7819 0.711927 30.9
    endloop
  endfacet
  facet normal 0.890118 -0.430656 0.149082
    outer loop
      vertex 46.7819 0.711927 30.9
      vertex 36.6686 -20.0873 31.2
      vertex 36.7135 -20.0984 30.9
    endloop
  endfacet
  facet normal 0.761597 0.647362 -0.029876
    outer loop
      vertex 46.7819 0.711927 30.9
      vertex 31.6016 18.571 30.9
      vertex 31.6095 18.5756 31.2
    endloop
  endfacet
  facet normal 0.762066 0.646728 0.0315783
    outer loop
      vertex 46.7819 0.711927 30.9
      vertex 31.6095 18.5756 31.2
      vertex 46.7757 0.704588 31.2
    endloop
  endfacet
  facet normal -0.284744 0.958514 0.0131143
    outer loop
      vertex 31.6016 18.571 30.9
      vertex 9.07141 11.878 30.9
      vertex 9.08098 11.8767 31.2
    endloop
  endfacet
  facet normal -0.285012 0.958496 -0.0073935
    outer loop
      vertex 31.6016 18.571 30.9
      vertex 9.08098 11.8767 31.2
      vertex 31.6095 18.5756 31.2
    endloop
  endfacet
  facet normal -0.991584 0.125407 0.0321681
    outer loop
      vertex 9.08098 11.8767 31.2
      vertex 5.31269 -17.9959 31.5
      vertex 9.09055 11.8754 31.5
    endloop
  endfacet
  facet normal -0.982991 0.125348 0.134225
    outer loop
      vertex 9.08098 11.8767 31.2
      vertex 5.26335 -18.0616 31.2
      vertex 5.31269 -17.9959 31.5
    endloop
  endfacet
  facet normal -0.0662711 -0.997436 0.0270135
    outer loop
      vertex 36.6237 -20.0762 31.5
      vertex 5.31269 -17.9959 31.5
      vertex 36.6686 -20.0873 31.2
    endloop
  endfacet
  facet normal -0.0627451 -0.972728 0.2233
    outer loop
      vertex 5.31269 -17.9959 31.5
      vertex 5.26335 -18.0616 31.2
      vertex 36.6686 -20.0873 31.2
    endloop
  endfacet
  facet normal 0.89853 -0.438843 0.00784145
    outer loop
      vertex 46.7695 0.697248 31.5
      vertex 36.6237 -20.0762 31.5
      vertex 46.7757 0.704588 31.2
    endloop
  endfacet
  facet normal 0.889325 -0.432308 0.149037
    outer loop
      vertex 46.7757 0.704588 31.2
      vertex 36.6237 -20.0762 31.5
      vertex 36.6686 -20.0873 31.2
    endloop
  endfacet
  facet normal 0.762106 0.646762 -0.029885
    outer loop
      vertex 46.7757 0.704588 31.2
      vertex 31.6095 18.5756 31.2
      vertex 31.6173 18.5803 31.5
    endloop
  endfacet
  facet normal 0.762575 0.646128 0.0315743
    outer loop
      vertex 46.7757 0.704588 31.2
      vertex 31.6173 18.5803 31.5
      vertex 46.7695 0.697248 31.5
    endloop
  endfacet
  facet normal -0.284995 0.958439 0.013119
    outer loop
      vertex 31.6095 18.5756 31.2
      vertex 9.08098 11.8767 31.2
      vertex 9.09055 11.8754 31.5
    endloop
  endfacet
  facet normal -0.285263 0.958421 -0.00738404
    outer loop
      vertex 31.6095 18.5756 31.2
      vertex 9.09055 11.8754 31.5
      vertex 31.6173 18.5803 31.5
    endloop
  endfacet
  facet normal -0.991713 0.124382 0.0321683
    outer loop
      vertex 9.09055 11.8754 31.5
      vertex 5.36203 -17.9302 31.8
      vertex 9.10013 11.8742 31.8
    endloop
  endfacet
  facet normal -0.983087 0.124332 0.134464
    outer loop
      vertex 9.09055 11.8754 31.5
      vertex 5.31269 -17.9959 31.5
      vertex 5.36203 -17.9302 31.8
    endloop
  endfacet
  facet normal -0.0682067 -0.997314 0.0267131
    outer loop
      vertex 36.5789 -20.0651 31.8
      vertex 5.36203 -17.9302 31.8
      vertex 36.6237 -20.0762 31.5
    endloop
  endfacet
  facet normal -0.0646173 -0.972544 0.223567
    outer loop
      vertex 5.36203 -17.9302 31.8
      vertex 5.31269 -17.9959 31.5
      vertex 36.6237 -20.0762 31.5
    endloop
  endfacet
  facet normal 0.897715 -0.440508 0.00777247
    outer loop
      vertex 46.7633 0.689909 31.8
      vertex 36.5789 -20.0651 31.8
      vertex 46.7695 0.697248 31.5
    endloop
  endfacet
  facet normal 0.88853 -0.433959 0.148976
    outer loop
      vertex 46.7695 0.697248 31.5
      vertex 36.5789 -20.0651 31.8
      vertex 36.6237 -20.0762 31.5
    endloop
  endfacet
  facet normal 0.762615 0.646162 -0.0298931
    outer loop
      vertex 46.7695 0.697248 31.5
      vertex 31.6173 18.5803 31.5
      vertex 31.6251 18.5849 31.8
    endloop
  endfacet
  facet normal 0.763084 0.645528 0.0315604
    outer loop
      vertex 46.7695 0.697248 31.5
      vertex 31.6251 18.5849 31.8
      vertex 46.7633 0.689909 31.8
    endloop
  endfacet
  facet normal -0.285246 0.958364 0.0131298
    outer loop
      vertex 31.6173 18.5803 31.5
      vertex 9.09055 11.8754 31.5
      vertex 9.10013 11.8742 31.8
    endloop
  endfacet
  facet normal -0.285514 0.958346 -0.00738242
    outer loop
      vertex 31.6173 18.5803 31.5
      vertex 9.10013 11.8742 31.8
      vertex 31.6251 18.5849 31.8
    endloop
  endfacet
  facet normal -0.991842 0.123352 0.0321677
    outer loop
      vertex 9.10013 11.8742 31.8
      vertex 5.41137 -17.8645 32.1
      vertex 9.1097 11.8729 32.1
    endloop
  endfacet
  facet normal -0.983184 0.123312 0.134699
    outer loop
      vertex 9.10013 11.8742 31.8
      vertex 5.36203 -17.9302 31.8
      vertex 5.41137 -17.8645 32.1
    endloop
  endfacet
  facet normal -0.0701532 -0.997186 0.0264308
    outer loop
      vertex 36.534 -20.054 32.1
      vertex 5.41137 -17.8645 32.1
      vertex 36.5789 -20.0651 31.8
    endloop
  endfacet
  facet normal -0.0664998 -0.972354 0.223841
    outer loop
      vertex 5.41137 -17.8645 32.1
      vertex 5.36203 -17.9302 31.8
      vertex 36.5789 -20.0651 31.8
    endloop
  endfacet
  facet normal 0.896898 -0.442171 0.0077263
    outer loop
      vertex 46.7571 0.68257 32.1
      vertex 36.534 -20.054 32.1
      vertex 46.7633 0.689909 31.8
    endloop
  endfacet
  facet normal 0.887733 -0.435609 0.148912
    outer loop
      vertex 46.7633 0.689909 31.8
      vertex 36.534 -20.054 32.1
      vertex 36.5789 -20.0651 31.8
    endloop
  endfacet
  facet normal 0.763123 0.645562 -0.029884
    outer loop
      vertex 46.7633 0.689909 31.8
      vertex 31.6251 18.5849 31.8
      vertex 31.6329 18.5895 32.1
    endloop
  endfacet
  facet normal 0.763592 0.644928 0.0315659
    outer loop
      vertex 46.7633 0.689909 31.8
      vertex 31.6329 18.5895 32.1
      vertex 46.7571 0.68257 32.1
    endloop
  endfacet
  facet normal -0.285497 0.95829 0.0131344
    outer loop
      vertex 31.6251 18.5849 31.8
      vertex 9.10013 11.8742 31.8
      vertex 9.1097 11.8729 32.1
    endloop
  endfacet
  facet normal -0.285765 0.958272 -0.00736436
    outer loop
      vertex 31.6251 18.5849 31.8
      vertex 9.1097 11.8729 32.1
      vertex 31.6329 18.5895 32.1
    endloop
  endfacet
  facet normal -0.99197 0.122316 0.0321674
    outer loop
      vertex 9.1097 11.8729 32.1
      vertex 5.46071 -17.7988 32.4
      vertex 9.11927 11.8717 32.4
    endloop
  endfacet
  facet normal -0.983279 0.122287 0.13494
    outer loop
      vertex 9.1097 11.8729 32.1
      vertex 5.41137 -17.8645 32.1
      vertex 5.46071 -17.7988 32.4
    endloop
  endfacet
  facet normal -0.0721109 -0.997055 0.0261201
    outer loop
      vertex 36.4891 -20.0429 32.4
      vertex 5.46071 -17.7988 32.4
      vertex 36.534 -20.054 32.1
    endloop
  endfacet
  facet normal -0.0683927 -0.972162 0.224108
    outer loop
      vertex 5.46071 -17.7988 32.4
      vertex 5.41137 -17.8645 32.1
      vertex 36.534 -20.054 32.1
    endloop
  endfacet
  facet normal 0.896077 -0.443832 0.00766859
    outer loop
      vertex 46.7509 0.67523 32.4
      vertex 36.4891 -20.0429 32.4
      vertex 46.7571 0.68257 32.1
    endloop
  endfacet
  facet normal 0.886933 -0.437258 0.148846
    outer loop
      vertex 46.7571 0.68257 32.1
      vertex 36.4891 -20.0429 32.4
      vertex 36.534 -20.054 32.1
    endloop
  endfacet
  facet normal 0.763631 0.644961 -0.0298958
    outer loop
      vertex 46.7571 0.68257 32.1
      vertex 31.6329 18.5895 32.1
      vertex 31.6408 18.5942 32.4
    endloop
  endfacet
  facet normal 0.764099 0.644327 0.0315613
    outer loop
      vertex 46.7571 0.68257 32.1
      vertex 31.6408 18.5942 32.4
      vertex 46.7509 0.67523 32.4
    endloop
  endfacet
  facet normal -0.285748 0.958215 0.013145
    outer loop
      vertex 31.6329 18.5895 32.1
      vertex 9.1097 11.8729 32.1
      vertex 9.11927 11.8717 32.4
    endloop
  endfacet
  facet normal -0.286016 0.958197 -0.00736874
    outer loop
      vertex 31.6329 18.5895 32.1
      vertex 9.11927 11.8717 32.4
      vertex 31.6408 18.5942 32.4
    endloop
  endfacet
  facet normal -0.992097 0.121276 0.0321675
    outer loop
      vertex 9.11927 11.8717 32.4
      vertex 5.51005 -17.7331 32.7
      vertex 9.12885 11.8704 32.7
    endloop
  endfacet
  facet normal -0.983373 0.121256 0.135184
    outer loop
      vertex 9.11927 11.8717 32.4
      vertex 5.46071 -17.7988 32.4
      vertex 5.51005 -17.7331 32.7
    endloop
  endfacet
  facet normal -0.0740794 -0.996918 0.0258326
    outer loop
      vertex 36.4442 -20.0318 32.7
      vertex 5.51005 -17.7331 32.7
      vertex 36.4891 -20.0429 32.4
    endloop
  endfacet
  facet normal -0.0702962 -0.971964 0.224374
    outer loop
      vertex 5.51005 -17.7331 32.7
      vertex 5.46071 -17.7988 32.4
      vertex 36.4891 -20.0429 32.4
    endloop
  endfacet
  facet normal 0.895254 -0.445492 0.00761106
    outer loop
      vertex 46.7447 0.667891 32.7
      vertex 36.4442 -20.0318 32.7
      vertex 46.7509 0.67523 32.4
    endloop
  endfacet
  facet normal 0.886127 -0.438903 0.148805
    outer loop
      vertex 46.7509 0.67523 32.4
      vertex 36.4442 -20.0318 32.7
      vertex 36.4891 -20.0429 32.4
    endloop
  endfacet
  facet normal 0.764138 0.644359 -0.0299016
    outer loop
      vertex 46.7509 0.67523 32.4
      vertex 31.6408 18.5942 32.4
      vertex 31.6486 18.5988 32.7
    endloop
  endfacet
  facet normal 0.764606 0.643725 0.0315575
    outer loop
      vertex 46.7509 0.67523 32.4
      vertex 31.6486 18.5988 32.7
      vertex 46.7447 0.667891 32.7
    endloop
  endfacet
  facet normal -0.285999 0.95814 0.0131528
    outer loop
      vertex 31.6408 18.5942 32.4
      vertex 9.11927 11.8717 32.4
      vertex 9.12885 11.8704 32.7
    endloop
  endfacet
  facet normal -0.286266 0.958122 -0.00734531
    outer loop
      vertex 31.6408 18.5942 32.4
      vertex 9.12885 11.8704 32.7
      vertex 31.6486 18.5988 32.7
    endloop
  endfacet
  facet normal -0.992225 0.120231 0.03217
    outer loop
      vertex 9.12885 11.8704 32.7
      vertex 5.55939 -17.6674 33
      vertex 9.13842 11.8691 33
    endloop
  endfacet
  facet normal -0.983467 0.120221 0.135426
    outer loop
      vertex 9.12885 11.8704 32.7
      vertex 5.51005 -17.7331 32.7
      vertex 5.55939 -17.6674 33
    endloop
  endfacet
  facet normal -0.0760593 -0.996777 0.0255185
    outer loop
      vertex 36.3994 -20.0207 33
      vertex 5.55939 -17.6674 33
      vertex 36.4442 -20.0318 32.7
    endloop
  endfacet
  facet normal -0.0722101 -0.971761 0.224645
    outer loop
      vertex 5.55939 -17.6674 33
      vertex 5.51005 -17.7331 32.7
      vertex 36.4442 -20.0318 32.7
    endloop
  endfacet
  facet normal 0.894427 -0.44715 0.00754202
    outer loop
      vertex 46.7385 0.660551 33
      vertex 36.3994 -20.0207 33
      vertex 46.7447 0.667891 32.7
    endloop
  endfacet
  facet normal 0.885321 -0.440549 0.14874
    outer loop
      vertex 46.7447 0.667891 32.7
      vertex 36.3994 -20.0207 33
      vertex 36.4442 -20.0318 32.7
    endloop
  endfacet
  facet normal 0.764645 0.643758 -0.029904
    outer loop
      vertex 46.7447 0.667891 32.7
      vertex 31.6486 18.5988 32.7
      vertex 31.6564 18.6035 33
    endloop
  endfacet
  facet normal 0.765113 0.643123 0.0315435
    outer loop
      vertex 46.7447 0.667891 32.7
      vertex 31.6564 18.6035 33
      vertex 46.7385 0.660551 33
    endloop
  endfacet
  facet normal -0.286249 0.958065 0.0131584
    outer loop
      vertex 31.6486 18.5988 32.7
      vertex 9.12885 11.8704 32.7
      vertex 9.13842 11.8691 33
    endloop
  endfacet
  facet normal -0.286517 0.958047 -0.00735343
    outer loop
      vertex 31.6486 18.5988 32.7
      vertex 9.13842 11.8691 33
      vertex 31.6564 18.6035 33
    endloop
  endfacet
  facet normal -0.992351 0.11918 0.0321668
    outer loop
      vertex 9.13842 11.8691 33
      vertex 5.60873 -17.6018 33.3
      vertex 9.14799 11.8679 33.3
    endloop
  endfacet
  facet normal -0.98356 0.119181 0.135669
    outer loop
      vertex 9.13842 11.8691 33
      vertex 5.55939 -17.6674 33
      vertex 5.60873 -17.6018 33.3
    endloop
  endfacet
  facet normal -0.0780504 -0.99663 0.0252226
    outer loop
      vertex 36.3545 -20.0096 33.3
      vertex 5.60873 -17.6018 33.3
      vertex 36.3994 -20.0207 33
    endloop
  endfacet
  facet normal -0.0741347 -0.971554 0.224916
    outer loop
      vertex 5.60873 -17.6018 33.3
      vertex 5.55939 -17.6674 33
      vertex 36.3994 -20.0207 33
    endloop
  endfacet
  facet normal 0.893597 -0.448807 0.00749572
    outer loop
      vertex 46.7323 0.653212 33.3
      vertex 36.3545 -20.0096 33.3
      vertex 46.7385 0.660551 33
    endloop
  endfacet
  facet normal 0.884512 -0.442193 0.148671
    outer loop
      vertex 46.7385 0.660551 33
      vertex 36.3545 -20.0096 33.3
      vertex 36.3994 -20.0207 33
    endloop
  endfacet
  facet normal 0.765151 0.643156 -0.0299038
    outer loop
      vertex 46.7385 0.660551 33
      vertex 31.6564 18.6035 33
      vertex 31.6642 18.6081 33.3
    endloop
  endfacet
  facet normal 0.765618 0.642521 0.031549
    outer loop
      vertex 46.7385 0.660551 33
      vertex 31.6642 18.6081 33.3
      vertex 46.7323 0.653212 33.3
    endloop
  endfacet
  facet normal -0.2865 0.95799 0.0131682
    outer loop
      vertex 31.6564 18.6035 33
      vertex 9.13842 11.8691 33
      vertex 9.14799 11.8679 33.3
    endloop
  endfacet
  facet normal -0.286768 0.957972 -0.00733964
    outer loop
      vertex 31.6564 18.6035 33
      vertex 9.14799 11.8679 33.3
      vertex 31.6642 18.6081 33.3
    endloop
  endfacet
  facet normal -0.992478 0.118124 0.032166
    outer loop
      vertex 9.14799 11.8679 33.3
      vertex 5.65807 -17.5361 33.6
      vertex 9.15757 11.8666 33.6
    endloop
  endfacet
  facet normal -0.983652 0.118135 0.135913
    outer loop
      vertex 9.14799 11.8679 33.3
      vertex 5.60873 -17.6018 33.3
      vertex 5.65807 -17.5361 33.6
    endloop
  endfacet
  facet normal -0.0800528 -0.996479 0.0249175
    outer loop
      vertex 36.3096 -19.9985 33.6
      vertex 5.65807 -17.5361 33.6
      vertex 36.3545 -20.0096 33.3
    endloop
  endfacet
  facet normal -0.0760698 -0.97134 0.225194
    outer loop
      vertex 5.65807 -17.5361 33.6
      vertex 5.60873 -17.6018 33.3
      vertex 36.3545 -20.0096 33.3
    endloop
  endfacet
  facet normal 0.892765 -0.450461 0.00743802
    outer loop
      vertex 46.7261 0.645872 33.6
      vertex 36.3096 -19.9985 33.6
      vertex 46.7323 0.653212 33.3
    endloop
  endfacet
  facet normal 0.8837 -0.443835 0.148611
    outer loop
      vertex 46.7323 0.653212 33.3
      vertex 36.3096 -19.9985 33.6
      vertex 36.3545 -20.0096 33.3
    endloop
  endfacet
  facet normal 0.765657 0.642553 -0.0299125
    outer loop
      vertex 46.7323 0.653212 33.3
      vertex 31.6642 18.6081 33.3
      vertex 31.6721 18.6127 33.6
    endloop
  endfacet
  facet normal 0.766124 0.641918 0.0315447
    outer loop
      vertex 46.7323 0.653212 33.3
      vertex 31.6721 18.6127 33.6
      vertex 46.7261 0.645872 33.6
    endloop
  endfacet
  facet normal -0.286751 0.957915 0.0131729
    outer loop
      vertex 31.6642 18.6081 33.3
      vertex 9.14799 11.8679 33.3
      vertex 9.15757 11.8666 33.6
    endloop
  endfacet
  facet normal -0.287019 0.957897 -0.00733011
    outer loop
      vertex 31.6642 18.6081 33.3
      vertex 9.15757 11.8666 33.6
      vertex 31.6721 18.6127 33.6
    endloop
  endfacet
  facet normal -0.992603 0.117063 0.0321656
    outer loop
      vertex 9.15757 11.8666 33.6
      vertex 5.70741 -17.4704 33.9
      vertex 9.16714 11.8654 33.9
    endloop
  endfacet
  facet normal -0.983744 0.117085 0.136157
    outer loop
      vertex 9.15757 11.8666 33.6
      vertex 5.65807 -17.5361 33.6
      vertex 5.70741 -17.4704 33.9
    endloop
  endfacet
  facet normal -0.0820666 -0.996323 0.0246092
    outer loop
      vertex 36.2647 -19.9874 33.9
      vertex 5.70741 -17.4704 33.9
      vertex 36.3096 -19.9985 33.6
    endloop
  endfacet
  facet normal -0.0780159 -0.971124 0.225457
    outer loop
      vertex 5.70741 -17.4704 33.9
      vertex 5.65807 -17.5361 33.6
      vertex 36.3096 -19.9985 33.6
    endloop
  endfacet
  facet normal 0.891929 -0.452115 0.0073802
    outer loop
      vertex 46.7199 0.638533 33.9
      vertex 36.2647 -19.9874 33.9
      vertex 46.7261 0.645872 33.6
    endloop
  endfacet
  facet normal 0.882883 -0.445475 0.148559
    outer loop
      vertex 46.7261 0.645872 33.6
      vertex 36.2647 -19.9874 33.9
      vertex 36.3096 -19.9985 33.6
    endloop
  endfacet
  facet normal 0.766162 0.641951 -0.029916
    outer loop
      vertex 46.7261 0.645872 33.6
      vertex 31.6721 18.6127 33.6
      vertex 31.6799 18.6174 33.9
    endloop
  endfacet
  facet normal 0.766629 0.641315 0.03154
    outer loop
      vertex 46.7261 0.645872 33.6
      vertex 31.6799 18.6174 33.9
      vertex 46.7199 0.638533 33.9
    endloop
  endfacet
  facet normal -0.287002 0.957839 0.0131834
    outer loop
      vertex 31.6721 18.6127 33.6
      vertex 9.15757 11.8666 33.6
      vertex 9.16714 11.8654 33.9
    endloop
  endfacet
  facet normal -0.28727 0.957822 -0.00732231
    outer loop
      vertex 31.6721 18.6127 33.6
      vertex 9.16714 11.8654 33.9
      vertex 31.6799 18.6174 33.9
    endloop
  endfacet
  facet normal -0.992729 0.115997 0.0321651
    outer loop
      vertex 9.16714 11.8654 33.9
      vertex 5.75675 -17.4047 34.2
      vertex 9.17671 11.8641 34.2
    endloop
  endfacet
  facet normal -0.983835 0.116029 0.136404
    outer loop
      vertex 9.16714 11.8654 33.9
      vertex 5.70741 -17.4704 33.9
      vertex 5.75675 -17.4047 34.2
    endloop
  endfacet
  facet normal -0.0840919 -0.996162 0.0243005
    outer loop
      vertex 36.2199 -19.9763 34.2
      vertex 5.75675 -17.4047 34.2
      vertex 36.2647 -19.9874 33.9
    endloop
  endfacet
  facet normal -0.0799725 -0.9709 0.225739
    outer loop
      vertex 5.75675 -17.4047 34.2
      vertex 5.70741 -17.4704 33.9
      vertex 36.2647 -19.9874 33.9
    endloop
  endfacet
  facet normal 0.891091 -0.453766 0.00732256
    outer loop
      vertex 46.7137 0.631193 34.2
      vertex 36.2199 -19.9763 34.2
      vertex 46.7199 0.638533 33.9
    endloop
  endfacet
  facet normal 0.882064 -0.447114 0.148499
    outer loop
      vertex 46.7199 0.638533 33.9
      vertex 36.2199 -19.9763 34.2
      vertex 36.2647 -19.9874 33.9
    endloop
  endfacet
  facet normal 0.766667 0.641347 -0.0299154
    outer loop
      vertex 46.7199 0.638533 33.9
      vertex 31.6799 18.6174 33.9
      vertex 31.6877 18.622 34.2
    endloop
  endfacet
  facet normal 0.767133 0.640712 0.031536
    outer loop
      vertex 46.7199 0.638533 33.9
      vertex 31.6877 18.622 34.2
      vertex 46.7137 0.631193 34.2
    endloop
  endfacet
  facet normal -0.287253 0.957764 0.0131882
    outer loop
      vertex 31.6799 18.6174 33.9
      vertex 9.16714 11.8654 33.9
      vertex 9.17671 11.8641 34.2
    endloop
  endfacet
  facet normal -0.287521 0.957746 -0.00731653
    outer loop
      vertex 31.6799 18.6174 33.9
      vertex 9.17671 11.8641 34.2
      vertex 31.6877 18.622 34.2
    endloop
  endfacet
  facet normal -0.992853 0.114926 0.0321649
    outer loop
      vertex 9.17671 11.8641 34.2
      vertex 5.80609 -17.339 34.5
      vertex 9.18629 11.8628 34.5
    endloop
  endfacet
  facet normal -0.983926 0.114968 0.136649
    outer loop
      vertex 9.17671 11.8641 34.2
      vertex 5.75675 -17.4047 34.2
      vertex 5.80609 -17.339 34.5
    endloop
  endfacet
  facet normal -0.0861287 -0.995995 0.0239845
    outer loop
      vertex 36.175 -19.9652 34.5
      vertex 5.80609 -17.339 34.5
      vertex 36.2199 -19.9763 34.2
    endloop
  endfacet
  facet normal -0.0819403 -0.970673 0.226007
    outer loop
      vertex 5.80609 -17.339 34.5
      vertex 5.75675 -17.4047 34.2
      vertex 36.2199 -19.9763 34.2
    endloop
  endfacet
  facet normal 0.890249 -0.455416 0.00726625
    outer loop
      vertex 46.7075 0.623855 34.5
      vertex 36.175 -19.9652 34.5
      vertex 46.7137 0.631193 34.2
    endloop
  endfacet
  facet normal 0.881245 -0.448752 0.148423
    outer loop
      vertex 46.7137 0.631193 34.2
      vertex 36.175 -19.9652 34.5
      vertex 36.2199 -19.9763 34.2
    endloop
  endfacet
  facet normal 0.767171 0.640744 -0.0299281
    outer loop
      vertex 46.7137 0.631193 34.2
      vertex 31.6877 18.622 34.2
      vertex 31.6955 18.6267 34.5
    endloop
  endfacet
  facet normal 0.767638 0.640108 0.0315297
    outer loop
      vertex 46.7137 0.631193 34.2
      vertex 31.6955 18.6267 34.5
      vertex 46.7075 0.623855 34.5
    endloop
  endfacet
  facet normal -0.287503 0.957689 0.013199
    outer loop
      vertex 31.6877 18.622 34.2
      vertex 9.17671 11.8641 34.2
      vertex 9.18629 11.8628 34.5
    endloop
  endfacet
  facet normal -0.287772 0.957671 -0.00731308
    outer loop
      vertex 31.6877 18.622 34.2
      vertex 9.18629 11.8628 34.5
      vertex 31.6955 18.6267 34.5
    endloop
  endfacet
  facet normal -0.992977 0.113849 0.032164
    outer loop
      vertex 9.18629 11.8628 34.5
      vertex 5.85543 -17.2733 34.8
      vertex 9.19586 11.8616 34.8
    endloop
  endfacet
  facet normal -0.984015 0.113902 0.1369
    outer loop
      vertex 9.18629 11.8628 34.5
      vertex 5.80609 -17.339 34.5
      vertex 5.85543 -17.2733 34.8
    endloop
  endfacet
  facet normal -0.088177 -0.995823 0.0236833
    outer loop
      vertex 36.1301 -19.9541 34.8
      vertex 5.85543 -17.2733 34.8
      vertex 36.175 -19.9652 34.5
    endloop
  endfacet
  facet normal -0.0839189 -0.97044 0.226281
    outer loop
      vertex 5.85543 -17.2733 34.8
      vertex 5.80609 -17.339 34.5
      vertex 36.175 -19.9652 34.5
    endloop
  endfacet
  facet normal 0.889405 -0.457064 0.0071957
    outer loop
      vertex 46.7013 0.616515 34.8
      vertex 36.1301 -19.9541 34.8
      vertex 46.7075 0.623855 34.5
    endloop
  endfacet
  facet normal 0.880418 -0.450387 0.148376
    outer loop
      vertex 46.7075 0.623855 34.5
      vertex 36.1301 -19.9541 34.8
      vertex 36.175 -19.9652 34.5
    endloop
  endfacet
  facet normal 0.767675 0.64014 -0.0299238
    outer loop
      vertex 46.7075 0.623855 34.5
      vertex 31.6955 18.6267 34.5
      vertex 31.7034 18.6313 34.8
    endloop
  endfacet
  facet normal 0.768141 0.639504 0.0315176
    outer loop
      vertex 46.7075 0.623855 34.5
      vertex 31.7034 18.6313 34.8
      vertex 46.7013 0.616515 34.8
    endloop
  endfacet
  facet normal -0.287754 0.957613 0.0132036
    outer loop
      vertex 31.6955 18.6267 34.5
      vertex 9.18629 11.8628 34.5
      vertex 9.19586 11.8616 34.8
    endloop
  endfacet
  facet normal -0.288022 0.957596 -0.0072932
    outer loop
      vertex 31.6955 18.6267 34.5
      vertex 9.19586 11.8616 34.8
      vertex 31.7034 18.6313 34.8
    endloop
  endfacet
  facet normal -0.993101 0.112766 0.0321669
    outer loop
      vertex 9.19586 11.8616 34.8
      vertex 5.90477 -17.2076 35.1
      vertex 9.20543 11.8603 35.1
    endloop
  endfacet
  facet normal -0.984103 0.112831 0.137149
    outer loop
      vertex 9.19586 11.8616 34.8
      vertex 5.85543 -17.2733 34.8
      vertex 5.90477 -17.2076 35.1
    endloop
  endfacet
  facet normal -0.0902372 -0.995646 0.023357
    outer loop
      vertex 36.0852 -19.943 35.1
      vertex 5.90477 -17.2076 35.1
      vertex 36.1301 -19.9541 34.8
    endloop
  endfacet
  facet normal -0.0859084 -0.970202 0.226556
    outer loop
      vertex 5.90477 -17.2076 35.1
      vertex 5.85543 -17.2733 34.8
      vertex 36.1301 -19.9541 34.8
    endloop
  endfacet
  facet normal 0.888557 -0.45871 0.00714922
    outer loop
      vertex 46.6951 0.609176 35.1
      vertex 36.0852 -19.943 35.1
      vertex 46.7013 0.616515 34.8
    endloop
  endfacet
  facet normal 0.879593 -0.452022 0.148297
    outer loop
      vertex 46.7013 0.616515 34.8
      vertex 36.0852 -19.943 35.1
      vertex 36.1301 -19.9541 34.8
    endloop
  endfacet
  facet normal 0.768179 0.639535 -0.0299308
    outer loop
      vertex 46.7013 0.616515 34.8
      vertex 31.7034 18.6313 34.8
      vertex 31.7112 18.6359 35.1
    endloop
  endfacet
  facet normal 0.768644 0.6389 0.0315229
    outer loop
      vertex 46.7013 0.616515 34.8
      vertex 31.7112 18.6359 35.1
      vertex 46.6951 0.609176 35.1
    endloop
  endfacet
  facet normal -0.288005 0.957538 0.0132152
    outer loop
      vertex 31.7034 18.6313 34.8
      vertex 9.19586 11.8616 34.8
      vertex 9.20543 11.8603 35.1
    endloop
  endfacet
  facet normal -0.288273 0.95752 -0.00729949
    outer loop
      vertex 31.7034 18.6313 34.8
      vertex 9.20543 11.8603 35.1
      vertex 31.7112 18.6359 35.1
    endloop
  endfacet
  facet normal -0.993224 0.111679 0.0321624
    outer loop
      vertex 9.20543 11.8603 35.1
      vertex 5.95411 -17.142 35.4
      vertex 9.215 11.8591 35.4
    endloop
  endfacet
  facet normal -0.984192 0.111755 0.137397
    outer loop
      vertex 9.20543 11.8603 35.1
      vertex 5.90477 -17.2076 35.1
      vertex 5.95411 -17.142 35.4
    endloop
  endfacet
  facet normal -0.0923091 -0.995464 0.0230452
    outer loop
      vertex 36.0404 -19.9318 35.4
      vertex 5.95411 -17.142 35.4
      vertex 36.0852 -19.943 35.1
    endloop
  endfacet
  facet normal -0.087909 -0.969958 0.226835
    outer loop
      vertex 5.95411 -17.142 35.4
      vertex 5.90477 -17.2076 35.1
      vertex 36.0852 -19.943 35.1
    endloop
  endfacet
  facet normal 0.887707 -0.460355 0.00709131
    outer loop
      vertex 46.6889 0.601836 35.4
      vertex 36.0404 -19.9318 35.4
      vertex 46.6951 0.609176 35.1
    endloop
  endfacet
  facet normal 0.878762 -0.453653 0.148245
    outer loop
      vertex 46.6951 0.609176 35.1
      vertex 36.0404 -19.9318 35.4
      vertex 36.0852 -19.943 35.1
    endloop
  endfacet
  facet normal 0.768682 0.638931 -0.029931
    outer loop
      vertex 46.6951 0.609176 35.1
      vertex 31.7112 18.6359 35.1
      vertex 31.719 18.6406 35.4
    endloop
  endfacet
  facet normal 0.769147 0.638295 0.0315181
    outer loop
      vertex 46.6951 0.609176 35.1
      vertex 31.719 18.6406 35.4
      vertex 46.6889 0.601836 35.4
    endloop
  endfacet
  facet normal -0.288256 0.957462 0.0132188
    outer loop
      vertex 31.7112 18.6359 35.1
      vertex 9.20543 11.8603 35.1
      vertex 9.215 11.8591 35.4
    endloop
  endfacet
  facet normal -0.288524 0.957445 -0.00727769
    outer loop
      vertex 31.7112 18.6359 35.1
      vertex 9.215 11.8591 35.4
      vertex 31.719 18.6406 35.4
    endloop
  endfacet
  facet normal -0.993346 0.110586 0.0321624
    outer loop
      vertex 9.215 11.8591 35.4
      vertex 6.00345 -17.0763 35.7
      vertex 9.22458 11.8578 35.7
    endloop
  endfacet
  facet normal -0.984278 0.110673 0.13765
    outer loop
      vertex 9.215 11.8591 35.4
      vertex 5.95411 -17.142 35.4
      vertex 6.00345 -17.0763 35.7
    endloop
  endfacet
  facet normal -0.0943928 -0.995276 0.0227281
    outer loop
      vertex 35.9955 -19.9207 35.7
      vertex 6.00345 -17.0763 35.7
      vertex 36.0404 -19.9318 35.4
    endloop
  endfacet
  facet normal -0.0899207 -0.969708 0.227114
    outer loop
      vertex 6.00345 -17.0763 35.7
      vertex 5.95411 -17.142 35.4
      vertex 36.0404 -19.9318 35.4
    endloop
  endfacet
  facet normal 0.886853 -0.461997 0.00703357
    outer loop
      vertex 46.6827 0.594497 35.7
      vertex 35.9955 -19.9207 35.7
      vertex 46.6889 0.601836 35.4
    endloop
  endfacet
  facet normal 0.87793 -0.455285 0.148172
    outer loop
      vertex 46.6889 0.601836 35.4
      vertex 35.9955 -19.9207 35.7
      vertex 36.0404 -19.9318 35.4
    endloop
  endfacet
  facet normal 0.769184 0.638326 -0.0299432
    outer loop
      vertex 46.6889 0.601836 35.4
      vertex 31.719 18.6406 35.4
      vertex 31.7268 18.6452 35.7
    endloop
  endfacet
  facet normal 0.769649 0.637689 0.0315141
    outer loop
      vertex 46.6889 0.601836 35.4
      vertex 31.7268 18.6452 35.7
      vertex 46.6827 0.594497 35.7
    endloop
  endfacet
  facet normal -0.288506 0.957387 0.0132297
    outer loop
      vertex 31.719 18.6406 35.4
      vertex 9.215 11.8591 35.4
      vertex 9.22458 11.8578 35.7
    endloop
  endfacet
  facet normal -0.288775 0.957369 -0.00728224
    outer loop
      vertex 31.719 18.6406 35.4
      vertex 9.22458 11.8578 35.7
      vertex 31.7268 18.6452 35.7
    endloop
  endfacet
  facet normal -0.993468 0.109487 0.0321617
    outer loop
      vertex 9.22458 11.8578 35.7
      vertex 6.05279 -17.0106 36
      vertex 9.23415 11.8565 36
    endloop
  endfacet
  facet normal -0.984365 0.109586 0.137902
    outer loop
      vertex 9.22458 11.8578 35.7
      vertex 6.00345 -17.0763 35.7
      vertex 6.05279 -17.0106 36
    endloop
  endfacet
  facet normal -0.0964883 -0.995082 0.0224062
    outer loop
      vertex 35.9506 -19.9096 36
      vertex 6.05279 -17.0106 36
      vertex 35.9955 -19.9207 35.7
    endloop
  endfacet
  facet normal -0.0919439 -0.969455 0.227385
    outer loop
      vertex 6.05279 -17.0106 36
      vertex 6.00345 -17.0763 35.7
      vertex 35.9955 -19.9207 35.7
    endloop
  endfacet
  facet normal 0.885997 -0.463638 0.00696445
    outer loop
      vertex 46.6765 0.587157 36
      vertex 35.9506 -19.9096 36
      vertex 46.6827 0.594497 35.7
    endloop
  endfacet
  facet normal 0.877093 -0.456913 0.148118
    outer loop
      vertex 46.6827 0.594497 35.7
      vertex 35.9506 -19.9096 36
      vertex 35.9955 -19.9207 35.7
    endloop
  endfacet
  facet normal 0.769686 0.63772 -0.029938
    outer loop
      vertex 46.6827 0.594497 35.7
      vertex 31.7268 18.6452 35.7
      vertex 31.7347 18.6499 36
    endloop
  endfacet
  facet normal 0.770151 0.637084 0.0314999
    outer loop
      vertex 46.6827 0.594497 35.7
      vertex 31.7347 18.6499 36
      vertex 46.6765 0.587157 36
    endloop
  endfacet
  facet normal -0.288757 0.957311 0.0132374
    outer loop
      vertex 31.7268 18.6452 35.7
      vertex 9.22458 11.8578 35.7
      vertex 9.23415 11.8565 36
    endloop
  endfacet
  facet normal -0.289025 0.957294 -0.00727029
    outer loop
      vertex 31.7268 18.6452 35.7
      vertex 9.23415 11.8565 36
      vertex 31.7347 18.6499 36
    endloop
  endfacet
  facet normal -0.993589 0.108383 0.0321606
    outer loop
      vertex 9.23415 11.8565 36
      vertex 6.10213 -16.9449 36.3
      vertex 9.24372 11.8553 36.3
    endloop
  endfacet
  facet normal -0.98445 0.108493 0.138156
    outer loop
      vertex 9.23415 11.8565 36
      vertex 6.05279 -17.0106 36
      vertex 6.10213 -16.9449 36.3
    endloop
  endfacet
  facet normal -0.0985959 -0.994882 0.0220848
    outer loop
      vertex 35.9057 -19.8985 36.3
      vertex 6.10213 -16.9449 36.3
      vertex 35.9506 -19.9096 36
    endloop
  endfacet
  facet normal -0.0939782 -0.969194 0.227663
    outer loop
      vertex 6.10213 -16.9449 36.3
      vertex 6.05279 -17.0106 36
      vertex 35.9506 -19.9096 36
    endloop
  endfacet
  facet normal 0.885138 -0.465277 0.00691785
    outer loop
      vertex 46.6703 0.579818 36.3
      vertex 35.9057 -19.8985 36.3
      vertex 46.6765 0.587157 36
    endloop
  endfacet
  facet normal 0.876256 -0.458541 0.148042
    outer loop
      vertex 46.6765 0.587157 36
      vertex 35.9057 -19.8985 36.3
      vertex 35.9506 -19.9096 36
    endloop
  endfacet
  facet normal 0.770187 0.637114 -0.0299466
    outer loop
      vertex 46.6765 0.587157 36
      vertex 31.7347 18.6499 36
      vertex 31.7425 18.6545 36.3
    endloop
  endfacet
  facet normal 0.770652 0.636478 0.0315052
    outer loop
      vertex 46.6765 0.587157 36
      vertex 31.7425 18.6545 36.3
      vertex 46.6703 0.579818 36.3
    endloop
  endfacet
  facet normal -0.289008 0.957235 0.013242
    outer loop
      vertex 31.7347 18.6499 36
      vertex 9.23415 11.8565 36
      vertex 9.24372 11.8553 36.3
    endloop
  endfacet
  facet normal -0.289276 0.957218 -0.00726074
    outer loop
      vertex 31.7347 18.6499 36
      vertex 9.24372 11.8553 36.3
      vertex 31.7425 18.6545 36.3
    endloop
  endfacet
  facet normal -0.993709 0.107273 0.0321601
    outer loop
      vertex 9.24372 11.8553 36.3
      vertex 6.15147 -16.8792 36.6
      vertex 9.2533 11.854 36.6
    endloop
  endfacet
  facet normal -0.984535 0.107395 0.13841
    outer loop
      vertex 9.24372 11.8553 36.3
      vertex 6.10213 -16.9449 36.3
      vertex 6.15147 -16.8792 36.6
    endloop
  endfacet
  facet normal -0.100715 -0.994677 0.0217589
    outer loop
      vertex 35.8609 -19.8874 36.6
      vertex 6.15147 -16.8792 36.6
      vertex 35.9057 -19.8985 36.3
    endloop
  endfacet
  facet normal -0.0960237 -0.968928 0.227941
    outer loop
      vertex 6.15147 -16.8792 36.6
      vertex 6.10213 -16.9449 36.3
      vertex 35.9057 -19.8985 36.3
    endloop
  endfacet
  facet normal 0.884276 -0.466915 0.00685997
    outer loop
      vertex 46.6641 0.572478 36.6
      vertex 35.8609 -19.8874 36.6
      vertex 46.6703 0.579818 36.3
    endloop
  endfacet
  facet normal 0.875413 -0.460165 0.147987
    outer loop
      vertex 46.6703 0.579818 36.3
      vertex 35.8609 -19.8874 36.6
      vertex 35.9057 -19.8985 36.3
    endloop
  endfacet
  facet normal 0.770688 0.636508 -0.0299503
    outer loop
      vertex 46.6703 0.579818 36.3
      vertex 31.7425 18.6545 36.3
      vertex 31.7503 18.6591 36.6
    endloop
  endfacet
  facet normal 0.771152 0.635871 0.0315007
    outer loop
      vertex 46.6703 0.579818 36.3
      vertex 31.7503 18.6591 36.6
      vertex 46.6641 0.572478 36.6
    endloop
  endfacet
  facet normal -0.289258 0.957159 0.0132527
    outer loop
      vertex 31.7425 18.6545 36.3
      vertex 9.24372 11.8553 36.3
      vertex 9.2533 11.854 36.6
    endloop
  endfacet
  facet normal -0.289527 0.957142 -0.00725303
    outer loop
      vertex 31.7425 18.6545 36.3
      vertex 9.2533 11.854 36.6
      vertex 31.7503 18.6591 36.6
    endloop
  endfacet
  facet normal -0.993829 0.106158 0.0321585
    outer loop
      vertex 9.2533 11.854 36.6
      vertex 6.20081 -16.8135 36.9
      vertex 9.26287 11.8527 36.9
    endloop
  endfacet
  facet normal -0.984619 0.106292 0.13866
    outer loop
      vertex 9.2533 11.854 36.6
      vertex 6.15147 -16.8792 36.6
      vertex 6.20081 -16.8135 36.9
    endloop
  endfacet
  facet normal -0.102847 -0.994466 0.0214333
    outer loop
      vertex 35.816 -19.8763 36.9
      vertex 6.20081 -16.8135 36.9
      vertex 35.8609 -19.8874 36.6
    endloop
  endfacet
  facet normal -0.0980807 -0.968656 0.228223
    outer loop
      vertex 6.20081 -16.8135 36.9
      vertex 6.15147 -16.8792 36.6
      vertex 35.8609 -19.8874 36.6
    endloop
  endfacet
  facet normal 0.883411 -0.46855 0.00680199
    outer loop
      vertex 46.6579 0.565139 36.9
      vertex 35.816 -19.8763 36.9
      vertex 46.6641 0.572478 36.6
    endloop
  endfacet
  facet normal 0.87457 -0.46179 0.147908
    outer loop
      vertex 46.6641 0.572478 36.6
      vertex 35.816 -19.8763 36.9
      vertex 35.8609 -19.8874 36.6
    endloop
  endfacet
  facet normal 0.771189 0.635901 -0.0299487
    outer loop
      vertex 46.6641 0.572478 36.6
      vertex 31.7503 18.6591 36.6
      vertex 31.7581 18.6638 36.9
    endloop
  endfacet
  facet normal 0.771652 0.635264 0.0314958
    outer loop
      vertex 46.6641 0.572478 36.6
      vertex 31.7581 18.6638 36.9
      vertex 46.6579 0.565139 36.9
    endloop
  endfacet
  facet normal -0.289509 0.957084 0.0132572
    outer loop
      vertex 31.7503 18.6591 36.6
      vertex 9.2533 11.854 36.6
      vertex 9.26287 11.8527 36.9
    endloop
  endfacet
  facet normal -0.289777 0.957067 -0.00724707
    outer loop
      vertex 31.7503 18.6591 36.6
      vertex 9.26287 11.8527 36.9
      vertex 31.7581 18.6638 36.9
    endloop
  endfacet
  facet normal -0.993948 0.105038 0.0321615
    outer loop
      vertex 9.26287 11.8527 36.9
      vertex 6.25015 -16.7478 37.2
      vertex 9.27244 11.8515 37.2
    endloop
  endfacet
  facet normal -0.984702 0.105183 0.138921
    outer loop
      vertex 9.26287 11.8527 36.9
      vertex 6.20081 -16.8135 36.9
      vertex 6.25015 -16.7478 37.2
    endloop
  endfacet
  facet normal -0.104991 -0.994249 0.0210971
    outer loop
      vertex 35.7711 -19.8652 37.2
      vertex 6.25015 -16.7478 37.2
      vertex 35.816 -19.8763 36.9
    endloop
  endfacet
  facet normal -0.100149 -0.968378 0.228505
    outer loop
      vertex 6.25015 -16.7478 37.2
      vertex 6.20081 -16.8135 36.9
      vertex 35.816 -19.8763 36.9
    endloop
  endfacet
  facet normal 0.882543 -0.470184 0.00674416
    outer loop
      vertex 46.6517 0.557799 37.2
      vertex 35.7711 -19.8652 37.2
      vertex 46.6579 0.565139 36.9
    endloop
  endfacet
  facet normal 0.873722 -0.463411 0.147851
    outer loop
      vertex 46.6579 0.565139 36.9
      vertex 35.7711 -19.8652 37.2
      vertex 35.816 -19.8763 36.9
    endloop
  endfacet
  facet normal 0.771689 0.635294 -0.0299567
    outer loop
      vertex 46.6579 0.565139 36.9
      vertex 31.7581 18.6638 36.9
      vertex 31.766 18.6684 37.2
    endloop
  endfacet
  facet normal 0.772152 0.634657 0.0314917
    outer loop
      vertex 46.6579 0.565139 36.9
      vertex 31.766 18.6684 37.2
      vertex 46.6517 0.557799 37.2
    endloop
  endfacet
  facet normal -0.289759 0.957008 0.013269
    outer loop
      vertex 31.7581 18.6638 36.9
      vertex 9.26287 11.8527 36.9
      vertex 9.27244 11.8515 37.2
    endloop
  endfacet
  facet normal -0.290028 0.956991 -0.00724553
    outer loop
      vertex 31.7581 18.6638 36.9
      vertex 9.27244 11.8515 37.2
      vertex 31.766 18.6684 37.2
    endloop
  endfacet
  facet normal -0.994067 0.103911 0.032157
    outer loop
      vertex 9.27244 11.8515 37.2
      vertex 6.29949 -16.6822 37.5
      vertex 9.28202 11.8502 37.5
    endloop
  endfacet
  facet normal -0.984784 0.104069 0.139179
    outer loop
      vertex 9.27244 11.8515 37.2
      vertex 6.25015 -16.7478 37.2
      vertex 6.29949 -16.6822 37.5
    endloop
  endfacet
  facet normal -0.107147 -0.994026 0.0207804
    outer loop
      vertex 35.7262 -19.8541 37.5
      vertex 6.29949 -16.6822 37.5
      vertex 35.7711 -19.8652 37.2
    endloop
  endfacet
  facet normal -0.102229 -0.968096 0.228779
    outer loop
      vertex 6.29949 -16.6822 37.5
      vertex 6.25015 -16.7478 37.2
      vertex 35.7711 -19.8652 37.2
    endloop
  endfacet
  facet normal 0.881672 -0.471815 0.00668624
    outer loop
      vertex 46.6455 0.55046 37.5
      vertex 35.7262 -19.8541 37.5
      vertex 46.6517 0.557799 37.2
    endloop
  endfacet
  facet normal 0.872873 -0.465032 0.147779
    outer loop
      vertex 46.6517 0.557799 37.2
      vertex 35.7262 -19.8541 37.5
      vertex 35.7711 -19.8652 37.2
    endloop
  endfacet
  facet normal 0.772188 0.634687 -0.0299621
    outer loop
      vertex 46.6517 0.557799 37.2
      vertex 31.766 18.6684 37.2
      vertex 31.7738 18.6731 37.5
    endloop
  endfacet
  facet normal 0.772651 0.634049 0.0314871
    outer loop
      vertex 46.6517 0.557799 37.2
      vertex 31.7738 18.6731 37.5
      vertex 46.6455 0.55046 37.5
    endloop
  endfacet
  facet normal -0.29001 0.956932 0.0132727
    outer loop
      vertex 31.766 18.6684 37.2
      vertex 9.27244 11.8515 37.2
      vertex 9.28202 11.8502 37.5
    endloop
  endfacet
  facet normal -0.290278 0.956915 -0.00722197
    outer loop
      vertex 31.766 18.6684 37.2
      vertex 9.28202 11.8502 37.5
      vertex 31.7738 18.6731 37.5
    endloop
  endfacet
  facet normal -0.994184 0.102779 0.0321564
    outer loop
      vertex 9.28202 11.8502 37.5
      vertex 6.34883 -16.6165 37.8
      vertex 9.29159 11.849 37.8
    endloop
  endfacet
  facet normal -0.984865 0.102949 0.139438
    outer loop
      vertex 9.28202 11.8502 37.5
      vertex 6.29949 -16.6822 37.5
      vertex 6.34883 -16.6165 37.8
    endloop
  endfacet
  facet normal -0.109316 -0.993797 0.0204335
    outer loop
      vertex 35.6814 -19.843 37.8
      vertex 6.34883 -16.6165 37.8
      vertex 35.7262 -19.8541 37.5
    endloop
  endfacet
  facet normal -0.104321 -0.967806 0.22906
    outer loop
      vertex 6.34883 -16.6165 37.8
      vertex 6.29949 -16.6822 37.5
      vertex 35.7262 -19.8541 37.5
    endloop
  endfacet
  facet normal 0.880798 -0.473445 0.0066283
    outer loop
      vertex 46.6393 0.54312 37.8
      vertex 35.6814 -19.843 37.8
      vertex 46.6455 0.55046 37.5
    endloop
  endfacet
  facet normal 0.872019 -0.46665 0.147716
    outer loop
      vertex 46.6455 0.55046 37.5
      vertex 35.6814 -19.843 37.8
      vertex 35.7262 -19.8541 37.5
    endloop
  endfacet
  facet normal 0.772687 0.634079 -0.029964
    outer loop
      vertex 46.6455 0.55046 37.5
      vertex 31.7738 18.6731 37.5
      vertex 31.7816 18.6777 37.8
    endloop
  endfacet
  facet normal 0.77315 0.633441 0.0314826
    outer loop
      vertex 46.6455 0.55046 37.5
      vertex 31.7816 18.6777 37.8
      vertex 46.6393 0.54312 37.8
    endloop
  endfacet
  facet normal -0.29026 0.956856 0.0132834
    outer loop
      vertex 31.7738 18.6731 37.5
      vertex 9.28202 11.8502 37.5
      vertex 9.29159 11.849 37.8
    endloop
  endfacet
  facet normal -0.290529 0.956839 -0.00723011
    outer loop
      vertex 31.7738 18.6731 37.5
      vertex 9.29159 11.849 37.8
      vertex 31.7816 18.6777 37.8
    endloop
  endfacet
  facet normal -0.994301 0.101641 0.032155
    outer loop
      vertex 9.29159 11.849 37.8
      vertex 6.39817 -16.5508 38.1
      vertex 9.30116 11.8477 38.1
    endloop
  endfacet
  facet normal -0.984945 0.101824 0.139697
    outer loop
      vertex 9.29159 11.849 37.8
      vertex 6.34883 -16.6165 37.8
      vertex 6.39817 -16.5508 38.1
    endloop
  endfacet
  facet normal -0.111497 -0.993561 0.0201063
    outer loop
      vertex 35.6365 -19.8319 38.1
      vertex 6.39817 -16.5508 38.1
      vertex 35.6814 -19.843 37.8
    endloop
  endfacet
  facet normal -0.106424 -0.96751 0.229341
    outer loop
      vertex 6.39817 -16.5508 38.1
      vertex 6.34883 -16.6165 37.8
      vertex 35.6814 -19.843 37.8
    endloop
  endfacet
  facet normal 0.879922 -0.475073 0.00655916
    outer loop
      vertex 46.6331 0.535781 38.1
      vertex 35.6365 -19.8319 38.1
      vertex 46.6393 0.54312 37.8
    endloop
  endfacet
  facet normal 0.871165 -0.468267 0.14764
    outer loop
      vertex 46.6393 0.54312 37.8
      vertex 35.6365 -19.8319 38.1
      vertex 35.6814 -19.843 37.8
    endloop
  endfacet
  facet normal 0.773186 0.633471 -0.0299635
    outer loop
      vertex 46.6393 0.54312 37.8
      vertex 31.7816 18.6777 37.8
      vertex 31.7894 18.6824 38.1
    endloop
  endfacet
  facet normal 0.773648 0.632833 0.0314682
    outer loop
      vertex 46.6393 0.54312 37.8
      vertex 31.7894 18.6824 38.1
      vertex 46.6331 0.535781 38.1
    endloop
  endfacet
  facet normal -0.290511 0.956779 0.0132881
    outer loop
      vertex 31.7816 18.6777 37.8
      vertex 9.29159 11.849 37.8
      vertex 9.30116 11.8477 38.1
    endloop
  endfacet
  facet normal -0.29078 0.956763 -0.00721632
    outer loop
      vertex 31.7816 18.6777 37.8
      vertex 9.30116 11.8477 38.1
      vertex 31.7894 18.6824 38.1
    endloop
  endfacet
  facet normal -0.994418 0.100497 0.0321538
    outer loop
      vertex 9.30116 11.8477 38.1
      vertex 6.44751 -16.4851 38.4
      vertex 9.31074 11.8464 38.4
    endloop
  endfacet
  facet normal -0.985025 0.100693 0.139956
    outer loop
      vertex 9.30116 11.8477 38.1
      vertex 6.39817 -16.5508 38.1
      vertex 6.44751 -16.4851 38.4
    endloop
  endfacet
  facet normal -0.11369 -0.99332 0.0197675
    outer loop
      vertex 35.5916 -19.8208 38.4
      vertex 6.44751 -16.4851 38.4
      vertex 35.6365 -19.8319 38.1
    endloop
  endfacet
  facet normal -0.108539 -0.967208 0.229626
    outer loop
      vertex 6.44751 -16.4851 38.4
      vertex 6.39817 -16.5508 38.1
      vertex 35.6365 -19.8319 38.1
    endloop
  endfacet
  facet normal 0.879042 -0.476699 0.00651231
    outer loop
      vertex 46.6269 0.528441 38.4
      vertex 35.5916 -19.8208 38.4
      vertex 46.6331 0.535781 38.1
    endloop
  endfacet
  facet normal 0.870305 -0.469881 0.147581
    outer loop
      vertex 46.6331 0.535781 38.1
      vertex 35.5916 -19.8208 38.4
      vertex 35.6365 -19.8319 38.1
    endloop
  endfacet
  facet normal 0.773684 0.632863 -0.0299716
    outer loop
      vertex 46.6331 0.535781 38.1
      vertex 31.7894 18.6824 38.1
      vertex 31.7973 18.687 38.4
    endloop
  endfacet
  facet normal 0.774146 0.632224 0.031473
    outer loop
      vertex 46.6331 0.535781 38.1
      vertex 31.7973 18.687 38.4
      vertex 46.6269 0.528441 38.4
    endloop
  endfacet
  facet normal -0.290761 0.956703 0.0132986
    outer loop
      vertex 31.7894 18.6824 38.1
      vertex 9.30116 11.8477 38.1
      vertex 9.31074 11.8464 38.4
    endloop
  endfacet
  facet normal -0.29103 0.956687 -0.00720667
    outer loop
      vertex 31.7894 18.6824 38.1
      vertex 9.31074 11.8464 38.4
      vertex 31.7973 18.687 38.4
    endloop
  endfacet
  facet normal -0.994533 0.0993477 0.0321531
    outer loop
      vertex 9.31074 11.8464 38.4
      vertex 6.49685 -16.4194 38.7
      vertex 9.32031 11.8452 38.7
    endloop
  endfacet
  facet normal -0.985103 0.0995558 0.14022
    outer loop
      vertex 9.31074 11.8464 38.4
      vertex 6.44751 -16.4851 38.4
      vertex 6.49685 -16.4194 38.7
    endloop
  endfacet
  facet normal -0.115896 -0.993071 0.0194301
    outer loop
      vertex 35.5468 -19.8097 38.7
      vertex 6.49685 -16.4194 38.7
      vertex 35.5916 -19.8208 38.4
    endloop
  endfacet
  facet normal -0.110667 -0.9669 0.229905
    outer loop
      vertex 6.49685 -16.4194 38.7
      vertex 6.44751 -16.4851 38.4
      vertex 35.5916 -19.8208 38.4
    endloop
  endfacet
  facet normal 0.87816 -0.478323 0.00645442
    outer loop
      vertex 46.6207 0.521102 38.7
      vertex 35.5468 -19.8097 38.7
      vertex 46.6269 0.528441 38.4
    endloop
  endfacet
  facet normal 0.869446 -0.471495 0.147503
    outer loop
      vertex 46.6269 0.528441 38.4
      vertex 35.5468 -19.8097 38.7
      vertex 35.5916 -19.8208 38.4
    endloop
  endfacet
  facet normal 0.774181 0.632254 -0.0299756
    outer loop
      vertex 46.6269 0.528441 38.4
      vertex 31.7973 18.687 38.4
      vertex 31.8051 18.6916 38.7
    endloop
  endfacet
  facet normal 0.774643 0.631615 0.0314688
    outer loop
      vertex 46.6269 0.528441 38.4
      vertex 31.8051 18.6916 38.7
      vertex 46.6207 0.521102 38.7
    endloop
  endfacet
  facet normal -0.291012 0.956627 0.0133065
    outer loop
      vertex 31.7973 18.687 38.4
      vertex 9.31074 11.8464 38.4
      vertex 9.32031 11.8452 38.7
    endloop
  endfacet
  facet normal -0.291281 0.956611 -0.00719905
    outer loop
      vertex 31.7973 18.687 38.4
      vertex 9.32031 11.8452 38.7
      vertex 31.8051 18.6916 38.7
    endloop
  endfacet
  facet normal -0.994648 0.0981923 0.0321516
    outer loop
      vertex 9.32031 11.8452 38.7
      vertex 6.54619 -16.3537 39
      vertex 9.32988 11.8439 39
    endloop
  endfacet
  facet normal -0.98518 0.0984134 0.140479
    outer loop
      vertex 9.32031 11.8452 38.7
      vertex 6.49685 -16.4194 38.7
      vertex 6.54619 -16.3537 39
    endloop
  endfacet
  facet normal -0.118115 -0.992816 0.0190873
    outer loop
      vertex 35.5019 -19.7986 39
      vertex 6.54619 -16.3537 39
      vertex 35.5468 -19.8097 38.7
    endloop
  endfacet
  facet normal -0.112805 -0.966585 0.230194
    outer loop
      vertex 6.54619 -16.3537 39
      vertex 6.49685 -16.4194 38.7
      vertex 35.5468 -19.8097 38.7
    endloop
  endfacet
  facet normal 0.877275 -0.479945 0.00639643
    outer loop
      vertex 46.6145 0.513762 39
      vertex 35.5019 -19.7986 39
      vertex 46.6207 0.521102 38.7
    endloop
  endfacet
  facet normal 0.86858 -0.473105 0.147444
    outer loop
      vertex 46.6207 0.521102 38.7
      vertex 35.5019 -19.7986 39
      vertex 35.5468 -19.8097 38.7
    endloop
  endfacet
  facet normal 0.774679 0.631644 -0.0299742
    outer loop
      vertex 46.6207 0.521102 38.7
      vertex 31.8051 18.6916 38.7
      vertex 31.8129 18.6963 39
    endloop
  endfacet
  facet normal 0.77514 0.631006 0.0314641
    outer loop
      vertex 46.6207 0.521102 38.7
      vertex 31.8129 18.6963 39
      vertex 46.6145 0.513762 39
    endloop
  endfacet
  facet normal -0.291262 0.956551 0.0133111
    outer loop
      vertex 31.8051 18.6916 38.7
      vertex 9.32031 11.8452 38.7
      vertex 9.32988 11.8439 39
    endloop
  endfacet
  facet normal -0.291531 0.956534 -0.00719319
    outer loop
      vertex 31.8051 18.6916 38.7
      vertex 9.32988 11.8439 39
      vertex 31.8129 18.6963 39
    endloop
  endfacet
  facet normal -0.994762 0.097031 0.0321538
    outer loop
      vertex 9.32988 11.8439 39
      vertex 6.59553 -16.288 39.3
      vertex 9.33946 11.8427 39.3
    endloop
  endfacet
  facet normal -0.985256 0.0972651 0.140747
    outer loop
      vertex 9.32988 11.8439 39
      vertex 6.54619 -16.3537 39
      vertex 6.59553 -16.288 39.3
    endloop
  endfacet
  facet normal -0.120346 -0.992555 0.0187438
    outer loop
      vertex 35.457 -19.7875 39.3
      vertex 6.59553 -16.288 39.3
      vertex 35.5019 -19.7986 39
    endloop
  endfacet
  facet normal -0.114956 -0.966265 0.230472
    outer loop
      vertex 6.59553 -16.288 39.3
      vertex 6.54619 -16.3537 39
      vertex 35.5019 -19.7986 39
    endloop
  endfacet
  facet normal 0.876387 -0.481566 0.00632729
    outer loop
      vertex 46.6083 0.506423 39.3
      vertex 35.457 -19.7875 39.3
      vertex 46.6145 0.513762 39
    endloop
  endfacet
  facet normal 0.867714 -0.474714 0.147374
    outer loop
      vertex 46.6145 0.513762 39
      vertex 35.457 -19.7875 39.3
      vertex 35.5019 -19.7986 39
    endloop
  endfacet
  facet normal 0.775175 0.631035 -0.0299826
    outer loop
      vertex 46.6145 0.513762 39
      vertex 31.8129 18.6963 39
      vertex 31.8207 18.7009 39.3
    endloop
  endfacet
  facet normal 0.775636 0.630396 0.0314496
    outer loop
      vertex 46.6145 0.513762 39
      vertex 31.8207 18.7009 39.3
      vertex 46.6083 0.506423 39.3
    endloop
  endfacet
  facet normal -0.291513 0.956474 0.0133227
    outer loop
      vertex 31.8129 18.6963 39
      vertex 9.32988 11.8439 39
      vertex 9.33946 11.8427 39.3
    endloop
  endfacet
  facet normal -0.291782 0.956458 -0.00718362
    outer loop
      vertex 31.8129 18.6963 39
      vertex 9.33946 11.8427 39.3
      vertex 31.8207 18.7009 39.3
    endloop
  endfacet
  facet normal -0.994875 0.0958638 0.0321491
    outer loop
      vertex 9.33946 11.8427 39.3
      vertex 6.64487 -16.2224 39.6
      vertex 9.34903 11.8414 39.6
    endloop
  endfacet
  facet normal -0.985332 0.0961112 0.141012
    outer loop
      vertex 9.33946 11.8427 39.3
      vertex 6.59553 -16.288 39.3
      vertex 6.64487 -16.2224 39.6
    endloop
  endfacet
  facet normal -0.12259 -0.992287 0.0183997
    outer loop
      vertex 35.4121 -19.7764 39.6
      vertex 6.64487 -16.2224 39.6
      vertex 35.457 -19.7875 39.3
    endloop
  endfacet
  facet normal -0.117119 -0.965937 0.230756
    outer loop
      vertex 6.64487 -16.2224 39.6
      vertex 6.59553 -16.288 39.3
      vertex 35.457 -19.7875 39.3
    endloop
  endfacet
  facet normal 0.875497 -0.483184 0.00628044
    outer loop
      vertex 46.6021 0.499084 39.6
      vertex 35.4121 -19.7764 39.6
      vertex 46.6083 0.506423 39.3
    endloop
  endfacet
  facet normal 0.866846 -0.476323 0.147292
    outer loop
      vertex 46.6083 0.506423 39.3
      vertex 35.4121 -19.7764 39.6
      vertex 35.457 -19.7875 39.3
    endloop
  endfacet
  facet normal 0.775671 0.630425 -0.0299861
    outer loop
      vertex 46.6083 0.506423 39.3
      vertex 31.8207 18.7009 39.3
      vertex 31.8286 18.7056 39.6
    endloop
  endfacet
  facet normal 0.776132 0.629786 0.0314548
    outer loop
      vertex 46.6083 0.506423 39.3
      vertex 31.8286 18.7056 39.6
      vertex 46.6021 0.499084 39.6
    endloop
  endfacet
  facet normal -0.291763 0.956398 0.0133264
    outer loop
      vertex 31.8207 18.7009 39.3
      vertex 9.33946 11.8427 39.3
      vertex 9.34903 11.8414 39.6
    endloop
  endfacet
  facet normal -0.292032 0.956382 -0.0071759
    outer loop
      vertex 31.8207 18.7009 39.3
      vertex 9.34903 11.8414 39.6
      vertex 31.8286 18.7056 39.6
    endloop
  endfacet
  facet normal -0.994988 0.0946906 0.0321476
    outer loop
      vertex 9.34903 11.8414 39.6
      vertex 6.69421 -16.1567 39.9
      vertex 9.3586 11.8401 39.9
    endloop
  endfacet
  facet normal -0.985406 0.0949514 0.141276
    outer loop
      vertex 9.34903 11.8414 39.6
      vertex 6.64487 -16.2224 39.6
      vertex 6.69421 -16.1567 39.9
    endloop
  endfacet
  facet normal -0.124848 -0.992012 0.0180454
    outer loop
      vertex 35.3673 -19.7653 39.9
      vertex 6.69421 -16.1567 39.9
      vertex 35.4121 -19.7764 39.6
    endloop
  endfacet
  facet normal -0.119294 -0.965604 0.231037
    outer loop
      vertex 6.69421 -16.1567 39.9
      vertex 6.64487 -16.2224 39.6
      vertex 35.4121 -19.7764 39.6
    endloop
  endfacet
  facet normal 0.874603 -0.4848 0.00622235
    outer loop
      vertex 46.5959 0.491744 39.9
      vertex 35.3673 -19.7653 39.9
      vertex 46.6021 0.499084 39.6
    endloop
  endfacet
  facet normal 0.865974 -0.477928 0.147217
    outer loop
      vertex 46.6021 0.499084 39.6
      vertex 35.3673 -19.7653 39.9
      vertex 35.4121 -19.7764 39.6
    endloop
  endfacet
  facet normal 0.776167 0.629814 -0.0299883
    outer loop
      vertex 46.6021 0.499084 39.6
      vertex 31.8286 18.7056 39.6
      vertex 31.8364 18.7102 39.9
    endloop
  endfacet
  facet normal 0.776627 0.629175 0.0314497
    outer loop
      vertex 46.6021 0.499084 39.6
      vertex 31.8364 18.7102 39.9
      vertex 46.5959 0.491744 39.9
    endloop
  endfacet
  facet normal -0.292014 0.956321 0.013337
    outer loop
      vertex 31.8286 18.7056 39.6
      vertex 9.34903 11.8414 39.6
      vertex 9.3586 11.8401 39.9
    endloop
  endfacet
  facet normal -0.292282 0.956305 -0.00717603
    outer loop
      vertex 31.8286 18.7056 39.6
      vertex 9.3586 11.8401 39.9
      vertex 31.8364 18.7102 39.9
    endloop
  endfacet
  facet normal -0.995099 0.0935113 0.0321463
    outer loop
      vertex 9.3586 11.8401 39.9
      vertex 6.74355 -16.091 40.2
      vertex 9.36817 11.8389 40.2
    endloop
  endfacet
  facet normal -0.985479 0.0937857 0.141545
    outer loop
      vertex 9.3586 11.8401 39.9
      vertex 6.69421 -16.1567 39.9
      vertex 6.74355 -16.091 40.2
    endloop
  endfacet
  facet normal -0.127117 -0.99173 0.0177067
    outer loop
      vertex 35.3224 -19.7541 40.2
      vertex 6.74355 -16.091 40.2
      vertex 35.3673 -19.7653 39.9
    endloop
  endfacet
  facet normal -0.121481 -0.965261 0.231331
    outer loop
      vertex 6.74355 -16.091 40.2
      vertex 6.69421 -16.1567 39.9
      vertex 35.3673 -19.7653 39.9
    endloop
  endfacet
  facet normal 0.873707 -0.486414 0.00616441
    outer loop
      vertex 46.5897 0.484405 40.2
      vertex 35.3224 -19.7541 40.2
      vertex 46.5959 0.491744 39.9
    endloop
  endfacet
  facet normal 0.865097 -0.47953 0.147164
    outer loop
      vertex 46.5959 0.491744 39.9
      vertex 35.3224 -19.7541 40.2
      vertex 35.3673 -19.7653 39.9
    endloop
  endfacet
  facet normal 0.776662 0.629204 -0.0299891
    outer loop
      vertex 46.5959 0.491744 39.9
      vertex 31.8364 18.7102 39.9
      vertex 31.8442 18.7148 40.2
    endloop
  endfacet
  facet normal 0.777121 0.628565 0.0314454
    outer loop
      vertex 46.5959 0.491744 39.9
      vertex 31.8442 18.7148 40.2
      vertex 46.5897 0.484405 40.2
    endloop
  endfacet
  facet normal -0.292264 0.956245 0.0133418
    outer loop
      vertex 31.8364 18.7102 39.9
      vertex 9.3586 11.8401 39.9
      vertex 9.36817 11.8389 40.2
    endloop
  endfacet
  facet normal -0.292533 0.956229 -0.0071544
    outer loop
      vertex 31.8364 18.7102 39.9
      vertex 9.36817 11.8389 40.2
      vertex 31.8442 18.7148 40.2
    endloop
  endfacet
  facet normal -0.99521 0.0923261 0.0321452
    outer loop
      vertex 9.36817 11.8389 40.2
      vertex 6.79289 -16.0253 40.5
      vertex 9.37775 11.8376 40.5
    endloop
  endfacet
  facet normal -0.985551 0.0926141 0.141813
    outer loop
      vertex 9.36817 11.8389 40.2
      vertex 6.74355 -16.091 40.2
      vertex 6.79289 -16.0253 40.5
    endloop
  endfacet
  facet normal -0.129401 -0.991441 0.0173419
    outer loop
      vertex 35.2775 -19.743 40.5
      vertex 6.79289 -16.0253 40.5
      vertex 35.3224 -19.7541 40.2
    endloop
  endfacet
  facet normal -0.12368 -0.964913 0.231617
    outer loop
      vertex 6.79289 -16.0253 40.5
      vertex 6.74355 -16.091 40.2
      vertex 35.3224 -19.7541 40.2
    endloop
  endfacet
  facet normal 0.872808 -0.488026 0.00610638
    outer loop
      vertex 46.5835 0.477065 40.5
      vertex 35.2775 -19.743 40.5
      vertex 46.5897 0.484405 40.2
    endloop
  endfacet
  facet normal 0.864221 -0.481132 0.147086
    outer loop
      vertex 46.5897 0.484405 40.2
      vertex 35.2775 -19.743 40.5
      vertex 35.3224 -19.7541 40.2
    endloop
  endfacet
  facet normal 0.777156 0.628593 -0.0300005
    outer loop
      vertex 46.5897 0.484405 40.2
      vertex 31.8442 18.7148 40.2
      vertex 31.852 18.7195 40.5
    endloop
  endfacet
  facet normal 0.777616 0.627953 0.0314406
    outer loop
      vertex 46.5897 0.484405 40.2
      vertex 31.852 18.7195 40.5
      vertex 46.5835 0.477065 40.5
    endloop
  endfacet
  facet normal -0.292514 0.956168 0.0133525
    outer loop
      vertex 31.8442 18.7148 40.2
      vertex 9.36817 11.8389 40.2
      vertex 9.37775 11.8376 40.5
    endloop
  endfacet
  facet normal -0.292783 0.956152 -0.00715883
    outer loop
      vertex 31.8442 18.7148 40.2
      vertex 9.37775 11.8376 40.5
      vertex 31.852 18.7195 40.5
    endloop
  endfacet
  facet normal -0.99532 0.0911346 0.0321434
    outer loop
      vertex 9.37775 11.8376 40.5
      vertex 6.84223 -15.9596 40.8
      vertex 9.38732 11.8364 40.8
    endloop
  endfacet
  facet normal -0.985622 0.0914366 0.142083
    outer loop
      vertex 9.37775 11.8376 40.5
      vertex 6.79289 -16.0253 40.5
      vertex 6.84223 -15.9596 40.8
    endloop
  endfacet
  facet normal -0.131697 -0.991144 0.0169954
    outer loop
      vertex 35.2326 -19.7319 40.8
      vertex 6.84223 -15.9596 40.8
      vertex 35.2775 -19.743 40.5
    endloop
  endfacet
  facet normal -0.125892 -0.96456 0.231894
    outer loop
      vertex 6.84223 -15.9596 40.8
      vertex 6.79289 -16.0253 40.5
      vertex 35.2775 -19.743 40.5
    endloop
  endfacet
  facet normal 0.871906 -0.489636 0.00604835
    outer loop
      vertex 46.5773 0.469726 40.8
      vertex 35.2326 -19.7319 40.8
      vertex 46.5835 0.477065 40.5
    endloop
  endfacet
  facet normal 0.863341 -0.482733 0.147006
    outer loop
      vertex 46.5835 0.477065 40.5
      vertex 35.2326 -19.7319 40.8
      vertex 35.2775 -19.743 40.5
    endloop
  endfacet
  facet normal 0.77765 0.627981 -0.029995
    outer loop
      vertex 46.5835 0.477065 40.5
      vertex 31.852 18.7195 40.5
      vertex 31.8599 18.7241 40.8
    endloop
  endfacet
  facet normal 0.778109 0.627342 0.0314359
    outer loop
      vertex 46.5835 0.477065 40.5
      vertex 31.8599 18.7241 40.8
      vertex 46.5773 0.469726 40.8
    endloop
  endfacet
  facet normal -0.292765 0.956091 0.0133571
    outer loop
      vertex 31.852 18.7195 40.5
      vertex 9.37775 11.8376 40.5
      vertex 9.38732 11.8364 40.8
    endloop
  endfacet
  facet normal -0.293034 0.956075 -0.0071469
    outer loop
      vertex 31.852 18.7195 40.5
      vertex 9.38732 11.8364 40.8
      vertex 31.8599 18.7241 40.8
    endloop
  endfacet
  facet normal -0.995429 0.0899371 0.0321421
    outer loop
      vertex 9.38732 11.8364 40.8
      vertex 6.89157 -15.8939 41.1
      vertex 9.39689 11.8351 41.1
    endloop
  endfacet
  facet normal -0.985693 0.0902532 0.142353
    outer loop
      vertex 9.38732 11.8364 40.8
      vertex 6.84223 -15.9596 40.8
      vertex 6.89157 -15.8939 41.1
    endloop
  endfacet
  facet normal -0.134006 -0.990841 0.0166388
    outer loop
      vertex 35.1878 -19.7208 41.1
      vertex 6.89157 -15.8939 41.1
      vertex 35.2326 -19.7319 40.8
    endloop
  endfacet
  facet normal -0.128116 -0.964197 0.232186
    outer loop
      vertex 6.89157 -15.8939 41.1
      vertex 6.84223 -15.9596 40.8
      vertex 35.2326 -19.7319 40.8
    endloop
  endfacet
  facet normal 0.871002 -0.491244 0.00597923
    outer loop
      vertex 46.5711 0.462386 41.1
      vertex 35.1878 -19.7208 41.1
      vertex 46.5773 0.469726 40.8
    endloop
  endfacet
  facet normal 0.862459 -0.48433 0.146933
    outer loop
      vertex 46.5773 0.469726 40.8
      vertex 35.1878 -19.7208 41.1
      vertex 35.2326 -19.7319 40.8
    endloop
  endfacet
  facet normal 0.778144 0.627369 -0.0299984
    outer loop
      vertex 46.5773 0.469726 40.8
      vertex 31.8599 18.7241 40.8
      vertex 31.8677 18.7288 41.1
    endloop
  endfacet
  facet normal 0.778603 0.62673 0.0314212
    outer loop
      vertex 46.5773 0.469726 40.8
      vertex 31.8677 18.7288 41.1
      vertex 46.5711 0.462386 41.1
    endloop
  endfacet
  facet normal -0.293015 0.956014 0.0133678
    outer loop
      vertex 31.8599 18.7241 40.8
      vertex 9.38732 11.8364 40.8
      vertex 9.39689 11.8351 41.1
    endloop
  endfacet
  facet normal -0.293284 0.955999 -0.00713919
    outer loop
      vertex 31.8599 18.7241 40.8
      vertex 9.39689 11.8351 41.1
      vertex 31.8677 18.7288 41.1
    endloop
  endfacet
  facet normal -0.995537 0.0887334 0.032143
    outer loop
      vertex 9.39689 11.8351 41.1
      vertex 6.94091 -15.8282 41.4
      vertex 9.40647 11.8338 41.4
    endloop
  endfacet
  facet normal -0.985762 0.0890637 0.14262
    outer loop
      vertex 9.39689 11.8351 41.1
      vertex 6.89157 -15.8939 41.1
      vertex 6.94091 -15.8282 41.4
    endloop
  endfacet
  facet normal -0.136328 -0.99053 0.0162779
    outer loop
      vertex 35.1429 -19.7097 41.4
      vertex 6.94091 -15.8282 41.4
      vertex 35.1878 -19.7208 41.1
    endloop
  endfacet
  facet normal -0.130353 -0.963829 0.23247
    outer loop
      vertex 6.94091 -15.8282 41.4
      vertex 6.89157 -15.8939 41.1
      vertex 35.1878 -19.7208 41.1
    endloop
  endfacet
  facet normal 0.870094 -0.49285 0.00593218
    outer loop
      vertex 46.5649 0.455047 41.4
      vertex 35.1429 -19.7097 41.4
      vertex 46.5711 0.462386 41.1
    endloop
  endfacet
  facet normal 0.861572 -0.485925 0.146868
    outer loop
      vertex 46.5711 0.462386 41.1
      vertex 35.1429 -19.7097 41.4
      vertex 35.1878 -19.7208 41.1
    endloop
  endfacet
  facet normal 0.778637 0.626757 -0.0300113
    outer loop
      vertex 46.5711 0.462386 41.1
      vertex 31.8677 18.7288 41.1
      vertex 31.8755 18.7334 41.4
    endloop
  endfacet
  facet normal 0.779095 0.626117 0.0314259
    outer loop
      vertex 46.5711 0.462386 41.1
      vertex 31.8755 18.7334 41.4
      vertex 46.5649 0.455047 41.4
    endloop
  endfacet
  facet normal -0.293265 0.955938 0.0133732
    outer loop
      vertex 31.8677 18.7288 41.1
      vertex 9.39689 11.8351 41.1
      vertex 9.40647 11.8338 41.4
    endloop
  endfacet
  facet normal -0.293534 0.955922 -0.00712765
    outer loop
      vertex 31.8677 18.7288 41.1
      vertex 9.40647 11.8338 41.4
      vertex 31.8755 18.7334 41.4
    endloop
  endfacet
  facet normal -0.995644 0.0875234 0.0321388
    outer loop
      vertex 9.40647 11.8338 41.4
      vertex 6.99025 -15.7625 41.7
      vertex 9.41604 11.8326 41.7
    endloop
  endfacet
  facet normal -0.985829 0.0878682 0.142898
    outer loop
      vertex 9.40647 11.8338 41.4
      vertex 6.94091 -15.8282 41.4
      vertex 6.99025 -15.7625 41.7
    endloop
  endfacet
  facet normal -0.138664 -0.990212 0.015917
    outer loop
      vertex 35.098 -19.6986 41.7
      vertex 6.99025 -15.7625 41.7
      vertex 35.1429 -19.7097 41.4
    endloop
  endfacet
  facet normal -0.132601 -0.963452 0.232761
    outer loop
      vertex 6.99025 -15.7625 41.7
      vertex 6.94091 -15.8282 41.4
      vertex 35.1429 -19.7097 41.4
    endloop
  endfacet
  facet normal 0.869184 -0.494453 0.0058742
    outer loop
      vertex 46.5587 0.447707 41.7
      vertex 35.098 -19.6986 41.7
      vertex 46.5649 0.455047 41.4
    endloop
  endfacet
  facet normal 0.860683 -0.487519 0.146796
    outer loop
      vertex 46.5649 0.455047 41.4
      vertex 35.098 -19.6986 41.7
      vertex 35.1429 -19.7097 41.4
    endloop
  endfacet
  facet normal 0.779129 0.626145 -0.0300052
    outer loop
      vertex 46.5649 0.455047 41.4
      vertex 31.8755 18.7334 41.4
      vertex 31.8833 18.738 41.7
    endloop
  endfacet
  facet normal 0.779587 0.625505 0.0314215
    outer loop
      vertex 46.5649 0.455047 41.4
      vertex 31.8833 18.738 41.7
      vertex 46.5587 0.447707 41.7
    endloop
  endfacet
  facet normal -0.293515 0.955861 0.0133831
    outer loop
      vertex 31.8755 18.7334 41.4
      vertex 9.40647 11.8338 41.4
      vertex 9.41604 11.8326 41.7
    endloop
  endfacet
  facet normal -0.293785 0.955845 -0.00712376
    outer loop
      vertex 31.8755 18.7334 41.4
      vertex 9.41604 11.8326 41.7
      vertex 31.8833 18.738 41.7
    endloop
  endfacet
  facet normal -0.99575 0.0863072 0.0321371
    outer loop
      vertex 9.41604 11.8326 41.7
      vertex 7.03959 -15.6969 42
      vertex 9.42561 11.8313 42
    endloop
  endfacet
  facet normal -0.985896 0.0866665 0.143172
    outer loop
      vertex 9.41604 11.8326 41.7
      vertex 6.99025 -15.7625 41.7
      vertex 7.03959 -15.6969 42
    endloop
  endfacet
  facet normal -0.141013 -0.989886 0.015549
    outer loop
      vertex 35.0531 -19.6875 42
      vertex 7.03959 -15.6969 42
      vertex 35.098 -19.6986 41.7
    endloop
  endfacet
  facet normal -0.134863 -0.963069 0.233046
    outer loop
      vertex 7.03959 -15.6969 42
      vertex 6.99025 -15.7625 41.7
      vertex 35.098 -19.6986 41.7
    endloop
  endfacet
  facet normal 0.868272 -0.496055 0.00581615
    outer loop
      vertex 46.5525 0.440368 42
      vertex 35.0531 -19.6875 42
      vertex 46.5587 0.447707 41.7
    endloop
  endfacet
  facet normal 0.859794 -0.489112 0.146708
    outer loop
      vertex 46.5587 0.447707 41.7
      vertex 35.0531 -19.6875 42
      vertex 35.098 -19.6986 41.7
    endloop
  endfacet
  facet normal 0.779621 0.625532 -0.0300125
    outer loop
      vertex 46.5587 0.447707 41.7
      vertex 31.8833 18.738 41.7
      vertex 31.8912 18.7427 42
    endloop
  endfacet
  facet normal 0.780079 0.624892 0.0314167
    outer loop
      vertex 46.5587 0.447707 41.7
      vertex 31.8912 18.7427 42
      vertex 46.5525 0.440368 42
    endloop
  endfacet
  facet normal -0.293766 0.955784 0.0133908
    outer loop
      vertex 31.8833 18.738 41.7
      vertex 9.41604 11.8326 41.7
      vertex 9.42561 11.8313 42
    endloop
  endfacet
  facet normal -0.294035 0.955768 -0.00712211
    outer loop
      vertex 31.8833 18.738 41.7
      vertex 9.42561 11.8313 42
      vertex 31.8912 18.7427 42
    endloop
  endfacet
  facet normal -0.995855 0.0850846 0.0321351
    outer loop
      vertex 9.42561 11.8313 42
      vertex 7.08893 -15.6312 42.3
      vertex 9.43519 11.8301 42.3
    endloop
  endfacet
  facet normal -0.985961 0.0854587 0.143447
    outer loop
      vertex 9.42561 11.8313 42
      vertex 7.03959 -15.6969 42
      vertex 7.08893 -15.6312 42.3
    endloop
  endfacet
  facet normal -0.143376 -0.989552 0.0151958
    outer loop
      vertex 35.0083 -19.6764 42.3
      vertex 7.08893 -15.6312 42.3
      vertex 35.0531 -19.6875 42
    endloop
  endfacet
  facet normal -0.137137 -0.962677 0.233337
    outer loop
      vertex 7.08893 -15.6312 42.3
      vertex 7.03959 -15.6969 42
      vertex 35.0531 -19.6875 42
    endloop
  endfacet
  facet normal 0.867356 -0.497655 0.00574706
    outer loop
      vertex 46.5463 0.433028 42.3
      vertex 35.0083 -19.6764 42.3
      vertex 46.5525 0.440368 42
    endloop
  endfacet
  facet normal 0.8589 -0.490701 0.146639
    outer loop
      vertex 46.5525 0.440368 42
      vertex 35.0083 -19.6764 42.3
      vertex 35.0531 -19.6875 42
    endloop
  endfacet
  facet normal 0.780113 0.624919 -0.0300129
    outer loop
      vertex 46.5525 0.440368 42
      vertex 31.8912 18.7427 42
      vertex 31.899 18.7473 42.3
    endloop
  endfacet
  facet normal 0.78057 0.624278 0.0314019
    outer loop
      vertex 46.5525 0.440368 42
      vertex 31.899 18.7473 42.3
      vertex 46.5463 0.433028 42.3
    endloop
  endfacet
  facet normal -0.294016 0.955707 0.0133954
    outer loop
      vertex 31.8912 18.7427 42
      vertex 9.42561 11.8313 42
      vertex 9.43519 11.8301 42.3
    endloop
  endfacet
  facet normal -0.294285 0.955691 -0.00710038
    outer loop
      vertex 31.8912 18.7427 42
      vertex 9.43519 11.8301 42.3
      vertex 31.899 18.7473 42.3
    endloop
  endfacet
  facet normal -0.99596 0.0838557 0.0321335
    outer loop
      vertex 9.43519 11.8301 42.3
      vertex 7.13827 -15.5655 42.6
      vertex 9.44476 11.8288 42.6
    endloop
  endfacet
  facet normal -0.986026 0.0842448 0.143724
    outer loop
      vertex 9.43519 11.8301 42.3
      vertex 7.08893 -15.6312 42.3
      vertex 7.13827 -15.5655 42.6
    endloop
  endfacet
  facet normal -0.145752 -0.98921 0.0148133
    outer loop
      vertex 34.9634 -19.6653 42.6
      vertex 7.13827 -15.5655 42.6
      vertex 35.0083 -19.6764 42.3
    endloop
  endfacet
  facet normal -0.139424 -0.962278 0.233626
    outer loop
      vertex 7.13827 -15.5655 42.6
      vertex 7.08893 -15.6312 42.3
      vertex 35.0083 -19.6764 42.3
    endloop
  endfacet
  facet normal 0.866438 -0.499252 0.00570003
    outer loop
      vertex 46.5401 0.425689 42.6
      vertex 34.9634 -19.6653 42.6
      vertex 46.5463 0.433028 42.3
    endloop
  endfacet
  facet normal 0.858003 -0.492288 0.146569
    outer loop
      vertex 46.5463 0.433028 42.3
      vertex 34.9634 -19.6653 42.6
      vertex 35.0083 -19.6764 42.3
    endloop
  endfacet
  facet normal 0.780604 0.624305 -0.0300241
    outer loop
      vertex 46.5463 0.433028 42.3
      vertex 31.899 18.7473 42.3
      vertex 31.9068 18.752 42.6
    endloop
  endfacet
  facet normal 0.781061 0.623664 0.0314069
    outer loop
      vertex 46.5463 0.433028 42.3
      vertex 31.9068 18.752 42.6
      vertex 46.5401 0.425689 42.6
    endloop
  endfacet
  facet normal -0.294266 0.95563 0.0134061
    outer loop
      vertex 31.899 18.7473 42.3
      vertex 9.43519 11.8301 42.3
      vertex 9.44476 11.8288 42.6
    endloop
  endfacet
  facet normal -0.294535 0.955614 -0.00710481
    outer loop
      vertex 31.899 18.7473 42.3
      vertex 9.44476 11.8288 42.6
      vertex 31.9068 18.752 42.6
    endloop
  endfacet
  facet normal -0.996063 0.0826203 0.0321309
    outer loop
      vertex 9.44476 11.8288 42.6
      vertex 7.18761 -15.4998 42.9
      vertex 9.45433 11.8275 42.9
    endloop
  endfacet
  facet normal -0.986089 0.0830246 0.144
    outer loop
      vertex 9.44476 11.8288 42.6
      vertex 7.13827 -15.5655 42.6
      vertex 7.18761 -15.4998 42.9
    endloop
  endfacet
  facet normal -0.148142 -0.98886 0.0144553
    outer loop
      vertex 34.9185 -19.6542 42.9
      vertex 7.18761 -15.4998 42.9
      vertex 34.9634 -19.6653 42.6
    endloop
  endfacet
  facet normal -0.141724 -0.961873 0.233913
    outer loop
      vertex 7.18761 -15.4998 42.9
      vertex 7.13827 -15.5655 42.6
      vertex 34.9634 -19.6653 42.6
    endloop
  endfacet
  facet normal 0.865517 -0.500847 0.00564189
    outer loop
      vertex 46.5339 0.418349 42.9
      vertex 34.9185 -19.6542 42.9
      vertex 46.5401 0.425689 42.6
    endloop
  endfacet
  facet normal 0.857104 -0.493874 0.146497
    outer loop
      vertex 46.5401 0.425689 42.6
      vertex 34.9185 -19.6542 42.9
      vertex 34.9634 -19.6653 42.6
    endloop
  endfacet
  facet normal 0.781094 0.623691 -0.0300142
    outer loop
      vertex 46.5401 0.425689 42.6
      vertex 31.9068 18.752 42.6
      vertex 31.9146 18.7566 42.9
    endloop
  endfacet
  facet normal 0.781551 0.62305 0.0314016
    outer loop
      vertex 46.5401 0.425689 42.6
      vertex 31.9146 18.7566 42.9
      vertex 46.5339 0.418349 42.9
    endloop
  endfacet
  facet normal -0.294516 0.955552 0.0134106
    outer loop
      vertex 31.9068 18.752 42.6
      vertex 9.44476 11.8288 42.6
      vertex 9.45433 11.8275 42.9
    endloop
  endfacet
  facet normal -0.294785 0.955537 -0.00708672
    outer loop
      vertex 31.9068 18.752 42.6
      vertex 9.45433 11.8275 42.9
      vertex 31.9146 18.7566 42.9
    endloop
  endfacet
  facet normal -0.996165 0.0813785 0.0321297
    outer loop
      vertex 9.45433 11.8275 42.9
      vertex 7.23695 -15.4341 43.2
      vertex 9.46391 11.8263 43.2
    endloop
  endfacet
  facet normal -0.98615 0.0817981 0.14428
    outer loop
      vertex 9.45433 11.8275 42.9
      vertex 7.18761 -15.4998 42.9
      vertex 7.23695 -15.4341 43.2
    endloop
  endfacet
  facet normal -0.150545 -0.988503 0.014072
    outer loop
      vertex 34.8736 -19.6431 43.2
      vertex 7.23695 -15.4341 43.2
      vertex 34.9185 -19.6542 42.9
    endloop
  endfacet
  facet normal -0.144037 -0.961459 0.234202
    outer loop
      vertex 7.23695 -15.4341 43.2
      vertex 7.18761 -15.4998 42.9
      vertex 34.9185 -19.6542 42.9
    endloop
  endfacet
  facet normal 0.864594 -0.50244 0.00558389
    outer loop
      vertex 46.5276 0.41101 43.2
      vertex 34.8736 -19.6431 43.2
      vertex 46.5339 0.418349 42.9
    endloop
  endfacet
  facet normal 0.856205 -0.495458 0.146406
    outer loop
      vertex 46.5339 0.418349 42.9
      vertex 34.8736 -19.6431 43.2
      vertex 34.9185 -19.6542 42.9
    endloop
  endfacet
  facet normal 0.781584 0.623077 -0.0300307
    outer loop
      vertex 46.5339 0.418349 42.9
      vertex 31.9146 18.7566 42.9
      vertex 31.9225 18.7612 43.2
    endloop
  endfacet
  facet normal 0.782041 0.622436 0.0313971
    outer loop
      vertex 46.5339 0.418349 42.9
      vertex 31.9225 18.7612 43.2
      vertex 46.5276 0.41101 43.2
    endloop
  endfacet
  facet normal -0.294766 0.955475 0.0134214
    outer loop
      vertex 31.9146 18.7566 42.9
      vertex 9.45433 11.8275 42.9
      vertex 9.46391 11.8263 43.2
    endloop
  endfacet
  facet normal -0.295036 0.95546 -0.00708937
    outer loop
      vertex 31.9146 18.7566 42.9
      vertex 9.46391 11.8263 43.2
      vertex 31.9225 18.7612 43.2
    endloop
  endfacet
  facet normal -0.996266 0.0801303 0.0321305
    outer loop
      vertex 9.46391 11.8263 43.2
      vertex 7.28629 -15.3684 43.5
      vertex 9.47348 11.825 43.5
    endloop
  endfacet
  facet normal -0.986211 0.0805653 0.14456
    outer loop
      vertex 9.46391 11.8263 43.2
      vertex 7.23695 -15.4341 43.2
      vertex 7.28629 -15.3684 43.5
    endloop
  endfacet
  facet normal -0.152962 -0.988137 0.0137013
    outer loop
      vertex 34.8288 -19.632 43.5
      vertex 7.28629 -15.3684 43.5
      vertex 34.8736 -19.6431 43.2
    endloop
  endfacet
  facet normal -0.146362 -0.961036 0.234495
    outer loop
      vertex 7.28629 -15.3684 43.5
      vertex 7.23695 -15.4341 43.2
      vertex 34.8736 -19.6431 43.2
    endloop
  endfacet
  facet normal 0.863668 -0.504031 0.00552582
    outer loop
      vertex 46.5214 0.40367 43.5
      vertex 34.8288 -19.632 43.5
      vertex 46.5276 0.41101 43.2
    endloop
  endfacet
  facet normal 0.855299 -0.497039 0.146343
    outer loop
      vertex 46.5276 0.41101 43.2
      vertex 34.8288 -19.632 43.5
      vertex 34.8736 -19.6431 43.2
    endloop
  endfacet
  facet normal 0.782074 0.622462 -0.03003
    outer loop
      vertex 46.5276 0.41101 43.2
      vertex 31.9225 18.7612 43.2
      vertex 31.9303 18.7659 43.5
    endloop
  endfacet
  facet normal 0.78253 0.621821 0.0313922
    outer loop
      vertex 46.5276 0.41101 43.2
      vertex 31.9303 18.7659 43.5
      vertex 46.5214 0.40367 43.5
    endloop
  endfacet
  facet normal -0.295017 0.955398 0.013427
    outer loop
      vertex 31.9225 18.7612 43.2
      vertex 9.46391 11.8263 43.2
      vertex 9.47348 11.825 43.5
    endloop
  endfacet
  facet normal -0.295286 0.955383 -0.00707557
    outer loop
      vertex 31.9225 18.7612 43.2
      vertex 9.47348 11.825 43.5
      vertex 31.9303 18.7659 43.5
    endloop
  endfacet
  facet normal -0.996367 0.0788755 0.0321256
    outer loop
      vertex 9.47348 11.825 43.5
      vertex 7.33563 -15.3027 43.8
      vertex 9.48305 11.8238 43.8
    endloop
  endfacet
  facet normal -0.98627 0.0793263 0.144838
    outer loop
      vertex 9.47348 11.825 43.5
      vertex 7.28629 -15.3684 43.5
      vertex 7.33563 -15.3027 43.8
    endloop
  endfacet
  facet normal -0.155393 -0.987763 0.0133258
    outer loop
      vertex 34.7839 -19.6209 43.8
      vertex 7.33563 -15.3027 43.8
      vertex 34.8288 -19.632 43.5
    endloop
  endfacet
  facet normal -0.148701 -0.960606 0.234785
    outer loop
      vertex 7.33563 -15.3027 43.8
      vertex 7.28629 -15.3684 43.5
      vertex 34.8288 -19.632 43.5
    endloop
  endfacet
  facet normal 0.862739 -0.50562 0.00546776
    outer loop
      vertex 46.5152 0.396331 43.8
      vertex 34.7839 -19.6209 43.8
      vertex 46.5214 0.40367 43.5
    endloop
  endfacet
  facet normal 0.854394 -0.498619 0.146255
    outer loop
      vertex 46.5214 0.40367 43.5
      vertex 34.7839 -19.6209 43.8
      vertex 34.8288 -19.632 43.5
    endloop
  endfacet
  facet normal 0.782563 0.621847 -0.0300283
    outer loop
      vertex 46.5214 0.40367 43.5
      vertex 31.9303 18.7659 43.5
      vertex 31.9381 18.7705 43.8
    endloop
  endfacet
  facet normal 0.783019 0.621206 0.0313873
    outer loop
      vertex 46.5214 0.40367 43.5
      vertex 31.9381 18.7705 43.8
      vertex 46.5152 0.396331 43.8
    endloop
  endfacet
  facet normal -0.295267 0.95532 0.0134367
    outer loop
      vertex 31.9303 18.7659 43.5
      vertex 9.47348 11.825 43.5
      vertex 9.48305 11.8238 43.8
    endloop
  endfacet
  facet normal -0.295536 0.955305 -0.00706973
    outer loop
      vertex 31.9303 18.7659 43.5
      vertex 9.48305 11.8238 43.8
      vertex 31.9381 18.7705 43.8
    endloop
  endfacet
  facet normal -0.996466 0.0776141 0.0321232
    outer loop
      vertex 9.48305 11.8238 43.8
      vertex 7.38497 -15.2371 44.1
      vertex 9.49263 11.8225 44.1
    endloop
  endfacet
  facet normal -0.986328 0.0780808 0.145123
    outer loop
      vertex 9.48305 11.8238 43.8
      vertex 7.33563 -15.3027 43.8
      vertex 7.38497 -15.2371 44.1
    endloop
  endfacet
  facet normal -0.157838 -0.98738 0.0129439
    outer loop
      vertex 34.739 -19.6098 44.1
      vertex 7.38497 -15.2371 44.1
      vertex 34.7839 -19.6209 43.8
    endloop
  endfacet
  facet normal -0.151052 -0.960169 0.235074
    outer loop
      vertex 7.38497 -15.2371 44.1
      vertex 7.33563 -15.3027 43.8
      vertex 34.7839 -19.6209 43.8
    endloop
  endfacet
  facet normal 0.861808 -0.507207 0.00539872
    outer loop
      vertex 46.509 0.388991 44.1
      vertex 34.739 -19.6098 44.1
      vertex 46.5152 0.396331 43.8
    endloop
  endfacet
  facet normal 0.853483 -0.500195 0.146188
    outer loop
      vertex 46.5152 0.396331 43.8
      vertex 34.739 -19.6098 44.1
      vertex 34.7839 -19.6209 43.8
    endloop
  endfacet
  facet normal 0.783051 0.621232 -0.0300365
    outer loop
      vertex 46.5152 0.396331 43.8
      vertex 31.9381 18.7705 43.8
      vertex 31.9459 18.7752 44.1
    endloop
  endfacet
  facet normal 0.783507 0.620591 0.0313723
    outer loop
      vertex 46.5152 0.396331 43.8
      vertex 31.9459 18.7752 44.1
      vertex 46.509 0.388991 44.1
    endloop
  endfacet
  facet normal -0.295517 0.955243 0.0134414
    outer loop
      vertex 31.9381 18.7705 43.8
      vertex 9.48305 11.8238 43.8
      vertex 9.49263 11.8225 44.1
    endloop
  endfacet
  facet normal -0.295786 0.955228 -0.00706013
    outer loop
      vertex 31.9381 18.7705 43.8
      vertex 9.49263 11.8225 44.1
      vertex 31.9459 18.7752 44.1
    endloop
  endfacet
  facet normal -0.996564 0.076346 0.0321208
    outer loop
      vertex 9.49263 11.8225 44.1
      vertex 7.43431 -15.1714 44.4
      vertex 9.5022 11.8212 44.4
    endloop
  endfacet
  facet normal -0.986385 0.0768289 0.145405
    outer loop
      vertex 9.49263 11.8225 44.1
      vertex 7.38497 -15.2371 44.1
      vertex 7.43431 -15.1714 44.4
    endloop
  endfacet
  facet normal -0.160297 -0.986989 0.0125635
    outer loop
      vertex 34.6941 -19.5987 44.4
      vertex 7.43431 -15.1714 44.4
      vertex 34.739 -19.6098 44.1
    endloop
  endfacet
  facet normal -0.153417 -0.959722 0.235365
    outer loop
      vertex 7.43431 -15.1714 44.4
      vertex 7.38497 -15.2371 44.1
      vertex 34.739 -19.6098 44.1
    endloop
  endfacet
  facet normal 0.860874 -0.508791 0.00535154
    outer loop
      vertex 46.5028 0.381652 44.4
      vertex 34.6941 -19.5987 44.4
      vertex 46.509 0.388991 44.1
    endloop
  endfacet
  facet normal 0.852573 -0.501772 0.146098
    outer loop
      vertex 46.509 0.388991 44.1
      vertex 34.6941 -19.5987 44.4
      vertex 34.739 -19.6098 44.1
    endloop
  endfacet
  facet normal 0.783539 0.620616 -0.0300393
    outer loop
      vertex 46.509 0.388991 44.1
      vertex 31.9459 18.7752 44.1
      vertex 31.9538 18.7798 44.4
    endloop
  endfacet
  facet normal 0.783994 0.619974 0.0313769
    outer loop
      vertex 46.509 0.388991 44.1
      vertex 31.9538 18.7798 44.4
      vertex 46.5028 0.381652 44.4
    endloop
  endfacet
  facet normal -0.295767 0.955165 0.0134519
    outer loop
      vertex 31.9459 18.7752 44.1
      vertex 9.49263 11.8225 44.1
      vertex 9.5022 11.8212 44.4
    endloop
  endfacet
  facet normal -0.296036 0.955151 -0.00705232
    outer loop
      vertex 31.9459 18.7752 44.1
      vertex 9.5022 11.8212 44.4
      vertex 31.9538 18.7798 44.4
    endloop
  endfacet
  facet normal -0.996661 0.0750713 0.0321187
    outer loop
      vertex 9.5022 11.8212 44.4
      vertex 7.48365 -15.1057 44.7
      vertex 9.51177 11.82 44.7
    endloop
  endfacet
  facet normal -0.98644 0.0755704 0.145691
    outer loop
      vertex 9.5022 11.8212 44.4
      vertex 7.43431 -15.1714 44.4
      vertex 7.48365 -15.1057 44.7
    endloop
  endfacet
  facet normal -0.16277 -0.986589 0.0121706
    outer loop
      vertex 34.6493 -19.5876 44.7
      vertex 7.48365 -15.1057 44.7
      vertex 34.6941 -19.5987 44.4
    endloop
  endfacet
  facet normal -0.155795 -0.959267 0.235659
    outer loop
      vertex 7.48365 -15.1057 44.7
      vertex 7.43431 -15.1714 44.4
      vertex 34.6941 -19.5987 44.4
    endloop
  endfacet
  facet normal 0.859937 -0.510373 0.00529354
    outer loop
      vertex 46.4966 0.374312 44.7
      vertex 34.6493 -19.5876 44.7
      vertex 46.5028 0.381652 44.4
    endloop
  endfacet
  facet normal 0.851657 -0.503344 0.146029
    outer loop
      vertex 46.5028 0.381652 44.4
      vertex 34.6493 -19.5876 44.7
      vertex 34.6941 -19.5987 44.4
    endloop
  endfacet
  facet normal 0.784027 0.62 -0.0300418
    outer loop
      vertex 46.5028 0.381652 44.4
      vertex 31.9538 18.7798 44.4
      vertex 31.9616 18.7845 44.7
    endloop
  endfacet
  facet normal 0.784481 0.619358 0.0313723
    outer loop
      vertex 46.5028 0.381652 44.4
      vertex 31.9616 18.7845 44.7
      vertex 46.4966 0.374312 44.7
    endloop
  endfacet
  facet normal -0.296017 0.955088 0.0134567
    outer loop
      vertex 31.9538 18.7798 44.4
      vertex 9.5022 11.8212 44.4
      vertex 9.51177 11.82 44.7
    endloop
  endfacet
  facet normal -0.296286 0.955073 -0.00705264
    outer loop
      vertex 31.9538 18.7798 44.4
      vertex 9.51177 11.82 44.7
      vertex 31.9616 18.7845 44.7
    endloop
  endfacet
  facet normal -0.996757 0.0737898 0.0321166
    outer loop
      vertex 9.51177 11.82 44.7
      vertex 7.53299 -15.04 45
      vertex 9.52134 11.8187 45
    endloop
  endfacet
  facet normal -0.986493 0.0743055 0.145977
    outer loop
      vertex 9.51177 11.82 44.7
      vertex 7.48365 -15.1057 44.7
      vertex 7.53299 -15.04 45
    endloop
  endfacet
  facet normal -0.165257 -0.98618 0.0117981
    outer loop
      vertex 34.6044 -19.5764 45
      vertex 7.53299 -15.04 45
      vertex 34.6493 -19.5876 44.7
    endloop
  endfacet
  facet normal -0.158186 -0.958804 0.235951
    outer loop
      vertex 7.53299 -15.04 45
      vertex 7.48365 -15.1057 44.7
      vertex 34.6493 -19.5876 44.7
    endloop
  endfacet
  facet normal 0.858998 -0.511953 0.00523547
    outer loop
      vertex 46.4904 0.366973 45
      vertex 34.6044 -19.5764 45
      vertex 46.4966 0.374312 44.7
    endloop
  endfacet
  facet normal 0.850741 -0.504915 0.145945
    outer loop
      vertex 46.4966 0.374312 44.7
      vertex 34.6044 -19.5764 45
      vertex 34.6493 -19.5876 44.7
    endloop
  endfacet
  facet normal 0.784514 0.619384 -0.0300421
    outer loop
      vertex 46.4966 0.374312 44.7
      vertex 31.9616 18.7845 44.7
      vertex 31.9694 18.7891 45
    endloop
  endfacet
  facet normal 0.784968 0.618742 0.0313673
    outer loop
      vertex 46.4966 0.374312 44.7
      vertex 31.9694 18.7891 45
      vertex 46.4904 0.366973 45
    endloop
  endfacet
  facet normal -0.296267 0.95501 0.0134673
    outer loop
      vertex 31.9616 18.7845 44.7
      vertex 9.51177 11.82 44.7
      vertex 9.52134 11.8187 45
    endloop
  endfacet
  facet normal -0.296536 0.954996 -0.00703089
    outer loop
      vertex 31.9616 18.7845 44.7
      vertex 9.52134 11.8187 45
      vertex 31.9694 18.7891 45
    endloop
  endfacet
  facet normal -0.996851 0.0725016 0.0321142
    outer loop
      vertex 9.52134 11.8187 45
      vertex 7.58233 -14.9743 45.3
      vertex 9.53092 11.8175 45.3
    endloop
  endfacet
  facet normal -0.986546 0.0730339 0.146264
    outer loop
      vertex 9.52134 11.8187 45
      vertex 7.53299 -15.04 45
      vertex 7.58233 -14.9743 45.3
    endloop
  endfacet
  facet normal -0.167759 -0.985762 0.0113938
    outer loop
      vertex 34.5595 -19.5653 45.3
      vertex 7.58233 -14.9743 45.3
      vertex 34.6044 -19.5764 45
    endloop
  endfacet
  facet normal -0.160591 -0.958332 0.23624
    outer loop
      vertex 7.58233 -14.9743 45.3
      vertex 7.53299 -15.04 45
      vertex 34.6044 -19.5764 45
    endloop
  endfacet
  facet normal 0.858056 -0.51353 0.00516649
    outer loop
      vertex 46.4842 0.359633 45.3
      vertex 34.5595 -19.5653 45.3
      vertex 46.4904 0.366973 45
    endloop
  endfacet
  facet normal 0.849821 -0.506484 0.14587
    outer loop
      vertex 46.4904 0.366973 45
      vertex 34.5595 -19.5653 45.3
      vertex 34.6044 -19.5764 45
    endloop
  endfacet
  facet normal 0.785 0.618767 -0.0300531
    outer loop
      vertex 46.4904 0.366973 45
      vertex 31.9694 18.7891 45
      vertex 31.9772 18.7937 45.3
    endloop
  endfacet
  facet normal 0.785454 0.618125 0.0313523
    outer loop
      vertex 46.4904 0.366973 45
      vertex 31.9772 18.7937 45.3
      vertex 46.4842 0.359633 45.3
    endloop
  endfacet
  facet normal -0.296517 0.954933 0.013475
    outer loop
      vertex 31.9694 18.7891 45
      vertex 9.52134 11.8187 45
      vertex 9.53092 11.8175 45.3
    endloop
  endfacet
  facet normal -0.296786 0.954918 -0.00703531
    outer loop
      vertex 31.9694 18.7891 45
      vertex 9.53092 11.8175 45.3
      vertex 31.9772 18.7937 45.3
    endloop
  endfacet
  facet normal -0.996944 0.0712066 0.0321147
    outer loop
      vertex 9.53092 11.8175 45.3
      vertex 7.63167 -14.9086 45.6
      vertex 9.54049 11.8162 45.6
    endloop
  endfacet
  facet normal -0.986597 0.0717558 0.146552
    outer loop
      vertex 9.53092 11.8175 45.3
      vertex 7.58233 -14.9743 45.3
      vertex 7.63167 -14.9086 45.6
    endloop
  endfacet
  facet normal -0.170274 -0.985335 0.0110164
    outer loop
      vertex 34.5146 -19.5542 45.6
      vertex 7.63167 -14.9086 45.6
      vertex 34.5595 -19.5653 45.3
    endloop
  endfacet
  facet normal -0.163009 -0.957851 0.236536
    outer loop
      vertex 7.63167 -14.9086 45.6
      vertex 7.58233 -14.9743 45.3
      vertex 34.5595 -19.5653 45.3
    endloop
  endfacet
  facet normal 0.857112 -0.515105 0.00511934
    outer loop
      vertex 46.478 0.352294 45.6
      vertex 34.5146 -19.5542 45.6
      vertex 46.4842 0.359633 45.3
    endloop
  endfacet
  facet normal 0.8489 -0.508051 0.145786
    outer loop
      vertex 46.4842 0.359633 45.3
      vertex 34.5146 -19.5542 45.6
      vertex 34.5595 -19.5653 45.3
    endloop
  endfacet
  facet normal 0.785486 0.61815 -0.0300434
    outer loop
      vertex 46.4842 0.359633 45.3
      vertex 31.9772 18.7937 45.3
      vertex 31.9851 18.7984 45.6
    endloop
  endfacet
  facet normal 0.78594 0.617508 0.0313572
    outer loop
      vertex 46.4842 0.359633 45.3
      vertex 31.9851 18.7984 45.6
      vertex 46.478 0.352294 45.6
    endloop
  endfacet
  facet normal -0.296767 0.954855 0.0134806
    outer loop
      vertex 31.9772 18.7937 45.3
      vertex 9.53092 11.8175 45.3
      vertex 9.54049 11.8162 45.6
    endloop
  endfacet
  facet normal -0.297036 0.95484 -0.00701733
    outer loop
      vertex 31.9772 18.7937 45.3
      vertex 9.54049 11.8162 45.6
      vertex 31.9851 18.7984 45.6
    endloop
  endfacet
  facet normal -0.997037 0.0699047 0.0321088
    outer loop
      vertex 9.54049 11.8162 45.6
      vertex 7.68102 -14.8429 45.9
      vertex 9.55006 11.8149 45.9
    endloop
  endfacet
  facet normal -0.986647 0.0704711 0.14684
    outer loop
      vertex 9.54049 11.8162 45.6
      vertex 7.63167 -14.9086 45.6
      vertex 7.68102 -14.8429 45.9
    endloop
  endfacet
  facet normal -0.172804 -0.984899 0.010607
    outer loop
      vertex 34.4698 -19.5431 45.9
      vertex 7.68102 -14.8429 45.9
      vertex 34.5146 -19.5542 45.6
    endloop
  endfacet
  facet normal -0.16544 -0.957363 0.236826
    outer loop
      vertex 7.68102 -14.8429 45.9
      vertex 7.63167 -14.9086 45.6
      vertex 34.5146 -19.5542 45.6
    endloop
  endfacet
  facet normal 0.856165 -0.516678 0.00506122
    outer loop
      vertex 46.4718 0.344954 45.9
      vertex 34.4698 -19.5431 45.9
      vertex 46.478 0.352294 45.6
    endloop
  endfacet
  facet normal 0.847975 -0.509615 0.145708
    outer loop
      vertex 46.478 0.352294 45.6
      vertex 34.4698 -19.5431 45.9
      vertex 34.5146 -19.5542 45.6
    endloop
  endfacet
  facet normal 0.785971 0.617532 -0.030054
    outer loop
      vertex 46.478 0.352294 45.6
      vertex 31.9851 18.7984 45.6
      vertex 31.9929 18.803 45.9
    endloop
  endfacet
  facet normal 0.786425 0.61689 0.0313517
    outer loop
      vertex 46.478 0.352294 45.6
      vertex 31.9929 18.803 45.9
      vertex 46.4718 0.344954 45.9
    endloop
  endfacet
  facet normal -0.297017 0.954777 0.0134901
    outer loop
      vertex 31.9851 18.7984 45.6
      vertex 9.54049 11.8162 45.6
      vertex 9.55006 11.8149 45.9
    endloop
  endfacet
  facet normal -0.297286 0.954763 -0.00702166
    outer loop
      vertex 31.9851 18.7984 45.6
      vertex 9.55006 11.8149 45.9
      vertex 31.9929 18.803 45.9
    endloop
  endfacet
  facet normal -0.997128 0.0685959 0.0321064
    outer loop
      vertex 9.55006 11.8149 45.9
      vertex 7.73035 -14.7773 46.2
      vertex 9.55964 11.8137 46.2
    endloop
  endfacet
  facet normal -0.986695 0.0691796 0.147129
    outer loop
      vertex 9.55006 11.8149 45.9
      vertex 7.68102 -14.8429 45.9
      vertex 7.73035 -14.7773 46.2
    endloop
  endfacet
  facet normal -0.175348 -0.984453 0.0102185
    outer loop
      vertex 34.4249 -19.532 46.2
      vertex 7.73035 -14.7773 46.2
      vertex 34.4698 -19.5431 45.9
    endloop
  endfacet
  facet normal -0.167885 -0.956864 0.237121
    outer loop
      vertex 7.73035 -14.7773 46.2
      vertex 7.68102 -14.8429 45.9
      vertex 34.4698 -19.5431 45.9
    endloop
  endfacet
  facet normal 0.855215 -0.518249 0.00500323
    outer loop
      vertex 46.4656 0.337615 46.2
      vertex 34.4249 -19.532 46.2
      vertex 46.4718 0.344954 45.9
    endloop
  endfacet
  facet normal 0.847049 -0.511177 0.145622
    outer loop
      vertex 46.4718 0.344954 45.9
      vertex 34.4249 -19.532 46.2
      vertex 34.4698 -19.5431 45.9
    endloop
  endfacet
  facet normal 0.786456 0.616914 -0.0300635
    outer loop
      vertex 46.4718 0.344954 45.9
      vertex 31.9929 18.803 45.9
      vertex 32.0007 18.8077 46.2
    endloop
  endfacet
  facet normal 0.786909 0.616272 0.031347
    outer loop
      vertex 46.4718 0.344954 45.9
      vertex 32.0007 18.8077 46.2
      vertex 46.4656 0.337615 46.2
    endloop
  endfacet
  facet normal -0.297267 0.954699 0.0134949
    outer loop
      vertex 31.9929 18.803 45.9
      vertex 9.55006 11.8149 45.9
      vertex 9.55964 11.8137 46.2
    endloop
  endfacet
  facet normal -0.297536 0.954685 -0.00700418
    outer loop
      vertex 31.9929 18.803 45.9
      vertex 9.55964 11.8137 46.2
      vertex 32.0007 18.8077 46.2
    endloop
  endfacet
  facet normal -0.997217 0.0672801 0.032104
    outer loop
      vertex 9.55964 11.8137 46.2
      vertex 7.77969 -14.7116 46.5
      vertex 9.56921 11.8124 46.5
    endloop
  endfacet
  facet normal -0.986741 0.0678813 0.147425
    outer loop
      vertex 9.55964 11.8137 46.2
      vertex 7.73035 -14.7773 46.2
      vertex 7.77969 -14.7116 46.5
    endloop
  endfacet
  facet normal -0.177907 -0.983998 0.0098167
    outer loop
      vertex 34.38 -19.5209 46.5
      vertex 7.77969 -14.7116 46.5
      vertex 34.4249 -19.532 46.2
    endloop
  endfacet
  facet normal -0.170344 -0.956357 0.237412
    outer loop
      vertex 7.77969 -14.7116 46.5
      vertex 7.73035 -14.7773 46.2
      vertex 34.4249 -19.532 46.2
    endloop
  endfacet
  facet normal 0.854263 -0.519817 0.00494517
    outer loop
      vertex 46.4594 0.330276 46.5
      vertex 34.38 -19.5209 46.5
      vertex 46.4656 0.337615 46.2
    endloop
  endfacet
  facet normal 0.846118 -0.512736 0.145551
    outer loop
      vertex 46.4656 0.337615 46.2
      vertex 34.38 -19.5209 46.5
      vertex 34.4249 -19.532 46.2
    endloop
  endfacet
  facet normal 0.78694 0.616296 -0.0300566
    outer loop
      vertex 46.4656 0.337615 46.2
      vertex 32.0007 18.8077 46.2
      vertex 32.0085 18.8123 46.5
    endloop
  endfacet
  facet normal 0.787393 0.615654 0.0313419
    outer loop
      vertex 46.4656 0.337615 46.2
      vertex 32.0085 18.8123 46.5
      vertex 46.4594 0.330276 46.5
    endloop
  endfacet
  facet normal -0.297517 0.954621 0.0135056
    outer loop
      vertex 32.0007 18.8077 46.2
      vertex 9.55964 11.8137 46.2
      vertex 9.56921 11.8124 46.5
    endloop
  endfacet
  facet normal -0.297786 0.954607 -0.00700023
    outer loop
      vertex 32.0007 18.8077 46.2
      vertex 9.56921 11.8124 46.5
      vertex 32.0085 18.8123 46.5
    endloop
  endfacet
  facet normal -0.997306 0.0659573 0.032101
    outer loop
      vertex 9.56921 11.8124 46.5
      vertex 7.82903 -14.6459 46.8
      vertex 9.57878 11.8112 46.8
    endloop
  endfacet
  facet normal -0.986786 0.0665763 0.147717
    outer loop
      vertex 9.56921 11.8124 46.5
      vertex 7.77969 -14.7116 46.5
      vertex 7.82903 -14.6459 46.8
    endloop
  endfacet
  facet normal -0.18048 -0.983534 0.00941686
    outer loop
      vertex 34.3351 -19.5098 46.8
      vertex 7.82903 -14.6459 46.8
      vertex 34.38 -19.5209 46.5
    endloop
  endfacet
  facet normal -0.172816 -0.95584 0.237708
    outer loop
      vertex 7.82903 -14.6459 46.8
      vertex 7.77969 -14.7116 46.5
      vertex 34.38 -19.5209 46.5
    endloop
  endfacet
  facet normal 0.853309 -0.521383 0.00488713
    outer loop
      vertex 46.4532 0.322936 46.8
      vertex 34.3351 -19.5098 46.8
      vertex 46.4594 0.330276 46.5
    endloop
  endfacet
  facet normal 0.845188 -0.514295 0.145459
    outer loop
      vertex 46.4594 0.330276 46.5
      vertex 34.3351 -19.5098 46.8
      vertex 34.38 -19.5209 46.5
    endloop
  endfacet
  facet normal 0.787424 0.615678 -0.0300596
    outer loop
      vertex 46.4594 0.330276 46.5
      vertex 32.0085 18.8123 46.5
      vertex 32.0164 18.8169 46.8
    endloop
  endfacet
  facet normal 0.787877 0.615035 0.0313367
    outer loop
      vertex 46.4594 0.330276 46.5
      vertex 32.0164 18.8169 46.8
      vertex 46.4532 0.322936 46.8
    endloop
  endfacet
  facet normal -0.297766 0.954543 0.0135102
    outer loop
      vertex 32.0085 18.8123 46.5
      vertex 9.56921 11.8124 46.5
      vertex 9.57878 11.8112 46.8
    endloop
  endfacet
  facet normal -0.298036 0.954529 -0.00699251
    outer loop
      vertex 32.0085 18.8123 46.5
      vertex 9.57878 11.8112 46.8
      vertex 32.0164 18.8169 46.8
    endloop
  endfacet
  facet normal -0.997393 0.0646274 0.0320984
    outer loop
      vertex 9.57878 11.8112 46.8
      vertex 7.87838 -14.5802 47.1
      vertex 9.58836 11.8099 47.1
    endloop
  endfacet
  facet normal -0.98683 0.0652644 0.148012
    outer loop
      vertex 9.57878 11.8112 46.8
      vertex 7.82903 -14.6459 46.8
      vertex 7.87838 -14.5802 47.1
    endloop
  endfacet
  facet normal -0.183068 -0.983059 0.00900988
    outer loop
      vertex 34.2903 -19.4987 47.1
      vertex 7.87838 -14.5802 47.1
      vertex 34.3351 -19.5098 46.8
    endloop
  endfacet
  facet normal -0.175302 -0.955314 0.238002
    outer loop
      vertex 7.87838 -14.5802 47.1
      vertex 7.82903 -14.6459 46.8
      vertex 34.3351 -19.5098 46.8
    endloop
  endfacet
  facet normal 0.852352 -0.522947 0.00482909
    outer loop
      vertex 46.447 0.315597 47.1
      vertex 34.2903 -19.4987 47.1
      vertex 46.4532 0.322936 46.8
    endloop
  endfacet
  facet normal 0.844252 -0.51585 0.145387
    outer loop
      vertex 46.4532 0.322936 46.8
      vertex 34.2903 -19.4987 47.1
      vertex 34.3351 -19.5098 46.8
    endloop
  endfacet
  facet normal 0.787907 0.615059 -0.0300727
    outer loop
      vertex 46.4532 0.322936 46.8
      vertex 32.0164 18.8169 46.8
      vertex 32.0242 18.8216 47.1
    endloop
  endfacet
  facet normal 0.78836 0.614416 0.0313316
    outer loop
      vertex 46.4532 0.322936 46.8
      vertex 32.0242 18.8216 47.1
      vertex 46.447 0.315597 47.1
    endloop
  endfacet
  facet normal -0.298016 0.954465 0.0135209
    outer loop
      vertex 32.0164 18.8169 46.8
      vertex 9.57878 11.8112 46.8
      vertex 9.58836 11.8099 47.1
    endloop
  endfacet
  facet normal -0.298286 0.954451 -0.006981
    outer loop
      vertex 32.0164 18.8169 46.8
      vertex 9.58836 11.8099 47.1
      vertex 32.0242 18.8216 47.1
    endloop
  endfacet
  facet normal -0.997479 0.0632904 0.0320949
    outer loop
      vertex 9.58836 11.8099 47.1
      vertex 7.92772 -14.5145 47.4
      vertex 9.59793 11.8086 47.4
    endloop
  endfacet
  facet normal -0.986872 0.0639457 0.148306
    outer loop
      vertex 9.58836 11.8099 47.1
      vertex 7.87838 -14.5802 47.1
      vertex 7.92772 -14.5145 47.4
    endloop
  endfacet
  facet normal -0.185671 -0.982574 0.00859863
    outer loop
      vertex 34.2454 -19.4876 47.4
      vertex 7.92772 -14.5145 47.4
      vertex 34.2903 -19.4987 47.1
    endloop
  endfacet
  facet normal -0.177802 -0.954779 0.238293
    outer loop
      vertex 7.92772 -14.5145 47.4
      vertex 7.87838 -14.5802 47.1
      vertex 34.2903 -19.4987 47.1
    endloop
  endfacet
  facet normal 0.851392 -0.524508 0.00476016
    outer loop
      vertex 46.4408 0.308257 47.4
      vertex 34.2454 -19.4876 47.4
      vertex 46.447 0.315597 47.1
    endloop
  endfacet
  facet normal 0.843317 -0.517404 0.145289
    outer loop
      vertex 46.447 0.315597 47.1
      vertex 34.2454 -19.4876 47.4
      vertex 34.2903 -19.4987 47.1
    endloop
  endfacet
  facet normal 0.78839 0.61444 -0.0300692
    outer loop
      vertex 46.447 0.315597 47.1
      vertex 32.0242 18.8216 47.1
      vertex 32.032 18.8262 47.4
    endloop
  endfacet
  facet normal 0.788842 0.613797 0.031316
    outer loop
      vertex 46.447 0.315597 47.1
      vertex 32.032 18.8262 47.4
      vertex 46.4408 0.308257 47.4
    endloop
  endfacet
  facet normal -0.298266 0.954387 0.0135253
    outer loop
      vertex 32.0242 18.8216 47.1
      vertex 9.58836 11.8099 47.1
      vertex 9.59793 11.8086 47.4
    endloop
  endfacet
  facet normal -0.298536 0.954373 -0.00698304
    outer loop
      vertex 32.0242 18.8216 47.1
      vertex 9.59793 11.8086 47.4
      vertex 32.032 18.8262 47.4
    endloop
  endfacet
  facet normal -0.997563 0.0619463 0.0320958
    outer loop
      vertex 9.59793 11.8086 47.4
      vertex 7.97706 -14.4488 47.7
      vertex 9.6075 11.8074 47.7
    endloop
  endfacet
  facet normal -0.986912 0.0626199 0.148605
    outer loop
      vertex 9.59793 11.8086 47.4
      vertex 7.92772 -14.5145 47.4
      vertex 7.97706 -14.4488 47.7
    endloop
  endfacet
  facet normal -0.188288 -0.98208 0.00819905
    outer loop
      vertex 34.2005 -19.4765 47.7
      vertex 7.97706 -14.4488 47.7
      vertex 34.2454 -19.4876 47.4
    endloop
  endfacet
  facet normal -0.180315 -0.954234 0.238587
    outer loop
      vertex 7.97706 -14.4488 47.7
      vertex 7.92772 -14.5145 47.4
      vertex 34.2454 -19.4876 47.4
    endloop
  endfacet
  facet normal 0.85043 -0.526067 0.00471302
    outer loop
      vertex 46.4346 0.300918 47.7
      vertex 34.2005 -19.4765 47.7
      vertex 46.4408 0.308257 47.4
    endloop
  endfacet
  facet normal 0.842376 -0.518954 0.145225
    outer loop
      vertex 46.4408 0.308257 47.4
      vertex 34.2005 -19.4765 47.7
      vertex 34.2454 -19.4876 47.4
    endloop
  endfacet
  facet normal 0.788873 0.613821 -0.0300648
    outer loop
      vertex 46.4408 0.308257 47.4
      vertex 32.032 18.8262 47.4
      vertex 32.0398 18.8309 47.7
    endloop
  endfacet
  facet normal 0.789324 0.613177 0.0313212
    outer loop
      vertex 46.4408 0.308257 47.4
      vertex 32.0398 18.8309 47.7
      vertex 46.4346 0.300918 47.7
    endloop
  endfacet
  facet normal -0.298516 0.954309 0.0135371
    outer loop
      vertex 32.032 18.8262 47.4
      vertex 9.59793 11.8086 47.4
      vertex 9.6075 11.8074 47.7
    endloop
  endfacet
  facet normal -0.298786 0.954295 -0.00696327
    outer loop
      vertex 32.032 18.8262 47.4
      vertex 9.6075 11.8074 47.7
      vertex 32.0398 18.8309 47.7
    endloop
  endfacet
  facet normal -0.997646 0.0605949 0.0320894
    outer loop
      vertex 9.6075 11.8074 47.7
      vertex 8.0264 -14.3831 48
      vertex 9.61708 11.8061 48
    endloop
  endfacet
  facet normal -0.986951 0.0612873 0.148903
    outer loop
      vertex 9.6075 11.8074 47.7
      vertex 7.97706 -14.4488 47.7
      vertex 8.0264 -14.3831 48
    endloop
  endfacet
  facet normal -0.19092 -0.981575 0.00777413
    outer loop
      vertex 34.1556 -19.4654 48
      vertex 8.0264 -14.3831 48
      vertex 34.2005 -19.4765 47.7
    endloop
  endfacet
  facet normal -0.182843 -0.953679 0.238884
    outer loop
      vertex 8.0264 -14.3831 48
      vertex 7.97706 -14.4488 47.7
      vertex 34.2005 -19.4765 47.7
    endloop
  endfacet
  facet normal 0.849465 -0.527624 0.004655
    outer loop
      vertex 46.4284 0.293578 48
      vertex 34.1556 -19.4654 48
      vertex 46.4346 0.300918 47.7
    endloop
  endfacet
  facet normal 0.841435 -0.520503 0.145135
    outer loop
      vertex 46.4346 0.300918 47.7
      vertex 34.1556 -19.4654 48
      vertex 34.2005 -19.4765 47.7
    endloop
  endfacet
  facet normal 0.789354 0.613201 -0.0300856
    outer loop
      vertex 46.4346 0.300918 47.7
      vertex 32.0398 18.8309 47.7
      vertex 32.0477 18.8355 48
    endloop
  endfacet
  facet normal 0.789806 0.612557 0.031316
    outer loop
      vertex 46.4346 0.300918 47.7
      vertex 32.0477 18.8355 48
      vertex 46.4284 0.293578 48
    endloop
  endfacet
  facet normal -0.298766 0.95423 0.0135408
    outer loop
      vertex 32.0398 18.8309 47.7
      vertex 9.6075 11.8074 47.7
      vertex 9.61708 11.8061 48
    endloop
  endfacet
  facet normal -0.299036 0.954217 -0.00696388
    outer loop
      vertex 32.0398 18.8309 47.7
      vertex 9.61708 11.8061 48
      vertex 32.0477 18.8355 48
    endloop
  endfacet
  facet normal -0.997728 0.0592363 0.0320865
    outer loop
      vertex 9.61708 11.8061 48
      vertex 8.07574 -14.3175 48.3
      vertex 9.62665 11.8049 48.3
    endloop
  endfacet
  facet normal -0.986988 0.0599475 0.149202
    outer loop
      vertex 9.61708 11.8061 48
      vertex 8.0264 -14.3831 48
      vertex 8.07574 -14.3175 48.3
    endloop
  endfacet
  facet normal -0.193567 -0.981059 0.00737405
    outer loop
      vertex 34.1108 -19.4543 48.3
      vertex 8.07574 -14.3175 48.3
      vertex 34.1556 -19.4654 48
    endloop
  endfacet
  facet normal -0.185384 -0.953114 0.239179
    outer loop
      vertex 8.07574 -14.3175 48.3
      vertex 8.0264 -14.3831 48
      vertex 34.1556 -19.4654 48
    endloop
  endfacet
  facet normal 0.848499 -0.529178 0.00459699
    outer loop
      vertex 46.4222 0.286239 48.3
      vertex 34.1108 -19.4543 48.3
      vertex 46.4284 0.293578 48
    endloop
  endfacet
  facet normal 0.840491 -0.52205 0.145047
    outer loop
      vertex 46.4284 0.293578 48
      vertex 34.1108 -19.4543 48.3
      vertex 34.1556 -19.4654 48
    endloop
  endfacet
  facet normal 0.789836 0.612581 -0.0300707
    outer loop
      vertex 46.4284 0.293578 48
      vertex 32.0477 18.8355 48
      vertex 32.0555 18.8401 48.3
    endloop
  endfacet
  facet normal 0.790286 0.611937 0.0313108
    outer loop
      vertex 46.4284 0.293578 48
      vertex 32.0555 18.8401 48.3
      vertex 46.4222 0.286239 48.3
    endloop
  endfacet
  facet normal -0.299016 0.954152 0.0135515
    outer loop
      vertex 32.0477 18.8355 48
      vertex 9.61708 11.8061 48
      vertex 9.62665 11.8049 48.3
    endloop
  endfacet
  facet normal -0.299286 0.954138 -0.00694782
    outer loop
      vertex 32.0477 18.8355 48
      vertex 9.62665 11.8049 48.3
      vertex 32.0555 18.8401 48.3
    endloop
  endfacet
  facet normal -0.997808 0.0578704 0.0320833
    outer loop
      vertex 9.62665 11.8049 48.3
      vertex 8.12508 -14.2518 48.6
      vertex 9.63622 11.8036 48.6
    endloop
  endfacet
  facet normal -0.987024 0.0586008 0.1495
    outer loop
      vertex 9.62665 11.8049 48.3
      vertex 8.07574 -14.3175 48.3
      vertex 8.12508 -14.2518 48.6
    endloop
  endfacet
  facet normal -0.196229 -0.980534 0.00694395
    outer loop
      vertex 34.0659 -19.4432 48.6
      vertex 8.12508 -14.2518 48.6
      vertex 34.1108 -19.4543 48.3
    endloop
  endfacet
  facet normal -0.18794 -0.95254 0.23947
    outer loop
      vertex 8.12508 -14.2518 48.6
      vertex 8.07574 -14.3175 48.3
      vertex 34.1108 -19.4543 48.3
    endloop
  endfacet
  facet normal 0.847529 -0.530729 0.0045282
    outer loop
      vertex 46.416 0.278899 48.6
      vertex 34.0659 -19.4432 48.6
      vertex 46.4222 0.286239 48.3
    endloop
  endfacet
  facet normal 0.839546 -0.523594 0.144956
    outer loop
      vertex 46.4222 0.286239 48.3
      vertex 34.0659 -19.4432 48.6
      vertex 34.1108 -19.4543 48.3
    endloop
  endfacet
  facet normal 0.790316 0.61196 -0.0300814
    outer loop
      vertex 46.4222 0.286239 48.3
      vertex 32.0555 18.8401 48.3
      vertex 32.0633 18.8448 48.6
    endloop
  endfacet
  facet normal 0.790767 0.611317 0.0312955
    outer loop
      vertex 46.4222 0.286239 48.3
      vertex 32.0633 18.8448 48.6
      vertex 46.416 0.278899 48.6
    endloop
  endfacet
  facet normal -0.299265 0.954074 0.0135591
    outer loop
      vertex 32.0555 18.8401 48.3
      vertex 9.62665 11.8049 48.3
      vertex 9.63622 11.8036 48.6
    endloop
  endfacet
  facet normal -0.299535 0.95406 -0.00695222
    outer loop
      vertex 32.0555 18.8401 48.3
      vertex 9.63622 11.8036 48.6
      vertex 32.0633 18.8448 48.6
    endloop
  endfacet
  facet normal -0.997887 0.0564971 0.0320794
    outer loop
      vertex 9.63622 11.8036 48.6
      vertex 8.17442 -14.1861 48.9
      vertex 9.64579 11.8023 48.9
    endloop
  endfacet
  facet normal -0.987057 0.0572469 0.149803
    outer loop
      vertex 9.63622 11.8036 48.6
      vertex 8.12508 -14.2518 48.6
      vertex 8.17442 -14.1861 48.9
    endloop
  endfacet
  facet normal -0.198906 -0.979997 0.0065273
    outer loop
      vertex 34.021 -19.4321 48.9
      vertex 8.17442 -14.1861 48.9
      vertex 34.0659 -19.4432 48.6
    endloop
  endfacet
  facet normal -0.19051 -0.951955 0.239765
    outer loop
      vertex 8.17442 -14.1861 48.9
      vertex 8.12508 -14.2518 48.6
      vertex 34.0659 -19.4432 48.6
    endloop
  endfacet
  facet normal 0.846557 -0.532279 0.00448093
    outer loop
      vertex 46.4098 0.27156 48.9
      vertex 34.021 -19.4321 48.9
      vertex 46.416 0.278899 48.6
    endloop
  endfacet
  facet normal 0.838595 -0.525135 0.144883
    outer loop
      vertex 46.416 0.278899 48.6
      vertex 34.021 -19.4321 48.9
      vertex 34.0659 -19.4432 48.6
    endloop
  endfacet
  facet normal 0.790796 0.611339 -0.0300901
    outer loop
      vertex 46.416 0.278899 48.6
      vertex 32.0633 18.8448 48.6
      vertex 32.0712 18.8494 48.9
    endloop
  endfacet
  facet normal 0.791247 0.610696 0.0312998
    outer loop
      vertex 46.416 0.278899 48.6
      vertex 32.0712 18.8494 48.9
      vertex 46.4098 0.27156 48.9
    endloop
  endfacet
  facet normal -0.299515 0.953995 0.0135635
    outer loop
      vertex 32.0633 18.8448 48.6
      vertex 9.63622 11.8036 48.6
      vertex 9.64579 11.8023 48.9
    endloop
  endfacet
  facet normal -0.299785 0.953982 -0.00693453
    outer loop
      vertex 32.0633 18.8448 48.6
      vertex 9.64579 11.8023 48.9
      vertex 32.0712 18.8494 48.9
    endloop
  endfacet
  facet normal -0.997965 0.0551164 0.0320767
    outer loop
      vertex 9.64579 11.8023 48.9
      vertex 8.22376 -14.1204 49.2
      vertex 9.65537 11.8011 49.2
    endloop
  endfacet
  facet normal -0.987089 0.0558857 0.150108
    outer loop
      vertex 9.64579 11.8023 48.9
      vertex 8.17442 -14.1861 48.9
      vertex 8.22376 -14.1204 49.2
    endloop
  endfacet
  facet normal -0.201598 -0.979449 0.00610442
    outer loop
      vertex 33.9762 -19.421 49.2
      vertex 8.22376 -14.1204 49.2
      vertex 34.021 -19.4321 48.9
    endloop
  endfacet
  facet normal -0.193093 -0.95136 0.240062
    outer loop
      vertex 8.22376 -14.1204 49.2
      vertex 8.17442 -14.1861 48.9
      vertex 34.021 -19.4321 48.9
    endloop
  endfacet
  facet normal 0.845583 -0.533826 0.004423
    outer loop
      vertex 46.4036 0.26422 49.2
      vertex 33.9762 -19.421 49.2
      vertex 46.4098 0.27156 48.9
    endloop
  endfacet
  facet normal 0.837644 -0.526674 0.144799
    outer loop
      vertex 46.4098 0.27156 48.9
      vertex 33.9762 -19.421 49.2
      vertex 34.021 -19.4321 48.9
    endloop
  endfacet
  facet normal 0.791276 0.610718 -0.0300834
    outer loop
      vertex 46.4098 0.27156 48.9
      vertex 32.0712 18.8494 48.9
      vertex 32.079 18.8541 49.2
    endloop
  endfacet
  facet normal 0.791726 0.610074 0.031295
    outer loop
      vertex 46.4098 0.27156 48.9
      vertex 32.079 18.8541 49.2
      vertex 46.4036 0.26422 49.2
    endloop
  endfacet
  facet normal -0.299765 0.953917 0.0135744
    outer loop
      vertex 32.0712 18.8494 48.9
      vertex 9.64579 11.8023 48.9
      vertex 9.65537 11.8011 49.2
    endloop
  endfacet
  facet normal -0.300035 0.953903 -0.00693071
    outer loop
      vertex 32.0712 18.8494 48.9
      vertex 9.65537 11.8011 49.2
      vertex 32.079 18.8541 49.2
    endloop
  endfacet
  facet normal -0.99804 0.0537282 0.0320731
    outer loop
      vertex 9.65537 11.8011 49.2
      vertex 8.2731 -14.0547 49.5
      vertex 9.66494 11.7998 49.5
    endloop
  endfacet
  facet normal -0.987119 0.0545174 0.150413
    outer loop
      vertex 9.65537 11.8011 49.2
      vertex 8.22376 -14.1204 49.2
      vertex 8.2731 -14.0547 49.5
    endloop
  endfacet
  facet normal -0.204305 -0.978891 0.00568139
    outer loop
      vertex 33.9313 -19.4098 49.5
      vertex 8.2731 -14.0547 49.5
      vertex 33.9762 -19.421 49.2
    endloop
  endfacet
  facet normal -0.195692 -0.950754 0.240357
    outer loop
      vertex 8.2731 -14.0547 49.5
      vertex 8.22376 -14.1204 49.2
      vertex 33.9762 -19.421 49.2
    endloop
  endfacet
  facet normal 0.844606 -0.53537 0.00436502
    outer loop
      vertex 46.3974 0.256881 49.5
      vertex 33.9313 -19.4098 49.5
      vertex 46.4036 0.26422 49.2
    endloop
  endfacet
  facet normal 0.836692 -0.528212 0.144703
    outer loop
      vertex 46.4036 0.26422 49.2
      vertex 33.9313 -19.4098 49.5
      vertex 33.9762 -19.421 49.2
    endloop
  endfacet
  facet normal 0.791755 0.610097 -0.0300863
    outer loop
      vertex 46.4036 0.26422 49.2
      vertex 32.079 18.8541 49.2
      vertex 32.0868 18.8587 49.5
    endloop
  endfacet
  facet normal 0.792205 0.609453 0.0312897
    outer loop
      vertex 46.4036 0.26422 49.2
      vertex 32.0868 18.8587 49.5
      vertex 46.3974 0.256881 49.5
    endloop
  endfacet
  facet normal -0.300014 0.953838 0.013579
    outer loop
      vertex 32.079 18.8541 49.2
      vertex 9.65537 11.8011 49.2
      vertex 9.66494 11.7998 49.5
    endloop
  endfacet
  facet normal -0.300285 0.953825 -0.00692298
    outer loop
      vertex 32.079 18.8541 49.2
      vertex 9.66494 11.7998 49.5
      vertex 32.0868 18.8587 49.5
    endloop
  endfacet
  facet normal -0.998115 0.0523325 0.032073
    outer loop
      vertex 9.66494 11.7998 49.5
      vertex 8.32244 -13.989 49.8
      vertex 9.67451 11.7986 49.8
    endloop
  endfacet
  facet normal -0.987147 0.0531418 0.150719
    outer loop
      vertex 9.66494 11.7998 49.5
      vertex 8.2731 -14.0547 49.5
      vertex 8.32244 -13.989 49.8
    endloop
  endfacet
  facet normal -0.207027 -0.978321 0.00525311
    outer loop
      vertex 33.8864 -19.3987 49.8
      vertex 8.32244 -13.989 49.8
      vertex 33.9313 -19.4098 49.5
    endloop
  endfacet
  facet normal -0.198304 -0.950139 0.240649
    outer loop
      vertex 8.32244 -13.989 49.8
      vertex 8.2731 -14.0547 49.5
      vertex 33.9313 -19.4098 49.5
    endloop
  endfacet
  facet normal 0.843627 -0.536912 0.00430706
    outer loop
      vertex 46.3912 0.249541 49.8
      vertex 33.8864 -19.3987 49.8
      vertex 46.3974 0.256881 49.5
    endloop
  endfacet
  facet normal 0.835736 -0.529747 0.144617
    outer loop
      vertex 46.3974 0.256881 49.5
      vertex 33.8864 -19.3987 49.8
      vertex 33.9313 -19.4098 49.5
    endloop
  endfacet
  facet normal 0.792234 0.609475 -0.0300891
    outer loop
      vertex 46.3974 0.256881 49.5
      vertex 32.0868 18.8587 49.5
      vertex 32.0946 18.8633 49.8
    endloop
  endfacet
  facet normal 0.792683 0.608831 0.0312843
    outer loop
      vertex 46.3974 0.256881 49.5
      vertex 32.0946 18.8633 49.8
      vertex 46.3912 0.249541 49.8
    endloop
  endfacet
  facet normal -0.300264 0.953759 0.0135906
    outer loop
      vertex 32.0868 18.8587 49.5
      vertex 9.66494 11.7998 49.5
      vertex 9.67451 11.7986 49.8
    endloop
  endfacet
  facet normal -0.300534 0.953746 -0.00691525
    outer loop
      vertex 32.0868 18.8587 49.5
      vertex 9.67451 11.7986 49.8
      vertex 32.0946 18.8633 49.8
    endloop
  endfacet
  facet normal -0.998187 0.0509292 0.0320661
    outer loop
      vertex 9.67451 11.7986 49.8
      vertex 8.37178 -13.9233 50.1
      vertex 9.68409 11.7973 50.1
    endloop
  endfacet
  facet normal -0.987174 0.0517589 0.151026
    outer loop
      vertex 9.67451 11.7986 49.8
      vertex 8.32244 -13.989 49.8
      vertex 8.37178 -13.9233 50.1
    endloop
  endfacet
  facet normal -0.209765 -0.97774 0.00481323
    outer loop
      vertex 33.8415 -19.3876 50.1
      vertex 8.37178 -13.9233 50.1
      vertex 33.8864 -19.3987 49.8
    endloop
  endfacet
  facet normal -0.200931 -0.949511 0.240947
    outer loop
      vertex 8.37178 -13.9233 50.1
      vertex 8.32244 -13.989 49.8
      vertex 33.8864 -19.3987 49.8
    endloop
  endfacet
  facet normal 0.842646 -0.538451 0.00424911
    outer loop
      vertex 46.385 0.242202 50.1
      vertex 33.8415 -19.3876 50.1
      vertex 46.3912 0.249541 49.8
    endloop
  endfacet
  facet normal 0.834777 -0.531279 0.144538
    outer loop
      vertex 46.3912 0.249541 49.8
      vertex 33.8415 -19.3876 50.1
      vertex 33.8864 -19.3987 49.8
    endloop
  endfacet
  facet normal 0.792712 0.608853 -0.0301059
    outer loop
      vertex 46.3912 0.249541 49.8
      vertex 32.0946 18.8633 49.8
      vertex 32.1025 18.868 50.1
    endloop
  endfacet
  facet normal 0.793161 0.608208 0.031279
    outer loop
      vertex 46.3912 0.249541 49.8
      vertex 32.1025 18.868 50.1
      vertex 46.385 0.242202 50.1
    endloop
  endfacet
  facet normal -0.300514 0.953681 0.0135942
    outer loop
      vertex 32.0946 18.8633 49.8
      vertex 9.67451 11.7986 49.8
      vertex 9.68409 11.7973 50.1
    endloop
  endfacet
  facet normal -0.300784 0.953667 -0.00690976
    outer loop
      vertex 32.0946 18.8633 49.8
      vertex 9.68409 11.7973 50.1
      vertex 32.1025 18.868 50.1
    endloop
  endfacet
  facet normal -0.998258 0.0495183 0.0320621
    outer loop
      vertex 9.68409 11.7973 50.1
      vertex 8.42112 -13.8577 50.4
      vertex 9.69366 11.796 50.4
    endloop
  endfacet
  facet normal -0.987199 0.0503686 0.151332
    outer loop
      vertex 9.68409 11.7973 50.1
      vertex 8.37178 -13.9233 50.1
      vertex 8.42112 -13.8577 50.4
    endloop
  endfacet
  facet normal -0.212518 -0.977147 0.00439186
    outer loop
      vertex 33.7967 -19.3765 50.4
      vertex 8.42112 -13.8577 50.4
      vertex 33.8415 -19.3876 50.1
    endloop
  endfacet
  facet normal -0.203572 -0.948874 0.241238
    outer loop
      vertex 8.42112 -13.8577 50.4
      vertex 8.37178 -13.9233 50.1
      vertex 33.8415 -19.3876 50.1
    endloop
  endfacet
  facet normal 0.841662 -0.539988 0.00418041
    outer loop
      vertex 46.3788 0.234862 50.4
      vertex 33.7967 -19.3765 50.4
      vertex 46.385 0.242202 50.1
    endloop
  endfacet
  facet normal 0.833815 -0.532808 0.144455
    outer loop
      vertex 46.385 0.242202 50.1
      vertex 33.7967 -19.3765 50.4
      vertex 33.8415 -19.3876 50.1
    endloop
  endfacet
  facet normal 0.79319 0.608231 -0.0300905
    outer loop
      vertex 46.385 0.242202 50.1
      vertex 32.1025 18.868 50.1
      vertex 32.1103 18.8726 50.4
    endloop
  endfacet
  facet normal 0.793638 0.607586 0.0312631
    outer loop
      vertex 46.385 0.242202 50.1
      vertex 32.1103 18.8726 50.4
      vertex 46.3788 0.234862 50.4
    endloop
  endfacet
  facet normal -0.300763 0.953602 0.0136047
    outer loop
      vertex 32.1025 18.868 50.1
      vertex 9.68409 11.7973 50.1
      vertex 9.69366 11.796 50.4
    endloop
  endfacet
  facet normal -0.301034 0.953589 -0.00689365
    outer loop
      vertex 32.1025 18.868 50.1
      vertex 9.69366 11.796 50.4
      vertex 32.1103 18.8726 50.4
    endloop
  endfacet
  facet normal -0.998328 0.0480998 0.0320587
    outer loop
      vertex 9.69366 11.796 50.4
      vertex 8.47046 -13.792 50.7
      vertex 9.70323 11.7948 50.7
    endloop
  endfacet
  facet normal -0.987222 0.0489709 0.151641
    outer loop
      vertex 9.69366 11.796 50.4
      vertex 8.42112 -13.8577 50.4
      vertex 8.47046 -13.792 50.7
    endloop
  endfacet
  facet normal -0.215286 -0.976543 0.00394575
    outer loop
      vertex 33.7518 -19.3654 50.7
      vertex 8.47046 -13.792 50.7
      vertex 33.7967 -19.3765 50.4
    endloop
  endfacet
  facet normal -0.206228 -0.948225 0.241535
    outer loop
      vertex 8.47046 -13.792 50.7
      vertex 8.42112 -13.8577 50.4
      vertex 33.7967 -19.3765 50.4
    endloop
  endfacet
  facet normal 0.840676 -0.541522 0.00413324
    outer loop
      vertex 46.3726 0.227523 50.7
      vertex 33.7518 -19.3654 50.7
      vertex 46.3788 0.234862 50.4
    endloop
  endfacet
  facet normal 0.832854 -0.534337 0.144353
    outer loop
      vertex 46.3788 0.234862 50.4
      vertex 33.7518 -19.3654 50.7
      vertex 33.7967 -19.3765 50.4
    endloop
  endfacet
  facet normal 0.793666 0.607608 -0.0301015
    outer loop
      vertex 46.3788 0.234862 50.4
      vertex 32.1103 18.8726 50.4
      vertex 32.1181 18.8773 50.7
    endloop
  endfacet
  facet normal 0.794115 0.606963 0.0312682
    outer loop
      vertex 46.3788 0.234862 50.4
      vertex 32.1181 18.8773 50.7
      vertex 46.3726 0.227523 50.7
    endloop
  endfacet
  facet normal -0.301013 0.953523 0.0136095
    outer loop
      vertex 32.1103 18.8726 50.4
      vertex 9.69366 11.796 50.4
      vertex 9.70323 11.7948 50.7
    endloop
  endfacet
  facet normal -0.301283 0.95351 -0.00689813
    outer loop
      vertex 32.1103 18.8726 50.4
      vertex 9.70323 11.7948 50.7
      vertex 32.1181 18.8773 50.7
    endloop
  endfacet
  facet normal -0.998396 0.0466734 0.032055
    outer loop
      vertex 9.70323 11.7948 50.7
      vertex 8.5198 -13.7263 51
      vertex 9.71281 11.7935 51
    endloop
  endfacet
  facet normal -0.987242 0.0475656 0.151955
    outer loop
      vertex 9.70323 11.7948 50.7
      vertex 8.47046 -13.792 50.7
      vertex 8.5198 -13.7263 51
    endloop
  endfacet
  facet normal -0.21807 -0.975927 0.00351899
    outer loop
      vertex 33.7069 -19.3543 51
      vertex 8.5198 -13.7263 51
      vertex 33.7518 -19.3654 50.7
    endloop
  endfacet
  facet normal -0.208898 -0.947566 0.241828
    outer loop
      vertex 8.5198 -13.7263 51
      vertex 8.47046 -13.792 50.7
      vertex 33.7518 -19.3654 50.7
    endloop
  endfacet
  facet normal 0.839688 -0.543054 0.00407532
    outer loop
      vertex 46.3664 0.220183 51
      vertex 33.7069 -19.3543 51
      vertex 46.3726 0.227523 50.7
    endloop
  endfacet
  facet normal 0.831888 -0.535862 0.144271
    outer loop
      vertex 46.3726 0.227523 50.7
      vertex 33.7069 -19.3543 51
      vertex 33.7518 -19.3654 50.7
    endloop
  endfacet
  facet normal 0.794143 0.606985 -0.0300965
    outer loop
      vertex 46.3726 0.227523 50.7
      vertex 32.1181 18.8773 50.7
      vertex 32.1259 18.8819 51
    endloop
  endfacet
  facet normal 0.794591 0.60634 0.0312628
    outer loop
      vertex 46.3726 0.227523 50.7
      vertex 32.1259 18.8819 51
      vertex 46.3664 0.220183 51
    endloop
  endfacet
  facet normal -0.301262 0.953444 0.0136202
    outer loop
      vertex 32.1181 18.8773 50.7
      vertex 9.70323 11.7948 50.7
      vertex 9.71281 11.7935 51
    endloop
  endfacet
  facet normal -0.301533 0.953431 -0.00687828
    outer loop
      vertex 32.1181 18.8773 50.7
      vertex 9.71281 11.7935 51
      vertex 32.1259 18.8819 51
    endloop
  endfacet
  facet normal -0.998462 0.0452393 0.0320509
    outer loop
      vertex 9.71281 11.7935 51
      vertex 8.56914 -13.6606 51.3
      vertex 9.72238 11.7923 51.3
    endloop
  endfacet
  facet normal -0.987261 0.0461529 0.152267
    outer loop
      vertex 9.71281 11.7935 51
      vertex 8.5198 -13.7263 51
      vertex 8.56914 -13.6606 51.3
    endloop
  endfacet
  facet normal -0.220869 -0.975299 0.00306181
    outer loop
      vertex 33.662 -19.3432 51.3
      vertex 8.56914 -13.6606 51.3
      vertex 33.7069 -19.3543 51
    endloop
  endfacet
  facet normal -0.211582 -0.946894 0.242125
    outer loop
      vertex 8.56914 -13.6606 51.3
      vertex 8.5198 -13.7263 51
      vertex 33.7069 -19.3543 51
    endloop
  endfacet
  facet normal 0.838697 -0.544584 0.00401742
    outer loop
      vertex 46.3602 0.212844 51.3
      vertex 33.662 -19.3432 51.3
      vertex 46.3664 0.220183 51
    endloop
  endfacet
  facet normal 0.83092 -0.537384 0.144187
    outer loop
      vertex 46.3664 0.220183 51
      vertex 33.662 -19.3432 51.3
      vertex 33.7069 -19.3543 51
    endloop
  endfacet
  facet normal 0.794619 0.606361 -0.0301171
    outer loop
      vertex 46.3664 0.220183 51
      vertex 32.1259 18.8819 51
      vertex 32.1338 18.8865 51.3
    endloop
  endfacet
  facet normal 0.795066 0.605716 0.0312574
    outer loop
      vertex 46.3664 0.220183 51
      vertex 32.1338 18.8865 51.3
      vertex 46.3602 0.212844 51.3
    endloop
  endfacet
  facet normal -0.301512 0.953365 0.0136248
    outer loop
      vertex 32.1259 18.8819 51
      vertex 9.71281 11.7935 51
      vertex 9.72238 11.7923 51.3
    endloop
  endfacet
  facet normal -0.301782 0.953352 -0.00687883
    outer loop
      vertex 32.1259 18.8819 51
      vertex 9.72238 11.7923 51.3
      vertex 32.1338 18.8865 51.3
    endloop
  endfacet
  facet normal -0.998526 0.0437973 0.0320471
    outer loop
      vertex 9.72238 11.7923 51.3
      vertex 8.61848 -13.5949 51.6
      vertex 9.73195 11.791 51.6
    endloop
  endfacet
  facet normal -0.987278 0.0447326 0.152581
    outer loop
      vertex 9.72238 11.7923 51.3
      vertex 8.56914 -13.6606 51.3
      vertex 8.61848 -13.5949 51.6
    endloop
  endfacet
  facet normal -0.223684 -0.974658 0.00262324
    outer loop
      vertex 33.6172 -19.3321 51.6
      vertex 8.61848 -13.5949 51.6
      vertex 33.662 -19.3432 51.3
    endloop
  endfacet
  facet normal -0.214282 -0.946211 0.24242
    outer loop
      vertex 8.61848 -13.5949 51.6
      vertex 8.56914 -13.6606 51.3
      vertex 33.662 -19.3432 51.3
    endloop
  endfacet
  facet normal 0.837704 -0.546111 0.00394888
    outer loop
      vertex 46.354 0.205504 51.6
      vertex 33.6172 -19.3321 51.6
      vertex 46.3602 0.212844 51.3
    endloop
  endfacet
  facet normal 0.82995 -0.538904 0.144101
    outer loop
      vertex 46.3602 0.212844 51.3
      vertex 33.6172 -19.3321 51.6
      vertex 33.662 -19.3432 51.3
    endloop
  endfacet
  facet normal 0.795095 0.605738 -0.0301059
    outer loop
      vertex 46.3602 0.212844 51.3
      vertex 32.1338 18.8865 51.3
      vertex 32.1416 18.8912 51.6
    endloop
  endfacet
  facet normal 0.795542 0.605093 0.0312419
    outer loop
      vertex 46.3602 0.212844 51.3
      vertex 32.1416 18.8912 51.6
      vertex 46.354 0.205504 51.6
    endloop
  endfacet
  facet normal -0.301762 0.953286 0.0136354
    outer loop
      vertex 32.1338 18.8865 51.3
      vertex 9.72238 11.7923 51.3
      vertex 9.73195 11.791 51.6
    endloop
  endfacet
  facet normal -0.302032 0.953273 -0.00686888
    outer loop
      vertex 32.1338 18.8865 51.3
      vertex 9.73195 11.791 51.6
      vertex 32.1416 18.8912 51.6
    endloop
  endfacet
  facet normal -0.998589 0.0423475 0.0320457
    outer loop
      vertex 9.73195 11.791 51.6
      vertex 8.66782 -13.5292 51.9
      vertex 9.74153 11.7897 51.9
    endloop
  endfacet
  facet normal -0.987293 0.0433046 0.152894
    outer loop
      vertex 9.73195 11.791 51.6
      vertex 8.61848 -13.5949 51.6
      vertex 8.66782 -13.5292 51.9
    endloop
  endfacet
  facet normal -0.226514 -0.974005 0.00217853
    outer loop
      vertex 33.5723 -19.321 51.9
      vertex 8.66782 -13.5292 51.9
      vertex 33.6172 -19.3321 51.6
    endloop
  endfacet
  facet normal -0.216996 -0.945518 0.242711
    outer loop
      vertex 8.66782 -13.5292 51.9
      vertex 8.61848 -13.5949 51.6
      vertex 33.6172 -19.3321 51.6
    endloop
  endfacet
  facet normal 0.836708 -0.547635 0.00390161
    outer loop
      vertex 46.3478 0.198165 51.9
      vertex 33.5723 -19.321 51.9
      vertex 46.354 0.205504 51.6
    endloop
  endfacet
  facet normal 0.828979 -0.540423 0.144
    outer loop
      vertex 46.354 0.205504 51.6
      vertex 33.5723 -19.321 51.9
      vertex 33.6172 -19.3321 51.6
    endloop
  endfacet
  facet normal 0.795569 0.605114 -0.0301083
    outer loop
      vertex 46.354 0.205504 51.6
      vertex 32.1416 18.8912 51.6
      vertex 32.1494 18.8958 51.9
    endloop
  endfacet
  facet normal 0.796016 0.604469 0.0312461
    outer loop
      vertex 46.354 0.205504 51.6
      vertex 32.1494 18.8958 51.9
      vertex 46.3478 0.198165 51.9
    endloop
  endfacet
  facet normal -0.302011 0.953207 0.0136439
    outer loop
      vertex 32.1416 18.8912 51.6
      vertex 9.73195 11.791 51.6
      vertex 9.74153 11.7897 51.9
    endloop
  endfacet
  facet normal -0.302282 0.953194 -0.00686106
    outer loop
      vertex 32.1416 18.8912 51.6
      vertex 9.74153 11.7897 51.9
      vertex 32.1494 18.8958 51.9
    endloop
  endfacet
  facet normal -0.99865 0.0408897 0.0320387
    outer loop
      vertex 9.74153 11.7897 51.9
      vertex 8.71716 -13.4635 52.2
      vertex 9.7511 11.7885 52.2
    endloop
  endfacet
  facet normal -0.987306 0.041869 0.153213
    outer loop
      vertex 9.74153 11.7897 51.9
      vertex 8.66782 -13.5292 51.9
      vertex 8.71716 -13.4635 52.2
    endloop
  endfacet
  facet normal -0.22936 -0.97334 0.00172531
    outer loop
      vertex 33.5274 -19.3099 52.2
      vertex 8.71716 -13.4635 52.2
      vertex 33.5723 -19.321 51.9
    endloop
  endfacet
  facet normal -0.219725 -0.944812 0.243006
    outer loop
      vertex 8.71716 -13.4635 52.2
      vertex 8.66782 -13.5292 51.9
      vertex 33.5723 -19.321 51.9
    endloop
  endfacet
  facet normal 0.835711 -0.549157 0.0038438
    outer loop
      vertex 46.3416 0.190825 52.2
      vertex 33.5274 -19.3099 52.2
      vertex 46.3478 0.198165 51.9
    endloop
  endfacet
  facet normal 0.828004 -0.541938 0.143922
    outer loop
      vertex 46.3478 0.198165 51.9
      vertex 33.5274 -19.3099 52.2
      vertex 33.5723 -19.321 51.9
    endloop
  endfacet
  facet normal 0.796043 0.604489 -0.0301215
    outer loop
      vertex 46.3478 0.198165 51.9
      vertex 32.1494 18.8958 51.9
      vertex 32.1572 18.9005 52.2
    endloop
  endfacet
  facet normal 0.79649 0.603844 0.031241
    outer loop
      vertex 46.3478 0.198165 51.9
      vertex 32.1572 18.9005 52.2
      vertex 46.3416 0.190825 52.2
    endloop
  endfacet
  facet normal -0.302261 0.953128 0.0136477
    outer loop
      vertex 32.1494 18.8958 51.9
      vertex 9.74153 11.7897 51.9
      vertex 9.7511 11.7885 52.2
    endloop
  endfacet
  facet normal -0.302531 0.953115 -0.00684957
    outer loop
      vertex 32.1494 18.8958 51.9
      vertex 9.7511 11.7885 52.2
      vertex 32.1572 18.9005 52.2
    endloop
  endfacet
  facet normal -0.998709 0.0394238 0.0320345
    outer loop
      vertex 9.7511 11.7885 52.2
      vertex 8.7665 -13.3979 52.5
      vertex 9.76067 11.7872 52.5
    endloop
  endfacet
  facet normal -0.987317 0.0404256 0.153531
    outer loop
      vertex 9.7511 11.7885 52.2
      vertex 8.71716 -13.4635 52.2
      vertex 8.7665 -13.3979 52.5
    endloop
  endfacet
  facet normal -0.232222 -0.972662 0.00127508
    outer loop
      vertex 33.4825 -19.2988 52.5
      vertex 8.7665 -13.3979 52.5
      vertex 33.5274 -19.3099 52.2
    endloop
  endfacet
  facet normal -0.222469 -0.944093 0.243302
    outer loop
      vertex 8.7665 -13.3979 52.5
      vertex 8.71716 -13.4635 52.2
      vertex 33.5274 -19.3099 52.2
    endloop
  endfacet
  facet normal 0.834711 -0.550676 0.00378596
    outer loop
      vertex 46.3354 0.183486 52.5
      vertex 33.4825 -19.2988 52.5
      vertex 46.3416 0.190825 52.2
    endloop
  endfacet
  facet normal 0.827028 -0.543451 0.143822
    outer loop
      vertex 46.3416 0.190825 52.2
      vertex 33.4825 -19.2988 52.5
      vertex 33.5274 -19.3099 52.2
    endloop
  endfacet
  facet normal 0.796518 0.603865 -0.0301141
    outer loop
      vertex 46.3416 0.190825 52.2
      vertex 32.1572 18.9005 52.2
      vertex 32.1651 18.9051 52.5
    endloop
  endfacet
  facet normal 0.796964 0.603219 0.0312355
    outer loop
      vertex 46.3416 0.190825 52.2
      vertex 32.1651 18.9051 52.5
      vertex 46.3354 0.183486 52.5
    endloop
  endfacet
  facet normal -0.30251 0.953048 0.0136583
    outer loop
      vertex 32.1572 18.9005 52.2
      vertex 9.7511 11.7885 52.2
      vertex 9.76067 11.7872 52.5
    endloop
  endfacet
  facet normal -0.302781 0.953036 -0.00684568
    outer loop
      vertex 32.1572 18.9005 52.2
      vertex 9.76067 11.7872 52.5
      vertex 32.1651 18.9051 52.5
    endloop
  endfacet
  facet normal -0.998766 0.0379499 0.03203
    outer loop
      vertex 9.76067 11.7872 52.5
      vertex 8.81584 -13.3322 52.8
      vertex 9.77025 11.786 52.8
    endloop
  endfacet
  facet normal -0.987325 0.0389744 0.15385
    outer loop
      vertex 9.76067 11.7872 52.5
      vertex 8.7665 -13.3979 52.5
      vertex 8.81584 -13.3322 52.8
    endloop
  endfacet
  facet normal -0.2351 -0.971971 0.000809899
    outer loop
      vertex 33.4377 -19.2877 52.8
      vertex 8.81584 -13.3322 52.8
      vertex 33.4825 -19.2988 52.5
    endloop
  endfacet
  facet normal -0.225227 -0.943363 0.243596
    outer loop
      vertex 8.81584 -13.3322 52.8
      vertex 8.7665 -13.3979 52.5
      vertex 33.4825 -19.2988 52.5
    endloop
  endfacet
  facet normal 0.833709 -0.552192 0.00372814
    outer loop
      vertex 46.3292 0.176147 52.8
      vertex 33.4377 -19.2877 52.8
      vertex 46.3354 0.183486 52.5
    endloop
  endfacet
  facet normal 0.826049 -0.544961 0.143738
    outer loop
      vertex 46.3354 0.183486 52.5
      vertex 33.4377 -19.2877 52.8
      vertex 33.4825 -19.2988 52.5
    endloop
  endfacet
  facet normal 0.796991 0.60324 -0.0301206
    outer loop
      vertex 46.3354 0.183486 52.5
      vertex 32.1651 18.9051 52.5
      vertex 32.1729 18.9098 52.8
    endloop
  endfacet
  facet normal 0.797437 0.602594 0.03123
    outer loop
      vertex 46.3354 0.183486 52.5
      vertex 32.1729 18.9098 52.8
      vertex 46.3292 0.176147 52.8
    endloop
  endfacet
  facet normal -0.302759 0.952969 0.0136629
    outer loop
      vertex 32.1651 18.9051 52.5
      vertex 9.76067 11.7872 52.5
      vertex 9.77025 11.786 52.8
    endloop
  endfacet
  facet normal -0.30303 0.952956 -0.00684401
    outer loop
      vertex 32.1651 18.9051 52.5
      vertex 9.77025 11.786 52.8
      vertex 32.1729 18.9098 52.8
    endloop
  endfacet
  facet normal -0.998822 0.0364679 0.0320257
    outer loop
      vertex 9.77025 11.786 52.8
      vertex 8.86518 -13.2665 53.1
      vertex 9.77982 11.7847 53.1
    endloop
  endfacet
  facet normal -0.987332 0.0375154 0.154167
    outer loop
      vertex 9.77025 11.786 52.8
      vertex 8.81584 -13.3322 52.8
      vertex 8.86518 -13.2665 53.1
    endloop
  endfacet
  facet normal -0.237993 -0.971267 0.000366419
    outer loop
      vertex 33.3928 -19.2766 53.1
      vertex 8.86518 -13.2665 53.1
      vertex 33.4377 -19.2877 52.8
    endloop
  endfacet
  facet normal -0.228001 -0.942621 0.243886
    outer loop
      vertex 8.86518 -13.2665 53.1
      vertex 8.81584 -13.3322 52.8
      vertex 33.4377 -19.2877 52.8
    endloop
  endfacet
  facet normal 0.832704 -0.553706 0.00367034
    outer loop
      vertex 46.323 0.168807 53.1
      vertex 33.3928 -19.2766 53.1
      vertex 46.3292 0.176147 52.8
    endloop
  endfacet
  facet normal 0.825068 -0.546469 0.143644
    outer loop
      vertex 46.3292 0.176147 52.8
      vertex 33.3928 -19.2766 53.1
      vertex 33.4377 -19.2877 52.8
    endloop
  endfacet
  facet normal 0.797464 0.602615 -0.0301257
    outer loop
      vertex 46.3292 0.176147 52.8
      vertex 32.1729 18.9098 52.8
      vertex 32.1807 18.9144 53.1
    endloop
  endfacet
  facet normal 0.797909 0.601969 0.0312245
    outer loop
      vertex 46.3292 0.176147 52.8
      vertex 32.1807 18.9144 53.1
      vertex 46.323 0.168807 53.1
    endloop
  endfacet
  facet normal -0.303009 0.95289 0.0136736
    outer loop
      vertex 32.1729 18.9098 52.8
      vertex 9.77025 11.786 52.8
      vertex 9.77982 11.7847 53.1
    endloop
  endfacet
  facet normal -0.303279 0.952877 -0.00682031
    outer loop
      vertex 32.1729 18.9098 52.8
      vertex 9.77982 11.7847 53.1
      vertex 32.1807 18.9144 53.1
    endloop
  endfacet
  facet normal -0.998875 0.0349777 0.0320206
    outer loop
      vertex 9.77982 11.7847 53.1
      vertex 8.91452 -13.2008 53.4
      vertex 9.78939 11.7834 53.4
    endloop
  endfacet
  facet normal -0.987336 0.0360486 0.15449
    outer loop
      vertex 9.77982 11.7847 53.1
      vertex 8.86518 -13.2665 53.1
      vertex 8.91452 -13.2008 53.4
    endloop
  endfacet
  facet normal -0.240902 -0.970549 -0.000110713
    outer loop
      vertex 33.3479 -19.2655 53.4
      vertex 8.91452 -13.2008 53.4
      vertex 33.3928 -19.2766 53.1
    endloop
  endfacet
  facet normal -0.230789 -0.941866 0.24418
    outer loop
      vertex 8.91452 -13.2008 53.4
      vertex 8.86518 -13.2665 53.1
      vertex 33.3928 -19.2766 53.1
    endloop
  endfacet
  facet normal 0.831697 -0.555218 0.00360192
    outer loop
      vertex 46.3168 0.161468 53.4
      vertex 33.3479 -19.2655 53.4
      vertex 46.323 0.168807 53.1
    endloop
  endfacet
  facet normal 0.824085 -0.547975 0.143554
    outer loop
      vertex 46.323 0.168807 53.1
      vertex 33.3479 -19.2655 53.4
      vertex 33.3928 -19.2766 53.1
    endloop
  endfacet
  facet normal 0.797936 0.601989 -0.0301255
    outer loop
      vertex 46.323 0.168807 53.1
      vertex 32.1807 18.9144 53.1
      vertex 32.1885 18.919 53.4
    endloop
  endfacet
  facet normal 0.798381 0.601343 0.0312084
    outer loop
      vertex 46.323 0.168807 53.1
      vertex 32.1885 18.919 53.4
      vertex 46.3168 0.161468 53.4
    endloop
  endfacet
  facet normal -0.303258 0.95281 0.013678
    outer loop
      vertex 32.1807 18.9144 53.1
      vertex 9.77982 11.7847 53.1
      vertex 9.78939 11.7834 53.4
    endloop
  endfacet
  facet normal -0.303529 0.952798 -0.00682846
    outer loop
      vertex 32.1807 18.9144 53.1
      vertex 9.78939 11.7834 53.4
      vertex 32.1885 18.919 53.4
    endloop
  endfacet
  facet normal -0.998926 0.0334792 0.0320165
    outer loop
      vertex 9.78939 11.7834 53.4
      vertex 8.96386 -13.1351 53.7
      vertex 9.79896 11.7822 53.7
    endloop
  endfacet
  facet normal -0.987338 0.0345737 0.154815
    outer loop
      vertex 9.78939 11.7834 53.4
      vertex 8.91452 -13.2008 53.4
      vertex 8.96386 -13.1351 53.7
    endloop
  endfacet
  facet normal -0.243827 -0.969818 -0.000559891
    outer loop
      vertex 33.303 -19.2544 53.7
      vertex 8.96386 -13.1351 53.7
      vertex 33.3479 -19.2655 53.4
    endloop
  endfacet
  facet normal -0.233592 -0.941098 0.244476
    outer loop
      vertex 8.96386 -13.1351 53.7
      vertex 8.91452 -13.2008 53.4
      vertex 33.3479 -19.2655 53.4
    endloop
  endfacet
  facet normal 0.830688 -0.556726 0.00355477
    outer loop
      vertex 46.3106 0.154128 53.7
      vertex 33.303 -19.2544 53.7
      vertex 46.3168 0.161468 53.4
    endloop
  endfacet
  facet normal 0.8231 -0.549478 0.143461
    outer loop
      vertex 46.3168 0.161468 53.4
      vertex 33.303 -19.2544 53.7
      vertex 33.3479 -19.2655 53.4
    endloop
  endfacet
  facet normal 0.798408 0.601363 -0.0301208
    outer loop
      vertex 46.3168 0.161468 53.4
      vertex 32.1885 18.919 53.4
      vertex 32.1964 18.9237 53.7
    endloop
  endfacet
  facet normal 0.798852 0.600717 0.0312134
    outer loop
      vertex 46.3168 0.161468 53.4
      vertex 32.1964 18.9237 53.7
      vertex 46.3106 0.154128 53.7
    endloop
  endfacet
  facet normal -0.303508 0.952731 0.0136888
    outer loop
      vertex 32.1885 18.919 53.4
      vertex 9.78939 11.7834 53.4
      vertex 9.79896 11.7822 53.7
    endloop
  endfacet
  facet normal -0.303778 0.952718 -0.0068087
    outer loop
      vertex 32.1885 18.919 53.4
      vertex 9.79896 11.7822 53.7
      vertex 32.1964 18.9237 53.7
    endloop
  endfacet
  facet normal -0.998976 0.0319724 0.0320148
    outer loop
      vertex 9.79896 11.7822 53.7
      vertex 9.0132 -13.0694 54
      vertex 9.80854 11.7809 54
    endloop
  endfacet
  facet normal -0.987338 0.0330908 0.15514
    outer loop
      vertex 9.79896 11.7822 53.7
      vertex 8.96386 -13.1351 53.7
      vertex 9.0132 -13.0694 54
    endloop
  endfacet
  facet normal -0.246769 -0.969074 -0.00104285
    outer loop
      vertex 33.2582 -19.2433 54
      vertex 9.0132 -13.0694 54
      vertex 33.303 -19.2544 53.7
    endloop
  endfacet
  facet normal -0.236411 -0.940318 0.244769
    outer loop
      vertex 9.0132 -13.0694 54
      vertex 8.96386 -13.1351 53.7
      vertex 33.303 -19.2544 53.7
    endloop
  endfacet
  facet normal 0.829677 -0.558232 0.00349702
    outer loop
      vertex 46.3044 0.146789 54
      vertex 33.2582 -19.2433 54
      vertex 46.3106 0.154128 53.7
    endloop
  endfacet
  facet normal 0.822112 -0.550978 0.143372
    outer loop
      vertex 46.3106 0.154128 53.7
      vertex 33.2582 -19.2433 54
      vertex 33.303 -19.2544 53.7
    endloop
  endfacet
  facet normal 0.798878 0.600737 -0.0301412
    outer loop
      vertex 46.3106 0.154128 53.7
      vertex 32.1964 18.9237 53.7
      vertex 32.2042 18.9283 54
    endloop
  endfacet
  facet normal 0.799323 0.600091 0.0312078
    outer loop
      vertex 46.3106 0.154128 53.7
      vertex 32.2042 18.9283 54
      vertex 46.3044 0.146789 54
    endloop
  endfacet
  facet normal -0.303757 0.952651 0.0136944
    outer loop
      vertex 32.1964 18.9237 53.7
      vertex 9.79896 11.7822 53.7
      vertex 9.80854 11.7809 54
    endloop
  endfacet
  facet normal -0.304028 0.952639 -0.00680921
    outer loop
      vertex 32.1964 18.9237 53.7
      vertex 9.80854 11.7809 54
      vertex 32.2042 18.9283 54
    endloop
  endfacet
  facet normal -0.999023 0.0304573 0.0320069
    outer loop
      vertex 9.80854 11.7809 54
      vertex 9.06254 -13.0037 54.3
      vertex 9.81811 11.7797 54.3
    endloop
  endfacet
  facet normal -0.987336 0.0315999 0.155466
    outer loop
      vertex 9.80854 11.7809 54
      vertex 9.0132 -13.0694 54
      vertex 9.06254 -13.0037 54.3
    endloop
  endfacet
  facet normal -0.249726 -0.968315 -0.00150394
    outer loop
      vertex 33.2133 -19.2321 54.3
      vertex 9.06254 -13.0037 54.3
      vertex 33.2582 -19.2433 54
    endloop
  endfacet
  facet normal -0.239244 -0.939526 0.245059
    outer loop
      vertex 9.06254 -13.0037 54.3
      vertex 9.0132 -13.0694 54
      vertex 33.2582 -19.2433 54
    endloop
  endfacet
  facet normal 0.828664 -0.559736 0.00343929
    outer loop
      vertex 46.2982 0.139449 54.3
      vertex 33.2133 -19.2321 54.3
      vertex 46.3044 0.146789 54
    endloop
  endfacet
  facet normal 0.821123 -0.552477 0.143273
    outer loop
      vertex 46.3044 0.146789 54
      vertex 33.2133 -19.2321 54.3
      vertex 33.2582 -19.2433 54
    endloop
  endfacet
  facet normal 0.79935 0.60011 -0.0301298
    outer loop
      vertex 46.3044 0.146789 54
      vertex 32.2042 18.9283 54
      vertex 32.212 18.933 54.3
    endloop
  endfacet
  facet normal 0.799793 0.599464 0.0312022
    outer loop
      vertex 46.3044 0.146789 54
      vertex 32.212 18.933 54.3
      vertex 46.2982 0.139449 54.3
    endloop
  endfacet
  facet normal -0.304006 0.952571 0.0137041
    outer loop
      vertex 32.2042 18.9283 54
      vertex 9.80854 11.7809 54
      vertex 9.81811 11.7797 54.3
    endloop
  endfacet
  facet normal -0.304277 0.952559 -0.00679929
    outer loop
      vertex 32.2042 18.9283 54
      vertex 9.81811 11.7797 54.3
      vertex 32.212 18.933 54.3
    endloop
  endfacet
  facet normal -0.999069 0.0289338 0.0320018
    outer loop
      vertex 9.81811 11.7797 54.3
      vertex 9.11188 -12.9381 54.6
      vertex 9.82768 11.7784 54.6
    endloop
  endfacet
  facet normal -0.987331 0.0301008 0.155794
    outer loop
      vertex 9.81811 11.7797 54.3
      vertex 9.06254 -13.0037 54.3
      vertex 9.11188 -12.9381 54.6
    endloop
  endfacet
  facet normal -0.252699 -0.967543 -0.00198047
    outer loop
      vertex 33.1684 -19.221 54.6
      vertex 9.11188 -12.9381 54.6
      vertex 33.2133 -19.2321 54.3
    endloop
  endfacet
  facet normal -0.242093 -0.938719 0.245353
    outer loop
      vertex 9.11188 -12.9381 54.6
      vertex 9.06254 -13.0037 54.3
      vertex 33.2133 -19.2321 54.3
    endloop
  endfacet
  facet normal 0.827649 -0.561237 0.00337105
    outer loop
      vertex 46.292 0.13211 54.6
      vertex 33.1684 -19.221 54.6
      vertex 46.2982 0.139449 54.3
    endloop
  endfacet
  facet normal 0.82013 -0.553971 0.14319
    outer loop
      vertex 46.2982 0.139449 54.3
      vertex 33.1684 -19.221 54.6
      vertex 33.2133 -19.2321 54.3
    endloop
  endfacet
  facet normal 0.79982 0.599484 -0.0301324
    outer loop
      vertex 46.2982 0.139449 54.3
      vertex 32.212 18.933 54.3
      vertex 32.2198 18.9376 54.6
    endloop
  endfacet
  facet normal 0.800263 0.598837 0.0311864
    outer loop
      vertex 46.2982 0.139449 54.3
      vertex 32.2198 18.9376 54.6
      vertex 46.292 0.13211 54.6
    endloop
  endfacet
  facet normal -0.304255 0.952492 0.0137087
    outer loop
      vertex 32.212 18.933 54.3
      vertex 9.81811 11.7797 54.3
      vertex 9.82768 11.7784 54.6
    endloop
  endfacet
  facet normal -0.304526 0.95248 -0.00679155
    outer loop
      vertex 32.212 18.933 54.3
      vertex 9.82768 11.7784 54.6
      vertex 32.2198 18.9376 54.6
    endloop
  endfacet
  facet normal -0.999112 0.0274017 0.0319964
    outer loop
      vertex 9.82768 11.7784 54.6
      vertex 9.16122 -12.8724 54.9
      vertex 9.83726 11.7771 54.9
    endloop
  endfacet
  facet normal -0.987324 0.0285936 0.15612
    outer loop
      vertex 9.82768 11.7784 54.6
      vertex 9.11188 -12.9381 54.6
      vertex 9.16122 -12.8724 54.9
    endloop
  endfacet
  facet normal -0.255688 -0.966756 -0.00245347
    outer loop
      vertex 33.1235 -19.2099 54.9
      vertex 9.16122 -12.8724 54.9
      vertex 33.1684 -19.221 54.6
    endloop
  endfacet
  facet normal -0.244957 -0.9379 0.245642
    outer loop
      vertex 9.16122 -12.8724 54.9
      vertex 9.11188 -12.9381 54.6
      vertex 33.1684 -19.221 54.6
    endloop
  endfacet
  facet normal 0.826631 -0.562735 0.00332385
    outer loop
      vertex 46.2858 0.12477 54.9
      vertex 33.1235 -19.2099 54.9
      vertex 46.292 0.13211 54.6
    endloop
  endfacet
  facet normal 0.819137 -0.555465 0.143085
    outer loop
      vertex 46.292 0.13211 54.6
      vertex 33.1235 -19.2099 54.9
      vertex 33.1684 -19.221 54.6
    endloop
  endfacet
  facet normal 0.800289 0.598856 -0.0301447
    outer loop
      vertex 46.292 0.13211 54.6
      vertex 32.2198 18.9376 54.6
      vertex 32.2277 18.9422 54.9
    endloop
  endfacet
  facet normal 0.800732 0.59821 0.0311905
    outer loop
      vertex 46.292 0.13211 54.6
      vertex 32.2277 18.9422 54.9
      vertex 46.2858 0.12477 54.9
    endloop
  endfacet
  facet normal -0.304505 0.952412 0.0137191
    outer loop
      vertex 32.2198 18.9376 54.6
      vertex 9.82768 11.7784 54.6
      vertex 9.83726 11.7771 54.9
    endloop
  endfacet
  facet normal -0.304776 0.9524 -0.00677986
    outer loop
      vertex 32.2198 18.9376 54.6
      vertex 9.83726 11.7771 54.9
      vertex 32.2277 18.9422 54.9
    endloop
  endfacet
  facet normal -0.999154 0.0258611 0.0319917
    outer loop
      vertex 9.83726 11.7771 54.9
      vertex 9.21056 -12.8067 55.2
      vertex 9.84683 11.7759 55.2
    endloop
  endfacet
  facet normal -0.987314 0.0270781 0.156453
    outer loop
      vertex 9.83726 11.7771 54.9
      vertex 9.16122 -12.8724 54.9
      vertex 9.21056 -12.8067 55.2
    endloop
  endfacet
  facet normal -0.258694 -0.965955 -0.00293599
    outer loop
      vertex 33.0787 -19.1988 55.2
      vertex 9.21056 -12.8067 55.2
      vertex 33.1235 -19.2099 54.9
    endloop
  endfacet
  facet normal -0.247836 -0.937066 0.245936
    outer loop
      vertex 9.21056 -12.8067 55.2
      vertex 9.16122 -12.8724 54.9
      vertex 33.1235 -19.2099 54.9
    endloop
  endfacet
  facet normal 0.825611 -0.56423 0.00326622
    outer loop
      vertex 46.2796 0.117431 55.2
      vertex 33.0787 -19.1988 55.2
      vertex 46.2858 0.12477 54.9
    endloop
  endfacet
  facet normal 0.81814 -0.556954 0.143003
    outer loop
      vertex 46.2858 0.12477 54.9
      vertex 33.0787 -19.1988 55.2
      vertex 33.1235 -19.2099 54.9
    endloop
  endfacet
  facet normal 0.800758 0.598229 -0.0301375
    outer loop
      vertex 46.2858 0.12477 54.9
      vertex 32.2277 18.9422 54.9
      vertex 32.2355 18.9469 55.2
    endloop
  endfacet
  facet normal 0.801201 0.597582 0.0311852
    outer loop
      vertex 46.2858 0.12477 54.9
      vertex 32.2355 18.9469 55.2
      vertex 46.2796 0.117431 55.2
    endloop
  endfacet
  facet normal -0.304754 0.952332 0.0137269
    outer loop
      vertex 32.2277 18.9422 54.9
      vertex 9.83726 11.7771 54.9
      vertex 9.84683 11.7759 55.2
    endloop
  endfacet
  facet normal -0.305025 0.95232 -0.00677608
    outer loop
      vertex 32.2277 18.9422 54.9
      vertex 9.84683 11.7759 55.2
      vertex 32.2355 18.9469 55.2
    endloop
  endfacet
  facet normal -0.999193 0.024312 0.0319864
    outer loop
      vertex 9.84683 11.7759 55.2
      vertex 9.2599 -12.741 55.5
      vertex 9.8564 11.7746 55.5
    endloop
  endfacet
  facet normal -0.987303 0.0255544 0.156781
    outer loop
      vertex 9.84683 11.7759 55.2
      vertex 9.21056 -12.8067 55.2
      vertex 9.2599 -12.741 55.5
    endloop
  endfacet
  facet normal -0.261715 -0.965139 -0.00342099
    outer loop
      vertex 33.0338 -19.1877 55.5
      vertex 9.2599 -12.741 55.5
      vertex 33.0787 -19.1988 55.2
    endloop
  endfacet
  facet normal -0.25073 -0.93622 0.246223
    outer loop
      vertex 9.2599 -12.741 55.5
      vertex 9.21056 -12.8067 55.2
      vertex 33.0787 -19.1988 55.2
    endloop
  endfacet
  facet normal 0.824589 -0.565723 0.00320857
    outer loop
      vertex 46.2734 0.110091 55.5
      vertex 33.0338 -19.1877 55.5
      vertex 46.2796 0.117431 55.2
    endloop
  endfacet
  facet normal 0.817143 -0.558443 0.142895
    outer loop
      vertex 46.2796 0.117431 55.2
      vertex 33.0338 -19.1877 55.5
      vertex 33.0787 -19.1988 55.2
    endloop
  endfacet
  facet normal 0.801227 0.597601 -0.0301438
    outer loop
      vertex 46.2796 0.117431 55.2
      vertex 32.2355 18.9469 55.2
      vertex 32.2433 18.9515 55.5
    endloop
  endfacet
  facet normal 0.801669 0.596954 0.0311796
    outer loop
      vertex 46.2796 0.117431 55.2
      vertex 32.2433 18.9515 55.5
      vertex 46.2734 0.110091 55.5
    endloop
  endfacet
  facet normal -0.305003 0.952252 0.0137315
    outer loop
      vertex 32.2355 18.9469 55.2
      vertex 9.84683 11.7759 55.2
      vertex 9.8564 11.7746 55.5
    endloop
  endfacet
  facet normal -0.305274 0.95224 -0.0067744
    outer loop
      vertex 32.2355 18.9469 55.2
      vertex 9.8564 11.7746 55.5
      vertex 32.2433 18.9515 55.5
    endloop
  endfacet
  facet normal -0.999229 0.0227542 0.0319811
    outer loop
      vertex 9.8564 11.7746 55.5
      vertex 9.30924 -12.6753 55.8
      vertex 9.86598 11.7733 55.8
    endloop
  endfacet
  facet normal -0.987288 0.0240223 0.157117
    outer loop
      vertex 9.8564 11.7746 55.5
      vertex 9.2599 -12.741 55.5
      vertex 9.30924 -12.6753 55.8
    endloop
  endfacet
  facet normal -0.264753 -0.964308 -0.00389721
    outer loop
      vertex 32.9889 -19.1766 55.8
      vertex 9.30924 -12.6753 55.8
      vertex 33.0338 -19.1877 55.5
    endloop
  endfacet
  facet normal -0.25364 -0.935359 0.246517
    outer loop
      vertex 9.30924 -12.6753 55.8
      vertex 9.2599 -12.741 55.5
      vertex 33.0338 -19.1877 55.5
    endloop
  endfacet
  facet normal 0.823565 -0.567213 0.00315095
    outer loop
      vertex 46.2672 0.102752 55.8
      vertex 32.9889 -19.1766 55.8
      vertex 46.2734 0.110091 55.5
    endloop
  endfacet
  facet normal 0.816141 -0.559926 0.142817
    outer loop
      vertex 46.2734 0.110091 55.5
      vertex 32.9889 -19.1766 55.8
      vertex 33.0338 -19.1877 55.5
    endloop
  endfacet
  facet normal 0.801694 0.596973 -0.0301489
    outer loop
      vertex 46.2734 0.110091 55.5
      vertex 32.2433 18.9515 55.5
      vertex 32.2511 18.9562 55.8
    endloop
  endfacet
  facet normal 0.802137 0.596326 0.0311739
    outer loop
      vertex 46.2734 0.110091 55.5
      vertex 32.2511 18.9562 55.8
      vertex 46.2672 0.102752 55.8
    endloop
  endfacet
  facet normal -0.305252 0.952172 0.0137421
    outer loop
      vertex 32.2433 18.9515 55.5
      vertex 9.8564 11.7746 55.5
      vertex 9.86598 11.7733 55.8
    endloop
  endfacet
  facet normal -0.305523 0.952161 -0.00675067
    outer loop
      vertex 32.2433 18.9515 55.5
      vertex 9.86598 11.7733 55.8
      vertex 32.2511 18.9562 55.8
    endloop
  endfacet
  facet normal -0.999264 0.0211876 0.0319787
    outer loop
      vertex 9.86598 11.7733 55.8
      vertex 9.35858 -12.6096 56.1
      vertex 9.87555 11.7721 56.1
    endloop
  endfacet
  facet normal -0.987271 0.0224818 0.157452
    outer loop
      vertex 9.86598 11.7733 55.8
      vertex 9.30924 -12.6753 55.8
      vertex 9.35858 -12.6096 56.1
    endloop
  endfacet
  facet normal -0.267807 -0.963463 -0.00439422
    outer loop
      vertex 32.944 -19.1655 56.1
      vertex 9.35858 -12.6096 56.1
      vertex 32.9889 -19.1766 55.8
    endloop
  endfacet
  facet normal -0.256565 -0.934484 0.246806
    outer loop
      vertex 9.35858 -12.6096 56.1
      vertex 9.30924 -12.6753 55.8
      vertex 32.9889 -19.1766 55.8
    endloop
  endfacet
  facet normal 0.822539 -0.5687 0.00309335
    outer loop
      vertex 46.261 0.0954123 56.1
      vertex 32.944 -19.1655 56.1
      vertex 46.2672 0.102752 55.8
    endloop
  endfacet
  facet normal 0.81514 -0.56141 0.142705
    outer loop
      vertex 46.2672 0.102752 55.8
      vertex 32.944 -19.1655 56.1
      vertex 32.9889 -19.1766 55.8
    endloop
  endfacet
  facet normal 0.802162 0.596345 -0.0301487
    outer loop
      vertex 46.2672 0.102752 55.8
      vertex 32.2511 18.9562 55.8
      vertex 32.259 18.9608 56.1
    endloop
  endfacet
  facet normal 0.802604 0.595698 0.0311681
    outer loop
      vertex 46.2672 0.102752 55.8
      vertex 32.259 18.9608 56.1
      vertex 46.261 0.0954123 56.1
    endloop
  endfacet
  facet normal -0.305501 0.952092 0.0137477
    outer loop
      vertex 32.2511 18.9562 55.8
      vertex 9.86598 11.7733 55.8
      vertex 9.87555 11.7721 56.1
    endloop
  endfacet
  facet normal -0.305773 0.952081 -0.00675893
    outer loop
      vertex 32.2511 18.9562 55.8
      vertex 9.87555 11.7721 56.1
      vertex 32.259 18.9608 56.1
    endloop
  endfacet
  facet normal -0.999296 0.0196123 0.0319696
    outer loop
      vertex 9.87555 11.7721 56.1
      vertex 9.40792 -12.5439 56.4
      vertex 9.88512 11.7708 56.4
    endloop
  endfacet
  facet normal -0.987251 0.0209329 0.157786
    outer loop
      vertex 9.87555 11.7721 56.1
      vertex 9.35858 -12.6096 56.1
      vertex 9.40792 -12.5439 56.4
    endloop
  endfacet
  facet normal -0.270877 -0.962601 -0.0048826
    outer loop
      vertex 32.8992 -19.1544 56.4
      vertex 9.40792 -12.5439 56.4
      vertex 32.944 -19.1655 56.1
    endloop
  endfacet
  facet normal -0.259505 -0.933596 0.247092
    outer loop
      vertex 9.40792 -12.5439 56.4
      vertex 9.35858 -12.6096 56.1
      vertex 32.944 -19.1655 56.1
    endloop
  endfacet
  facet normal 0.821511 -0.570185 0.00303573
    outer loop
      vertex 46.2548 0.0880728 56.4
      vertex 32.8992 -19.1544 56.4
      vertex 46.261 0.0954123 56.1
    endloop
  endfacet
  facet normal 0.814135 -0.562889 0.142622
    outer loop
      vertex 46.261 0.0954123 56.1
      vertex 32.8992 -19.1544 56.4
      vertex 32.944 -19.1655 56.1
    endloop
  endfacet
  facet normal 0.802629 0.595716 -0.030147
    outer loop
      vertex 46.261 0.0954123 56.1
      vertex 32.259 18.9608 56.1
      vertex 32.2668 18.9654 56.4
    endloop
  endfacet
  facet normal 0.80307 0.595069 0.031162
    outer loop
      vertex 46.261 0.0954123 56.1
      vertex 32.2668 18.9654 56.4
      vertex 46.2548 0.0880728 56.4
    endloop
  endfacet
  facet normal -0.305751 0.952012 0.0137572
    outer loop
      vertex 32.259 18.9608 56.1
      vertex 9.87555 11.7721 56.1
      vertex 9.88512 11.7708 56.4
    endloop
  endfacet
  facet normal -0.306022 0.952001 -0.00674505
    outer loop
      vertex 32.259 18.9608 56.1
      vertex 9.88512 11.7708 56.4
      vertex 32.2668 18.9654 56.4
    endloop
  endfacet
  facet normal -0.999326 0.0180281 0.0319642
    outer loop
      vertex 9.88512 11.7708 56.4
      vertex 9.45726 -12.4783 56.7
      vertex 9.8947 11.7696 56.7
    endloop
  endfacet
  facet normal -0.987229 0.0193755 0.158125
    outer loop
      vertex 9.88512 11.7708 56.4
      vertex 9.40792 -12.5439 56.4
      vertex 9.45726 -12.4783 56.7
    endloop
  endfacet
  facet normal -0.273964 -0.961725 -0.00537682
    outer loop
      vertex 32.8543 -19.1433 56.7
      vertex 9.45726 -12.4783 56.7
      vertex 32.8992 -19.1544 56.4
    endloop
  endfacet
  facet normal -0.262461 -0.932693 0.247381
    outer loop
      vertex 9.45726 -12.4783 56.7
      vertex 9.40792 -12.5439 56.4
      vertex 32.8992 -19.1544 56.4
    endloop
  endfacet
  facet normal 0.820481 -0.571667 0.00296777
    outer loop
      vertex 46.2486 0.0807333 56.7
      vertex 32.8543 -19.1433 56.7
      vertex 46.2548 0.0880728 56.4
    endloop
  endfacet
  facet normal 0.813128 -0.564366 0.142527
    outer loop
      vertex 46.2548 0.0880728 56.4
      vertex 32.8543 -19.1433 56.7
      vertex 32.8992 -19.1544 56.4
    endloop
  endfacet
  facet normal 0.803095 0.595087 -0.03016
    outer loop
      vertex 46.2548 0.0880728 56.4
      vertex 32.2668 18.9654 56.4
      vertex 32.2746 18.9701 56.7
    endloop
  endfacet
  facet normal 0.803537 0.59444 0.0311464
    outer loop
      vertex 46.2548 0.0880728 56.4
      vertex 32.2746 18.9701 56.7
      vertex 46.2486 0.0807333 56.7
    endloop
  endfacet
  facet normal -0.306 0.951932 0.013762
    outer loop
      vertex 32.2668 18.9654 56.4
      vertex 9.88512 11.7708 56.4
      vertex 9.8947 11.7696 56.7
    endloop
  endfacet
  facet normal -0.306271 0.951921 -0.00673351
    outer loop
      vertex 32.2668 18.9654 56.4
      vertex 9.8947 11.7696 56.7
      vertex 32.2746 18.9701 56.7
    endloop
  endfacet
  facet normal -0.999354 0.016435 0.0319585
    outer loop
      vertex 9.8947 11.7696 56.7
      vertex 9.5066 -12.4126 57
      vertex 9.90427 11.7683 57
    endloop
  endfacet
  facet normal -0.987204 0.0178094 0.158464
    outer loop
      vertex 9.8947 11.7696 56.7
      vertex 9.45726 -12.4783 56.7
      vertex 9.5066 -12.4126 57
    endloop
  endfacet
  facet normal -0.277067 -0.960833 -0.00587048
    outer loop
      vertex 32.8094 -19.1322 57
      vertex 9.5066 -12.4126 57
      vertex 32.8543 -19.1433 56.7
    endloop
  endfacet
  facet normal -0.265432 -0.931775 0.247672
    outer loop
      vertex 9.5066 -12.4126 57
      vertex 9.45726 -12.4783 56.7
      vertex 32.8543 -19.1433 56.7
    endloop
  endfacet
  facet normal 0.819448 -0.573146 0.00292068
    outer loop
      vertex 46.2424 0.0733938 57
      vertex 32.8094 -19.1322 57
      vertex 46.2486 0.0807333 56.7
    endloop
  endfacet
  facet normal 0.81212 -0.565842 0.142421
    outer loop
      vertex 46.2486 0.0807333 56.7
      vertex 32.8094 -19.1322 57
      vertex 32.8543 -19.1433 56.7
    endloop
  endfacet
  facet normal 0.803561 0.594458 -0.0301522
    outer loop
      vertex 46.2486 0.0807333 56.7
      vertex 32.2746 18.9701 56.7
      vertex 32.2824 18.9747 57
    endloop
  endfacet
  facet normal 0.804002 0.593811 0.0311509
    outer loop
      vertex 46.2486 0.0807333 56.7
      vertex 32.2824 18.9747 57
      vertex 46.2424 0.0733938 57
    endloop
  endfacet
  facet normal -0.306249 0.951852 0.0137726
    outer loop
      vertex 32.2746 18.9701 56.7
      vertex 9.8947 11.7696 56.7
      vertex 9.90427 11.7683 57
    endloop
  endfacet
  facet normal -0.30652 0.95184 -0.00672967
    outer loop
      vertex 32.2746 18.9701 56.7
      vertex 9.90427 11.7683 57
      vertex 32.2824 18.9747 57
    endloop
  endfacet
  facet normal -0.999379 0.0148329 0.0319525
    outer loop
      vertex 9.90427 11.7683 57
      vertex 9.55594 -12.3469 57.3
      vertex 9.91384 11.767 57.3
    endloop
  endfacet
  facet normal -0.987177 0.0162347 0.158804
    outer loop
      vertex 9.90427 11.7683 57
      vertex 9.5066 -12.4126 57
      vertex 9.55594 -12.3469 57.3
    endloop
  endfacet
  facet normal -0.280186 -0.959925 -0.00637066
    outer loop
      vertex 32.7645 -19.1211 57.3
      vertex 9.55594 -12.3469 57.3
      vertex 32.8094 -19.1322 57
    endloop
  endfacet
  facet normal -0.268419 -0.930843 0.247959
    outer loop
      vertex 9.55594 -12.3469 57.3
      vertex 9.5066 -12.4126 57
      vertex 32.8094 -19.1322 57
    endloop
  endfacet
  facet normal 0.818414 -0.574622 0.00286317
    outer loop
      vertex 46.2362 0.0660543 57.3
      vertex 32.7645 -19.1211 57.3
      vertex 46.2424 0.0733938 57
    endloop
  endfacet
  facet normal 0.81111 -0.567313 0.142324
    outer loop
      vertex 46.2424 0.0733938 57
      vertex 32.7645 -19.1211 57.3
      vertex 32.8094 -19.1322 57
    endloop
  endfacet
  facet normal 0.804026 0.593829 -0.0301546
    outer loop
      vertex 46.2424 0.0733938 57
      vertex 32.2824 18.9747 57
      vertex 32.2903 18.9794 57.3
    endloop
  endfacet
  facet normal 0.804467 0.593181 0.0311451
    outer loop
      vertex 46.2424 0.0733938 57
      vertex 32.2903 18.9794 57.3
      vertex 46.2362 0.0660543 57.3
    endloop
  endfacet
  facet normal -0.306498 0.951772 0.0137772
    outer loop
      vertex 32.2824 18.9747 57
      vertex 9.90427 11.7683 57
      vertex 9.91384 11.767 57.3
    endloop
  endfacet
  facet normal -0.306769 0.95176 -0.00672193
    outer loop
      vertex 32.2824 18.9747 57
      vertex 9.91384 11.767 57.3
      vertex 32.2903 18.9794 57.3
    endloop
  endfacet
  facet normal -0.999402 0.0132218 0.0319465
    outer loop
      vertex 9.91384 11.767 57.3
      vertex 9.60528 -12.2812 57.6
      vertex 9.92342 11.7658 57.6
    endloop
  endfacet
  facet normal -0.987146 0.0146514 0.159146
    outer loop
      vertex 9.91384 11.767 57.3
      vertex 9.55594 -12.3469 57.3
      vertex 9.60528 -12.2812 57.6
    endloop
  endfacet
  facet normal -0.283322 -0.959 -0.00687749
    outer loop
      vertex 32.7197 -19.11 57.6
      vertex 9.60528 -12.2812 57.6
      vertex 32.7645 -19.1211 57.3
    endloop
  endfacet
  facet normal -0.271421 -0.929896 0.248242
    outer loop
      vertex 9.60528 -12.2812 57.6
      vertex 9.55594 -12.3469 57.3
      vertex 32.7645 -19.1211 57.3
    endloop
  endfacet
  facet normal 0.817378 -0.576096 0.00280569
    outer loop
      vertex 46.23 0.0587149 57.6
      vertex 32.7197 -19.11 57.6
      vertex 46.2362 0.0660543 57.3
    endloop
  endfacet
  facet normal 0.810096 -0.568782 0.142237
    outer loop
      vertex 46.2362 0.0660543 57.3
      vertex 32.7197 -19.11 57.6
      vertex 32.7645 -19.1211 57.3
    endloop
  endfacet
  facet normal 0.804491 0.593199 -0.0301672
    outer loop
      vertex 46.2362 0.0660543 57.3
      vertex 32.2903 18.9794 57.3
      vertex 32.2981 18.984 57.6
    endloop
  endfacet
  facet normal 0.804931 0.592551 0.0311393
    outer loop
      vertex 46.2362 0.0660543 57.3
      vertex 32.2981 18.984 57.6
      vertex 46.23 0.0587149 57.6
    endloop
  endfacet
  facet normal -0.306747 0.951691 0.0137878
    outer loop
      vertex 32.2903 18.9794 57.3
      vertex 9.91384 11.767 57.3
      vertex 9.92342 11.7658 57.6
    endloop
  endfacet
  facet normal -0.307018 0.95168 -0.00671029
    outer loop
      vertex 32.2903 18.9794 57.3
      vertex 9.92342 11.7658 57.6
      vertex 32.2981 18.984 57.6
    endloop
  endfacet
  facet normal -0.999422 0.0116017 0.0319399
    outer loop
      vertex 9.92342 11.7658 57.6
      vertex 9.65462 -12.2155 57.9
      vertex 9.93299 11.7645 57.9
    endloop
  endfacet
  facet normal -0.987114 0.0130593 0.159484
    outer loop
      vertex 9.92342 11.7658 57.6
      vertex 9.60528 -12.2812 57.6
      vertex 9.65462 -12.2155 57.9
    endloop
  endfacet
  facet normal -0.286474 -0.95806 -0.00738373
    outer loop
      vertex 32.6748 -19.0989 57.9
      vertex 9.65462 -12.2155 57.9
      vertex 32.7197 -19.11 57.6
    endloop
  endfacet
  facet normal -0.274439 -0.928934 0.248527
    outer loop
      vertex 9.65462 -12.2155 57.9
      vertex 9.60528 -12.2812 57.6
      vertex 32.7197 -19.11 57.6
    endloop
  endfacet
  facet normal 0.816339 -0.577567 0.00273782
    outer loop
      vertex 46.2238 0.0513754 57.9
      vertex 32.6748 -19.0989 57.9
      vertex 46.23 0.0587149 57.6
    endloop
  endfacet
  facet normal 0.809082 -0.570249 0.142138
    outer loop
      vertex 46.23 0.0587149 57.6
      vertex 32.6748 -19.0989 57.9
      vertex 32.7197 -19.11 57.6
    endloop
  endfacet
  facet normal 0.804955 0.592569 -0.030159
    outer loop
      vertex 46.23 0.0587149 57.6
      vertex 32.2981 18.984 57.6
      vertex 32.3059 18.9886 57.9
    endloop
  endfacet
  facet normal 0.805395 0.591921 0.0311228
    outer loop
      vertex 46.23 0.0587149 57.6
      vertex 32.3059 18.9886 57.9
      vertex 46.2238 0.0513754 57.9
    endloop
  endfacet
  facet normal -0.306996 0.951611 0.0137922
    outer loop
      vertex 32.2981 18.984 57.6
      vertex 9.92342 11.7658 57.6
      vertex 9.93299 11.7645 57.9
    endloop
  endfacet
  facet normal -0.307267 0.9516 -0.00670637
    outer loop
      vertex 32.2981 18.984 57.6
      vertex 9.93299 11.7645 57.9
      vertex 32.3059 18.9886 57.9
    endloop
  endfacet
  facet normal -0.99944 0.00997232 0.0319372
    outer loop
      vertex 9.93299 11.7645 57.9
      vertex 9.70396 -12.1498 58.2
      vertex 9.94256 11.7633 58.2
    endloop
  endfacet
  facet normal -0.987077 0.0114584 0.159834
    outer loop
      vertex 9.93299 11.7645 57.9
      vertex 9.65462 -12.2155 57.9
      vertex 9.70396 -12.1498 58.2
    endloop
  endfacet
  facet normal -0.289642 -0.957102 -0.00789563
    outer loop
      vertex 32.6299 -19.0878 58.2
      vertex 9.70396 -12.1498 58.2
      vertex 32.6748 -19.0989 57.9
    endloop
  endfacet
  facet normal -0.277472 -0.927955 0.248815
    outer loop
      vertex 9.70396 -12.1498 58.2
      vertex 9.65462 -12.2155 57.9
      vertex 32.6748 -19.0989 57.9
    endloop
  endfacet
  facet normal 0.815299 -0.579034 0.00269081
    outer loop
      vertex 46.2176 0.0440359 58.2
      vertex 32.6299 -19.0878 58.2
      vertex 46.2238 0.0513754 57.9
    endloop
  endfacet
  facet normal 0.808066 -0.571714 0.142028
    outer loop
      vertex 46.2238 0.0513754 57.9
      vertex 32.6299 -19.0878 58.2
      vertex 32.6748 -19.0989 57.9
    endloop
  endfacet
  facet normal 0.805419 0.591938 -0.0301655
    outer loop
      vertex 46.2238 0.0513754 57.9
      vertex 32.3059 18.9886 57.9
      vertex 32.3137 18.9933 58.2
    endloop
  endfacet
  facet normal 0.805858 0.59129 0.0311276
    outer loop
      vertex 46.2238 0.0513754 57.9
      vertex 32.3137 18.9933 58.2
      vertex 46.2176 0.0440359 58.2
    endloop
  endfacet
  facet normal -0.307245 0.95153 0.013804
    outer loop
      vertex 32.3059 18.9886 57.9
      vertex 9.93299 11.7645 57.9
      vertex 9.94256 11.7633 58.2
    endloop
  endfacet
  facet normal -0.307516 0.951519 -0.00670476
    outer loop
      vertex 32.3059 18.9886 57.9
      vertex 9.94256 11.7633 58.2
      vertex 32.3137 18.9933 58.2
    endloop
  endfacet
  facet normal -0.999455 0.00833372 0.0319277
    outer loop
      vertex 9.94256 11.7633 58.2
      vertex 9.7533 -12.0841 58.5
      vertex 9.95214 11.762 58.5
    endloop
  endfacet
  facet normal -0.987039 0.00984858 0.16018
    outer loop
      vertex 9.94256 11.7633 58.2
      vertex 9.70396 -12.1498 58.2
      vertex 9.7533 -12.0841 58.5
    endloop
  endfacet
  facet normal -0.292827 -0.956129 -0.00839589
    outer loop
      vertex 32.5851 -19.0767 58.5
      vertex 9.7533 -12.0841 58.5
      vertex 32.6299 -19.0878 58.2
    endloop
  endfacet
  facet normal -0.280521 -0.926962 0.249099
    outer loop
      vertex 9.7533 -12.0841 58.5
      vertex 9.70396 -12.1498 58.2
      vertex 32.6299 -19.0878 58.2
    endloop
  endfacet
  facet normal 0.814256 -0.5805 0.00263341
    outer loop
      vertex 46.2113 0.0366964 58.5
      vertex 32.5851 -19.0767 58.5
      vertex 46.2176 0.0440359 58.2
    endloop
  endfacet
  facet normal 0.807047 -0.573174 0.141937
    outer loop
      vertex 46.2176 0.0440359 58.2
      vertex 32.5851 -19.0767 58.5
      vertex 32.6299 -19.0878 58.2
    endloop
  endfacet
  facet normal 0.805882 0.591308 -0.0301603
    outer loop
      vertex 46.2176 0.0440359 58.2
      vertex 32.3137 18.9933 58.2
      vertex 32.3216 18.9979 58.5
    endloop
  endfacet
  facet normal 0.806321 0.590659 0.0311217
    outer loop
      vertex 46.2176 0.0440359 58.2
      vertex 32.3216 18.9979 58.5
      vertex 46.2113 0.0366964 58.5
    endloop
  endfacet
  facet normal -0.307494 0.95145 0.0138106
    outer loop
      vertex 32.3137 18.9933 58.2
      vertex 9.94256 11.7633 58.2
      vertex 9.95214 11.762 58.5
    endloop
  endfacet
  facet normal -0.307765 0.951439 -0.00668493
    outer loop
      vertex 32.3137 18.9933 58.2
      vertex 9.95214 11.762 58.5
      vertex 32.3216 18.9979 58.5
    endloop
  endfacet
  facet normal -0.999468 0.00668582 0.0319211
    outer loop
      vertex 9.95214 11.762 58.5
      vertex 9.80264 -12.0184 58.8
      vertex 9.96171 11.7607 58.8
    endloop
  endfacet
  facet normal -0.986997 0.00822984 0.160527
    outer loop
      vertex 9.95214 11.762 58.5
      vertex 9.7533 -12.0841 58.5
      vertex 9.80264 -12.0184 58.8
    endloop
  endfacet
  facet normal -0.296028 -0.955137 -0.00892734
    outer loop
      vertex 32.5402 -19.0656 58.8
      vertex 9.80264 -12.0184 58.8
      vertex 32.5851 -19.0767 58.5
    endloop
  endfacet
  facet normal -0.283585 -0.925953 0.249379
    outer loop
      vertex 9.80264 -12.0184 58.8
      vertex 9.7533 -12.0841 58.5
      vertex 32.5851 -19.0767 58.5
    endloop
  endfacet
  facet normal 0.813212 -0.581962 0.00257604
    outer loop
      vertex 46.2051 0.029357 58.8
      vertex 32.5402 -19.0656 58.8
      vertex 46.2113 0.0366964 58.5
    endloop
  endfacet
  facet normal 0.806026 -0.574632 0.141842
    outer loop
      vertex 46.2113 0.0366964 58.5
      vertex 32.5402 -19.0656 58.8
      vertex 32.5851 -19.0767 58.5
    endloop
  endfacet
  facet normal 0.806344 0.590677 -0.0301803
    outer loop
      vertex 46.2113 0.0366964 58.5
      vertex 32.3216 18.9979 58.5
      vertex 32.3294 19.0026 58.8
    endloop
  endfacet
  facet normal 0.806783 0.590028 0.0311158
    outer loop
      vertex 46.2113 0.0366964 58.5
      vertex 32.3294 19.0026 58.8
      vertex 46.2051 0.029357 58.8
    endloop
  endfacet
  facet normal -0.307743 0.951369 0.0138152
    outer loop
      vertex 32.3216 18.9979 58.5
      vertex 9.95214 11.762 58.5
      vertex 9.96171 11.7607 58.8
    endloop
  endfacet
  facet normal -0.308014 0.951358 -0.00668537
    outer loop
      vertex 32.3216 18.9979 58.5
      vertex 9.96171 11.7607 58.8
      vertex 32.3294 19.0026 58.8
    endloop
  endfacet
  facet normal -0.999478 0.00502856 0.0319145
    outer loop
      vertex 9.96171 11.7607 58.8
      vertex 9.85198 -11.9528 59.1
      vertex 9.97128 11.7595 59.1
    endloop
  endfacet
  facet normal -0.986952 0.0066021 0.160876
    outer loop
      vertex 9.96171 11.7607 58.8
      vertex 9.80264 -12.0184 58.8
      vertex 9.85198 -11.9528 59.1
    endloop
  endfacet
  facet normal -0.299246 -0.954129 -0.00943993
    outer loop
      vertex 32.4953 -19.0544 59.1
      vertex 9.85198 -11.9528 59.1
      vertex 32.5402 -19.0656 58.8
    endloop
  endfacet
  facet normal -0.286665 -0.924927 0.249664
    outer loop
      vertex 9.85198 -11.9528 59.1
      vertex 9.80264 -12.0184 58.8
      vertex 32.5402 -19.0656 58.8
    endloop
  endfacet
  facet normal 0.812165 -0.583422 0.00251869
    outer loop
      vertex 46.1989 0.0220175 59.1
      vertex 32.4953 -19.0544 59.1
      vertex 46.2051 0.029357 58.8
    endloop
  endfacet
  facet normal 0.805004 -0.576088 0.141746
    outer loop
      vertex 46.2051 0.029357 58.8
      vertex 32.4953 -19.0544 59.1
      vertex 32.5402 -19.0656 58.8
    endloop
  endfacet
  facet normal 0.806806 0.590045 -0.0301686
    outer loop
      vertex 46.2051 0.029357 58.8
      vertex 32.3294 19.0026 58.8
      vertex 32.3372 19.0072 59.1
    endloop
  endfacet
  facet normal 0.807244 0.589397 0.0311099
    outer loop
      vertex 46.2051 0.029357 58.8
      vertex 32.3372 19.0072 59.1
      vertex 46.1989 0.0220175 59.1
    endloop
  endfacet
  facet normal -0.307992 0.951289 0.0138259
    outer loop
      vertex 32.3294 19.0026 58.8
      vertex 9.96171 11.7607 58.8
      vertex 9.97128 11.7595 59.1
    endloop
  endfacet
  facet normal -0.308263 0.951278 -0.00667549
    outer loop
      vertex 32.3294 19.0026 58.8
      vertex 9.97128 11.7595 59.1
      vertex 32.3372 19.0072 59.1
    endloop
  endfacet
  facet normal -0.999485 0.00336188 0.0319073
    outer loop
      vertex 9.97128 11.7595 59.1
      vertex 9.90132 -11.8871 59.4
      vertex 9.98085 11.7582 59.4
    endloop
  endfacet
  facet normal -0.986905 0.00496531 0.161225
    outer loop
      vertex 9.97128 11.7595 59.1
      vertex 9.85198 -11.9528 59.1
      vertex 9.90132 -11.8871 59.4
    endloop
  endfacet
  facet normal -0.30248 -0.953104 -0.00995773
    outer loop
      vertex 32.4504 -19.0433 59.4
      vertex 9.90132 -11.8871 59.4
      vertex 32.4953 -19.0544 59.1
    endloop
  endfacet
  facet normal -0.289761 -0.923887 0.249943
    outer loop
      vertex 9.90132 -11.8871 59.4
      vertex 9.85198 -11.9528 59.1
      vertex 32.4953 -19.0544 59.1
    endloop
  endfacet
  facet normal 0.811117 -0.584879 0.00246135
    outer loop
      vertex 46.1927 0.014678 59.4
      vertex 32.4504 -19.0433 59.4
      vertex 46.1989 0.0220175 59.1
    endloop
  endfacet
  facet normal 0.803981 -0.577542 0.141635
    outer loop
      vertex 46.1989 0.0220175 59.1
      vertex 32.4504 -19.0433 59.4
      vertex 32.4953 -19.0544 59.1
    endloop
  endfacet
  facet normal 0.807268 0.589414 -0.0301705
    outer loop
      vertex 46.1989 0.0220175 59.1
      vertex 32.3372 19.0072 59.1
      vertex 32.345 19.0118 59.4
    endloop
  endfacet
  facet normal 0.807705 0.588765 0.0311036
    outer loop
      vertex 46.1989 0.0220175 59.1
      vertex 32.345 19.0118 59.4
      vertex 46.1927 0.014678 59.4
    endloop
  endfacet
  facet normal -0.308241 0.951208 0.0138303
    outer loop
      vertex 32.3372 19.0072 59.1
      vertex 9.97128 11.7595 59.1
      vertex 9.98085 11.7582 59.4
    endloop
  endfacet
  facet normal -0.308512 0.951197 -0.00666767
    outer loop
      vertex 32.3372 19.0072 59.1
      vertex 9.98085 11.7582 59.4
      vertex 32.345 19.0118 59.4
    endloop
  endfacet
  facet normal -0.99949 0.0016857 0.0319008
    outer loop
      vertex 9.98085 11.7582 59.4
      vertex 9.95066 -11.8214 59.7
      vertex 9.99043 11.757 59.7
    endloop
  endfacet
  facet normal -0.986854 0.00331939 0.161579
    outer loop
      vertex 9.98085 11.7582 59.4
      vertex 9.90132 -11.8871 59.4
      vertex 9.95066 -11.8214 59.7
    endloop
  endfacet
  facet normal -0.305731 -0.95206 -0.0104827
    outer loop
      vertex 32.4056 -19.0322 59.7
      vertex 9.95066 -11.8214 59.7
      vertex 32.4504 -19.0433 59.4
    endloop
  endfacet
  facet normal -0.292872 -0.922829 0.250226
    outer loop
      vertex 9.95066 -11.8214 59.7
      vertex 9.90132 -11.8871 59.4
      vertex 32.4504 -19.0433 59.4
    endloop
  endfacet
  facet normal 0.810067 -0.586333 0.00239379
    outer loop
      vertex 46.1865 0.00733852 59.7
      vertex 32.4056 -19.0322 59.7
      vertex 46.1927 0.014678 59.4
    endloop
  endfacet
  facet normal 0.802954 -0.578992 0.141537
    outer loop
      vertex 46.1927 0.014678 59.4
      vertex 32.4056 -19.0322 59.7
      vertex 32.4504 -19.0433 59.4
    endloop
  endfacet
  facet normal 0.807728 0.588782 -0.0301731
    outer loop
      vertex 46.1927 0.014678 59.4
      vertex 32.345 19.0118 59.4
      vertex 32.3529 19.0165 59.7
    endloop
  endfacet
  facet normal 0.808166 0.588134 0.0310878
    outer loop
      vertex 46.1927 0.014678 59.4
      vertex 32.3529 19.0165 59.7
      vertex 46.1865 0.00733852 59.7
    endloop
  endfacet
  facet normal -0.30849 0.951127 0.0138411
    outer loop
      vertex 32.345 19.0118 59.4
      vertex 9.98085 11.7582 59.4
      vertex 9.99043 11.757 59.7
    endloop
  endfacet
  facet normal -0.308761 0.951116 -0.00666001
    outer loop
      vertex 32.345 19.0118 59.4
      vertex 9.99043 11.757 59.7
      vertex 32.3529 19.0165 59.7
    endloop
  endfacet
  facet normal -0.999491 0 0.0318938
    outer loop
      vertex 10 11.7557 60
      vertex 9.99043 11.757 59.7
      vertex 10 -11.7557 60
    endloop
  endfacet
  facet normal -0.986801 0.0016643 0.16193
    outer loop
      vertex 9.99043 11.757 59.7
      vertex 9.95066 -11.8214 59.7
      vertex 10 -11.7557 60
    endloop
  endfacet
  facet normal -0.308998 -0.950999 -0.0110146
    outer loop
      vertex 32.3607 -19.0211 60
      vertex 10 -11.7557 60
      vertex 32.4056 -19.0322 59.7
    endloop
  endfacet
  facet normal -0.296 -0.921756 0.250501
    outer loop
      vertex 10 -11.7557 60
      vertex 9.95066 -11.8214 59.7
      vertex 32.4056 -19.0322 59.7
    endloop
  endfacet
  facet normal 0.809015 -0.587784 0.0023487
    outer loop
      vertex 46.1803 0 60
      vertex 32.3607 -19.0211 60
      vertex 46.1865 0.00733852 59.7
    endloop
  endfacet
  facet normal 0.801925 -0.580439 0.141447
    outer loop
      vertex 46.1865 0.00733852 59.7
      vertex 32.3607 -19.0211 60
      vertex 32.4056 -19.0322 59.7
    endloop
  endfacet
  facet normal 0.808188 0.58815 -0.0301856
    outer loop
      vertex 46.1865 0.00733852 59.7
      vertex 32.3529 19.0165 59.7
      vertex 32.3607 19.0211 60
    endloop
  endfacet
  facet normal 0.808626 0.587501 0.0310903
    outer loop
      vertex 46.1865 0.00733852 59.7
      vertex 32.3607 19.0211 60
      vertex 46.1803 0 60
    endloop
  endfacet
  facet normal -0.308739 0.951046 0.0138456
    outer loop
      vertex 32.3529 19.0165 59.7
      vertex 9.99043 11.757 59.7
      vertex 10 11.7557 60
    endloop
  endfacet
  facet normal -0.30901 0.951036 -0.00664835
    outer loop
      vertex 32.3529 19.0165 59.7
      vertex 10 11.7557 60
      vertex 32.3607 19.0211 60
    endloop
  endfacet
  facet normal 0 0 1
    outer loop
      vertex 32.3607 19.0211 60
      vertex 32.3607 -19.0211 60
      vertex 46.1803 0 60
    endloop
  endfacet
  facet normal -0 0 1
    outer loop
      vertex 10 11.7557 60
      vertex 32.3607 -19.0211 60
      vertex 32.3607 19.0211 60
    endloop
  endfacet
  facet normal 0 0 1
    outer loop
      vertex 32.3607 -19.0211 60
      vertex 10 11.7557 60
      vertex 10 -11.7557 60
    endloop
  endfacet
endsolid OpenSCAD_Model
