v -1.341064433e-07 11.75570011 60
vn 0.1286197752 0.07501079887 0.9888530374
v -1.341064433e-07 -11.75570011 60
vn 0.257509023 -0.1743064076 0.9504243135
v -40.72299957 11.75570011 60
vn -0.1310425997 0.07641519606 0.988427341
v -40.72299957 -11.75570011 60
vn -0.2535029054 -0.09593188763 0.9625660181
v -20.36149979 -23.51140213 60
vn -0.05750869587 -0.3313120008 0.9417670369
v -20.36149979 23.51140213 60
vn 0.004195174202 0.2694954872 0.9629924893
v -40.67670059 -11.75660038 59.70000076
vn -0.8523380756 -0.4958376586 -0.1663273871
v -0.04933930933 -11.82139969 59.70000076
vn 0.8679056764 -0.4966593385 -0.008318495005
v -20.2071991 -23.45949936 59.70000076
vn -0.0001968820579 -0.9941136837 -0.1083417237
v -40.71889877 11.74699974 59.70000076
vn -0.8656787872 0.4988701046 -0.04157931358
v -0.009572838433 11.75699997 59.70000076
vn 0.8656647801 0.4984079897 -0.04705238715
v -20.05290031 -23.40769958 59.40000153
vn -0.001781687257 -0.9940406084 -0.1089961156
v -20.36779976 23.51790047 59.70000076
vn -0.0003267358406 0.9999825954 0.005893219728
v -0.09867946804 -11.88710022 59.40000153
vn 0.8693341613 -0.4941407442 -0.009112757631
v -40.63050079 -11.75749969 59.40000153
vn -0.8504502177 -0.4992242754 -0.1658600569
v -40.71480179 11.73830032 59.40000153
vn -0.8662862778 0.497823894 -0.04146618024
v -0.1480199546 -11.9527998 59.09999847
vn 0.8707635999 -0.4916033149 -0.0098471893
v -0.01914587058 11.75819969 59.40000153
vn 0.8665567636 0.4968512952 -0.0470976308
v -20.37420082 23.52440262 59.40000153
vn -0.0005709301331 0.9999821782 0.005944853183
v -19.89870071 -23.35580063 59.09999847
vn -0.003373648971 -0.9939518571 -0.1097649485
v -40.58430099 -11.75839996 59.09999847
vn -0.8485276699 -0.5025845766 -0.1655583084
v -20.38059998 23.53089714 59.09999847
vn -0.0008161609294 0.999982357 0.005888465792
v -40.71070099 11.72960091 59.09999847
vn -0.8668892384 0.49677369 -0.04146077484
v -0.02871890366 11.75949955 59.09999847
vn 0.8674449921 0.4952974916 -0.04711214826
v -0.1973601282 -12.01840019 58.79999924
vn 0.8721953034 -0.4890448749 -0.01050967071
v -19.74440002 -23.30390167 58.79999924
vn -0.004972870462 -0.9938713908 -0.1104309037
v -0.0382919386 11.76070023 58.79999924
vn 0.8683304787 0.4937455058 -0.04709063098
v -40.5381012 -11.75930023 58.79999924
vn -0.8465846181 -0.5059304237 -0.1653146148
v -40.70660019 11.72089863 58.79999924
vn -0.8674901128 0.4957226217 -0.04147282243
v -20.38689995 23.53739929 58.79999924
vn -0.001060737413 0.999981761 0.005948255304
v -0.246699959 -12.08409977 58.5
vn 0.8736279011 -0.4864649773 -0.01123217773
v -40.70249939 11.71220016 58.5
vn -0.8680923581 0.4946710765 -0.04142718017
v -19.59009933 -23.25209999 58.5
vn -0.006581926253 -0.9937960505 -0.1110227853
v -40.4919014 -11.76010036 58.5
vn -0.8446375132 -0.5092670918 -0.1650288403
v -0.04786496982 11.76200104 58.5
vn 0.8692107201 0.4921950698 -0.04708249122
v -20.3932991 23.54389763 58.5
vn -0.001307072234 0.9999808073 0.006057602819
v -40.4455986 -11.76099968 58.20000076
vn -0.8426871896 -0.5125957131 -0.164693296
v -0.2960411012 -12.1498003 58.20009995
vn 0.8750600219 -0.4838659465 -0.01198663283
v -19.43580055 -23.20019913 58.20000076
vn -0.008226511069 -0.9937000275 -0.1117699742
v -40.69839859 11.70349979 58.20000076
vn -0.8686923981 0.493614614 -0.04145080596
v -0.05743800104 11.76329994 58.20000076
vn 0.8700723052 0.4906719923 -0.04706608504
v -19.28160286 -23.14830017 57.90000153
vn -0.009819354862 -0.9936106205 -0.1124346405
v -20.39960098 23.55049896 58.20000076
vn -0.00155275478 0.9999807477 0.006004061084
v -0.3453809321 -12.21549988 57.90010071
vn 0.8764929175 -0.4812476933 -0.01268160995
v -40.3993988 -11.76189995 57.90000153
vn -0.8407441974 -0.5159230828 -0.164233312
v -40.69430161 11.69480038 57.90000153
vn -0.8692945838 0.4925581217 -0.04139335081
v -0.3947201073 -12.28120136 57.60010147
vn 0.8779277205 -0.4786067009 -0.01336212177
v -0.06701169163 11.76449966 57.90000153
vn 0.8709545732 0.4890949726 -0.04716133699
v -20.40599823 23.55699921 57.90000153
vn -0.001797794248 0.9999806881 0.005947099999
v -19.12730217 -23.09639931 57.59999847
vn -0.01144817937 -0.9935288429 -0.1130019203
v -40.35319901 -11.76280022 57.59999847
vn -0.8387663364 -0.5192278624 -0.1639310718
v -20.41230011 23.56349945 57.59999847
vn -0.002043018583 0.9999802113 0.005946889985
v -40.69020081 11.68610096 57.59999847
vn -0.8698944449 0.4915010333 -0.04135708883
v -0.07658472657 11.76580048 57.59999847
vn 0.8718218207 0.487549454 -0.04714010656
v -0.4440599382 -12.34689903 57.30009842
vn 0.8793616891 -0.4759439826 -0.01415563747
v -18.97300148 -23.04459953 57.29999924
vn -0.01308353059 -0.9934313297 -0.1136793122
v -0.08615775406 11.76700115 57.29999924
vn 0.8726835251 0.4860009551 -0.04718596861
v -40.30699921 -11.76369953 57.29999924
vn -0.8367932439 -0.5225243568 -0.1635401845
v -40.68610001 11.67749977 57.29999924
vn -0.8704941869 0.4904417694 -0.041312363
v -20.41869926 23.56999969 57.29999924
vn -0.002286758972 0.9999797344 0.005946469493
v -0.4934010804 -12.41259956 57.00009918
vn 0.8807957768 -0.4732609689 -0.01492729411
v -40.68199921 11.66880035 57
vn -0.8710941672 0.4893804193 -0.04125251621
v -18.81870079 -22.99270058 57
vn -0.01472925115 -0.993314445 -0.1144965515
v -40.26079941 -11.7645998 57
vn -0.8347893953 -0.5258000493 -0.1632818431
v -0.09573078901 11.76830006 57
vn 0.8735415936 0.4844611287 -0.04714386165
v -20.42509842 23.57649994 57
vn -0.00253392919 0.9999789 0.005980136804
v -40.21450043 -11.76550007 56.70000076
vn -0.8327736855 -0.5290647149 -0.1630291641
v -0.542740941 -12.47830009 56.70009995
vn 0.8822305202 -0.4705577493 -0.01564277895
v -18.66449928 -22.94079971 56.70000076
vn -0.01638141647 -0.993219018 -0.1150985286
v -40.6780014 11.66009998 56.70000076
vn -0.8716883659 0.4883145094 -0.04133233055
v -0.1053041518 11.76959991 56.70000076
vn 0.8743934631 0.4829185307 -0.04717840999
v -18.5102005 -22.88899994 56.40000153
vn -0.01804324053 -0.9931114912 -0.1157756075
v -20.4314003 23.58300018 56.70000076
vn -0.002780454699 0.9999787807 0.005890562199
v -0.5920810699 -12.54390049 56.40010071
vn 0.8836647868 -0.4678311944 -0.01644662023
v -40.16830063 -11.7663002 56.40000153
vn -0.830780983 -0.5323297977 -0.1625668705
v -40.6739006 11.65139961 56.40000153
vn -0.87228477 0.487249434 -0.04131935537
v -0.6414209008 -12.60960007 56.10010147
vn 0.8851003647 -0.4650841057 -0.01714991964
v -0.1148768589 11.77079964 56.40000153
vn 0.8752398491 0.4813787341 -0.04721979797
v -20.43779945 23.58950043 56.40000153
vn -0.003026317805 0.9999777079 0.005948012229
v -18.35589981 -22.83709908 56.09999847
vn -0.01970689185 -0.9929922819 -0.1165244505
v -40.12210083 -11.76720047 56.09999847
vn -0.8287577629 -0.5355780125 -0.1622243673
v -20.44409943 23.59600067 56.09999847
vn -0.003273177892 0.9999772906 0.005889868364
v -40.6697998 11.6427002 56.09999847
vn -0.8728788495 0.4861829579 -0.04133627191
v -0.1244498864 11.7721014 56.09999847
vn 0.8760840297 0.4798425734 -0.04720049724
v -0.690762043 -12.67529964 55.80009842
vn 0.8865339756 -0.462315619 -0.01793993823
v -18.20159912 -22.78520012 55.79999924
vn -0.02138002962 -0.9928767681 -0.1172118783
v -0.1340239048 11.77330017 55.79999924
vn 0.8769234419 0.4783024192 -0.04724461585
v -40.07590103 -11.76809978 55.79999924
vn -0.8267278671 -0.5388104916 -0.1618774235
v -40.66569901 11.63399982 55.79999924
vn -0.8734750748 0.4851149917 -0.04128853977
v -20.45050049 23.60250092 55.79999924
vn -0.003519371618 0.9999761581 0.005943480879
v -0.7401018739 -12.74100113 55.50009918
vn 0.887969017 -0.4595259428 -0.01862698607
v -40.66159821 11.62530041 55.5
vn -0.874067843 0.4840447009 -0.04130497202
v -18.04739952 -22.73329926 55.5
vn -0.02306495979 -0.9927662611 -0.117826581
v -40.02970123 -11.76900005 55.5
vn -0.824680686 -0.5420256257 -0.1615858078
v -0.1435969323 11.77460003 55.5
vn 0.8777616024 0.476769805 -0.04717132449
v -20.45680046 23.60899734 55.5
vn -0.003767385148 0.9999752641 0.005943493918
v -39.98339844 -11.76990032 55.20000076
vn -0.8226348162 -0.5452370048 -0.161209777
v -0.7894410491 -12.8066988 55.20019913
vn 0.8894023299 -0.4567115903 -0.01944348402
v -17.89310074 -22.68149948 55.20000076
vn -0.02478391863 -0.9926445484 -0.1185014844
v -40.65750122 11.61660004 55.20000076
vn -0.8746610284 0.482970804 -0.0413190648
v -0.1531699747 11.77589989 55.20000076
vn 0.8785721064 0.4752651751 -0.0472660102
v -17.73880005 -22.62960052 54.90000153
vn -0.0264530126 -0.99250561 -0.1193014607
v -20.46319962 23.6154995 55.20000076
vn -0.004014733247 0.9999746084 0.005891037174
v -0.83878088 -12.87240028 54.90019989
vn 0.8908352256 -0.4538764656 -0.02021882497
v -39.93719864 -11.77079964 54.90000153
vn -0.8205833435 -0.548433423 -0.160822317
v -40.65340042 11.60789967 54.90000153
vn -0.8752567768 0.4818969667 -0.04124162719
v -0.8881220222 -12.93809986 54.60020065
vn 0.8922669888 -0.4510182142 -0.02102725953
v -0.1627430022 11.77709961 54.90000153
vn 0.8794137239 0.4737050235 -0.04727588221
v -20.46960068 23.62199783 54.90000153
vn -0.004261432681 0.9999725819 0.006057629827
v -17.58449936 -22.57769966 54.59999847
vn -0.02815807983 -0.9923798442 -0.1199556813
v -39.89099884 -11.77169991 54.59999847
vn -0.8185063601 -0.5516150594 -0.1605246663
v -20.47590065 23.62859917 54.59999847
vn -0.004509933759 0.999971509 0.006056850776
v -40.64929962 11.59920025 54.59999847
vn -0.8758497834 0.4808218777 -0.04120072722
v -0.1723160446 11.77840042 54.59999847
vn 0.880241394 0.4721781909 -0.04714681953
v -0.937461853 -13.00370026 54.30020142
vn 0.8936977983 -0.4481382072 -0.02182633989
v -17.43029976 -22.52589989 54.29999924
vn -0.02987217344 -0.9922462106 -0.1206447929
v -0.1818890721 11.77970028 54.29999924
vn 0.8810529113 0.4706469476 -0.04729876295
v -39.84479904 -11.77250004 54.29999924
vn -0.8164439797 -0.5547902584 -0.160084188
v -40.64519882 11.59049988 54.29999924
vn -0.876439929 0.4797445238 -0.04120919481
v -20.4822998 23.63509941 54.29999924
vn -0.004757796414 0.9999713302 0.005890335888
v -0.9868020415 -13.06939983 54.00019836
vn 0.895129025 -0.445235759 -0.0225650426
v -40.64110184 11.58180046 54
vn -0.8770287633 0.4786659479 -0.04122407734
v -17.27599907 -22.47400093 54
vn -0.03159048408 -0.9920950532 -0.1214471906
v -39.79859924 -11.77340031 54
vn -0.8143451214 -0.5579361916 -0.159841314
v -0.1914620996 11.7809 54
vn 0.8818682432 0.4691200256 -0.04727396742
v -20.48859978 23.64159966 54
vn -0.005004985724 0.9999697804 0.005945707671
v -39.75230026 -11.77429962 53.70000076
vn -0.812259376 -0.5610888004 -0.1594177783
v -1.036139846 -13.13510036 53.70019913
vn 0.8965582848 -0.4423096478 -0.02335427888
v -17.12170029 -22.42210007 53.70000076
vn -0.03332036361 -0.9919548631 -0.1221282184
v -40.63700104 11.57310009 53.70000076
vn -0.8776215315 0.4775852561 -0.04114303738
v -0.2010351419 11.78219986 53.70000076
vn 0.8826741576 0.4675976038 -0.04731622711
v -16.9673996 -22.3701992 53.40000153
vn -0.03505934775 -0.9918208122 -0.1227286458
v -20.49500084 23.6480999 53.70000076
vn -0.005253172945 0.999968648 0.005922339857
v -1.085480094 -13.2008009 53.40019989
vn 0.8979861736 -0.4393612742 -0.02413598821
v -39.70610046 -11.77519989 53.40000153
vn -0.8101630211 -0.5642216206 -0.1590277851
v -40.63299942 11.56439972 53.40000153
vn -0.8782116175 0.4765034616 -0.04109451175
v -1.134819865 -13.26650047 53.10020065
vn 0.8994119167 -0.4363889992 -0.02495685406
v -0.2106081694 11.78339958 53.40000153
vn 0.8834809065 0.4660739303 -0.04729280248
v -20.50130081 23.65460014 53.40000153
vn -0.005500687286 0.9999671578 0.005946980789
v -16.8132 -22.31839943 53.09999847
vn -0.03680345044 -0.9916688204 -0.1234441698
v -39.65990067 -11.77610016 53.09999847
vn -0.8080645204 -0.5673494339 -0.1585759521
v -20.50769997 23.66110039 53.09999847
vn -0.005750034004 0.9999657869 0.005946142599
v -40.62889862 11.5557003 53.09999847
vn -0.8787974715 0.4754181206 -0.04114087299
v -0.2201808691 11.78470039 53.09999847
vn 0.8842803836 0.4645562172 -0.04728369415
v -1.184160113 -13.33220005 52.80020142
vn 0.9008364677 -0.433393389 -0.02576399036
v -16.65889931 -22.26650047 52.79999924
vn -0.03855480626 -0.9914980531 -0.124278307
v -0.2297539115 11.78600025 52.79999924
vn 0.8850743175 0.4630355537 -0.04734482244
v -39.61370087 -11.77700043 52.79999924
vn -0.8059366345 -0.5704440475 -0.158302784
v -40.62480164 11.54699993 52.79999924
vn -0.8793851733 0.4743316472 -0.04112418741
v -20.51409912 23.66760063 52.79999924
vn -0.00599871669 0.9999646544 0.005889604799
v -1.233499885 -13.39789963 52.50030136
vn 0.9022592902 -0.4303739965 -0.02657907642
v -40.62070084 11.53830051 52.5
vn -0.8799700141 0.4732439518 -0.04114572331
v -16.50460052 -22.21459961 52.5
vn -0.04034385458 -0.9913455248 -0.1249258444
v -39.56750107 -11.77789974 52.5
vn -0.8037999272 -0.5735277534 -0.1580242217
v -0.239326939 11.78719997 52.5
vn 0.8858522773 0.4615472853 -0.047327362
v -20.520401 23.67410088 52.5
vn -0.006246750243 0.9999628663 0.005941495299
v -39.52119827 -11.77880001 52.20000076
vn -0.8016660213 -0.5766067505 -0.157658726
v -1.282840014 -13.46350002 52.20029831
vn 0.9036784768 -0.4273303151 -0.02745882981
v -16.35029984 -22.16279984 52.20000076
vn -0.04208306968 -0.9911730289 -0.125717923
v -40.61660004 11.52960014 52.20000076
vn -0.8805571795 0.472153753 -0.04110840708
v -0.2488999665 11.78849888 52.20000076
vn 0.8866530657 0.4600029588 -0.04736710712
v -16.19610023 -22.11090088 51.90000153
vn -0.04386278987 -0.9910031557 -0.1264469326
v -20.52679825 23.68059921 52.20000076
vn -0.006494940724 0.999961257 0.005944508128
v -1.332179904 -13.5291996 51.90029907
vn 0.9050980806 -0.4242660403 -0.02820917219
v -39.47499847 -11.77960014 51.90000153
vn -0.7995362282 -0.5796723962 -0.1572313607
v -40.61249924 11.52099991 51.90000153
vn -0.8811428547 0.4710640013 -0.04106026515
v -1.381520033 -13.59490013 51.60029984
vn 0.9065146446 -0.4211747944 -0.02903418429
v -0.2584730089 11.78969955 51.90000153
vn 0.8874371052 0.4584911764 -0.04734166712
v -20.53310013 23.68710136 51.90000153
vn -0.006741671823 0.9999595881 0.005944522563
v -16.04179955 -22.05900002 51.59999847
vn -0.04564669728 -0.9908283353 -0.1271835119
v -39.42879868 -11.78050041 51.59999847
vn -0.7973915339 -0.5827290416 -0.1568234116
v -20.53949928 23.6935997 51.59999847
vn -0.0069918558 0.9999578595 0.005946343299
v -40.60839844 11.51229954 51.59999847
vn -0.8817262053 0.4699712694 -0.04105966166
v -0.2680470347 11.79100037 51.59999847
vn 0.8882157207 0.4569820166 -0.04733194038
v -1.430860162 -13.66060066 51.3003006
vn 0.9079299569 -0.4180600047 -0.02981706709
v -15.88749981 -22.00709915 51.29999924
vn -0.04744075984 -0.990663588 -0.1278084517
v -0.2776200473 11.79230022 51.29999924
vn 0.8889904618 0.4554701746 -0.04735857993
v -39.38259888 -11.78139973 51.29999924
vn -0.7952365279 -0.5857663155 -0.1564504057
v -40.60430145 11.50360012 51.29999924
vn -0.8823080063 0.4688768983 -0.04107372835
v -20.54579926 23.70010185 51.29999924
vn -0.007241365034 0.999956429 0.005888223182
v -1.480200052 -13.72630024 51.00030136
vn 0.9093390107 -0.4149201512 -0.03072142974
v -40.60020065 11.49489975 51
vn -0.8828915358 0.4677813053 -0.04102710262
v -15.73320103 -21.95529938 51
vn -0.04924245179 -0.9904775023 -0.1285669506
v -39.33639908 -11.7823 51
vn -0.7930714488 -0.5887873769 -0.1560994834
v -0.2871930897 11.79349995 51
vn 0.889759481 0.4539617598 -0.04740062356
v -20.55220032 23.70660019 51
vn -0.007490218151 0.9999536276 0.006053354125
v -39.2901001 -11.78320026 50.70000076
vn -0.7908974886 -0.591793716 -0.1557607055
v -1.529539824 -13.79199982 50.70029831
vn 0.9107474685 -0.4117581844 -0.03153205663
v -15.57900143 -21.90340042 50.70000076
vn -0.0510497205 -0.9902790189 -0.1293884218
v -40.59609985 11.48619938 50.70000076
vn -0.8834741116 0.4666806459 -0.04101980478
v -0.2967661321 11.7947998 50.70000076
vn 0.8905279636 0.45245713 -0.04735473171
v -15.42470074 -21.85149956 50.40000153
vn -0.05287119746 -0.9900999665 -0.1300258785
v -20.55859947 23.71319962 50.70000076
vn -0.007740084082 0.9999520779 0.005998811685
v -1.578880072 -13.8577013 50.40029907
vn 0.9121525288 -0.408569634 -0.03238273412
v -39.2439003 -11.78409958 50.40000153
vn -0.7887376547 -0.5947995782 -0.1552623361
v -40.59199905 11.47749996 50.40000153
vn -0.8840578198 0.4655821621 -0.04092724621
v -1.628219843 -13.92329979 50.10029984
vn 0.9135537148 -0.4053548276 -0.03327231854
v -0.3063391447 11.79599857 50.40000153
vn 0.8912892938 0.4509526491 -0.04738273099
v -20.56489944 23.71969986 50.40000153
vn -0.007989285514 0.9999502301 0.005979682319
v -15.27040005 -21.79969978 50.09999847
vn -0.05469471961 -0.9898886681 -0.1308773458
v -39.1977005 -11.78499985 50.09999847
vn -0.7865442038 -0.5977797508 -0.1549438536
v -20.57130051 23.7262001 50.09999847
vn -0.008240309544 0.9999483824 0.005944131874
v -40.58800125 11.46879959 50.09999847
vn -0.8846390247 0.4644815326 -0.0408741571
v -0.3159118593 11.79730034 50.09999847
vn 0.892046392 0.4494536221 -0.04737764969
v -1.677559972 -13.98900032 49.8003006
vn 0.914952457 -0.4021179378 -0.03410495073
v -15.11610031 -21.74780083 49.79999924
vn -0.05652924627 -0.9896867275 -0.1316230893
v -0.3254849017 11.79859924 49.79999924
vn 0.8927999139 0.4479525685 -0.04740096256
v -39.1515007 -11.78579998 49.79999924
vn -0.7843471766 -0.6007416248 -0.1546254307
v -40.58390045 11.46010017 49.79999924
vn -0.8852123618 0.4633772373 -0.04099504277
v -20.57760048 23.73270035 49.79999924
vn -0.008490648121 0.9999465942 0.005887939129
v -1.726899862 -14.0546999 49.50040054
vn 0.9163486362 -0.3988571167 -0.03490244597
v -40.57979965 11.4513998 49.5
vn -0.8857916594 0.4622735977 -0.04094217718
v -14.96189976 -21.69589996 49.5
vn -0.05839818344 -0.9894874692 -0.132303372
v -39.1053009 -11.78670025 49.5
vn -0.7821515203 -0.603694737 -0.154245615
v -0.3350588977 11.79979992 49.5
vn 0.8935332894 0.4464832246 -0.04744412005
v -20.58399963 23.73920059 49.5
vn -0.008740355261 0.9999441504 0.005943163298
v -39.05899811 -11.78759956 49.20000076
vn -0.7799542546 -0.6066385508 -0.1538216174
v -1.776239991 -14.12040043 49.20040131
vn 0.9177389145 -0.3955677152 -0.03579714149
v -14.80760002 -21.64410019 49.20000076
vn -0.06022501737 -0.9892809391 -0.1330270618
v -40.57569885 11.44269943 49.20000076
vn -0.8863657713 0.4611646831 -0.04102217034
v -0.3446319401 11.80109882 49.20000076
vn 0.8942953944 0.4449580014 -0.04741482809
v -14.65330029 -21.59219933 48.90000153
vn -0.0620826371 -0.9890495539 -0.1338905692
v -20.59029961 23.74570084 49.20000076
vn -0.008991063572 0.9999422431 0.005889626686
v -1.825579882 -14.18610001 48.90039825
vn 0.9191257358 -0.3922542334 -0.03666743636
v -39.01279831 -11.78849983 48.90000153
vn -0.7777491212 -0.6095659137 -0.1534134746
v -40.57160187 11.43400002 48.90000153
vn -0.8869462609 0.460057795 -0.04090360552
v -1.874920011 -14.25179958 48.60039902
vn 0.9205074906 -0.3889150321 -0.03756375238
v -0.3542049825 11.80230141 48.90000153
vn 0.8950357437 0.4434624612 -0.04745537788
v -20.59670067 23.75220108 48.90000153
vn -0.009241129272 0.9999396801 0.005941018462
v -14.4989996 -21.54030037 48.59999847
vn -0.06395149231 -0.9888279438 -0.1346456409
v -38.96659851 -11.7894001 48.59999847
vn -0.7755328417 -0.6124799252 -0.1530266851
v -20.60309982 23.75869942 48.59999847
vn -0.009492976591 0.9999372959 0.005944258999
v -40.56750107 11.42529964 48.59999847
vn -0.8875220418 0.4589472413 -0.04089046642
v -0.3637779951 11.80360031 48.59999847
vn 0.89577353 0.4419747889 -0.04741392657
v -1.924260139 -14.31750107 48.30039978
vn 0.9218861461 -0.3855517209 -0.03841677308
v -14.3448 -21.48839951 48.29999924
vn -0.06582969427 -0.9886149764 -0.1353028864
v -0.3733510375 11.80490017 48.29999924
vn 0.896506846 0.4404828846 -0.04743764922
v -38.92039871 -11.79030037 48.29999924
vn -0.7733157873 -0.6153787971 -0.1526158005
v -40.56340027 11.41660023 48.29999924
vn -0.8880952597 0.4578358233 -0.04090412334
v -20.6093998 23.76519966 48.29999924
vn -0.009744171053 0.9999352098 0.00588689791
v -1.97360003 -14.38309956 48.00040054
vn 0.9232583642 -0.3821600676 -0.03934023157
v -40.55929947 11.40789986 48
vn -0.8886702657 0.4567232728 -0.04085357487
v -14.19049931 -21.43659973 48
vn -0.06771223247 -0.9883733988 -0.1361360848
v -38.87419891 -11.79119968 48
vn -0.7710837722 -0.6182581782 -0.1522716433
v -0.3829240799 11.80609989 48
vn 0.897233963 0.4389950633 -0.04748217016
v -20.61580086 23.77169991 48
vn -0.009994709864 0.9999324083 0.005943340715
v -38.82789993 -11.79209995 47.70000076
vn -0.7688364387 -0.6211149096 -0.1520092636
v -2.02293992 -14.44880009 47.70040131
vn 0.9246287942 -0.3787440956 -0.04018071666
v -14.03620052 -21.38470078 47.70000076
vn -0.06960467994 -0.9881192446 -0.1370240152
v -40.55519867 11.39919949 47.70000076
vn -0.8892400265 0.4556059539 -0.04093115032
v -0.3924970925 11.80739975 47.70000076
vn 0.8979607224 0.437509805 -0.04745190218
v -13.88189983 -21.33279991 47.40000153
vn -0.0715110153 -0.9879015088 -0.1376110166
v -20.62210083 23.77820015 47.70000076
vn -0.01024627406 0.9999301434 0.005887908395
v -2.07227993 -14.51449966 47.40039825
vn 0.9259925485 -0.3753023744 -0.04106038809
v -38.78170013 -11.79290009 47.40000153
vn -0.7666081786 -0.6239769459 -0.1515409499
v -40.55110168 11.39050007 47.40000153
vn -0.8898153901 0.4544911683 -0.04082090408
v -2.12161994 -14.5802002 47.10039902
vn 0.9273495674 -0.3718337417 -0.04198209196
v -0.4020711184 11.80860043 47.40000153
vn 0.8986809254 0.4360242784 -0.04749115556
v -20.62849998 23.78470039 47.40000153
vn -0.01049716584 0.9999265671 0.006050989032
v -13.72770023 -21.28100014 47.09999847
vn -0.07342267781 -0.987653017 -0.1383856237
v -38.73550034 -11.79380035 47.09999847
vn -0.7643836141 -0.626832366 -0.1509929001
v -20.63480186 23.79129791 47.09999847
vn -0.01074987184 0.9999238849 0.006053936668
v -40.54700089 11.3817997 47.09999847
vn -0.8903871775 0.4533736408 -0.04077979177
v -0.4116441607 11.80990028 47.09999847
vn 0.899402976 0.43454656 -0.0473661162
v -2.170970201 -14.64589977 46.80039978
vn 0.9287021756 -0.3683388233 -0.0428808853
v -13.57339954 -21.22909927 46.79999924
vn -0.07533994317 -0.987383008 -0.1392793357
v -0.4212168455 11.81119919 46.79999924
vn 0.90011096 0.4330625236 -0.04750946909
v -38.68930054 -11.79469967 46.79999924
vn -0.762132287 -0.6296550632 -0.150628075
v -40.54290009 11.37310028 46.79999924
vn -0.8909604549 0.4522548318 -0.0406819731
v -20.64120102 23.79780006 46.79999924
vn -0.01100189704 0.9999219179 0.00592248328
v -2.220309734 -14.7116003 46.50049973
vn 0.9300490618 -0.3648175299 -0.04378289357
v -40.53889847 11.36439991 46.5
vn -0.8915318847 0.4511335194 -0.04061343148
v -13.41909981 -21.17720032 46.5
vn -0.07728966326 -0.9871172905 -0.1400919706
v -38.64310074 -11.79559994 46.5
vn -0.7598606944 -0.6324547529 -0.1503752172
v -0.4307898879 11.81239986 46.5
vn 0.9008052945 0.4316160679 -0.04751234874
v -20.64759827 23.8042984 46.5
vn -0.01125245355 0.9999186993 0.005998592358
v -38.59680176 -11.79650021 46.20000076
vn -0.7576026917 -0.6352505684 -0.1499831676
v -2.269649744 -14.77730083 46.20050049
vn 0.9313893914 -0.3612698615 -0.0446976237
v -13.26480007 -21.12529945 46.20000076
vn -0.07920775563 -0.9868741035 -0.1407324523
v -40.53480148 11.35579967 46.20000076
vn -0.8920934796 0.4500059485 -0.04078990594
v -0.4403629303 11.81370068 46.20000076
vn 0.9015269876 0.4301096499 -0.04748463631
v -13.11060047 -21.07349968 45.90000153
vn -0.08115251362 -0.9866000414 -0.1415439397
v -20.65390205 23.81080055 46.20000076
vn -0.01150319818 0.9999164939 0.00588736916
v -2.318980217 -14.84290028 45.90050125
vn 0.9327221513 -0.3576957583 -0.04564107582
v -38.55059814 -11.79740047 45.90000153
vn -0.7553611994 -0.6380474567 -0.149415046
v -40.53070068 11.34710121 45.90000153
vn -0.8926627636 0.4488810003 -0.04073150456
v -2.36833024 -14.90859985 45.6004982
vn 0.9340513945 -0.3540940583 -0.04653341696
v -0.4499359727 11.8149004 45.90000153
vn 0.9022262692 0.4286367893 -0.04752063751
v -20.6602993 23.81729889 45.90000153
vn -0.01175492071 0.9999132752 0.005937931128
v -12.95629978 -21.02160072 45.59999847
vn -0.08310261369 -0.9863000512 -0.1424997598
v -38.50439835 -11.79829979 45.59999847
vn -0.7530733347 -0.6408027411 -0.1491725892
v -20.66659927 23.82379913 45.59999847
vn -0.01200848725 0.9999102354 0.005942694377
v -40.52659988 11.33839893 45.59999847
vn -0.893227756 0.4477544427 -0.04074440151
v -0.4595089853 11.81620026 45.59999847
vn 0.902926445 0.427166909 -0.0474579744
v -2.41767025 -14.97429943 45.30049896
vn 0.9353749156 -0.3504658341 -0.04740754887
v -12.80199909 -20.96969986 45.29999924
vn -0.08507190645 -0.9860432744 -0.1431132555
v -0.4690830112 11.81750011 45.29999924
vn 0.903617084 0.4256953895 -0.04753509909
v -38.45819855 -11.79909992 45.29999924
vn -0.7508016229 -0.6435545683 -0.1487765312
v -40.52249908 11.32970047 45.29999924
vn -0.8937941194 0.4466272891 -0.04069600999
v -20.67300034 23.83029938 45.29999924
vn -0.01226137672 0.9999074936 0.005885500927
v -2.467009783 -15.03999996 45.00049973
vn 0.9366862774 -0.3468095958 -0.04839357361
v -40.51839828 11.3210001 45
vn -0.8943572044 0.4454978108 -0.04070521146
v -12.64770031 -20.91790009 45
vn -0.08704432845 -0.9857526422 -0.1439270228
v -38.41199875 -11.80000019 45
vn -0.7485311031 -0.6462990642 -0.1483196616
v -0.4786560535 11.81869888 45
vn 0.9043079615 0.424228698 -0.04750890285
v -20.67930031 23.83679962 45
vn -0.01251360867 0.9999040365 0.005942917895
v -38.36569977 -11.80090046 44.70000076
vn -0.746245265 -0.6490183473 -0.1479632258
v -2.516350031 -15.10569954 44.70050049
vn 0.9379935861 -0.3431286812 -0.04930199683
v -12.4934988 -20.86599922 44.70000076
vn -0.08902394772 -0.985447228 -0.1448050588
v -40.5143013 11.31229973 44.70000076
vn -0.8949205279 0.4443643093 -0.04071405903
v -0.4882290661 11.81999969 44.70000076
vn 0.904992044 0.4227634966 -0.04754390195
v -12.33920002 -20.81410027 44.40000153
vn -0.09101487696 -0.9851458669 -0.1456154436
v -20.68569946 23.84329987 44.70000076
vn -0.01276685949 0.9999011755 0.005888116546
v -2.565690041 -15.17140007 44.40050125
vn 0.9392924309 -0.3394185901 -0.0502473563
v -38.31949997 -11.80179977 44.40000153
vn -0.7439687252 -0.6517316103 -0.1475006342
v -40.5102005 11.30360126 44.40000153
vn -0.8954860568 0.4432307482 -0.0406348519
v -2.615030289 -15.2371006 44.1004982
vn 0.9405837059 -0.3356801867 -0.05119658262
v -0.4978021085 11.82120037 44.40000153
vn 0.9056736827 0.4213004112 -0.04755122215
v -20.69210052 23.84980011 44.40000153
vn -0.01301944349 0.9998975992 0.005941009149
v -12.18490028 -20.7621994 44.09999847
vn -0.09301513433 -0.9848546386 -0.1463199556
v -38.27330017 -11.80270004 44.09999847
vn -0.7416764498 -0.6544288993 -0.1471017748
v -20.6984005 23.85630035 44.09999847
vn -0.01327389572 0.9998942614 0.005941731855
v -40.5060997 11.29489899 44.09999847
vn -0.8960462213 0.4420957863 -0.0406508334
v -0.5073751211 11.82250023 44.09999847
vn 0.9063549042 0.4198414087 -0.04747642577
v -2.664369822 -15.30270004 43.80049896
vn 0.9418649077 -0.3319145143 -0.05218433961
v -12.03059959 -20.71039963 43.79999924
vn -0.09502179176 -0.9845402241 -0.1471443176
v -0.5169478655 11.82380104 43.79999924
vn 0.9070250988 0.4183812737 -0.0475662984
v -38.22710037 -11.80360031 43.79999924
vn -0.7393910289 -0.6571140885 -0.1466353089
v -40.5019989 11.28619957 43.79999924
vn -0.8966081738 0.4409597218 -0.04059939459
v -20.70479965 23.8628006 43.79999924
vn -0.01352764945 0.9998911619 0.00588551769
v -2.71371007 -15.36839962 43.50049973
vn 0.943140924 -0.3281246722 -0.05309775844
v -40.4978981 11.27750015 43.5
vn -0.897170186 0.4398233294 -0.04051050171
v -11.87639999 -20.65850067 43.5
vn -0.09703616798 -0.9841982722 -0.1481140107
v -38.18090057 -11.80449963 43.5
vn -0.7370889783 -0.6597735882 -0.1462828964
v -0.5265208483 11.82499981 43.5
vn 0.9076972008 0.416924715 -0.04753546417
v -20.71109962 23.86930084 43.5
vn -0.01378068794 0.9998865128 0.006087838672
v -38.13470078 -11.80529976 43.20000076
vn -0.7347687483 -0.6624100208 -0.1460405439
v -2.763050079 -15.4340992 43.20059967
vn 0.944409132 -0.3243044913 -0.05401819199
v -11.72210026 -20.60659981 43.20000076
vn -0.09908562154 -0.9838923216 -0.1487881541
v -40.4939003 11.26879978 43.20000076
vn -0.8977320194 0.4386848509 -0.04040820897
v -0.5360949039 11.82630062 43.20000076
vn 0.9083501101 0.4155015051 -0.04752387851
v -11.56779957 -20.55480003 42.90000153
vn -0.1011040285 -0.9835673571 -0.1495769769
v -20.71750069 23.87590027 43.20000076
vn -0.01403477322 0.9998835325 0.005996870808
v -2.812390327 -15.49979973 42.90060043
vn 0.9456650615 -0.3204554915 -0.05500824377
v -38.08840179 -11.80620003 42.90000153
vn -0.7324816585 -0.6650567055 -0.1454999149
v -40.4897995 11.26010132 42.90000153
vn -0.8982810974 0.4375380874 -0.04063909873
v -2.86172986 -15.56550026 42.6006012
vn 0.9469120502 -0.3165795803 -0.05599020794
v -0.5456679463 11.82750034 42.90000153
vn 0.9090269208 0.4140164852 -0.0475438647
v -20.72380066 23.88240242 42.90000153
vn -0.01428820752 0.9998802543 0.005939559545
v -11.41349888 -20.50289917 42.59999847
vn -0.1031459495 -0.9832158685 -0.1504907757
v -38.04219818 -11.8071003 42.59999847
vn -0.7301739454 -0.667681098 -0.1450791955
v -20.73019981 23.88890076 42.59999847
vn -0.01454349328 0.9998766184 0.005940595642
v -40.4856987 11.25139904 42.59999847
vn -0.8988417983 0.436395824 -0.04052305222
v -0.5552409887 11.82879925 42.59999847
vn 0.9096853733 0.4125687778 -0.04753425345
v -2.91106987 -15.63119984 42.30059814
vn 0.9481511712 -0.3126775324 -0.056939248
v -11.25929928 -20.45100021 42.29999924
vn -0.105198577 -0.982871592 -0.1513165087
v -0.5648139715 11.83010006 42.29999924
vn 0.9103393555 0.4111177921 -0.04758592322
v -37.99599838 -11.80799961 42.29999924
vn -0.7278667688 -0.6702884436 -0.1446490586
v -40.48160172 11.24269962 42.29999924
vn -0.8993981481 0.4352502823 -0.0404987596
v -20.73660088 23.89539909 42.29999924
vn -0.0147981029 0.9998732209 0.005881911144
v -2.960410118 -15.69690037 42.00059891
vn 0.9493790865 -0.3087449968 -0.05792969093
v -40.47750092 11.23400021 42
vn -0.8999512196 0.4341036677 -0.04052000493
v -11.10499859 -20.39909935 42
vn -0.1072650328 -0.9825347066 -0.15205203
v -37.94979858 -11.80889988 42
vn -0.7255513072 -0.6728768945 -0.1442636102
v -0.5743870139 11.83129883 42
vn 0.9109917283 0.4096733332 -0.04755895957
v -20.74290085 23.90189934 42
vn -0.01505201869 0.9998690486 0.005940701813
v -37.90359879 -11.80980015 41.70000076
vn -0.7232333422 -0.6754529476 -0.1438639462
v -3.009749651 -15.76249981 41.70059967
vn 0.9505969286 -0.3047837317 -0.05892641842
v -10.95069981 -20.34729958 41.70000076
vn -0.1093344912 -0.9821702838 -0.1529298872
v -40.47340012 11.22529984 41.70000076
vn -0.9005064368 0.4329561293 -0.04046202824
v -0.5839600563 11.83259964 41.70000076
vn 0.9116375446 0.4082297087 -0.04759739339
v -10.79640007 -20.29540062 41.40000153
vn -0.1114140972 -0.9817993641 -0.1538081616
v -20.7493 23.90839958 41.70000076
vn -0.01530698221 0.9998655319 0.005885254126
v -3.059089899 -15.82820129 41.40060043
vn 0.9518052936 -0.300796479 -0.0599013567
v -37.8572998 -11.81070042 41.40000153
vn -0.7209076285 -0.6780075431 -0.1435197294
v -40.46929932 11.21660137 41.40000153
vn -0.9010558724 0.4318038225 -0.0405433625
v -3.108429909 -15.89389896 41.1006012
vn 0.9530046582 -0.2967815399 -0.06085075811
v -0.5935330987 11.83380032 41.40000153
vn 0.9122830033 0.4067887366 -0.04756707698
v -20.75560188 23.91489983 41.40000153
vn -0.01556127332 0.9998613 0.005939705297
v -10.64220047 -20.24349976 41.09999847
vn -0.1135067865 -0.9814311862 -0.1546252966
v -37.81110001 -11.81159973 41.09999847
vn -0.7185867429 -0.6805566549 -0.1430934519
v -20.76200104 23.92140007 41.09999847
vn -0.01581659168 0.9998569489 0.005996730644
v -40.46519852 11.20789909 41.09999847
vn -0.9016134739 0.4306542873 -0.04037323967
v -0.6031061411 11.83510017 41.09999847
vn 0.9129232764 0.405351162 -0.0475548394
v -3.157770157 -15.95960045 40.80059814
vn 0.9541903734 -0.2927354574 -0.06186008453
v -10.48789978 -20.19169998 40.79999924
vn -0.1156089008 -0.9810639024 -0.1553970277
v -0.6126791835 11.83640099 40.79999924
vn 0.9135604501 0.4039108157 -0.04757440835
v -37.76490021 -11.81239986 40.79999924
vn -0.7162693739 -0.6830918789 -0.1426311582
v -40.46110153 11.19930077 40.79999924
vn -0.9021619558 0.4295016825 -0.04039944336
v -20.7682991 23.92790031 40.79999924
vn -0.01607038453 0.9998535514 0.005883487873
v -3.20710969 -16.02529907 40.50059891
vn 0.9553633332 -0.2886627913 -0.06288670748
v -40.45700073 11.1906004 40.5
vn -0.9027113914 0.4283471406 -0.04038359225
v -10.33360004 -20.13979912 40.5
vn -0.1177164838 -0.9806644917 -0.1563328952
v -37.71870041 -11.81330013 40.5
vn -0.7139434814 -0.6856093407 -0.1422130018
v -0.6222518682 11.83759975 40.5
vn 0.9141913652 0.4024768174 -0.04760816693
v -20.77470207 23.93440056 40.5
vn -0.01632517949 0.999849081 0.005941879004
v -37.67250061 -11.8142004 40.20000076
vn -0.7116140127 -0.6881121993 -0.1417994946
v -3.256449699 -16.0909996 40.20069885
vn 0.9565275311 -0.2845629156 -0.06386765838
v -10.17940044 -20.08790016 40.20000076
vn -0.1198498607 -0.980266273 -0.1572068632
v -40.45289993 11.18190002 40.20000076
vn -0.9032638669 0.4271917045 -0.0402687192
v -0.6318249106 11.83889961 40.20000076
vn 0.914806366 0.401076138 -0.04761513695
v -10.02509975 -20.0359993 39.90000153
vn -0.1219666526 -0.9798879027 -0.1579360813
v -20.78109932 23.9409008 40.20000076
vn -0.01658099703 0.9998450279 0.005915457383
v -3.305789948 -16.15670013 39.90069962
vn 0.9576802254 -0.2804328203 -0.0648535043
v -37.62620163 -11.81509972 39.90000153
vn -0.7092747688 -0.690592587 -0.1414606422
v -40.44889832 11.17319965 39.90000153
vn -0.9038084149 0.4260314405 -0.04034281895
v -3.355130196 -16.22240067 39.60070038
vn 0.9588159919 -0.2762720883 -0.06592164934
v -0.641397953 11.84010029 39.90000153
vn 0.9154474139 0.3996144235 -0.04758554697
v -20.78739929 23.94739914 39.90000153
vn -0.01683609933 0.9998399615 0.006052459124
v -9.870799065 -19.98419952 39.59999847
vn -0.1241038889 -0.9794820547 -0.158786267
v -37.58000183 -11.81599998 39.59999847
vn -0.7069542408 -0.6930804253 -0.1409084946
v -20.79380035 23.95400047 39.59999847
vn -0.0170930624 0.9998355508 0.006053426303
v -40.44480133 11.16450024 39.59999847
vn -0.9043578506 0.4248714745 -0.04026256874
v -0.6509709358 11.84139919 39.59999847
vn 0.9160717726 0.3981883228 -0.04752385616
v -3.404470205 -16.28800011 39.30070114
vn 0.9599429369 -0.2720852792 -0.06692662835
v -9.716529846 -19.93230057 39.29999924
vn -0.1262456924 -0.9790489674 -0.1597659737
v -0.6605439782 11.8427 39.29999924
vn 0.9166876674 0.3967595696 -0.04759834707
v -37.53379822 -11.81690025 39.29999924
vn -0.7046135664 -0.6955307722 -0.1405581832
v -40.44070053 11.15580082 39.29999924
vn -0.9048995972 0.4237087667 -0.04034397379
v -20.80010033 23.96050262 39.29999924
vn -0.01734942757 0.9998322129 0.005880058743
v -3.453809738 -16.35370064 39.0007019
vn 0.9610590339 -0.267870307 -0.06790454686
v -40.43659973 11.14710045 39
vn -0.9054453969 0.4225465059 -0.04028748348
v -9.562250137 -19.8803997 39
vn -0.1284037232 -0.978633821 -0.1605876088
v -37.48759842 -11.81779957 39
vn -0.7022676468 -0.6979671717 -0.1402210295
v -0.6701180339 11.84390068 39
vn 0.9173010588 0.3953357935 -0.04762769118
v -20.80649948 23.96699715 39
vn -0.01760509238 0.9998273849 0.005937656853
v -37.44139862 -11.8185997 38.70000076
vn -0.6999285221 -0.7003945708 -0.1398125887
v -3.503149986 -16.41939926 38.70069885
vn 0.9621585608 -0.263625294 -0.0689393729
v -9.407979965 -19.82859993 38.70000076
vn -0.1305725724 -0.9782146811 -0.1613901854
v -40.43249893 11.13840008 38.70000076
vn -0.9059885144 0.4213818014 -0.0402761437
v -0.6796910167 11.84519958 38.70000076
vn 0.9179124832 0.3939139545 -0.04762830585
v -9.253700256 -19.77669907 38.40000153
vn -0.132746771 -0.9777657986 -0.1623339206
v -20.81290054 23.9734993 38.70000076
vn -0.0178617686 0.999823153 0.005882122088
v -3.552489996 -16.48509979 38.40069962
vn 0.963244319 -0.2593523264 -0.0699769333
v -37.39509964 -11.81949997 38.40000153
vn -0.6975907087 -0.7028077245 -0.139386192
v -40.42839813 11.12969971 38.40000153
vn -0.9065278769 0.4202138186 -0.04034244269
v -3.601830244 -16.55080032 38.10070038
vn 0.9643182755 -0.2550505102 -0.07098979503
v -0.6892640591 11.84640026 38.40000153
vn 0.9185211062 0.392496109 -0.04760040343
v -20.81920052 23.97999763 38.40000153
vn -0.01811777987 0.9998182058 0.005941592623
v -9.099430084 -19.72480011 38.09999847
vn -0.1349346936 -0.9773392677 -0.1630969793
v -37.34889984 -11.82040024 38.09999847
vn -0.6952546835 -0.7052158713 -0.1388939321
v -20.82559967 23.98649979 38.09999847
vn -0.01837563142 0.9998134971 0.005938874558
v -40.42430115 11.12100029 38.09999847
vn -0.907073319 0.4190472066 -0.04021739587
v -0.6988371015 11.84770012 38.09999847
vn 0.9191252589 0.3910806179 -0.04758893698
v -3.651169777 -16.61650085 37.80070114
vn 0.9653759003 -0.2507194281 -0.07203561813
v -8.945150375 -19.67300034 37.79999924
vn -0.1371293366 -0.9768872261 -0.1639721692
v -0.7084101439 11.84899998 37.79999924
vn 0.9197257161 0.3896643221 -0.04760570079
v -37.30270004 -11.82129955 37.79999924
vn -0.6929188371 -0.7076050639 -0.1384144723
v -40.42020035 11.11230087 37.79999924
vn -0.9076115489 0.4178778827 -0.0402414687
v -20.83189964 23.99299812 37.79999924
vn -0.01863284968 0.9998090863 0.005881296005
v -3.700509787 -16.68219948 37.5007019
vn 0.9664160609 -0.2463601381 -0.07312100381
v -40.41609955 11.10359859 37.5
vn -0.9081520438 0.4167075455 -0.0401834324
v -8.79087925 -19.62109947 37.5
vn -0.1393301785 -0.9764105678 -0.1649529487
v -37.25650024 -11.82219982 37.5
vn -0.6905680299 -0.7099672556 -0.138066113
v -0.7179828286 11.8501997 37.5
vn 0.9203214049 0.3882513046 -0.04763886705
v -20.8383007 23.99950027 37.5
vn -0.01888938062 0.9998039603 0.005939393304
v -37.21030045 -11.82310009 37.20000076
vn -0.6882150769 -0.7123150826 -0.1377213597
v -3.749850035 -16.74780083 37.20080185
vn 0.9674451351 -0.2419724464 -0.07415674627
v -8.636599541 -19.56920052 37.20000076
vn -0.1415524632 -0.9759350419 -0.1658723801
v -40.41199875 11.09490013 37.20000076
vn -0.9086884856 0.415535152 -0.04019648582
v -0.727555871 11.85149956 37.20000076
vn 0.9209023714 0.3868732452 -0.04762232304
v -8.482330322 -19.51729965 36.90000153
vn -0.1437683851 -0.9754858017 -0.1666076481
v -20.84460068 24.00599861 37.20000076
vn -0.01914692298 0.9997993708 0.005882887635
v -3.799190283 -16.81349945 36.9007988
vn 0.9684613943 -0.2375569493 -0.07516156137
v -37.16400146 -11.82400036 36.90000153
vn -0.6858740449 -0.7146604657 -0.1372488588
v -40.40790176 11.08619976 36.90000153
vn -0.9092287421 0.4143608809 -0.04010157287
v -3.848529816 -16.87919998 36.60079956
vn 0.9694577456 -0.2331107408 -0.07623060048
v -0.7371299267 11.85270023 36.90000153
vn 0.921505332 0.3854323328 -0.04764300585
v -20.85099983 24.01250076 36.90000153
vn -0.01940377802 0.9997938871 0.005977364723
v -8.32804966 -19.46549988 36.59999847
vn -0.1460004449 -0.9749872684 -0.167581737
v -37.11780167 -11.82489967 36.59999847
vn -0.6835254431 -0.7169885635 -0.1368222237
v -20.85740089 24.0189991 36.59999847
vn -0.01966246031 0.9997890592 0.005934594665
v -40.40390015 11.07750034 36.59999847
vn -0.9097674489 0.4131847918 -0.040019501
v -0.7467029095 11.85400105 36.59999847
vn 0.9220922589 0.3840308785 -0.04760370031
v -3.897869825 -16.94490051 36.30080032
vn 0.9704396725 -0.2286372632 -0.07727778703
v -8.173780441 -19.41360092 36.29999924
vn -0.1482439041 -0.9744926691 -0.1684865803
v -0.7562759519 11.85529995 36.29999924
vn 0.92267555 0.3826256394 -0.04761787876
v -37.07160187 -11.82569981 36.29999924
vn -0.6811715961 -0.7192906141 -0.1364779472
v -40.39979935 11.06880093 36.29999924
vn -0.9102959633 0.4120063186 -0.04015010223
v -20.86370087 24.02549934 36.29999924
vn -0.01992053539 0.9997842908 0.005880179349
v -3.947210073 -17.01059914 36.00080109
vn 0.9714047909 -0.2241349518 -0.0783341676
v -40.39569855 11.06009865 36
vn -0.9108312726 0.4108285308 -0.04007940739
v -8.019510269 -19.36170006 36
vn -0.1505001634 -0.9740101695 -0.1692746431
v -37.02539825 -11.82660007 36
vn -0.678830862 -0.7215942144 -0.1359793693
v -0.7658489943 11.85650063 36
vn 0.9232538939 0.3812240362 -0.04764900729
v -20.87010002 24.03199959 36
vn -0.02017793059 0.9997780919 0.006053643301
v -36.97919846 -11.82750034 35.70000076
vn -0.6764805317 -0.7238739729 -0.135574922
v -3.996550322 -17.07629967 35.70080185
vn 0.9723519683 -0.2196029872 -0.07941137254
v -7.86523056 -19.30990028 35.70000076
vn -0.1527620703 -0.9734977484 -0.1701935828
v -40.39160156 11.05140018 35.70000076
vn -0.9113662839 0.4096492529 -0.0399870351
v -0.7754220366 11.85779953 35.70000076
vn 0.9238357544 0.3798269928 -0.04752856866
v -7.710959911 -19.25799942 35.40000153
vn -0.1550314575 -0.9729676843 -0.1711697429
v -20.8764019 24.03860092 35.70000076
vn -0.02043631673 0.9997725487 0.006101169623
v -4.045889854 -17.1420002 35.4007988
vn 0.97328192 -0.2150433064 -0.080490008
v -36.93289948 -11.82839966 35.40000153
vn -0.6741274595 -0.7261326313 -0.1352166981
v -40.38750076 11.04279995 35.40000153
vn -0.9118949771 0.4084639251 -0.04006014392
v -4.095230103 -17.20759964 35.10079956
vn 0.9741940498 -0.2104552239 -0.08157560229
v -0.784995079 11.85910034 35.40000153
vn 0.9244037271 0.37842682 -0.0476535745
v -20.88280106 24.04509735 35.40000153
vn -0.02069327794 0.9997686148 0.005877622869
v -7.556680202 -19.20610046 35.09999847
vn -0.157311067 -0.9724406004 -0.1720828414
v -36.88669968 -11.82929993 35.09999847
vn -0.6717826724 -0.7283939123 -0.1347233951
v -7.402410507 -19.1541996 34.79999924
vn -0.1596060842 -0.9719266891 -0.1728712469
v -40.38339996 11.03409958 35.09999847
vn -0.9124246836 0.4072801173 -0.04005109519
v -0.7945681214 11.86030006 35.09999847
vn 0.9249731302 0.3770356476 -0.04763269052
v -20.88909912 24.0515995 35.09999847
vn -0.02095117234 0.9997628927 0.005937875248
v -4.144569874 -17.27330017 34.80080032
vn 0.9750925303 -0.205839619 -0.08261093497
v -36.84049988 -11.8302002 34.79999924
vn -0.6694331169 -0.7306306958 -0.134305954
v -7.248129845 -19.10239983 34.5
vn -0.1619130075 -0.9713657498 -0.1738755405
v -40.37929916 11.02540016 34.79999924
vn -0.9129549265 0.4060954452 -0.03999670222
v -0.8041421175 11.86159992 34.79999924
vn 0.9255383015 0.3756428361 -0.04765833542
v -20.89550209 24.05809784 34.79999924
vn -0.02121009678 0.9997577667 0.005881736986
v -4.193910122 -17.3390007 34.50090027
vn 0.9759677649 -0.2011941522 -0.08371286839
v -36.79430008 -11.83110046 34.5
vn -0.6670822501 -0.7328528762 -0.1338950992
v -7.093860149 -19.05050087 34.20000076
vn -0.1642170697 -0.9708096981 -0.1748177111
v -40.37519836 11.01669979 34.5
vn -0.9134833813 0.404908061 -0.0399700813
v -0.8137151599 11.86279964 34.5
vn 0.9260877371 0.3742860854 -0.04765907675
v -20.90189934 24.06459999 34.5
vn -0.0214683637 0.9997518659 0.005939826835
v -4.243249893 -17.40469933 34.20090103
vn 0.9768269658 -0.1965212673 -0.08478500694
v -36.74810028 -11.83189964 34.20000076
vn -0.6647189856 -0.7350470424 -0.1336208433
v -6.939579964 -18.99860001 33.90000153
vn -0.1665436476 -0.9702715278 -0.175603047
v -40.37110138 11.00800037 34.20000076
vn -0.9140077829 0.4037202895 -0.03999620676
v -0.8232882023 11.86410141 34.20000076
vn 0.9266635776 0.3728674948 -0.04758654907
v -20.90819931 24.07109833 34.20000076
vn -0.02172851376 0.999746263 0.005936487578
v -4.292589664 -17.47039986 33.90090179
vn 0.9776681066 -0.191820085 -0.08584965765
v -36.7018013 -11.83279991 33.90000153
vn -0.6623773575 -0.7372484207 -0.133120507
v -6.785309792 -18.94680023 33.59999847
vn -0.1688742936 -0.969702065 -0.1765202731
v -40.36700058 10.9993 33.90000153
vn -0.9145331979 0.4025289714 -0.03999295458
v -0.8328608871 11.86540031 33.90000153
vn 0.9272161722 0.3714818358 -0.0476593338
v -20.91460037 24.07760048 33.90000153
vn -0.02198797464 0.9997409582 0.005880585872
v -4.341929913 -17.53610039 33.60089874
vn 0.9784862995 -0.1870902479 -0.08695878834
v -36.6556015 -11.83370018 33.59999847
vn -0.6600440741 -0.739449203 -0.1325014085
v -6.631030083 -18.89489937 33.29999924
vn -0.1712112129 -0.969104588 -0.1775470972
v -40.36289978 10.99059963 33.59999847
vn -0.9150621891 0.4013395309 -0.0398468636
v -0.8424339294 11.86660099 33.59999847
vn 0.9277703166 0.3700993359 -0.04763080552
v -20.92090034 24.08409882 33.59999847
vn -0.02224672958 0.9997346997 0.00596956769
v -4.391270161 -17.60180092 33.30089951
vn 0.9792856574 -0.1823326945 -0.08805884421
v -36.6094017 -11.83460045 33.29999924
vn -0.6576834917 -0.7416015267 -0.1322103739
v -6.476759911 -18.84300041 33
vn -0.1735599786 -0.9685161114 -0.1784753054
v -40.35889816 10.98190022 33.29999924
vn -0.9155869484 0.4001472294 -0.03978318349
v -0.8520069718 11.86789989 33.29999924
vn 0.9283182621 0.3687188029 -0.04766220599
v -20.9272995 24.09059906 33.29999924
vn -0.02250648476 0.9997293949 0.005882182624
v -4.440609455 -17.66740036 33.00090027
vn 0.9800643921 -0.1775474399 -0.08916679025
v -36.5632019 -11.83549976 33
vn -0.6553342342 -0.7437523603 -0.1317930967
v -6.322480202 -18.79109955 32.70000076
vn -0.1759238243 -0.9679347873 -0.1793126464
v -40.35480118 10.97319984 33
vn -0.9161037803 0.3989511728 -0.03989813477
v -0.8615799546 11.86909962 33
vn 0.9288652539 0.3673413396 -0.04764064029
v -20.93359947 24.0970993 33
vn -0.02276563272 0.999723196 0.0059361686
v -4.489949703 -17.73310089 32.70090103
vn 0.9808260202 -0.1727343798 -0.09023918957
v -36.51699829 -11.83640003 32.70000076
vn -0.6529789567 -0.74588269 -0.131444037
v -6.16821003 -18.73929977 32.40000153
vn -0.1782936305 -0.9673147202 -0.180315271
v -40.35070038 10.96450043 32.70000076
vn -0.9166258574 0.3977555037 -0.03984487429
v -0.8711540103 11.87040043 32.70000076
vn 0.9294085503 0.3659667969 -0.04762445018
v -20.94000053 24.10359955 32.70000076
vn -0.02302664891 0.9997172356 0.005938943941
v -4.539289951 -17.79879951 32.40090179
vn 0.9815651178 -0.1678935885 -0.09133287519
v -36.47069931 -11.8373003 32.40000153
vn -0.650631845 -0.7480031848 -0.131032452
v -6.013939857 -18.68740082 32.09999847
vn -0.1806745827 -0.9666967392 -0.181257084
v -40.34659958 10.95580006 32.40000153
vn -0.9171441197 0.3965546787 -0.0398876816
v -0.8807270527 11.87170029 32.40000153
vn 0.9299460053 0.3645938039 -0.04766299948
v -20.94639969 24.11009979 32.40000153
vn -0.02328699827 0.9997115135 0.005878033116
v -4.588630199 -17.86450005 32.10089874
vn 0.98228091 -0.1630254388 -0.0924494341
v -36.42449951 -11.83810043 32.09999847
vn -0.6482834816 -0.7501128912 -0.1306108534
v -5.859660149 -18.63549995 31.79999924
vn -0.183069855 -0.9660894275 -0.1820895076
v -40.34249878 10.94709969 32.09999847
vn -0.9176630974 0.3953564167 -0.0398465544
v -0.8903000355 11.87290001 32.09999847
vn 0.9304836988 0.3632231355 -0.04763448611
v -20.95269966 24.11660004 32.09999847
vn -0.02354662493 0.9997044206 0.006049584132
v -4.637969494 -17.93020058 31.80089951
vn 0.9829776883 -0.1581298858 -0.09354060888
v -36.37829971 -11.83899975 31.79999924
vn -0.645945251 -0.7522135973 -0.1301133782
v -5.705389977 -18.58370018 31.5
vn -0.1854704171 -0.9654538035 -0.1830292493
v -40.33840179 10.93840027 31.79999924
vn -0.9181845784 0.394157052 -0.03971486539
v -0.8998730779 11.87419987 31.79999924
vn 0.9310177565 0.3618546724 -0.04761495441
v -20.95910072 24.12320137 31.79999924
vn -0.02380730025 0.9996986389 0.005989647005
v -4.687310696 -17.9958992 31.50090027
vn 0.983648181 -0.1532069445 -0.09467798471
v -36.33209991 -11.83990002 31.5
vn -0.6436070204 -0.7543002963 -0.1296187639
v -5.551109791 -18.53179932 31.20000076
vn -0.1878778189 -0.9647852778 -0.1840958148
v -40.33430099 10.9296999 31.5
vn -0.9186968803 0.3929536343 -0.03979303315
v -0.9094461203 11.87539959 31.5
vn 0.9315468669 0.3604876399 -0.0476353094
v -20.9654007 24.12969971 31.5
vn -0.02406733111 0.9996927381 0.005936529953
v -4.73664999 -18.06159973 31.20100021
vn 0.9842972755 -0.1482566893 -0.09580596536
v -36.28590012 -11.84080029 31.20000076
vn -0.6412508488 -0.7563512921 -0.1293446422
v -5.396840096 -18.47990036 30.89999962
vn -0.1902950853 -0.9641343951 -0.185020566
v -40.3302002 10.92100048 31.20000076
vn -0.9192132354 0.3917504847 -0.03973197192
v -0.919018805 11.87670135 31.20000076
vn 0.932061255 0.3591566682 -0.04762619361
v -20.97179985 24.13620186 31.20000076
vn -0.0243292395 0.9996863604 0.005934840534
v -4.785990238 -18.12719917 30.90099907
vn 0.9849270582 -0.1432805508 -0.09689874202
v -36.23960114 -11.8416996 30.89999962
vn -0.6389066577 -0.7584040165 -0.1289249212
v -5.242560387 -18.4279995 30.60000038
vn -0.1927295625 -0.9634885788 -0.1858631223
v -40.3260994 10.91230011 30.89999962
vn -0.9197233915 0.3905428052 -0.03981449828
v -0.9285918474 11.87800026 30.89999962
vn 0.9325962663 0.3577624559 -0.04764693975
v -20.97810173 24.1427002 30.89999962
vn -0.02459045686 0.9996803403 0.005877714604
v -4.835330486 -18.1928997 30.60099983
vn 0.9855319858 -0.1382771581 -0.09801103175
v -36.19340134 -11.84259987 30.60000038
vn -0.6365719438 -0.7604477406 -0.1284342259
v -5.088290215 -18.37619972 30.29999924
vn -0.1951726675 -0.9628127813 -0.186813131
v -40.3219986 10.90359974 30.60000038
vn -0.9202401042 0.389336884 -0.03968551382
v -0.9381659031 11.87919998 30.60000038
vn 0.9331154823 0.3564036191 -0.04766527936
v -20.98450089 24.14920235 30.60000038
vn -0.02485098876 0.9996735454 0.005939909723
v -4.884669781 -18.25860023 30.3010006
vn 0.9861146212 -0.1332419366 -0.09911891818
v -36.14720154 -11.84350014 30.29999924
vn -0.6342412233 -0.7624846101 -0.1278878003
v -4.934010029 -18.32430077 30
vn 0.1091712192 -0.9717440605 -0.2092729509
v -40.31790161 10.89490032 30.29999924
vn -0.9207553864 0.3881293833 -0.03956075385
v -0.9477389455 11.88049984 30.29999924
vn 0.9336319566 0.3550484776 -0.04766482115
v -20.99090004 24.15570068 30.29999924
vn -0.02511250786 0.9996671081 0.005915080663
v -4.934010029 -18.32430077 30.00099945
vn 0.9820387363 -0.135376513 -0.1314274669
v -36.10100174 -11.84440041 30
vn -0.6318836212 -0.7644719481 -0.1276938915
v -36.05479813 -11.84519958 29.70000076
vn -0.6314396858 -0.7665280104 -0.1171268821
v -40.31389999 10.88619995 30
vn -0.9212651849 0.3869202435 -0.03953647614
v -0.9573119283 11.88169956 30
vn 0.9608159065 0.2695643604 -0.06455873698
v -20.99720192 24.16220284 30
vn -0.02537252381 0.9996601343 0.005986495409
v -4.964670181 -18.24810028 29.70000076
vn 0.5511789918 -0.8125599623 -0.1895998269
v -40.30979919 10.87759972 29.70000076
vn -0.9217708111 0.3857082129 -0.03959494084
v -40.30569839 10.86889935 29.39999962
vn -0.9222741127 0.384493053 -0.03969315439
v -0.9668849707 11.88300037 29.70000076
vn 0.934270978 0.3533630967 -0.04766851664
v -21.00360107 24.16869926 29.70000076
vn -0.02563362382 0.9996538162 0.005931824911
v -4.995329857 -18.1718998 29.39999962
vn 0.5518232584 -0.8121336102 -0.1895524561
v -36.00849915 -11.84609985 29.39999962
vn -0.630723834 -0.7671425343 -0.1169604585
v -0.9764580131 11.88430023 29.39999962
vn 0.9342532754 0.3534033597 -0.04771640524
v -0.9860310555 11.88549995 29.10000038
vn 0.9342362881 0.3534419537 -0.04776287451
v -21.00989914 24.17519951 29.39999962
vn -0.02589572966 0.9996473789 0.005879451055
v -5.025990009 -18.09560013 29.10000038
vn 0.5524716973 -0.8117234707 -0.1894201338
v -35.96229935 -11.84700012 29.10000038
vn -0.6299982667 -0.7677482367 -0.1168963909
v -40.30160141 10.86019993 29.10000038
vn -0.9227844477 0.3832794726 -0.03956867754
v -21.01630211 24.18169785 29.10000038
vn -0.02615714073 0.9996402264 0.005934500135
v -21.02260017 24.1882 28.79999924
vn -0.02641959302 0.9996336699 0.005876746494
v -5.056640148 -18.01939964 28.79999924
vn 0.5531318188 -0.81131953 -0.1892242879
v -35.91609955 -11.84790039 28.79999924
vn -0.6292735934 -0.7683645487 -0.1167506054
v -40.29750061 10.85149956 28.79999924
vn -0.9232876301 0.3820636272 -0.03958953172
v -0.9956040978 11.88679981 28.79999924
vn 0.9342204332 0.3534827828 -0.04777138308
v -5.087299824 -17.94319916 28.5
vn 0.5537824035 -0.8109043241 -0.1891011298
v -5.117959499 -17.86700058 28.20000076
vn 0.5544319749 -0.810483098 -0.1890036464
v -35.86989975 -11.84879971 28.5
vn -0.6285426021 -0.7689743638 -0.116673097
v -40.29339981 10.84280014 28.5
vn -0.9237927198 0.3808467984 -0.03953143582
v -1.00518012 11.88799953 28.5
vn 0.9342027307 0.3535214961 -0.04783059657
v -21.02899933 24.19469833 28.5
vn -0.02668133005 0.9996256828 0.006048806477
v -35.82369995 -11.84969997 28.20000076
vn -0.6278031468 -0.769579649 -0.1166633442
v -35.77740097 -11.85060024 27.89999962
vn -0.6270574927 -0.7701863647 -0.1166701689
v -40.28929901 10.83409977 28.20000076
vn -0.9242978692 0.3796274364 -0.03945145011
v -1.014750123 11.88930035 28.20000076
vn 0.9341905713 0.3535622656 -0.04776696116
v -21.03540039 24.20130157 28.20000076
vn -0.02694500796 0.9996186495 0.00604530843
v -5.148620129 -17.79080009 27.89999962
vn 0.5550814867 -0.8100519776 -0.1889453828
v -40.28519821 10.8253994 27.89999962
vn -0.9247940183 0.3784038126 -0.03957955912
v -40.28110123 10.81669998 27.60000038
vn -0.9252973795 0.3771832287 -0.0394654274
v -1.024319887 11.8906002 27.89999962
vn 0.9341704249 0.3536019027 -0.0478673242
v -21.04170036 24.20779991 27.89999962
vn -0.02720800787 0.9996125102 0.00587676838
v -5.179279804 -17.71459961 27.60000038
vn 0.555732429 -0.8096316457 -0.18883349
v -35.73120117 -11.85140038 27.60000038
vn -0.6263223886 -0.7708054781 -0.1165297702
v -1.033900142 11.89179993 27.60000038
vn 0.9341522455 0.3536403477 -0.04793870449
v -1.043469906 11.89309883 27.29999924
vn 0.9341375232 0.3536827564 -0.04791199043
v -21.04809952 24.21430016 27.60000038
vn -0.02747031674 0.999605 0.005934026558
v -5.209939957 -17.63829994 27.29999924
vn 0.5563904643 -0.8092086911 -0.1887085587
v -35.68500137 -11.85229969 27.29999924
vn -0.6255772114 -0.7714235187 -0.1164425462
v -40.27700043 10.80799961 27.29999924
vn -0.9257944822 0.3759604692 -0.03947513178
v -21.05439949 24.2208004 27.29999924
vn -0.02773365378 0.9995980859 0.005879519973
v -21.06080055 24.22730064 27
vn -0.02799628675 0.9995902181 0.005969230551
v -5.240590096 -17.56209946 27
vn 0.557056129 -0.8088014126 -0.1884907782
v -35.63880157 -11.85319996 27
vn -0.6248386502 -0.7720531225 -0.1162351668
v -40.27289963 10.79930019 27
vn -0.926297307 0.374737829 -0.03930422664
v -1.053040028 11.89430141 27
vn 0.9341185689 0.3537221253 -0.04799153656
v -5.271249771 -17.48590088 26.70000076
vn 0.5577090979 -0.808370471 -0.1884085685
v -5.301909924 -17.40970039 26.39999962
vn 0.5583740473 -0.8079448938 -0.1882644743
v -35.59260178 -11.85410023 26.70000076
vn -0.6240779161 -0.7726608515 -0.1162842363
v -40.26890182 10.79059982 26.70000076
vn -0.9267916679 0.3735117316 -0.03932184726
v -1.062619925 11.89560032 26.70000076
vn 0.9341052771 0.35376212 -0.04795508459
v -21.06710052 24.23380089 26.70000076
vn -0.02826077864 0.9995830059 0.005931292661
v -35.54629898 -11.85499954 26.39999962
vn -0.6233221889 -0.7732820511 -0.1162081137
v -35.50009918 -11.85589981 26.10000038
vn -0.6225717068 -0.7739093304 -0.1160553172
v -40.26480103 10.78189945 26.39999962
vn -0.927282095 0.3722805083 -0.03943571076
v -1.072189927 11.89690018 26.39999962
vn 0.9340848923 0.353803575 -0.04804591835
v -21.07349968 24.24029922 26.39999962
vn -0.02852466144 0.9995757937 0.005876081064
v -5.332569599 -17.33349991 26.10000038
vn 0.5590326786 -0.8075202703 -0.1881316453
v -40.26070023 10.77320004 26.10000038
vn -0.9277787209 0.3710508347 -0.0393431969
v -40.25659943 10.76449966 25.79999924
vn -0.9282693863 0.3698204458 -0.03935401142
v -1.081760049 11.8980999 26.10000038
vn 0.9340675473 0.3538434505 -0.04808952659
v -21.07990074 24.24679756 26.10000038
vn -0.02878784761 0.9995679259 0.005930518731
v -5.363230228 -17.25729942 25.79999924
vn 0.559676826 -0.8070614338 -0.1881852895
v -35.45389938 -11.85680008 25.79999924
vn -0.6218025684 -0.774526 -0.1160648093
v -1.091339946 11.89939976 25.79999924
vn 0.9340512753 0.3538861871 -0.04809124395
v -1.100910068 11.90060043 25.5
vn 0.9340333343 0.3539266884 -0.04814151675
v -21.08620071 24.25329971 25.79999924
vn -0.0290520899 0.9995605946 0.005877871998
v -5.39387989 -17.18099976 25.5
vn 0.560346663 -0.8066471219 -0.1879681349
v -35.40769958 -11.85760021 25.5
vn -0.6210326552 -0.7751443982 -0.1160588115
v -40.25249863 10.75580025 25.5
vn -0.928761065 0.3685893416 -0.03930345178
v -21.09259987 24.25979805 25.5
vn -0.02931562625 0.9995526075 0.005935794674
v -21.09890175 24.2663002 25.20000076
vn -0.02958105877 0.9995447993 0.00593277486
v -5.424539566 -17.10479927 25.20000076
vn 0.5610166788 -0.8062268496 -0.1877726465
v -35.36149979 -11.85849953 25.20000076
vn -0.6202769876 -0.7757849693 -0.1158195138
v -40.24840164 10.74709988 25.20000076
vn -0.9292495251 0.3673565388 -0.03930057213
v -1.110479832 11.90190029 25.20000076
vn 0.9340197444 0.3539677262 -0.04810408503
v -5.455200195 -17.02860069 24.89999962
vn 0.5616824031 -0.8057886362 -0.1876633614
v -5.485859871 -16.95240021 24.60000038
vn 0.5623480678 -0.8053568602 -0.1875231713
v -35.31529999 -11.8593998 24.89999962
vn -0.619499445 -0.7764077783 -0.1158076972
v -40.24430084 10.73839951 24.89999962
vn -0.9297388196 0.3661220074 -0.03924833611
v -1.120049953 11.90320015 24.89999962
vn 0.9339980483 0.3540095091 -0.04821733385
v -21.1053009 24.27279854 24.89999962
vn -0.02984582633 0.9995372891 0.005872267298
v -35.26900101 -11.86030006 24.60000038
vn -0.6187255979 -0.7770345211 -0.1157411858
v -35.22280121 -11.86120033 24.29999924
vn -0.6179537773 -0.7776722908 -0.115580827
v -40.24020004 10.72970009 24.60000038
vn -0.9302238226 0.3648839891 -0.03928450868
v -1.12962985 11.90439987 24.60000038
vn 0.9339827895 0.3540495038 -0.04821873456
v -21.11160278 24.27930069 24.60000038
vn -0.03010903671 0.9995280504 0.006097487174
v -5.516520023 -16.87619972 24.29999924
vn 0.5630075336 -0.804905355 -0.1874829829
v -40.23609924 10.7210989 24.29999924
vn -0.9307157397 0.3636470437 -0.03910360485
v -40.23199844 10.71240044 24
vn -0.931197226 0.3624055386 -0.03916594386
v -1.139199853 11.90569878 24.29999924
vn 0.9339661598 0.3540924788 -0.04822545126
v -21.11800194 24.28590012 24.29999924
vn -0.03037246503 0.9995207191 0.005991940387
v -5.547170162 -16.79990005 24
vn 0.5636757016 -0.804469347 -0.1873465776
v -35.17660141 -11.86209965 24
vn -0.6171664596 -0.7782987952 -0.1155703887
v -1.148769975 11.90690136 24
vn 0.933945775 0.3541342616 -0.04831336066
v -1.158349872 11.90820026 23.70000076
vn 0.9339319468 0.3541755676 -0.04827817529
v -21.12440109 24.29240036 24
vn -0.03063692898 0.9995129704 0.005930546205
v -5.577829838 -16.72369957 23.70000076
vn 0.5643497705 -0.8040402532 -0.1871592402
v -35.13040161 -11.86299992 23.70000076
vn -0.6163906455 -0.7789443135 -0.1153616384
v -40.22790146 10.70370007 23.70000076
vn -0.9316820502 0.3611664772 -0.03908159956
v -21.13069916 24.2989006 23.70000076
vn -0.03090321645 0.9995045662 0.005970252212
v -21.13710213 24.30540085 23.39999962
vn -0.03116882965 0.9994968772 0.005875799805
v -5.60848999 -16.64749908 23.39999962
vn 0.5650129914 -0.8035846949 -0.187114656
v -35.08420181 -11.86390018 23.39999962
vn -0.6155843735 -0.7795624733 -0.1154912859
v -40.22389984 10.69499969 23.39999962
vn -0.9321649671 0.3599248827 -0.03902065754
v -1.167919993 11.90950012 23.39999962
vn 0.9339110255 0.3542181849 -0.0483702682
v -5.639149666 -16.57130051 23.10000038
vn 0.5656921864 -0.8031594753 -0.1868881732
v -5.669809341 -16.49510002 22.79999924
vn 0.5663645864 -0.8027102947 -0.186781466
v -35.03789902 -11.86470032 23.10000038
vn -0.6147938967 -0.780198276 -0.115408361
v -40.21979904 10.68630123 23.10000038
vn -0.9326370358 0.3586779535 -0.03922110051
v -1.177490115 11.91069984 23.10000038
vn 0.9338950515 0.3542586565 -0.04838266969
v -21.14340019 24.31190109 23.10000038
vn -0.0314337872 0.9994882941 0.005925131496
v -34.99169922 -11.86559963 22.79999924
vn -0.6140092611 -0.7808517218 -0.1151660532
v -34.94549942 -11.8664999 22.5
vn -0.6132104993 -0.7814902663 -0.1150907576
v -40.21569824 10.67759895 22.79999924
vn -0.9331206679 0.3574343622 -0.03906997293
v -1.187070012 11.9119997 22.79999924
vn 0.9338751435 0.3543022573 -0.04844733328
v -21.14979935 24.31839943 22.79999924
vn -0.03169985116 0.9994801283 0.005877417047
v -5.700469971 -16.41889954 22.5
vn 0.567029655 -0.8022552729 -0.1867186129
v -40.21160126 10.66889858 22.5
vn -0.9335964322 0.3561882675 -0.03908461332
v -40.20750046 10.66020012 22.20000076
vn -0.9340737462 0.3549409509 -0.03902832419
v -1.196640015 11.91320038 22.5
vn 0.9338595271 0.3543441594 -0.04844174534
v -21.15609932 24.32490158 22.5
vn -0.03196518496 0.9994713664 0.005931716412
v -5.731119633 -16.34259987 22.20000076
vn 0.5677018762 -0.8018074036 -0.1865997314
v -34.89929962 -11.86740017 22.20000076
vn -0.6124026179 -0.7821252346 -0.1150787696
v -1.206210136 11.91450024 22.20000076
vn 0.9338417649 0.3543864191 -0.04847555235
v -1.215790033 11.91579914 21.89999962
vn 0.9338210225 0.3544312716 -0.04854661599
v -21.16250038 24.33139992 22.20000076
vn -0.03223239258 0.9994627833 0.005931200925
v -5.761779308 -16.26639938 21.89999962
vn 0.5683869123 -0.8013660908 -0.1864101589
v -34.85309982 -11.86830044 21.89999962
vn -0.6115947962 -0.7827708125 -0.1149855778
v -40.20339966 10.65149975 21.89999962
vn -0.9345489144 0.3536911309 -0.03899839148
v -21.16889954 24.33790207 21.89999962
vn -0.03249894455 0.9994544983 0.005875591189
v -21.17519951 24.34440041 21.60000038
vn -0.03276480362 0.999445498 0.005932242144
v -5.792439938 -16.19020081 21.60000038
vn 0.569064796 -0.8009212613 -0.1862536371
v -34.80680084 -11.86919975 21.60000038
vn -0.6107866168 -0.7834144235 -0.1148979664
v -40.19929886 10.64280128 21.60000038
vn -0.9350188971 0.3524385393 -0.0390736796
v -1.225360155 11.91699982 21.60000038
vn 0.9338057041 0.3544726372 -0.04853961617
v -5.82310009 -16.11400032 21.29999924
vn 0.5697342157 -0.800455153 -0.1862109452
v -5.853759766 -16.03779984 21
vn 0.5704113841 -0.8000041246 -0.1860758215
v -34.76060104 -11.87010002 21.29999924
vn -0.6099701524 -0.7840591073 -0.1148378402
v -40.19520187 10.63409901 21.29999924
vn -0.935495019 0.3511873186 -0.03894291446
v -1.234929919 11.91829872 21.29999924
vn 0.933785677 0.3545165658 -0.04860342294
v -21.18160057 24.35090256 21.29999924
vn -0.03303175047 0.9994370341 0.00587536348
v -34.71440125 -11.87090015 21
vn -0.6091538072 -0.7847058177 -0.1147537753
v -34.66820145 -11.87180042 20.70000076
vn -0.6083338857 -0.7853563428 -0.1146530956
v -40.19110107 10.62539959 21
vn -0.935962677 0.3499344289 -0.03898418322
v -1.244499922 11.91950035 21
vn 0.9337686896 0.3545589149 -0.04862155393
v -21.18790054 24.35740089 21
vn -0.03329797834 0.999427259 0.006034454331
v -5.884409904 -15.96150017 20.70000076
vn 0.5710889101 -0.7995462418 -0.1859658808
v -40.18700027 10.61670017 20.70000076
vn -0.9364359975 0.3486810625 -0.03884767741
v -40.18289948 10.6079998 20.39999962
vn -0.9369003773 0.3474242985 -0.03891106695
v -1.254079938 11.92080021 20.70000076
vn 0.9337533712 0.3546030521 -0.04859287292
v -21.1942997 24.36400032 20.70000076
vn -0.03356608003 0.9994182587 0.006041847635
v -5.915070057 -15.88530064 20.39999962
vn 0.5717801452 -0.7990999818 -0.1857597232
v -34.62200165 -11.87269974 20.39999962
vn -0.6075078845 -0.7860085964 -0.1145629957
v -1.26364994 11.92210007 20.39999962
vn 0.933732748 0.3546461761 -0.0486744456
v -1.273220062 11.92329884 20.10000038
vn 0.9337130189 0.3546876609 -0.04875113815
v -21.20060158 24.37050056 20.39999962
vn -0.0338335596 0.999410212 0.005874038674
v -5.945729733 -15.8090992 20.10000038
vn 0.5724630356 -0.7986466289 -0.1856061518
v -34.57569885 -11.87360001 20.10000038
vn -0.6066848636 -0.7866651416 -0.1144177988
v -40.17879868 10.59930134 20.10000038
vn -0.9373700619 0.3461663723 -0.03881028295
v -21.20700073 24.37700081 20.10000038
vn -0.03410027921 0.9994006157 0.005967514589
v -21.21339989 24.38349915 19.79999924
vn -0.03436809406 0.999391973 0.005873698276
v -5.976389408 -15.73290062 19.79999924
vn 0.5731464028 -0.7981821895 -0.1854951382
v -34.52949905 -11.87450027 19.79999924
vn -0.6058518887 -0.7873212099 -0.1143189594
v -40.17480087 10.59059906 19.79999924
vn -0.9378380179 0.3449070156 -0.03871736303
v -1.282799959 11.92459965 19.79999924
vn 0.9336936474 0.3547339737 -0.04878541082
v -6.007050037 -15.65670109 19.5
vn 0.5738316178 -0.7977256179 -0.1853404194
v -6.037700653 -15.58049965 19.20000076
vn 0.5745059848 -0.7972480655 -0.185306266
v -34.48329926 -11.87539959 19.5
vn -0.6050169468 -0.7879755497 -0.11423219
v -40.17070007 10.58189964 19.5
vn -0.93829602 0.3436457515 -0.03883488104
v -1.292370081 11.92580032 19.5
vn 0.9336779714 0.3547772467 -0.04877005517
v -21.21970177 24.3900013 19.5
vn -0.03463522717 0.9993824363 0.005931179039
v -34.43709946 -11.87629986 19.20000076
vn -0.6041778922 -0.7886315584 -0.114146255
v -34.39089966 -11.87720013 18.89999962
vn -0.6033158302 -0.7892699242 -0.1142931953
v -40.16659927 10.57320023 19.20000076
vn -0.9387595057 0.3423848152 -0.03877183422
v -1.301939845 11.92710018 19.20000076
vn 0.9336585402 0.3548205495 -0.04882725701
v -21.22610092 24.39649963 19.20000076
vn -0.03490424529 0.9993730783 0.005925791804
v -6.068359375 -15.50419903 18.89999962
vn 0.575183928 -0.7967677116 -0.1852692068
v -40.16249847 10.56449986 18.89999962
vn -0.9392200708 0.3411227763 -0.03874215111
v -40.15840149 10.55589962 18.60000038
vn -0.9396780133 0.3398571014 -0.03876090795
v -1.3115201 11.92839909 18.89999962
vn 0.9336396456 0.3548661768 -0.04885688424
v -21.2324028 24.40300179 18.89999962
vn -0.03517174348 0.9993637204 0.005929372739
v -6.099020004 -15.42800045 18.60000038
vn 0.5758897662 -0.7963320017 -0.1849495322
v -34.34460068 -11.87800026 18.60000038
vn -0.6024758816 -0.7899362445 -0.1141205132
v -1.321089864 11.92959976 18.60000038
vn 0.9336203337 0.354909271 -0.0489135012
v -1.330659866 11.93090057 18.29999924
vn 0.9336004853 0.3549553454 -0.04895760119
v -21.23880196 24.40950012 18.60000038
vn -0.03543771803 0.9993543029 0.005933300592
v -6.129680157 -15.35180092 18.29999924
vn 0.5765781999 -0.7958615422 -0.1848297864
v -34.29840088 -11.87889957 18.29999924
vn -0.6016358733 -0.7906114459 -0.113876462
v -40.15430069 10.5472002 18.29999924
vn -0.9401376843 0.33859092 -0.03869571537
v -21.24520111 24.41600227 18.29999924
vn -0.0357064493 0.9993450642 0.005869045388
v -21.25149918 24.42250061 18
vn -0.03597449139 0.9993351102 0.005928861909
v -6.160339832 -15.27559948 18
vn 0.5772680044 -0.7953931689 -0.1846926361
v -34.25220108 -11.87979984 18
vn -0.6007808447 -0.7912737727 -0.1137899607
v -40.15019989 10.53850079 18
vn -0.940592289 0.3373244107 -0.03870877996
v -1.340240121 11.9321003 18
vn 0.9335833192 0.3549999297 -0.04896179587
v -6.190999508 -15.1994009 17.70000076
vn 0.5779486299 -0.7949104309 -0.1846423447
v -6.221650124 -15.12310028 17.39999962
vn 0.5786422491 -0.7944346666 -0.1845174879
v -34.20600128 -11.88070011 17.70000076
vn -0.5999233723 -0.791937232 -0.1136986166
v -40.14609909 10.52980042 17.70000076
vn -0.9410486817 0.3360567689 -0.03864218667
v -1.349809885 11.93340015 17.70000076
vn 0.9335654378 0.3550437093 -0.0489853397
v -21.25790215 24.42900276 17.70000076
vn -0.0362444222 0.9993253946 0.005926390644
v -34.15980148 -11.88160038 17.39999962
vn -0.5990487933 -0.7925925851 -0.1137432456
v -34.11349869 -11.88249969 17.10000038
vn -0.598187089 -0.7932657599 -0.1135853082
v -40.14199829 10.52110004 17.39999962
vn -0.9415005445 0.334787637 -0.03865239397
v -1.359380007 11.93470001 17.39999962
vn 0.9335452318 0.3550902307 -0.04903327674
v -21.26420021 24.43549728 17.39999962
vn -0.03651370481 0.9993159175 0.00586706074
v -6.252309799 -15.04690075 17.10000038
vn 0.5793445706 -0.7939757109 -0.1842890382
v -40.13790131 10.51239967 17.10000038
vn -0.9419521093 0.333515048 -0.03865177557
v -40.13380051 10.50370026 16.79999924
vn -0.942409277 0.3322446942 -0.03844784945
v -1.368959904 11.93589878 17.10000038
vn 0.9335250854 0.3551340103 -0.04909882694
v -21.27059937 24.44199944 17.10000038
vn -0.03678224236 0.9993050098 0.006042215042
v -6.282969475 -14.97069931 16.79999924
vn 0.5800307393 -0.7934874892 -0.184233278
v -34.06729889 -11.88339996 16.79999924
vn -0.5973179936 -0.793939054 -0.1134549901
v -1.378530025 11.93719959 16.79999924
vn 0.9335123897 0.355181098 -0.04899968952
v -1.388100028 11.93849945 16.5
vn 0.9334874153 0.3552244306 -0.04916163161
v -21.27689934 24.44860077 16.79999924
vn -0.03705268353 0.9992948174 0.006079516839
v -6.313630104 -14.89450073 16.5
vn 0.5807336569 -0.7930215001 -0.1840251982
v -34.02109909 -11.8842001 16.5
vn -0.5964390039 -0.7946050763 -0.1134164855
v -40.12979889 10.49500084 16.5
vn -0.9428572655 0.330971241 -0.0384468995
v -21.2833004 24.45509911 16.5
vn -0.03732248768 0.999285996 0.005873990245
v -21.28969955 24.46159935 16.20000076
vn -0.03759162873 0.9992756248 0.005924748257
v -6.34428978 -14.8183012 16.20000076
vn 0.5814294219 -0.7925471067 -0.1838721037
v -33.97489929 -11.88510036 16.20000076
vn -0.5955682397 -0.7952830195 -0.1132402718
v -40.1257019 10.48630047 16.20000076
vn -0.9433018565 0.3296949863 -0.03850814328
v -1.39767015 11.93970013 16.20000076
vn 0.9334684014 0.3552690744 -0.04920022562
v -6.374940395 -14.74209976 15.89999866
vn 0.5821188688 -0.7920464277 -0.1838479936
v -6.405600071 -14.66579914 15.60000038
vn 0.5828177333 -0.7915691137 -0.1836894453
v -33.92869949 -11.88599968 15.89999866
vn -0.5946783423 -0.7959524393 -0.1132137179
v -40.1216011 10.4776001 15.89999866
vn -0.9437460899 0.3284192681 -0.0385248363
v -1.407250047 11.94100094 15.89999866
vn 0.9334487915 0.3553176224 -0.04922186583
v -21.29599953 24.46809959 15.89999866
vn -0.03786182776 0.9992657304 0.005870575551
v -33.88240051 -11.88689995 15.60000038
vn -0.5937880278 -0.7966204882 -0.1131880954
v -33.83620071 -11.88780022 15.30000019
vn -0.592905283 -0.7973104119 -0.1129575595
v -40.11750031 10.46889973 15.60000038
vn -0.944190383 0.3271401823 -0.03852041811
v -1.416820168 11.94219971 15.60000038
vn 0.9334294796 0.3553616107 -0.04926994443
v -21.30240059 24.47459984 15.60000038
vn -0.03813129663 0.9992551208 0.005928875413
v -6.436260223 -14.58960056 15.30000019
vn 0.5835266709 -0.7910952568 -0.1834801286
v -40.11339951 10.46020031 15.30000019
vn -0.944634378 0.3258619905 -0.03846912831
v -40.10929871 10.45150089 15
vn -0.9450774193 0.3245827258 -0.03840192407
v -1.426389933 11.94350052 15.30000019
vn 0.9334128499 0.3554094136 -0.04924051836
v -21.30870056 24.48110008 15.30000019
vn -0.03840269148 0.9992448092 0.005924255121
v -6.466919899 -14.51340103 15
vn 0.5842269063 -0.7906084061 -0.1833500117
v -33.79000092 -11.88869953 15
vn -0.5920109749 -0.7979882956 -0.1128615662
v -1.43596983 11.94480038 15
vn 0.9333899021 0.3554542363 -0.04935184121
v -1.445539951 11.94599915 14.70000076
vn 0.933373034 0.3555004895 -0.04933759198
v -21.31509972 24.48760033 15
vn -0.03867344558 0.9992346764 0.005870363675
v -6.497579575 -14.43719959 14.70000076
vn 0.5849224329 -0.7901154757 -0.18325755
v -33.74380112 -11.8895998 14.70000076
vn -0.5911056995 -0.7986596823 -0.1128571033
v -40.10520172 10.44279861 14.70000076
vn -0.9455159307 0.323301971 -0.03841216117
v -21.3214016 24.49410057 14.70000076
vn -0.03894348443 0.9992238283 0.005928244907
v -21.32780075 24.50060081 14.39999962
vn -0.03921457008 0.9992135763 0.005867417436
v -6.52823019 -14.36100101 14.39999962
vn 0.585632205 -0.7896333337 -0.1830687225
v -33.69760132 -11.89039993 14.39999962
vn -0.5901964903 -0.7993359566 -0.1128280312
v -40.10110092 10.43410015 14.39999962
vn -0.9459549189 0.3220203519 -0.03836952895
v -1.455109954 11.94729996 14.39999962
vn 0.9333503842 0.3555478454 -0.04942485318
v -6.558889866 -14.28479958 14.10000134
vn 0.5863267183 -0.7891318202 -0.1830080301
v -6.589550495 -14.20849895 13.80000019
vn 0.5870331526 -0.7886373401 -0.182874769
v -33.65129852 -11.8913002 14.10000134
vn -0.589297235 -0.8000251651 -0.1126431972
v -40.09700012 10.42539978 14.10000134
vn -0.9463909864 0.3207341135 -0.03838850558
v -1.46468997 11.94849873 14.10000134
vn 0.9333302975 0.3555935323 -0.04947559908
v -21.33419991 24.50709915 14.10000134
vn -0.03948495537 0.9992026091 0.005927883089
v -33.60509872 -11.89220047 13.80000019
vn -0.5883835554 -0.8007102013 -0.1125521585
v -33.55889893 -11.89309978 13.5
vn -0.5874758363 -0.8014059663 -0.11234124
v -40.09289932 10.41670036 13.80000019
vn -0.9468275905 0.3194496036 -0.03833315521
v -1.474259973 11.94979954 13.80000019
vn 0.9333146811 0.3556431532 -0.04941350222
v -21.34050179 24.5136013 13.80000019
vn -0.03975727409 0.999191761 0.005927787162
v -6.620210171 -14.13229942 13.5
vn 0.5877482891 -0.788156867 -0.1826491207
v -40.08879852 10.40800095 13.5
vn -0.9472681284 0.3181656897 -0.03812724724
v -40.08480072 10.39939976 13.19999886
vn -0.9477011561 0.3168787956 -0.03808381036
v -1.483830094 11.9511013 13.5
vn 0.9332910776 0.3556882441 -0.04953454435
v -21.34690094 24.52009964 13.5
vn -0.04002801701 0.9991801381 0.00606876472
v -6.650869846 -14.05610085 13.19999886
vn 0.5884574056 -0.7876616716 -0.182501927
v -33.51269913 -11.89400005 13.19999886
vn -0.5865526795 -0.8020899296 -0.1122840345
v -1.493409991 11.95230007 13.19999886
vn 0.9332751036 0.3557367921 -0.04948667809
v -1.502980113 11.95360088 12.89999962
vn 0.9332521558 0.3557823598 -0.04959120601
v -21.35320282 24.52669907 13.19999886
vn -0.04029719159 0.9991694689 0.006037427578
v -6.681529999 -13.97990131 12.89999962
vn 0.5891652107 -0.7871630192 -0.1823696345
v -33.46649933 -11.89490032 12.89999962
vn -0.5856241584 -0.8027728796 -0.1122500971
v -40.08069992 10.39070034 12.89999962
vn -0.9481265545 0.3155880868 -0.03821217269
v -21.35960197 24.53319931 12.89999962
vn -0.04056924209 0.9991595149 0.005868505221
v -21.36590004 24.53969955 12.60000038
vn -0.04084055126 0.9991481304 0.005922542885
v -6.712180138 -13.90369987 12.60000038
vn 0.5898687243 -0.7866535187 -0.1822939515
v -33.42020035 -11.89579964 12.60000038
vn -0.5846952796 -0.8034629822 -0.1121545136
v -40.07659912 10.38199997 12.60000038
vn -0.9485523701 0.3142962754 -0.03829122707
v -1.512550116 11.95479965 12.60000038
vn 0.9332321882 0.3558298051 -0.04962721467
v -6.742839813 -13.82739925 12.30000019
vn 0.5905686617 -0.7861384749 -0.1822496355
v -6.773499966 -13.75120068 12.00000095
vn 0.5912973881 -0.7856609225 -0.1819459647
v -33.37400055 -11.89669991 12.30000019
vn -0.5837550163 -0.8041473627 -0.112147741
v -40.07249832 10.3732996 12.30000019
vn -0.9489845037 0.3130057752 -0.03815547749
v -1.522130132 11.95609951 12.30000019
vn 0.9332128167 0.3558782637 -0.04964349419
v -21.37229919 24.5461998 12.30000019
vn -0.04111379385 0.9991368651 0.005932419561
v -33.32780075 -11.89750004 12.00000095
vn -0.5828224421 -0.8048474193 -0.111976184
v -33.28160095 -11.89840031 11.69999981
vn -0.5818862319 -0.805550456 -0.1117892414
v -40.06840134 10.36460018 12.00000095
vn -0.9494102597 0.3117130399 -0.03814586997
v -1.531700134 11.95740032 12.00000095
vn 0.9331908822 0.355926156 -0.04971284419
v -21.37870216 24.55270004 12.00000095
vn -0.04138634354 0.9991259575 0.005868174136
v -6.804160595 -13.67499924 11.69999981
vn 0.592012763 -0.7851582766 -0.1817894429
v -40.06430054 10.35589981 11.69999981
vn -0.9498338699 0.3104203641 -0.03814232722
v -40.06019974 10.34720039 11.39999962
vn -0.9502584934 0.3091262281 -0.03807527944
v -1.541269898 11.95859909 11.69999981
vn 0.9331716299 0.3559751213 -0.04972374067
v -21.38500023 24.55920029 11.69999981
vn -0.04165820777 0.9991143942 0.00592188444
v -6.834819317 -13.59879971 11.39999962
vn 0.5927251577 -0.7846494317 -0.18166475
v -33.23540115 -11.89929962 11.39999962
vn -0.5809358358 -0.8062409163 -0.1117546558
v -1.550850153 11.9598999 11.39999962
vn 0.9331499338 0.3560225368 -0.04979074001
v -1.560419917 11.96110058 11.10000038
vn 0.933131516 0.3560710549 -0.04978968948
v -21.39139938 24.56570053 11.39999962
vn -0.04193116724 0.9991032481 0.005868419074
v -6.865469933 -13.52260113 11.10000038
vn 0.5934438109 -0.7841448188 -0.1814975441
v -33.18909836 -11.90019989 11.10000038
vn -0.5799853802 -0.8069391251 -0.1116524264
v -40.05609894 10.33850002 11.10000038
vn -0.95067662 0.3078282773 -0.03815430775
v -21.39769936 24.57220078 11.10000038
vn -0.04220341519 0.9990914464 0.00592533173
v -21.40410042 24.57870102 10.80000019
vn -0.0424775742 0.9990798831 0.005924012046
v -6.896130562 -13.44639969 10.80000019
vn 0.5941489935 -0.7836195827 -0.1814588159
v -33.14289856 -11.90110016 10.80000019
vn -0.5790355206 -0.8076441884 -0.1114842147
v -40.05199814 10.32979965 10.80000019
vn -0.9511010647 0.3065317273 -0.0380146578
v -1.569990039 11.96240044 10.80000019
vn 0.9331105351 0.3561191261 -0.04983923584
v -6.926790237 -13.37009907 10.49999905
vn 0.5948684812 -0.7831071615 -0.1813139021
v -6.957449913 -13.29389954 10.19999981
vn 0.5955880284 -0.7825989127 -0.1811459512
v -33.09669876 -11.90200043 10.49999905
vn -0.5780694485 -0.8083400726 -0.1114542186
v -40.04790115 10.32110023 10.49999905
vn -0.9515177608 0.3052337468 -0.03803044185
v -1.579560041 11.96370125 10.49999905
vn 0.9330893755 0.3561691046 -0.04987773299
v -21.41040039 24.58519936 10.49999905
vn -0.04275105149 0.9990685582 0.00586339226
v -33.05049896 -11.90289974 10.19999981
vn -0.5771073103 -0.809047401 -0.111308001
v -33.00429916 -11.90369987 9.900000572
vn -0.5761299133 -0.8097414374 -0.1113245785
v -40.04380035 10.31239986 10.19999981
vn -0.9519400001 0.3039360344 -0.03785610572
v -1.589139938 11.96490002 10.19999981
vn 0.9330672026 0.3562170565 -0.04994971305
v -21.41679955 24.59170151 10.19999981
vn -0.04302378744 0.9990562201 0.005970728118
v -6.988110065 -13.21770096 9.900000572
vn 0.5963145494 -0.7820935845 -0.1809379309
v -40.03979874 10.30370045 9.900000572
vn -0.952354908 0.3026349545 -0.03784530982
v -40.03570175 10.29500008 9.600000381
vn -0.9527619481 0.301330477 -0.03800740093
v -1.59871006 11.96619987 9.900000572
vn 0.9330468178 0.3562673032 -0.04997300357
v -21.42320061 24.59819984 9.900000572
vn -0.04329758883 0.9990450144 0.00586790964
v -7.018760204 -13.14149952 9.600000381
vn 0.5970382094 -0.7815794349 -0.1807731837
v -32.95800018 -11.90460014 9.600000381
vn -0.5751628876 -0.8104546666 -0.1111344919
v -1.608279824 11.9673996 9.600000381
vn 0.9330269694 0.3563165367 -0.04999196529
v -1.617860079 11.96869946 9.300001144
vn 0.9330083728 0.3563658595 -0.04998797551
v -21.42950058 24.604702 9.600000381
vn -0.04357071221 0.9990321398 0.006031345576
v -7.04941988 -13.06529999 9.300001144
vn 0.5977482796 -0.781044364 -0.1807394624
v -32.91180038 -11.90550041 9.300001144
vn -0.5741900206 -0.8111671209 -0.1109671742
v -40.03160095 10.28629971 9.300001144
vn -0.9531802535 0.3000280857 -0.0378231518
v -21.43589973 24.61129951 9.300001144
vn -0.04384580255 0.9990200996 0.006032903679
v -21.44220161 24.61779785 9
vn -0.04412024096 0.9990090132 0.00586684281
v -7.080080032 -12.98899937 9
vn 0.5984740853 -0.780523777 -0.180586189
v -32.86560059 -11.90639973 9
vn -0.5732012987 -0.8118708134 -0.1109327525
v -40.02750015 10.27760029 9
vn -0.953587234 0.2987233996 -0.03789049014
v -1.627429843 11.97000027 9
vn 0.9329853654 0.3564157188 -0.05006130785
v -7.110740662 -12.91280079 8.699999809
vn 0.5992078185 -0.7800176144 -0.1803401411
v -7.141400337 -12.83659935 8.399998665
vn 0.5999327898 -0.7794886231 -0.1802167296
v -32.81940079 -11.9073 8.699999809
vn -0.5722193718 -0.8125874996 -0.1107542142
v -40.02339935 10.26889992 8.699999809
vn -0.9539978504 0.297418654 -0.03781889379
v -1.636999846 11.97120094 8.699999809
vn 0.9329624772 0.3564639986 -0.05014366657
v -21.44860077 24.6243 8.699999809
vn -0.04439396039 0.9989965558 0.005919434596
v -32.77320099 -11.90820026 8.399998665
vn -0.5712219477 -0.8132945895 -0.1107131168
v -32.72689819 -11.90909958 8.100000381
vn -0.5702265501 -0.8140045404 -0.1106265709
v -40.01929855 10.2602005 8.399998665
vn -0.9544036388 0.2961126268 -0.03782915324
v -1.646579862 11.97249985 8.399998665
vn 0.9329425097 0.3565154374 -0.05015034601
v -21.45490265 24.63079834 8.399998665
vn -0.04466874525 0.9989846349 0.005867539905
v -7.172060013 -12.76039982 8.100000381
vn 0.6006616354 -0.7789685726 -0.1800375283
v -40.01520157 10.25150013 8.100000381
vn -0.9548102021 0.29480353 -0.03779362515
v -40.01110077 10.24289989 7.799999714
vn -0.9552171826 0.2934939861 -0.03770121187
v -1.656149864 11.97370052 8.100000381
vn 0.9329211116 0.3565635681 -0.05020535365
v -21.4613018 24.63730049 8.100000381
vn -0.04494196177 0.9989717007 0.005981859751
v -7.202710629 -12.68420124 7.799999714
vn 0.6013807058 -0.7784284353 -0.1799734533
v -32.68069839 -11.90999985 7.799999714
vn -0.5692254305 -0.8147190809 -0.1105223745
v -1.665719986 11.97500038 7.799999714
vn 0.9329001307 0.3566160202 -0.05022333935
v -1.675299883 11.97630024 7.499998569
vn 0.9328773022 0.3566671312 -0.05028452352
v -21.46770096 24.64379883 7.799999714
vn -0.04521627724 0.9989597201 0.005916688126
v -7.233370304 -12.6079998 7.499998569
vn 0.6021077633 -0.7778939605 -0.1798533946
v -32.6344986 -11.91079998 7.499998569
vn -0.5682185888 -0.8154358268 -0.1104174107
v -40.00699997 10.23419952 7.499998569
vn -0.9556159973 0.2921844423 -0.03776657581
v -21.47400284 24.65029907 7.499998569
vn -0.0454916209 0.9989475012 0.005865800194
v -21.48040199 24.65679932 7.200000286
vn -0.04576622695 0.9989346266 0.005922704469
v -7.26402998 -12.53169918 7.200000286
vn 0.6028381586 -0.7773675919 -0.1796823591
v -32.5882988 -11.91170025 7.200000286
vn -0.5672104359 -0.8161548376 -0.1102888212
v -40.00289917 10.22550011 7.200000286
vn -0.9560191631 0.2908744216 -0.03767583147
v -1.684870005 11.97749996 7.200000286
vn 0.9328559041 0.356716454 -0.05033181608
v -7.294690132 -12.45549965 6.899999142
vn 0.6035790443 -0.776843071 -0.1794636995
v -7.325349808 -12.37930107 6.600000858
vn 0.6043125391 -0.77631253 -0.1792908013
v -32.542099 -11.91259956 6.899999142
vn -0.5661966205 -0.8168829679 -0.1101074889
v -39.99879837 10.21679974 6.899999142
vn -0.95642066 0.2895639539 -0.03758013621
v -1.694440126 11.97879982 6.899999142
vn 0.9328353405 0.3567692637 -0.0503375642
v -21.48670006 24.66329956 6.899999142
vn -0.0460418947 0.99892205 0.005907447543
v -32.49580002 -11.91349983 6.600000858
vn -0.5651734471 -0.8175978065 -0.1100582257
v -32.44960022 -11.9144001 6.300000191
vn -0.5641517043 -0.8183262348 -0.1098862514
v -39.99480057 10.20809937 6.600000858
vn -0.9568181038 0.2882490456 -0.03757154942
v -1.704010129 11.97999954 6.600000858
vn 0.9328125715 0.3568180501 -0.05041477084
v -21.49309921 24.6697998 6.600000858
vn -0.04631684348 0.998909235 0.005919431802
v -7.355999947 -12.30309963 6.300000191
vn 0.6050447822 -0.7757716775 -0.1791622937
v -39.99069977 10.19939995 6.300000191
vn -0.9572110176 0.2869338989 -0.03763002902
v -39.98659897 10.19069958 5.999999046
vn -0.9576070905 0.2856190503 -0.0375559032
v -1.713590026 11.98130131 6.300000191
vn 0.9327937961 0.3568707407 -0.05038845539
v -21.49939919 24.67630005 6.300000191
vn -0.04659381881 0.9988963604 0.005921512842
v -7.386660099 -12.2269001 5.999999046
vn 0.6057723761 -0.7752193809 -0.1790941209
v -32.40340042 -11.91530037 5.999999046
vn -0.5631206632 -0.8190506101 -0.1097781062
v -1.723160148 11.98260021 5.999999046
vn 0.9327675104 0.3569223583 -0.05050887913
v -1.732729912 11.98380089 5.700000763
vn 0.932748735 0.3569741547 -0.05048985034
v -21.50580025 24.68280029 5.999999046
vn -0.04687004164 0.9988830686 0.005981618073
v -7.417319775 -12.15060043 5.700000763
vn 0.6064997315 -0.7746735811 -0.1789942831
v -32.35720062 -11.91619968 5.700000763
vn -0.5620759726 -0.8197619319 -0.1098226011
v -39.98249817 10.18200016 5.700000763
vn -0.9580021501 0.284301877 -0.03747464344
v -21.5121994 24.68939972 5.700000763
vn -0.04714559391 0.9988698363 0.006026186049
v -21.51849937 24.69589806 5.399999619
vn -0.04742227495 0.9988577366 0.005864467937
v -7.447980404 -12.07439995 5.399999619
vn 0.6072510481 -0.7741496563 -0.1787133515
v -32.31100082 -11.91699982 5.399999619
vn -0.561034739 -0.8204908967 -0.1097026691
v -39.97840118 10.17329979 5.399999619
vn -0.9583888054 0.2829842269 -0.03756108508
v -1.742310166 11.98509979 5.399999619
vn 0.9327257872 0.3570257425 -0.05054950342
v -7.478640079 -11.99820042 5.099998474
vn 0.6079937816 -0.7736083865 -0.1785317659
v -7.509290218 -11.92199993 4.800000191
vn 0.6087296009 -0.7730611563 -0.1783946902
v -32.26470184 -11.91790009 5.099998474
vn -0.5599950552 -0.8212276101 -0.1095024496
v -39.97430038 10.16459942 5.099998474
vn -0.9587786794 0.2816642821 -0.03753172234
v -1.75187993 11.98629951 5.099998474
vn 0.9327023625 0.3570785522 -0.05060882121
v -21.52490044 24.70240021 5.099998474
vn -0.04769822583 0.9988442659 0.005921456963
v -32.21849823 -11.91880035 4.800000191
vn -0.558950901 -0.8219618201 -0.1093283445
v -32.17229843 -11.91969967 4.499999046
vn -0.5578945875 -0.8226950169 -0.1092086509
v -39.97019958 10.1559 4.800000191
vn -0.9591671228 0.2803447545 -0.0374860093
v -1.761449933 11.98760033 4.800000191
vn 0.9326838255 0.3571292758 -0.05059158057
v -21.53120041 24.70889854 4.800000191
vn -0.04797612503 0.9988309741 0.005917502567
v -7.539950371 -11.8458004 4.499999046
vn 0.6094713211 -0.7725094557 -0.1782523096
v -39.96609879 10.14719963 4.499999046
vn -0.9595551491 0.2790245712 -0.03740607947
v -39.9620018 10.13850021 4.200000763
vn -0.9599378705 0.2777031958 -0.03741988167
v -1.771029949 11.98890018 4.499999046
vn 0.9326571226 0.3571827114 -0.05070736259
v -21.53759956 24.7154007 4.499999046
vn -0.04825333506 0.9988179207 0.005864679813
v -7.570610046 -11.76959991 4.200000763
vn 0.610204339 -0.7719519138 -0.1781597435
v -32.12609863 -11.92059994 4.200000763
vn -0.5568360686 -0.8234266043 -0.1090971977
v -1.780599952 11.99009991 4.200000763
vn 0.9326369166 0.3572334945 -0.0507209301
v -1.790170074 11.99139977 3.899999857
vn 0.9326122999 0.3572875857 -0.05079210922
v -21.54389763 24.72189903 4.200000763
vn -0.04852980375 0.9988042116 0.005917960778
v -7.601270199 -11.69330025 3.899999857
vn 0.6109467745 -0.7713968158 -0.1780195385
v -32.07989883 -11.92150021 3.899999857
vn -0.555760622 -0.8241510987 -0.1091102958
v -39.957901 10.12979984 3.899999857
vn -0.9603221416 0.2763807476 -0.03735132888
v -21.5503006 24.72839928 3.899999857
vn -0.04880740866 0.9987909794 0.005865079816
v -21.55669975 24.73489952 3.599998951
vn -0.04908430576 0.9987770915 0.005920483731
v -7.631929874 -11.61709976 3.599998951
vn 0.6116936207 -0.7708460689 -0.1778404415
v -32.03359985 -11.92240047 3.599998951
vn -0.5546870232 -0.8248865604 -0.1090159714
v -39.9538002 10.12109947 3.599998951
vn -0.9607017636 0.275053829 -0.03738325462
v -1.79974997 11.99260044 3.599998951
vn 0.9325891137 0.3573424816 -0.05083186179
v -7.662590504 -11.54090023 3.300000429
vn 0.6124431491 -0.7703015208 -0.1776201576
v -7.693240166 -11.46469975 2.999999523
vn 0.6131917238 -0.769742012 -0.1774628907
v -31.98740005 -11.92319965 3.300000429
vn -0.5536209345 -0.8256343007 -0.1087741628
v -39.9496994 10.11240005 3.300000429
vn -0.9610849619 0.2737304866 -0.03724606708
v -1.809320092 11.99390125 3.300000429
vn 0.9325718284 0.3573945463 -0.05078354478
v -21.56300163 24.74139977 3.300000429
vn -0.04936306924 0.9987630844 0.005963298958
v -31.94120026 -11.92409992 2.999999523
vn -0.552539885 -0.8263770342 -0.1086308062
v -31.89499855 -11.92500019 2.70000124
vn -0.5514557958 -0.8271164894 -0.1085116789
v -39.9457016 10.10369968 2.999999523
vn -0.9614651203 0.2724054754 -0.03714916483
v -1.818889856 11.99520016 2.999999523
vn 0.9325437546 0.3574489355 -0.05091583356
v -21.56940079 24.74790001 2.999999523
vn -0.04964112863 0.9987499118 0.005859650206
v -7.723899841 -11.38850021 2.70000124
vn 0.6139373779 -0.769184351 -0.1773028374
v -39.9416008 10.09500027 2.70000124
vn -0.9618355632 0.2710777223 -0.03727280349
v -39.9375 10.0862999 2.400000095
vn -0.9622126222 0.2697505057 -0.03716825694
v -1.828470111 11.99639988 2.70000124
vn 0.9325234294 0.3575006723 -0.05092420056
v -21.57570267 24.75440025 2.70000124
vn -0.04991855472 0.9987357259 0.005919256713
v -7.754559517 -11.31229973 2.400000095
vn 0.6146767735 -0.7686083913 -0.1772386581
v -31.84880066 -11.92590046 2.400000095
vn -0.5503630638 -0.8278566599 -0.1084153876
v -1.838039875 11.99769974 2.400000095
vn 0.9324980378 0.3575550616 -0.05100759491
v -1.847609878 11.99889946 2.099999189
vn 0.9324771762 0.3576110005 -0.05099737644
v -21.58210182 24.7609005 2.400000095
vn -0.05019618571 0.998721838 0.005915463436
v -7.785220623 -11.23600006 2.099999189
vn 0.615429163 -0.7680466175 -0.177063182
v -31.80260086 -11.92679977 2.099999189
vn -0.5492588878 -0.8285911679 -0.1084035113
v -39.9333992 10.07769966 2.099999189
vn -0.9625836015 0.268421948 -0.03718205914
v -21.58839989 24.76740074 2.099999189
vn -0.0504722409 0.9987072349 0.006030910648
v -21.59480286 24.77400208 1.800000787
vn -0.05075200275 0.998693049 0.006032403093
v -7.815880299 -11.15979958 1.800000787
vn 0.6161866784 -0.7674922347 -0.1768321991
v -31.75629997 -11.92770004 1.800000787
vn -0.5481625795 -0.8293418288 -0.1082124785
v -39.9292984 10.0690012 1.800000787
vn -0.9629554152 0.2670899034 -0.03714578971
v -1.857179999 12.00020027 1.800000787
vn 0.9324576855 0.3576637805 -0.05098276213
v -7.846529484 -11.08360004 1.499999762
vn 0.6169392467 -0.7669224739 -0.1766799986
v -7.87719059 -11.00739956 1.199998856
vn 0.6176865101 -0.7663459778 -0.176570639
v -31.71010017 -11.92860031 1.499999762
vn -0.5470585227 -0.8300940394 -0.1080318466
v -39.92520142 10.06029892 1.499999762
vn -0.9633256793 0.2657571733 -0.03710512444
v -1.866759896 12.00150013 1.499999762
vn 0.932428658 0.3577183485 -0.0511306338
v -21.60120201 24.78050041 1.499999762
vn -0.05103114992 0.9986798763 0.005861378275
v -31.66390228 -11.92949963 1.199998856
vn -0.5459389091 -0.8308344483 -0.1080039069
v -31.61770058 -11.93029976 0.900000453
vn -0.5448228121 -0.8315826654 -0.1078812853
v -39.92110062 10.05160046 1.199998856
vn -0.963691473 0.2644256353 -0.0371186994
v -1.876330018 12.00269985 1.199998856
vn 0.9324076176 0.3577741683 -0.05112451687
v -21.60750008 24.78700256 1.199998856
vn -0.05130949616 0.9986652732 0.00591869792
v -7.907850266 -10.93120003 0.900000453
vn 0.618434906 -0.7657715678 -0.1764431298
v -39.91699982 10.04290009 0.900000453
vn -0.9640578628 0.2630932927 -0.03707240894
v -39.91289902 10.03419971 0.5999994278
vn -0.9644212127 0.2617602646 -0.03705824912
v -1.885900021 12.00399971 0.900000453
vn 0.9323816299 0.3578263521 -0.05123296008
v -21.61389923 24.7935009 0.900000453
vn -0.05158898607 0.9986512661 0.005854416173
v -7.938509941 -10.85490036 0.5999994278
vn 0.6191926003 -0.7651993036 -0.1762683392
v -31.57150078 -11.93120003 0.5999994278
vn -0.543695569 -0.8323314786 -0.1077935845
v -1.895480037 12.00520039 0.5999994278
vn 0.9323603511 0.3578833938 -0.05122190341
v -7.999820232 -10.70250034 6.030359145e-08
vn 0.09794476628 -0.04122401401 -0.994337678
v -31.52519989 -11.9321003 0.2999984324
vn -0.5425692797 -0.8330909014 -0.1076016426
v -1.905050039 12.00650024 0.2999984324
vn 0.9323372245 0.3579398692 -0.05124806985
v -39.90470123 10.01679897 6.030359145e-08
vn -0.1961058527 0.09022302181 -0.9764232039
v -21.63290024 24.81299973 6.030359145e-08
vn 0.002195244189 0.1437193155 -0.9896160364
v -21.6201992 24.79999924 0.5999994278
vn -0.05186774582 0.9986364245 0.005916178226
v -31.47900009 -11.93299961 6.030359145e-08
vn -0.01874528825 -0.05058849603 -0.9985436201
v -7.969169617 -10.77869987 0.2999984324
vn 0.6199585199 -0.7646329403 -0.1760336608
v -39.90879822 10.02550125 0.2999984324
vn -0.9647834897 0.2604235411 -0.03704630584
v -21.62660027 24.80649948 0.2999984324
vn -0.05214843899 0.9986218214 0.005917909089
v -1.914620161 12.0078001 6.030359145e-08
vn 0.1743749976 0.1267808378 -0.9764834642
v 32.3606987 -19.02109909 60
vn 0.1190163419 -0.1020975485 0.987629056
v 32.35290146 19.01650047 59.70000076
vn 0.3085736036 0.9511820078 -0.005926167592
v 10 -11.75570011 60
vn -0.1579510272 -0.1197782531 0.9801554084
v 46.18030167 4.043593194e-08 60
vn 0.1050981134 0.01165490225 0.9943935871
v 10 11.75570011 60
vn -0.1412250847 0.170491159 0.9751862884
v 32.3606987 19.02109909 60
vn 0.1082501411 0.1817826033 0.9773622751
v 32.34500122 19.01180077 59.40000153
vn 0.3083056808 0.9512684345 -0.005993762519
v 46.18650055 0.007338495459 59.70000076
vn 0.9993146062 0.0009228097042 0.03700563312
v 32.4056015 -19.03219986 59.70000076
vn 0.3085759282 -0.9450876713 0.1076574847
v 9.990429878 11.75699997 59.70000076
vn -0.8079268336 0.5870509148 0.05123921111
v 9.950659752 -11.82139969 59.70000076
vn -0.795604229 -0.5796074867 0.1762640923
v 46.19269943 0.01467801724 59.40000153
vn 0.999316752 0.002306635492 0.03688838705
v 46.19889832 0.02201754041 59.09999847
vn 0.9993059039 0.003689949866 0.0370686464
v 32.45040131 -19.04330063 59.40000153
vn 0.309863627 -0.9446524382 0.1077787653
v 9.98085022 11.75819969 59.40000153
vn -0.8079632521 0.5870008469 0.05123862252
v 9.901320457 -11.88710022 59.40000153
vn -0.7950267792 -0.5803591013 0.1763964593
v 32.33720016 19.00720024 59.09999847
vn 0.3080413043 0.9513553381 -0.005790484603
v 32.49530029 -19.05439949 59.09999847
vn 0.3111429214 -0.9442021847 0.1080383658
v 32.54019928 -19.06559944 58.79999924
vn 0.3124197423 -0.9437736869 0.1080979109
v 9.971280098 11.75949955 59.09999847
vn -0.808000803 0.58695364 0.0511871092
v 9.851980209 -11.9527998 59.09999847
vn -0.7944454551 -0.5811055899 0.1765579432
v 32.32939911 19.00259972 58.79999924
vn 0.3077728152 0.9514412284 -0.00596036762
v 46.20510101 0.02935697883 58.79999924
vn 0.999297142 0.005072714295 0.03714132309
v 9.961709976 11.76070023 58.79999924
vn -0.8080402017 0.5869086981 0.0510808751
v 9.952139854 11.76200104 58.5
vn -0.8080691695 0.5868589282 0.05119439587
v 9.802639961 -12.01840019 58.79999924
vn -0.7938737869 -0.5818564296 0.1766563952
v 32.32160187 18.99790001 58.5
vn 0.3075080514 0.9515273571 -0.005873104557
v 46.2112999 0.03669641912 58.5
vn 0.9992868304 0.006454964168 0.03720391914
v 32.58509827 -19.07670021 58.5
vn 0.3136908114 -0.9433399439 0.1082029194
v 9.753299713 -12.08409977 58.5
vn -0.7932817936 -0.5825889707 0.1769014448
v 9.703960419 -12.1498003 58.20000076
vn -0.7927063704 -0.5833309889 0.1770356894
v 32.31370163 18.99329948 58.20000076
vn 0.3072438538 0.9516123533 -0.005929590203
v 46.21760178 0.04403585941 58.20000076
vn 0.9992783666 0.00783682242 0.0371654965
v 32.62990189 -19.08779907 58.20000076
vn 0.314959228 -0.9429097176 0.1082678214
v 9.942560196 11.76329994 58.20000076
vn -0.8081122637 0.5868161917 0.05100286379
v 32.30590057 18.98859978 57.90000153
vn 0.3069781363 0.951697886 -0.005960398819
v 32.29809952 18.98399925 57.59999847
vn 0.3067112863 0.9517849684 -0.005791565403
v 46.22380066 0.05137538165 57.90000153
vn 0.9992672205 0.009218169376 0.03714963049
v 32.67480087 -19.09889984 57.90000153
vn 0.316218704 -0.9424703121 0.1084223837
v 9.932990074 11.76449966 57.90000153
vn -0.8081459999 0.5867685676 0.05101657286
v 9.654620171 -12.21549988 57.90000153
vn -0.7921269536 -0.5840694904 0.1771940291
v 46.22999954 0.05871490389 57.59999847
vn 0.9992509484 0.0105988821 0.0372190699
v 46.23619843 0.06605426222 57.29999924
vn 0.9992361665 0.01197737362 0.03719748929
v 32.71969986 -19.11000061 57.59999847
vn 0.3174716532 -0.9420395494 0.1085044444
v 9.923419952 11.76580048 57.59999847
vn -0.8081839085 0.5867192745 0.05098292604
v 9.605279922 -12.28120136 57.59999847
vn -0.7915455699 -0.5848024487 0.1773745716
v 32.29029846 18.97940063 57.29999924
vn 0.3064462543 0.9518691301 -0.005990938749
v 32.76449966 -19.12109947 57.29999924
vn 0.3187228441 -0.9416028857 0.1086268425
v 32.80939865 -19.13220024 57
vn 0.3199667633 -0.9411634207 0.1087779924
v 9.913840294 11.76700115 57.29999924
vn -0.8082209826 0.5866757035 0.05089631677
v 9.555939674 -12.34689903 57.29999924
vn -0.790971458 -0.5855380893 0.177508533
v 32.28239822 18.97470093 57
vn 0.3061826825 0.9519543052 -0.00593153853
v 46.24240112 0.07339378446 57
vn 0.9992189407 0.0133579839 0.03718904406
v 9.904270172 11.76830006 57
vn -0.8082524538 0.5866274834 0.05095235258
v 9.89470005 11.76959991 56.70000076
vn -0.8082945943 0.5865834355 0.05079120025
v 9.50660038 -12.41259956 57
vn -0.7903946638 -0.5862694979 0.1776635647
v 32.27460098 18.9701004 56.70000076
vn 0.3059172928 0.9520398378 -0.005896801595
v 46.24860001 0.08073330671 56.70000076
vn 0.9991949201 0.01473796181 0.03731358796
v 32.85430145 -19.1432991 56.70000076
vn 0.3212031424 -0.940728426 0.1088968292
v 9.457260132 -12.47830009 56.70000076
vn -0.7898259759 -0.5870049596 0.1777642667
v 9.407919884 -12.54390049 56.40000153
vn -0.7892482877 -0.5877309442 0.1779310405
v 32.26679993 18.9654007 56.40000153
vn 0.3056549728 0.9521237016 -0.00596035365
v 46.25479889 0.08807282895 56.40000153
vn 0.9991739988 0.01611660607 0.03730314225
v 32.89920044 -19.15439987 56.40000153
vn 0.3224408031 -0.940302968 0.1089137569
v 9.885120392 11.77079964 56.40000153
vn -0.8083248138 0.5865397453 0.05081465095
v 32.25899887 18.96080017 56.09999847
vn 0.3053875864 0.9522103071 -0.005825538654
v 32.25109863 18.95619965 55.79999924
vn 0.3051236868 0.9522938132 -0.005997320637
v 46.26100159 0.09541226923 56.09999847
vn 0.9991502166 0.01749286056 0.037320178
v 32.94400024 -19.16550064 56.09999847
vn 0.3236614168 -0.9398627877 0.1090928689
v 9.87555027 11.7721014 56.09999847
vn -0.8083627224 0.5864902139 0.05078333989
v 9.358579636 -12.60960007 56.09999847
vn -0.7886674404 -0.5884503126 0.1781287342
v 46.26720047 0.1027520373 55.79999924
vn 0.999124229 0.0188711714 0.03734583408
v 46.27339935 0.1100909859 55.5
vn 0.9990954399 0.02024884894 0.03739412129
v 32.98889923 -19.1765995 55.79999924
vn 0.3248845041 -0.939422965 0.1092452481
v 9.865980148 11.77330017 55.79999924
vn -0.8084006906 0.5864479542 0.05066704005
v 9.309240341 -12.67529964 55.79999924
vn -0.7880904675 -0.5891724229 0.1782953888
v 32.24330139 18.95149994 55.5
vn 0.3048612177 0.9523785114 -0.005895230919
v 33.03379822 -19.18770027 55.5
vn 0.3261022568 -0.9389873147 0.1093624607
v 33.07870102 -19.19879913 55.20000076
vn 0.3273128271 -0.93855685 0.1094410419
v 9.856399536 11.77460003 55.5
vn -0.80842942 0.5864008665 0.0507530719
v 9.259900093 -12.74100113 55.5
vn -0.7875181437 -0.5898942351 0.1784375757
v 32.23550034 18.94689941 55.20000076
vn 0.3045962751 0.9524632692 -0.005898681004
v 46.27959824 0.1174309999 55.20000076
vn 0.9990639091 0.02162516676 0.03746596351
v 9.846830368 11.77589989 55.20000076
vn -0.8084716797 0.5863580704 0.05057415366
v 9.837260246 11.77709961 54.90000153
vn -0.8085009456 0.5863130689 0.05062808841
v 9.210559845 -12.8066988 55.20000076
vn -0.7869420648 -0.5906103253 0.1786103249
v 32.22769928 18.94219971 54.90000153
vn 0.3043345213 0.9525463581 -0.005996125285
v 46.28580093 0.1247700304 54.90000153
vn 0.9990357161 0.02299924567 0.03739893064
v 33.12350082 -19.2098999 54.90000153
vn 0.3285219669 -0.93812114 0.1095538214
v 9.161219597 -12.87240028 54.90000153
vn -0.7863709927 -0.5913273096 0.1787531376
v 9.111880302 -12.93809986 54.59999847
vn -0.7858091593 -0.5920492411 0.1788342297
v 32.21979904 18.93759918 54.59999847
vn 0.3040682375 0.9526324868 -0.005822990555
v 46.29199982 0.1321100444 54.59999847
vn 0.9990006089 0.02437517419 0.03746580333
v 33.16839981 -19.22100067 54.59999847
vn 0.3297180533 -0.937684238 0.1097010598
v 9.827679634 11.77840042 54.59999847
vn -0.8085372448 0.5862628818 0.05062974989
v 32.2120018 18.93300056 54.29999924
vn 0.3038071096 0.9527153373 -0.00589588983
v 32.20420074 18.92830086 54
vn 0.3035441041 0.9527987242 -0.005964254495
v 46.2981987 0.1394490749 54.29999924
vn 0.9989627004 0.02575038373 0.03755610436
v 33.2132988 -19.23209953 54.29999924
vn 0.3309134841 -0.9372450709 0.1098540351
v 9.818110466 11.77970028 54.29999924
vn -0.8085759282 0.5862246156 0.05045443028
v 9.062540054 -13.00370026 54.29999924
vn -0.7852282524 -0.592754066 0.1790508926
v 46.3044014 0.1467889249 54
vn 0.9989253283 0.0271243006 0.03758263588
v 46.31060028 0.1541279554 53.70000076
vn 0.9988883138 0.02849586681 0.03755137697
v 33.2582016 -19.24329948 54
vn 0.332102865 -0.9368078113 0.1099945381
v 9.808540344 11.7809 54
vn -0.8086063266 0.5861800909 0.05048432946
v 9.013199806 -13.06939983 54
vn -0.7846540809 -0.5934606791 0.1792272627
v 32.19639969 18.92370033 53.70000076
vn 0.3032789528 0.9528833628 -0.005932545289
v 33.3030014 -19.25440025 53.70000076
vn 0.3332894146 -0.9363856316 0.1100004464
v 33.34790039 -19.26549911 53.40000153
vn 0.3344712555 -0.9359463453 0.1101518422
v 9.798959732 11.78219986 53.70000076
vn -0.8086440563 0.5861352086 0.05040140823
v 8.963859558 -13.13510036 53.70000076
vn -0.7840880156 -0.5941706896 0.1793520749
v 32.18849945 18.91900063 53.40000153
vn 0.3030182123 0.9529659152 -0.005997505039
v 46.31679916 0.1614679694 53.40000153
vn 0.9988484383 0.02986942418 0.03754553944
v 9.78938961 11.78339958 53.40000153
vn -0.808675766 0.5860921144 0.05039421842
v 9.779820442 11.78470039 53.09999847
vn -0.808709681 0.5860432982 0.05041679367
v 8.914520264 -13.2008009 53.40000153
vn -0.7835179567 -0.5948771834 0.1795013547
v 32.18069839 18.9144001 53.09999847
vn 0.3027531207 0.9530513883 -0.00579430256
v 46.32300186 0.1688069999 53.09999847
vn 0.9988016486 0.03124222532 0.03767186031
v 33.39279938 -19.27659988 53.09999847
vn 0.3356425464 -0.9355143309 0.1102589369
v 8.865180016 -13.26650047 53.09999847
vn -0.7829483747 -0.5955802798 0.1796549708
v 8.815839767 -13.33220005 52.79999924
vn -0.7823771834 -0.5962795019 0.1798240393
v 32.17290115 18.90979958 52.79999924
vn 0.3024924994 0.9531335235 -0.005899952725
v 46.32920074 0.1761470139 52.79999924
vn 0.9987568855 0.0326134935 0.03769692779
v 33.43769836 -19.28770065 52.79999924
vn 0.336815536 -0.9350840449 0.1103319898
v 9.77025032 11.78600025 52.79999924
vn -0.8087474108 0.5860046148 0.05026143044
v 32.1651001 18.90509987 52.5
vn 0.3022299409 0.9532161951 -0.005996981636
v 32.15719986 18.90049934 52.20000076
vn 0.3019659221 0.9533002377 -0.005934722722
v 46.33539963 0.1834860444 52.5
vn 0.9987137914 0.03398252279 0.03762950003
v 33.48249817 -19.29879951 52.5
vn 0.3379813731 -0.9346503615 0.1104412004
v 9.760669708 11.78719997 52.5
vn -0.8087775111 0.5859596133 0.05030209944
v 8.766500473 -13.39789963 52.5
vn -0.7818219066 -0.5969881415 0.1798879206
v 46.34159851 0.1908250749 52.20000076
vn 0.9986633658 0.03535339981 0.03770506382
v 46.34780121 0.198164925 51.90000153
vn 0.9986123443 0.0367237404 0.03774665669
v 33.52740097 -19.30990028 52.20000076
vn 0.3391391933 -0.9342213869 0.1105213389
v 9.751099586 11.78849888 52.20000076
vn -0.8088163137 0.585916996 0.0501742661
v 8.717160225 -13.46350002 52.20000076
vn -0.7812548876 -0.5976862311 0.1800331175
v 32.1493988 18.89579964 51.90000153
vn 0.3017063439 0.9533822536 -0.005963981617
v 33.57229996 -19.32099915 51.90000153
vn 0.3402936459 -0.9337810278 0.1106941849
v 33.61719894 -19.33209991 51.59999847
vn 0.3414413333 -0.9333536625 0.110764496
v 9.741530418 11.78969955 51.90000153
vn -0.8088446856 0.5858753324 0.05020368472
v 8.667819977 -13.5291996 51.90000153
vn -0.7806765437 -0.5983738303 0.1802577823
v 32.14160156 18.89119911 51.59999847
vn 0.3014411926 0.9534665346 -0.005898056086
v 46.35400009 0.2055039555 51.59999847
vn 0.9985584617 0.03809231892 0.03781570867
v 9.731949806 11.79100037 51.59999847
vn -0.8088797927 0.5858299136 0.05016821623
v 9.722379684 11.79230022 51.29999924
vn -0.8089127541 0.5857871771 0.05013544858
v 8.618479729 -13.59490013 51.59999847
vn -0.7801100016 -0.5990657806 0.1804121286
v 32.13380051 18.8864994 51.29999924
vn 0.3011809587 0.9535485506 -0.005932359025
v 46.36019897 0.2128439695 51.29999924
vn 0.9985079765 0.03945874795 0.0377461873
v 33.66199875 -19.34320068 51.29999924
vn 0.3425871432 -0.9329209328 0.1108720005
v 8.569140434 -13.66060066 51.29999924
vn -0.7795481086 -0.5997585058 0.1805392653
v 8.519800186 -13.72630024 51
vn -0.7789808512 -0.6004470587 0.1806990951
v 32.12590027 18.88190079 51
vn 0.3009205163 0.9536310434 -0.005892049056
v 46.36640167 0.220183 51
vn 0.9984500408 0.0408269316 0.03782361746
v 33.70690155 -19.35429955 51
vn 0.3437268436 -0.9324845672 0.1110154092
v 9.712809563 11.79349995 51
vn -0.8089468479 0.585744381 0.05008569732
v 32.11809921 18.87730026 50.70000076
vn 0.3006576002 0.9537138939 -0.005900293589
v 32.11029816 18.87260056 50.40000153
vn 0.3003979325 0.9537953138 -0.005967923906
v 46.37260056 0.2275230139 50.70000076
vn 0.9983903766 0.04219435528 0.0378992036
v 33.75180054 -19.36540031 50.70000076
vn 0.344860971 -0.9320533276 0.1111192331
v 9.703229904 11.7947998 50.70000076
vn -0.8089830875 0.5857030153 0.04998415336
v 8.470459938 -13.79199982 50.70000076
vn -0.7784180045 -0.6011357307 0.1808346957
v 46.37879944 0.2348620445 50.40000153
vn 0.998332262 0.0435603708 0.03788337484
v 46.38499832 0.2422020584 50.09999847
vn 0.9982711077 0.04492381588 0.03790331632
v 33.79669952 -19.37649918 50.40000153
vn 0.3459948003 -0.931625247 0.1111846417
v 9.693659782 11.79599857 50.40000153
vn -0.809012115 0.5856615901 0.04999923334
v 8.42111969 -13.8577013 50.40000153
vn -0.7778614759 -0.6018265486 0.1809318066
v 32.10250092 18.86800003 50.09999847
vn 0.3001333773 0.9538788199 -0.005930079613
v 33.84149933 -19.38759995 50.09999847
vn 0.347117871 -0.9312024713 0.1112255752
v 33.88639832 -19.39870071 49.79999924
vn 0.3482347429 -0.9307605028 0.1114334464
v 9.684089661 11.79730034 50.09999847
vn -0.809045136 0.5856163502 0.0499943383
v 8.371780396 -13.92329979 50.09999847
vn -0.7773005962 -0.6025093198 0.1810697168
v 32.09460068 18.86330032 49.79999924
vn 0.2998741865 0.9539602995 -0.005936042406
v 46.39120102 0.249540925 49.79999924
vn 0.9982090592 0.04628923908 0.03789367899
v 9.674510002 11.79859924 49.79999924
vn -0.8090788126 0.5855752826 0.04993004724
v 9.66493988 11.79979992 49.5
vn -0.8091115355 0.5855340958 0.04988318682
v 8.322440147 -13.98900032 49.79999924
vn -0.7767300606 -0.6031846404 0.1812695861
v 32.08679962 18.8586998 49.5
vn 0.2996147871 0.9540422559 -0.005864041392
v 46.3973999 0.256880939 49.5
vn 0.9981403947 0.04765381664 0.03801133484
v 33.93130112 -19.40979958 49.5
vn 0.3493480682 -0.9303186536 0.1116381735
v 8.273099899 -14.0546999 49.5
vn -0.7761577368 -0.6038559079 0.1814862937
v 8.223759651 -14.12040043 49.20000076
vn -0.7756051421 -0.6045378447 0.1815782934
v 32.07899857 18.85409927 49.20000076
vn 0.2993529141 0.9541242123 -0.005901357159
v 46.40359879 0.2642199695 49.20000076
vn 0.9980718493 0.049016729 0.0380786173
v 33.9762001 -19.42099953 49.20000076
vn 0.3504596651 -0.9298925996 0.1117037982
v 9.655369759 11.80109882 49.20000076
vn -0.8091463447 0.5854936838 0.04979262874
v 32.07120132 18.84939957 48.90000153
vn 0.2990922928 0.9542053342 -0.005993803497
v 32.06330109 18.84480095 48.59999847
vn 0.2988301814 0.954287827 -0.005937293172
v 46.40980148 0.2715599835 48.90000153
vn 0.9980079532 0.05037748069 0.0379762575
v 34.02099991 -19.4321003 48.90000153
vn 0.3515701592 -0.9294736385 0.1117010713
v 9.6457901 11.80230141 48.90000153
vn -0.8091750145 0.5854505301 0.04983456805
v 8.174420357 -14.18610001 48.90000153
vn -0.7750479579 -0.6052149534 0.1817016751
v 46.41600037 0.278899014 48.59999847
vn 0.9979357123 0.05173975974 0.03804407641
v 46.42219925 0.286239028 48.29999924
vn 0.9978625774 0.05310154706 0.0380852744
v 34.0658989 -19.44319916 48.59999847
vn 0.3526683748 -0.9290404916 0.111842908
v 9.636219978 11.80360031 48.59999847
vn -0.8092100024 0.5854076147 0.04977094755
v 8.125080109 -14.25179958 48.59999847
vn -0.7744878531 -0.6058875918 0.1818481386
v 32.05550003 18.84009933 48.29999924
vn 0.2985721529 0.9543687701 -0.005904679187
v 34.1108017 -19.45429993 48.29999924
vn 0.3537672162 -0.9286147356 0.1119081751
v 34.1556015 -19.4654007 48
vn 0.3548603058 -0.9281944036 0.1119341701
v 9.626649857 11.80490017 48.29999924
vn -0.8092415929 0.5853672624 0.04973152652
v 8.075739861 -14.31750107 48.29999924
vn -0.7739372849 -0.6065650582 0.181933865
v 32.04769897 18.83550072 48
vn 0.2983115315 0.9544503689 -0.005892127752
v 46.42839813 0.2935780585 48
vn 0.9977888465 0.05445996299 0.03809866682
v 9.617079735 11.80609989 48
vn -0.8092727661 0.5853248239 0.0497241132
v 9.607500076 11.80739975 47.70000076
vn -0.8093078732 0.5852864981 0.04960259795
v 8.026399612 -14.38309956 48
vn -0.7733796239 -0.6072342992 0.1820725948
v 32.03979874 18.83090019 47.70000076
vn 0.2980518341 0.9545312524 -0.005933745299
v 46.43460083 0.3009180725 47.70000076
vn 0.9977124929 0.05582003668 0.03813034669
v 34.20050049 -19.47649956 47.70000076
vn 0.3559437692 -0.9277541041 0.1121442541
v 7.977059841 -14.44880009 47.70000076
vn -0.7728134394 -0.6078954339 0.1822706461
v 7.92772007 -14.51449966 47.40000153
vn -0.7722557187 -0.6085612774 0.1824124455
v 32.0320015 18.82620049 47.40000153
vn 0.2977920771 0.9546120763 -0.005967524368
v 46.44079971 0.3082569242 47.40000153
vn 0.9976340532 0.05717935041 0.03816860169
v 34.24539948 -19.48760033 47.40000153
vn 0.3570270538 -0.927325964 0.1122417077
v 9.597929955 11.80860043 47.40000153
vn -0.8093369603 0.5852449536 0.04961881414
v 32.02420044 18.82159996 47.09999847
vn 0.2975308001 0.9546939731 -0.005902656354
v 32.01639938 18.81690025 46.79999924
vn 0.2972728908 0.9547740817 -0.005936365575
v 46.4469986 0.3155969381 47.09999847
vn 0.9975526929 0.05853696913 0.03823731095
v 34.29029846 -19.49869919 47.09999847
vn 0.3581045866 -0.9269028306 0.1123040169
v 9.588359833 11.80990028 47.09999847
vn -0.809368968 0.5852028131 0.04959357157
v 7.878379822 -14.5802002 47.09999847
vn -0.771695435 -0.6092205644 0.1825828254
v 46.45320129 0.3229359686 46.79999924
vn 0.9974748492 0.05989253148 0.038168706
v 46.45940018 0.3302759826 46.5
vn 0.9973897934 0.061249502 0.03823667765
v 34.33509827 -19.50979996 46.79999924
vn 0.3591789007 -0.9264746904 0.1124060825
v 9.578780174 11.81119919 46.79999924
vn -0.8093994856 0.5851621628 0.04957586899
v 7.829030037 -14.64589977 46.79999924
vn -0.771143496 -0.6098839641 0.1826999336
v 32.00849915 18.81229973 46.5
vn 0.2970133424 0.954855144 -0.005897664465
v 34.38000107 -19.52090073 46.5
vn 0.3602463007 -0.9260441065 0.1125383675
v 34.42490005 -19.53199959 46.20000076
vn 0.3613116443 -0.9256170392 0.1126365215
v 9.569210052 11.81239986 46.5
vn -0.8094335198 0.585120976 0.04950524122
v 7.779689789 -14.7116003 46.5
vn -0.7705884576 -0.6105445623 0.1828354001
v 32.0007019 18.8076992 46.20000076
vn 0.2967547774 0.9549354911 -0.005901562981
v 46.46559906 0.3376150131 46.20000076
vn 0.9973023534 0.06260546297 0.03832201287
v 9.559639931 11.81370068 46.20000076
vn -0.8094661832 0.585083127 0.04941873997
v 9.550060272 11.8149004 45.90000153
vn -0.8094937801 0.5850432515 0.04943863675
v 7.730350018 -14.77730083 46.20000076
vn -0.7700443268 -0.6112107635 0.1829020977
v 31.99290085 18.8029995 45.90000153
vn 0.2964959741 0.9550154805 -0.005966922268
v 46.47180176 0.3449540436 45.90000153
vn 0.9972169995 0.06396014988 0.03830555826
v 34.46979904 -19.54310036 45.90000153
vn 0.3623756766 -0.9252030849 0.1126193628
v 7.681019783 -14.84290028 45.90000153
vn -0.7694878578 -0.611864686 0.1830573529
v 7.631669998 -14.90859985 45.59999847
vn -0.7689263821 -0.6125099063 0.1832588762
v 31.98509979 18.79840088 45.59999847
vn 0.2962337136 0.9550970197 -0.005939473398
v 46.47800064 0.3522940576 45.59999847
vn 0.9971290827 0.0653122738 0.03831319138
v 34.51459885 -19.55419922 45.59999847
vn 0.3634241521 -0.9247708321 0.1127909571
v 9.54049015 11.81620026 45.59999847
vn -0.8095258474 0.5850001574 0.04942377284
v 31.97719955 18.79369926 45.29999924
vn 0.2959783971 0.9551761746 -0.005937372334
v 31.96940041 18.78910065 45
vn 0.2957198918 0.9552567005 -0.005860601552
v 46.48419952 0.3596329391 45.29999924
vn 0.9970397353 0.06666625291 0.03830580413
v 34.55950165 -19.56529999 45.29999924
vn 0.3644761145 -0.9243402481 0.1129259765
v 9.530920029 11.81750011 45.29999924
vn -0.8095568419 0.5849620104 0.04936791211
v 7.582330227 -14.97429943 45.29999924
vn -0.7683743238 -0.6131625772 0.1833917499
v 46.49039841 0.3669729531 45
vn 0.996943593 0.06801892817 0.03843099624
v 46.4966011 0.3743119836 44.70000076
vn 0.9968482256 0.0693699196 0.03848912567
v 34.60440063 -19.57640076 45
vn 0.3655186892 -0.9239043593 0.113122955
v 9.52134037 11.81869888 45
vn -0.8095882535 0.584921658 0.04933051392
v 7.532989979 -15.03999996 45
vn -0.7678121924 -0.6138047576 0.183597818
v 31.96159935 18.78450012 44.70000076
vn 0.2954603136 0.9553367496 -0.005905797239
v 34.64929962 -19.58760071 44.70000076
vn 0.3665619493 -0.9234846234 0.113174364
v 34.69409943 -19.59869957 44.40000153
vn 0.367605567 -0.9230703115 0.1131694093
v 9.511770248 11.81999969 44.70000076
vn -0.8096219897 0.5848836899 0.04922690988
v 7.483650208 -15.10569954 44.70000076
vn -0.7672712803 -0.6144592762 0.1836697161
v 31.9538002 18.77980042 44.40000153
vn 0.2952034771 0.9554155469 -0.006001229864
v 46.50279999 0.3816519976 44.40000153
vn 0.9967575669 0.07071899623 0.03838253766
v 9.502200127 11.82120037 44.40000153
vn -0.8096482158 0.5848439336 0.04926837981
v 9.492630005 11.82250023 44.09999847
vn -0.809681356 0.5848014355 0.04922801629
v 7.434309959 -15.17140007 44.40000153
vn -0.7667217851 -0.615105629 0.1838008165
v 31.94589996 18.77519989 44.09999847
vn 0.2949423492 0.9554966092 -0.005935203284
v 46.50899887 0.3889910281 44.09999847
vn 0.996657908 0.07206926495 0.03845767304
v 34.73899841 -19.60980034 44.09999847
vn 0.3686344326 -0.9226434827 0.113303192
v 7.384970188 -15.2371006 44.09999847
vn -0.7661810517 -0.6157569885 0.18387492
v 7.33562994 -15.30270004 43.79999924
vn -0.7656328678 -0.6164007187 0.184001416
v 31.93810081 18.77050018 43.79999924
vn 0.2946865857 0.9555757046 -0.005904962774
v 46.51520157 0.3963310421 43.79999924
vn 0.996557951 0.07341887057 0.03849633411
v 34.78390121 -19.6208992 43.79999924
vn 0.3696660995 -0.9222278595 0.1133257449
v 9.483050346 11.82380104 43.79999924
vn -0.8097106814 0.5847639441 0.04919103161
v 31.93029976 18.76589966 43.5
vn 0.294429034 0.9556546807 -0.005971803796
v 31.92250061 18.76119995 43.20000076
vn 0.29417032 0.9557349086 -0.005885166116
v 46.52140045 0.4036700726 43.5
vn 0.9964552522 0.07476664335 0.03855935484
v 34.8288002 -19.63199997 43.5
vn 0.3706895709 -0.9218017459 0.1134496108
v 9.473480225 11.82499981 43.5
vn -0.8097430468 0.584728241 0.04908243567
v 7.286290169 -15.36839962 43.5
vn -0.7650722265 -0.6170316339 0.1842184961
v 46.52759933 0.4110100865 43.20000076
vn 0.9963517785 0.07611195743 0.03860247135
v 46.53390121 0.4183489382 42.90000153
vn 0.9962453246 0.07745878398 0.03867062554
v 34.87360001 -19.64310074 43.20000076
vn 0.3717066646 -0.921374321 0.1135937199
v 9.463910103 11.82630062 43.20000076
vn -0.8097704053 0.5846861005 0.04913300276
v 7.236949921 -15.4340992 43.20000076
vn -0.764526248 -0.6176707149 0.1843435317
v 31.91460228 18.75659943 42.90000153
vn 0.2939148843 0.9558134079 -0.005895867944
v 34.91849899 -19.6541996 42.90000153
vn 0.3727255166 -0.920953095 0.113670744
v 34.96340179 -19.66530037 42.59999847
vn 0.3737342954 -0.9205326438 0.1137641743
v 9.454330444 11.82750034 42.90000153
vn -0.8098008037 0.58464849 0.04907995835
v 7.187610149 -15.49979973 42.90000153
vn -0.7639786601 -0.6183083653 0.1844760031
v 31.90679932 18.75200081 42.59999847
vn 0.2936538458 0.9558935761 -0.005908342078
v 46.5401001 0.4256889522 42.59999847
vn 0.9961410165 0.07880502194 0.03863732144
v 9.444760323 11.82879925 42.59999847
vn -0.8098327518 0.5846076012 0.04903886095
v 9.435190201 11.83010006 42.29999924
vn -0.8098617792 0.5845698714 0.04901003838
v 7.138269901 -15.56550026 42.59999847
vn -0.7634322643 -0.6189431548 0.1846092194
v 31.89900017 18.74729919 42.29999924
vn 0.2933986187 0.9559719563 -0.0059060934
v 46.54629898 0.4330279827 42.29999924
vn 0.9960341454 0.08014960587 0.03862700239
v 35.00830078 -19.67639923 42.29999924
vn 0.3747444153 -0.9201155901 0.1138152629
v 7.08893013 -15.63119984 42.29999924
vn -0.7628843188 -0.6195741892 0.1847576201
v 7.039589882 -15.69690037 42
vn -0.7623507977 -0.6202145219 0.1848112941
v 31.89119911 18.74270058 42
vn 0.2931415439 0.9560502172 -0.005999735091
v 46.55250168 0.4403679967 42
vn 0.9959248304 0.08149142563 0.03863708302
v 35.05310059 -19.6875 42
vn 0.3757488728 -0.9196946025 0.1139061376
v 9.425609589 11.83129883 42
vn -0.809893012 0.5845330954 0.04893231392
v 31.88330269 18.73800087 41.70000076
vn 0.292884469 0.9561293721 -0.005939591676
v 31.87549973 18.73340034 41.40000153
vn 0.2926293015 0.9562079906 -0.005866475403
v 46.55870056 0.4477070272 41.70000076
vn 0.9958144426 0.08283495903 0.03862551227
v 35.09799957 -19.69860077 41.70000076
vn 0.3767482042 -0.9192786813 0.1139624491
v 9.416040421 11.83259964 41.70000076
vn -0.8099213839 0.5844935775 0.04893460125
v 6.990250111 -15.76249981 41.70000076
vn -0.7618070841 -0.6208449006 0.1849368364
v 46.56489944 0.4550470412 41.40000153
vn 0.9956973791 0.08417715877 0.03874175996
v 46.57109833 0.4623860717 41.09999847
vn 0.9955818057 0.08551786095 0.03877620399
v 35.14289856 -19.70969963 41.40000153
vn 0.3777404726 -0.9188510776 0.1141263992
v 9.406470299 11.83380032 41.40000153
vn -0.8099501729 0.584456265 0.0489042215
v 6.940909863 -15.82820129 41.40000153
vn -0.7612507939 -0.6214634776 0.1851494461
v 31.86770058 18.72879982 41.09999847
vn 0.2923701704 0.9562869668 -0.005904680584
v 35.18780136 -19.7208004 41.09999847
vn 0.3787313402 -0.9184373021 0.1141729653
v 35.23260117 -19.73189926 40.79999924
vn 0.3797190785 -0.9180186391 0.1142593548
v 9.396889687 11.83510017 41.09999847
vn -0.8099802136 0.5844169855 0.04887600988
v 6.891570091 -15.89389896 41.09999847
vn -0.760707736 -0.6220884919 0.185282737
v 31.85989952 18.72410011 40.79999924
vn 0.2921151519 0.9563646913 -0.005941091571
v 46.57730103 0.4697259367 40.79999924
vn 0.9954690337 0.08685644716 0.03869634122
v 9.387319565 11.83640099 40.79999924
vn -0.8100094795 0.5843791962 0.04884184152
v 9.377750397 11.83759975 40.5
vn -0.8100419641 0.5843427181 0.04874033481
v 6.842229843 -15.95960045 40.79999924
vn -0.760168016 -0.6227134466 0.1853984445
v 31.85199928 18.71949959 40.5
vn 0.2918584943 0.9564426541 -0.006005147006
v 46.58349991 0.4770649672 40.5
vn 0.9953485131 0.0881960392 0.03876645863
v 35.27750015 -19.74300003 40.5
vn 0.3807007074 -0.9175959229 0.1143881902
v 6.792890072 -16.02529907 40.5
vn -0.7596231699 -0.6233341694 0.1855456084
v 6.743549824 -16.0909996 40.20000076
vn -0.7590733171 -0.6239472032 0.1857353151
v 31.84420013 18.71479988 40.20000076
vn 0.2916031778 0.9565211535 -0.00590439653
v 46.58969879 0.4844049811 40.20000076
vn 0.9952273369 0.08953483403 0.03880835697
v 35.32239914 -19.7541008 40.20000076
vn 0.3816756904 -0.9171665907 0.1145824641
v 9.368169785 11.83889961 40.20000076
vn -0.8100682497 0.5843040943 0.04876577482
v 31.83639908 18.71019936 39.90000153
vn 0.2913484573 0.9565989971 -0.005865347106
v 31.82859993 18.70560074 39.59999847
vn 0.2910891175 0.9566774964 -0.00594317168
v 46.59590149 0.4917440116 39.90000153
vn 0.9951022267 0.09087144583 0.03890870139
v 35.36729813 -19.76530075 39.90000153
vn 0.3826530874 -0.9167540669 0.1146237478
v 9.358599663 11.84010029 39.90000153
vn -0.810097456 0.5842673779 0.0487212874
v 6.694210052 -16.15670013 39.90000153
vn -0.7585419416 -0.6245722175 0.1858053207
v 46.60210037 0.4990840256 39.59999847
vn 0.9949821234 0.09220606089 0.03884061053
v 46.60829926 0.5064230561 39.29999924
vn 0.9948580265 0.09354228526 0.03882511333
v 35.41210175 -19.77639961 39.59999847
vn 0.3836252093 -0.916349411 0.1146101132
v 9.349029541 11.84139919 39.59999847
vn -0.8101271391 0.5842272043 0.0487087518
v 6.644869804 -16.22240067 39.59999847
vn -0.7580140233 -0.6251969337 0.1858589351
v 31.8207016 18.70089912 39.29999924
vn 0.2908361554 0.956754446 -0.005941297393
v 35.45700073 -19.78750038 39.29999924
vn 0.3845939934 -0.9159366488 0.1146625131
v 35.50189972 -19.79859924 39
vn 0.3855522275 -0.9155133367 0.1148250252
v 9.339460373 11.8427 39.29999924
vn -0.8101553321 0.5841913819 0.04866997898
v 6.595530033 -16.28800011 39.29999924
vn -0.7574743629 -0.6258119345 0.1859893054
v 31.81290245 18.69630051 39
vn 0.2905798256 0.9568321705 -0.005967184901
v 46.61449814 0.5137620568 39
vn 0.9947266579 0.09487690032 0.03895192221
v 9.329879761 11.84390068 39
vn -0.8101865649 0.5841562152 0.04857197031
v 9.320309639 11.84519958 38.70000076
vn -0.8102130294 0.5841185451 0.04858326167
v 6.546189785 -16.35370064 39
vn -0.7569251657 -0.6264174581 0.1861867458
v 31.80509949 18.6916008 38.70000076
vn 0.290324986 0.9569098353 -0.005910917185
v 46.62070084 0.5211020708 38.70000076
vn 0.9945992827 0.09621035308 0.03893370554
v 35.54679871 -19.80970001 38.70000076
vn 0.3865128458 -0.9151027203 0.1148688644
v 6.496850014 -16.41939926 38.70000076
vn -0.7563873529 -0.6270284057 0.1863157153
v 6.447509766 -16.48509979 38.40000153
vn -0.7558496594 -0.6276371479 0.1864482015
v 31.79730034 18.68700027 38.40000153
vn 0.2900712192 0.9569869041 -0.005899124313
v 46.62689972 0.5284409523 38.40000153
vn 0.9944693446 0.09754098952 0.03894226253
v 35.59159851 -19.82080078 38.40000153
vn 0.3874690831 -0.9146876335 0.1149531826
v 9.310740471 11.84640026 38.40000153
vn -0.8102402091 0.5840813518 0.04857764393
v 31.78940201 18.68239975 38.09999847
vn 0.2898129523 0.957064867 -0.005938346963
v 31.78160286 18.67770004 37.79999924
vn 0.2895602882 0.9571415186 -0.00591013534
v 46.6330986 0.5357809663 38.09999847
vn 0.9943364859 0.09887301922 0.03897598758
v 35.63650131 -19.83189964 38.09999847
vn 0.3884159625 -0.914270103 0.1150793359
v 9.301159859 11.84770012 38.09999847
vn -0.8102710247 0.5840422511 0.04853386804
v 6.398169994 -16.55080032 38.09999847
vn -0.7553138733 -0.6282454729 0.1865707189
v 46.6393013 0.5431200266 37.79999924
vn 0.9942018986 0.1002041921 0.03900943696
v 46.64550018 0.5504600406 37.5
vn 0.9940669537 0.1015319228 0.03901550919
v 35.6814003 -19.84300041 37.79999924
vn 0.3893655539 -0.9138608575 0.1151207909
v 9.291589737 11.84899998 37.79999924
vn -0.8102994561 0.5840069652 0.04848387837
v 6.348830223 -16.61650085 37.79999924
vn -0.7547783256 -0.6288513541 0.1866964996
v 31.7737999 18.67309952 37.5
vn 0.2893051207 0.9572182894 -0.0059742257
v 35.7262001 -19.85409927 37.5
vn 0.3903090358 -0.9134480953 0.1152015999
v 35.77109909 -19.86520004 37.20000076
vn 0.391248703 -0.913038671 0.1152599081
v 9.282019615 11.8501997 37.5
vn -0.8103293777 0.583972156 0.04840215296
v 6.299489975 -16.68219948 37.5
vn -0.7542519569 -0.6294625998 0.1867639124
v 31.76600075 18.66839981 37.20000076
vn 0.2890507877 0.9572953582 -0.005939416587
v 46.65169907 0.5577990413 37.20000076
vn 0.9939287305 0.1028594002 0.03905918077
v 9.272439957 11.85149956 37.20000076
vn -0.8103536963 0.5839343667 0.04845087603
v 9.262869835 11.85270023 36.90000153
vn -0.8103851676 0.5839008689 0.04832857847
v 6.250150204 -16.74780083 37.20000076
vn -0.753719151 -0.6300671101 0.1868765056
v 31.7580986 18.66379929 36.90000153
vn 0.2887966037 0.9573716521 -0.0060070334
v 46.65790176 0.5651390553 36.90000153
vn 0.9937896729 0.1041885018 0.03907448053
v 35.81600189 -19.87630081 36.90000153
vn 0.3921812773 -0.9126194119 0.1154108271
v 6.200809956 -16.81349945 36.90000153
vn -0.7531741858 -0.6306596994 0.1870748401
v 6.151470184 -16.87919998 36.59999847
vn -0.7526387572 -0.6312558651 0.1872189641
v 31.75029945 18.65909958 36.59999847
vn 0.2885404527 0.9574494362 -0.005911330227
v 46.66410065 0.5724779367 36.59999847
vn 0.9936485887 0.1055157408 0.03910189867
v 35.86090088 -19.88739967 36.59999847
vn 0.3931122124 -0.9122138023 0.1154503599
v 9.253299713 11.85400105 36.59999847
vn -0.8104090691 0.5838598609 0.04842296243
v 31.74250031 18.65449905 36.29999924
vn 0.2882896662 0.9575256705 -0.005802975968
v 31.73469925 18.64990044 36
vn 0.2880340219 0.9576013684 -0.006002977025
v 46.67029953 0.5798179507 36.29999924
vn 0.99350667 0.1068394035 0.03911268339
v 35.90570068 -19.89850044 36.29999924
vn 0.3940412998 -0.9118021727 0.1155346408
v 9.243720055 11.85529995 36.29999924
vn -0.8104390502 0.5838261843 0.04832726717
v 6.102129936 -16.94490051 36.29999924
vn -0.7521104217 -0.6318556666 0.1873186827
v 46.67649841 0.5871569514 36
vn 0.9933601022 0.1081625149 0.03919867799
v 46.68270111 0.5944969654 35.70000076
vn 0.9932175875 0.1094879359 0.0391304791
v 35.95059967 -19.9095993 36
vn 0.3949639499 -0.9113873839 0.115657106
v 9.234149933 11.85650063 36
vn -0.8104689717 0.5837914348 0.04824525863
v 6.052790165 -17.01059914 36
vn -0.7515766621 -0.6324506998 0.1874529868
v 31.72680092 18.64520073 35.70000076
vn 0.2877800465 0.9576780796 -0.005943736993
v 35.99549866 -19.92070007 35.70000076
vn 0.3958837092 -0.910977602 0.1157406196
v 36.04040146 -19.93180084 35.40000153
vn 0.3967995048 -0.910561502 0.1158787683
v 9.224579811 11.85779953 35.70000076
vn -0.8104925752 0.5837519765 0.04832595959
v 6.003449917 -17.07629967 35.70000076
vn -0.7510444522 -0.633043468 0.1875852197
v 31.71899986 18.6406002 35.40000153
vn 0.2875292897 0.9577535987 -0.005908148829
v 46.68889999 0.6018360257 35.40000153
vn 0.9930663109 0.1108106226 0.03924643993
v 9.215000153 11.85910034 35.40000153
vn -0.8105241656 0.5837208629 0.04817156866
v 9.205430031 11.86030006 35.09999847
vn -0.8105502725 0.5836827159 0.04819491506
v 5.954110146 -17.1420002 35.40000153
vn -0.7505146265 -0.6336353421 0.1877074242
v 31.71120071 18.6359005 35.09999847
vn 0.2872724235 0.9578302503 -0.005975546781
v 46.69509888 0.6091760397 35.09999847
vn 0.9929198623 0.1121303439 0.03920336068
v 36.08520126 -19.94300079 35.09999847
vn 0.3977121413 -0.9101628065 0.1158823296
v 5.904769897 -17.20759964 35.09999847
vn -0.7499966621 -0.6342340112 0.1877557337
v 5.855430126 -17.27330017 34.79999924
vn -0.7494581342 -0.6348152161 0.1879417449
v 31.70339966 18.63129997 34.79999924
vn 0.2870213687 0.9579063654 -0.005837566685
v 46.70130157 0.6165150404 34.79999924
vn 0.9927664399 0.1134492904 0.03929450363
v 36.13010025 -19.95409966 34.79999924
vn 0.3986207247 -0.9097530246 0.115978457
v 9.195859909 11.86159992 34.79999924
vn -0.8105768561 0.5836476684 0.04817168415
v 31.69550133 18.62669945 34.5
vn 0.2867664397 0.9579817057 -0.006007179152
v 31.68770218 18.62199974 34.20000076
vn 0.2865142524 0.9580577612 -0.005909689702
v 46.70750046 0.6238550544 34.5
vn 0.9926156998 0.1147702113 0.03926646709
v 36.17499924 -19.96520042 34.5
vn 0.3995260298 -0.9093453884 0.1160598993
v 9.186289787 11.86279964 34.5
vn -0.8106073737 0.5836132169 0.04807570204
v 5.806089878 -17.3390007 34.5
vn -0.7489270568 -0.6354011893 0.1880785525
v 46.71369934 0.6311929822 34.20000076
vn 0.9924610257 0.116089128 0.03929894045
v 46.71989822 0.6385329962 33.90000153
vn 0.9923058152 0.1174045876 0.03931087255
v 36.21989822 -19.97629929 34.20000076
vn 0.4004298449 -0.9089432955 0.1160948724
v 9.176710129 11.86410141 34.20000076
vn -0.810629189 0.5835757256 0.04816329852
v 5.756750107 -17.40469933 34.20000076
vn -0.7484000325 -0.6359863281 0.1881987453
v 31.67989922 18.61739922 33.90000153
vn 0.2862634957 0.9581326842 -0.005912531167
v 36.26470184 -19.98740005 33.90000153
vn 0.4013289511 -0.9085361958 0.1161766425
v 36.30960083 -19.99850082 33.59999847
vn 0.4022195041 -0.9081272483 0.1162944809
v 9.167140007 11.86540031 33.90000153
vn -0.8106609583 0.58354491 0.04800160974
v 5.707409859 -17.47039986 33.90000153
vn -0.7478753328 -0.6365709305 0.1883079857
v 31.67210007 18.61269951 33.59999847
vn 0.2860072851 0.9582086205 -0.006005225237
v 46.72610092 0.6458719969 33.59999847
vn 0.9921478033 0.1187197343 0.03934956342
v 9.157569885 11.86660099 33.59999847
vn -0.8106862903 0.5835055709 0.04805204645
v 9.147990227 11.86789989 33.29999924
vn -0.8107141852 0.5834709406 0.04800200835
v 5.658070087 -17.53610039 33.59999847
vn -0.7473461032 -0.6371517181 0.1884448379
v 31.66419792 18.60810089 33.29999924
vn 0.2857570946 0.9582843184 -0.005837712903
v 46.7322998 0.6532120109 33.29999924
vn 0.9919890165 0.1200363636 0.03935794905
v 36.35449982 -20.00959969 33.29999924
vn 0.403111577 -0.9077216387 0.1163721532
v 5.608729839 -17.60180092 33.29999924
vn -0.7468321323 -0.6377426386 0.1884834915
v 5.559390068 -17.66740036 33
vn -0.7463051677 -0.6383199692 0.1886167824
v 31.65639877 18.60350037 33
vn 0.2855035365 0.9583590627 -0.005973149557
v 46.73849869 0.6605510116 33
vn 0.9918258786 0.1213506013 0.03943937272
v 36.3993988 -20.02070045 33
vn 0.4040032029 -0.907330215 0.1163327247
v 9.138420105 11.86909962 33
vn -0.8107424378 0.5834386945 0.04791600257
v 31.64859962 18.59880066 32.70000076
vn 0.2852514088 0.9584344625 -0.005914214533
v 31.64080048 18.59420013 32.40000153
vn 0.2850014269 0.9585086703 -0.005943283439
v 46.74470139 0.6678910851 32.70000076
vn 0.9916676283 0.1226621866 0.0393609181
v 36.44419861 -20.03179932 32.70000076
vn 0.4048826694 -0.9069185853 0.1164847091
v 9.128849983 11.87040043 32.70000076
vn -0.8107638359 0.5834018588 0.04800336063
v 5.51004982 -17.73310089 32.70000076
vn -0.7457711697 -0.6388870478 0.1888086945
v 46.75090027 0.6752300858 32.40000153
vn 0.9914997816 0.1239725426 0.0394833982
v 46.75709915 0.682569921 32.09999847
vn 0.9913375378 0.1252853572 0.03941426054
v 36.48910141 -20.04290009 32.40000153
vn 0.4057624638 -0.9065098166 0.1166054606
v 9.119270325 11.87170029 32.40000153
vn -0.8107941747 0.5833706856 0.04786861688
v 5.460710049 -17.79879951 32.40000153
vn -0.745249927 -0.6394651532 0.1889096946
v 31.63290024 18.58950043 32.09999847
vn 0.2847459912 0.9585841894 -0.006008601282
v 36.5340004 -20.05400085 32.09999847
vn 0.4066366553 -0.9061084986 0.1166792959
v 36.57889938 -20.06509972 31.79999924
vn 0.4075129628 -0.9057104588 0.1167123243
v 9.109700203 11.87290001 32.09999847
vn -0.810821712 0.5833326578 0.04786650464
v 5.411369801 -17.86450005 32.09999847
vn -0.7447248101 -0.6400381327 0.1890400201
v 31.62509918 18.5848999 31.79999924
vn 0.2844971418 0.9586592913 -0.005807117559
v 46.76330185 0.6899089813 31.79999924
vn 0.9911664128 0.1265951544 0.03953195736
v 9.100130081 11.87419987 31.79999924
vn -0.8108472228 0.5832990408 0.04784375802
v 9.090550423 11.87539959 31.5
vn -0.8108755946 0.5832665563 0.04775935411
v 5.362030029 -17.93020058 31.79999924
vn -0.744201839 -0.640609324 0.1891646236
v 31.61730003 18.58029938 31.5
vn 0.2842438519 0.9587333798 -0.005974301603
v 46.76950073 0.697247982 31.5
vn 0.9910001159 0.1279019713 0.03949468583
v 36.62369919 -20.07620049 31.5
vn 0.4083828032 -0.9053091407 0.1167856455
v 5.312689781 -17.9958992 31.5
vn -0.7436810136 -0.6411801577 0.1892791539
v 5.26335001 -18.06159973 31.20000076
vn -0.743170023 -0.641757369 0.1893299669
v 31.60950089 18.57559967 31.20000076
vn 0.2839930058 0.9588079453 -0.005945092067
v 46.77569962 0.704587996 31.20000076
vn 0.9908291101 0.1292083561 0.03953285888
v 36.66859818 -20.08729935 31.20000076
vn 0.4092475772 -0.9049025178 0.1169096828
v 9.080980301 11.87670135 31.20000076
vn -0.8108963966 0.5832297206 0.04785499722
v 31.60160065 18.57099915 30.89999962
vn 0.2837412953 0.9588824511 -0.00594521733
v 31.5938015 18.56629944 30.60000038
vn 0.2834910154 0.9589563012 -0.005972816609
v 46.7818985 0.7119270563 30.89999962
vn 0.9906569123 0.1305162609 0.03955296054
v 36.71350098 -20.09840012 30.89999962
vn 0.4101114869 -0.9045110941 0.1169112474
v 9.071410179 11.87800026 30.89999962
vn -0.8109283447 0.5831974745 0.0477062352
v 5.214009762 -18.12719917 30.89999962
vn -0.7426496148 -0.6423249841 0.1894470006
v 46.7881012 0.7192670703 30.60000038
vn 0.9904828072 0.1318221986 0.03958236426
v 46.79430008 0.726606071 30.29999924
vn 0.9903073311 0.1331240684 0.03961478919
v 36.75839996 -20.10950089 30.60000038
vn 0.4109656811 -0.9040973783 0.117111899
v 9.061829567 11.87919998 30.60000038
vn -0.8109514117 0.5831643343 0.04771993309
v 5.164669991 -18.1928997 30.60000038
vn -0.7421078086 -0.6428710818 0.1897177696
v 31.58600235 18.56170082 30.29999924
vn 0.2832389176 0.9590311646 -0.00591565622
v 36.80319977 -20.12070084 30.29999924
vn 0.4118204415 -0.9036989212 0.1171841621
v 46.80049896 0.733946085 30
vn 0.9901310205 0.1344260871 0.03962634131
v 9.052260399 11.88049984 30.29999924
vn -0.8109807968 0.5831313729 0.04762329534
v 5.115330219 -18.25860023 30.29999924
vn -0.7416130304 -0.6434527636 0.1896802932
v 5.066150188 -18.32410049 30.00099945
vn -0.7291262746 -0.6332845688 0.2594716549
v 31.57819939 18.55699921 30
vn 0.2829877138 0.9591047168 -0.006009584758
v 36.84809875 -20.1317997 30
vn 0.3297969997 -0.932297349 0.1485110819
v 46.80670166 0.7412849665 29.70000076
vn 0.989952445 0.1357294917 0.03964401037
v 5.065989971 -18.32430077 30.00099945
vn -0.05780829489 -0.9624621868 0.2651881278
v 5.065989971 -18.32430077 30
vn -0.9836130142 0.1234112456 0.1314346045
v 9.042690277 11.88169956 30
vn -0.8581799865 0.5092661381 0.06461483985
v 31.57029724 18.55240059 29.70000076
vn 0.282738924 0.9591791034 -0.005838599056
v 36.89300156 -20.14290047 29.70000076
vn 0.4157063663 -0.9004226327 0.1281692535
v 46.81290054 0.7486249804 29.39999962
vn 0.9897705913 0.1370304376 0.03970908001
v 5.201580048 -18.41430092 29.70100021
vn -0.06066451967 -0.9805026054 0.1869076341
v 5.035329819 -18.24810028 29.70000076
vn -0.9869971871 0.1265266538 0.0991339162
v 9.033120155 11.88300037 29.70000076
vn -0.8099241257 0.5845906138 0.0477145575
v 31.56249809 18.54780006 29.39999962
vn 0.282487303 0.9592528343 -0.005913197063
v 36.93790054 -20.15399933 29.39999962
vn 0.4184991121 -0.8990855217 0.1284669936
v 46.81909943 0.7559639812 29.10000038
vn 0.9895930886 0.1383286715 0.03963187709
v 5.337170124 -18.50440025 29.40099907
vn -0.06319959462 -0.9805240631 0.1859526038
v 5.004670143 -18.1718998 29.39999962
vn -0.9877364039 0.1215118468 0.09803941101
v 9.023539543 11.88430023 29.39999962
vn -0.8090775609 0.5857707262 0.04760415852
v 31.55470276 18.54310036 29.10000038
vn 0.2822375 0.9593259096 -0.005978902802
v 36.98270035 -20.1651001 29.10000038
vn 0.4212895036 -0.8977208734 0.1288892031
v 46.82529831 0.7633039951 28.79999924
vn 0.9894058108 0.139625445 0.03976034001
v 5.472770214 -18.59440041 29.10099983
vn -0.06572130322 -0.980555594 0.1849093437
v 4.974009991 -18.09560013 29.10000038
vn -0.9884514213 0.1165228188 0.09688273072
v 9.013970375 11.88549995 29.10000038
vn -0.8082214594 0.5869490504 0.04763254523
v 31.5468998 18.53849983 28.79999924
vn 0.2819859087 0.9594001174 -0.005946615711
v 37.02759933 -20.17620087 28.79999924
vn 0.4240451753 -0.8963460326 0.1294197291
v 46.83150101 0.7706430554 28.5
vn 0.9892244935 0.1409248263 0.03968797624
v 5.608359814 -18.68440056 28.8010006
vn -0.06822835654 -0.9805475473 0.1840418875
v 4.943359852 -18.01939964 28.79999924
vn -0.9891329408 0.1115533113 0.09576965123
v 9.004400253 11.88679981 28.79999924
vn -0.8073648214 0.5881286263 0.04761104658
v 31.53899956 18.53380013 28.5
vn 0.2817356586 0.9594732523 -0.006007796619
v 37.07249832 -20.18729973 28.5
vn 0.4268810153 -0.8949477077 0.1297737658
v 46.83769989 0.7779830694 28.20000076
vn 0.9890342951 0.1422210038 0.03980433941
v 5.74394989 -18.77449989 28.50090027
vn -0.07072315365 -0.9805472493 0.1830990762
v 4.912700176 -17.94319916 28.5
vn -0.9897851348 0.1066004932 0.09466636181
v 8.994819641 11.88799953 28.5
vn -0.8065021634 0.5893079042 0.04764958099
v 31.5311985 18.5291996 28.20000076
vn 0.2814879417 0.9595471621 -0.005808394868
v 37.11740112 -20.1984005 28.20000076
vn 0.4296889305 -0.8935485482 0.1301475316
v 46.84389877 0.7853219509 27.89999962
vn 0.9888445735 0.1435136348 0.03987811878
v 5.879539967 -18.86450005 28.20089912
vn -0.07320625335 -0.9805552959 0.1820773482
v 4.882040024 -17.86700058 28.20000076
vn -0.990408659 0.1016742587 0.09355770797
v 8.985250473 11.88930035 28.20000076
vn -0.8056349158 0.5904884934 0.04770496115
v 31.52339935 18.52459908 27.89999962
vn 0.2812366486 0.9596205354 -0.005864775274
v 37.16220093 -20.20949936 27.89999962
vn 0.4324900508 -0.8921166062 0.1306916028
v 46.85020065 0.7926619649 27.60000038
vn 0.9886545539 0.1448063254 0.03991603479
v 6.015140057 -18.9545002 27.90089989
vn -0.07567624003 -0.9805213809 0.1812483072
v 4.851379871 -17.79080009 27.89999962
vn -0.991004169 0.09676553309 0.09245078266
v 8.975680351 11.8906002 27.89999962
vn -0.804770112 0.5916755199 0.04759324342
v 31.5156002 18.51989937 27.60000038
vn 0.2809867859 0.9596928358 -0.006006330252
v 37.20709991 -20.22060013 27.60000038
vn 0.435308218 -0.8906945586 0.1310342699
v 46.85639954 0.8000009656 27.29999924
vn 0.9884679914 0.1461010277 0.039818082
v 6.150730133 -19.04459953 27.60090065
vn -0.07813590765 -0.9805013537 0.1803105474
v 4.820720196 -17.71459961 27.60000038
vn -0.9915707111 0.09187714756 0.09135722369
v 8.966099739 11.89179993 27.60000038
vn -0.8038939834 0.5928587317 0.04767595977
v 31.50769997 18.51530075 27.29999924
vn 0.280736208 0.9597665071 -0.005948202219
v 37.2519989 -20.2317009 27.29999924
vn 0.4381286204 -0.8892559409 0.1314046085
v 46.86259842 0.8073409796 27
vn 0.9882775545 0.1473917514 0.03978920355
v 6.28632021 -19.13459969 27.30089951
vn -0.08058457822 -0.9804918766 0.1792812049
v 4.790060043 -17.63829994 27.29999924
vn -0.9921114445 0.087010324 0.09024453163
v 8.956529617 11.89309883 27.29999924
vn -0.8030215502 0.5940480232 0.04757440835
v 31.49990082 18.51059914 27
vn 0.2804869711 0.9598392248 -0.00597740151
v 37.29679871 -20.24279976 27
vn 0.4409459531 -0.887789011 0.1318988502
v 46.86880112 0.8146800399 26.70000076
vn 0.9880792499 0.1486803144 0.03991893306
v 6.421909809 -19.22459984 27.00090027
vn -0.08301845193 -0.9804387689 0.1784594804
v 4.759409904 -17.56209946 27
vn -0.9926259518 0.08216517419 0.08912110329
v 8.946960449 11.89430141 27
vn -0.8021382093 0.5952343941 0.04764771089
v 31.49210167 18.50600052 26.70000076
vn 0.2802398503 0.9599124193 -0.005806748755
v 37.34170151 -20.25390053 26.70000076
vn 0.4437758625 -0.8863188624 0.1322945654
v 46.875 0.8220200539 26.39999962
vn 0.9878840446 0.1499690264 0.03993048519
v 6.557509899 -19.31469917 26.70089912
vn -0.08544094115 -0.9803985953 0.1775342226
v 4.728750229 -17.48590088 26.70000076
vn -0.9931074381 0.07734015584 0.08806863427
v 8.937379837 11.89560032 26.70000076
vn -0.8012518883 0.5964218378 0.04771129042
v 31.48430252 18.50139999 26.39999962
vn 0.2799889147 0.9599847794 -0.005949631799
v 37.38660049 -20.26499939 26.39999962
vn 0.4466055632 -0.8848342299 0.1327096969
v 46.88119888 0.8293590546 26.10000038
vn 0.9876900315 0.1512589306 0.03986397758
v 6.693099976 -19.40469933 26.40089989
vn -0.08785164356 -0.9803701043 0.1765120775
v 4.698090076 -17.40970039 26.39999962
vn -0.9935674071 0.07253792882 0.08696036786
v 8.927809715 11.89690018 26.39999962
vn -0.8003687263 0.5976155996 0.04759674147
v 31.47640038 18.49670029 26.10000038
vn 0.27974087 0.9600567222 -0.006010186858
v 37.43149948 -20.27610016 26.10000038
vn 0.4494387209 -0.883330822 0.1331595182
v 46.88740158 0.8366990685 25.79999924
vn 0.9874901175 0.1525443047 0.03991892561
v 6.828690052 -19.49469948 26.10090065
vn -0.09024961293 -0.9802980423 0.1757006496
v 4.667429924 -17.33349991 26.10000038
vn -0.9940006733 0.06775755435 0.08585796505
v 8.918239594 11.8980999 26.10000038
vn -0.7994757295 0.5988060236 0.04764316976
v 31.46859741 18.49209976 25.79999924
vn 0.2794910669 0.9601300359 -0.005916326772
v 37.47629929 -20.28720093 25.79999924
vn 0.4522767067 -0.8818148971 0.1335975677
v 46.89360046 0.84403795 25.5
vn 0.9872884154 0.1538282186 0.03998008743
v 6.964280128 -19.58480072 25.80089951
vn -0.09263711423 -0.9802395701 0.1747820526
v 4.636769772 -17.25729942 25.79999924
vn -0.9944043756 0.06299887598 0.08480010927
v 8.908659935 11.89939976 25.79999924
vn -0.7985820174 0.6000016928 0.04758933187
v 31.46080208 18.48740005 25.5
vn 0.2792426944 0.9602019191 -0.005980159622
v 37.52119827 -20.29840088 25.5
vn 0.4550843537 -0.8802995086 0.1340559721
v 46.89979935 0.8513769507 25.20000076
vn 0.9870858788 0.1551120132 0.04002108052
v 7.099880219 -19.67480087 25.50090027
vn -0.09501546621 -0.9801784754 0.1738454849
v 4.60612011 -17.18099976 25.5
vn -0.9947875738 0.05826273561 0.08368446678
v 8.899089813 11.90060043 25.5
vn -0.7976802588 0.6011965871 0.04763281718
v 31.45299911 18.48279953 25.20000076
vn 0.2789957821 0.9602745771 -0.005840392783
v 37.56610107 -20.30949974 25.20000076
vn 0.4579634964 -0.878742516 0.1344656497
v 37.61100006 -20.32060051 24.89999962
vn 0.4608208835 -0.8772025704 0.1347583085
v 7.235469818 -19.76479912 25.20079994
vn -0.09738026559 -0.9801052809 0.172947064
v 4.575459957 -17.10479927 25.20000076
vn -0.995141387 0.05353961885 0.08262623101
v 31.44510078 18.47820091 24.89999962
vn 0.2787460089 0.9603464603 -0.005947133526
v 46.90599823 0.8587169647 24.89999962
vn 0.9868842363 0.1563965827 0.03999552503
v 7.371059895 -19.85490036 24.9008007
vn -0.09973093122 -0.9800240993 0.1720653474
v 8.889519691 11.90190029 25.20000076
vn -0.7967746258 0.6023898721 0.04771428183
v 4.544799805 -17.02860069 24.89999962
vn -0.9954701066 0.04885853827 0.08156061918
v 46.91220093 0.866056025 24.60000038
vn 0.9866817594 0.1576777846 0.03996016085
v 8.87994957 11.90320015 24.89999962
vn -0.7958733439 0.6035906672 0.04758141562
v 31.43729782 18.4734993 24.60000038
vn 0.2784988284 0.9604179859 -0.005979025736
v 37.65579987 -20.33169937 24.60000038
vn 0.46367535 -0.8756328225 0.1351753771
v 7.506659985 -19.94490051 24.60079956
vn -0.1020718738 -0.9799597859 0.1710560322
v 31.42949867 18.46890068 24.29999924
vn 0.278249979 0.9604904652 -0.005918488838
v 4.514140129 -16.95240021 24.60000038
vn -0.9957766533 0.04418974742 0.08047450334
v 8.870369911 11.90439987 24.60000038
vn -0.794960022 0.604788661 0.04763618857
v 46.91839981 0.873396039 24.29999924
vn 0.9864715338 0.1589565724 0.04008406773
v 37.70069885 -20.34280014 24.29999924
vn 0.4665230215 -0.8740343451 0.1357212365
v 8.860799789 11.90569878 24.29999924
vn -0.7940473557 0.6059913635 0.04757330939
v 7.642250061 -20.03490067 24.30080032
vn -0.104399696 -0.9798542261 0.1702540368
v 4.483479977 -16.87619972 24.29999924
vn -0.9960576892 0.03954492882 0.07940598577
v 31.42169952 18.46419907 24
vn 0.2780013978 0.9605618715 -0.006008502096
v 46.92459869 0.8807349205 24
vn 0.9862651825 0.1602360755 0.04006678611
v 4.452829838 -16.79990005 24
vn -0.9963150024 0.03492250666 0.07833826542
v 37.74560165 -20.35390091 24
vn 0.4693893194 -0.8724444509 0.1360673904
v 7.777840137 -20.125 24.00079918
vn -0.1067176834 -0.9797577858 0.1693693548
v 8.851229668 11.90690136 24
vn -0.7931253314 0.6071915627 0.0476507619
v 31.41379929 18.45960045 23.70000076
vn 0.2777557671 0.9606339931 -0.005840533879
v 7.913430214 -20.21500015 23.70079994
vn -0.1090235189 -0.9796755314 0.1683736742
v 46.93080139 0.8880749345 23.70000076
vn 0.9860559702 0.1615156531 0.04007863253
v 37.79050064 -20.36499977 23.70000076
vn 0.4722567201 -0.8708388209 0.1364306509
v 4.422170162 -16.72369957 23.70000076
vn -0.9965467453 0.03032375127 0.07729820907
v 8.841650009 11.90820026 23.70000076
vn -0.7922019362 0.608392179 0.04769729078
v 37.83530045 -20.37610054 23.39999962
vn 0.4751177132 -0.8692047 0.1369172484
v 31.40600014 18.45499992 23.39999962
vn 0.2775071561 0.9607053399 -0.005917582195
v 46.93700027 0.8954139352 23.39999962
vn 0.9858458638 0.1627913564 0.04008632898
v 8.049030304 -20.30500031 23.4008007
vn -0.1113153622 -0.979552269 0.1675893366
v 4.39151001 -16.64749908 23.39999962
vn -0.9967575669 0.02574837208 0.07623205334
v 46.94319916 0.9027539492 23.10000038
vn 0.9856328964 0.1640658528 0.04012643918
v 8.832079887 11.90950012 23.39999962
vn -0.7912804484 0.6096006632 0.04756360501
v 31.39820099 18.45030022 23.10000038
vn 0.2772605717 0.9607761502 -0.005980769172
v 37.88019943 -20.3871994 23.10000038
vn 0.4779909551 -0.8675644994 0.1373188347
v 8.184619904 -20.39509964 23.10079956
vn -0.1135974973 -0.9794413447 0.1667042524
v 31.39040184 18.44569969 22.79999924
vn 0.2770115137 0.9608482122 -0.005947676487
v 4.360849857 -16.57130051 23.10000038
vn -0.9969448447 0.0211958494 0.07517763227
v 8.822509766 11.91069984 23.10000038
vn -0.7903473973 0.6108050942 0.04762478918
v 46.94940186 0.9100930095 22.79999924
vn 0.9854174256 0.1653396189 0.04019080848
v 37.92509842 -20.39830017 22.79999924
vn 0.4808313251 -0.8659282327 0.1377298832
v 8.812930107 11.9119997 22.79999924
vn -0.7894148231 0.6120129824 0.04758505896
v 8.320210457 -20.48509979 22.80080032
vn -0.1158684567 -0.9793451428 0.1657031626
v 4.330190182 -16.49510002 22.79999924
vn -0.9971084595 0.01666813344 0.07414111495
v 31.38249969 18.44099998 22.5
vn 0.2767645717 0.9609189034 -0.00601432519
v 46.95560074 0.9174330235 22.5
vn 0.9852056503 0.1666149795 0.04011545703
v 4.299530029 -16.41889954 22.5
vn -0.9972533584 0.01214909647 0.07306256145
v 37.97000122 -20.40940094 22.5
vn 0.4837365746 -0.8642380834 0.1381718069
v 8.455800056 -20.57509995 22.5007
vn -0.1181276664 -0.9792085886 0.1649132073
v 8.803359985 11.91320038 22.5
vn -0.7884753942 0.6132202744 0.04761758074
v 31.37470055 18.43639946 22.20000076
vn 0.2765191197 0.9609901905 -0.005918197799
v 8.591400146 -20.66519928 22.20070076
vn -0.120377183 -0.9790769219 0.1640661508
v 46.96179962 0.9247720242 22.20000076
vn 0.9849879146 0.1678855717 0.04016584158
v 38.01480103 -20.4204998 22.20000076
vn 0.4866208732 -0.8625625372 0.1385136396
v 4.26887989 -16.34259987 22.20000076
vn -0.9973714352 0.007682618219 0.0720499754
v 8.793789864 11.91450024 22.20000076
vn -0.7875320911 0.6144303679 0.0476296097
v 38.05970001 -20.43160057 21.89999962
vn 0.4894976914 -0.8608573079 0.1389845461
v 31.3669014 18.43169975 21.89999962
vn 0.2762714624 0.9610614181 -0.005915274844
v 46.9679985 0.9321120381 21.89999962
vn 0.9847689271 0.1691550165 0.04020930454
v 8.726989746 -20.75519943 21.90069962
vn -0.1226138547 -0.9789620042 0.1630928218
v 4.238220215 -16.26639938 21.89999962
vn -0.9974697232 0.003225609427 0.07101936638
v 46.9742012 0.9394509196 21.60000038
vn 0.9845475554 0.1704237312 0.04027293995
v 8.784210205 11.91579914 21.89999962
vn -0.786585927 0.61564219 0.04761626571
v 31.35910225 18.42709923 21.60000038
vn 0.2760262787 0.9611319304 -0.00590489991
v 38.104599 -20.44269943 21.60000038
vn 0.4923761487 -0.8591347337 0.1394748539
v 8.862580299 -20.84519958 21.60070038
vn -0.1248380169 -0.9788076282 0.1623300612
v 31.3512001 18.42250061 21.29999924
vn 0.2757777572 0.9612029791 -0.005950731691
v 4.207560062 -16.19020081 21.60000038
vn -0.997548759 -0.001207211521 0.06996415555
v 8.774640083 11.91699982 21.60000038
vn -0.7856360078 0.6168534756 0.04762207717
v 46.98040009 0.9467909336 21.29999924
vn 0.9843280911 0.1716934294 0.04024380445
v 38.1495018 -20.4538002 21.29999924
vn 0.4952716827 -0.8574221134 0.1397614181
v 8.765069962 11.91829872 21.29999924
vn -0.7846851945 0.6180683374 0.04754626378
v 8.998169899 -20.93530083 21.30069923
vn -0.1270511001 -0.9786664248 0.1614623517
v 4.17689991 -16.11400032 21.29999924
vn -0.9976031184 -0.005615805741 0.06896688789
v 31.34339714 18.4178009 21
vn 0.275531888 0.9612733126 -0.00597908115
v 46.98659897 0.9541299343 21
vn 0.984107852 0.17295973 0.04020843282
v 4.146240234 -16.03779984 21
vn -0.9976421595 -0.01000061072 0.06789741665
v 38.19430161 -20.46489906 21
vn 0.4981533289 -0.8556679487 0.1402698755
v 9.133769989 -21.02529907 21.0007
vn -0.1292568296 -0.9785404801 0.1604718864
v 8.75549984 11.91950035 21
vn -0.7837237716 0.619281888 0.04761295766
v 31.33559799 18.41320038 20.70000076
vn 0.2752861381 0.9613441229 -0.005918509793
v 9.269359589 -21.11529922 20.70070076
vn -0.1314484179 -0.9783530831 0.1598329693
v 46.99280167 0.9614699483 20.70000076
vn 0.9838788509 0.1742229015 0.04035883397
v 38.23920059 -20.47610092 20.70000076
vn 0.5010347366 -0.8538951874 0.140808925
v 4.115590096 -15.96150017 20.70000076
vn -0.9976560473 -0.01436089724 0.06690435112
v 8.745920181 11.92080021 20.70000076
vn -0.7827607393 0.620498538 0.04761496559
v 38.28409958 -20.48719978 20.39999962
vn 0.5039398074 -0.8521426916 0.1410583109
v 31.32779884 18.40850067 20.39999962
vn 0.275039643 0.9614144564 -0.0059496467
v 46.99900055 0.9688090086 20.39999962
vn 0.9836562276 0.1754873097 0.04030670598
v 9.404950142 -21.20540047 20.40069962
vn -0.13363114 -0.9782122374 0.1588822901
v 4.084929943 -15.88530064 20.39999962
vn -0.9976503849 -0.01869697683 0.06590989232
v 47.00519943 0.9761490226 20.10000038
vn 0.9834291339 0.1767516136 0.04032397643
v 8.73635006 11.92210007 20.39999962
vn -0.7817944884 0.6217159629 0.04760909826
v 31.31990051 18.40390015 20.10000038
vn 0.2747955024 0.9614845514 -0.00590812834
v 38.32899857 -20.49830055 20.10000038
vn 0.5068380833 -0.8503627777 0.1414154917
v 9.540550232 -21.29540062 20.10070038
vn -0.1358024031 -0.9780682921 0.1579243541
v 31.31209946 18.39929962 19.79999924
vn 0.2745475471 0.9615553021 -0.00591731444
v 4.054269791 -15.8090992 20.10000038
vn -0.9976288676 -0.0230088383 0.06486342102
v 8.726779938 11.92329884 20.10000038
vn -0.7808254361 0.6229335666 0.04759665951
v 47.01139832 0.9834880233 19.79999924
vn 0.9832014441 0.1780121177 0.04033147171
v 38.37379837 -20.50939941 19.79999924
vn 0.5096997023 -0.8485712409 0.1418910325
v 8.717200279 11.92459965 19.79999924
vn -0.7798529863 0.624154985 0.04753791541
v 9.676139832 -21.38540077 19.80069923
vn -0.1379591525 -0.9778897166 0.1571590155
v 4.023610115 -15.73290062 19.79999924
vn -0.9975839853 -0.02729628049 0.06388352066
v 31.30430031 18.39459991 19.5
vn 0.2743020952 0.96162498 -0.005982857663
v 47.01760101 0.9908279181 19.5
vn 0.982970953 0.1792713851 0.04037180915
v 3.992949963 -15.65670109 19.5
vn -0.9975224137 -0.03157738224 0.0628638342
v 38.41870117 -20.52050018 19.5
vn 0.5126276612 -0.8467367887 0.1423013061
v 9.811730385 -21.47550011 19.50060081
vn -0.1401069313 -0.9777194858 0.1563157141
v 8.707630157 11.92580032 19.5
vn -0.7788725495 0.6253751516 0.04757559672
v 31.29649925 18.38999939 19.20000076
vn 0.2740572989 0.9616949558 -0.005950116552
v 9.947319984 -21.56550026 19.20059967
vn -0.1422463357 -0.9775614142 0.1553694457
v 47.0237999 0.9981669188 19.20000076
vn 0.9827381968 0.1805298775 0.04042970389
v 38.46360016 -20.53160095 19.20000076
vn 0.5155284405 -0.8449057341 0.1427051574
v 3.962300062 -15.58049965 19.20000076
vn -0.9974426627 -0.03579761088 0.06186001748
v 8.698060036 11.92710018 19.20000076
vn -0.7778879404 0.6265955567 0.04762699828
v 38.50849915 -20.54269981 18.89999962
vn 0.5184323192 -0.8430663347 0.1430632621
v 31.28860092 18.38529968 18.89999962
vn 0.2738117576 0.9617649317 -0.005946162622
v 47.02999878 1.005509853 18.89999962
vn 0.9825087786 0.181789726 0.04036102444
v 10.08290005 -21.65550041 18.90060043
vn -0.1443729699 -0.9773808718 0.154541567
v 3.93163991 -15.50419903 18.89999962
vn -0.9973424077 -0.04001071304 0.06088738516
v 47.03620148 1.012850046 18.60000038
vn 0.9822736382 0.183044821 0.04041171074
v 8.688480377 11.92839909 18.89999962
vn -0.7769024372 0.6278204322 0.04758280143
v 31.28079987 18.38069916 18.60000038
vn 0.273567915 0.9618347287 -0.005876961164
v 38.55329895 -20.55380058 18.60000038
vn 0.521330595 -0.8411955833 0.1435424984
v 10.21850014 -21.74550056 18.60059929
vn -0.1464870572 -0.9771823883 0.1538054645
v 31.27300072 18.37610054 18.29999924
vn 0.2733214498 0.9619045258 -0.005923194345
v 3.900979996 -15.42800045 18.60000038
vn -0.9972268343 -0.04420084506 0.05987463892
v 8.678910255 11.92959976 18.60000038
vn -0.775912106 0.6290448308 0.04757100344
v 47.04240036 1.020189881 18.29999924
vn 0.9820361137 0.1842983216 0.04048735648
v 38.59820175 -20.56489944 18.29999924
vn 0.5242358446 -0.8393198252 0.1439410001
v 8.669340134 11.93090057 18.29999924
vn -0.7749187946 0.6302720904 0.04751784354
v 10.35410023 -21.8355999 18.30060005
vn -0.1485907882 -0.9769954681 0.1529728323
v 3.870320082 -15.35180092 18.29999924
vn -0.997089982 -0.0483652167 0.05892675743
v 31.26520157 18.37140083 18
vn 0.2730757296 0.9619737267 -0.006011126563
v 47.04859924 1.027519941 18
vn 0.9818009734 0.185552299 0.04046293348
v 3.839659929 -15.27559948 18
vn -0.9969395399 -0.0525060147 0.0579190664
v 38.64310074 -20.57600021 18
vn 0.5271392465 -0.8374294639 0.1443471313
v 10.48970032 -21.92560005 18.00060081
vn -0.1506856829 -0.9768203497 0.1520390511
v 8.659760475 11.9321003 18
vn -0.7739169002 0.6314966679 0.04758694023
v 31.25729942 18.36680031 17.70000076
vn 0.2728325427 0.9620431066 -0.005951122846
v 10.62530041 -22.0156002 17.70059967
vn -0.1527690589 -0.9766126871 0.1512919962
v 47.05479813 1.034859896 17.70000076
vn 0.981562376 0.1868060976 0.04048156738
v 38.68799973 -20.58709908 17.70000076
vn 0.5300455093 -0.8355203867 0.1447668374
v 3.809000015 -15.1994009 17.70000076
vn -0.996770978 -0.05662292987 0.05693344399
v 8.650190353 11.93340015 17.70000076
vn -0.7729142904 0.6327244043 0.04757483304
v 38.73279953 -20.59819984 17.39999962
vn 0.5329574943 -0.833607018 0.14510566
v 31.24950027 18.3621006 17.39999962
vn 0.2725878656 0.9621126652 -0.00592138432
v 47.06100082 1.042199969 17.39999962
vn 0.9813250303 0.1880566925 0.04044530168
v 10.76089954 -22.10569954 17.40060043
vn -0.1548422724 -0.9764108062 0.1504850835
v 3.778350115 -15.12310028 17.39999962
vn -0.9965839386 -0.06071326882 0.05598476529
v 47.06719971 1.049539924 17.10000038
vn 0.9810801148 0.18930462 0.04056570306
v 8.640620232 11.93470001 17.39999962
vn -0.7719061375 0.633954823 0.04756262898
v 31.24169731 18.35750008 17.10000038
vn 0.2723444998 0.9621818662 -0.005876599345
v 38.77769852 -20.60930061 17.10000038
vn 0.5358606577 -0.8316624761 0.1455710679
v 10.89649963 -22.19569969 17.10059929
vn -0.1569060385 -0.9762228131 0.1495645195
v 31.23389816 18.35289955 16.79999924
vn 0.2720983922 0.9622510672 -0.005950030405
v 3.747689962 -15.04690075 17.10000038
vn -0.9963822961 -0.06478092819 0.05500701442
v 8.631039619 11.93589878 17.10000038
vn -0.7708947659 0.6351848245 0.04755558074
v 47.07339859 1.056879997 16.79999924
vn 0.9808374047 0.1905526668 0.0405908078
v 38.82260132 -20.62039948 16.79999924
vn 0.5387385488 -0.8297291398 0.145980373
v 8.621470451 11.93719959 16.79999924
vn -0.7698783278 0.6364151239 0.04757254943
v 11.03209972 -22.28569984 16.80060005
vn -0.1589555144 -0.9760030508 0.1488327235
v 3.717030048 -14.97069931 16.79999924
vn -0.9961636066 -0.06882274151 0.05405103415
v 31.22599983 18.34819984 16.5
vn 0.2718552053 0.9623197913 -0.00595127698
v 47.07960129 1.064219952 16.5
vn 0.9805997014 0.1918008626 0.04045528919
v 3.686369896 -14.89450073 16.5
vn -0.9959264994 -0.07286239415 0.05311788246
v 38.86740112 -20.63150024 16.5
vn 0.5416815877 -0.8277515173 0.1463163346
v 11.16769981 -22.37579918 16.50049973
vn -0.160996303 -0.9757903218 0.1480320096
v 8.61190033 11.93849945 16.5
vn -0.7688595653 0.6376479864 0.0475388132
v 31.21820068 18.34359932 16.20000076
vn 0.2716124952 0.9623880982 -0.005984763149
v 11.30319977 -22.46579933 16.20050049
vn -0.1630292833 -0.9755890369 0.1471308768
v 47.08580017 1.071560025 16.20000076
vn 0.980348587 0.1930451542 0.04062283784
v 38.91230011 -20.64259911 16.20000076
vn 0.544578135 -0.8257502913 0.1468711495
v 3.655709982 -14.8183012 16.20000076
vn -0.9956797957 -0.07683199644 0.05214025825
v 8.602330208 11.93970013 16.20000076
vn -0.7678371668 0.6388832331 0.04747883976
v 38.9571991 -20.65379906 15.89999866
vn 0.5474792123 -0.8237437606 0.1473522186
v 31.21039963 18.33889961 15.89999866
vn 0.271366328 0.9624579549 -0.005917650647
v 47.09199905 1.07889998 15.89999866
vn 0.9801027775 0.1942892969 0.04062251747
v 11.43879986 -22.55579948 15.90050125
vn -0.1650474966 -0.9753485918 0.146473527
v 3.625060081 -14.74209976 15.89999866
vn -0.9954153299 -0.08079915494 0.05118423328
v 47.09820175 1.086240053 15.60000038
vn 0.9798538089 0.1955317706 0.04066777974
v 8.592749596 11.94100094 15.89999866
vn -0.766805172 0.6401162744 0.04754967988
v 31.20259857 18.33429909 15.60000038
vn 0.2711247206 0.962526083 -0.005907085259
v 39.0021019 -20.66489983 15.60000038
vn 0.5504083633 -0.821756959 0.1475334167
v 11.57439995 -22.64590073 15.60050011
vn -0.1670625806 -0.9751347899 0.1456097364
v 31.19470024 18.32970047 15.30000019
vn 0.2708792388 0.9625949264 -0.005952433217
v 3.594399929 -14.66579914 15.60000038
vn -0.9951347113 -0.08474463969 0.05025238544
v 8.583180428 11.94219971 15.60000038
vn -0.7657725215 0.6413521171 0.04753866792
v 47.10440063 1.093580008 15.30000019
vn 0.9796091914 0.196773991 0.04056855664
v 39.0469017 -20.6760006 15.30000019
vn 0.553316772 -0.819730401 0.1479276866
v 8.573610306 11.94350052 15.30000019
vn -0.7647358179 0.642587781 0.04754056036
v 11.71000004 -22.73590088 15.30049992
vn -0.1690635532 -0.9749268889 0.1446894407
v 3.563740015 -14.58960056 15.30000019
vn -0.9948401451 -0.08866352588 0.0493134968
v 31.18689919 18.32500076 15
vn 0.2706374526 0.9626631737 -0.005919290707
v 47.11059952 1.100919962 15
vn 0.9793559909 0.1980137229 0.04065028951
v 3.533080101 -14.51340103 15
vn -0.9945306182 -0.09255970269 0.04838899523
v 39.09180069 -20.68709946 15
vn 0.556214869 -0.8176701665 0.1484603137
v 11.84560013 -22.82589912 15.00049877
vn -0.1710512936 -0.9746818542 0.1440027505
v 8.564029694 11.94480038 15
vn -0.7636945248 0.6438264251 0.04752105102
v 31.17910004 18.32040024 14.70000076
vn 0.2703938782 0.9627311826 -0.005984263029
v 11.98120022 -22.91600037 14.70049953
vn -0.173030749 -0.9744499326 0.1432052106
v 47.1167984 1.108260036 14.70000076
vn 0.9791018963 0.1992519945 0.04071995616
v 39.13669968 -20.69820023 14.70000076
vn 0.5591301322 -0.8156192899 0.1487907618
v 3.502419949 -14.43719959 14.70000076
vn -0.9942079782 -0.09643056244 0.04745125771
v 8.554459572 11.94599915 14.70000076
vn -0.7626515031 0.6450675726 0.04743920639
v 39.18159866 -20.70929909 14.39999962
vn 0.5620418787 -0.8135532737 0.1491307467
v 31.17130089 18.31570053 14.39999962
vn 0.2701494992 0.9627999663 -0.005952258129
v 47.1230011 1.11559999 14.39999962
vn 0.9788503051 0.200489834 0.04069320485
v 12.11680031 -23.00600052 14.40049934
vn -0.1750007272 -0.9742296338 0.1423073709
v 3.471770048 -14.36100101 14.39999962
vn -0.9938716292 -0.1002769917 0.04651540518
v 47.12919998 1.122939944 14.10000134
vn 0.9785981178 0.2017263323 0.04064755514
v 8.544890404 11.94729996 14.39999962
vn -0.7615982294 0.6463044882 0.04752507061
v 31.16340065 18.31110001 14.10000134
vn 0.2699075043 0.9628674984 -0.006013171282
v 39.22639847 -20.72039986 14.10000134
vn 0.5649439692 -0.8114547133 0.1495980769
v 12.2524004 -23.09600067 14.10050011
vn -0.1769610345 -0.97397995 0.1415903121
v 31.15559959 18.3064003 13.80000019
vn 0.2696639001 0.9629362822 -0.005921928678
v 3.441109896 -14.28479958 14.10000134
vn -0.9935213923 -0.1041004956 0.04558924958
v 8.535309792 11.94849873 14.10000134
vn -0.7605464458 0.6475467682 0.04745833948
v 47.13539886 1.130280018 13.80000019
vn 0.9783393741 0.2029606104 0.04073129594
v 39.27130127 -20.73150063 13.80000019
vn 0.5678232312 -0.8093721867 0.1499780566
v 8.52573967 11.94979954 13.80000019
vn -0.759482801 0.6487864256 0.04756089672
v 12.38799953 -23.18610001 13.80050087
vn -0.1789107025 -0.9737354517 0.1408200115
v 3.410449982 -14.20849895 13.80000019
vn -0.9931561947 -0.1078978851 0.04470870644
v 31.14780045 18.30179977 13.5
vn 0.2694239914 0.9630041122 -0.00581714604
v 47.14160156 1.137619972 13.5
vn 0.9780802727 0.2041934729 0.04079237208
v 3.379790068 -14.13229942 13.5
vn -0.9927773476 -0.1116973013 0.04378240556
v 39.31620026 -20.74259949 13.5
vn 0.5707567334 -0.8072317243 0.1503784508
v 12.52359962 -23.27610016 13.50039959
vn -0.1808521599 -0.9735051394 0.1399294585
v 8.516169548 11.9511013 13.5
vn -0.7584223747 0.6500308514 0.04749063402
v 31.13999748 18.29719925 13.19999886
vn 0.2691786885 0.9630714655 -0.006014981773
v 12.65919971 -23.36610031 13.20040035
vn -0.1827786565 -0.9732398987 0.1392697245
v 47.14780045 1.144960046 13.19999886
vn 0.9778217077 0.205425173 0.04080685601
v 39.36109924 -20.75370026 13.19999886
vn 0.5736603737 -0.8050957918 0.1507798582
v 3.349129915 -14.05610085 13.19999886
vn -0.9923910499 -0.115422003 0.04286985844
v 8.50658989 11.95230007 13.19999886
vn -0.7573568821 0.6512755752 0.04744129628
v 39.40589905 -20.76479912 12.89999962
vn 0.5765702724 -0.802953124 0.1511058658
v 31.13209915 18.29249954 12.89999962
vn 0.2689370513 0.9631393552 -0.005951102823
v 47.15399933 1.1523 12.89999962
vn 0.9775676727 0.2066571116 0.04067242146
v 12.7947998 -23.45619965 12.90040016
vn -0.1846989095 -0.9729902148 0.1384785622
v 3.318470001 -13.97990131 12.89999962
vn -0.9919879436 -0.1191480756 0.04199549556
v 47.16019821 1.159640074 12.60000038
vn 0.9772957563 0.2078839391 0.04095522314
v 8.497019768 11.95360088 12.89999962
vn -0.7562845349 0.6525189281 0.04746296629
v 31.1243 18.28790092 12.60000038
vn 0.268694222 0.9632072449 -0.005937785376
v 39.45080185 -20.77589989 12.60000038
vn 0.5794603229 -0.8007731438 0.1516181976
v 12.93039989 -23.5461998 12.60040092
vn -0.1866118312 -0.9727524519 0.1375817806
v 31.11650085 18.28319931 12.30000019
vn 0.2684519291 0.9632748365 -0.005926672835
v 3.287820101 -13.90369987 12.60000038
vn -0.9915762544 -0.1228504106 0.04104044661
v 8.487449646 11.95479965 12.60000038
vn -0.7552092671 0.6537659764 0.04742348939
v 47.16650009 1.166980028 12.30000019
vn 0.9770349264 0.2091121525 0.04092554003
v 39.49570084 -20.78700066 12.30000019
vn 0.5823599696 -0.7985924482 0.1520097554
v 8.477869987 11.95609951 12.30000019
vn -0.7541233301 0.6550100446 0.04753774032
v 13.06599998 -23.63619995 12.30039978
vn -0.1885103434 -0.972473681 0.1369629204
v 3.257159948 -13.82739925 12.30000019
vn -0.9911486506 -0.1265288591 0.04018448666
v 31.10869789 18.27860069 12.00000095
vn 0.2682121992 0.9633421302 -0.005842912477
v 47.17269897 1.174310088 12.00000095
vn 0.9767734408 0.21033898 0.04087973759
v 3.226500034 -13.75120068 12.00000095
vn -0.9907085299 -0.1301803589 0.03936554864
v 39.54059982 -20.79809952 12.00000095
vn 0.585269928 -0.7964109778 0.152278319
v 13.20149994 -23.72629929 12.00039959
vn -0.1904007196 -0.9722135067 0.1361928433
v 8.468299866 11.95740032 12.00000095
vn -0.7530414462 0.6562588215 0.04746477678
v 31.10079956 18.27400017 11.69999981
vn 0.2679679096 0.9634090662 -0.006016410887
v 13.33710003 -23.81629944 11.70040035
vn -0.1922833771 -0.9719683528 0.1352944374
v 47.17890167 1.181650043 11.69999981
vn 0.9765123129 0.2115645707 0.04079438001
v 39.58539963 -20.80920029 11.69999981
vn 0.5881663561 -0.7942000031 0.1526650786
v 3.195839882 -13.67499924 11.69999981
vn -0.9902625084 -0.1338100135 0.03840679675
v 8.458729744 11.95859909 11.69999981
vn -0.7519552708 0.6575086117 0.04738936201
v 39.63029861 -20.82029915 11.39999962
vn 0.5910412073 -0.7919462919 0.1532689482
v 31.09300041 18.26930046 11.39999962
vn 0.2677271664 0.9634765387 -0.005922666285
v 47.18510056 1.188990116 11.39999962
vn 0.9762433171 0.2127877027 0.04087017104
v 13.47270012 -23.90629959 11.40040016
vn -0.1941525936 -0.9716871977 0.1346429437
v 3.165179968 -13.59879971 11.39999962
vn -0.9898014665 -0.1374173015 0.03754337132
v 47.19129944 1.196329951 11.10000038
vn 0.9759728312 0.2140088677 0.04095431417
v 8.449150085 11.9598999 11.39999962
vn -0.750859201 0.6587566137 0.04743659496
v 31.08519936 18.26469994 11.10000038
vn 0.2674849927 0.9635434151 -0.00598542532
v 39.67520142 -20.8314991 11.10000038
vn 0.5939414501 -0.7897117138 0.1535870433
v 13.60830021 -23.99640083 11.10039902
vn -0.1960135549 -0.9714081287 0.1339587718
v 31.07740021 18.26000023 10.80000019
vn 0.2672440708 0.9636104703 -0.005952266045
v 3.134530067 -13.52260113 11.10000038
vn -0.9893297553 -0.1410007775 0.03667995334
v 8.439579964 11.96110058 11.10000038
vn -0.7497631907 0.6600086689 0.04736839235
v 47.19749832 1.203670144 10.80000019
vn 0.9757061601 0.2152300626 0.04090918228
v 39.7201004 -20.84259987 10.80000019
vn 0.596819222 -0.7874940038 0.1538180262
v 8.430009842 11.96240044 10.80000019
vn -0.7486543655 0.6612550616 0.04752248526
v 13.7439003 -24.08639717 10.80039978
vn -0.1978726089 -0.9711661935 0.1329759657
v 3.103869915 -13.44639969 10.80000019
vn -0.9888485074 -0.1445601135 0.03579035029
v 31.06949997 18.2553997 10.49999905
vn 0.2670038939 0.9636777043 -0.005848043133
v 47.20370102 1.211009979 10.49999905
vn 0.9754381776 0.2164498419 0.04086405784
v 3.073210001 -13.37009907 10.49999905
vn -0.9883520007 -0.1481228322 0.03492807969
v 39.76490021 -20.85370064 10.49999905
vn 0.5997277498 -0.78519243 0.1542706341
v 13.87950039 -24.17640114 10.50030041
vn -0.1997137815 -0.970874548 0.1323517859
v 8.42043972 11.96370125 10.49999905
vn -0.747551024 0.6625096202 0.04741794616
v 31.06170082 18.25079918 10.19999981
vn 0.2667618692 0.9637438655 -0.005986509379
v 14.01509953 -24.26650047 10.20030022
vn -0.2015467137 -0.9705947042 0.1316238642
v 47.2098999 1.218350172 10.19999981
vn 0.9751623273 0.2176665515 0.04098448157
v 39.80979919 -20.8647995 10.19999981
vn 0.6026220918 -0.7828978896 0.154652819
v 3.042550087 -13.29389954 10.19999981
vn -0.9878517985 -0.1516086757 0.03411150351
v 8.410860062 11.96490002 10.19999981
vn -0.7464414239 0.6637642384 0.04735213146
v 39.85469818 -20.87590027 9.900000572
vn 0.6054942012 -0.780602932 0.1550347656
v 31.05389977 18.24609947 9.900000572
vn 0.2665212154 0.9638108611 -0.005920956377
v 47.21609879 1.225690007 9.900000572
vn 0.9748909473 0.2188834995 0.04095983878
v 14.15069962 -24.35650063 9.90032959
vn -0.2033724636 -0.9703297019 0.130766809
v 3.011889935 -13.21770096 9.900000572
vn -0.9873414636 -0.1550905108 0.03322371468
v 47.22230148 1.233029962 9.600000381
vn 0.9746146202 0.2200980783 0.04102610797
v 8.40128994 11.96619987 9.900000572
vn -0.7453234196 0.6650167704 0.04738929123
v 31.04610062 18.24150085 9.600000381
vn 0.266279459 0.9638770819 -0.006017078646
v 39.89960098 -20.88699913 9.600000381
vn 0.6083753109 -0.7782846093 0.1554109603
v 14.28629971 -24.44649887 9.600319862
vn -0.2051847875 -0.9700344801 0.1301241964
v 31.03820038 18.23679924 9.300001144
vn 0.2660395205 0.9639437199 -0.005954288878
v 2.981240034 -13.14149952 9.600000381
vn -0.9868176579 -0.1585680842 0.03235852346
v 8.391719818 11.9673996 9.600000381
vn -0.7442042828 0.6662716269 0.04735046998
v 47.22850037 1.240370035 9.300001144
vn 0.9743455648 0.2213132828 0.04088026658
v 39.94440079 -20.8980999 9.300001144
vn 0.6112599969 -0.7759590745 0.1557198614
v 8.38214016 11.96869946 9.300001144
vn -0.7430744171 0.66752249 0.04747699574
v 14.4218998 -24.53660011 9.300311089
vn -0.2069925368 -0.9697554708 0.1293384731
v 2.950579882 -13.06529999 9.300001144
vn -0.9862840176 -0.1620107293 0.03156611696
v 31.03039932 18.23220062 9
vn 0.2658003569 0.9640105367 -0.005817181431
v 47.23469925 1.24770999 9
vn 0.974062562 0.2225240022 0.04105046391
v 2.919919968 -12.98899937 9
vn -0.9857438803 -0.1654311121 0.03068518639
v 39.98929977 -20.90920067 9
vn 0.6141269207 -0.7736024857 0.1561643928
v 14.55749989 -24.62659836 9.000300407
vn -0.2087904215 -0.9694761038 0.1285404414
v 8.372570038 11.97000027 9
vn -0.7419478893 0.6687819958 0.04737003148
v 31.02260017 18.2276001 8.699999809
vn 0.2655592263 0.9640759826 -0.005986552685
v 14.69309998 -24.71660042 8.70029068
vn -0.2105758041 -0.9691736102 0.1279075444
v 47.24089813 1.255049825 8.699999809
vn 0.9737843275 0.2237344384 0.04107265547
v 40.03419876 -20.92029953 8.699999809
vn 0.6169915795 -0.7712298632 0.1566073447
v 2.889260054 -12.91280079 8.699999809
vn -0.9851931334 -0.1688291132 0.02985423058
v 8.362999916 11.97120094 8.699999809
vn -0.7408154607 0.6700404286 0.04730999842
v 40.07910156 -20.9314003 8.399998665
vn 0.6198722124 -0.7688674927 0.1568477154
v 31.01479721 18.22290039 8.399998665
vn 0.2653177679 0.9641426802 -0.005952170584
v 47.24710083 1.262390018 8.399998665
vn 0.9735066295 0.2249443084 0.04104793072
v 14.82869911 -24.80670166 8.400279999
vn -0.2123523951 -0.9688824415 0.1271740049
v 2.858599901 -12.83659935 8.399998665
vn -0.9846320748 -0.1722030342 0.0290824417
v 47.25329971 1.269729853 8.100000381
vn 0.973228693 0.2261527181 0.04099762067
v 8.353420258 11.97249985 8.399998665
vn -0.7396740913 0.6712955236 0.04737637565
v 31.00690079 18.21829987 8.100000381
vn 0.2650786936 0.9642080069 -0.006015243009
v 40.12390137 -20.94249916 8.100000381
vn 0.6227375865 -0.7664753795 0.1572047919
v 14.96430111 -24.89669991 8.100270271
vn -0.2141247392 -0.9686008096 0.1263449937
v 30.99909973 18.21360016 7.799999714
vn 0.2648384869 0.9642745852 -0.005924758036
v 2.827939987 -12.76039982 8.100000381
vn -0.9840657711 -0.1755562723 0.02818800136
v 8.343850136 11.97370052 8.100000381
vn -0.7385346889 0.6725557446 0.04727850109
v 47.2594986 1.277070045 7.799999714
vn 0.9729443192 0.2273586392 0.04107803479
v 40.16880035 -20.95359993 7.799999714
vn 0.6255828738 -0.7640488148 0.1577195376
v 8.334280014 11.97500038 7.799999714
vn -0.7373813987 0.6738103032 0.04741710424
v 15.09979916 -24.98670006 7.80025959
vn -0.2158813328 -0.9682896733 0.125739187
v 2.797290087 -12.68420124 7.799999714
vn -0.9834881425 -0.1788829863 0.02742167562
v 30.99130058 18.20899963 7.499998569
vn 0.2645988166 0.9643403888 -0.005924489815
v 47.26570129 1.284409881 7.499998569
vn 0.9726594687 0.2285631001 0.04113980383
v 2.766629934 -12.6079998 7.499998569
vn -0.9829036593 -0.1821884662 0.02660323679
v 40.21369934 -20.9647007 7.499998569
vn 0.6284520626 -0.761642158 0.1579533815
v 15.23540115 -25.07679939 7.500250816
vn -0.2176335603 -0.9679989815 0.1249543279
v 8.324700356 11.97630024 7.499998569
vn -0.736232698 0.6750742197 0.04728858173
v 30.98349953 18.20429993 7.200000286
vn 0.2643599808 0.9644052982 -0.006023018621
v 15.37100029 -25.16679955 7.200239182
vn -0.2193801105 -0.9677080512 0.1241511479
v 47.27190018 1.291749954 7.200000286
vn 0.9723799825 0.2297662497 0.04104457051
v 40.25849915 -20.97579956 7.200000286
vn 0.6313049793 -0.7592020035 0.1583236158
v 2.73597002 -12.53169918 7.200000286
vn -0.982311964 -0.1854750216 0.02573304251
v 8.315130234 11.97749996 7.200000286
vn -0.7350730896 0.6763336658 0.0473315753
v 40.30339813 -20.98690033 6.899999142
vn 0.6341378689 -0.7567327023 0.1588231325
v 30.97559929 18.1996994 6.899999142
vn 0.2641202211 0.9644720554 -0.005845303182
v 47.27809906 1.299079895 6.899999142
vn 0.9720916748 0.2309684455 0.04112545773
v 15.50660038 -25.2567997 6.900230408
vn -0.2211092114 -0.9673910737 0.1235526055
v 2.705310106 -12.45549965 6.899999142
vn -0.9817105532 -0.1887356937 0.0249644164
v 47.28430176 1.306419969 6.600000858
vn 0.9718028307 0.2321691364 0.04119182751
v 8.305560112 11.97879982 6.899999142
vn -0.7339131236 0.6775939465 0.04730711505
v 30.96780014 18.19510078 6.600000858
vn 0.2638811767 0.9645366073 -0.005989493802
v 40.34830093 -20.99799919 6.600000858
vn 0.6369821429 -0.7542609572 0.1591986865
v 15.64220047 -25.34690094 6.60021925
vn -0.2228348255 -0.9670872092 0.1228292063
v 30.95999908 18.19039917 6.300000191
vn 0.2636414468 0.96460253 -0.005924129859
v 2.674649954 -12.37930107 6.600000858
vn -0.9811016321 -0.1919772476 0.02417390049
v 8.29598999 11.97999954 6.600000858
vn -0.7327489257 0.6788575649 0.04723735526
v 47.29050064 1.313759923 6.300000191
vn 0.9715162516 0.2333683819 0.04117517546
v 40.39319992 -21.00919914 6.300000191
vn 0.6398274302 -0.7517867684 0.1594915241
v 8.286410332 11.98130131 6.300000191
vn -0.7315727472 0.6801156402 0.04737127572
v 15.77779865 -25.43689919 6.300209999
vn -0.2245512009 -0.9667848349 0.1220813245
v 2.644000053 -12.30309963 6.300000191
vn -0.980486393 -0.1951939613 0.02336153947
v 30.95219994 18.18580055 5.999999046
vn 0.2634022832 0.9646676779 -0.005954441614
v 47.29669952 1.321099997 5.999999046
vn 0.9712289572 0.2345645875 0.04115601256
v 2.613339901 -12.2269001 5.999999046
vn -0.9798634648 -0.1983910203 0.02255162038
v 40.43799973 -21.02029991 5.999999046
vn 0.6426636577 -0.7492902279 0.1598361731
v 15.91340065 -25.52689934 6.000198841
vn -0.2262601107 -0.9664769173 0.1213619933
v 8.27684021 11.98260021 5.999999046
vn -0.7304011583 0.6813822389 0.04724763706
v 30.9442997 18.18110085 5.700000763
vn 0.2631643713 0.9647322893 -0.006015015766
v 16.04899979 -25.61700058 5.70018959
vn -0.2279598415 -0.9661597013 0.1207049787
v 47.30289841 1.328439951 5.700000763
vn 0.9709392786 0.2357619405 0.04114943743
v 40.48289871 -21.03140068 5.700000763
vn 0.6454935074 -0.7467747927 0.1602045596
v 2.582679987 -12.15060043 5.700000763
vn -0.9792327285 -0.2015652359 0.02178751677
v 8.267270088 11.98380089 5.700000763
vn -0.729219377 0.6826450825 0.04727318883
v 40.52780151 -21.04249954 5.399999619
vn 0.6483179331 -0.7442488074 0.160553813
v 30.93650055 18.17650032 5.399999619
vn 0.2629261613 0.9647983909 -0.005820406601
v 47.3091011 1.335780025 5.399999619
vn 0.970643878 0.2369565517 0.0412552245
v 16.18460083 -25.70700073 5.400180817
vn -0.2296506017 -0.9658606052 0.1198911294
v 2.552020073 -12.07439995 5.399999619
vn -0.978595674 -0.2047172338 0.02100949176
v 47.31529999 1.343119979 5.099998474
vn 0.9703515172 0.2381496876 0.04126388952
v 8.25769043 11.98509979 5.399999619
vn -0.7280348539 0.6839088798 0.04726399481
v 30.92869949 18.1718998 5.099998474
vn 0.2626851201 0.9648630023 -0.005989193451
v 40.5727005 -21.05360031 5.099998474
vn 0.6511381269 -0.7417069674 0.1609034538
v 16.32019997 -25.79700089 5.100169182
vn -0.2313284874 -0.9655342698 0.119292751
v 30.92090034 18.16720009 4.800000191
vn 0.2624483705 0.9649276733 -0.005954372231
v 2.521359921 -11.99820042 5.099998474
vn -0.9779522419 -0.2078496069 0.02019891888
v 8.248120308 11.98629951 5.099998474
vn -0.7268479466 0.6851760149 0.04717895389
v 47.32149887 1.350460052 4.800000191
vn 0.9700618386 0.2393410802 0.04118110612
v 40.61750031 -21.06469917 4.800000191
vn 0.6539595723 -0.7391569614 0.1611951441
v 8.238550186 11.98760033 4.800000191
vn -0.7256480455 0.6864358783 0.04733623192
v 16.4557991 -25.88710022 4.800160408
vn -0.2330028415 -0.9652190208 0.1185828522
v 2.49071002 -11.92199993 4.800000191
vn -0.9773008227 -0.210958764 0.01948105171
v 30.91300011 18.16259956 4.499999046
vn 0.262209326 0.9649926424 -0.005953394808
v 47.32770157 1.357800007 4.499999046
vn 0.9697641134 0.2405315191 0.04125647619
v 2.460050106 -11.8458004 4.499999046
vn -0.976644516 -0.2140470892 0.01868942752
v 40.66239929 -21.07579994 4.499999046
vn 0.6567605734 -0.736577332 0.1616149098
v 16.59140015 -25.97710037 4.500148773
vn -0.2346669883 -0.9649121761 0.1177957654
v 8.228969574 11.98890018 4.499999046
vn -0.7244552374 0.687705934 0.04717127234
v 30.90519905 18.15789986 4.200000763
vn 0.261972338 0.965056777 -0.005990494508
v 16.72699928 -26.06710052 4.200139999
vn -0.2363229692 -0.9645812511 0.1171939299
v 47.33390045 1.365139961 4.200000763
vn 0.9694676995 0.2417213172 0.04126921296
v 40.70729828 -21.08690071 4.200000763
vn 0.6595586538 -0.7339848876 0.1620140523
v 2.429389954 -11.76959991 4.200000763
vn -0.975982368 -0.2171147615 0.01787670702
v 8.219400406 11.99009991 4.200000763
vn -0.723248601 0.6889710426 0.04722647741
v 40.75220108 -21.09799957 3.899999857
vn 0.6623682976 -0.7313998342 0.1622421741
v 30.8973999 18.15329933 3.899999857
vn 0.261734724 0.9651222825 -0.005818504374
v 47.34009933 1.372480035 3.899999857
vn 0.969168365 0.2429081798 0.04133180156
v 16.86249924 -26.15719986 3.900131226
vn -0.2379695773 -0.9642553329 0.1165423766
v 2.39873004 -11.69330025 3.899999857
vn -0.9753123522 -0.2201577127 0.01721524633
v 47.34629822 1.379819989 3.599998951
vn 0.9688724279 0.2440928668 0.04129001498
v 8.209830284 11.99139977 3.899999857
vn -0.7220400572 0.6902385354 0.0472115092
v 30.88960075 18.14870071 3.599998951
vn 0.2614941299 0.9651862979 -0.006015063263
v 40.79700089 -21.10910034 3.599998951
vn 0.6651594043 -0.7287852168 0.1625885814
v 16.99810028 -26.24720001 3.600119829
vn -0.2396107465 -0.9639487267 0.1157130525
v 30.88170242 18.1439991 3.300000429
vn 0.2612583041 0.9652505517 -0.005956858397
v 2.368069887 -11.61709976 3.599998951
vn -0.9746386409 -0.2231832594 0.01639283635
v 8.200249672 11.99260044 3.599998951
vn -0.72082901 0.6915071607 0.04715335742
v 47.35250092 1.387159944 3.300000429
vn 0.9685736895 0.2452785075 0.04127278551
v 40.84189987 -21.1201992 3.300000429
vn 0.6679307222 -0.7261405587 0.163059637
v 8.19067955 11.99390125 3.300000429
vn -0.7196080089 0.6927710772 0.047249455
v 17.13369942 -26.33720207 3.300110817
vn -0.2412403673 -0.9636110067 0.1151385307
v 2.337409973 -11.54090023 3.300000429
vn -0.9739581943 -0.2261876315 0.01564132795
v 30.87389946 18.13940048 2.999999523
vn 0.261020273 0.9653151035 -0.005926165264
v 47.3586998 1.394500017 2.999999523
vn 0.9682689905 0.2464612275 0.04137708247
v 2.306760073 -11.46469975 2.999999523
vn -0.9732717276 -0.2291705012 0.01493346319
v 40.88679886 -21.13129997 2.999999523
vn 0.6707164645 -0.7235033512 0.163347289
v 17.26930046 -26.42729759 3.000099421
vn -0.2428607047 -0.9632843733 0.1144632548
v 8.181110382 11.99520016 2.999999523
vn -0.7183898091 0.6940434575 0.04711361229
v 30.86610031 18.13470078 2.70000124
vn 0.2607837319 0.9653787017 -0.005987172481
v 17.4048996 -26.51730156 2.700090408
vn -0.2444781959 -0.9629677534 0.1136816815
v 47.36489868 1.401839972 2.70000124
vn 0.9679684043 0.2476432025 0.04135262966
v 40.93170166 -21.14240074 2.70000124
vn 0.6734972 -0.7208550572 0.1636137962
v 2.27609992 -11.38850021 2.70000124
vn -0.9725809097 -0.2321337312 0.01415474061
v 8.17152977 11.99639988 2.70000124
vn -0.7171601057 0.6953107715 0.04716262594
v 40.97650146 -21.1534996 2.400000095
vn 0.6762577295 -0.7181760073 0.1640081108
v 30.85829926 18.13010025 2.400000095
vn 0.2605465353 0.9654435515 -0.005850904156
v 47.37110138 1.409180045 2.400000095
vn 0.9676662683 0.248821795 0.04134891927
v 17.54050064 -26.6072998 2.400079012
vn -0.2460837513 -0.9626331925 0.1130490005
v 2.245440006 -11.31229973 2.400000095
vn -0.9718845487 -0.235076353 0.01339753717
v 47.37730026 1.41652 2.099999189
vn 0.9673612714 0.2500006258 0.04137518257
v 8.161959648 11.99769974 2.400000095
vn -0.7159276605 0.6965788603 0.0471749045
v 30.85039902 18.12549973 2.099999189
vn 0.2603069544 0.9655071497 -0.006019663531
v 41.02140045 -21.16460037 2.099999189
vn 0.6790161133 -0.7154893875 0.1643535644
v 17.67609978 -26.69740105 2.10007
vn -0.2476806641 -0.9622957706 0.1124325991
v 30.84259987 18.12080002 1.800000787
vn 0.2600721419 0.9655709863 -0.00592551101
v 2.214780092 -11.23600006 2.099999189
vn -0.9711828828 -0.237997368 0.01269167196
v 8.152389526 11.99889946 2.099999189
vn -0.7146940231 0.6978516579 0.04706893861
v 47.38349915 1.423860073 1.800000787
vn 0.9670552611 0.2511783838 0.04139555618
v 41.06629944 -21.17569923 1.800000787
vn 0.6817592978 -0.7127805948 0.1647667885
v 8.142820358 12.00020027 1.800000787
vn -0.7134473324 0.6991175413 0.04719742015
v 17.81170082 -26.78739929 1.800061226
vn -0.2492740899 -0.9619753957 0.1116504148
v 2.18411994 -11.15979958 1.800000787
vn -0.9704763889 -0.2408998907 0.01195003744
v 30.83480072 18.11619949 1.499999762
vn 0.259835422 0.9656347036 -0.005931221414
v 47.38970184 1.431200027 1.499999762
vn 0.9667462707 0.2523526847 0.04147062078
v 2.153470039 -11.08360004 1.499999762
vn -0.9697650671 -0.2437815964 0.01123376284
v 41.11119843 -21.18689919 1.499999762
vn 0.6845071912 -0.7100683451 0.1650844961
v 17.94729996 -26.87739944 1.50004971
vn -0.2508521974 -0.9616221786 0.1111574844
v 8.133239746 12.00150013 1.499999762
vn -0.7122054696 0.7003923059 0.0470527038
v 30.82699966 18.11149979 1.199998856
vn 0.2595970631 0.9656982422 -0.006020285189
v 18.08289909 -26.96750259 1.200040817
vn -0.2524282932 -0.9612953663 0.1104137823
v 47.39590073 1.438530087 1.199998856
vn 0.9664440751 0.2535263598 0.0413553305
v 41.15599823 -21.19799995 1.199998856
vn 0.6872605681 -0.7073580623 0.16527991
v 2.122809887 -11.00739956 1.199998856
vn -0.9690492153 -0.2466423512 0.01054621954
v 8.123669624 12.00269985 1.199998856
vn -0.7109520435 0.7016609311 0.04710784182
v 41.20090103 -21.20910072 0.900000453
vn 0.6899839044 -0.7046086192 0.1656770259
v 30.81909943 18.10689926 0.900000453
vn 0.2593633533 0.9657620788 -0.005848515779
v 47.40209961 1.445870042 0.900000453
vn 0.9661320448 0.254698813 0.04144096375
v 18.21850014 -27.05750084 0.9000293016
vn -0.2539995313 -0.9609731436 0.1096120775
v 2.092149973 -10.93120003 0.900000453
vn -0.9683291316 -0.2494858503 0.009772636928
v 47.40829849 1.453210115 0.5999994278
vn 0.9658200145 0.2558697164 0.04150135815
v 8.114100456 12.00399971 0.900000453
vn -0.7096964717 0.7029309869 0.04710539058
v 30.81130028 18.10230064 0.5999994278
vn 0.2591247261 0.9658253193 -0.005985173862
v 41.24580002 -21.22019958 0.5999994278
vn 0.6927010417 -0.7018461823 0.1660638601
v 18.35409927 -27.14749908 0.6000178456
vn -0.2555544972 -0.9606190324 0.1091007367
v 30.80349922 18.09760094 0.2999984324
vn 0.2588878572 0.9658892155 -0.005929049104
v 2.061490059 -10.85490036 0.5999994278
vn -0.9676047564 -0.2523075938 0.009051301517
v 8.104519844 12.00520039 0.5999994278
vn -0.7084375024 0.7042058706 0.04701469839
v 47.41450119 1.460549951 0.2999984324
vn 0.9655106664 0.2570397556 0.04146982729
v 18.48970032 -27.23760033 0.3000089526
vn -0.257103622 -0.9602800012 0.1084436923
v 18.62529945 -27.32760048 6.030359145e-08
vn -0.02557089739 -0.3353050649 -0.941762507
v 8.094949722 12.00650024 0.2999984324
vn -0.707167387 0.7054740191 0.04712422937
v 2.000180006 -10.70250034 6.030359145e-08
vn -0.2937839329 -0.1016684994 -0.9504496455
v 47.42070007 1.467890143 6.030359145e-08
vn 0.2913629413 0.07661405951 -0.9535396695
v 30.79570007 18.09300041 6.030359145e-08
vn 0.01098689809 0.2037829459 -0.9789544344
v 41.29069901 -21.23130035 0.2999984324
vn 0.6954333782 -0.6990947723 0.1662495136
v 2.030829906 -10.77869987 0.2999984324
vn -0.9668756723 -0.2551088929 0.008416958153
v 8.085379601 12.0078001 6.030359145e-08
vn -0.1048870236 0.1058112904 -0.9888390303
v 41.33549881 -21.24239922 6.030359145e-08
vn 0.1741880774 -0.1601416171 -0.9716033936
v -10.29781723 -8.97674942 0.5186289549
vn -0.2245094329 0.2421734631 -0.9439001679
v -21.48518181 21.98596764 -0.06436917931
vn -0.0001151057804 -0.1401872337 -0.9901250005
v -4.311453342 10.3526516 0.0453979224
vn -0.281227082 -0.1272637546 -0.9511651993
v -30.51690865 -9.226037979 0.4450367391
vn 0.1056789979 0.196671024 -0.9747576118
v -37.17830276 9.279532433 0.1266685426
vn 0.2125651687 -0.0951333791 -0.9725048542
v -21.47933006 21.97878075 0.2832415104
vn -0.002266525989 -0.9717645049 0.2359419763
v -4.540458202 10.98750019 0.4438703954
vn -0.898650825 -0.3387297392 0.278727144
v -37.17967224 9.286130905 0.4041728973
vn 0.9651938081 -0.2599300742 0.02893498354
v -29.98432732 -9.581736565 0.6005641818
vn 0.5335630178 0.8389428258 0.1071702912
v -9.73112011 -8.622980118 0.7935195565
vn -0.6079341769 0.660577178 0.440515399
v -21.47360992 21.97117424 0.5832425356
vn 0.05201599374 -0.9985710382 -0.01225650031
v -4.531286716 10.98313427 0.7437111735
vn -0.9323632121 -0.357922107 0.05089855567
v -37.18370438 9.291045189 0.7042579651
vn 0.9647467732 -0.2613915801 0.03062752634
v -30.02363586 -9.583480835 0.9013427496
vn 0.5439447165 0.8323075771 0.1067155674
v -9.695407867 -8.701648712 1.093291998
vn -0.6168239117 0.7640037537 0.1892790943
v -21.46798897 21.96356773 0.8834090233
vn 0.0516734086 -0.9985898733 -0.01217280328
v -4.522088528 10.97887421 1.0436517
vn -0.9323635697 -0.3579211235 0.05089882389
v -37.1877861 9.295957565 1.004343033
vn 0.9644301534 -0.2625485957 0.03070430458
v -30.06287766 -9.58515358 1.201856017
vn 0.5451951623 0.8314723372 0.1068459153
v -9.65972805 -8.780375481 1.392906904
vn -0.6160264015 0.7646188736 0.1893922836
v -21.46227264 21.95595932 1.183220863
vn 0.05154233053 -0.9985958338 -0.01223858912
v -4.512909412 10.97453594 1.343258739
vn -0.9322754741 -0.3581705093 0.05075738952
v -37.19184494 9.30086422 1.304520011
vn 0.9640026093 -0.2641075552 0.03076053038
v -30.10217857 -9.587002754 1.502442837
vn 0.5464398265 0.8306207657 0.1071106046
v -9.624090195 -8.858959198 1.69239819
vn -0.615328908 0.765141964 0.1895472258
v -21.45665359 21.94835281 1.483376861
vn 0.0510442704 -0.9986224771 -0.01214960497
v -4.503709316 10.97031021 1.643188834
vn -0.9323288202 -0.3580259979 0.05079693347
v -37.19592667 9.305770874 1.604528904
vn 0.9637504816 -0.2650153339 0.03085195087
v -30.14150047 -9.588773727 1.802764297
vn 0.547540009 0.8298832178 0.1072089598
v -9.588468552 -8.937600136 1.991821289
vn -0.6144904494 0.7657654881 0.1897489429
v -21.45094681 21.94075203 1.782889247
vn 0.05097994581 -0.9986237288 -0.01231758017
v -4.494498253 10.96600151 1.942677498
vn -0.9322595596 -0.3582310379 0.05062200502
v -37.2000351 9.310666084 1.904684901
vn 0.9633340836 -0.2665257752 0.03084486164
v -30.18089676 -9.590579987 2.103513956
vn 0.5486992002 0.829082489 0.1074774712
v -9.552882195 -9.016244888 2.291373014
vn -0.6137399077 0.7663555741 0.1897960007
v -21.44523048 21.93303871 2.082885027
vn 0.05048943684 -0.9986485839 -0.01232260838
v -4.485279083 10.96170521 2.242636442
vn -0.9322162867 -0.3583438993 0.05062069744
v -37.20409393 9.31555748 2.204838276
vn 0.9628808498 -0.2681592405 0.03083981201
v -30.22040939 -9.592449188 2.404271364
vn 0.5499255061 0.8282504678 0.1076246798
v -9.517297745 -9.094945908 2.59112978
vn -0.6129464507 0.7669292092 0.1900426447
v -21.43960381 21.92542839 2.383203745
vn 0.05014076456 -0.9986680746 -0.01216378063
v -4.476047039 10.95751762 2.542579651
vn -0.9322184324 -0.3583372533 0.05062833056
v -37.2081871 9.320361137 2.50484705
vn 0.9625685215 -0.2692681849 0.0309274327
v -30.25983047 -9.594241142 2.704556227
vn 0.5511598587 0.8274208903 0.107691668
v -9.481742859 -9.173705101 2.890749931
vn -0.6122376919 0.7674543262 0.1902073771
v -21.4338913 21.9178257 2.683186531
vn 0.05008403957 -0.9986710548 -0.01215395145
v -4.466823578 10.95325279 2.842254877
vn -0.9321279526 -0.3585876226 0.05052108318
v -37.2122879 9.32525444 2.80518961
vn 0.9621805549 -0.2706371844 0.03105050139
v -30.29932022 -9.596108437 3.005059004
vn 0.5523477197 0.8266043663 0.1078759655
v -9.446227074 -9.252321243 3.190060139
vn -0.6114768982 0.7680463195 0.1902652383
v -21.42827415 21.91022491 2.983350277
vn 0.04944192618 -0.9987038374 -0.01209035702
v -4.45757103 10.94909763 3.142145634
vn -0.9322048426 -0.3583863676 0.0505309552
v -37.2163887 9.330143929 3.104883194
vn 0.9618665576 -0.2717603743 0.03096756712
v -30.33885193 -9.597998619 3.305619478
vn 0.5532942414 0.8259444237 0.108080253
v -9.410731316 -9.330989838 3.489630222
vn -0.6105663776 0.7687283754 0.1904346496
v -21.42256165 21.90262222 3.283051968
vn 0.04953816906 -0.9986979961 -0.01217748784
v -4.448327541 10.94486046 3.441679001
vn -0.932128787 -0.3586055636 0.05037815124
v -37.22040176 9.335021973 3.405204773
vn 0.9614751935 -0.2731283903 0.03108596243
v -30.37842941 -9.599917412 3.606242895
vn 0.5545966625 0.8250516653 0.1082235053
v -9.375267029 -9.409664154 3.789200544
vn -0.609959662 0.769194603 0.1904964745
v -21.41694641 21.89502525 3.583163261
vn 0.04907430708 -0.9987218976 -0.01209338754
v -4.439065933 10.94063568 3.741737843
vn -0.9321225286 -0.3586192429 0.05039698631
v -37.22453308 9.339904785 3.705633879
vn 0.9610417485 -0.2746333182 0.03122908436
v -30.41806412 -9.601965904 3.907158136
vn 0.5558065176 0.8241873384 0.108601585
v -9.339822769 -9.488342285 4.088943958
vn -0.6089978814 0.7698958516 0.1907404065
v -21.41123581 21.88742828 3.883313894
vn 0.04869561642 -0.9987409115 -0.0120562287
v -4.429791451 10.93652248 4.041539192
vn -0.9321241379 -0.3586164117 0.05038687959
v -37.22863388 9.344789505 4.005595684
vn 0.9606667161 -0.2759475708 0.03118351288
v -30.45779228 -9.603970528 4.207629204
vn 0.5568335652 0.8234780431 0.1087213382
v -9.304395676 -9.567074776 4.388556004
vn -0.6083280444 0.7703499198 0.1910444945
v -21.40552711 21.87982559 4.183157444
vn 0.0485512428 -0.998747468 -0.01209374424
v -4.420513153 10.93232346 4.341246128
vn -0.9320490956 -0.3588252962 0.05028837547
v -37.23276138 9.349664688 4.305840969
vn 0.960285604 -0.2772566378 0.0313096717
v -30.49744987 -9.605898857 4.507824898
vn 0.5581139922 0.8226151466 0.108688347
v -9.268995285 -9.645863533 4.688073635
vn -0.6077306271 0.7708146572 0.1910713762
v -21.39991379 21.87222862 4.483302593
vn 0.04809167609 -0.998770535 -0.01202323288
v -4.411236286 10.92823887 4.64112854
vn -0.9320524931 -0.3588198125 0.05026408285
v -37.23688889 9.354541779 4.605844498
vn 0.9599382877 -0.2784543335 0.03133105114
v -30.53717232 -9.607897758 4.808353901
vn 0.5591182709 0.8219034076 0.1089108214
v -9.233628273 -9.724509239 4.987470627
vn -0.6067536473 0.7715571523 0.1911794096
v -21.39420509 21.86462975 4.783146381
vn 0.04802557826 -0.9987732768 -0.01206368022
v -4.401939392 10.92406845 4.940709591
vn -0.9320343137 -0.3588846624 0.05013867095
v -37.24102783 9.359412193 4.906118393
vn 0.9595515728 -0.2797689438 0.03146668524
v -30.57693291 -9.609920502 5.108906269
vn 0.5603331327 0.8210539818 0.1090741456
v -9.198283195 -9.803203583 5.286998749
vn -0.6061201096 0.7720282078 0.1912874877
v -21.3885994 21.85703468 5.083126068
vn 0.04753496498 -0.9987969995 -0.01203981042
v -4.392645359 10.91991234 5.240681648
vn -0.9319847226 -0.3590133488 0.05013921484
v -37.2451973 9.364274979 5.206287861
vn 0.9591522217 -0.2811311185 0.031500265
v -30.61676216 -9.611969948 5.409611225
vn 0.5613707304 0.8203154802 0.1092951298
v -9.16297245 -9.881904602 5.586508751
vn -0.6052283049 0.7726957798 0.1914154589
v -21.38288879 21.84943771 5.383279324
vn 0.04732049629 -0.9988077879 -0.01199209224
v -4.383337498 10.91586685 5.540425301
vn -0.9320687652 -0.358799547 0.05010663718
v -37.24932861 9.369140625 5.50642252
vn 0.9588037133 -0.2823121548 0.03154786676
v -30.65670586 -9.614038467 5.710384846
vn 0.5623769164 0.819591105 0.1095562726
v -9.127670288 -9.960607529 5.886147022
vn -0.6044439673 0.7732796669 0.1915359944
v -21.377285 21.84184647 5.682812691
vn 0.0468954742 -0.9988261461 -0.01212896686
v -4.374011993 10.91173744 5.840171337
vn -0.9320070744 -0.3589737713 0.05000703782
v -37.253479 9.374012947 5.806221485
vn 0.958301127 -0.2840211689 0.03147878125
v -30.696558 -9.616259575 6.010910988
vn 0.5635327101 0.818767786 0.1097736284
v -9.092398643 -10.03936195 6.186056137
vn -0.6038275361 0.7736754417 0.1918818951
v -21.37158012 21.83415413 5.982932091
vn 0.04670368135 -0.9988356829 -0.01208274066
v -4.364684582 10.90771294 6.140143394
vn -0.9319083095 -0.3592287004 0.0500164777
v -37.25764084 9.378868103 6.106495857
vn 0.9579473734 -0.2852022946 0.03156779334
v -30.73645592 -9.618314743 6.310998917
vn 0.5648209453 0.8178888559 0.1097044498
v -9.057148933 -10.11817265 6.485460758
vn -0.6030805707 0.7742227316 0.1920234263
v -21.36587334 21.82654762 6.283098698
vn 0.04656928778 -0.9988427758 -0.01201708149
v -4.355365276 10.90361118 6.439708233
vn -0.9319069982 -0.3592512012 0.04987912253
v -37.26180267 9.383725166 6.406756878
vn 0.9575883746 -0.2863877118 0.03172758967
v -30.77640152 -9.620434761 6.611506939
vn 0.5658584237 0.8171471953 0.109884806
v -9.021932602 -10.19683838 6.784797192
vn -0.602349937 0.7747960091 0.1920043677
v -21.36026573 21.81895638 6.583099365
vn 0.04595310241 -0.9988718033 -0.01197835058
v -4.34602356 10.89952087 6.739714622
vn -0.9319027662 -0.3592585623 0.04990499094
v -37.26599884 9.388570786 6.70663166
vn 0.9571490288 -0.2878611684 0.0316494666
v -30.81641579 -9.622581482 6.912201405
vn 0.5667749643 0.8164738417 0.1101661325
v -8.986746788 -10.27555275 7.084288597
vn -0.6014163494 0.7754884362 0.1921354681
v -21.35455704 21.81136322 6.883126736
vn 0.04586684704 -0.9988757968 -0.01197213586
v -4.336678982 10.8955431 7.039405823
vn -0.9319140911 -0.3592396677 0.04983001947
v -37.27004242 9.39342308 7.006703377
vn 0.9568020105 -0.2890137434 0.03163837641
v -30.85653305 -9.624746323 7.212522507
vn 0.5678896904 0.8156896234 0.1102350354
v -8.951568604 -10.35427189 7.383905888
vn -0.6008683443 0.7758711576 0.192304939
v -21.34895515 21.80377769 7.183075428
vn 0.04559050128 -0.998888731 -0.01195074897
v -4.327328682 10.89147758 7.339314461
vn -0.931881547 -0.3593268394 0.04980926961
v -37.27422714 9.398280144 7.307022572
vn 0.9563606977 -0.2904538512 0.03179307655
v -30.89656639 -9.626965523 7.513217449
vn 0.5690826178 0.814837873 0.1103819311
v -8.916416168 -10.43303776 7.683636665
vn -0.5999258161 0.7765478492 0.1925161481
v -21.34325218 21.79618645 7.483231544
vn 0.04534994066 -0.9989003539 -0.01189228799
v -4.317965031 10.8875227 7.639092445
vn -0.9318897724 -0.3593128324 0.04975669459
v -37.27842712 9.403121948 7.607327938
vn 0.9559807777 -0.2916885614 0.03191414848
v -30.93667412 -9.629117012 7.813788414
vn 0.570184648 0.814045608 0.110540852
v -8.881286621 -10.51186275 7.98324728
vn -0.599211514 0.7770817876 0.1925862581
v -21.33764648 21.78859711 7.783082485
vn 0.04490192607 -0.9989199638 -0.01194520108
v -4.308599949 10.88348293 7.938836098
vn -0.9318649173 -0.3593908548 0.04965869337
v -37.28260803 9.407972336 7.907187462
vn 0.9555841088 -0.2929862738 0.03190634772
v -30.97680855 -9.631428719 8.114276886
vn 0.5711574554 0.8133274913 0.1108041406
v -8.846196175 -10.59053993 8.282740593
vn -0.5985332727 0.7775579095 0.1927735806
v -21.33194542 21.78100967 8.082886696
vn 0.04474049062 -0.9989269376 -0.01196857262
v -4.299235344 10.87946129 8.238712311
vn -0.9317506552 -0.3596888185 0.04964593798
v -37.28683853 9.412708282 8.207495689
vn 0.9551077485 -0.2945281863 0.03197462857
v -31.01699638 -9.633662224 8.414772987
vn 0.57225281 0.8125372529 0.1109501794
v -8.811134338 -10.66926289 8.582053185
vn -0.5977417231 0.7781430483 0.1928682774
v -21.32624435 21.77342415 8.383206367
vn 0.04444170371 -0.9989415407 -0.01186415087
v -4.289854527 10.87554455 8.538467407
vn -0.9318441749 -0.3594540358 0.04959083721
v -37.29101181 9.417553902 8.5076437
vn 0.9547386169 -0.2957195044 0.03200181946
v -31.05731201 -9.635912895 8.715192795
vn 0.5733072758 0.8117805123 0.1110459343
v -8.776078224 -10.74799252 8.881690979
vn -0.597076714 0.7786230445 0.192991212
v -21.32064247 21.76583672 8.68305397
vn 0.04404844344 -0.9989586473 -0.01189158391
v -4.280460835 10.87154388 8.838372231
vn -0.9317644238 -0.3596635461 0.04956981167
v -37.29522324 9.422397614 8.807662964
vn 0.9543370008 -0.2970068753 0.03205919266
v -31.09752274 -9.638167381 9.015483856
vn 0.5742166042 0.8111198545 0.1111752614
v -8.741052628 -10.82672024 9.181176186
vn -0.5962942839 0.7791873217 0.1931327432
v -21.31494331 21.7582531 8.983198166
vn 0.04394195229 -0.9989640117 -0.0118329199
v -4.271069527 10.86765289 9.138054848
vn -0.9318794608 -0.3593732715 0.04951271042
v -37.29944229 9.427231789 9.107912064
vn 0.9539536238 -0.2982254922 0.03215698898
v -31.13780403 -9.640491486 9.316149712
vn 0.5754016042 0.8102557063 0.1113492474
v -8.706044197 -10.90549755 9.480988503
vn -0.5954017639 0.7798146009 0.1933543533
v -21.30934334 21.75067329 9.282715797
vn 0.04349939898 -0.9989814758 -0.01199063566
v -4.261665344 10.8636713 9.437747955
vn -0.9317679405 -0.3596785963 0.0493943207
v -37.30366898 9.432071686 9.407764435
vn 0.9535271525 -0.299588412 0.03213587776
v -31.17811584 -9.642743111 9.616447449
vn 0.5764195323 0.8095216155 0.1114238724
v -8.671059608 -10.98432827 9.780558586
vn -0.594891727 0.7801764011 0.1934648752
v -21.30364799 21.74298668 9.582713127
vn 0.04339507967 -0.9989862442 -0.01197446138
v -4.252255917 10.85970783 9.737696648
vn -0.9316449761 -0.3600024283 0.04935501516
v -37.30792618 9.43688488 9.708333015
vn 0.9530590177 -0.3010576367 0.03229214996
v -31.21849251 -9.645062447 9.917104721
vn 0.5775561929 0.8086830974 0.1116267815
v -8.636111259 -11.06301212 10.07981205
vn -0.5939973593 0.7808514237 0.193489477
v -21.29804611 21.73539543 9.88317585
vn 0.0427592285 -0.9990155101 -0.01181813888
v -4.242847919 10.85585499 10.03757191
vn -0.9317795038 -0.3596533239 0.04936029017
v -37.31213379 9.441714287 10.00791645
vn 0.9526643753 -0.3023201525 0.03214225546
v -31.25898743 -9.647396088 10.2178154
vn 0.5782338381 0.8081604838 0.1119029745
v -8.601187706 -11.14174652 10.37941456
vn -0.5932279825 0.7814128995 0.1935831159
v -21.29234695 21.72781372 10.18287277
vn 0.04267972708 -0.9990180731 -0.01188868936
v -4.233429909 10.85191536 10.33742237
vn -0.9316987991 -0.359867692 0.04932162911
v -37.31626511 9.446538925 10.30799389
vn 0.9522296786 -0.3036836684 0.03216953576
v -31.29938698 -9.649837494 10.51791477
vn 0.5794480443 0.8072783351 0.1119895279
v -8.566282272 -11.22047806 10.67914104
vn -0.5926471353 0.7817779779 0.1938879341
v -21.2866497 21.72023392 10.48317528
vn 0.0426360555 -0.9990214109 -0.01176434197
v -4.223996162 10.84808826 10.63713264
vn -0.9317330718 -0.3597871661 0.04926088825
v -37.32051468 9.451363564 10.60853863
vn 0.9518253803 -0.3049269319 0.03237357363
v -31.33983803 -9.652239799 10.81849289
vn 0.5806235671 0.8064204454 0.1120820493
v -8.531396866 -11.29925632 10.97873878
vn -0.5917571187 0.782410264 0.1940559298
v -21.28105545 21.7126503 10.78299427
vn 0.04210745171 -0.999043107 -0.01182300691
v -4.214564323 10.84416771 10.93693924
vn -0.9316900373 -0.3599074483 0.0491964668
v -37.32476425 9.456187248 10.90853977
vn 0.9514260292 -0.3061653078 0.03242483363
v -31.38032722 -9.654567719 11.11876774
vn 0.5815590024 0.8057371378 0.112146318
v -8.496531487 -11.37809086 11.27829266
vn -0.5911312699 0.7828621864 0.1941408813
v -21.27536201 21.70507431 11.08298492
vn 0.04200444371 -0.9990478158 -0.01179280877
v -4.205134869 10.84026623 11.23672581
vn -0.9316170812 -0.3601060808 0.04912428558
v -37.32904434 9.460996628 11.20897961
vn 0.9509542584 -0.3076143265 0.03254937753
v -31.42087746 -9.656961441 11.41942215
vn 0.5825834274 0.8049638271 0.1123826131
v -8.461697578 -11.45677948 11.57756805
vn -0.5903188586 0.7834757566 0.1941375732
v -21.26976395 21.69749832 11.38314152
vn 0.04143130034 -0.9990722537 -0.01174819376
v -4.1956954 10.83647251 11.53665829
vn -0.9316900969 -0.3599168062 0.04912718758
v -37.33328629 9.46582222 11.50880337
vn 0.9505435824 -0.3088906705 0.03245704249
v -31.46154785 -9.659366608 11.71987343
vn 0.583432138 0.8043265939 0.1125419214
v -8.426893234 -11.53551197 11.87718582
vn -0.5895696878 0.7839922905 0.1943287849
v -21.26407242 21.68991852 11.68298149
vn 0.04139419645 -0.9990734458 -0.0117821563
v -4.186234951 10.83259201 11.83638096
vn -0.9316197038 -0.3601084352 0.04905746132
v -37.33755112 9.470635414 11.80903912
vn 0.9501287341 -0.3101507127 0.03258795664
v -31.50211716 -9.661776543 12.02011681
vn 0.5845296979 0.8035243154 0.1125775129
v -8.392101288 -11.61424351 12.17668247
vn -0.5889870524 0.7844020724 0.1944417506
v -21.25847626 21.68234444 11.98312759
vn 0.04098004103 -0.9990913868 -0.01170768868
v -4.176781654 10.82882118 12.13627815
vn -0.9316629171 -0.3600002527 0.04903108999
v -37.34183884 9.475450516 12.10909557
vn 0.9497302771 -0.3113641739 0.03263080493
v -31.54276085 -9.664208412 12.3208065
vn 0.5853360891 0.8028988838 0.1128495634
v -8.357330322 -11.69297695 12.47627068
vn -0.5880115032 0.7851196527 0.1944983602
v -21.25278854 21.67476845 12.28293991
vn 0.04078152031 -0.9990986586 -0.01177794579
v -4.16732502 10.82496357 12.43599033
vn -0.9316766858 -0.3599761128 0.04894616455
v -37.3461113 9.480259895 12.40916824
vn 0.9492245913 -0.3129016161 0.0326385498
v -31.58343506 -9.666795731 12.62142754
vn 0.586525023 0.801997602 0.1130852327
v -8.322587013 -11.77175426 12.77625084
vn -0.5873429775 0.7855273485 0.1948717237
v -21.24709892 21.66719055 12.58295918
vn 0.04057694599 -0.99910748 -0.01173584908
v -4.157845497 10.82112026 12.73587036
vn -0.9315522909 -0.3603012562 0.04892190546
v -37.35042191 9.485057831 12.70959854
vn 0.9487963319 -0.3141826391 0.03278394416
v -31.62414551 -9.669212341 12.92164135
vn 0.5875903368 0.8012189269 0.1130743399
v -8.287867546 -11.85058498 13.07553482
vn -0.5867627263 0.7859457731 0.1949325651
v -21.24150658 21.65962029 12.88310719
vn 0.04008593783 -0.9991278648 -0.01168966573
v -4.148382187 10.81738472 13.03570366
vn -0.9316387177 -0.3600805998 0.04890045151
v -37.35469437 9.489872932 13.00942135
vn 0.9484174252 -0.3153305948 0.0327254422
v -31.66497803 -9.671685219 13.22206402
vn 0.5883381963 0.8006463647 0.1132412851
v -8.253176689 -11.92927074 13.37492275
vn -0.5858629942 0.7866029739 0.1949880719
v -21.23582268 21.65204811 13.18261433
vn 0.03984274715 -0.9991356134 -0.01185904071
v -4.138900757 10.81356335 13.33530807
vn -0.9315952659 -0.3602097631 0.04877704009
v -37.3589859 9.494673729 13.30909634
vn 0.947943449 -0.3167643845 0.03261273727
v -31.70572472 -9.674160957 13.52229595
vn 0.5892519951 0.7999595404 0.1133435294
v -8.21849823 -12.00799942 13.67445087
vn -0.5854086876 0.7869215608 0.1950670183
v -21.23021317 21.64437103 13.4825201
vn 0.03957798705 -0.9991459846 -0.01186714787
v -4.129405022 10.80984592 13.63538742
vn -0.9315199256 -0.3604027629 0.04879061133
v -37.36318588 9.49937439 13.60926723
vn 0.947495997 -0.3180949986 0.03266332299
v -31.74652481 -9.67665863 13.8225956
vn 0.5903053284 0.7991700768 0.1134320572
v -8.183844566 -12.08672619 13.97402191
vn -0.5844359398 0.7876024842 0.1952356547
v -21.22452927 21.63679886 13.78291988
vn 0.03968536854 -0.9991438389 -0.01169205923
v -4.119919777 10.80604458 13.9349432
vn -0.9315913916 -0.3602333069 0.04867654666
v -37.36750412 9.504181862 13.90990353
vn 0.9470618963 -0.3193586171 0.03292250261
v -31.78736687 -9.679210663 14.12333298
vn 0.5914669037 0.7982863188 0.1136037186
v -8.149209976 -12.16549587 14.27378941
vn -0.5837567449 0.7880670428 0.1953928918
v -21.21893883 21.62923241 14.08291435
vn 0.03902673349 -0.9991699457 -0.01167511661
v -4.110421181 10.80225468 14.23506641
vn -0.931523025 -0.3604057431 0.04870927706
v -37.37184906 9.508973122 14.2101059
vn 0.946623385 -0.320648551 0.03299475461
v -31.82825279 -9.681693077 14.42377567
vn 0.5923457742 0.7976159453 0.1137334928
v -8.114595413 -12.24432468 14.5733242
vn -0.5830100179 0.788587451 0.1955226362
v -21.21325493 21.62166595 14.38307858
vn 0.03880501166 -0.9991790056 -0.01163853891
v -4.100919247 10.79857635 14.53484631
vn -0.9315338731 -0.3603836596 0.04866488278
v -37.37615204 9.513771057 14.51009655
vn 0.9461670518 -0.3219985068 0.03293805197
v -31.86927223 -9.684231758 14.72443676
vn 0.5931228995 0.7970033884 0.1139774546
v -8.08000946 -12.32300377 14.8726778
vn -0.5821585059 0.7892097235 0.1955491155
v -21.20756912 21.61409187 14.68289757
vn 0.03864375502 -0.9991847277 -0.01168549433
v -4.091419697 10.7948122 14.83451939
vn -0.9315250516 -0.3604210317 0.04855693132
v -37.38047409 9.518565178 14.81026745
vn 0.9456689954 -0.3234480917 0.03303711489
v -31.91018295 -9.686869621 15.02464962
vn 0.5941970944 0.7961862087 0.1140936315
v -8.045460701 -12.40172672 15.17236805
vn -0.581735611 0.7894690633 0.1957609057
v -21.20198059 21.60652542 14.98305893
vn 0.03819803894 -0.9992028475 -0.01159895957
v -4.081905842 10.79115391 15.13449001
vn -0.9315187931 -0.3604327738 0.04858902469
v -37.3848114 9.523364067 15.11028099
vn 0.9452927709 -0.3245437741 0.03305880725
v -31.95114708 -9.689418793 15.32480145
vn 0.5950645804 0.7955310941 0.1141421348
v -8.010914803 -12.48044682 15.47179699
vn -0.5808747411 0.7900646329 0.1959144324
v -21.19629478 21.59895897 15.282897
vn 0.03816093504 -0.9992036223 -0.01165375672
v -4.072383404 10.78740978 15.4340744
vn -0.931507349 -0.3604807854 0.04845237732
v -37.38915253 9.528155327 15.4105196
vn 0.9448688626 -0.3257646859 0.03316973522
v -31.99214935 -9.691984177 15.62521267
vn 0.5960060358 0.7948080897 0.1142669022
v -7.9763937 -12.55916214 15.77132988
vn -0.580245316 0.7905220389 0.195934549
v -21.19071007 21.59139061 15.58287716
vn 0.03769817948 -0.9992215037 -0.01163044572
v -4.062863827 10.7836771 15.73410988
vn -0.9314966202 -0.3605069518 0.0484639965
v -37.39352417 9.532938957 15.71070671
vn 0.9443256855 -0.3273340464 0.03318819776
v -32.03321075 -9.694610596 15.92599583
vn 0.5969453454 0.7940673232 0.1145134941
v -7.941894531 -12.63792324 16.07106018
vn -0.5792484879 0.7911992669 0.1961501837
v -21.18502426 21.58382797 15.88303852
vn 0.03747955337 -0.9992302656 -0.01158321463
v -4.053333759 10.78005219 16.03388405
vn -0.9315135479 -0.3604697287 0.04841527715
v -37.39785004 9.537727356 16.01076698
vn 0.9439074993 -0.3285371661 0.03319616243
v -32.07436752 -9.697158813 16.2262249
vn 0.5979402065 0.7933157682 0.1145320386
v -7.907413006 -12.71673965 16.37067223
vn -0.5788027644 0.7914916277 0.1962864995
v -21.17943954 21.57626343 16.18287849
vn 0.03714822233 -0.9992423058 -0.0116115585
v -4.043801785 10.77634048 16.33376312
vn -0.9314192533 -0.3607189655 0.04837377742
v -37.40221405 9.542519569 16.31076622
vn 0.9434677362 -0.3297925591 0.03324841335
v -32.11544418 -9.6997509 16.52642059
vn 0.59874928 0.7926931381 0.114616096
v -7.87296772 -12.7954073 16.66994095
vn -0.5780816674 0.792006433 0.1963348985
v -21.17375946 21.56870461 16.48301697
vn 0.03685237095 -0.9992538095 -0.0115617048
v -4.034265041 10.7727356 16.63357735
vn -0.9315488935 -0.3603843451 0.04837137461
v -37.40658188 9.547297478 16.61062813
vn 0.9430536628 -0.3309787214 0.03320929036
v -32.15658188 -9.702363014 16.82704544
vn 0.5995707512 0.792037189 0.1148563996
v -7.83853054 -12.8741169 16.96954155
vn -0.5770182014 0.7927621603 0.1964131594
v -21.16807556 21.56114197 16.7824173
vn 0.03680521622 -0.9992532134 -0.01176603604
v -4.024725437 10.76904392 16.93300056
vn -0.9314739704 -0.3606070876 0.04815412685
v -37.41084671 9.552078247 16.91067886
vn 0.9425483942 -0.3324141204 0.03321696818
v -32.19775009 -9.705086708 17.12726021
vn 0.6006523967 0.791202724 0.1149560809
v -7.804119587 -12.95282459 17.26928902
vn -0.5768246651 0.7928519249 0.1966192126
v -21.16249466 21.55348015 17.08251762
vn 0.03644070774 -0.9992674589 -0.01168621425
v -4.01517725 10.76536083 17.23325539
vn -0.9313544035 -0.3609056771 0.04822972789
v -37.41526031 9.556852341 17.21130753
vn 0.9420325756 -0.3338551223 0.033397194
v -32.23896408 -9.707718849 17.42780495
vn 0.6015942097 0.7904650569 0.1151062921
v -7.769730091 -13.03152752 17.56863403
vn -0.5757471919 0.7936136127 0.196704343
v -21.15681076 21.54591179 17.38301659
vn 0.03615355864 -0.9992796779 -0.01153618377
v -4.005617619 10.76179218 17.53298378
vn -0.9314920902 -0.360556215 0.04818350449
v -37.41960526 9.561632156 17.51135826
vn 0.9415876865 -0.3351076245 0.03339990601
v -32.28029633 -9.710406303 17.72834969
vn 0.6024003625 0.7898274064 0.1152668223
v -7.735361099 -13.11027241 17.86842346
vn -0.5750450492 0.7940715551 0.1969099492
v -21.15123177 21.53835487 17.68284035
vn 0.0358546935 -0.9992900491 -0.01156637166
v -3.996064186 10.75812817 17.83276558
vn -0.9314294457 -0.3607267737 0.04811863974
v -37.4240036 9.566413879 17.81137276
vn 0.9411488175 -0.3363321424 0.03346036375
v -32.32152176 -9.713004112 18.02835846
vn 0.6033520103 0.7891046405 0.1152399182
v -7.701016903 -13.18907261 18.1679554
vn -0.5746046901 0.7943639755 0.1970160007
v -21.14555359 21.53079605 17.98282814
vn 0.03563730419 -0.9992980361 -0.01154962927
v -3.986506939 10.75448322 18.13263512
vn -0.931373179 -0.3608763218 0.04808595777
v -37.42839813 9.571190834 18.11160851
vn 0.9406571984 -0.3376981318 0.03352666274
v -32.36281586 -9.715662003 18.32873917
vn 0.6042404175 0.7884047627 0.1153754219
v -7.666682243 -13.2677269 18.46730232
vn -0.5737691522 0.7949617505 0.1970400959
v -21.13996887 21.52324104 18.28299332
vn 0.0352650322 -0.9993120432 -0.01148349885
v -3.976931334 10.75094032 18.43256187
vn -0.9314386249 -0.3607093394 0.04807139561
v -37.43280411 9.57597065 18.41161346
vn 0.9402929544 -0.3387046754 0.03359068558
v -32.40413284 -9.718326569 18.62910461
vn 0.6050749421 0.7877478004 0.115489088
v -7.632372379 -13.34641933 18.76686859
vn -0.5730108023 0.7954778075 0.1971639395
v -21.13429642 21.51568413 18.58279991
vn 0.03513105586 -0.9993160367 -0.01154312585
v -3.967366219 10.74731064 18.73236465
vn -0.9313992858 -0.3608168066 0.04802678525
v -37.43724442 9.580730438 18.71184349
vn 0.9397667646 -0.3401595056 0.03361423314
v -32.44552231 -9.721013069 18.92993164
vn 0.6058585644 0.7871006727 0.1157925054
v -7.598084927 -13.42510891 19.0663929
vn -0.5720878243 0.7961373329 0.197182402
v -21.12861061 21.50812721 18.88280678
vn 0.03479850665 -0.9993277192 -0.01154126693
v -3.95779109 10.74379253 19.03211975
vn -0.9314596653 -0.3606711328 0.04795045778
v -37.44161606 9.585408211 19.01183701
vn 0.9391848445 -0.3417678773 0.0335643664
v -32.48701477 -9.723845482 19.23051834
vn 0.6068666577 0.7862904072 0.1160184741
v -7.563821316 -13.50384235 19.36642838
vn -0.571488142 0.7964707613 0.1975743473
v -21.12303162 21.5005722 19.18281174
vn 0.03455801308 -0.9993364811 -0.01150419749
v -3.948202372 10.74018097 19.33195496
vn -0.9313609004 -0.3609305322 0.04791712388
v -37.44604111 9.590188026 19.31196785
vn 0.9387968779 -0.3428214192 0.03367376328
v -32.52838516 -9.726485252 19.53022575
vn 0.6077986956 0.7855921388 0.1158693507
v -7.529576778 -13.58262539 19.66573524
vn -0.5711485147 0.7966868281 0.1976852119
v -21.11736107 21.49302292 19.48278809
vn 0.03435043618 -0.9993436337 -0.01150383241
v -3.938628674 10.73658752 19.63173294
vn -0.9313322306 -0.3610141277 0.04784430936
v -37.45046997 9.594954491 19.61219215
vn 0.9382972121 -0.3441799283 0.03374150768
v -32.56983185 -9.729185104 19.83058357
vn 0.608607769 0.7849495411 0.1159774363
v -7.49535656 -13.66126251 19.96505356
vn -0.5702684522 0.7973364592 0.1976067573
v -21.11177826 21.48546791 19.78294945
vn 0.03381555527 -0.9993625283 -0.01144591905
v -3.929037333 10.73309326 19.93171501
vn -0.9314182997 -0.3607902825 0.04785704985
v -37.45489883 9.59972477 19.91189384
vn 0.9378834963 -0.345310241 0.03369544074
v -32.61129761 -9.731894493 20.13094139
vn 0.6093510389 0.7843466401 0.1161533669
v -7.461145401 -13.73993874 20.26467514
vn -0.5694953799 0.7978537679 0.1977480799
v -21.10610199 21.47791672 20.08267212
vn 0.03383849934 -0.999360919 -0.01151955407
v -3.919440031 10.72951412 20.23154831
vn -0.9313272238 -0.3610313237 0.04781211913
v -37.45926666 9.60447979 20.21220398
vn 0.9373555183 -0.3467383087 0.03372294083
v -32.65283203 -9.734624863 20.43132782
vn 0.6103513241 0.7835536599 0.1162537932
v -7.426960468 -13.81861115 20.56418228
vn -0.5687171817 0.7983773947 0.1978745013
v -21.10042763 21.47036743 20.38293457
vn 0.03363860771 -0.9993687272 -0.0114287138
v -3.909843922 10.72604561 20.53124809
vn -0.931432724 -0.3607666194 0.04775543511
v -37.46368027 9.609247208 20.51254272
vn 0.936940074 -0.3478468359 0.03385062516
v -32.69447327 -9.737356186 20.73187828
vn 0.6111779213 0.7828865051 0.1164057329
v -7.392794132 -13.89728546 20.86380386
vn -0.5679268837 0.7989146113 0.197976023
v -21.09485245 21.46282005 20.68244362
vn 0.03321024776 -0.9993812442 -0.01158227492
v -3.900243998 10.72248363 20.83091736
vn -0.9313800931 -0.3609186709 0.04763177037
v -37.46813965 9.614020348 20.81240654
vn 0.9364075065 -0.3492802978 0.03382635489
v -32.73601151 -9.740129471 21.03219223
vn 0.6119625568 0.7822540402 0.1165351644
v -7.358649731 -13.97599316 21.16354942
vn -0.567487061 0.799171567 0.1981998682
v -21.08918381 21.45516968 20.98245811
vn 0.03302516043 -0.9993876219 -0.01156375464
v -3.890626192 10.71893501 21.13095474
vn -0.9312844872 -0.3611647189 0.04763671011
v -37.47261047 9.618772507 21.11284065
vn 0.9358536005 -0.3507489264 0.03395899013
v -32.77761078 -9.74283123 21.33260727
vn 0.612950027 0.7814726233 0.1165882796
v -7.324529648 -14.05475712 21.46305656
vn -0.5666879416 0.799736321 0.1982083619
v -21.08360481 21.44761658 21.28291321
vn 0.03262972459 -0.999402523 -0.01139496546
v -3.881019831 10.71549129 21.43084717
vn -0.9313676357 -0.3609509468 0.04763122275
v -37.47706985 9.623540878 21.4127636
vn 0.9354459643 -0.351832211 0.03398369253
v -32.81923676 -9.745680809 21.63294792
vn 0.6137099862 0.7808403373 0.1168265268
v -7.290419579 -14.13337708 21.76264954
vn -0.565942347 0.8002130389 0.1984145641
v -21.07793045 21.4400692 21.58274269
vn 0.03261291981 -0.9994026423 -0.01143484656
v -3.871408701 10.71196175 21.73058319
vn -0.9312882423 -0.3611654341 0.04755747318
v -37.48156357 9.628293037 21.71318436
vn 0.934920013 -0.3532171249 0.0340911448
v -32.86091232 -9.748438835 21.93325233
vn 0.6146070361 0.7801252007 0.1168882474
v -7.256332397 -14.21202946 22.06198883
vn -0.5653765202 0.8006036878 0.1984517127
v -21.07235909 21.43252182 21.88290024
vn 0.03205025196 -0.9994214773 -0.0113803437
v -3.861790895 10.7085371 22.03054619
vn -0.9313601851 -0.3609805703 0.04755294695
v -37.48601913 9.633057594 22.01301193
vn 0.9344724417 -0.3544062078 0.03402171656
v -32.9026947 -9.751206398 22.23360252
vn 0.615255177 0.7795925736 0.1170321852
v -7.222262383 -14.29068184 22.36162758
vn -0.5645388961 0.801165998 0.198567152
v -21.06669235 21.42497826 22.18273354
vn 0.03199989349 -0.9994226098 -0.01142376754
v -3.852165461 10.70502567 22.33025551
vn -0.9313450456 -0.3610301912 0.04747188464
v -37.4905014 9.637817383 22.31314278
vn 0.933940649 -0.3558011949 0.0340635851
v -32.94438553 -9.754014969 22.53392029
vn 0.6162198186 0.778818965 0.11710722
v -7.188218594 -14.36936951 22.66133499
vn -0.563909471 0.8015567064 0.1987785846
v -21.06102371 21.41743279 22.48272514
vn 0.03171871603 -0.9994317293 -0.01140963845
v -3.842540979 10.70152664 22.63009644
vn -0.9312983751 -0.3611568213 0.04742481187
v -37.49499512 9.642573357 22.61334801
vn 0.9334451556 -0.3570904732 0.03415394947
v -32.9861145 -9.756749153 22.83408356
vn 0.61711061 0.7781143188 0.1171008274
v -7.154195309 -14.4481163 22.96087646
vn -0.5633525252 0.8019362688 0.1988269836
v -21.05545235 21.40988731 22.78287697
vn 0.03134133667 -0.9994443655 -0.01134418696
v -3.832912922 10.69812965 22.93005753
vn -0.9313118458 -0.3611201942 0.04743855074
v -37.49948883 9.647335052 22.91334724
vn 0.9330564141 -0.3581010401 0.03419646621
v -33.02788162 -9.759531021 23.13438988
vn 0.6178445816 0.7775101662 0.1172433943
v -7.120173454 -14.52671242 23.26029205
vn -0.5624895096 0.8025197983 0.1989158094
v -21.04978371 21.40234756 23.08273315
vn 0.03134521469 -0.9994438887 -0.01137517206
v -3.823272228 10.69464684 23.22979546
vn -0.9312852621 -0.3611992896 0.04735855013
v -37.50402069 9.652079582 23.21382523
vn 0.9324584007 -0.3596436083 0.03431880102
v -33.06972122 -9.76233387 23.43519402
vn 0.6186962724 0.7767953277 0.1174901202
v -7.086182117 -14.60534859 23.55980682
vn -0.561658442 0.8031048775 0.1989029795
v -21.04421234 21.39480782 23.38286972
vn 0.03065034561 -0.9994657636 -0.01134575717
v -3.813634872 10.69127083 23.52970505
vn -0.9313712716 -0.3609803915 0.04733646289
v -37.50849533 9.656835556 23.5132885
vn 0.9319377542 -0.3610109687 0.0341049321
v -33.11165619 -9.765235901 23.73552322
vn 0.619348228 0.7762408257 0.1177198216
v -7.052212715 -14.6839838 23.85963058
vn -0.5610384345 0.8034617305 0.1992112547
v -21.03853989 21.38726425 23.68258858
vn 0.03077672236 -0.9994610548 -0.01141867321
v -3.803997517 10.68780518 23.82933807
vn -0.9312609434 -0.3612781167 0.04723549634
v -37.51290894 9.661584854 23.81350899
vn 0.9315192699 -0.362080425 0.0342005603
v -33.1534729 -9.768032074 24.03520393
vn 0.6202911139 0.7755068541 0.1175927892
v -7.018257618 -14.76260662 24.15899277
vn -0.5608658195 0.8035588264 0.1993056834
v -21.03297424 21.37972641 23.98269844
vn 0.03038519248 -0.9994739294 -0.01133954804
v -3.794344187 10.68435001 24.12940598
vn -0.9313340187 -0.3610855639 0.04726658016
v -37.51742935 9.66634655 24.11379623
vn 0.9309862256 -0.3634369373 0.03432584181
v -33.19535828 -9.770885468 24.335886
vn 0.6211433411 0.7748029828 0.1177337468
v -6.984326839 -14.84126949 24.45870018
vn -0.5595083237 0.8044776917 0.1994142979
v -21.02731133 21.3721981 24.28251266
vn 0.03012437746 -0.9994809031 -0.01141878217
v -3.784695148 10.68100262 24.4290657
vn -0.9313341975 -0.3610967994 0.04717774689
v -37.5219574 9.671097755 24.41365814
vn 0.930559516 -0.3645313382 0.03429073468
v -33.23726654 -9.773659706 24.63603973
vn 0.6218970418 0.774191618 0.117776826
v -6.950414181 -14.91998863 24.75829887
vn -0.5592008233 0.8046681881 0.1995082945
v -21.02164078 21.36455154 24.5821991
vn 0.03003369458 -0.9994825721 -0.01151330676
v -3.775042534 10.67756081 24.72899055
vn -0.9311793447 -0.3615011275 0.04713723063
v -37.52651978 9.675737381 24.71422386
vn 0.9298818707 -0.3662433028 0.0344324708
v -33.27923203 -9.776485443 24.9366169
vn 0.6228098869 0.7734265924 0.1179795116
v -6.916507721 -14.99856091 25.05766869
vn -0.5583318472 0.8052674532 0.1995242089
v -21.0160675 21.3570118 24.88284874
vn 0.02954379842 -0.9994998574 -0.011280654
v -3.765376329 10.67422867 25.02893448
vn -0.9313076138 -0.3611692786 0.04714773595
v -37.53103638 9.680499077 25.01416206
vn 0.9294667244 -0.3672979772 0.03440652043
v -33.32130051 -9.779314041 25.23688698
vn 0.6234525442 0.7728908062 0.1180963814
v -6.882625103 -15.07717133 25.35727882
vn -0.5576061606 0.8057252765 0.1997051686
v -21.01040649 21.34947395 25.18266869
vn 0.02952135727 -0.999499917 -0.01133423299
v -3.755722523 10.67081165 25.32850647
vn -0.931276679 -0.3612656295 0.04702043161
v -37.5355835 9.685246468 25.31435776
vn 0.9290199876 -0.3684160709 0.03451776877
v -33.36326981 -9.782140732 25.53698349
vn 0.6242625117 0.7722304463 0.1181376651
v -6.848761082 -15.15577316 25.65681458
vn -0.5572574735 0.8059523702 0.1997621953
v -21.00484085 21.34193993 25.48265266
vn 0.02902756445 -0.9995146394 -0.01130702347
v -3.746060848 10.66740036 25.62858582
vn -0.9312734604 -0.3612720966 0.04703458399
v -37.54014206 9.689998627 25.61440659
vn 0.9284100533 -0.3699508607 0.03451241553
v -33.40530014 -9.78502655 25.8377037
vn 0.6249794364 0.7716162801 0.1183596104
v -6.814922333 -15.2344141 25.95655251
vn -0.5561206937 0.8067023754 0.1999025792
v -20.99917412 21.33440781 25.78281593
vn 0.02893899381 -0.9995177984 -0.01125716139
v -3.736393213 10.66409588 25.92835999
vn -0.9313195348 -0.3611597121 0.04698453471
v -37.54469299 9.694746971 25.91459656
vn 0.9279341698 -0.3711364865 0.03458226472
v -33.44734573 -9.787928581 26.13783836
vn 0.6259843707 0.7707929015 0.1184137985
v -6.78110218 -15.31311607 26.25636292
vn -0.555795908 0.8068678379 0.2001380473
v -20.99361229 21.32687187 26.08265686
vn 0.02855913155 -0.9995282888 -0.01129347272
v -3.726715803 10.6607008 26.22830772
vn -0.931191802 -0.3614889383 0.04698425531
v -37.549263 9.69949913 26.21460724
vn 0.927444458 -0.3723531365 0.03464042768
v -33.48941422 -9.790768623 26.43790627
vn 0.6265961528 0.7702894211 0.1184547916
v -6.747286797 -15.39165974 26.55550575
vn -0.5550928116 0.8073470592 0.2001567781
v -20.98794937 21.31934357 26.38280869
vn 0.02846612968 -0.9995317459 -0.01122133061
v -3.717045546 10.6574173 26.52811623
vn -0.9312854409 -0.3612532318 0.04694216698
v -37.55387497 9.704238892 26.51491356
vn 0.9269404411 -0.373600781 0.03469690681
v -33.53154755 -9.793628693 26.73844719
vn 0.6274346709 0.7695811987 0.1186191663
v -6.713491917 -15.47024536 26.85510826
vn -0.5541030765 0.8080185056 0.2001896203
v -20.98228836 21.31181145 26.68264198
vn 0.02806247585 -0.9995422363 -0.01130620204
v -3.70737195 10.65404034 26.82775307
vn -0.9312830567 -0.361274004 0.04682859778
v -37.55841446 9.70898056 26.81462669
vn 0.9263657331 -0.3750358522 0.0345630385
v -33.57378006 -9.796490669 27.03874588
vn 0.6280848384 0.7690289617 0.1187597439
v -6.679717541 -15.54882908 27.15473938
vn -0.5537590384 0.8082222342 0.2003191561
v -20.97672272 21.30428314 26.98252487
vn 0.02775042877 -0.9995510578 -0.01129692793
v -3.697683334 10.65067196 27.12783241
vn -0.9312108159 -0.3614572883 0.04685104638
v -37.56289673 9.713729858 27.11461639
vn 0.9259080291 -0.3761624098 0.03458566964
v -33.61590958 -9.799352646 27.33862114
vn 0.6288486123 0.7684081793 0.1187360212
v -6.645962715 -15.62740135 27.4542141
vn -0.5530999899 0.8086386323 0.2004594505
v -20.97106171 21.29675865 27.28277969
vn 0.02784155682 -0.9995495677 -0.01120088529
v -3.688003302 10.6474123 27.42752838
vn -0.9313027263 -0.3612307608 0.04677163064
v -37.56749344 9.718474388 27.41515732
vn 0.9253994823 -0.3773946464 0.03477200866
v -33.65809631 -9.802261353 27.63929176
vn 0.6298167706 0.7675966024 0.1188541204
v -6.612235546 -15.70601368 27.75401878
vn -0.5521908998 0.8092328906 0.2005676329
v -20.96549988 21.28922844 27.58261681
vn 0.02728161216 -0.9995644689 -0.01125305984
v -3.678311348 10.64406013 27.72755051
vn -0.931230247 -0.3614150286 0.04679128155
v -37.57209778 9.723223686 27.71516991
vn 0.9248561263 -0.3787202239 0.03481508791
v -33.70030975 -9.80509758 27.93963623
vn 0.6304382682 0.7670667768 0.1189797819
v -6.578505039 -15.78468132 28.05360985
vn -0.5515283942 0.8096602559 0.2006657273
v -20.95983887 21.28170013 27.88277626
vn 0.02727200091 -0.9995654821 -0.01118265931
v -3.668614864 10.64081669 28.02727127
vn -0.9313073158 -0.361223191 0.0467382893
v -37.57671738 9.727959633 28.01553917
vn 0.9243656397 -0.3799059391 0.03492249921
v -33.7425766 -9.80807972 28.24013329
vn 0.6313133836 0.7663083673 0.119226262
v -6.544797897 -15.86320686 28.35317993
vn -0.5507183075 0.8101727366 0.2008219957
v -20.95428085 21.27418137 28.18227768
vn 0.02680950426 -0.9995760322 -0.01135842036
v -3.658924341 10.63748169 28.32688332
vn -0.9312312007 -0.3614372313 0.04660044611
v -37.58130646 9.732713699 28.31521225
vn 0.923782289 -0.3813360035 0.03477276117
v -33.78492737 -9.810958862 28.540205
vn 0.6318607926 0.7658532262 0.1192509606
v -6.511108875 -15.94175911 28.65260696
vn -0.5505447388 0.8102752566 0.200884223
v -20.94862747 21.26655388 28.48226166
vn 0.02657603659 -0.9995823503 -0.01134837046
v -3.649227858 10.63415432 28.62705421
vn -0.9311738014 -0.3615802526 0.04663783312
v -37.58592987 9.737452507 28.61548615
vn 0.923214674 -0.3826993704 0.03486892954
v -33.8271904 -9.813838005 28.84027863
vn 0.6327590942 0.7651113868 0.1192497015
v -6.477437496 -16.02030754 28.95212936
vn -0.549664557 0.8108502626 0.2009744346
v -20.94296646 21.25901985 28.78275871
vn 0.02645757236 -0.9995875359 -0.01116698049
v -3.63952136 10.63093662 28.9268055
vn -0.9312624335 -0.3613570929 0.04659694061
v -37.5905571 9.742194176 28.91569519
vn 0.9228031039 -0.3836815953 0.03496890515
v -33.86951065 -9.816726685 29.14056778
vn 0.6334391832 0.7645282745 0.119378686
v -6.44378233 -16.09885406 29.25172043
vn -0.5489828587 0.81129843 0.2010291964
v -20.93740845 21.25149536 29.08258438
vn 0.02606244572 -0.9995974898 -0.0112071503
v -3.629820347 10.62762642 29.22673798
vn -0.9312397242 -0.3614187837 0.04657264054
v -37.59518433 9.746941566 29.21567726
vn 0.9222115278 -0.3851009905 0.03497290984
v -33.91185379 -9.819658279 29.44102287
vn 0.6341555119 0.7639145851 0.1195043549
v -6.410157681 -16.17743683 29.55147934
vn -0.5481415987 0.8118138909 0.2012436539
v -20.93174744 21.2439785 29.38274002
vn 0.0260216184 -0.9995993376 -0.01113729458
v -3.620105505 10.62442493 29.52651978
vn -0.9312589169 -0.3613743484 0.04653373361
v -37.59984589 9.751675606 29.51607513
vn 0.9217546582 -0.386181742 0.03510032594
v -33.95423508 -9.822518349 29.7413311
vn 0.6350591183 0.7631560564 0.1195523664
v -6.376528263 -16.256073 29.85109711
vn -0.5475559831 0.8121904135 0.2013185769
v -20.92619133 21.2364521 29.68258095
vn 0.02554019913 -0.9996109009 -0.01121153869
v -3.610401154 10.62112904 29.82631302
vn -0.9321532249 -0.3619623482 0.008581412025
v -37.60446548 9.756419182 29.81583405
vn 0.9244974852 -0.3794973493 0.03586281091
v -33.99673843 -9.825428009 30.04186058
vn 0.6282091737 0.7214223146 -0.2913813889
v -6.342916489 -16.33456421 30.15052032
vn -0.5686742663 0.7994357347 -0.1936802268
v -20.92053223 21.22893524 29.98241425
vn 0.02189223096 -0.9873114824 0.1572793573
v -3.803544998 11.04707527 30.1529541
vn -0.6672259569 -0.270298928 -0.6940807104
v -37.60910416 9.761061668 30.11570168
vn 0.9206839204 -0.3887797892 0.03451675177
v -34.04013443 -9.834517479 30.3665638
vn 0.5908192396 0.5948787332 -0.5450246334
v -5.923596859 -15.94109154 30.3784523
vn 0.1074323431 0.2472546399 -0.9629763365
v -7.375040054 -16.51399422 30.024086
vn 0.01583093964 -0.01127261203 -0.9998111129
v -20.91496658 21.22141838 30.28261757
vn 0.04051798582 -0.9820078015 -0.1844421774
v -3.591086864 10.6134901 30.4264183
vn -0.9117562175 -0.3503605127 0.2143550664
v -37.61366272 9.765809059 30.41581154
vn 0.9203394651 -0.389590919 0.0345563516
v -34.0818367 -9.837723732 30.66700554
vn 0.6054961085 0.7855266333 0.1277592331
v -5.692768097 -15.17746067 30.41871643
vn 0.178702116 0.6581117511 -0.7314058542
v -7.649733067 -16.78185463 30.36059952
vn -0.9622977972 0.09279561788 0.25567922
v -20.90931892 21.21390533 30.5825386
vn 0.0248865895 -0.9996279478 -0.01116120629
v -3.581334591 10.61019325 30.72654343
vn -0.9403420091 -0.3371149004 0.04593977705
v -37.61832809 9.770553589 30.71622086
vn 0.9197608232 -0.3909450173 0.03466929868
v -34.12356186 -9.841046333 30.96844482
vn 0.6133340597 0.7794992924 0.1272877455
v -5.758104324 -15.25021935 30.7400074
vn 0.2354179919 0.9513930082 0.1985692382
v -7.429639816 -16.46168327 30.58865166
vn -0.9555231333 0.07773675025 0.284486413
v -20.90366364 21.20638657 30.88271523
vn 0.02466865443 -0.9996340275 -0.01110514812
v -3.571573019 10.60698605 31.02659607
vn -0.939799726 -0.3386120796 0.0460254401
v -37.6230278 9.775287628 31.01663399
vn 0.9192509055 -0.3921338916 0.03476756811
v -34.16527939 -9.844338417 31.26976395
vn 0.6160898209 0.7772430182 0.1277756095
v -5.908689499 -15.30335712 31.04184532
vn 0.2321712971 0.9512096643 0.203215763
v -7.380671978 -16.39780998 30.88924408
vn -0.9900775552 0.08626199514 0.1109290272
v -20.89810371 21.19887161 31.1825428
vn 0.02419742569 -0.9996446371 -0.01118579321
v -3.561820745 10.60366821 31.32666969
vn -0.9391842484 -0.3403216004 0.0459799394
v -37.6276741 9.780035019 31.31643677
vn 0.9186509252 -0.3935484886 0.03464161232
v -34.20705795 -9.847650528 31.57085037
vn 0.6185501814 0.7752168179 0.1281974614
v -6.059092045 -15.35645008 31.34303474
vn 0.2292303443 0.9521214962 0.2022823244
v -7.33156395 -16.33400726 31.1895771
vn -0.9896554947 0.09222222865 0.1098954678
v -20.89245605 21.19135666 31.48253059
vn 0.02407298423 -0.9996478558 -0.01116724778
v -3.552067757 10.60034657 31.6268177
vn -0.9386587739 -0.3417631984 0.04601817578
v -37.63235855 9.784776688 31.61665535
vn 0.9182251692 -0.3945304453 0.03476046398
v -34.24868393 -9.850921631 31.87154007
vn 0.6211658716 0.773081243 0.1284457594
v -6.209521294 -15.40953255 31.64404297
vn 0.2263409048 0.9530730844 0.2010509223
v -7.282463551 -16.27013206 31.48954582
vn -0.9892202616 0.09812096506 0.1086991504
v -20.88689995 21.18384743 31.78236771
vn 0.02371351607 -0.9996557236 -0.01122899167
v -3.542306185 10.5971117 31.92687607
vn -0.9381428957 -0.3431855738 0.04595148936
v -37.63705444 9.789527893 31.91646385
vn 0.9177106619 -0.3957354426 0.0346502997
v -34.29034042 -9.854307175 32.1728096
vn 0.6235299706 0.7710862756 0.1289820373
v -6.359880924 -15.46253014 31.94539261
vn 0.2234248072 0.9540026784 0.199900493
v -7.233318806 -16.20623589 31.78964996
vn -0.9887629151 0.1039591208 0.1074261665
v -20.88125038 21.17622757 32.08218765
vn 0.02363950014 -0.9996566772 -0.0112999361
v -3.532544851 10.59376907 32.22706604
vn -0.9374730587 -0.3450135887 0.04593353719
v -37.64174652 9.794259071 32.21688843
vn 0.9170650244 -0.3972198963 0.03475802019
v -34.33198166 -9.857668877 32.47411728
vn 0.6264173388 0.7686775923 0.1293680817
v -6.510302544 -15.51570606 32.24708557
vn 0.2205184251 0.9548872113 0.1989020258
v -7.184197903 -16.14233208 32.09009552
vn -0.9882746339 0.1097779348 0.1061229855
v -20.87569237 21.16871262 32.38268661
vn 0.0232878644 -0.9996670485 -0.01111365017
v -3.522783995 10.59051704 32.52729416
vn -0.9369668365 -0.3463751674 0.04601465166
v -37.64647293 9.798998833 32.51704788
vn 0.9166148305 -0.3982526362 0.03481452912
v -34.37362289 -9.861103058 32.77529907
vn 0.6289272308 0.7665377855 0.1298858374
v -6.660628796 -15.56882191 32.5483284
vn 0.2176327109 0.9557686448 0.1978441328
v -7.135090828 -16.07845879 32.39036942
vn -0.9877374768 0.1155800819 0.1049569771
v -20.87004852 21.16119957 32.68250275
vn 0.02303943411 -0.9996718764 -0.0111956941
v -3.513026953 10.5871582 32.82728577
vn -0.9364322424 -0.3478305638 0.04591940343
v -37.65116119 9.803743362 32.8169632
vn 0.9160376191 -0.3995887637 0.03469721973
v -34.41533661 -9.8645401 33.07635498
vn 0.63127774 0.764533937 0.1302930117
v -6.810925961 -15.62186432 32.84955215
vn 0.2147656977 0.9566426873 0.1967496574
v -7.085918903 -16.01458359 32.69051743
vn -0.9871755838 0.1213336065 0.1037424579
v -20.86439896 21.15368843 32.98250198
vn 0.02282324433 -0.9996770024 -0.01117811818
v -3.503261566 10.58379173 33.12747192
vn -0.935790956 -0.3495485485 0.045947209
v -37.65587234 9.808485031 33.1171608
vn 0.9155154228 -0.4007771313 0.03477399051
v -34.45689392 -9.867943764 33.37723923
vn 0.6341282129 0.7621141672 0.1306270063
v -6.961260796 -15.67505455 33.15140152
vn 0.2118933052 0.9574822187 0.1957781315
v -7.03678751 -15.95068073 32.99113846
vn -0.9865867496 0.1270554066 0.1024864689
v -20.85884476 21.1461792 33.28265381
vn 0.02239230834 -0.9996872544 -0.01113506779
v -3.49350071 10.58051395 33.42768097
vn -0.9352379441 -0.3510225415 0.04596862942
v -37.6605835 9.813227654 33.41685867
vn 0.9149978757 -0.4019677937 0.03465270624
v -34.49846649 -9.871376038 33.67834473
vn 0.6366292834 0.759952724 0.1310536712
v -7.111505508 -15.72825336 33.45262527
vn 0.2090358436 0.9583066106 0.1948138475
v -6.987625599 -15.88690758 33.29140854
vn -0.9859570265 0.1327452213 0.1013283804
v -20.85319519 21.13866997 33.58239365
vn 0.02239915915 -0.9996861815 -0.01121467818
v -3.48373723 10.57713032 33.72770691
vn -0.9345892072 -0.3527513146 0.04592964053
v -37.66521454 9.817964554 33.71708298
vn 0.9145260453 -0.4030333161 0.03473123908
v -34.54000854 -9.874775887 33.97910309
vn 0.639292717 0.7576716542 0.1312955916
v -7.261747837 -15.78143311 33.75368881
vn 0.2062003464 0.9591581225 0.1936417669
v -6.938468456 -15.82306671 33.59151459
vn -0.9852992296 0.1383974999 0.100157544
v -20.84764099 21.13116837 33.88265228
vn 0.02216759883 -0.9996924996 -0.0111132022
v -3.473970413 10.57383347 34.02793884
vn -0.9340953827 -0.3540581167 0.04592004418
v -37.66997528 9.822709084 34.01755142
vn 0.9139997363 -0.4042169452 0.03482991457
v -34.58159637 -9.878296852 34.28081894
vn 0.6418372989 0.7554131746 0.1318930984
v -7.411966324 -15.83455181 34.05509186
vn 0.2033797055 0.9599964619 0.1924668401
v -6.889296055 -15.75922394 33.89162827
vn -0.9846252203 0.1440205276 0.09884964675
v -20.84199333 21.12365913 34.18247986
vn 0.02189604007 -0.9996975064 -0.0112026697
v -3.464207649 10.5704298 34.32782364
vn -0.9334639907 -0.3557302654 0.04583663866
v -37.67469406 9.827449799 34.31760406
vn 0.9133558273 -0.4056732655 0.03478947654
v -34.62322235 -9.881789207 34.58216858
vn 0.6444763541 0.7530781031 0.132376641
v -7.562221527 -15.88784027 34.35687637
vn 0.2005555183 0.9607625008 0.1916061044
v -6.840147972 -15.69536972 34.1920929
vn -0.9839105606 0.1496239156 0.09763523936
v -20.83644676 21.11615562 34.48246384
vn 0.02143557929 -0.9997077584 -0.0111767957
v -3.454437017 10.5670166 34.6282196
vn -0.932800293 -0.3574582934 0.04590468109
v -37.67943192 9.832197189 34.61756516
vn 0.9128476977 -0.4068133235 0.03481382504
v -34.66469574 -9.885341644 34.88289261
vn 0.6470445991 0.7508093119 0.1327355057
v -7.712392807 -15.94107819 34.65807724
vn 0.1977394968 0.9615353346 0.1906537265
v -6.791001797 -15.6315527 34.49239349
vn -0.9831713438 0.1551434696 0.09646064043
v -20.83080101 21.10865593 34.78262711
vn 0.02134399861 -0.9997102022 -0.01113141235
v -3.444672108 10.56369495 34.9283371
vn -0.9323273897 -0.3586955965 0.04585953057
v -37.68419647 9.83694458 34.91768265
vn 0.9123674035 -0.4078900218 0.03480531275
v -34.70619583 -9.888901711 35.18398285
vn 0.649505794 0.7486135364 0.1331164539
v -7.862564087 -15.99424553 34.95932388
vn 0.1949375421 0.9623431563 0.1894598752
v -6.741826534 -15.56773949 34.7923851
vn -0.9824060202 0.1606707573 0.0952013582
v -20.82515526 21.10114861 35.08245468
vn 0.02115193009 -0.9997135997 -0.01119606756
v -3.434898853 10.56026554 35.22838211
vn -0.9316235781 -0.3605200648 0.04585582763
v -37.6889534 9.841686249 35.21787643
vn 0.9118162394 -0.4091145396 0.03487739712
v -34.74766922 -9.89244175 35.48511505
vn 0.6523138881 0.7460970283 0.1335134506
v -8.012742996 -16.04756355 35.26125336
vn 0.1921624839 0.9630838633 0.188528657
v -6.692687988 -15.50389385 35.09305954
vn -0.9816029072 0.166183874 0.09401413053
v -20.81960297 21.093647 35.38262939
vn 0.02079888992 -0.9997217655 -0.01112829149
v -3.425130129 10.55692387 35.52859879
vn -0.9311017394 -0.3618609309 0.04589301348
v -37.69374466 9.846426964 35.51794434
vn 0.9113478065 -0.410158366 0.03486089781
v -34.78916168 -9.896007538 35.78649902
vn 0.6549047828 0.7437406778 0.1339758486
v -8.162855148 -16.10089684 35.56251526
vn 0.1894039661 0.9638162851 0.1875749081
v -6.643516541 -15.44018364 35.39331818
vn -0.9807807803 0.1715875268 0.09288036078
v -20.81395912 21.08615112 35.68196487
vn 0.0206459444 -0.9997221828 -0.01137078367
v -3.415358782 10.55347252 35.82831573
vn -0.9303884506 -0.3637105823 0.04573794082
v -37.69849014 9.85107708 35.8177681
vn 0.9107020497 -0.4115999341 0.03474554792
v -34.83069229 -9.899544716 36.08751297
vn 0.6573842168 0.7414810061 0.1343573183
v -8.312941551 -16.15420723 35.86367798
vn 0.186635226 0.9645726085 0.1864588857
v -6.594347 -15.37640381 35.69345474
vn -0.9799211621 0.1770168543 0.09175794572
v -20.80841255 21.07855225 35.98209763
vn 0.0202781558 -0.9997305274 -0.0112978695
v -3.40558219 10.55001163 36.12886047
vn -0.9297589064 -0.3653109074 0.04578544199
v -37.70327377 9.855823517 36.11807632
vn 0.910155952 -0.4127993286 0.0348254554
v -34.87210846 -9.903185844 36.38856125
vn 0.6600177884 0.7390645742 0.134759441
v -8.463027954 -16.2074585 36.16506958
vn 0.1838711947 0.9652962089 0.1854578406
v -6.545163631 -15.3126297 35.99357986
vn -0.9790651202 0.1823539138 0.09043506533
v -20.80276489 21.07104683 36.28260422
vn 0.0201880578 -0.9997341633 -0.01113950741
v -3.395806074 10.5466423 36.42889786
vn -0.9292029738 -0.366723448 0.04577986151
v -37.70806503 9.860570908 36.41832352
vn 0.9096550345 -0.4138959348 0.03489880264
v -34.91353226 -9.90681076 36.68993759
vn 0.6627334356 0.7365526557 0.1351833045
v -8.613121033 -16.26087379 36.46684647
vn 0.1811553687 0.9659978747 0.1844744533
v -6.496006966 -15.24883938 36.29402542
vn -0.978153646 0.1877513528 0.08924611658
v -20.79721832 21.06354904 36.58243942
vn 0.01971361041 -0.9997428656 -0.01120448951
v -3.38603282 10.5431633 36.72898483
vn -0.9285466671 -0.3683839142 0.04576389492
v -37.71284866 9.865317345 36.7179718
vn 0.9091386795 -0.4150354862 0.03482012823
v -34.95491409 -9.91050148 36.99091721
vn 0.6651781201 0.7342589498 0.1356534064
v -8.763144493 -16.31425095 36.7681427
vn 0.1784149408 0.966686964 0.1835331917
v -6.446847916 -15.18507576 36.59433365
vn -0.9772301316 0.1930110157 0.08813618869
v -20.79157448 21.05605507 36.88230896
vn 0.01962111704 -0.9997444749 -0.01122594532
v -3.37625742 10.53967857 37.02926254
vn -0.927929759 -0.3699368834 0.04575042427
v -37.71757507 9.870056152 37.01824951
vn 0.908567965 -0.4162849486 0.0348000899
v -34.99633026 -9.914211273 37.29207611
vn 0.667770803 0.7318336964 0.1360205561
v -8.913171768 -16.36755943 37.06942749
vn 0.1756779402 0.9673967361 0.1824302524
v -6.397661686 -15.12132931 36.89446259
vn -0.9762900472 0.1982596815 0.08689571172
v -20.78593063 21.04855728 37.18257904
vn 0.0194569286 -0.999748528 -0.01114735007
v -3.366469622 10.53627968 37.32934952
vn -0.9272927046 -0.3715308309 0.04574967176
v -37.72235489 9.874804497 37.318573
vn 0.9080294371 -0.4174515307 0.03488123417
v -35.03778458 -9.917901039 37.59342957
vn 0.670576334 0.729185164 0.1364417821
v -9.063200951 -16.42102432 37.37141037
vn 0.1730141342 0.9680461287 0.181528911
v -6.348501205 -15.05755424 37.19511795
vn -0.9752987027 0.2035646588 0.08575485647
v -20.78038788 21.04106712 37.48240662
vn 0.01906113327 -0.9997555614 -0.01120247412
v -3.356696367 10.53277016 37.62953568
vn -0.926592052 -0.3732760251 0.04574035481
v -37.72716904 9.87955761 37.61857224
vn 0.9074490666 -0.4187117815 0.03488065302
v -35.07910538 -9.921597481 37.89437485
vn 0.6731378436 0.7267533541 0.1368029118
v -9.213175774 -16.47449493 37.67268372
vn 0.1702996343 0.9686873555 0.1806734204
v -6.299322128 -14.99391365 37.495327
vn -0.9743130803 0.2086793184 0.08465827256
v -20.77474403 21.03356934 37.7825737
vn 0.01894098707 -0.9997584224 -0.01114820503
v -3.346913815 10.52935314 37.92957306
vn -0.9259971976 -0.374751687 0.04572048411
v -37.73199081 9.884306908 37.91877747
vn 0.9069998264 -0.4196781516 0.03495053574
v -35.12042618 -9.925274849 38.19538879
vn 0.6757199764 0.7242910266 0.1371315271
v -9.363110542 -16.52794838 37.97382736
vn 0.1676268876 0.9693721533 0.1794962287
v -6.25014782 -14.93019962 37.7954216
vn -0.973294735 0.2138325125 0.08350460976
v -20.76920319 21.02607727 38.08239746
vn 0.01859102398 -0.9997643828 -0.01120694634
v -3.337133884 10.52582455 38.22966003
vn -0.9253709912 -0.3763041198 0.04564743116
v -37.73681259 9.889062881 38.21874237
vn 0.9064481854 -0.4208698869 0.03493097425
v -35.16175079 -9.929062843 38.49671173
vn 0.6781628132 0.7219088078 0.1376330554
v -9.513050079 -16.58134842 38.27529907
vn 0.1649566889 0.9700149298 0.1784947366
v -6.200955391 -14.86649132 38.09556961
vn -0.9722531438 0.2189795673 0.08229094744
v -20.76356506 21.01858521 38.38238525
vn 0.01845951751 -0.9997668862 -0.01119832974
v -3.32735014 10.52229023 38.52985001
vn -0.9246665835 -0.3780317605 0.04564719275
v -37.74166489 9.893805504 38.51914978
vn 0.9058501124 -0.4221500754 0.03499825299
v -35.20306778 -9.93283844 38.79813766
vn 0.6810384393 0.7191191912 0.138037011
v -9.662995338 -16.63491058 38.57711792
vn 0.1623222828 0.9706211686 0.1776119322
v -6.151787281 -14.80276775 38.39604568
vn -0.9711877108 0.2240873426 0.08111268282
v -20.75801849 21.01109314 38.68255615
vn 0.01800073497 -0.9997757077 -0.01115647331
v -3.317562342 10.51884079 38.83008957
vn -0.9240345359 -0.3795693219 0.04568719864
v -37.74648285 9.898560524 38.81899261
vn 0.9053372145 -0.4232542813 0.03493408859
v -35.24444199 -9.93658638 39.09938431
vn 0.6833888888 0.7167968154 0.1384990513
v -9.812877655 -16.68843269 38.87834549
vn 0.1596749872 0.9712541699 0.1765482277
v -6.10261488 -14.7390728 38.69632721
vn -0.9701188803 0.2290545255 0.08002090454
v -20.75238037 21.0036068 38.98238373
vn 0.01786388643 -0.9997776747 -0.01120384037
v -3.307776451 10.51528549 39.13023376
vn -0.923389852 -0.3811410666 0.04563651234
v -37.75133514 9.903312683 39.11906052
vn 0.9047240615 -0.4245641232 0.03492425755
v -35.28569794 -9.940540314 39.40050125
vn 0.6859949231 0.7142131329 0.1389626712
v -9.962752342 -16.74190331 39.17996216
vn 0.1569774598 0.9718523622 0.1756732017
v -6.053417683 -14.67539692 38.99649811
vn -0.9690060019 0.2341204435 0.07883513719
v -20.74673843 20.99612045 39.282547
vn 0.01769779064 -0.9997811913 -0.01115155313
v -3.297982931 10.51181793 39.43028259
vn -0.9227733016 -0.3826303482 0.04564523324
v -37.75618362 9.908065796 39.41926575
vn 0.9042869806 -0.4254882932 0.0349971652
v -35.326931 -9.944364548 39.70148087
vn 0.6888546944 0.7113984227 0.1392533332
v -10.11264515 -16.79550934 39.48177338
vn 0.154364422 0.9724242091 0.1748220176
v -6.004251003 -14.61168671 39.29712677
vn -0.967872858 0.2391274273 0.07771894336
v -20.74120331 20.98863602 39.58202744
vn 0.0173559729 -0.9997851849 -0.01132807694
v -3.288195133 10.50823689 39.73019028
vn -0.9219790101 -0.3845507801 0.04555611312
v -37.76104355 9.912828445 39.71905899
vn 0.9037453532 -0.4266425669 0.034935195
v -35.36815262 -9.948174477 40.00252914
vn 0.6912282109 0.7090244889 0.139598757
v -10.26242733 -16.84910583 39.78277206
vn 0.1518058628 0.9730148911 0.1737728119
v -5.955060005 -14.54811668 39.59746552
vn -0.9667420387 0.2439680099 0.07674274594
v -20.73556328 20.98104668 39.88202667
vn 0.01711586118 -0.999789238 -0.01133474335
v -3.278399944 10.50464916 40.03055191
vn -0.9213197231 -0.3861295581 0.0455401428
v -37.76592255 9.917564392 40.01932907
vn 0.9030486941 -0.428116262 0.0349217616
v -35.40940475 -9.952106476 40.30411911
vn 0.6938283443 0.7063722014 0.1401448846
v -10.41226292 -16.90264893 40.08427429
vn 0.1492103487 0.9736059904 0.1727066934
v -5.905844688 -14.48448372 39.89739227
vn -0.9655877352 0.2488712817 0.07552072406
v -20.7300148 20.9735527 40.18242645
vn 0.01674521528 -0.9997970462 -0.01120297704
v -3.268600464 10.50114727 40.33081818
vn -0.9206823707 -0.3876439035 0.04556524009
v -37.77067184 9.922322273 40.31914902
vn 0.9026088119 -0.4290492833 0.03484272212
v -35.45068741 -9.956000328 40.60509491
vn 0.6964305043 0.7037407756 0.1404756606
v -10.56211185 -16.95633125 40.38619232
vn 0.1465622485 0.9741478562 0.171916917
v -5.856658936 -14.4208231 40.1978569
vn -0.9643955231 0.2538026273 0.0743336454
v -20.7243824 20.96607399 40.48234177
vn 0.01674335264 -0.9997969866 -0.0112083964
v -3.258810759 10.49754047 40.63093185
vn -0.9199454188 -0.3893908262 0.04555452615
v -37.77555466 9.927083015 40.61952591
vn 0.9020278454 -0.4302602112 0.03495563567
v -35.49183655 -9.959939957 40.90630341
vn 0.6992618442 0.7008599043 0.1408128589
v -10.71181679 -17.01002121 40.68768692
vn 0.1440242976 0.9746798277 0.1710445732
v -5.807483196 -14.3571825 40.49818039
vn -0.9632064104 0.2585819662 0.07327178866
v -20.71874237 20.95858765 40.78250885
vn 0.0164172519 -0.9998027682 -0.01117405668
v -3.249012947 10.49402046 40.93097305
vn -0.9193195105 -0.3908679187 0.04553970695
v -37.78044128 9.931835175 40.91960907
vn 0.901565969 -0.4312247336 0.03498603031
v -35.5329895 -9.963846207 41.20756531
vn 0.7016319036 0.6984088421 0.1412012726
v -10.86156368 -17.06372643 40.98884201
vn 0.1414730251 0.9752534032 0.1699005216
v -5.758300304 -14.2935667 40.79838181
vn -0.9620009065 0.2633225918 0.07221802324
v -20.71319962 20.95110321 41.08216858
vn 0.01611150987 -0.9998065829 -0.01127800439
v -3.239216805 10.49038887 41.23106384
vn -0.918612957 -0.3925361037 0.04544923827
v -37.78532028 9.936501503 41.21956635
vn 0.9009334445 -0.4325462878 0.03496633843
v -35.57415009 -9.967948914 41.50891113
vn 0.7041971087 0.6957064867 0.141770497
v -11.01132011 -17.11734009 41.29059982
vn 0.138873741 0.97577703 0.169036448
v -5.709088802 -14.2299614 41.0985527
vn -0.9607515931 0.2681584358 0.07104498148
v -20.70756912 20.9436245 41.38233566
vn 0.01602423564 -0.9998089075 -0.01119522937
v -3.229415894 10.48675156 41.53126526
vn -0.9178863168 -0.3942311704 0.04545849189
v -37.79024506 9.941260338 41.52010345
vn 0.900349915 -0.4337505698 0.03507854044
v -35.61529922 -9.971957207 41.81019592
vn 0.7070074677 0.6927821636 0.1421029717
v -11.16098404 -17.17113304 41.5922699
vn 0.1363426298 0.9762800336 0.1681903005
v -5.659910679 -14.16633511 41.39912796
vn -0.9595144391 0.2728368044 0.06994377822
v -20.70202827 20.93614769 41.6824913
vn 0.01550430525 -0.9998173714 -0.01117358357
v -3.219609022 10.48319817 41.83151627
vn -0.917196095 -0.3958283663 0.04551049322
v -37.79512024 9.946025848 41.81990433
vn 0.8998624086 -0.4347683191 0.03498797864
v -35.65649033 -9.975934029 42.11126328
vn 0.7094310522 0.6902197003 0.1424932778
v -11.31067085 -17.22488976 41.89367294
vn 0.1338094473 0.9767935872 0.1672404408
v -5.610720158 -14.10273457 41.69950867
vn -0.9582614899 0.2774533927 0.0689528957
v -20.69639397 20.92866707 41.98231888
vn 0.01547016669 -0.9998173118 -0.01122412737
v -3.209807396 10.47953606 42.13155365
vn -0.916456759 -0.3975465298 0.04542926326
v -37.80003738 9.950786591 42.12010956
vn 0.8992633224 -0.436001122 0.03504917398
v -35.69756699 -9.980024338 42.41241837
vn 0.7119808793 0.6875152588 0.1428496987
v -11.46033764 -17.27860832 42.19500732
vn 0.131285429 0.9772974849 0.1662942022
v -5.561496258 -14.03925705 41.99968719
vn -0.956975162 0.2821141481 0.06789811701
v -20.69085312 20.92119026 42.28248596
vn 0.01506885514 -0.9998241663 -0.01116034202
v -3.200000048 10.47596169 42.43180084
vn -0.9158100486 -0.3990340233 0.04542972147
v -37.80495453 9.955555916 42.42007828
vn 0.8987810612 -0.4369959533 0.03502999246
v -35.7386322 -9.9840765 42.71359253
vn 0.7145964503 0.6847174168 0.1432271153
v -11.61003399 -17.33245468 42.49691391
vn 0.1287555993 0.977789402 0.1653780639
v -5.512290955 -13.9756794 42.29997253
vn -0.9556696415 0.2867799699 0.06672929972
v -20.68522072 20.91371727 42.58230591
vn 0.01495355088 -0.9998250604 -0.01123339497
v -3.190196514 10.47227764 42.73179245
vn -0.9150403738 -0.4008020163 0.04537479207
v -37.80987549 9.960321426 42.72018433
vn 0.8982089758 -0.4381693304 0.03504691273
v -35.77968597 -9.988188744 43.01488495
vn 0.7172944546 0.6818073988 0.1436222494
v -11.75958538 -17.38632011 42.79846573
vn 0.1263002753 0.9782420397 0.1645925492
v -5.463099003 -13.9121151 42.60040283
vn -0.9543658495 0.2913223207 0.06570487469
v -20.67959213 20.90623856 42.88230896
vn 0.01472571958 -0.9998286963 -0.01121385116
v -3.180384874 10.46858692 43.03199005
vn -0.9143294692 -0.402418226 0.04540067911
v -37.81483078 9.965084076 43.02056503
vn 0.8977175355 -0.439165473 0.03516942263
v -35.82074356 -9.992266655 43.31622314
vn 0.7198448777 0.6790322661 0.1440088898
v -11.90918064 -17.4401989 43.09968185
vn 0.1238352954 0.9787323475 0.163547501
v -5.41389513 -13.84857368 42.90063095
vn -0.9530732632 0.2957471907 0.06469099969
v -20.67405701 20.89877129 43.18212891
vn 0.01415262558 -0.999835968 -0.01130475104
v -3.170565128 10.46497822 43.33210373
vn -0.9136520624 -0.4039626122 0.0453222394
v -37.8197403 9.969851494 43.31991577
vn 0.8970605731 -0.4405309558 0.03485392034
v -35.86188889 -9.996472359 43.61781693
vn 0.7220323682 0.6765768528 0.1446133256
v -12.05878258 -17.49401855 43.40128708
vn 0.1213592812 0.9792020321 0.1625894606
v -5.364666939 -13.78504753 43.20078659
vn -0.9517148733 0.3003257215 0.06358634681
v -20.66842079 20.89118958 43.48185349
vn 0.01421903633 -0.9998340011 -0.01139504928
v -3.160751581 10.46125793 43.63228607
vn -0.9128205776 -0.4058432877 0.04527460411
v -37.82457352 9.974608421 43.6202507
vn 0.8964347243 -0.4417965114 0.03493764624
v -35.90284729 -10.00072765 43.91856384
vn 0.7250704765 0.6732847691 0.1447772533
v -12.20839882 -17.54797173 43.70335388
vn 0.1187226027 0.9796446562 0.1618680507
v -5.315463543 -13.72150326 43.50119781
vn -0.9503474236 0.3048574328 0.06246343628
v -20.66288185 20.88371277 43.78244781
vn 0.01392972935 -0.9998406172 -0.01116962545
v -3.150931597 10.4576273 43.93254852
vn -0.9121184349 -0.4074086845 0.04536591843
v -37.82953262 9.979384422 43.92054749
vn 0.8960310221 -0.4426044226 0.03506840765
v -35.94381714 -10.00488949 44.21971512
vn 0.7275958061 0.6704726815 0.145157367
v -12.35784054 -17.60188103 44.0045929
vn 0.1164124459 0.9800775647 0.1609227508
v -5.266276836 -13.6579628 43.80176544
vn -0.9490385056 0.3090951145 0.06153161451
v -20.65725327 20.87623978 44.08227539
vn 0.01377312839 -0.9998419285 -0.01124329492
v -3.14111948 10.45388699 44.23242188
vn -0.9113880396 -0.4090555012 0.04522703215
v -37.8344841 9.984157562 44.22073746
vn 0.8954272866 -0.4438221455 0.03509899601
v -35.98480606 -10.00916195 44.52112198
vn 0.730004549 0.6677539945 0.1455951184
v -12.50735855 -17.6558094 44.30597687
vn 0.1139746383 0.9805070162 0.160049215
v -5.217038631 -13.59457493 44.10185623
vn -0.9476295114 0.3135782778 0.06055529416
v -20.65172386 20.86876869 44.38227463
vn 0.01327099092 -0.9998489618 -0.01122342981
v -3.131298304 10.45013618 44.53283691
vn -0.9106154442 -0.4107677639 0.04526923597
v -37.83945084 9.988937378 44.52072525
vn 0.8948814273 -0.4449212551 0.03510436788
v -36.02574539 -10.01341438 44.82237625
vn 0.7325896025 0.6648443937 0.1459259689
v -12.6568985 -17.70986938 44.60787964
vn 0.1115150601 0.9809360504 0.1591506004
v -5.167818069 -13.53107643 44.40217209
vn -0.9462524056 0.3179205656 0.05943828076
v -20.64608955 20.86130333 44.68242645
vn 0.01320691127 -0.9998502731 -0.01117861737
v -3.121474981 10.44647121 44.83298111
vn -0.909927547 -0.4122910798 0.04525404796
v -37.84444427 9.993706703 44.8209877
vn 0.8943273425 -0.4460327327 0.03511923179
v -36.06669617 -10.01768303 45.12384415
vn 0.7352702618 0.6617799997 0.1463722736
v -12.80639458 -17.76389503 44.90951157
vn 0.1091072783 0.9813523889 0.1582502127
v -5.118601799 -13.46759415 44.70248413
vn -0.9448586702 0.3222306669 0.05839054286
v -20.64046288 20.85383034 44.98225403
vn 0.01290012524 -0.9998534322 -0.01125664636
v -3.111651182 10.44269943 45.13303757
vn -0.9090681672 -0.4141855836 0.04522516951
v -37.84938431 9.998479843 45.1210022
vn 0.8937544227 -0.4471817315 0.035093043
v -36.10769653 -10.02196121 45.42500305
vn 0.7377284169 0.6589527726 0.1467585862
v -12.9557476 -17.81794548 45.21085739
vn 0.1067094877 0.981750071 0.1574162245
v -5.069391251 -13.40411472 45.00292969
vn -0.9434636235 0.3264591098 0.05745297298
v -20.63492393 20.84636497 45.28242111
vn 0.01258130744 -0.9998583198 -0.01118140575
v -3.101821899 10.43901062 45.43329239
vn -0.9084228277 -0.4156005085 0.04521295428
v -37.85437393 10.00326061 45.42100525
vn 0.8932334185 -0.4482210279 0.0351000689
v -36.14859009 -10.02635002 45.72639084
vn 0.7401250601 0.6561600566 0.1472034752
v -13.10519505 -17.87197113 45.5123558
vn 0.1042610109 0.9821600914 0.1564967036
v -5.020153046 -13.34067822 45.30298996
vn -0.9420541525 0.330686897 0.05639292672
v -20.62929726 20.8388958 45.58224487
vn 0.01250337437 -0.9998585582 -0.01124841068
v -3.09199214 10.43521214 45.7332077
vn -0.9076238871 -0.4173541963 0.04510401934
v -37.85935211 10.00803852 45.72118378
vn 0.8925892115 -0.4495010674 0.03511781245
v -36.18946457 -10.03081036 46.02766037
vn 0.7429070473 0.6529408097 0.147504136
v -13.25466061 -17.92615128 45.81446075
vn 0.1018551588 0.9825367928 0.1557142735
v -4.970931053 -13.2772131 45.6035347
vn -0.9405565858 0.3350915313 0.05537972227
v -20.62376785 20.83143234 45.88225555
vn 0.01203219406 -0.9998645186 -0.01123296283
v -3.082163811 10.43140316 46.03359222
vn -0.9067933559 -0.4191494286 0.04516183585
v -37.86435318 10.01282597 46.02118301
vn 0.8921428323 -0.4503831863 0.03515822068
v -36.23029709 -10.03512764 46.3285408
vn 0.7453687191 0.650057137 0.1478213668
v -13.40404129 -17.98022842 46.11575699
vn 0.09944946319 0.9829341769 0.1547584236
v -4.921703815 -13.21376324 45.9040184
vn -0.9392181039 0.3389821053 0.05440992862
v -20.61813545 20.82397079 46.18239975
vn 0.01196224894 -0.9998657703 -0.01119468361
v -3.072327375 10.42768097 46.33364868
vn -0.9060925841 -0.4206654131 0.0451316312
v -37.86937714 10.01759815 46.32138443
vn 0.891587019 -0.4514831007 0.03515083343
v -36.27119827 -10.0396204 46.63029099
vn 0.7478217483 0.6471053362 0.1483822912
v -13.55331707 -18.03433228 46.41723251
vn 0.09724273533 0.9832772017 0.1539797634
v -4.87247467 -13.15043926 46.20425034
vn -0.9377295971 0.3432237804 0.05348464847
v -20.61260033 20.81650162 46.48206329
vn 0.01140189078 -0.9998709559 -0.01131564565
v -3.06248641 10.42384624 46.63392639
vn -0.9052255154 -0.4225301147 0.0451115258
v -37.87434006 10.0222826 46.62089157
vn 0.8908826113 -0.4528881907 0.03493480757
v -36.31211853 -10.0440712 46.93156433
vn 0.7502701283 0.6441760063 0.1487680972
v -13.70271301 -18.08862495 46.7191658
vn 0.09479495138 0.9836339951 0.1532256305
v -4.823226929 -13.08703423 46.50452805
vn -0.9362581968 0.3473704457 0.05248177797
v -20.60697174 20.80904961 46.78228378
vn 0.01144457795 -0.9998716116 -0.01121647283
v -3.052648544 10.4200983 46.93407059
vn -0.9045423865 -0.42399019 0.04511546344
v -37.8792572 10.02707291 46.92112732
vn 0.8904831409 -0.4536665082 0.03502109274
v -36.3528862 -10.04855347 47.2324028
vn 0.7530453205 0.6408997774 0.1488966942
v -13.8520565 -18.14287186 47.02075195
vn 0.09233577549 0.9840026498 0.1523578614
v -4.773993015 -13.02363396 46.80477905
vn -0.934815526 0.3513838351 0.05147146434
v -20.60135078 20.80158806 47.08188629
vn 0.01136538479 -0.9998708367 -0.01136321668
v -3.042810917 10.41624069 47.23379517
vn -0.9036819339 -0.4258396924 0.04493853077
v -37.88428879 10.03186417 47.22145462
vn 0.8899266124 -0.4547495544 0.0351209268
v -36.39365387 -10.05299568 47.53367996
vn 0.755521059 0.6379038095 0.1492202878
v -14.00134754 -18.19709969 47.32209396
vn 0.09011273086 0.98437047 0.151309073
v -4.724750042 -12.96024418 47.10513306
vn -0.9333277345 0.3554524183 0.05052607507
v -20.59581757 20.79402924 47.38188934
vn 0.01076739747 -0.9998775125 -0.01136145275
v -3.032963514 10.41236877 47.53437424
vn -0.9028347135 -0.4276259243 0.04500665516
v -37.88931274 10.03665066 47.52161026
vn 0.8892678618 -0.4560340941 0.03515098616
v -36.43445587 -10.05760956 47.835392
vn 0.757866919 0.6349745989 0.1498165429
v -14.15055084 -18.25131416 47.62373352
vn 0.08784287423 0.984690547 0.1505593657
v -4.675506592 -12.89687347 47.40537643
vn -0.9319012761 0.3593163192 0.04951604083
v -20.59019089 20.78656578 47.68237305
vn 0.01075849216 -0.9998794794 -0.01119482145
v -3.023114681 10.40858459 47.83442688
vn -0.902145803 -0.4290809333 0.04497292638
v -37.89437485 10.04143715 47.82196426
vn 0.8887188435 -0.4570973814 0.03522494063
v -36.4752388 -10.06228161 48.13693237
vn 0.7605717182 0.6316367984 0.1502185315
v -14.29987144 -18.30573273 47.92582321
vn 0.08546239883 0.9850075245 0.1498542577
v -4.626268387 -12.83350563 47.70578384
vn -0.9303272963 0.3635001481 0.04856687784
v -20.58466339 20.77910614 47.98220062
vn 0.01024814975 -0.9998840094 -0.01126887836
v -3.013263702 10.40468788 48.13469696
vn -0.901235342 -0.430986315 0.04500753433
v -37.89937973 10.04623222 48.12176895
vn 0.8881387711 -0.4582326412 0.03510601074
v -36.51605225 -10.06682491 48.43789291
vn 0.7629405856 0.6287017465 0.1505184174
v -14.4491024 -18.3600502 48.22719955
vn 0.08310831338 0.9853463173 0.1489485055
v -4.577029705 -12.77013588 48.00631332
vn -0.9289171696 0.3672051132 0.04767902941
v -20.5790329 20.77165031 48.28236389
vn 0.01020093355 -0.9998851418 -0.01120714005
v -3.003411531 10.40088177 48.43473816
vn -0.9005151391 -0.4324975014 0.04492622241
v -37.90441895 10.05102634 48.42195129
vn 0.887663126 -0.45914644 0.03519540653
v -36.55674744 -10.07148361 48.73904037
vn 0.7654113173 0.6256136894 0.1508409679
v -14.59832382 -18.41433716 48.52865219
vn 0.08079373091 0.985667944 0.1480914652
v -4.527761936 -12.70690632 48.30648804
vn -0.9273889661 0.3711690605 0.04672465846
v -20.57350731 20.76419067 48.58218765
vn 0.00986168813 -0.9998879433 -0.0112607507
v -2.993559361 10.3969593 48.73484421
vn -0.8996417522 -0.4343163967 0.04487802461
v -37.90947723 10.05582714 48.7219429
vn 0.887067914 -0.4602966905 0.03517766669
v -36.59745407 -10.07616138 49.04040909
vn 0.7679265738 0.6224268079 0.15124017
v -14.74747181 -18.46881485 48.83061218
vn 0.07860095799 0.9859474897 0.1474090964
v -4.478515625 -12.64356804 48.60693741
vn -0.925840497 0.3751300871 0.04579092935
v -20.56788826 20.75674057 48.88219452
vn 0.009565616958 -0.9998909235 -0.01125285774
v -2.983703375 10.39303017 49.03516388
vn -0.8988121748 -0.4360286295 0.04489708319
v -37.91453552 10.06062603 49.02201462
vn 0.886502564 -0.4613846838 0.03517599776
v -36.638134 -10.08085632 49.34172821
vn 0.7704947591 0.619176209 0.1515210867
v -14.89666939 -18.52331734 49.13223267
vn 0.07629190385 0.9862481952 0.1466085762
v -4.429259777 -12.58026695 48.9071846
vn -0.9243828058 0.3788195252 0.04485800117
v -20.56225777 20.74928665 49.18233871
vn 0.009503296576 -0.999892056 -0.01120424084
v -2.973842144 10.38918114 49.33521652
vn -0.8980087042 -0.4376841187 0.04486580566
v -37.91962814 10.06542301 49.32239532
vn 0.8859853745 -0.462369144 0.0352794826
v -36.6788063 -10.08553696 49.64315796
vn 0.7729445696 0.6160230637 0.1518954337
v -15.04581261 -18.57778931 49.43358231
vn 0.07408927381 0.9865660667 0.1455959827
v -4.380003929 -12.51696396 49.20753479
vn -0.92286551 0.3826059103 0.0439540334
v -20.55673599 20.74183083 49.48217392
vn 0.008974139579 -0.9998961687 -0.01127593964
v -2.963974237 10.38522243 49.63551331
vn -0.8971725702 -0.4393991232 0.04483011365
v -37.92466736 10.07022762 49.62219238
vn 0.8853578568 -0.4635802805 0.03513938561
v -36.71957779 -10.09032822 49.94458008
vn 0.7752363682 0.6130186319 0.1523703635
v -15.19496346 -18.63220596 49.73533249
vn 0.071762532 0.9868510962 0.1448275894
v -4.330724239 -12.45369148 49.50774002
vn -0.921328485 0.3864039779 0.04296261072
v -20.55111122 20.73438072 49.78233337
vn 0.00894046668 -0.9998971224 -0.01121435966
v -2.95410943 10.38135052 49.93554306
vn -0.8963739872 -0.4410305917 0.04478479177
v -37.92974472 10.07503223 49.92237854
vn 0.8848282099 -0.4645841718 0.0352214165
v -36.76018143 -10.09514141 50.2458725
vn 0.7778414488 0.6096374989 0.1526590139
v -15.34403038 -18.68680954 50.03725052
vn 0.06950234622 0.9871144891 0.1441332102
v -4.281477451 -12.3903923 49.80824661
vn -0.9197539687 0.3902336657 0.04207462817
v -20.54558754 20.7269268 50.08216095
vn 0.008486870676 -0.999900341 -0.01128167473
v -2.944242239 10.37736416 50.23565674
vn -0.8954848051 -0.4428355992 0.04476190731
v -37.93482208 10.07983685 50.2220459
vn 0.884250164 -0.4656922817 0.03510472178
v -36.80078125 -10.10001373 50.54704666
vn 0.7802403569 0.606453836 0.1530970782
v -15.49312592 -18.74139786 50.33890915
vn 0.0672974363 0.987375319 0.1433912516
v -4.23222065 -12.32712173 50.10868073
vn -0.9182536006 0.3938376009 0.04125850275
v -20.53995895 20.71948051 50.38204956
vn 0.008374883793 -0.9999011159 -0.01129733399
v -2.93437171 10.37336731 50.53586578
vn -0.8946503401 -0.4445210993 0.04474146664
v -37.93980789 10.08464146 50.5222435
vn 0.8837757111 -0.4665875435 0.03516498953
v -36.84138489 -10.10491467 50.84815598
vn 0.7826753259 0.6032648087 0.1532673687
v -15.64219761 -18.79593658 50.64024734
vn 0.06502255052 0.9876517653 0.1425343007
v -4.182933331 -12.26398277 50.40887833
vn -0.9167607427 0.3973929584 0.04035504535
v -20.53443527 20.71203995 50.68198776
vn 0.008193603717 -0.9999024868 -0.01130614523
v -2.924492121 10.36945534 50.8359642
vn -0.8938335776 -0.4461686611 0.04466638342
v -37.94493866 10.08945942 50.8225441
vn 0.8831546307 -0.4677586257 0.035210412
v -36.88198471 -10.1097908 51.14988327
vn 0.78524822 0.5998058915 0.1536820233
v -15.79129696 -18.85061836 50.942276
vn 0.0629292354 0.9879079461 0.1416960806
v -4.133657455 -12.20074368 50.70921326
vn -0.9151327014 0.4012225866 0.03940263763
v -20.52882195 20.70449066 50.98181534
vn 0.007780613843 -0.9999046326 -0.01140862331
v -2.914612293 10.36542797 51.13629913
vn -0.8928163648 -0.448196888 0.04470494017
v -37.95001602 10.09426498 51.12260056
vn 0.8824866414 -0.4690222144 0.03514943272
v -36.92263412 -10.11468887 51.45112991
vn 0.7875883579 0.5966231227 0.1540953368
v -15.94022083 -18.90529633 51.24371338
vn 0.06069895253 0.9881480336 0.1409934461
v -4.08439064 -12.13751316 51.0096817
vn -0.9136775136 0.4046044648 0.03858312592
v -20.52319336 20.69703674 51.28230667
vn 0.007653811947 -0.9999076128 -0.01123216655
v -2.904729366 10.3614912 51.43635941
vn -0.8921201825 -0.4495874345 0.04463930055
v -37.95512009 10.09907913 51.42276764
vn 0.8820442557 -0.4698466361 0.03524363786
v -36.9631691 -10.11969185 51.75235748
vn 0.7899485826 0.5934128165 0.1544099152
v -16.08924866 -18.95996284 51.54528809
vn 0.05838913098 0.9884007573 0.1401949227
v -4.035095215 -12.07432652 51.30978012
vn -0.9120824933 0.4082735479 0.03765888512
v -20.51767159 20.68958664 51.58212662
vn 0.007322943769 -0.9999095798 -0.01127938926
v -2.894846916 10.35743809 51.73646927
vn -0.8911970854 -0.4514195025 0.04458876327
v -37.9602356 10.10390186 51.72275543
vn 0.8814748526 -0.4709157646 0.03522009775
v -37.00368881 -10.12468719 52.05369949
vn 0.7923913002 0.5900781155 0.1546732485
v -16.23828888 -19.01478004 51.84729004
vn 0.05627615377 0.9886308908 0.1394346207
v -3.985818624 -12.01111317 51.61031723
vn -0.9104860425 0.4119003415 0.03678632528
v -20.51205444 20.68214798 51.88212967
vn 0.007043003105 -0.9999115467 -0.01128072478
v -2.884957314 10.35337543 52.03669739
vn -0.8903625011 -0.4530665278 0.04455709457
v -37.9653511 10.10871696 52.022789
vn 0.880923152 -0.4719462395 0.03523047268
v -37.04419708 -10.12970066 52.35517502
vn 0.7948043346 0.586736083 0.1550059766
v -16.38727379 -19.06956673 52.14901352
vn 0.05407034978 0.9888753891 0.1385706812
v -3.936534405 -11.94793034 51.91068268
vn -0.908976078 0.4153001606 0.03589225188
v -20.50651932 20.67470169 52.18212509
vn 0.006820006296 -0.9999132156 -0.01127015427
v -2.875063181 10.34939384 52.33696747
vn -0.8894019723 -0.454944104 0.04460955784
v -37.97050476 10.11344242 52.3229599
vn 0.8803232908 -0.4730623662 0.03525497392
v -37.08470917 -10.13484001 52.65671539
vn 0.7972614169 0.5832430124 0.1555694342
v -16.53612518 -19.1243763 52.450737
vn 0.05205272511 0.9890663624 0.1379791349
v -3.887262583 -11.88473892 52.21130753
vn -0.9074190855 0.4187538922 0.03515448049
v -20.50090408 20.66726494 52.48212814
vn 0.006616447121 -0.9999144673 -0.01128084213
v -2.86516571 10.34530163 52.63706589
vn -0.8885162473 -0.4566801786 0.0445212163
v -37.97560883 10.11826706 52.62310791
vn 0.8797017336 -0.4742192924 0.03522752598
v -37.12530899 -10.13998127 52.9580307
vn 0.7995352149 0.5800404549 0.1558734477
v -16.68506432 -19.17919731 52.75212479
vn 0.04980454221 0.9892846942 0.1372417659
v -3.837942123 -11.82170486 52.51143265
vn -0.9058763385 0.4221489131 0.03432644159
v -20.49537659 20.65982819 52.78227615
vn 0.006257785484 -0.999917388 -0.0112273097
v -2.85526967 10.34129238 52.93729401
vn -0.8876895905 -0.4582859576 0.04451092333
v -37.98075104 10.12309933 52.92307281
vn 0.8791964054 -0.4751552343 0.03523109108
v -37.16573334 -10.14511395 53.25911331
vn 0.8020061255 0.5765756369 0.1560341865
v -16.83402443 -19.23415375 53.05408096
vn 0.04757039249 0.9895077944 0.1364234835
v -3.78864336 -11.75856113 52.8116951
vn -0.9042608142 0.4256720245 0.03340231627
v -20.48975945 20.65238762 53.08209991
vn 0.006110270973 -0.9999175072 -0.01129694283
v -2.8453722 10.33717346 53.23730087
vn -0.8867588639 -0.4600913525 0.04443717003
v -37.98589325 10.12792873 53.22314835
vn 0.8786758184 -0.4761150181 0.03526094556
v -37.20613861 -10.15021133 53.56023788
vn 0.8043405414 0.5732383132 0.1563140005
v -16.9828949 -19.28904533 53.35548782
vn 0.04546249658 0.9897304773 0.1355239749
v -3.739348412 -11.69543266 53.11206055
vn -0.9027354121 0.4289622903 0.0325595364
v -20.48414421 20.64494705 53.38209534
vn 0.005721592344 -0.9999198318 -0.01129804831
v -2.835466862 10.33303928 53.53753281
vn -0.8858643174 -0.4618143141 0.04440704733
v -37.99103546 10.13275528 53.52304077
vn 0.8780792356 -0.4772170186 0.03522473946
v -37.24659729 -10.15549088 53.86182022
vn 0.8065859079 0.5699353218 0.156821236
v -17.13168526 -19.34394455 53.65720367
vn 0.04342597723 0.989906311 0.134906143
v -3.69004035 -11.63232422 53.41236496
vn -0.9011564851 0.4323313832 0.03172591701
v -20.47861862 20.63750839 53.68216324
vn 0.005539088976 -0.9999213219 -0.01125669852
v -2.825556278 10.32898903 53.8378067
vn -0.8849692345 -0.4635259807 0.04442005977
v -37.99612808 10.13758659 53.82320786
vn 0.8775590658 -0.4781734645 0.0352162607
v -37.2870369 -10.16074467 54.1632576
vn 0.809032023 0.566385448 0.157081753
v -17.28059387 -19.39904785 53.95919418
vn 0.04128311202 0.9900872707 0.1342495829
v -3.640736341 -11.56921864 53.71279907
vn -0.899556756 0.4357078671 0.03092389181
v -20.47300148 20.63007736 53.98209
vn 0.005387879442 -0.9999216795 -0.01129486971
v -2.815643072 10.32482719 54.13787842
vn -0.8840478063 -0.4652882516 0.04434278607
v -38.00126648 10.14242077 54.12348938
vn 0.8768777251 -0.4794208109 0.03522953019
v -37.32752609 -10.16603756 54.46483231
vn 0.8114580512 0.5628343821 0.1573317647
v -17.42944527 -19.45412636 54.26099396
vn 0.03916888312 0.9902860522 0.1334143281
v -3.591428995 -11.50613117 54.01318359
vn -0.8979836702 0.4389987886 0.03008923307
v -20.46748161 20.62264252 54.28224564
vn 0.00496569369 -0.9999244809 -0.01124008372
v -2.805723906 10.32074833 54.43815613
vn -0.8831925392 -0.466905117 0.04439087212
v -38.00643158 10.14726353 54.42346954
vn 0.8764969707 -0.4801104963 0.03531256318
v -37.36785126 -10.17129135 54.76589203
vn 0.8136821389 0.5595122576 0.1576941311
v -17.57823753 -19.50915527 54.5625
vn 0.03699525446 0.9904766083 0.1326177418
v -3.542121649 -11.44304657 54.31373215
vn -0.8964751959 0.4421229661 0.02931669354
v -20.46186829 20.61521149 54.58174133
vn 0.004892910831 -0.9999228716 -0.01141720545
v -2.795804024 10.31655598 54.73788834
vn -0.8821914196 -0.4688133299 0.04418549314
v -38.01161194 10.15210915 54.7234726
vn 0.8757992387 -0.4813860357 0.03525918722
v -37.40824509 -10.17681789 55.06746674
vn 0.8159601688 0.5560459495 0.1581831276
v -17.72694778 -19.56422043 54.86422729
vn 0.03506216407 0.990616858 0.1320943832
v -3.492792845 -11.38009167 54.614048
vn -0.8947985172 0.4455547929 0.02857604437
v -20.45635223 20.60767555 54.88173676
vn 0.004397772253 -0.9999251962 -0.01141212694
v -2.785876513 10.3123455 55.03849792
vn -0.8811945915 -0.4706775546 0.04425739869
v -38.01679993 10.15695 55.02362823
vn 0.8752027154 -0.4824671447 0.03529418632
v -37.44858551 -10.18220615 55.36867523
vn 0.8184017539 0.5524080396 0.1583157927
v -17.8757782 -19.6194706 55.16605377
vn 0.03285257518 0.9907876849 0.1313789934
v -3.443461895 -11.31705761 54.91432953
vn -0.8933297396 0.4485448599 0.02774019912
v -20.45072937 20.6002388 55.1822319
vn 0.004306064919 -0.9999275804 -0.01124034822
v -2.775942802 10.30822468 55.33869553
vn -0.8803200722 -0.4723097086 0.04427360743
v -38.02202225 10.16179466 55.32387924
vn 0.874727726 -0.4833235443 0.03535265476
v -37.48892212 -10.18759918 55.67018509
vn 0.820628047 0.5490003228 0.1586451828
v -18.02451515 -19.67466736 55.46744919
vn 0.03094318323 0.9909734726 0.1304378659
v -3.394129515 -11.25403118 55.21471024
vn -0.8917574286 0.4517101645 0.02695471421
v -20.44511604 20.59280205 55.48207092
vn 0.004063682165 -0.99992764 -0.01132348925
v -2.766018629 10.30398941 55.63859177
vn -0.8794398308 -0.4739622474 0.04410629347
v -38.02717972 10.16663933 55.62387085
vn 0.8741005063 -0.4844611883 0.03529361263
v -37.5293541 -10.19310188 55.97162247
vn 0.8228325248 0.5455659628 0.1590735763
v -18.17326927 -19.72980499 55.76930237
vn 0.02871624008 0.991132021 0.1297408491
v -3.344786644 -11.19103527 55.51483917
vn -0.8900793195 0.4550601542 0.02605933324
v -20.4396019 20.58537865 55.78205872
vn 0.003623491153 -0.9999296665 -0.01129218377
v -2.756079674 10.29973698 55.93902206
vn -0.8784089684 -0.4758633077 0.04417933151
v -38.03238297 10.17149639 55.9238472
vn 0.8735405207 -0.485470295 0.03529287502
v -37.56963348 -10.19863796 56.27280807
vn 0.8251550794 0.5419681668 0.1593412906
v -18.32194519 -19.78514862 56.07125092
vn 0.02669237182 0.9912521243 0.1292546988
v -3.29547286 -11.1280098 55.81547546
vn -0.8885635138 0.4580518901 0.02536434494
v -20.43398094 20.57795143 56.08221817
vn 0.003544073086 -0.9999303818 -0.011255458
v -2.746136904 10.29557228 56.2390976
vn -0.8775524497 -0.4774480164 0.04410344735
v -38.03758621 10.17634964 56.2240181
vn 0.873034656 -0.4863767624 0.03532893583
v -37.60991669 -10.20419598 56.57418823
vn 0.8274906278 0.5383448601 0.1595119685
v -18.47066879 -19.8405323 56.37295151
vn 0.02462814562 0.9914086461 0.1284617037
v -3.246128082 -11.06503677 56.11576843
vn -0.8869722486 0.4611667395 0.02460545115
v -20.4284668 20.5705204 56.38204193
vn 0.003158857813 -0.9999310374 -0.01131110545
v -2.736191511 10.29128647 56.53937149
vn -0.8764849901 -0.4794034064 0.04411868379
v -38.0428009 10.18121052 56.52399826
vn 0.8724650741 -0.4873957038 0.03535688668
v -37.65016556 -10.20975113 56.87560272
vn 0.8296744823 0.5348731875 0.1598465592
v -18.6193409 -19.89587212 56.67454529
vn 0.0227115266 0.9915586114 0.1276545674
v -3.196792603 -11.00205231 56.41632843
vn -0.885439992 0.4641399682 0.02387606539
v -20.42285156 20.563097 56.68220901
vn 0.002986310516 -0.9999321699 -0.01125695463
v -2.726242304 10.28709126 56.83945465
vn -0.8756355047 -0.4809598923 0.04404558986
v -38.0480423 10.18606377 56.82405472
vn 0.8718703389 -0.4884611368 0.03532522544
v -37.69046783 -10.21551418 57.17733765
vn 0.8318552971 0.5313073397 0.1604035795
v -18.76801109 -19.95119286 56.9763031
vn 0.02070183307 0.9916856289 0.127008155
v -3.14742732 -10.93921185 56.7165451
vn -0.8838139176 0.4672684371 0.02309169061
v -20.4173317 20.55566788 56.98193359
vn 0.002635134151 -0.9999319911 -0.01136257779
v -2.71628952 10.28277683 57.1395607
vn -0.8745789528 -0.4828847051 0.04397738725
v -38.05313492 10.19092369 57.12384796
vn 0.8712645173 -0.489551872 0.0351729691
v -37.73081589 -10.22121525 57.47842789
vn 0.8341671824 0.5276143551 0.1605872065
v -18.91661644 -20.00669479 57.27826309
vn 0.01855353639 0.9917895794 0.1265275329
v -3.098078728 -10.87626266 57.01704025
vn -0.8822129965 0.4703193009 0.02235941403
v -20.41172028 20.54824829 57.2820282
vn 0.002430719323 -0.9999331236 -0.01130767632
v -2.706332922 10.27845287 57.43990707
vn -0.8736063242 -0.4846392572 0.04400917888
v -38.05836868 10.19579029 57.42405319
vn 0.8707672954 -0.4904284477 0.03527353704
v -37.77098465 -10.22688484 57.77960968
vn 0.8364077806 0.5240166783 0.160712719
v -19.06523514 -20.06220627 57.57958221
vn 0.01659843512 0.9919362664 0.1256458461
v -3.048716307 -10.81334972 57.31733704
vn -0.8807681799 0.4730534256 0.02163137682
v -20.40609932 20.54082489 57.58201981
vn 0.002246356569 -0.9999334216 -0.01131987758
v -2.696368694 10.27420902 57.73997879
vn -0.8726796508 -0.4863140583 0.04391901568
v -38.06360245 10.20055962 57.72421646
vn 0.8701693416 -0.4914865494 0.03530273587
v -37.81122208 -10.23269272 58.08112717
vn 0.8385378122 0.5204917789 0.1610670835
v -19.21386719 -20.11766243 57.88131332
vn 0.01460254565 0.9920647144 0.1248774156
v -2.999341965 -10.75045872 57.61756134
vn -0.8790951371 0.4761921763 0.02080231719
v -20.40058517 20.5334053 57.88201904
vn 0.001910183462 -0.9999342561 -0.01130621508
v -2.68640089 10.26984978 58.04026794
vn -0.8717105389 -0.4880471528 0.04394027591
v -38.06885147 10.20543957 58.02435684
vn 0.8697013259 -0.4923070371 0.03540275618
v -37.85140228 -10.23847103 58.38244629
vn 0.8407876492 0.5167675018 0.1613303572
v -19.36251068 -20.17326164 58.18337631
vn 0.01257172693 0.9921668768 0.1242853999
v -2.949982643 -10.68754959 57.91812515
vn -0.8775056005 0.4791459441 0.02007673122
v -20.39497185 20.52599144 58.18183899
vn 0.001777817379 -0.9999337792 -0.01136989053
v -2.676418781 10.26557446 58.34021759
vn -0.8706725836 -0.4899077415 0.04381376132
v -38.07413101 10.2103138 58.32455063
vn 0.8690831661 -0.4933992922 0.03537728265
v -37.89163208 -10.24434853 58.68421173
vn 0.8429881334 0.5130399466 0.1617437154
v -19.51100731 -20.22890854 58.48509598
vn 0.01082359441 0.9922546744 0.123747699
v -2.90061307 -10.62466717 58.21863556
vn -0.8759330511 0.4820407331 0.01944161206
v -20.3894558 20.51846504 58.48167419
vn 0.001344105694 -0.999933362 -0.0114646405
v -2.666446924 10.26117897 58.64046478
vn -0.8696248531 -0.491769582 0.0437640734
v -38.07936096 10.21518421 58.6245079
vn 0.8684086204 -0.4945896268 0.03532050923
v -37.93188858 -10.25020313 58.98564911
vn 0.8450434804 0.5095565915 0.1620295048
v -19.65956879 -20.28460503 58.78663635
vn 0.008698497899 0.9923811555 0.1228982657
v -2.851232052 -10.56181812 58.5188446
vn -0.8744382858 0.4847763777 0.01869549602
v -20.38384628 20.51104164 58.78199768
vn 0.001147873583 -0.9999352098 -0.01132662687
v -2.6564641 10.2567749 58.94071198
vn -0.8686717749 -0.4934516847 0.04375811666
v -38.08462143 10.22006226 58.92467117
vn 0.8678554893 -0.4955557287 0.03537462279
v -37.9720459 -10.25627518 59.28688431
vn 0.8472673297 0.505751729 0.1623368263
v -19.80814552 -20.3402195 59.08860779
vn 0.006620812695 0.9924696088 0.122311987
v -2.801852465 -10.49897003 58.81923676
vn -0.8728037477 0.4877418578 0.01793053932
v -20.37832832 20.50362396 59.08217239
vn 0.0008180202567 -0.9999361634 -0.01126777288
v -2.64647603 10.25244904 59.24099731
vn -0.8676792383 -0.4951941669 0.04376672581
v -38.08988953 10.2249527 59.22466278
vn 0.8673765063 -0.4963931739 0.03538095579
v -38.01216507 -10.26221466 59.58804703
vn 0.8494444489 0.5020386577 0.1624846905
v -19.956707 -20.39599037 59.39033127
vn 0.004719725344 0.9925571084 0.1216887683
v -2.752469778 -10.43622398 59.11980438
vn -0.8712804914 0.4904803932 0.01729887538
v -20.37272453 20.49621201 59.38199997
vn 0.000607018359 -0.999935627 -0.01132953912
v -2.636485338 10.24800968 59.54117966
vn -0.8665822148 -0.4971133769 0.04374460503
v -38.09516525 10.22984028 59.52470398
vn 0.8668338656 -0.4973379374 0.03541291878
v -38.05229187 -10.26821232 59.88939285
vn 0.8515316248 0.4983955622 0.1627752632
v -20.10510445 -20.4517765 59.69177246
vn 0.002894045552 0.992649436 0.1209904999
v -2.703074455 -10.37341881 59.4201355
vn -0.869743526 0.4932237566 0.01662812568
v -20.36710739 20.48879433 59.68214798
vn 0.0004724315077 -0.9999417067 -0.01078815572
v -2.626487494 10.24365616 59.84126663
vn -0.8549807668 -0.517285049 0.03773615137
v -38.1004715 10.234725 59.82506561
vn 0.8018368483 -0.5643047094 -0.1965143085
v -38.09247208 -10.27433109 60.1912117
vn 0.8388560414 0.5404151678 -0.06536029279
v -20.25363541 -20.50757408 59.99350739
vn 0.01182190888 0.9943083525 0.1058827266
v -2.653660536 -10.3106451 59.72028351
vn -0.8682006598 0.496055752 0.01250049844
v -20.36146736 20.48155975 60.00579453
vn -0.002485224511 -0.2277371138 0.9737194777
v -2.624044418 10.24026871 60.0771637
vn -0.07316467911 -0.04193682224 0.996437788
v -38.09860992 10.2409277 60.07980347
vn 0.04318715632 -0.03763852268 0.9983577728
v -37.82170868 -10.74606419 60.28063965
vn 0.01283327583 -0.05119956285 0.9986059666
v -19.82316589 -20.56064606 60.40062714
vn 0.01605705172 0.106228523 0.994212091
v -2.608002186 -10.24736118 59.98274612
vn -0.1802410781 0.1369094998 0.9740477204
v -3.113036871 11.18022633 0.022698991
vn -0.04117275774 0.005652644671 -0.9991360307
v -21.55904007 23.39948463 -0.03218455985
vn 0.00148348033 0.003690377576 -0.9999920726
v -38.54150009 9.648165703 0.06333430111
vn 0.05660352856 0.0001878066687 -0.9983966947
v -30.99795341 -10.57951927 0.2225183994
vn 0.07331481576 0.1298026592 -0.9888256788
v -9.14881897 -9.839625359 0.2593158185
vn -0.08010299504 0.125982672 -0.9887931347
v -20.36148453 21.99648094 60.00289917
vn -0.0007162541151 0.01045938022 0.9999450445
v -1.31202209 10.99798393 60.03858185
vn 0.01357942168 0.007952034473 0.9998762012
v -1.304000974 -11.00153065 59.99137497
vn 0.01942503452 -0.01675590128 0.9996709228
v -20.09233284 -22.03602409 60.20031357
vn -0.005992781837 -0.1047003791 0.9944857359
v -39.27235413 -11.25088215 60.14031601
vn -0.07065044343 -0.0497463122 0.9962599277
v -39.41080475 10.99831486 60.03990173
vn -0.03199086338 0.01085540652 0.9994292259
v 39.2130928 -19.10901642 -0.3958665431
vn 0.01422622055 -0.04484661296 -0.9988926053
v 30.57526207 15.01477242 0.02899826504
vn -0.006315974984 -0.1655652374 -0.9861786366
v 44.5032959 0.6833107471 -0.1472474635
vn -0.1402351707 -0.06163759902 -0.9881978035
v 18.86897469 -24.33796501 -0.4000327885
vn 0.003357257927 0.1415909678 -0.9899195433
v 10.22778606 9.864857674 -0.07762444764
vn 0.05854048952 -0.06168298796 -0.9963775277
v 4.909705162 -9.920565605 0.01732700691
vn 0.2092799246 0.08540844917 -0.9741187096
v 10.23101616 9.867413521 0.1585143059
vn 0.6863579154 -0.7081701159 0.1655532718
v 4.937452316 -9.993451118 0.2794141471
vn 0.967043519 0.254301399 -0.0125561161
v 19.29859161 -24.39829445 0.006210021209
vn 0.2460874915 0.9634385109 -0.1059581935
v 39.17757797 -19.13263893 -0.1908117533
vn -0.6810501218 0.730278492 0.05351698399
v 44.49376678 0.6801704168 0.1752948463
vn -0.9657856822 -0.2565784454 -0.03775584698
v 30.01948547 15.17124844 0.3179584444
vn -0.2657267153 -0.963997364 0.009919361211
v 10.24181652 9.869052887 0.4590722024
vn 0.7084830999 -0.7043793201 -0.04360646755
v 4.968889713 -10.06687832 0.5800455809
vn 0.9676886797 0.2516086698 -0.01648298651
v 19.16959953 -24.30585861 0.3079631627
vn 0.2542616725 0.9595388174 -0.1209803224
v 39.14039612 -19.11645317 0.1102005914
vn -0.6939761639 0.7013148665 -0.162955448
v 44.4874115 0.6768167019 0.4752222896
vn -0.9662464261 -0.2551692426 -0.03544724733
v 30.02676582 15.17703342 0.6181249619
vn -0.2591311932 -0.9657752514 0.01136741135
v 10.25260639 9.87077713 0.7590233088
vn 0.7099964619 -0.7028430104 -0.04378060251
v 5.000347614 -10.14040089 0.8804248571
vn 0.9685609341 0.2481751293 -0.01728553884
v 19.0405426 -24.21352577 0.6101391912
vn 0.2522730231 0.9599969387 -0.121507816
v 39.10313416 -19.10017586 0.4117593467
vn -0.6909427047 0.7043882608 -0.1625894904
v 44.48107529 0.673468411 0.7754334211
vn -0.9664669037 -0.2543418407 -0.03538300097
v 30.03403664 15.18271732 0.9177056551
vn -0.2593924999 -0.965706706 0.01122749131
v 10.26338768 9.872383118 1.059234381
vn 0.7111853957 -0.701639533 -0.04378722236
v 5.031826973 -10.21382236 1.180646539
vn 0.9693454504 0.2450399548 -0.01802184805
v 18.91153526 -24.121315 0.9115009308
vn 0.250489682 0.9603565335 -0.1223528162
v 39.06581879 -19.0839901 0.7133758664
vn -0.6881321073 0.7072184086 -0.1622230411
v 44.47470856 0.6701263785 1.075712919
vn -0.9667755365 -0.2531805634 -0.03528040648
v 30.04141617 15.18840981 1.218218923
vn -0.2596085668 -0.9656468034 0.01138700172
v 10.27415657 9.874083519 1.359626889
vn 0.7128579617 -0.6999413967 -0.04376745969
v 5.063256741 -10.28728771 1.481154561
vn 0.9700220227 0.2422983795 -0.01867696457
v 18.7824707 -24.02901077 1.213020325
vn 0.2485646307 0.9607647657 -0.1230717674
v 39.02864838 -19.06793022 1.014398694
vn -0.6849054694 0.7103637457 -0.1621351689
v 44.46842194 0.6667728424 1.375398636
vn -0.9670638442 -0.2520619631 -0.03538718075
v 30.04868698 15.19419956 1.51794672
vn -0.2598676085 -0.9655778408 0.01132695097
v 10.28492928 9.87566185 1.659404516
vn 0.7142010927 -0.6985601187 -0.04393830523
v 5.094679832 -10.36075783 1.781578422
vn 0.9709194303 0.2386210263 -0.01937675849
v 18.65333748 -23.93677521 1.515267253
vn 0.2465237528 0.9612333179 -0.1235173121
v 38.99134064 -19.05168343 1.315721035
vn -0.681830585 0.7133867741 -0.1618221253
v 44.46208954 0.6634324193 1.675649166
vn -0.9673550725 -0.2509484291 -0.03534147143
v 30.05597115 15.19989204 1.817926645
vn -0.260035634 -0.9655328989 0.01129931863
v 10.29568386 9.877228737 1.960012317
vn 0.7155430317 -0.6971937418 -0.04380665347
v 5.126094818 -10.43423557 2.081944466
vn 0.9715986252 0.2357804477 -0.02009305917
v 18.52424049 -23.84468842 1.816713095
vn 0.2446216941 0.9616237879 -0.124257572
v 38.95397568 -19.03560829 1.617361188
vn -0.6789485216 0.7162304521 -0.161377877
v 44.45578003 0.6600885391 1.975736856
vn -0.9676905274 -0.2496467233 -0.03537782282
v 30.06325531 15.20568371 2.118200779
vn -0.2604568005 -0.9654182196 0.01139983721
v 10.30641747 9.878882408 2.259910822
vn 0.7171552777 -0.6955251098 -0.0439668633
v 5.157495022 -10.50783539 2.382428885
vn 0.9723924994 0.2324171513 -0.02085850574
v 18.39507866 -23.75248909 2.118639469
vn 0.242685318 0.9620220661 -0.124969326
v 38.91659546 -19.01963043 1.918820143
vn -0.6757770777 0.7192787528 -0.1611317396
v 44.44944 0.6567482948 2.275840282
vn -0.9679099917 -0.2488008887 -0.03533232957
v 30.0706234 15.21137619 2.417686939
vn -0.2606039941 -0.9653807878 0.0112018045
v 10.31715679 9.880421638 2.560163975
vn 0.7183163762 -0.6943255663 -0.04397184774
v 5.188921452 -10.58133888 2.682758331
vn 0.9731832147 0.2290130854 -0.02162131108
v 18.2658844 -23.66036987 2.42048192
vn 0.2407889515 0.9624115825 -0.125636667
v 38.87928772 -19.00358963 2.220355272
vn -0.6727107167 0.7222117186 -0.1608431488
v 44.44316483 0.6533957124 2.575859785
vn -0.9682155252 -0.2476134747 -0.03530205786
v 30.07790756 15.21706772 2.718097687
vn -0.2607922256 -0.9653280973 0.0113626048
v 10.32789326 9.8820467 2.860530138
vn 0.7198412418 -0.6927446127 -0.04397188127
v 5.220329762 -10.65485477 2.983035088
vn 0.9738716483 0.2259943187 -0.0223736167
v 18.1367054 -23.56838608 2.721948862
vn 0.2387800515 0.9628188014 -0.1263489723
v 38.84189224 -18.98765182 2.521522522
vn -0.6697083712 0.7250603437 -0.1605557352
v 44.43686676 0.6500518918 2.875810862
vn -0.9684839845 -0.246556282 -0.03533743322
v 30.08518791 15.22286606 3.017904282
vn -0.2612001002 -0.9652184844 0.0113027161
v 10.3386116 9.883558273 3.160326242
vn 0.7212212086 -0.6912991405 -0.04410764948
v 5.251698017 -10.72840118 3.283550978
vn 0.9746472239 0.2225548476 -0.02306712233
v 18.00747108 -23.47629547 3.023715019
vn 0.2367318869 0.9632314444 -0.1270557046
v 38.80445862 -18.97179222 2.822779179
vn -0.6666451097 0.7279368639 -0.160288021
v 44.43058395 0.6467178464 3.176153421
vn -0.9688016176 -0.2453078479 -0.03531957045
v 30.0924778 15.2285614 3.317994595
vn -0.2613485157 -0.9651780725 0.01132303197
v 10.34932423 9.885055542 3.460834265
vn 0.7225636244 -0.6899008751 -0.04402900487
v 5.283079147 -10.80195236 3.583938122
vn 0.9754004478 0.2191460878 -0.02385359071
v 17.87818909 -23.38428879 3.325757265
vn 0.2348122597 0.9636195898 -0.1276733428
v 38.76695251 -18.9558506 3.124521732
vn -0.6634045243 0.7309668064 -0.15994367
v 44.424263 0.6433810592 3.476122856
vn -0.9691176414 -0.2440542132 -0.03533468768
v 30.09985542 15.23436165 3.618163824
vn -0.2616305351 -0.9651012421 0.01136180107
v 10.36003399 9.886636734 3.76086688
vn 0.7240698934 -0.6883125901 -0.04414291307
v 5.314452171 -10.87550259 3.88412571
vn 0.976102829 0.2159100026 -0.02462000027
v 17.74893188 -23.29239464 3.627076864
vn 0.2328517586 0.9639870524 -0.1284874827
v 38.72955704 -18.94001198 3.425909758
vn -0.6604727507 0.7336945534 -0.1595872045
v 44.41801834 0.6400288343 3.776026487
vn -0.9692866206 -0.243389979 -0.03528146073
v 30.10713005 15.24005318 3.917565823
vn -0.2618186176 -0.9650523067 0.01118439995
v 10.37071896 9.888108253 4.06103611
vn 0.7253125906 -0.6870046258 -0.04411721975
v 5.345791817 -10.949193 4.184830666
vn 0.9768331647 0.2124987245 -0.02532261238
v 17.61970139 -23.20041084 3.928948164
vn 0.2308616489 0.964384675 -0.1290935576
v 38.69207001 -18.924263 3.726953745
vn -0.6572993398 0.7365828753 -0.1593837738
v 44.41175461 0.6366939545 4.076245785
vn -0.9696546197 -0.2419178635 -0.03529424593
v 30.11441612 15.24575138 4.21807909
vn -0.262101233 -0.9649736285 0.0113502536
v 10.3814106 9.889668465 4.361410141
vn 0.7267159224 -0.6855170727 -0.04416257516
v 5.377165318 -11.0227766 4.485057354
vn 0.9775366187 0.2091308683 -0.02620031498
v 17.49033165 -23.10852051 4.230940342
vn 0.2286855429 0.9648144841 -0.1297535151
v 38.65452194 -18.90844536 4.028460026
vn -0.6541231871 0.7394752502 -0.159057349
v 44.40549469 0.6333597898 4.376309872
vn -0.9699326158 -0.2407954186 -0.03533135727
v 30.1217041 15.25155449 4.517961979
vn -0.2625131607 -0.9648619294 0.01132590603
v 10.39209652 9.89111042 4.661111355
vn 0.7280653119 -0.6840726733 -0.0443334356
v 5.408526421 -11.09637356 4.785357952
vn 0.9782940149 0.2054607272 -0.0269577764
v 17.36098289 -23.01675034 4.532423019
vn 0.2267784774 0.9651597738 -0.1305301934
v 38.61692429 -18.89269447 4.330049992
vn -0.6511922479 0.7421522141 -0.1586151421
v 44.39920044 0.6300317049 4.676560402
vn -0.9701805115 -0.2398100793 -0.0352264531
v 30.12909126 15.25725842 4.817960262
vn -0.2625095844 -0.9648633003 0.01129154768
v 10.40277481 9.892539978 4.961798191
vn 0.7294630408 -0.6825928092 -0.04416745901
v 5.439846992 -11.17000008 5.085916042
vn 0.9789317846 0.2023023218 -0.02768225782
v 17.23158455 -22.92486572 4.834125996
vn 0.224781245 0.9655216336 -0.1313065886
v 38.57944489 -18.87705421 4.631275177
vn -0.6478834748 0.7450839877 -0.158419624
v 44.39297867 0.6266829371 4.976343155
vn -0.9705117941 -0.2384510785 -0.03532571346
v 30.13637161 15.26305866 5.118058681
vn -0.2628441751 -0.9647715688 0.01134801283
v 10.41343212 9.894055367 5.261744022
vn 0.7308888435 -0.6810560226 -0.04431937262
v 5.471179008 -11.24362946 5.386210918
vn 0.9796735644 0.1985625178 -0.02850661799
v 17.1021347 -22.83306503 5.136136532
vn 0.222656548 0.9659331441 -0.1318986565
v 38.5418396 -18.86133385 4.932597637
vn -0.6447398663 0.7478644252 -0.1581433415
v 44.38674164 0.6233471036 5.276401997
vn -0.9707089067 -0.2376533151 -0.03528661653
v 30.14365387 15.26875782 5.417547226
vn -0.2631073296 -0.9647019506 0.01116668992
v 10.42409611 9.895458221 5.561923504
vn 0.732011795 -0.6798502207 -0.04429841787
v 5.502499104 -11.31727028 5.68660593
vn 0.9803373814 0.1951452494 -0.02927285805
v 16.97270012 -22.74139977 5.437563896
vn 0.2205974907 0.9663020968 -0.1326535344
v 38.50419617 -18.84570312 5.233943462
vn -0.6418340802 0.7504516244 -0.1577065736
v 44.38050842 0.6200208068 5.576744556
vn -0.9710558057 -0.2362372726 -0.03525078669
v 30.15094566 15.27446365 5.718128681
vn -0.2634107769 -0.9646167159 0.01137413271
v 10.43473625 9.896952629 5.862205505
vn 0.7335413694 -0.6781979799 -0.04432347044
v 5.533801556 -11.39103127 5.987077236
vn 0.9809992313 0.1916583329 -0.03012691252
v 16.8432045 -22.64961433 5.739461899
vn 0.2185862809 0.966648519 -0.1334566325
v 38.46651077 -18.83014297 5.535384178
vn -0.6384766102 0.7533590794 -0.1574728787
v 44.37424469 0.6166928411 5.876745224
vn -0.9713138342 -0.2351719439 -0.03526422754
v 30.1583271 15.28027153 6.017940521
vn -0.263697356 -0.9645393491 0.01129464526
v 10.44538021 9.898331642 6.162025452
vn 0.7348122597 -0.6768093705 -0.04449687153
v 5.565131664 -11.46469593 6.287377834
vn 0.9817128181 0.1878331304 -0.03096296452
v 16.71367455 -22.55791283 6.041125774
vn 0.2164892554 0.9670171738 -0.1342021674
v 38.42891693 -18.81452942 5.836667061
vn -0.6353737712 0.7560295463 -0.1572244763
v 44.36806488 0.6133491397 6.176725388
vn -0.9715582132 -0.2341640592 -0.03523962572
v 30.16561508 15.28597641 6.317842007
vn -0.2636852562 -0.9645428658 0.01127642766
v 10.4560318 9.899695396 6.462641239
vn 0.7360785007 -0.6754407883 -0.04436369613
v 5.596437454 -11.53836823 6.587675571
vn 0.9823322892 0.1844293028 -0.03176719695
v 16.58415031 -22.46633339 6.342750072
vn 0.2143231928 0.9674063325 -0.1348721683
v 38.39121628 -18.7989006 6.137818813
vn -0.6322354674 0.7587357759 -0.1568384469
v 44.36183548 0.6100207567 6.476705551
vn -0.9719023705 -0.232721433 -0.03530603275
v 30.17290878 15.29178143 6.618037224
vn -0.2641336024 -0.9644195437 0.01132918987
v 10.46665287 9.901146889 6.762620926
vn 0.7375716567 -0.6738033891 -0.04446366057
v 5.627719402 -11.61207008 6.8881073
vn 0.9829722643 0.1808489114 -0.03254505992
v 16.45458031 -22.37463951 6.644447803
vn 0.2121762335 0.9677664042 -0.1356812268
v 38.35347366 -18.78344154 6.439251423
vn -0.6291225553 0.7613898516 -0.1564936787
v 44.35562897 0.6066931486 6.77693224
vn -0.9721268415 -0.2317873538 -0.03527123109
v 30.18019485 15.29748726 6.917594433
vn -0.2644142509 -0.9643442631 0.01118943188
v 10.47726822 9.902484894 7.062745571
vn 0.7386863232 -0.672581315 -0.04446188733
v 5.658993244 -11.68578529 7.188618183
vn 0.9836508036 0.1769721955 -0.03334626183
v 16.32496071 -22.28302956 6.946492672
vn 0.2101831883 0.9681221843 -0.1362443268
v 38.31567001 -18.76789474 6.740980625
vn -0.6258838773 0.7641342878 -0.1561029404
v 44.34939575 0.603381753 7.077198505
vn -0.9724395871 -0.2304827869 -0.03519822285
v 30.18758583 15.30319786 7.21812582
vn -0.2646043003 -0.9642902017 0.01135459542
v 10.48787212 9.903916359 7.363082886
vn 0.7401091456 -0.6710128188 -0.04449962825
v 5.690280437 -11.75959206 7.488797665
vn 0.9842503071 0.1734110415 -0.03434969857
v 16.19534111 -22.19156075 7.248017311
vn 0.2080667913 0.9684486985 -0.1371688247
v 38.27796555 -18.75245094 7.042347908
vn -0.6227215528 0.7667946815 -0.1557040662
v 44.34322739 0.6000387073 7.376945019
vn -0.9726589918 -0.2295502871 -0.03523075581
v 30.19487381 15.3090086 7.517822266
vn -0.2648589909 -0.9642212391 0.01127537806
v 10.49849129 9.905231476 7.662876129
vn 0.741374135 -0.6696045399 -0.0446555987
v 5.721571922 -11.8333149 7.789116383
vn 0.9848832488 0.1696203053 -0.03512794524
v 16.06570244 -22.09992981 7.549473286
vn 0.2057609558 0.9688163996 -0.1380479187
v 38.2401886 -18.73710442 7.343320847
vn -0.6196673512 0.769292593 -0.1555676013
v 44.33703613 0.5967136025 7.677161217
vn -0.9729691148 -0.2282267809 -0.03526515886
v 30.20216751 15.31471825 7.817820549
vn -0.2649902701 -0.9641853571 0.01125595998
v 10.50909805 9.90653038 7.963497162
vn 0.7426700592 -0.6681774855 -0.04449822754
v 5.752818584 -11.90706825 8.089666367
vn 0.9854863286 0.1659127325 -0.03591257706
v 15.93609142 -22.0084095 7.851518154
vn 0.2037962675 0.9691639543 -0.1385217607
v 38.20230103 -18.72164154 7.645076275
vn -0.6163618565 0.7720416188 -0.1550799757
v 44.33082581 0.5933945179 7.977427483
vn -0.9732449651 -0.2270631641 -0.03516454995
v 30.20946884 15.32052994 8.118086815
vn -0.2654838562 -0.9640485644 0.011344322
v 10.51968193 9.907917023 8.263389587
vn 0.7439694405 -0.6667205095 -0.04464520514
v 5.784086704 -11.98081207 8.389801979
vn 0.986094594 0.1620478481 -0.036849875
v 15.80638885 -21.91703796 8.152990341
vn 0.201612398 0.9694934487 -0.1394090801
v 38.16453171 -18.70630074 7.946382999
vn -0.6132372022 0.7746070623 -0.1546738148
v 44.32468033 0.5900568962 8.277311325
vn -0.9734684229 -0.2261002064 -0.03518456221
v 30.21685028 15.32624531 8.417890549
vn -0.2654452324 -0.9640597701 0.0112952562
v 10.53027725 9.909197807 8.563790321
vn 0.7452871203 -0.6652516723 -0.04457914084
v 5.815331459 -12.05459023 8.690358162
vn 0.9866532683 0.1584268957 -0.03763252869
v 15.67664719 -21.8255291 8.454685211
vn 0.199411884 0.9698309898 -0.1402237564
v 38.12666702 -18.69104385 8.247356415
vn -0.6099895835 0.7771943808 -0.1545369029
v 44.31850052 0.5867294669 8.577269554
vn -0.9738202095 -0.2245621681 -0.03529849276
v 30.2241478 15.33205509 8.717988968
vn -0.2658414543 -0.9639503956 0.01131249219
v 10.5408535 9.910559654 8.863794327
vn 0.7466722727 -0.6636894345 -0.04468603805
v 5.846561909 -12.12837982 8.990779877
vn 0.9872406721 0.1545066983 -0.03851659223
v 15.54685497 -21.73409843 8.756669998
vn 0.1971936673 0.970197022 -0.1408275664
v 38.08873367 -18.6756916 8.548867226
vn -0.6067644954 0.7797957063 -0.1541282535
v 44.31233978 0.5834018588 8.877365112
vn -0.9740247726 -0.2236808389 -0.03525016829
v 30.23143196 15.3377676 9.017474174
vn -0.2661765218 -0.9638597369 0.01115494501
v 10.55141449 9.911818504 9.163660049
vn 0.7476920485 -0.6625332236 -0.04479225352
v 5.877810001 -12.20226002 9.290988922
vn 0.9878323674 0.1504269987 -0.03948314488
v 15.41706085 -21.64279938 9.058238029
vn 0.1950390041 0.9705045819 -0.1417062432
v 38.05075836 -18.66040993 8.85041523
vn -0.6038194299 0.782181263 -0.1536053717
v 44.3061676 0.5800895095 9.177902222
vn -0.9742873907 -0.222562775 -0.03507057205
v 30.23873711 15.34348392 9.317883492
vn -0.2663321793 -0.9638154507 0.01126790605
v 10.56199932 9.91305542 9.464237213
vn 0.7490791678 -0.6609712839 -0.04469181597
v 5.909052372 -12.27606773 9.591480255
vn 0.9883464575 0.1467892826 -0.04030160233
v 15.28724194 -21.5513649 9.359762192
vn 0.1928703338 0.9708063006 -0.1426047683
v 38.01290131 -18.64523125 9.151580811
vn -0.6003589034 0.7848696113 -0.1534563452
v 44.30003738 0.5767493844 9.477500916
vn -0.9745921493 -0.2211961448 -0.03524728119
v 30.2461319 15.34930325 9.618065834
vn -0.2664414048 -0.9637842774 0.01135104522
v 10.57255745 9.914383888 9.764299393
vn 0.7504104376 -0.6594550014 -0.04475831985
v 5.940269947 -12.34988785 9.891802788
vn 0.9889195561 0.1426166892 -0.04121344537
v 15.15736294 -21.46003151 9.661737442
vn 0.190608725 0.9711630344 -0.1432156265
v 37.97491455 -18.62997627 9.45285511
vn -0.5972086787 0.7873421907 -0.1530820727
v 44.29389191 0.5734280348 9.777729988
vn -0.9748282433 -0.2201630622 -0.03518642485
v 30.25342178 15.35501957 9.917771339
vn -0.2668096423 -0.9636836052 0.0112479534
v 10.58310699 9.915603638 10.06460762
vn 0.7515363693 -0.6581723094 -0.04474735633
v 5.971502304 -12.42370605 10.19200897
vn 0.9894170761 0.1388485134 -0.04212977737
v 15.02749538 -21.36881256 9.963068962
vn 0.1883380264 0.9714707732 -0.1441296339
v 37.93688965 -18.61479759 9.754178047
vn -0.5941112041 0.7897614241 -0.1526719034
v 44.28775406 0.5701023936 10.0776844
vn -0.9751401544 -0.218766734 -0.03525367007
v 30.26072311 15.36083603 10.21796131
vn -0.2670714855 -0.9636104107 0.01130580064
v 10.59366131 9.916906357 10.36458492
vn 0.7529976368 -0.6564943194 -0.04482977092
v 6.002688885 -12.49755764 10.49255371
vn 0.989913404 0.1350050271 -0.04295441881
v 14.89758205 -21.27744102 10.26479435
vn 0.1861452609 0.9717777967 -0.1449063718
v 37.89882278 -18.59968185 10.0555563
vn -0.5909110308 0.7922192812 -0.1523572803
v 44.28160858 0.5667872429 10.37807083
vn -0.975366354 -0.2177780122 -0.03511689976
v 30.26801682 15.36655331 10.51754189
vn -0.2674916983 -0.9634953737 0.01117247995
v 10.60418987 9.918102264 10.6644516
vn 0.7540439367 -0.6552857161 -0.04492606968
v 6.033894062 -12.57151127 10.79293442
vn 0.9904788136 0.1304625869 -0.04394561052
v 14.76760483 -21.18618393 10.56697369
vn 0.1840186417 0.9720798135 -0.1455952227
v 37.86083984 -18.58447838 10.35707951
vn -0.587444067 0.7948671579 -0.1519725919
v 44.27550125 0.5634530783 10.67797089
vn -0.9755938649 -0.2167521417 -0.03514375538
v 30.27541542 15.37228012 10.81784916
vn -0.2673214078 -0.9635415077 0.01127088536
v 10.61473465 9.919283867 10.96511078
vn 0.7552930117 -0.6538518071 -0.04483645037
v 6.065126896 -12.64535713 11.09311867
vn 0.9909102917 0.1268146187 -0.04488731921
v 14.63765812 -21.09506607 10.86796951
vn 0.1816259176 0.9723764062 -0.1466157883
v 37.82277679 -18.56941795 10.65790081
vn -0.5845499635 0.7970432639 -0.1517346054
v 44.26939011 0.5601258278 10.97787094
vn -0.9758986235 -0.215364188 -0.0352152735
v 30.28271103 15.37809658 11.11794281
vn -0.2677884102 -0.9634114504 0.01130192634
v 10.62526131 9.920550346 11.26507664
vn 0.7566455007 -0.652281642 -0.04490234703
v 6.096299648 -12.71924114 11.39354706
vn 0.9913932681 0.1226609722 -0.04575657472
v 14.50765038 -21.00379181 11.16982555
vn 0.1792384833 0.9727156758 -0.1473015249
v 37.78465271 -18.5542984 10.95905209
vn -0.5812017322 0.7995563149 -0.1513744891
v 44.26328278 0.5568102002 11.27815151
vn -0.9761825204 -0.2140768319 -0.03519695997
v 30.29001427 15.38381863 11.4177494
vn -0.2680357397 -0.9633433819 0.01124341507
v 10.63579178 9.921710968 11.56541061
vn 0.7577629089 -0.6509852409 -0.04487391561
v 6.127492905 -12.79312992 11.69392586
vn 0.9918579459 0.1184586436 -0.0467483364
v 14.37760258 -20.91260719 11.47178078
vn 0.1770803034 0.9729932547 -0.1480766088
v 37.74645996 -18.5391674 11.26097584
vn -0.5779641271 0.8019971848 -0.1508574486
v 44.25714874 0.553496182 11.57840347
vn -0.9764579535 -0.212828666 -0.03512565419
v 30.2973156 15.38964367 11.71802425
vn -0.2683964968 -0.9632419944 0.01132220123
v 10.64630413 9.922956467 11.86535168
vn 0.7590847015 -0.6494333744 -0.04501825944
v 6.158696175 -12.8670063 11.99396801
vn 0.9922878742 0.1144162789 -0.04768323526
v 14.24757195 -20.82152748 11.77299786
vn 0.1747781783 0.973261416 -0.1490461528
v 37.70837784 -18.52414131 11.5622797
vn -0.574822247 0.8043214083 -0.1504875571
v 44.25107193 0.5501584411 11.87818623
vn -0.9766378999 -0.211996913 -0.0351527594
v 30.30470848 15.39536476 12.01750088
vn -0.2684844434 -0.9632193446 0.01116272341
v 10.65680885 9.9240942 12.165308
vn 0.7602777481 -0.6480368972 -0.04501003027
v 6.189830303 -12.940938 12.29466248
vn 0.9927221537 0.11023096 -0.04849642888
v 14.11758041 -20.73033714 12.07463837
vn 0.1725477129 0.9735506177 -0.149754867
v 37.67021179 -18.50920486 11.8632431
vn -0.5714995265 0.8067238927 -0.1502825469
v 44.2449913 0.5468491912 12.17807961
vn -0.976929009 -0.2106321752 -0.0352669917
v 30.31201172 15.40108776 12.31774616
vn -0.2685705721 -0.9631943703 0.01124676596
v 10.66732216 9.925218582 12.46584988
vn 0.761484623 -0.6466216445 -0.04496245831
v 6.22100544 -13.01495838 12.5950985
vn 0.9931390882 0.1059130803 -0.04957034811
v 13.98741913 -20.6392498 12.37682247
vn 0.1700839847 0.9738824964 -0.1504136473
v 37.6319809 -18.4941864 12.16449928
vn -0.568144381 0.8091683984 -0.1498613507
v 44.23880005 0.543523252 12.47802353
vn -0.9772148132 -0.2092953026 -0.03530900925
v 30.31931686 15.40692139 12.61777306
vn -0.2689923942 -0.9630766511 0.01124794222
v 10.67782688 9.926428795 12.76589012
vn 0.762609303 -0.6452881694 -0.04505785555
v 6.252187729 -13.08887291 12.8951683
vn 0.9935290813 0.101708509 -0.05055008084
v 13.85729885 -20.5482502 12.67806053
vn 0.1677807868 0.974116385 -0.1514824331
v 37.59370422 -18.47922707 12.4661808
vn -0.5654790998 0.8111398816 -0.1492831707
v 44.23270035 0.5402120352 12.77889633
vn -0.9774321318 -0.2083296031 -0.03500314802
v 30.32661629 15.41264534 12.91780758
vn -0.2694683969 -0.9629435539 0.01124619413
v 10.68831635 9.927532196 13.06614113
vn 0.7638663054 -0.6438030005 -0.04501063749
v 6.283336639 -13.16282368 13.19563103
vn 0.9938955307 0.09758286923 -0.05147053674
v 13.72712803 -20.45713234 12.9796505
vn 0.1654871106 0.9743747115 -0.1523416787
v 37.55552673 -18.46435928 12.767313
vn -0.5617808104 0.8137381077 -0.1491060853
v 44.22664642 0.5368750691 13.07853031
vn -0.9777452946 -0.2068238258 -0.03518562391
v 30.33401871 15.41847515 13.21799183
vn -0.2693833411 -0.9629664421 0.01132321637
v 10.69881058 9.928722382 13.36616039
vn 0.7651947737 -0.6422152519 -0.04512833431
v 6.314496517 -13.23677731 13.49593163
vn 0.9942677617 0.09316881746 -0.0524523221
v 13.59690857 -20.36607933 13.28160572
vn 0.1630855352 0.9746705294 -0.1530373394
v 37.51725388 -18.44941139 13.06857491
vn -0.5585777164 0.8160048127 -0.1487518102
v 44.22058105 0.5335512161 13.37860966
vn -0.977942884 -0.2058939934 -0.03514841571
v 30.34131622 15.4241972 13.51739788
vn -0.2697934508 -0.9628539681 0.01112296432
v 10.70928764 9.929801941 13.6661129
vn 0.7661946416 -0.6410198212 -0.04515888542
v 6.345637321 -13.31074142 13.79626369
vn 0.9946195483 0.08877890557 -0.05338776857
v 13.46669388 -20.27515984 13.58302784
vn 0.1607358605 0.9749290347 -0.1538744271
v 37.47891998 -18.43451691 13.36990356
vn -0.5555571318 0.8181527257 -0.1482644677
v 44.21453094 0.530230999 13.67882347
vn -0.9781954288 -0.2046977729 -0.03510652855
v 30.34862518 15.42993069 13.8177042
vn -0.2698967159 -0.9628238082 0.01122678537
v 10.71976376 9.93087101 13.96661854
vn 0.7674258947 -0.6395509839 -0.04507828131
v 6.376766205 -13.38482189 14.09674931
vn 0.9949316382 0.08455006778 -0.05442760512
v 13.33642101 -20.18414116 13.88476086
vn 0.1583407372 0.9751742482 -0.1548012346
v 37.44055557 -18.41972351 13.67115784
vn -0.5522588491 0.8204461336 -0.1479132175
v 44.20845413 0.526917994 13.97910118
vn -0.9784942269 -0.2032724172 -0.03506198153
v 30.35593796 15.43576145 14.11797237
vn -0.2703398168 -0.9626985788 0.01130821463
v 10.73024654 9.93202877 14.26656818
vn 0.768652916 -0.638066709 -0.04520666227
v 6.407925606 -13.45880413 14.39700317
vn 0.9952569604 0.07993976027 -0.05543677136
v 13.20612621 -20.09316635 14.18652153
vn 0.1559671015 0.9754239321 -0.1556356847
v 37.40227509 -18.40483856 13.97260571
vn -0.5489135981 0.8227521181 -0.1475562751
v 44.20243073 0.5235844851 14.27900219
vn -0.9787011147 -0.2022711784 -0.03507813439
v 30.36333847 15.44149399 14.41778183
vn -0.2702978253 -0.9627109766 0.01125670131
v 10.74071503 9.933074951 14.56700993
vn 0.7697646022 -0.6367308497 -0.04512595758
v 6.439061642 -13.53279305 14.69723988
vn 0.9955336452 0.0756938383 -0.05642015114
v 13.07582664 -20.00231743 14.48783875
vn 0.153550446 0.9756628871 -0.1565381289
v 37.36389923 -18.39004326 14.27369499
vn -0.5458347201 0.8248676062 -0.147166118
v 44.19639206 0.5202601552 14.57895565
vn -0.9789710045 -0.2009518594 -0.03513080999
v 30.37064362 15.44732475 14.71787453
vn -0.2707287669 -0.9625895619 0.01128266566
v 10.7511692 9.934212685 14.86692429
vn 0.7710274458 -0.6351943612 -0.04521941766
v 6.470174789 -13.60680866 14.99761963
vn 0.9958036542 0.07126134634 -0.05741820112
v 12.94548321 -19.91133881 14.78943157
vn 0.1510590613 0.975910604 -0.1574154049
v 37.3254776 -18.37531281 14.57480049
vn -0.5426067114 0.8270491958 -0.1468591243
v 44.19036484 0.5169394612 14.87919712
vn -0.9792369008 -0.1996570379 -0.03510219604
v 30.37794685 15.45305824 15.01767349
vn -0.2709997594 -0.9625139236 0.01122882217
v 10.76163483 9.935240746 15.16703606
vn 0.7721198797 -0.6338628531 -0.04526397586
v 6.501302719 -13.68083096 15.29797173
vn 0.9960662127 0.06661587209 -0.05843291804
v 12.8150959 -19.8204422 15.09134769
vn 0.1486939192 0.9761524796 -0.1581659317
v 37.28700638 -18.36047745 14.87643433
vn -0.5393030047 0.8292914629 -0.1463828385
v 44.18431854 0.5136264563 15.1794672
vn -0.9794763923 -0.1984908581 -0.03503466398
v 30.38526726 15.45889473 15.31776619
vn -0.2712309659 -0.9624487758 0.01123248041
v 10.77208805 9.936250687 15.46720123
vn 0.77332443 -0.6323920488 -0.04527233168
v 6.53241539 -13.75485802 15.59830475
vn 0.9962968826 0.06215617806 -0.05940660834
v 12.68471432 -19.72965813 15.39261055
vn 0.1463446766 0.9763430953 -0.1591772586
v 37.24863434 -18.34574318 15.1776762
vn -0.5361177921 0.831423223 -0.1459900439
v 44.17832184 0.5102873445 15.47921085
vn -0.9796708822 -0.197522521 -0.03506847844
v 30.39266777 15.46462154 15.6176281
vn -0.2713077664 -0.9624274373 0.0112028094
v 10.78252125 9.937356949 15.76734257
vn 0.7744659781 -0.6309937239 -0.04526975751
v 6.563510895 -13.82900238 15.89874744
vn 0.9965041876 0.05761453509 -0.06049758196
v 12.55426979 -19.63876152 15.69414425
vn 0.1437561065 0.9765685797 -0.1601499468
v 37.21017456 -18.33109856 15.47831249
vn -0.532921195 0.8335033059 -0.1458329856
v 44.17232132 0.5069640279 15.77937984
vn -0.9799587131 -0.1960857958 -0.03508966789
v 30.39997292 15.47036076 15.91765308
vn -0.2716070116 -0.9623429179 0.01121481694
v 10.79298019 9.938351631 16.06772804
vn 0.7755141854 -0.629704833 -0.04527201131
v 6.594636917 -13.90303707 16.19889832
vn 0.9966949821 0.05300517753 -0.06155945361
v 12.42380905 -19.54789162 15.99598122
vn 0.1411943138 0.9768231511 -0.1608748734
v 37.17164612 -18.31624413 15.77976036
vn -0.5295712948 0.83571136 -0.145398587
v 44.16630936 0.5036438107 16.07941437
vn -0.9802392721 -0.1946701705 -0.0351360701
v 30.40729141 15.47619534 16.21784973
vn -0.27193892 -0.9622484446 0.01127762254
v 10.80341053 9.939432144 16.36769867
vn 0.7767401338 -0.6281876564 -0.04533228651
v 6.625733852 -13.97708893 16.49913406
vn 0.9968646765 0.04846869782 -0.06254277378
v 12.29343796 -19.45714378 16.29728317
vn 0.138822034 0.9770128131 -0.1617850363
v 37.13306046 -18.30154037 16.08146286
vn -0.5266777873 0.8376477957 -0.1447641701
v 44.16028976 0.5003332496 16.37994003
vn -0.9804438949 -0.1936730742 -0.0349361524
v 30.41460228 15.48193741 16.51774216
vn -0.2723112106 -0.9621435404 0.01124539692
v 10.81383896 9.940407753 16.66775894
vn 0.777908206 -0.626738131 -0.04536598176
v 6.656817913 -14.0511694 16.79961777
vn 0.9970158935 0.04379487038 -0.06357156485
v 12.16291237 -19.3663044 16.59907341
vn 0.1363530308 0.9772170186 -0.1626492143
v 37.09460068 -18.28692436 16.38257599
vn -0.523033917 0.8399742246 -0.1444949657
v 44.15431213 0.4969928563 16.67957687
vn -0.98069942 -0.1923458129 -0.0350962095
v 30.42201424 15.48777771 16.81773186
vn -0.2722067535 -0.9621732235 0.01123389974
v 10.82426548 9.941368103 16.96797371
vn 0.7790529132 -0.6253131032 -0.0453876555
v 6.687915325 -14.12525558 17.09995461
vn 0.9971457124 0.03902041912 -0.06463574618
v 12.03235722 -19.27555466 16.90089989
vn 0.1337794513 0.9774377942 -0.1634577066
v 37.05603027 -18.27226448 16.68375015
vn -0.5199459195 0.841956079 -0.1441047043
v 44.14833069 0.4936668873 16.97968483
vn -0.9809345007 -0.1911436319 -0.03509422019
v 30.42931747 15.49350929 17.11750984
vn -0.2726280093 -0.9620547891 0.01115835644
v 10.83469105 9.942420006 17.26811409
vn 0.7800987363 -0.6240080595 -0.04538595676
v 6.718997955 -14.19934464 17.40026474
vn 0.9972486496 0.03438849747 -0.06567014754
v 11.90180779 -19.18489265 17.20217896
vn 0.13130337 0.9776077271 -0.1644462496
v 37.01738358 -18.25763893 16.9851799
vn -0.5169891715 0.8438601494 -0.1436043829
v 44.14233398 0.4903515875 17.28007317
vn -0.981159091 -0.1900147051 -0.03494666144
v 30.43663406 15.49925327 17.41763687
vn -0.2729628384 -0.9619592428 0.01121035777
v 10.84510517 9.943367004 17.56824112
vn 0.7812595963 -0.6225517392 -0.04541755468
v 6.750052929 -14.27355003 17.70071983
vn 0.997327745 0.02964622155 -0.06677202135
v 11.77119637 -19.09410858 17.50387573
vn 0.1287611723 0.9777812362 -0.165421769
v 36.97884369 -18.24309731 17.28625298
vn -0.5135005116 0.8460375667 -0.1433096528
v 44.13638306 0.4870141149 17.58000565
vn -0.9814001322 -0.1887564361 -0.03499759361
v 30.44395638 15.50509644 17.71772194
vn -0.2730557024 -0.9619325995 0.01123800036
v 10.85552025 9.944295883 17.8683548
vn 0.7823016047 -0.6212382913 -0.04546586052
v 6.781149387 -14.34765434 18.00092125
vn 0.9973873496 0.02473982237 -0.06787034124
v 11.64057064 -19.00338173 17.80557632
vn 0.1261722594 0.9779761434 -0.1662626117
v 36.94020844 -18.22847939 17.58746719
vn -0.5103283525 0.8480117917 -0.1429718435
v 44.13041687 0.4836893082 17.88009262
vn -0.9816657305 -0.1873646677 -0.03502640128
v 30.45137024 15.51083755 18.01789284
vn -0.2732565403 -0.9618749022 0.01129319891
v 10.86593437 9.945319176 18.16873741
vn 0.7835017443 -0.6197274327 -0.04541959241
v 6.812234879 -14.42176819 18.30109406
vn 0.997418642 0.02005416527 -0.06894846261
v 11.50993633 -18.91277885 18.10682869
vn 0.1235996112 0.9781434536 -0.1672078669
v 36.9015274 -18.2139225 17.88868523
vn -0.507222414 0.8499533534 -0.1424946189
v 44.1244545 0.4803698957 18.18005753
vn -0.9818946719 -0.1861498207 -0.03508626297
v 30.45868111 15.51668072 18.31762505
vn -0.2735873759 -0.961781919 0.01119976118
v 10.8763361 9.946228981 18.46872139
vn 0.7846457362 -0.6182740331 -0.04547774419
v 6.843293667 -14.49590874 18.60157585
vn 0.9974344969 0.01523518283 -0.06994477659
v 11.37925911 -18.82204628 18.40837479
vn 0.1210458055 0.9782990217 -0.1681635678
v 36.86278915 -18.19942665 18.18993568
vn -0.5040092468 0.8519219756 -0.1421393454
v 44.11848068 0.4770496786 18.48031235
vn -0.9821205139 -0.1849769354 -0.03496829048
v 30.46599197 15.52241802 18.61748314
vn -0.2738788426 -0.961699605 0.01114531513
v 10.88672733 9.947231293 18.7688427
vn 0.7856425047 -0.6170064807 -0.04548522457
v 6.874344826 -14.57005787 18.90192223
vn 0.9974172711 0.01034927275 -0.07107526809
v 11.24854469 -18.73138809 18.71018791
vn 0.1184822842 0.9784764647 -0.1689549387
v 36.8241539 -18.18485832 18.49132156
vn -0.5007039905 0.8539446592 -0.1416829377
v 44.11256409 0.4737142026 18.78050041
vn -0.9823474288 -0.183778882 -0.03491143137
v 30.4733181 15.52816582 18.91768265
vn -0.2741246819 -0.9616283774 0.01125092898
v 10.89712334 9.9481287 19.06886864
vn 0.7867829204 -0.6155461073 -0.04555941373
v 6.905402184 -14.64430904 19.20229721
vn 0.9973744154 0.005323339719 -0.07222115248
v 11.11781979 -18.64080048 19.01183319
vn 0.1158592552 0.9786232114 -0.1699212193
v 36.78542328 -18.1703701 18.79236794
vn -0.497438848 0.855907917 -0.1413373053
v 44.10662079 0.470380187 19.08033371
vn -0.9825806618 -0.1825033873 -0.03503994644
v 30.48073578 15.53401756 19.21768951
vn -0.2741548419 -0.961620152 0.01121628284
v 10.9075222 9.949007034 19.36916924
vn 0.7877955437 -0.6142505407 -0.04554620385
v 6.936474323 -14.71844864 19.50238991
vn 0.9973107576 0.0004654196964 -0.07328725606
v 10.98709297 -18.55023766 19.31298637
vn 0.1131909862 0.9787524939 -0.1709718853
v 36.74663925 -18.15588951 19.09355927
vn -0.4945057333 0.8576732874 -0.1409277022
v 44.10069275 0.4670542181 19.38053894
vn -0.982837975 -0.1811198145 -0.03500134125
v 30.48804855 15.53975868 19.5177803
vn -0.2745217085 -0.9615150094 0.01125732157
v 10.91790199 9.949980736 19.66945267
vn 0.7890054584 -0.6126992106 -0.04549811408
v 6.967507839 -14.79262447 19.8027668
vn 0.9972192049 -0.004425969906 -0.07439303398
v 10.85631466 -18.45957375 19.61460304
vn 0.110590972 0.9788967967 -0.1718448848
v 36.70781326 -18.14144897 19.39484406
vn -0.4911451638 0.8596653938 -0.1405411661
v 44.09474182 0.4637310505 19.68069077
vn -0.9830619693 -0.1799089313 -0.03495585173
v 30.49536705 15.54560661 19.81757927
vn -0.2748494446 -0.961422205 0.01118428633
v 10.92829132 9.950841904 19.96941566
vn 0.7900462747 -0.6113493443 -0.0455945991
v 6.998559475 -14.86681175 20.10314941
vn 0.9970991015 -0.009529498406 -0.07551508397
v 10.7254982 -18.36901093 19.91638947
vn 0.1079819873 0.9790346622 -0.1727166921
v 36.66909027 -18.12697411 19.69617271
vn -0.4878751636 0.8616032004 -0.1400635093
v 44.08884811 0.4603891373 19.98075485
vn -0.9832640886 -0.1788076013 -0.03492289409
v 30.50268936 15.55135345 20.11754799
vn -0.275011301 -0.9613758922 0.01118875109
v 10.93865967 9.951795578 20.26952171
vn 0.7910345793 -0.6100687981 -0.04561075941
v 7.029613495 -14.94099331 20.40327644
vn 0.9969545007 -0.0145514952 -0.07661573589
v 10.59467697 -18.27853394 20.21760178
vn 0.1053168103 0.9791267514 -0.1738366038
v 36.63026428 -18.11255836 19.99719048
vn -0.4848656356 0.8633556366 -0.1397224963
v 44.08293152 0.4570602179 20.28083992
vn -0.983489871 -0.1775584668 -0.03493859991
v 30.51010513 15.55710602 20.41766357
vn -0.275244385 -0.9613087773 0.01122576371
v 10.94902992 9.952644348 20.569664
vn 0.7922409773 -0.6085016727 -0.04560635239
v 7.060621262 -15.01520538 20.70383835
vn 0.9967873693 -0.0194925908 -0.07768505812
v 10.46382046 -18.18792915 20.5188942
vn 0.1026058272 0.9792483449 -0.1747706234
v 36.59140778 -18.09821129 20.29795647
vn -0.4815740287 0.8652272224 -0.1395290345
v 44.077034 0.4537237585 20.58072472
vn -0.983743608 -0.1761249751 -0.03505030647
v 30.51742935 15.56295586 20.71756744
vn -0.2754107714 -0.9612615705 0.0111856861
v 10.95940781 9.953476906 20.86981773
vn 0.7932079434 -0.6072387695 -0.04563079402
v 7.091641426 -15.08951283 21.00421524
vn 0.9965757132 -0.02475950122 -0.07889101654
v 10.332901 -18.09738922 20.82107162
vn 0.09991122782 0.9793963432 -0.1755008847
v 36.55249023 -18.0836544 20.59949112
vn -0.4783097208 0.867133081 -0.1389246285
v 44.07110214 0.4504064918 20.88119888
vn -0.9839859009 -0.1748013198 -0.03487549722
v 30.52474976 15.5687027 21.01774216
vn -0.275776118 -0.9611561894 0.01123808231
v 10.96977139 9.95440197 21.17017746
vn 0.79424119 -0.6058875322 -0.04562088102
v 7.122697353 -15.16370869 21.30419922
vn 0.9963441491 -0.02976590581 -0.08007691801
v 10.20200729 -18.00695229 21.12210083
vn 0.09722583741 0.9794478416 -0.1767175645
v 36.51366425 -18.06927109 20.90094757
vn -0.4753276706 0.8688516021 -0.1384215951
v 44.06523514 0.4470611513 21.18113518
vn -0.9841749668 -0.1737284958 -0.03490117192
v 30.53207588 15.57455921 21.31765175
vn -0.2759867907 -0.9610958099 0.0112289153
v 10.98012924 9.955217361 21.47007751
vn 0.7954074144 -0.6043511033 -0.04568141699
v 7.153709412 -15.2379446 21.60467148
vn 0.9960928559 -0.03491227329 -0.08111812919
v 10.07107353 -17.91638565 21.42357635
vn 0.09450986236 0.9795504808 -0.1776195616
v 36.4747467 -18.05497932 21.20178223
vn -0.4719993174 0.8707001209 -0.1381951272
v 44.05934525 0.4437253177 21.48108482
vn -0.9844176173 -0.1723344773 -0.03496813029
v 30.53949356 15.58030701 21.61750984
vn -0.2761415541 -0.9610521197 0.01116394717
v 10.99047661 9.956120491 21.77024651
vn 0.7963737249 -0.6030765176 -0.04569055885
v 7.184735775 -15.31218815 21.9049263
vn 0.9957971573 -0.0401545763 -0.0823141858
v 9.94010067 -17.82590294 21.72536659
vn 0.09176554531 0.9796616435 -0.178443715
v 36.43579102 -18.04058266 21.5031395
vn -0.4688187838 0.8724943399 -0.1377045363
v 44.05347061 0.4403924644 21.78130913
vn -0.9846416712 -0.1710556149 -0.03493983671
v 30.54681778 15.58606148 21.91753387
vn -0.2764897943 -0.9609516859 0.01119347755
v 11.00083637 9.956924438 22.07035637
vn 0.7974407077 -0.6016629934 -0.04571573436
v 7.215745926 -15.38643169 22.20527077
vn 0.9954835773 -0.04532602802 -0.08341468871
v 9.809130669 -17.73552513 22.02656555
vn 0.08905787766 0.9797147512 -0.1795207113
v 36.39678574 -18.02624702 21.80450058
vn -0.4658234715 0.8741753101 -0.1372078657
v 44.04756546 0.4370619059 22.0814724
vn -0.9848271012 -0.1700025946 -0.03485257551
v 30.55414772 15.59191799 22.21753883
vn -0.2766830623 -0.9608963728 0.01116536185
v 11.0111866 9.957708359 22.37053299
vn 0.7984403968 -0.6003372669 -0.04569591582
v 7.24672842 -15.46078205 22.50569725
vn 0.9951323271 -0.05056938156 -0.0845835954
v 9.678086281 -17.64499474 22.32821274
vn 0.08628682792 0.9797700047 -0.1805693358
v 36.35788727 -18.01199532 22.10549545
vn -0.4625181854 0.8759797812 -0.1368808001
v 44.0417366 0.4337165654 22.38166046
vn -0.9850880504 -0.1684899479 -0.03482270241
v 30.56147575 15.59767151 22.51781654
vn -0.2769030333 -0.9608315229 0.01129089203
v 11.02152634 9.958587646 22.670784
vn 0.79951334 -0.598905623 -0.04572139308
v 7.277751923 -15.53504086 22.80583191
vn 0.9947403669 -0.05587152392 -0.08584840596
v 9.547042847 -17.55453873 22.62991714
vn 0.08350154757 0.979852736 -0.1814279705
v 36.31888199 -17.99764633 22.40670204
vn -0.4592141509 0.8777686954 -0.1365446746
v 44.03586578 0.4303766489 22.68147469
vn -0.9852799773 -0.1673392206 -0.03494155779
v 30.56890297 15.60353088 22.8176136
vn -0.2770945728 -0.9607772827 0.01120746136
v 11.0318737 9.959357262 22.97079849
vn 0.8004958034 -0.5975885391 -0.04576497525
v 7.30877018 -15.60930538 23.10604858
vn 0.994336009 -0.06117083505 -0.08691415936
v 9.41599369 -17.46422005 22.93105316
vn 0.08071914315 0.9798935056 -0.1824641824
v 36.27983093 -17.98338509 22.70782661
vn -0.4563803375 0.879330337 -0.1359969378
v 44.03001404 0.4270398319 22.9817028
vn -0.9855179191 -0.1659412235 -0.03489973024
v 30.57622337 15.60928631 23.1177063
vn -0.2773614228 -0.9606999159 0.01124157943
v 11.04220867 9.960220337 23.27113724
vn 0.8016223311 -0.5960806012 -0.04571143165
v 7.339756012 -15.68359375 23.4064579
vn 0.9938907027 -0.06642621011 -0.08814083785
v 9.284902573 -17.3737545 23.23252296
vn 0.07792342454 0.9799288511 -0.1834867746
v 36.24074936 -17.96916389 23.00900459
vn -0.4530914128 0.8810799122 -0.1356700212
v 44.02413559 0.4237050116 23.28185463
vn -0.9857445359 -0.1645981371 -0.03485998884
v 30.58355331 15.61514568 23.41751289
vn -0.2777847648 -0.960578382 0.01117181405
v 11.05253696 9.960972786 23.57085037
vn 0.8026138544 -0.5947311521 -0.04588928446
v 7.370763302 -15.75789452 23.70672798
vn 0.9934084415 -0.07187893242 -0.0892919302
v 9.153767586 -17.28336334 23.53427696
vn 0.07512215525 0.9799756408 -0.1844028234
v 36.20176315 -17.95487404 23.31032562
vn -0.449829638 0.8828228116 -0.135193035
v 44.01832581 0.4203517735 23.58191872
vn -0.9858986735 -0.1636857241 -0.03479600325
v 30.59088135 15.62090302 23.71728134
vn -0.2777983248 -0.9605752826 0.01109908056
v 11.06287384 9.961711884 23.87113571
vn 0.8034974337 -0.5935445428 -0.04578978196
v 7.401750088 -15.83219147 24.00707817
vn 0.9929073453 -0.07724118233 -0.09038132429
v 9.02264595 -17.19307327 23.83541298
vn 0.07229477167 0.9799874425 -0.1854670942
v 36.16267776 -17.94065666 23.61129379
vn -0.4468878806 0.8843750358 -0.1348037422
v 44.01248932 0.4170102179 23.88199234
vn -0.9861539006 -0.1621277034 -0.03485842794
v 30.59831619 15.6266613 24.01777077
vn -0.2779992223 -0.9605152607 0.0112661561
v 11.0731945 9.962547302 24.17152977
vn 0.8046758771 -0.5919498801 -0.04573898017
v 7.432700634 -15.90658951 24.30747223
vn 0.9923548102 -0.08262707293 -0.09167727828
v 8.891452789 -17.10264397 24.13700104
vn 0.0694301948 0.9800011516 -0.1864864826
v 36.12354279 -17.92649078 23.91227531
vn -0.4435707629 0.8860917687 -0.1344856471
v 44.00665665 0.4136653841 24.18197823
vn -0.9863669872 -0.1608131677 -0.03491906822
v 30.6056385 15.63252449 24.31749916
vn -0.2783638239 -0.9604107738 0.01116919331
v 11.08351612 9.963272095 24.47146225
vn 0.8055390716 -0.5907652974 -0.0458602421
v 7.463707924 -15.98090744 24.60765076
vn 0.9917686582 -0.08811976761 -0.0928966403
v 8.760255814 -17.0122776 24.43860245
vn 0.06658020616 0.9800168276 -0.1874409765
v 36.08436966 -17.91222954 24.21377563
vn -0.4405733049 0.8876612186 -0.133987844
v 44.00081253 0.410330385 24.48237801
vn -0.9865767956 -0.159555003 -0.03476185352
v 30.61297035 15.63828182 24.61767387
vn -0.2786096036 -0.9603388309 0.01122517139
v 11.09384155 9.964091301 24.77178192
vn 0.8065881133 -0.5893349648 -0.0458246097
v 7.494704247 -16.05522537 24.90778542
vn 0.991158247 -0.09354482591 -0.09409943968
v 8.629049301 -16.92203331 24.73972321
vn 0.06371801347 0.9799924493 -0.1885596961
v 36.04529953 -17.89804649 24.51491356
vn -0.437456429 0.8892749548 -0.1334987432
v 43.99501801 0.4069717228 24.7823143
vn -0.9867768288 -0.1583064049 -0.0347936675
v 30.62030602 15.64414787 24.91757202
vn -0.2788992226 -0.9602549076 0.01121449843
v 11.10415077 9.964799881 25.0714798
vn 0.8076791167 -0.5878295302 -0.04594488069
v 7.525667667 -16.12956047 25.20819092
vn 0.990519762 -0.09906961769 -0.09516187012
v 8.497807503 -16.83162498 25.04117584
vn 0.0608295463 0.9799735546 -0.1896090508
v 36.00613022 -17.88393974 24.81570435
vn -0.4342239201 0.890887022 -0.1333039403
v 43.98920441 0.403621316 25.08227921
vn -0.9869592786 -0.1571542174 -0.03484176099
v 30.62773132 15.64990902 25.21725273
vn -0.2789075971 -0.9602540135 0.01108033862
v 11.11446095 9.965496063 25.37187958
vn 0.8085405231 -0.5866528153 -0.045833949
v 7.55662775 -16.20391846 25.50868416
vn 0.9898318648 -0.1045991182 -0.09639447182
v 8.366528511 -16.74132729 25.34282112
vn 0.05792722851 0.9799845815 -0.1904591769
v 35.96692657 -17.86972809 25.11680222
vn -0.4311080575 0.892460227 -0.1328933239
v 43.98341751 0.4002715349 25.38243866
vn -0.9872057438 -0.1555954367 -0.03485593945
v 30.6350708 15.65566921 25.51765823
vn -0.2792470157 -0.9601535797 0.01123238169
v 11.12476254 9.96628952 25.67216492
vn 0.8095667362 -0.5852344036 -0.04585191235
v 7.587583065 -16.2783432 25.80877876
vn 0.9891014695 -0.1101473868 -0.09770260751
v 8.23521328 -16.65112495 25.64422417
vn 0.05500437692 0.9799417257 -0.1915431023
v 35.92766571 -17.85548973 25.41804695
vn -0.4281043112 0.8939910531 -0.1323127896
v 43.97758865 0.3969350457 25.68265152
vn -0.9873857498 -0.1544715613 -0.03475519642
v 30.64240074 15.66153526 25.81746292
vn -0.2796144187 -0.9600476027 0.01115158852
v 11.13507652 9.966967583 25.97211838
vn 0.8104968071 -0.583941102 -0.04590984806
v 7.618546486 -16.35269547 26.10910225
vn 0.9883499742 -0.1157256216 -0.0988528356
v 8.103896141 -16.56074905 25.94547653
vn 0.0520770289 0.9798747897 -0.1927001178
v 35.8884964 -17.84140205 25.71926117
vn -0.4250434041 0.8955042362 -0.1319480687
v 43.97182465 0.3935739398 25.98285484
vn -0.987611115 -0.1530350894 -0.03470642865
v 30.64974213 15.66730118 26.11773491
vn -0.2797350883 -0.960011065 0.01127266232
v 11.1453743 9.967743874 26.27240181
vn 0.8115521669 -0.5824744105 -0.04589820653
v 7.649521828 -16.42707634 26.40936089
vn 0.987544477 -0.1213316247 -0.1001725644
v 7.972548008 -16.47047997 26.24718285
vn 0.04913618788 0.9798619747 -0.1935359836
v 35.84925079 -17.82724953 26.02040482
vn -0.4216772616 0.8971526623 -0.1315498203
v 43.96603775 0.3902194202 26.28269768
vn -0.9878189564 -0.1516577005 -0.03483681753
v 30.65717316 15.67317295 26.41755104
vn -0.2800259292 -0.9599270821 0.01119951159
v 11.15566635 9.968410492 26.57216454
vn 0.8125452399 -0.5810771585 -0.04603843763
v 7.680493355 -16.50144768 26.70951271
vn 0.9867212772 -0.1269674152 -0.1012934595
v 7.84120369 -16.38031387 26.54829788
vn 0.04617781192 0.9797816873 -0.1946674138
v 35.80996323 -17.81315041 26.32151031
vn -0.4188576043 0.8985442519 -0.1310592592
v 43.96025848 0.3868619204 26.5827713
vn -0.987970829 -0.1506721079 -0.03480756283
v 30.664505 15.67893314 26.71712494
vn -0.2801455557 -0.9598940611 0.01104046963
v 11.16596889 9.96906662 26.87249947
vn 0.8133932948 -0.5798992515 -0.04591487721
v 7.711437225 -16.57583427 27.00998878
vn 0.9858601093 -0.1326245815 -0.1024235338
v 7.709800243 -16.29000092 26.84968758
vn 0.04320468381 0.9797047377 -0.1957345903
v 35.77062225 -17.79910088 26.62262154
vn -0.4157890975 0.9000197053 -0.1307054311
v 43.95446396 0.3835172355 26.88318634
vn -0.9882136583 -0.1490980387 -0.0346923396
v 30.6718483 15.68470097 27.01762009
vn -0.2804858685 -0.9597926736 0.01121257339
v 11.17625904 9.969813347 27.17286491
vn 0.8144536018 -0.5784115791 -0.04588507116
v 7.742363453 -16.65023613 27.31035805
vn 0.9849392772 -0.1383061856 -0.103759639
v 7.578381062 -16.19976807 27.15137482
vn 0.0402136147 0.9796417952 -0.1966847032
v 35.73138809 -17.78498268 26.92390823
vn -0.4124649465 0.9016161561 -0.1302343458
v 43.94871902 0.3801462948 27.18314362
vn -0.9883778095 -0.1480015963 -0.03471035883
v 30.67918777 15.69057465 27.31752968
vn -0.2807555497 -0.9597139955 0.0111983614
v 11.18653679 9.970453262 27.47267342
vn 0.8153038621 -0.5772041082 -0.04598991573
v 7.773293018 -16.72469711 27.61048508
vn 0.9839966893 -0.1440044045 -0.1049442068
v 7.446928978 -16.10961914 27.45257759
vn 0.03721129894 0.9795140028 -0.1979081333
v 35.69205856 -17.77093506 27.22484779
vn -0.4094805717 0.9030302763 -0.1298536509
v 43.94296265 0.3767910898 27.4828949
vn -0.9885974526 -0.1464846134 -0.03489112109
v 30.68662453 15.69634151 27.61769485
vn -0.2807185054 -0.9597241282 0.01125893835
v 11.1968317 9.971188545 27.77307129
vn 0.8164129853 -0.5756382942 -0.04593877494
v 7.804225445 -16.79909134 27.91078758
vn 0.9829936028 -0.149759993 -0.10628023
v 7.315448761 -16.01930618 27.75381851
vn 0.03420482948 0.9794205427 -0.198910594
v 35.652668 -17.75692749 27.52576256
vn -0.4065236747 0.9044080377 -0.129555285
v 43.93708038 0.3734350801 27.783041
vn -0.9888076186 -0.1450735778 -0.03483073786
v 30.69395828 15.70221806 27.91727257
vn -0.2813118696 -0.9595522285 0.01109828707
v 11.20710945 9.971814156 28.07282639
vn 0.8172954917 -0.5743717551 -0.04609919339
v 7.835190773 -16.87352753 28.21105576
vn 0.9819746017 -0.1554774195 -0.1074835137
v 7.183947563 -15.92911053 28.05549431
vn 0.03116087802 0.9793292284 -0.1998580843
v 35.6133728 -17.74285126 27.82721329
vn -0.4033684134 0.9059070349 -0.1289432198
v 43.93135452 0.370053798 28.08330345
vn -0.9889399409 -0.1442065537 -0.03467330337
v 30.70129204 15.70798397 28.21710205
vn -0.2813969553 -0.9595279694 0.01103586704
v 11.21738434 9.972426414 28.37313652
vn 0.8180642128 -0.573284626 -0.04599708691
v 7.866131783 -16.94793129 28.51119614
vn 0.9809164405 -0.1612709165 -0.1086030826
v 7.052472591 -15.83900833 28.35657883
vn 0.02811846882 0.9791793823 -0.2010398805
v 35.57398224 -17.72883987 28.12814903
vn -0.4005451798 0.9072138667 -0.1285556555
v 43.92562485 0.3666959703 28.38368225
vn -0.9891730547 -0.1426063776 -0.03464232385
v 30.70864296 15.71375751 28.51768112
vn -0.2816893458 -0.9594396353 0.01125410479
v 11.22766399 9.973134995 28.67339134
vn 0.8192200065 -0.5716358423 -0.04594554007
v 7.897010326 -17.02232933 28.8116436
vn 0.9798115492 -0.1670920402 -0.109770827
v 6.920900822 -15.74872684 28.65803146
vn 0.02506391518 0.9790489078 -0.202076897
v 35.53454971 -17.71486664 28.4291153
vn -0.3971852958 0.9087266326 -0.1282953918
v 43.9198761 0.3633283079 28.68350983
vn -0.9893648624 -0.1412352473 -0.03478124738
v 30.71608162 15.71963406 28.81749535
vn -0.2818089128 -0.9594054818 0.01117509324
v 11.23793697 9.973732948 28.97343445
vn 0.8200945258 -0.5703786016 -0.04596955329
v 7.927872658 -17.09673882 29.11208725
vn 0.9786922336 -0.1728819758 -0.1107848287
v 6.789312363 -15.65855789 28.95965958
vn 0.02197509073 0.9789050221 -0.2031306922
v 35.49507904 -17.70082474 28.73048592
vn -0.394287467 0.9100671411 -0.1277308911
v 43.91412735 0.359970808 28.98392296
vn -0.989558816 -0.1399120688 -0.0346124284
v 30.723423 15.72540569 29.11758423
vn -0.2821778655 -0.9592966437 0.01120733283
v 11.24819469 9.974429131 29.27367401
vn 0.8210112453 -0.5690702796 -0.0458211042
v 7.958559513 -17.17102814 29.41217041
vn 0.9431011677 -0.1722559929 -0.2844082415
v 6.65763092 -15.5683918 29.26082039
vn 0.01888827235 0.9797982574 -0.1990945041
v 35.45571518 -17.68684387 29.03157997
vn -0.391209811 0.9114519358 -0.1273194402
v 43.90843201 0.3565852642 29.283741
vn -0.9897273779 -0.1387038529 -0.03465509415
v 30.73076248 15.73128223 29.4173851
vn -0.2823770046 -0.9592385888 0.01115882955
v 11.25846958 9.975013733 29.57342529
vn 0.7541649342 -0.5796199441 0.3086679876
v 8.088098526 -17.53704262 29.64035034
vn 0.9638853669 -0.1865221411 0.1900907755
v 6.613034248 -15.4807415 29.58196259
vn -0.01239309274 -0.5086890459 0.8608611226
v 35.41625214 -17.67293167 29.33232307
vn -0.346701026 0.8437086344 0.4098220766
v 43.90272522 0.3532157838 29.58397102
vn -0.8932371736 -0.327706635 0.3077915907
v 30.73810768 15.73705578 29.71716118
vn -0.4216145277 -0.8140232563 0.3995088637
v 11.29447174 10.51026249 29.47509384
vn 0.5589131713 -0.4471291602 0.6983491778
v 7.891976833 -17.20713615 29.97689819
vn -0.5246425271 0.0979745388 0.8456661105
v 6.185461044 -17.15841293 28.41610718
vn -0.4308564365 -0.2950607538 0.8528199792
v 35.76961517 -17.85131454 29.19052124
vn -0.3426801562 0.6459242105 0.6821672916
v 43.8970108 0.3498456478 29.88406372
vn -0.9692554474 -0.007029950619 -0.245956108
v 30.74555779 15.74283218 30.01765633
vn -0.169598639 -0.9522984624 -0.2537003756
v 5.974379539 -17.58558273 27.93982887
vn 0.6534909606 0.5689513087 -0.4992433786
v 6.939735889 -16.76682091 29.8496933
vn 0.6589502692 0.5889270306 -0.4679203928
v 11.27910423 9.977435112 30.17382812
vn 0.7815794945 -0.5712076426 -0.2507096231
v 35.33928299 -17.6391449 29.95851707
vn -0.398647964 0.8616019487 -0.3142003715
v 43.89129257 0.346473217 30.18413544
vn -0.9902094603 -0.1351281852 -0.03500781953
v 30.75289726 15.74871254 30.31737518
vn -0.2832434773 -0.9589830637 0.01116529107
v 6.992510796 -16.69962692 30.149086
vn 0.7377955317 0.6442387104 -0.2015298009
v 11.2893219 9.978025436 30.47346115
vn 0.8059583902 -0.5901436806 -0.04649218172
v 35.29915237 -17.62526512 30.25879478
vn -0.4159717858 0.9014581442 -0.1197524816
v 43.88561249 0.3430907726 30.484272
vn -0.990421474 -0.1335837394 -0.03493893147
v 30.76024818 15.75448513 30.61753654
vn -0.283372134 -0.9589440823 0.01124534104
v 7.045304298 -16.63237953 30.44903183
vn 0.7384005785 0.6436507106 -0.201192379
v 11.29954815 9.978725433 30.77346992
vn 0.8059406877 -0.5901659131 -0.04651722685
v 35.25896454 -17.61144829 30.55936241
vn -0.415214628 0.9018393755 -0.1195095628
v 43.87992477 0.3397135735 30.78439903
vn -0.990578413 -0.1324207336 -0.03491576016
v 30.76759529 15.76036644 30.91744995
vn -0.2837997973 -0.95881778 0.01123341266
v 7.098114014 -16.56528854 30.74861145
vn 0.7388783097 0.6431045532 -0.2011850625
v 11.30976772 9.979334831 31.07291603
vn 0.8058942556 -0.5902169347 -0.04667297751
v 35.2187767 -17.59772682 30.85947418
vn -0.4143711925 0.9022311568 -0.1194798723
v 43.87423325 0.3363362253 31.08449936
vn -0.9907707572 -0.1309696138 -0.03493285924
v 30.7750473 15.76614952 31.21744537
vn -0.2837394178 -0.958835721 0.01122288592
v 7.150943279 -16.4981308 31.04803848
vn 0.7396101356 0.6422967911 -0.201076448
v 11.31998825 9.979948997 31.37318802
vn 0.8059160709 -0.590195775 -0.04656465352
v 35.1785965 -17.58396149 31.15992928
vn -0.4134582877 0.9026641846 -0.1193716303
v 43.86853409 0.3329601884 31.38464737
vn -0.9909702539 -0.1294710636 -0.03486021236
v 30.7823925 15.77202797 31.51752281
vn -0.2842040956 -0.9586977363 0.01125327963
v 7.203790665 -16.43093681 31.34760666
vn 0.7399631143 0.6419050694 -0.2010284215
v 11.33021259 9.980672836 31.67285538
vn 0.8060394526 -0.5900177956 -0.04668454081
v 35.13856506 -17.57022285 31.4602108
vn -0.4124960303 0.9031201005 -0.1192523986
v 43.86288452 0.3295591772 31.68458176
vn -0.9910916686 -0.1285558045 -0.03479461744
v 30.78973389 15.77780437 31.81702614
vn -0.2842981815 -0.9586715698 0.0111091733
v 7.256656647 -16.36373901 31.64719963
vn 0.7406414747 0.6411601305 -0.2009078115
v 11.34042549 9.981306076 31.97272491
vn 0.8058311939 -0.5903030038 -0.04667358473
v 35.09848404 -17.5565052 31.76035118
vn -0.4117380977 0.9034741521 -0.1191898286
v 43.85722351 0.3261792064 31.98496437
vn -0.9913117886 -0.1268656701 -0.03472835571
v 30.79709244 15.78358841 32.11761093
vn -0.2846622765 -0.9585609436 0.01132783387
v 7.309540272 -16.29654121 31.94680595
vn 0.7411547899 0.6406053901 -0.2007841319
v 11.35063648 9.982049942 32.27267838
vn 0.8059780002 -0.5900992751 -0.04671468213
v 35.0583992 -17.54278564 32.06063843
vn -0.4106932878 0.9039574862 -0.1191297919
v 43.85155869 0.3227875531 32.28480911
vn -0.9914844036 -0.1254818887 -0.03482723609
v 30.80454254 15.78947639 32.41741562
vn -0.2848682702 -0.9585003853 0.01127136033
v 7.362439156 -16.22934532 32.24633408
vn 0.7414467335 0.6402837634 -0.2007322907
v 11.36085701 9.982702255 32.57218552
vn 0.8060028553 -0.5900555849 -0.04683846235
v 35.01831436 -17.52906609 32.3610878
vn -0.4099005759 0.9043344259 -0.1189987585
v 43.84588623 0.3194090426 32.58520126
vn -0.9916505814 -0.1242095307 -0.03465651348
v 30.81189156 15.79525948 32.7173233
vn -0.2850433886 -0.9584488869 0.01122615486
v 7.415358067 -16.16210365 32.54607773
vn 0.7422855496 0.6393883228 -0.2004861832
v 11.37107277 9.983364105 32.87242126
vn 0.8059344292 -0.5901551843 -0.04676105455
v 34.97838211 -17.51532936 32.66156387
vn -0.4088615775 0.9048324823 -0.1187870204
v 43.84025192 0.3159983754 32.8850174
vn -0.9918219447 -0.1228267178 -0.03468181193
v 30.8192482 15.80113983 33.01749039
vn -0.285281986 -0.9583768249 0.01131381467
v 7.468290806 -16.09500694 32.84568405
vn 0.7427874207 0.6388244033 -0.2004251331
v 11.38128471 9.984131813 33.17208099
vn 0.8060078025 -0.5900444984 -0.04689224064
v 34.93838501 -17.50169563 32.96154022
vn -0.4081678092 0.9051493406 -0.1187589765
v 43.83462143 0.3126060665 33.1852951
vn -0.9919678569 -0.121668525 -0.03459059447
v 30.82659721 15.80692577 33.31708908
vn -0.2856421769 -0.9582710266 0.01118727867
v 7.521243095 -16.02784729 33.14506531
vn 0.7432368398 0.6383113265 -0.2003936023
v 11.39150047 9.984808922 33.47186661
vn 0.8058825135 -0.590215683 -0.04689139128
v 34.89840317 -17.48802376 33.26184464
vn -0.4071110785 0.9056326151 -0.1187017187
v 43.82898712 0.3092100024 33.48535919
vn -0.9921718836 -0.119979538 -0.0346390754
v 30.83405304 15.81271267 33.61756897
vn -0.2856901884 -0.9582546949 0.01136173122
v 7.574215889 -15.96064568 33.44467926
vn 0.7438623309 0.6376346946 -0.2002270073
v 11.4017086 9.985599518 33.77198029
vn 0.8060299158 -0.5900148749 -0.04688499123
v 34.85842133 -17.47434807 33.56228638
vn -0.4062469304 0.9060374498 -0.1185732186
v 43.82332993 0.3058180213 33.78551483
vn -0.9923222661 -0.1187595874 -0.03453443572
v 30.84140205 15.8185997 33.91729736
vn -0.2862052917 -0.9581019282 0.01127800252
v 7.627205849 -15.89344501 33.74422073
vn 0.744171083 0.6372784972 -0.2002135515
v 11.41191387 9.986301422 34.0714035
vn 0.8059849143 -0.5900629759 -0.04705323279
v 34.81858444 -17.46069908 33.86260605
vn -0.405295223 0.9064819217 -0.1184329018
v 43.81773376 0.3024029136 34.08559036
vn -0.9924669862 -0.117562525 -0.03447195515
v 30.84876823 15.82438755 34.21728134
vn -0.2861348391 -0.9581229091 0.01128687151
v 7.680213451 -15.82624817 34.04378891
vn 0.7450981736 0.6362521052 -0.2000299394
v 11.42213726 9.987005234 34.37163544
vn 0.8059462905 -0.5901231766 -0.04695981368
v 34.77869034 -17.44707108 34.1627655
vn -0.4043711722 0.9069007635 -0.1183848009
v 43.81211472 0.2990025878 34.38572693
vn -0.9926667809 -0.1158581525 -0.03449017555
v 30.85612679 15.83027649 34.51755905
vn -0.286609143 -0.9579799175 0.01138787903
v 7.733242512 -15.75904846 34.34339523
vn 0.7453425527 0.6359902024 -0.1999523193
v 11.43234062 9.987819672 34.67126083
vn 0.8061316013 -0.5898606777 -0.04707678407
v 34.73881149 -17.43344498 34.46308136
vn -0.4033476412 0.9073605537 -0.118353188
v 43.80649948 0.2955940366 34.68568802
vn -0.9927888513 -0.1148050353 -0.03449743986
v 30.86357307 15.83606148 34.81705856
vn -0.2867024541 -0.9579539299 0.01122449711
v 7.786288261 -15.69180393 34.64310837
vn 0.7459728718 0.6352918744 -0.1998216957
v 11.44253826 9.988544464 34.97114182
vn 0.8058882356 -0.5901927352 -0.04708129168
v 34.69894028 -17.41978836 34.76343918
vn -0.40263322 0.9076988101 -0.1181922033
v 43.80088806 0.292191714 34.98599243
vn -0.9929654002 -0.1133077964 -0.03436593711
v 30.87093735 15.84185123 35.11745071
vn -0.2870129645 -0.9578591585 0.01137663797
v 7.839345455 -15.62471008 34.94248962
vn 0.746658206 0.6345231533 -0.1997043937
v 11.45274353 9.989383698 35.27116394
vn 0.8060609102 -0.5899554491 -0.04709951207
v 34.65919495 -17.40612793 35.06357574
vn -0.4015104771 0.9082126617 -0.1180637926
v 43.79529953 0.2887708545 35.28591537
vn -0.9931210876 -0.1119355038 -0.0343657732
v 30.87829399 15.84774494 35.4172554
vn -0.2873256505 -0.9577659369 0.01133301295
v 7.892422199 -15.55754757 35.24206924
vn 0.7468598485 0.634313345 -0.1996171027
v 11.46295357 9.990128517 35.57061005
vn 0.8060061932 -0.5900179148 -0.04725397006
v 34.6193924 -17.39254189 35.36402893
vn -0.4007131159 0.9085825086 -0.1179273278
v 43.789711 0.2853642702 35.58629227
vn -0.9932695031 -0.1106411964 -0.03426739573
v 30.88566017 15.85353756 35.71735001
vn -0.2874614894 -0.95772475 0.01136488188
v 7.945524693 -15.49034882 35.54166031
vn 0.7477446198 0.6333163381 -0.1994703412
v 11.47315979 9.990882874 35.87081146
vn 0.8060059547 -0.5900253057 -0.04716477916
v 34.57960892 -17.37896156 35.66435623
vn -0.3995905817 0.909084022 -0.1178711504
v 43.78411484 0.2819460332 35.8861351
vn -0.9934526682 -0.1089447439 -0.03439238295
v 30.89311981 15.85943031 36.01751709
vn -0.2877004743 -0.9576522112 0.01142951194
v 7.998644829 -15.42315197 35.84125137
vn 0.7480388284 0.6329907179 -0.1994007975
v 11.48335552 9.991744995 36.17049408
vn 0.8061483502 -0.5898203254 -0.04729511589
v 34.53983307 -17.36538887 35.96482468
vn -0.3988140821 0.9094455838 -0.117711775
v 43.77851105 0.2785351872 36.18642426
vn -0.9935666919 -0.1079585925 -0.03420720622
v 30.90047073 15.86521626 36.31692505
vn -0.2881191969 -0.9575286508 0.01123375073
v 8.051782608 -15.35595512 36.1407547
vn 0.7486152053 0.632332921 -0.1993248165
v 11.49355984 9.992521286 36.47013092
vn 0.8059948087 -0.5900252461 -0.04735572636
v 34.50019455 -17.35184097 36.26515961
vn -0.3977537751 0.9099276066 -0.1175741479
v 43.77296448 0.2751003802 36.48649979
vn -0.993711412 -0.1066365317 -0.03415049613
v 30.90784264 15.87101364 36.61723709
vn -0.2880703807 -0.9575417638 0.01136549655
v 8.104942322 -15.28875446 36.44036865
vn 0.7494577765 0.6313943267 -0.1991338581
v 11.50376225 9.993304253 36.77037811
vn 0.8060410023 -0.5899692774 -0.04726678878
v 34.46051025 -17.33831596 36.56534576
vn -0.3967649341 0.9103613496 -0.1175574586
v 43.76739502 0.2716796696 36.78662491
vn -0.9938874841 -0.1049775928 -0.03416710719
v 30.91520691 15.87691021 36.91751099
vn -0.2885775864 -0.9573877454 0.01147475932
v 8.158123016 -15.22151852 36.74010468
vn 0.7496337295 0.6312194467 -0.1990259737
v 11.51395226 9.994197845 37.06993484
vn 0.8061025739 -0.5898731351 -0.04741672054
v 34.42083359 -17.32475281 36.86584091
vn -0.395860225 0.9107806683 -0.1173596084
v 43.76182556 0.268255353 37.08671188
vn -0.9940132499 -0.1037823483 -0.03415995836
v 30.92267227 15.88270855 37.21730804
vn -0.2886174917 -0.9573765397 0.01140452735
v 8.211313248 -15.1544199 37.0396347
vn 0.7504615188 0.630289197 -0.198854357
v 11.52415943 9.995001793 37.37003326
vn 0.8060331941 -0.5899708867 -0.04737983271
v 34.38114929 -17.31126976 37.16616058
vn -0.3949511647 0.9111912847 -0.1172349453
v 43.75624466 0.2648344934 37.38687515
vn -0.9941697121 -0.1023043245 -0.03406519815
v 30.93003464 15.8886013 37.51740265
vn -0.2890424728 -0.9572479129 0.01144179609
v 8.264527321 -15.08726883 37.33906174
vn 0.7508330345 0.6298474669 -0.1988516301
v 11.5343504 9.995915413 37.66970825
vn 0.8061287403 -0.5898324251 -0.04747748747
v 34.34161758 -17.29778099 37.4664917
vn -0.3939013779 0.9116591215 -0.1171297431
v 43.75071716 0.2613891661 37.68693924
vn -0.9942966104 -0.1010870337 -0.03399446234
v 30.93739891 15.89439869 37.81720734
vn -0.2892112136 -0.9571972489 0.01141639799
v 8.317762375 -15.02007294 37.63862228
vn 0.7514759302 0.6291139126 -0.1987452209
v 11.54454231 9.996741295 37.96949768
vn 0.8060814738 -0.5898928642 -0.04753003642
v 34.30203629 -17.2843132 37.7666893
vn -0.3929474354 0.9120773673 -0.117077522
v 43.74517059 0.2579581141 37.98707962
vn -0.9944515824 -0.0995368883 -0.03403649479
v 30.94477272 15.90030098 38.11728287
vn -0.289481312 -0.9571153522 0.01143383607
v 8.371016502 -14.95288181 37.93817139
vn 0.751926899 0.6286130548 -0.198624149
v 11.55474472 9.997572899 38.26929855
vn 0.8061367869 -0.5898132324 -0.04758036882
v 34.26244354 -17.27083397 38.067173
vn -0.3919587433 0.9125205874 -0.1169379875
v 43.73960495 0.2545287311 38.28722
vn -0.9945804477 -0.09827265143 -0.03394494578
v 30.95223045 15.9060936 38.41716766
vn -0.28968665 -0.957053721 0.01139168628
v 8.424292564 -14.88568878 38.23774719
vn 0.7525790334 0.6278756857 -0.1984864622
v 11.56492805 9.998516083 38.56921768
vn 0.8061166406 -0.5898413062 -0.04757323489
v 34.22298813 -17.25738335 38.36751938
vn -0.3909538686 0.9129705429 -0.1167899668
v 43.73409653 0.2510768175 38.5872879
vn -0.9947069883 -0.09700298309 -0.03388848528
v 30.95959663 15.91189575 38.7171936
vn -0.2898868918 -0.9569926262 0.01143363491
v 8.477585793 -14.81849957 38.53730774
vn 0.7532018423 0.6271631122 -0.1983770132
v 11.57511616 9.999372482 38.86920166
vn 0.8061358929 -0.5898143053 -0.04758083448
v 34.18348694 -17.24396133 38.66772842
vn -0.3898773193 0.9134326577 -0.116775088
v 43.72855759 0.2476323247 38.88727951
vn -0.9948592186 -0.09541992098 -0.03391488642
v 30.96697235 15.91779327 39.01734924
vn -0.2902327478 -0.9568870664 0.01149488706
v 8.530901909 -14.75126648 38.83703232
vn 0.7535160184 0.6268318892 -0.1982305497
v 11.58530712 10.00033665 39.16883469
vn 0.8061615825 -0.5897693634 -0.04770388454
v 34.14399719 -17.23049545 38.96826935
vn -0.3890776038 0.9138051271 -0.1165280193
v 43.72304535 0.2441934049 39.18768692
vn -0.9949828982 -0.09416394681 -0.03379591927
v 30.97434425 15.92359543 39.31726837
vn -0.2905668318 -0.9567856789 0.01149509847
v 8.584233284 -14.68417835 39.13659668
vn 0.7542256117 0.6260250211 -0.1980818659
v 11.59549332 10.00121689 39.468647
vn 0.8061187267 -0.5898240805 -0.04775124416
v 34.10450363 -17.21712112 39.26857758
vn -0.3879984915 0.9142706394 -0.1164749041
v 43.71750259 0.2407539785 39.48768234
vn -0.9951115847 -0.09279391915 -0.03379704803
v 30.98181534 15.92950153 39.61726761
vn -0.2906349599 -0.9567652345 0.01147065312
v 8.637581825 -14.617033 39.43597794
vn 0.7548722029 0.6252379417 -0.1981046647
v 11.6056776 10.00209904 39.76854706
vn 0.806183517 -0.5897336006 -0.04777439311
v 34.06516266 -17.20374107 39.56865311
vn -0.3869347572 0.9147223234 -0.1164668351
v 43.71202469 0.2372807413 39.78753662
vn -0.9952319264 -0.09149756283 -0.03378706798
v 30.98918152 15.93529415 39.91703796
vn -0.2908705473 -0.9566941857 0.01142827794
v 8.690952301 -14.54985142 39.73537827
vn 0.7553429008 0.624701798 -0.1980020255
v 11.61585236 10.00309467 40.06835175
vn 0.8061918616 -0.5897205472 -0.04779491201
v 34.02576065 -17.19027519 39.86886215
vn -0.3859786391 0.9151429534 -0.1163351908
v 43.70650864 0.2338382155 40.08786774
vn -0.9953691959 -0.09002299607 -0.03370430693
v 30.99655724 15.94110012 40.21714401
vn -0.291213572 -0.9565892816 0.01147350948
v 8.744343758 -14.48266506 40.0350914
vn 0.7558392286 0.624184072 -0.1977403164
v 11.62604427 10.00400543 40.36837006
vn 0.80614537 -0.5897838473 -0.04779807851
v 33.98636627 -17.17690277 40.16952896
vn -0.3849489987 0.9156039357 -0.1161191836
v 43.70100784 0.2303838581 40.38803101
vn -0.9955036044 -0.08853044361 -0.03368914872
v 31.00393677 15.94700432 40.51742935
vn -0.2915501595 -0.9564853907 0.01158303581
v 8.797759056 -14.41548443 40.33469391
vn 0.7562996745 0.6236379147 -0.1977030188
v 11.63621712 10.00502014 40.66798401
vn 0.8062384725 -0.5896465778 -0.04792165011
v 33.94699097 -17.16354752 40.47003174
vn -0.3839832842 0.9160249829 -0.1159958988
v 43.69549179 0.2269372195 40.68827438
vn -0.9956213236 -0.08724027872 -0.03357637674
v 31.01140213 15.95281124 40.81723785
vn -0.2917488813 -0.956425488 0.01152929664
v 8.851194382 -14.34830379 40.63420868
vn 0.756985724 0.6228396893 -0.1975938529
v 11.64639282 10.00595379 40.96782303
vn 0.8062444329 -0.5896354914 -0.04795726761
v 33.90775681 -17.15022278 40.77039337
vn -0.3828029931 0.916536212 -0.1158585995
v 43.69002151 0.2234565914 40.98809052
vn -0.9957355261 -0.08591398597 -0.03360959888
v 31.01877785 15.95871735 41.11712646
vn -0.2918435037 -0.9563969374 0.01149995811
v 8.904647827 -14.28112698 40.93376923
vn 0.7575922012 0.6221427321 -0.1974650621
v 11.65657997 10.0068903 41.26766968
vn 0.8063004613 -0.5895559192 -0.04799350351
v 33.86846924 -17.13692474 41.07062531
vn -0.3818142116 0.916954577 -0.1158112288
v 43.68453598 0.2199909091 41.28823471
vn -0.9958549142 -0.08453822881 -0.03355935216
v 31.02615166 15.96451569 41.41701126
vn -0.2922171056 -0.9562832117 0.01146926358
v 8.958128929 -14.21391106 41.23352432
vn 0.7580510378 0.6216458678 -0.1972690523
v 11.66674709 10.00794029 41.56751251
vn 0.80620116 -0.5896899104 -0.04801537097
v 33.82919312 -17.12359047 41.37118912
vn -0.3809348643 0.9173489213 -0.1155836433
v 43.6790657 0.2165280133 41.58861542
vn -0.9959679246 -0.08323625475 -0.03346130624
v 31.033535 15.97032738 41.71721649
vn -0.2925160527 -0.9561906457 0.01156660262
v 9.011621475 -14.14683723 41.53306198
vn 0.758728385 0.6208588481 -0.1971435249
v 11.67691708 10.00890255 41.86745834
vn 0.8061876893 -0.5897064209 -0.04803952202
v 33.78991699 -17.1103363 41.67151642
vn -0.3798299432 0.9178187251 -0.1154903024
v 43.67356873 0.2130657732 41.88862228
vn -0.9960973859 -0.08167236298 -0.0334604159
v 31.0410099 15.97623634 42.01738358
vn -0.2927274108 -0.956125319 0.01162074227
v 9.065132141 -14.07971001 41.83242035
vn 0.7591673136 0.6203270555 -0.1971278489
v 11.68709373 10.00997448 42.16714859
vn 0.80634588 -0.5894822478 -0.04813466594
v 33.75079727 -17.09708023 41.97189713
vn -0.3787305057 0.9182903767 -0.1153517663
v 43.66811752 0.2095769346 42.188694
vn -0.996199429 -0.08045188338 -0.03337958083
v 31.04838371 15.98204327 42.31710434
vn -0.2929500043 -0.9560579658 0.01155404095
v 9.118670464 -14.01254177 42.13201904
vn 0.7598289251 0.619561255 -0.1969869882
v 11.69726086 10.01096249 42.46699524
vn 0.8062936664 -0.589550972 -0.04816889018
v 33.71161652 -17.08385086 42.27214813
vn -0.3776716888 0.9187340736 -0.1152902544
v 43.66265869 0.2060982883 42.4887085
vn -0.9963139892 -0.07900851965 -0.03340858966
v 31.05576706 15.98795414 42.61710358
vn -0.293194741 -0.9559829235 0.01155460812
v 9.172229767 -13.94537449 42.43157196
vn 0.7603293657 0.6189820766 -0.1968766898
v 11.70742893 10.01195812 42.76680756
vn 0.8063158393 -0.5895162821 -0.04822110757
v 33.67245483 -17.0706234 42.57254791
vn -0.3765971363 0.919187367 -0.11519216
v 43.6572113 0.2026225775 42.78866196
vn -0.9964193702 -0.07765033096 -0.0334501639
v 31.06314659 15.9937582 42.91706467
vn -0.2934415042 -0.9559070468 0.01156849135
v 9.225809097 -13.87821293 42.73112106
vn 0.7608969212 0.6183206439 -0.196762532
v 11.71759415 10.01305962 43.06657791
vn 0.8063278198 -0.5894969702 -0.04825756326
v 33.63329315 -17.05740929 42.87289047
vn -0.3756396174 0.919596076 -0.1150562614
v 43.65163803 0.1991506666 43.08889389
vn -0.996527493 -0.07629875839 -0.03333771229
v 31.07062721 15.99958038 43.21702576
vn -0.2936835289 -0.9558329582 0.01154985745
v 9.279408455 -13.81105518 43.03065109
vn 0.7615041137 0.6176289916 -0.1965857595
v 11.72775745 10.01408005 43.3666687
vn 0.8063343763 -0.5894908309 -0.04822220281
v 33.59427643 -17.04422379 43.17345047
vn -0.3744816184 0.9200923443 -0.1148636043
v 43.6462059 0.1956439316 43.3890686
vn -0.9966439009 -0.0748019889 -0.03325119615
v 31.07800293 16.00548553 43.51726913
vn -0.294095546 -0.9557050467 0.0116471285
v 9.333036423 -13.74385548 43.33040619
vn 0.7619441748 0.6171232462 -0.1964686811
v 11.73791027 10.01521015 43.66627121
vn 0.8063951731 -0.5893961787 -0.04836297035
v 33.55522537 -17.03102112 43.47389221
vn -0.3735072315 0.9205081463 -0.1147044078
v 43.64076614 0.1921559125 43.68929291
vn -0.9967349768 -0.07361517847 -0.03316826746
v 31.08538437 16.01130104 43.81707001
vn -0.2942920029 -0.9556450248 0.01161055919
v 9.386674881 -13.67680073 43.6299324
vn 0.7626593113 0.6162877083 -0.1963167191
v 11.7480793 10.01625538 43.96609116
vn 0.8063258529 -0.589487195 -0.0484090969
v 33.51616287 -17.01791191 43.77411652
vn -0.3724498749 0.9209469557 -0.1146203801
v 43.63533401 0.188664943 43.98944855
vn -0.9968415499 -0.07215945423 -0.03316542134
v 31.09277725 16.01721764 44.11714935
vn -0.2945275903 -0.9555721283 0.01163477264
v 9.440333366 -13.60969353 43.92934036
vn 0.7631076574 0.6157492399 -0.1962640733
v 11.75823689 10.01730347 44.26589584
vn 0.8063491583 -0.5894528627 -0.04843892157
v 33.47711563 -17.00476265 44.07464981
vn -0.3713601828 0.9213995337 -0.1145187169
v 43.62988281 0.1851810366 44.28970718
vn -0.996945858 -0.07075929642 -0.03304598108
v 31.10025787 16.02302742 44.41733932
vn -0.2947289944 -0.9555091858 0.0117052719
v 9.494018555 -13.54254627 44.22887802
vn 0.7638870478 0.6148095727 -0.1961779743
v 11.76838779 10.01846981 44.56596375
vn 0.8064362407 -0.5893353224 -0.04841995984
v 33.43822861 -16.99165916 44.37477493
vn -0.3701505959 0.9218907952 -0.1144812182
v 43.62448883 0.1816577315 44.58945084
vn -0.997040391 -0.06938393414 -0.03311079368
v 31.10763741 16.02894402 44.71705246
vn -0.2949630916 -0.9554377794 0.01163725462
v 9.547721863 -13.47540569 44.52825165
vn 0.7642495036 0.6143789887 -0.1961152703
v 11.77853584 10.01954556 44.8655777
vn 0.8064979911 -0.5892409682 -0.04853980243
v 33.39927673 -16.97847557 44.67504501
vn -0.3690961003 0.9223318696 -0.1143328473
v 43.61906433 0.1781624854 44.88965607
vn -0.9971398711 -0.06797619164 -0.03303474188
v 31.11502457 16.03474998 45.01691818
vn -0.2953181863 -0.9553286433 0.01158963889
v 9.601449013 -13.40826321 44.82798767
vn 0.7647690773 0.6138217449 -0.1958345026
v 11.78868866 10.02073288 45.16539383
vn 0.8063984513 -0.5893750191 -0.04856562614
v 33.36032867 -16.96538544 44.97574615
vn -0.3681392968 0.9227435589 -0.1140954718
v 43.61365891 0.1746615022 45.19006348
vn -0.9972375035 -0.06657665223 -0.03293882683
v 31.12241173 16.04056931 45.31713104
vn -0.2956694365 -0.9552186728 0.01169813704
v 9.655198097 -13.34112835 45.12752914
vn 0.7653620243 0.6131002307 -0.1957781613
v 11.79883194 10.02183723 45.46515656
vn 0.8065001965 -0.5892294645 -0.04864205047
v 33.32139969 -16.95231819 45.27628708
vn -0.3668460846 0.9232676625 -0.1140207648
v 43.60821915 0.1711616665 45.49008179
vn -0.9973288774 -0.06520098448 -0.03292412311
v 31.12989998 16.04649162 45.61713028
vn -0.2957406342 -0.9551968575 0.01168024819
v 9.708987236 -13.27395439 45.42723846
vn 0.7659597397 0.6124135256 -0.1955897957
v 11.80898094 10.02294922 45.76504517
vn 0.80647856 -0.5892577171 -0.04865931347
v 33.28261948 -16.9392395 45.57689667
vn -0.3658051491 0.9237165451 -0.1137290746
v 43.60284424 0.1676344275 45.7901535
vn -0.9974149466 -0.06391377747 -0.03283961862
v 31.13728905 16.05230141 45.91720581
vn -0.2959809899 -0.955121696 0.01173947193
v 9.762769699 -13.20692635 45.72683334
vn 0.7667307854 0.6115034819 -0.1954158843
v 11.81912899 10.02417278 46.06504059
vn 0.8065111637 -0.589212954 -0.04866078496
v 33.24377823 -16.92627907 45.87700272
vn -0.3647426367 0.9241409302 -0.1136941612
v 43.59744263 0.1641166955 46.09015274
vn -0.9975051284 -0.06247896701 -0.03286213055
v 31.14468193 16.05822182 46.2170105
vn -0.2963384986 -0.9550115466 0.01168092713
v 9.816576004 -13.13984585 46.02620316
vn 0.7670739889 0.6110726595 -0.1954167485
v 11.82926846 10.02530956 46.36470032
vn 0.8065280318 -0.5891811848 -0.04876495153
v 33.20495987 -16.91328239 46.17743301
vn -0.3636654913 0.9245792627 -0.1135808676
v 43.59206009 0.1605991274 46.39044189
vn -0.997592926 -0.06110629439 -0.03277803957
v 31.15206909 16.06403542 46.51699066
vn -0.2966833413 -0.9549043775 0.01168910228
v 9.870411873 -13.07272816 46.32574081
vn 0.7676323652 0.6104134917 -0.1952840686
v 11.83939457 10.02655602 46.66442108
vn 0.8065090775 -0.5892022848 -0.04882449284
v 33.16614914 -16.90029716 46.47797012
vn -0.362544477 0.9250378609 -0.1134302318
v 43.58665466 0.1570881307 46.69067764
vn -0.9976819158 -0.0596832633 -0.03269084916
v 31.15955734 16.06986046 46.81709671
vn -0.2968696952 -0.9548458457 0.01174025331
v 9.924280167 -13.00561333 46.62522888
vn 0.7682817578 0.6096343398 -0.1951642632
v 11.84953976 10.02772236 46.96429825
vn 0.8066078424 -0.5890637636 -0.04886375368
v 33.12748337 -16.88734436 46.77841568
vn -0.3612369895 0.9255692959 -0.1132667288
v 43.58128357 0.1535447836 46.99052811
vn -0.9977538586 -0.058463756 -0.03269843012
v 31.16695213 16.07578087 47.11699295
vn -0.29699862 -0.9548060894 0.01171017438
v 9.978165627 -12.93850231 46.92486191
vn 0.7688900232 0.6089171767 -0.1950076967
v 11.85967541 10.02889347 47.26414871
vn 0.8065505028 -0.5891402364 -0.04888852313
v 33.08876801 -16.87442398 47.07873535
vn -0.3602637649 0.9259617329 -0.1131588072
v 43.57591629 0.1500152349 47.29077148
vn -0.9978451729 -0.05693218485 -0.03261562064
v 31.17434692 16.08159637 47.41717529
vn -0.2973584533 -0.954693079 0.01179328468
v 10.03207016 -12.87139797 47.22441483
vn 0.7694689035 0.6082292199 -0.1948714256
v 11.86980343 10.03018093 47.56413269
vn 0.8066666126 -0.5889809728 -0.04889117181
v 33.0500679 -16.86151123 47.37916946
vn -0.3590448201 0.9264451861 -0.1130759418
v 43.57054901 0.1464848667 47.59092712
vn -0.9979296923 -0.05542399734 -0.03262674063
v 31.18174171 16.08752251 47.71707153
vn -0.2977439761 -0.9545730948 0.01177688967
v 10.08600235 -12.80425644 47.52410507
vn 0.7698206306 0.6078277826 -0.1947347522
v 11.87993526 10.03137875 47.86369324
vn 0.806658268 -0.588981092 -0.04902812466
v 33.01138306 -16.84856796 47.67991257
vn -0.3579508364 0.9269009233 -0.1128087491
v 43.56515884 0.1429559737 47.89105988
vn -0.9979950786 -0.05429235101 -0.03252912685
v 31.18922806 16.09333992 48.01694489
vn -0.2978754044 -0.9545327425 0.01172403339
v 10.13994694 -12.73726177 47.82364655
vn 0.7706599832 0.6068246365 -0.1945431381
v 11.8900547 10.032691 48.16359329
vn 0.8066197038 -0.5890337825 -0.04902848229
v 32.97282028 -16.83574677 47.98016739
vn -0.3568322957 0.9273503423 -0.1126592532
v 43.55982208 0.1394004822 48.19114304
vn -0.9980721474 -0.05290756375 -0.03244736046
v 31.19662285 16.09916115 48.31697083
vn -0.2981560826 -0.954444468 0.01177708711
v 10.19390869 -12.6702137 48.1230545
vn 0.7711677551 0.6061913371 -0.1945054531
v 11.90017605 10.03391838 48.46340561
vn 0.8066629767 -0.5889692903 -0.04909222573
v 32.93422318 -16.82291222 48.28050613
vn -0.3556477427 0.9278113842 -0.1126087904
v 43.55447006 0.1358592659 48.4913063
vn -0.9981473088 -0.051458776 -0.03246406466
v 31.20403099 16.10509109 48.61706161
vn -0.2984757125 -0.9543441534 0.01181101613
v 10.24790382 -12.60312939 48.42261887
vn 0.7716474533 0.605619967 -0.1943828762
v 11.91029453 10.03515434 48.76314163
vn 0.8066558242 -0.588974297 -0.04914971814
v 32.89562225 -16.81007767 48.58108902
vn -0.3545372784 0.9282536507 -0.1124652922
v 43.54909515 0.1323234737 48.79154587
vn -0.998221159 -0.05007752776 -0.03235376999
v 31.21152496 16.11091232 48.91721725
vn -0.2986522913 -0.9542882442 0.01186366472
v 10.30191708 -12.53605366 48.72211075
vn 0.7724392414 0.6046392918 -0.1942907721
v 11.92041779 10.03650475 49.06319809
vn 0.8067580462 -0.5888358355 -0.049130328
v 32.85717392 -16.7972908 48.88124466
vn -0.3532293439 0.9287592173 -0.112406984
v 43.54378128 0.1287469715 49.09130096
vn -0.9982881546 -0.04869119078 -0.03240195662
v 31.21891212 16.11683464 49.21694565
vn -0.2988905311 -0.9542144537 0.01180013083
v 10.35595131 -12.4689827 49.02151871
vn 0.7728354931 0.6041654944 -0.1941889077
v 11.93052959 10.03776932 49.36285019
vn 0.8068215847 -0.5887400508 -0.04923529178
v 32.81867218 -16.78442764 49.18158722
vn -0.3521045148 0.9292064905 -0.1122395694
v 43.53843307 0.1251996905 49.39153671
vn -0.9983587265 -0.04727355763 -0.03232781217
v 31.22631454 16.12265587 49.51683044
vn -0.299285084 -0.9540911913 0.01176792569
v 10.41001129 -12.40191555 49.32126999
vn 0.7733558416 0.6035880446 -0.1939129084
v 11.94063473 10.03914452 49.6626358
vn 0.806763351 -0.5888166428 -0.04927349836
v 32.78016281 -16.77166557 49.48234177
vn -0.3510022163 0.9296466708 -0.1120468602
v 43.53310776 0.1216464937 49.69192123
vn -0.9984297156 -0.04580908269 -0.03224287927
v 31.23371696 16.12848854 49.81703186
vn -0.29962641 -0.9539827704 0.01186786126
v 10.46410179 -12.33481216 49.62095642
vn 0.7739166617 0.6029012203 -0.1938120872
v 11.95074749 10.04043961 49.96237183
vn 0.8068025708 -0.5887557268 -0.04935917258
v 32.74168777 -16.75887871 49.7830925
vn -0.349747926 0.9301475883 -0.1118115112
v 43.52774429 0.1180937961 49.99193192
vn -0.9984840155 -0.0446481593 -0.0321899876
v 31.24122047 16.13441658 50.11700821
vn -0.2996900976 -0.9539631009 0.0118443938
v 10.51820374 -12.26785946 49.92049026
vn 0.7746839523 0.6019729376 -0.1936319321
v 11.96085453 10.04173851 50.26228333
vn 0.8067795634 -0.5887870193 -0.04936220869
v 32.70334244 -16.74621773 50.08340836
vn -0.3486323655 0.9305885434 -0.1116262823
v 43.52244949 0.1145120338 50.29204178
vn -0.9985527396 -0.04313676432 -0.03211850673
v 31.24862289 16.14023972 50.41711044
vn -0.2999727726 -0.9538733363 0.011915626
v 10.57232285 -12.20085335 50.21992111
vn 0.7752588987 0.60125494 -0.1935617775
v 11.97095394 10.04315853 50.56225586
vn 0.8068959117 -0.5886266828 -0.0493725054
v 32.66496277 -16.73355293 50.38376236
vn -0.347361654 0.9310688376 -0.1115825847
v 43.51713181 0.1109404564 50.59204102
vn -0.9986099601 -0.0417784974 -0.03213521838
v 31.25601959 16.14617157 50.71691132
vn -0.3003335893 -0.9537605643 0.01185303926
v 10.62647343 -12.13381481 50.5194397
vn 0.7756960988 0.6007190943 -0.19347395
v 11.98106003 10.04448795 50.86187363
vn 0.8068976998 -0.5886140466 -0.04949401692
v 32.62659454 -16.72089767 50.68423462
vn -0.3462297916 0.9315088987 -0.111427322
v 43.51182556 0.1073676422 50.89230347
vn -0.9986687303 -0.04040394351 -0.03206770867
v 31.26342773 16.1519928 51.01688004
vn -0.3006440103 -0.9536626935 0.01185848471
v 10.68065071 -12.066782 50.81902695
vn 0.7762931585 0.6000015736 -0.1933056116
v 11.99114704 10.04593182 51.1616478
vn 0.8068733215 -0.5886446834 -0.0495268628
v 32.58822632 -16.70825577 50.98483276
vn -0.3450556695 0.931964159 -0.1112625301
v 43.5064888 0.1038033664 51.1925621
vn -0.9987283945 -0.0389829278 -0.03196812794
v 31.27092743 16.15782547 51.31698608
vn -0.3008922338 -0.953583777 0.01190856844
v 10.73484612 -11.99975681 51.11852646
vn 0.7769196033 0.599226892 -0.1931917071
v 12.00123692 10.04729366 51.46147919
vn 0.8069656491 -0.5885132551 -0.0495836921
v 32.55001831 -16.69565392 51.28532028
vn -0.3436712921 0.9324972034 -0.1110808477
v 43.501194 0.1002030522 51.49241257
vn -0.9987753034 -0.03776436672 -0.0319641456
v 31.27833557 16.16375732 51.61688232
vn -0.3010141551 -0.95354563 0.01188146323
v 10.78906536 -11.93273735 51.41809845
vn 0.7775318027 0.5984797478 -0.1930447221
v 12.01133823 10.04866219 51.76129913
vn 0.8069697022 -0.5885051489 -0.04961465299
v 32.5117569 -16.68309021 51.58570099
vn -0.3425272107 0.9329289794 -0.1109893546
v 43.49590683 0.09661907703 51.79265976
vn -0.998836875 -0.03616718575 -0.0318881534
v 31.28573799 16.16958237 51.91706848
vn -0.3013631701 -0.9534342289 0.01197373029
v 10.84331894 -11.86568546 51.71784973
vn 0.77810359 0.5978084207 -0.1928207725
v 12.02141953 10.05014896 52.06130981
vn 0.8070172668 -0.5884405375 -0.04960716143
v 32.47351837 -16.67049599 51.88636017
vn -0.3413511217 0.9333867431 -0.1107636765
v 43.49061203 0.09303181618 52.09282303
vn -0.9988799095 -0.03497593477 -0.03186844662
v 31.29315376 16.17551994 52.21697617
vn -0.3017775416 -0.9533033371 0.01195918862
v 10.89758205 -11.79878139 52.0173912
vn 0.7786141038 0.5971757174 -0.1927205026
v 12.03149891 10.05154896 52.3608551
vn 0.8069363236 -0.5885403752 -0.04973883927
v 32.43526459 -16.65799713 52.18680191
vn -0.3402308226 0.9338141084 -0.1106084734
v 43.48529816 0.08945161849 52.39308167
vn -0.998937428 -0.03339264914 -0.03176356107
v 31.30066109 16.18135262 52.51714706
vn -0.3019002974 -0.9532638192 0.01201417297
v 10.95185661 -11.73182774 52.31671906
vn 0.7793150544 0.5962944031 -0.192616418
v 12.04158592 10.05306339 52.6608963
vn 0.807135582 -0.5882686973 -0.04971982539
v 32.39717484 -16.64550209 52.4873085
vn -0.3387497962 0.9343707561 -0.1104527563
v 43.48003006 0.08583661169 52.69293594
vn -0.9989811778 -0.0320504792 -0.03177099302
v 31.30806351 16.18728638 52.8168602
vn -0.3022430241 -0.9531559944 0.01194782835
v 11.00617027 -11.66484165 52.61632919
vn 0.7797622085 0.5957404375 -0.1925207078
v 12.05165768 10.05449486 52.96035385
vn 0.8071562648 -0.5882251263 -0.04989912733
v 32.35904312 -16.63304329 52.78770447
vn -0.3376161456 0.9347946644 -0.11033687
v 43.47475815 0.08223292977 52.99305344
vn -0.9990171194 -0.03097997792 -0.03170276806
v 31.31546593 16.19311333 53.11655426
vn -0.3024149835 -0.9531028271 0.01183985174
v 11.06050682 -11.59786224 52.91589355
vn 0.780474782 0.5948680639 -0.1923307329
v 12.06172752 10.055933 53.26034927
vn 0.8069872856 -0.5884622931 -0.04983586445
v 32.32091904 -16.62059975 53.08820724
vn -0.3364744782 0.9352248311 -0.110179387
v 43.46948242 0.07863418013 53.29345703
vn -0.9990718961 -0.02924421988 -0.0316244252
v 31.32288933 16.19894981 53.41713333
vn -0.3028307259 -0.9529679418 0.01206990238
v 11.11486435 -11.53089333 53.21544266
vn 0.7809982896 0.5942209959 -0.1922057569
v 12.0717926 10.05749226 53.56024933
vn 0.8071783781 -0.5881960988 -0.04988433793
v 32.2828064 -16.60816765 53.38883972
vn -0.335108906 0.935731113 -0.110042423
v 43.46419144 0.07503353804 53.59348679
vn -0.9991052747 -0.02814143337 -0.03157117963
v 31.33039665 16.2048893 53.7169342
vn -0.3030498326 -0.952899158 0.01199967507
v 11.16924477 -11.46393204 53.5149231
vn 0.7816218734 0.5934131145 -0.1921669543
v 12.0818634 10.05896091 53.85992432
vn 0.8071745038 -0.5881943107 -0.04996725172
v 32.24485397 -16.59579086 53.6890564
vn -0.3337724209 0.9362162948 -0.109977439
v 43.45896149 0.07139800489 53.89344788
vn -0.9991500974 -0.02650992386 -0.03156384081
v 31.33780479 16.21071815 54.01702118
vn -0.303178221 -0.9528574944 0.01206691004
v 11.22365475 -11.39693546 53.81453323
vn 0.7822194695 0.5927098989 -0.1919053197
v 12.09192085 10.06055164 54.15993118
vn 0.8073055744 -0.5880154967 -0.0499548614
v 32.20684433 -16.58330154 53.98963547
vn -0.3325174451 0.9366927743 -0.1097212657
v 43.45368576 0.06779006124 54.19356537
vn -0.9991872907 -0.02509294078 -0.03154575825
v 31.34522438 16.21665764 54.31681824
vn -0.3037383854 -0.9526798129 0.01200776827
v 11.27807617 -11.33008957 54.11426926
vn 0.7826393247 0.5922266245 -0.1916854531
v 12.10197353 10.06205273 54.45933914
vn 0.8072537184 -0.5880693793 -0.0501582697
v 32.16881943 -16.57099915 54.29029465
vn -0.3314486146 0.9370998144 -0.1094794273
v 43.44843292 0.06417152286 54.49386597
vn -0.9992175102 -0.02400697768 -0.03143209592
v 31.35263634 16.22249222 54.61660004
vn -0.3038888872 -0.9526327252 0.01193601731
v 11.33251381 -11.26319885 54.41364288
vn 0.7833608985 0.591286242 -0.1916410029
v 12.1120348 10.06356621 54.7592659
vn 0.8071633577 -0.5881973505 -0.05011112988
v 32.13083649 -16.5586853 54.59093094
vn -0.3300857544 0.9375952482 -0.1093554199
v 43.44316101 0.06055774912 54.79410172
vn -0.9992581606 -0.0223630704 -0.03135387599
v 31.36015511 16.2283287 54.91709137
vn -0.3040852845 -0.9525677562 0.01211642381
v 11.38698864 -11.1962738 54.7131691
vn 0.784019649 0.5904643536 -0.1914811879
v 12.12208176 10.06519794 55.05934143
vn 0.8073977828 -0.5878760219 -0.05010601878
v 32.0929985 -16.54641342 54.89146042
vn -0.3286322653 0.938128233 -0.109161526
v 43.43792725 0.05691039562 55.09395981
vn -0.9992851615 -0.02113202587 -0.03134588152
v 31.36756325 16.23426819 55.21680832
vn -0.3044792116 -0.9524427056 0.01205332763
v 11.44148445 -11.12936115 55.01278305
vn 0.7844490409 0.5899229646 -0.1913911551
v 12.13212013 10.06674385 55.35873795
vn 0.8073467612 -0.5879299641 -0.05029438064
v 32.05510712 -16.53418541 55.19189453
vn -0.3275106251 0.9385358691 -0.1090285778
v 43.43268585 0.05327766016 55.394207
vn -0.9993147254 -0.019830117 -0.03125400841
v 31.37498856 16.24010658 55.51678848
vn -0.3046126068 -0.9524000883 0.01205264125
v 11.49600506 -11.06245708 55.31230927
vn 0.7852217555 0.588960588 -0.1911863983
v 12.14217472 10.06830692 55.65890503
vn 0.807333231 -0.5879567266 -0.05019897223
v 32.0172348 -16.52197075 55.49244308
vn -0.3261632323 0.9390233755 -0.1088696122
v 43.42745972 0.04964319617 55.69438934
vn -0.9993476868 -0.0181022007 -0.03124941327
v 31.38241005 16.24604607 55.81707382
vn -0.3050908446 -0.9522454143 0.01217548084
v 11.55054951 -10.99556351 55.61190033
vn 0.7856277823 0.5884511471 -0.1910868585
v 12.15220737 10.06998158 55.95848465
vn 0.8075625896 -0.5876281261 -0.05035725608
v 31.97937965 -16.50977707 55.79309464
vn -0.3248025477 0.9395110607 -0.1087301672
v 43.42219925 0.04601012915 55.99450302
vn -0.999368906 -0.01705032401 -0.03116265871
v 31.38991928 16.25188637 56.11657715
vn -0.3052519858 -0.9521960616 0.01199543383
v 11.60512543 -10.9286375 55.91156769
vn 0.7862812281 0.5876452923 -0.1908791959
v 12.16223335 10.0715723 56.25831604
vn 0.8073825836 -0.5878762603 -0.05034713075
v 31.941679 -16.4975872 56.09380722
vn -0.3235170841 0.9399920106 -0.1084053293
v 43.41699219 0.04234882444 56.29460144
vn -0.999394834 -0.01561707258 -0.03108215518
v 31.39734077 16.25772476 56.41695786
vn -0.3054686785 -0.9521244764 0.01216028444
v 11.65970993 -10.86186504 56.21116638
vn 0.7870303392 0.5867099762 -0.1906687766
v 12.17226791 10.07328033 56.5582962
vn 0.8075140119 -0.5876938701 -0.05036887527
v 31.90390205 -16.48552132 56.39410019
vn -0.3222320378 0.9404434562 -0.1083170846
v 43.41176987 0.03869589046 56.59462357
vn -0.9994152784 -0.01424798835 -0.03108292818
v 31.40476036 16.26366806 56.71676254
vn -0.3059228063 -0.9519792199 0.01211597584
v 11.71431065 -10.79504395 56.51058578
vn 0.7874016762 0.5862175226 -0.1906505674
v 12.18229008 10.07490444 56.85774994
vn 0.8075125217 -0.5876815915 -0.05053541437
v 31.86615372 -16.47343636 56.69466019
vn -0.320995748 0.9408820868 -0.108178623
v 43.40655899 0.03504747525 56.89502335
vn -0.9994372129 -0.01286073588 -0.03098096326
v 31.41218567 16.26950836 57.01686096
vn -0.3061120808 -0.9519178271 0.01215745509
v 11.76894474 -10.72819328 56.81014252
vn 0.7881374955 0.5852908492 -0.1904572546
v 12.19230938 10.07654381 57.15782547
vn 0.8075252175 -0.587669611 -0.05047191679
v 31.82842064 -16.46136475 56.99531937
vn -0.3195440173 0.9413949847 -0.1080144495
v 43.4013176 0.03139831871 57.19503784
vn -0.9994572401 -0.0112226801 -0.03097165003
v 31.41970825 16.27545166 57.31702042
vn -0.3064054251 -0.9518226385 0.0122217387
v 11.82360172 -10.66135597 57.1096344
vn 0.7886430621 0.5846430659 -0.1903540343
v 12.20232773 10.07829475 57.45748901
vn 0.8077661395 -0.5873278379 -0.05059571937
v 31.79083633 -16.44934464 57.29589844
vn -0.3181435764 0.9418964982 -0.1077758968
v 43.39612579 0.02771673538 57.49502563
vn -0.9994696975 -0.01031428576 -0.03088515252
v 31.42712402 16.28129196 57.61644745
vn -0.3066207469 -0.9517555833 0.01204338111
v 11.8782835 -10.59452915 57.40927124
vn 0.7893129587 0.5838013887 -0.190160349
v 12.21233463 10.07996559 57.75731277
vn 0.8075467348 -0.5876294374 -0.05059562251
v 31.75320244 -16.43736839 57.59636688
vn -0.3169172704 0.9423243999 -0.1076483354
v 43.39092636 0.02405042201 57.79527283
vn -0.9994862676 -0.008631270379 -0.03086681291
v 31.43455315 16.28713417 57.91691971
vn -0.3069519699 -0.9516464472 0.01222751383
v 11.93298817 -10.52771473 57.70883942
vn 0.7898905873 0.5830674171 -0.1900138706
v 12.22233677 10.08175182 58.05726624
vn 0.8077033162 -0.5874112844 -0.05062928423
v 31.71556664 -16.42539787 57.89704132
vn -0.3154981136 0.9428176284 -0.1074984446
v 43.38570786 0.02039436996 58.09526825
vn -0.9994971156 -0.007328919135 -0.03085134923
v 31.44198227 16.29307938 58.21683121
vn -0.30736655 -0.9515126348 0.01222909987
v 11.98771381 -10.46091175 58.00833511
vn 0.790394485 0.5824047327 -0.1899506599
v 12.23234272 10.08345699 58.35662842
vn 0.8078301549 -0.5872208476 -0.05081449449
v 31.67807198 -16.41348076 58.19746017
vn -0.3139998019 0.9433323145 -0.1073698178
v 43.38042068 0.01670416817 58.39521027
vn -0.9995066524 -0.006076023448 -0.03081357665
v 31.44950867 16.29893494 58.51665878
vn -0.3072987199 -0.9515352845 0.01217044517
v 12.04247761 -10.39408016 58.30813599
vn 0.7911979556 0.5814071298 -0.1896617562
v 12.24234009 10.08517456 58.65686798
vn 0.807685554 -0.5874301195 -0.05069432035
v 31.64055443 -16.40156937 58.49798965
vn -0.3128990233 0.943721652 -0.1071616858
v 43.37523651 0.01301150396 58.69543457
vn -0.9995168447 -0.004452582449 -0.03076187521
v 31.45693016 16.30487633 58.81689835
vn -0.3079361916 -0.9513279796 0.01226169523
v 12.09724236 -10.32739735 58.60752869
vn 0.79166013 0.5808112621 -0.1895585507
v 12.25232792 10.08700657 58.9564743
vn 0.8079437613 -0.5870626569 -0.05083598197
v 31.60301018 -16.38965034 58.79841995
vn -0.3114592731 0.9442178607 -0.1069846675
v 43.37003326 0.009336078539 58.99568176
vn -0.9995243549 -0.003282483434 -0.03066476434
v 31.46435356 16.31071854 59.11641312
vn -0.3081710339 -0.951253891 0.01210843585
v 12.15202141 -10.26067638 58.90711975
vn 0.7921777964 0.5801749825 -0.1893445998
v 12.26230812 10.08875751 59.25624466
vn 0.8077142835 -0.5873764157 -0.05085841194
v 31.56549072 -16.37781334 59.09940338
vn -0.3102370799 0.9446525574 -0.1066979989
v 43.36484528 0.005662705749 59.29623413
vn -0.9995344281 -0.001758473692 -0.03046074323
v 31.4717865 16.31656837 59.41698456
vn -0.3085194528 -0.9511380792 0.01233249716
v 12.20683861 -10.1939249 59.20661163
vn 0.7947281003 0.580377996 -0.1776756048
v 12.272295 10.09062672 59.55615616
vn 0.8303319216 -0.5547479391 -0.0529493466
v 31.52812386 -16.36602783 59.39999771
vn -0.2725582719 0.9561697245 -0.1070116609
v 43.35966873 0.001951571205 59.5959549
vn -0.883506 0.05377276987 -0.4653231204
v 31.4793129 16.3225193 59.71678543
vn -0.2554104626 -0.9376794696 -0.2356325239
v 11.88677788 9.536603928 59.95413971
vn 0.2083578408 -0.1733419448 0.9625692368
v 12.26737213 -10.11850548 59.62086487
vn 0.3196922243 0.2515067756 0.9135322571
v 30.84177208 -16.54868317 59.8451004
vn -0.1614714712 0.2794180214 0.9464948773
v 43.34942627 0.0004939772771 59.94153595
vn -0.1590219736 -0.002736583818 0.9872712493
v 30.83491898 16.53996468 60.00641251
vn -0.1052290946 -0.174331367 0.9790481925
v 45.96199799 1.075600505 -0.07362370193
vn 0.05492860451 0.003825287567 -0.9984829426
v 30.68548012 16.55388641 0.01450047642
vn 0.004293862265 0.006155170966 -0.9999718666
v 9.156583786 10.93632793 -0.03881219402
vn -0.01003957726 0.009116034955 -0.99990803
v 3.454942465 -10.31153297 0.008663533255
vn -0.02308247797 -0.01112968661 -0.999671638
v 18.74713707 -25.83278465 -0.2000163645
vn -0.01971457712 -0.1082313731 -0.9939302206
v 40.27429581 -20.17570877 -0.1979332417
vn 0.0765498206 -0.0854864791 -0.9933942556
v 11.13368607 -10.93710327 59.81043243
vn 0.08263856173 0.06557248533 0.994419992
v 10.94338894 10.64615154 59.97706985
vn 0.03638999909 -0.008314403705 0.9993031025
v 31.59780884 17.78053284 60.00320435
vn -0.001500980812 -0.004916029517 0.9999867678
v 44.76486588 0.0002470499021 59.97076797
vn -0.02131667733 0.004433914088 0.9997629523
v 31.60123444 -17.78489113 59.9225502
vn -0.01077934634 0.06118309125 0.9980683327
# mm_gid 0
g mmGroup0
f 2//2 8//8 11//11 
f 2//2 11//11 1//1 
f 2//2 5//5 9//9 
f 2//2 9//9 8//8 
f 5//5 4//4 7//7 
f 5//5 7//7 9//9 
f 7//7 4//4 10//10 
f 10//10 4//4 3//3 
f 13//13 10//10 6//6 
f 10//10 3//3 6//6 
f 11//11 6//6 1//1 
f 11//11 13//13 6//6 
f 8//8 14//14 18//18 
f 11//11 8//8 18//18 
f 8//8 9//9 12//12 
f 8//8 12//12 14//14 
f 9//9 7//7 15//15 
f 9//9 15//15 12//12 
f 7//7 16//16 15//15 
f 7//7 10//10 16//16 
f 19//19 16//16 13//13 
f 16//16 10//10 13//13 
f 18//18 13//13 11//11 
f 18//18 19//19 13//13 
f 14//14 17//17 24//24 
f 18//18 14//14 24//24 
f 14//14 12//12 20//20 
f 14//14 20//20 17//17 
f 12//12 15//15 21//21 
f 12//12 21//21 20//20 
f 15//15 23//23 21//21 
f 15//15 16//16 23//23 
f 22//22 23//23 19//19 
f 23//23 16//16 19//19 
f 24//24 19//19 18//18 
f 24//24 22//22 19//19 
f 17//17 25//25 27//27 
f 24//24 17//17 27//27 
f 17//17 20//20 26//26 
f 17//17 26//26 25//25 
f 20//20 21//21 28//28 
f 20//20 28//28 26//26 
f 21//21 29//29 28//28 
f 21//21 23//23 29//29 
f 30//30 29//29 22//22 
f 29//29 23//23 22//22 
f 27//27 22//22 24//24 
f 27//27 30//30 22//22 
f 25//25 31//31 35//35 
f 27//27 25//25 35//35 
f 25//25 26//26 33//33 
f 25//25 33//33 31//31 
f 26//26 28//28 34//34 
f 26//26 34//34 33//33 
f 28//28 32//32 34//34 
f 28//28 29//29 32//32 
f 36//36 32//32 30//30 
f 32//32 29//29 30//30 
f 35//35 30//30 27//27 
f 35//35 36//36 30//30 
f 31//31 38//38 41//41 
f 35//35 31//31 41//41 
f 31//31 33//33 39//39 
f 31//31 39//39 38//38 
f 33//33 34//34 37//37 
f 33//33 37//37 39//39 
f 34//34 40//40 37//37 
f 34//34 32//32 40//40 
f 43//43 40//40 36//36 
f 40//40 32//32 36//36 
f 41//41 36//36 35//35 
f 41//41 43//43 36//36 
f 38//38 44//44 48//48 
f 41//41 38//38 48//48 
f 38//38 39//39 42//42 
f 38//38 42//42 44//44 
f 39//39 37//37 45//45 
f 39//39 45//45 42//42 
f 37//37 46//46 45//45 
f 37//37 40//40 46//46 
f 49//49 46//46 43//43 
f 46//46 40//40 43//43 
f 48//48 43//43 41//41 
f 48//48 49//49 43//43 
f 44//44 47//47 54//54 
f 48//48 44//44 54//54 
f 44//44 42//42 50//50 
f 44//44 50//50 47//47 
f 42//42 45//45 51//51 
f 42//42 51//51 50//50 
f 45//45 53//53 51//51 
f 45//45 46//46 53//53 
f 52//52 53//53 49//49 
f 53//53 46//46 49//49 
f 54//54 49//49 48//48 
f 54//54 52//52 49//49 
f 47//47 55//55 57//57 
f 54//54 47//47 57//57 
f 47//47 50//50 56//56 
f 47//47 56//56 55//55 
f 50//50 51//51 58//58 
f 50//50 58//58 56//56 
f 51//51 59//59 58//58 
f 51//51 53//53 59//59 
f 60//60 59//59 52//52 
f 59//59 53//53 52//52 
f 57//57 52//52 54//54 
f 57//57 60//60 52//52 
f 55//55 61//61 65//65 
f 57//57 55//55 65//65 
f 55//55 56//56 63//63 
f 55//55 63//63 61//61 
f 56//56 58//58 64//64 
f 56//56 64//64 63//63 
f 58//58 62//62 64//64 
f 58//58 59//59 62//62 
f 66//66 62//62 60//60 
f 62//62 59//59 60//60 
f 65//65 60//60 57//57 
f 65//65 66//66 60//60 
f 61//61 68//68 71//71 
f 65//65 61//61 71//71 
f 61//61 63//63 69//69 
f 61//61 69//69 68//68 
f 63//63 64//64 67//67 
f 63//63 67//67 69//69 
f 64//64 70//70 67//67 
f 64//64 62//62 70//70 
f 73//73 70//70 66//66 
f 70//70 62//62 66//66 
f 71//71 66//66 65//65 
f 71//71 73//73 66//66 
f 68//68 74//74 78//78 
f 71//71 68//68 78//78 
f 68//68 69//69 72//72 
f 68//68 72//72 74//74 
f 69//69 67//67 75//75 
f 69//69 75//75 72//72 
f 67//67 76//76 75//75 
f 67//67 70//70 76//76 
f 79//79 76//76 73//73 
f 76//76 70//70 73//73 
f 78//78 73//73 71//71 
f 78//78 79//79 73//73 
f 74//74 77//77 84//84 
f 78//78 74//74 84//84 
f 74//74 72//72 80//80 
f 74//74 80//80 77//77 
f 72//72 75//75 81//81 
f 72//72 81//81 80//80 
f 75//75 83//83 81//81 
f 75//75 76//76 83//83 
f 82//82 83//83 79//79 
f 83//83 76//76 79//79 
f 84//84 79//79 78//78 
f 84//84 82//82 79//79 
f 77//77 85//85 87//87 
f 84//84 77//77 87//87 
f 77//77 80//80 86//86 
f 77//77 86//86 85//85 
f 80//80 81//81 88//88 
f 80//80 88//88 86//86 
f 81//81 89//89 88//88 
f 81//81 83//83 89//89 
f 90//90 89//89 82//82 
f 89//89 83//83 82//82 
f 87//87 82//82 84//84 
f 87//87 90//90 82//82 
f 85//85 91//91 95//95 
f 87//87 85//85 95//95 
f 85//85 86//86 93//93 
f 85//85 93//93 91//91 
f 86//86 88//88 94//94 
f 86//86 94//94 93//93 
f 88//88 92//92 94//94 
f 88//88 89//89 92//92 
f 96//96 92//92 90//90 
f 92//92 89//89 90//90 
f 95//95 90//90 87//87 
f 95//95 96//96 90//90 
f 91//91 98//98 101//101 
f 95//95 91//91 101//101 
f 91//91 93//93 99//99 
f 91//91 99//99 98//98 
f 93//93 94//94 97//97 
f 93//93 97//97 99//99 
f 94//94 100//100 97//97 
f 94//94 92//92 100//100 
f 103//103 100//100 96//96 
f 100//100 92//92 96//96 
f 101//101 96//96 95//95 
f 101//101 103//103 96//96 
f 98//98 104//104 108//108 
f 101//101 98//98 108//108 
f 98//98 99//99 102//102 
f 98//98 102//102 104//104 
f 99//99 97//97 105//105 
f 99//99 105//105 102//102 
f 97//97 106//106 105//105 
f 97//97 100//100 106//106 
f 109//109 106//106 103//103 
f 106//106 100//100 103//103 
f 108//108 103//103 101//101 
f 108//108 109//109 103//103 
f 104//104 107//107 114//114 
f 108//108 104//104 114//114 
f 104//104 102//102 110//110 
f 104//104 110//110 107//107 
f 102//102 105//105 111//111 
f 102//102 111//111 110//110 
f 105//105 113//113 111//111 
f 105//105 106//106 113//113 
f 112//112 113//113 109//109 
f 113//113 106//106 109//109 
f 114//114 109//109 108//108 
f 114//114 112//112 109//109 
f 107//107 115//115 117//117 
f 114//114 107//107 117//117 
f 107//107 110//110 116//116 
f 107//107 116//116 115//115 
f 110//110 111//111 118//118 
f 110//110 118//118 116//116 
f 111//111 119//119 118//118 
f 111//111 113//113 119//119 
f 120//120 119//119 112//112 
f 119//119 113//113 112//112 
f 117//117 112//112 114//114 
f 117//117 120//120 112//112 
f 115//115 121//121 125//125 
f 117//117 115//115 125//125 
f 115//115 116//116 123//123 
f 115//115 123//123 121//121 
f 116//116 118//118 124//124 
f 116//116 124//124 123//123 
f 118//118 122//122 124//124 
f 118//118 119//119 122//122 
f 126//126 122//122 120//120 
f 122//122 119//119 120//120 
f 125//125 120//120 117//117 
f 125//125 126//126 120//120 
f 121//121 128//128 131//131 
f 125//125 121//121 131//131 
f 121//121 123//123 129//129 
f 121//121 129//129 128//128 
f 123//123 124//124 127//127 
f 123//123 127//127 129//129 
f 124//124 130//130 127//127 
f 124//124 122//122 130//130 
f 133//133 130//130 126//126 
f 130//130 122//122 126//126 
f 131//131 126//126 125//125 
f 131//131 133//133 126//126 
f 128//128 134//134 138//138 
f 131//131 128//128 138//138 
f 128//128 129//129 132//132 
f 128//128 132//132 134//134 
f 129//129 127//127 135//135 
f 129//129 135//135 132//132 
f 127//127 136//136 135//135 
f 127//127 130//130 136//136 
f 139//139 136//136 133//133 
f 136//136 130//130 133//133 
f 138//138 133//133 131//131 
f 138//138 139//139 133//133 
f 134//134 137//137 144//144 
f 138//138 134//134 144//144 
f 134//134 132//132 140//140 
f 134//134 140//140 137//137 
f 132//132 135//135 141//141 
f 132//132 141//141 140//140 
f 135//135 143//143 141//141 
f 135//135 136//136 143//143 
f 142//142 143//143 139//139 
f 143//143 136//136 139//139 
f 144//144 139//139 138//138 
f 144//144 142//142 139//139 
f 137//137 145//145 147//147 
f 144//144 137//137 147//147 
f 137//137 140//140 146//146 
f 137//137 146//146 145//145 
f 140//140 141//141 148//148 
f 140//140 148//148 146//146 
f 141//141 149//149 148//148 
f 141//141 143//143 149//149 
f 150//150 149//149 142//142 
f 149//149 143//143 142//142 
f 147//147 142//142 144//144 
f 147//147 150//150 142//142 
f 145//145 151//151 155//155 
f 147//147 145//145 155//155 
f 145//145 146//146 153//153 
f 145//145 153//153 151//151 
f 146//146 148//148 154//154 
f 146//146 154//154 153//153 
f 148//148 152//152 154//154 
f 148//148 149//149 152//152 
f 156//156 152//152 150//150 
f 152//152 149//149 150//150 
f 155//155 150//150 147//147 
f 155//155 156//156 150//150 
f 151//151 158//158 161//161 
f 155//155 151//151 161//161 
f 151//151 153//153 159//159 
f 151//151 159//159 158//158 
f 153//153 154//154 157//157 
f 153//153 157//157 159//159 
f 154//154 160//160 157//157 
f 154//154 152//152 160//160 
f 163//163 160//160 156//156 
f 160//160 152//152 156//156 
f 161//161 156//156 155//155 
f 161//161 163//163 156//156 
f 158//158 164//164 168//168 
f 161//161 158//158 168//168 
f 158//158 159//159 162//162 
f 158//158 162//162 164//164 
f 159//159 157//157 165//165 
f 159//159 165//165 162//162 
f 157//157 166//166 165//165 
f 157//157 160//160 166//166 
f 169//169 166//166 163//163 
f 166//166 160//160 163//163 
f 168//168 163//163 161//161 
f 168//168 169//169 163//163 
f 164//164 167//167 174//174 
f 168//168 164//164 174//174 
f 164//164 162//162 170//170 
f 164//164 170//170 167//167 
f 162//162 165//165 171//171 
f 162//162 171//171 170//170 
f 165//165 173//173 171//171 
f 165//165 166//166 173//173 
f 172//172 173//173 169//169 
f 173//173 166//166 169//169 
f 174//174 169//169 168//168 
f 174//174 172//172 169//169 
f 167//167 175//175 177//177 
f 174//174 167//167 177//177 
f 167//167 170//170 176//176 
f 167//167 176//176 175//175 
f 170//170 171//171 178//178 
f 170//170 178//178 176//176 
f 171//171 179//179 178//178 
f 171//171 173//173 179//179 
f 180//180 179//179 172//172 
f 179//179 173//173 172//172 
f 177//177 172//172 174//174 
f 177//177 180//180 172//172 
f 175//175 181//181 185//185 
f 177//177 175//175 185//185 
f 175//175 176//176 183//183 
f 175//175 183//183 181//181 
f 176//176 178//178 184//184 
f 176//176 184//184 183//183 
f 178//178 182//182 184//184 
f 178//178 179//179 182//182 
f 186//186 182//182 180//180 
f 182//182 179//179 180//180 
f 185//185 180//180 177//177 
f 185//185 186//186 180//180 
f 181//181 188//188 191//191 
f 185//185 181//181 191//191 
f 181//181 183//183 189//189 
f 181//181 189//189 188//188 
f 183//183 184//184 187//187 
f 183//183 187//187 189//189 
f 184//184 190//190 187//187 
f 184//184 182//182 190//190 
f 193//193 190//190 186//186 
f 190//190 182//182 186//186 
f 191//191 186//186 185//185 
f 191//191 193//193 186//186 
f 188//188 194//194 198//198 
f 191//191 188//188 198//198 
f 188//188 189//189 192//192 
f 188//188 192//192 194//194 
f 189//189 187//187 195//195 
f 189//189 195//195 192//192 
f 187//187 196//196 195//195 
f 187//187 190//190 196//196 
f 199//199 196//196 193//193 
f 196//196 190//190 193//193 
f 198//198 193//193 191//191 
f 198//198 199//199 193//193 
f 194//194 197//197 204//204 
f 198//198 194//194 204//204 
f 194//194 192//192 200//200 
f 194//194 200//200 197//197 
f 192//192 195//195 201//201 
f 192//192 201//201 200//200 
f 195//195 203//203 201//201 
f 195//195 196//196 203//203 
f 202//202 203//203 199//199 
f 203//203 196//196 199//199 
f 204//204 199//199 198//198 
f 204//204 202//202 199//199 
f 197//197 205//205 207//207 
f 204//204 197//197 207//207 
f 197//197 200//200 206//206 
f 197//197 206//206 205//205 
f 200//200 201//201 208//208 
f 200//200 208//208 206//206 
f 201//201 209//209 208//208 
f 201//201 203//203 209//209 
f 210//210 209//209 202//202 
f 209//209 203//203 202//202 
f 207//207 202//202 204//204 
f 207//207 210//210 202//202 
f 205//205 211//211 215//215 
f 207//207 205//205 215//215 
f 205//205 206//206 213//213 
f 205//205 213//213 211//211 
f 206//206 208//208 214//214 
f 206//206 214//214 213//213 
f 208//208 212//212 214//214 
f 208//208 209//209 212//212 
f 216//216 212//212 210//210 
f 212//212 209//209 210//210 
f 215//215 210//210 207//207 
f 215//215 216//216 210//210 
f 211//211 218//218 221//221 
f 215//215 211//211 221//221 
f 211//211 213//213 219//219 
f 211//211 219//219 218//218 
f 213//213 214//214 217//217 
f 213//213 217//217 219//219 
f 214//214 220//220 217//217 
f 214//214 212//212 220//220 
f 223//223 220//220 216//216 
f 220//220 212//212 216//216 
f 221//221 216//216 215//215 
f 221//221 223//223 216//216 
f 218//218 224//224 228//228 
f 221//221 218//218 228//228 
f 218//218 219//219 222//222 
f 218//218 222//222 224//224 
f 219//219 217//217 225//225 
f 219//219 225//225 222//222 
f 217//217 226//226 225//225 
f 217//217 220//220 226//226 
f 229//229 226//226 223//223 
f 226//226 220//220 223//223 
f 228//228 223//223 221//221 
f 228//228 229//229 223//223 
f 224//224 227//227 234//234 
f 228//228 224//224 234//234 
f 224//224 222//222 230//230 
f 224//224 230//230 227//227 
f 222//222 225//225 231//231 
f 222//222 231//231 230//230 
f 225//225 233//233 231//231 
f 225//225 226//226 233//233 
f 232//232 233//233 229//229 
f 233//233 226//226 229//229 
f 234//234 229//229 228//228 
f 234//234 232//232 229//229 
f 227//227 235//235 237//237 
f 234//234 227//227 237//237 
f 227//227 230//230 236//236 
f 227//227 236//236 235//235 
f 230//230 231//231 238//238 
f 230//230 238//238 236//236 
f 231//231 239//239 238//238 
f 231//231 233//233 239//239 
f 240//240 239//239 232//232 
f 239//239 233//233 232//232 
f 237//237 232//232 234//234 
f 237//237 240//240 232//232 
f 235//235 241//241 245//245 
f 237//237 235//235 245//245 
f 235//235 236//236 243//243 
f 235//235 243//243 241//241 
f 236//236 238//238 244//244 
f 236//236 244//244 243//243 
f 238//238 242//242 244//244 
f 238//238 239//239 242//242 
f 246//246 242//242 240//240 
f 242//242 239//239 240//240 
f 245//245 240//240 237//237 
f 245//245 246//246 240//240 
f 241//241 248//248 251//251 
f 245//245 241//241 251//251 
f 241//241 243//243 249//249 
f 241//241 249//249 248//248 
f 243//243 244//244 247//247 
f 243//243 247//247 249//249 
f 244//244 250//250 247//247 
f 244//244 242//242 250//250 
f 253//253 250//250 246//246 
f 250//250 242//242 246//246 
f 251//251 246//246 245//245 
f 251//251 253//253 246//246 
f 248//248 254//254 258//258 
f 251//251 248//248 258//258 
f 248//248 249//249 252//252 
f 248//248 252//252 254//254 
f 249//249 247//247 255//255 
f 249//249 255//255 252//252 
f 247//247 256//256 255//255 
f 247//247 250//250 256//256 
f 259//259 256//256 253//253 
f 256//256 250//250 253//253 
f 258//258 253//253 251//251 
f 258//258 259//259 253//253 
f 254//254 257//257 264//264 
f 258//258 254//254 264//264 
f 254//254 252//252 260//260 
f 254//254 260//260 257//257 
f 252//252 255//255 261//261 
f 252//252 261//261 260//260 
f 255//255 263//263 261//261 
f 255//255 256//256 263//263 
f 262//262 263//263 259//259 
f 263//263 256//256 259//259 
f 264//264 259//259 258//258 
f 264//264 262//262 259//259 
f 257//257 265//265 267//267 
f 264//264 257//257 267//267 
f 257//257 260//260 266//266 
f 257//257 266//266 265//265 
f 260//260 261//261 268//268 
f 260//260 268//268 266//266 
f 261//261 269//269 268//268 
f 261//261 263//263 269//269 
f 270//270 269//269 262//262 
f 269//269 263//263 262//262 
f 267//267 262//262 264//264 
f 267//267 270//270 262//262 
f 265//265 271//271 275//275 
f 267//267 265//265 275//275 
f 265//265 266//266 273//273 
f 265//265 273//273 271//271 
f 266//266 268//268 274//274 
f 266//266 274//274 273//273 
f 268//268 272//272 274//274 
f 268//268 269//269 272//272 
f 276//276 272//272 270//270 
f 272//272 269//269 270//270 
f 275//275 270//270 267//267 
f 275//275 276//276 270//270 
f 271//271 278//278 281//281 
f 275//275 271//271 281//281 
f 271//271 273//273 279//279 
f 271//271 279//279 278//278 
f 273//273 274//274 277//277 
f 273//273 277//277 279//279 
f 274//274 280//280 277//277 
f 274//274 272//272 280//280 
f 283//283 280//280 276//276 
f 280//280 272//272 276//276 
f 281//281 276//276 275//275 
f 281//281 283//283 276//276 
f 278//278 284//284 288//288 
f 281//281 278//278 288//288 
f 278//278 279//279 282//282 
f 278//278 282//282 284//284 
f 279//279 277//277 285//285 
f 279//279 285//285 282//282 
f 277//277 286//286 285//285 
f 277//277 280//280 286//286 
f 289//289 286//286 283//283 
f 286//286 280//280 283//283 
f 288//288 283//283 281//281 
f 288//288 289//289 283//283 
f 284//284 287//287 294//294 
f 288//288 284//284 294//294 
f 284//284 282//282 290//290 
f 284//284 290//290 287//287 
f 282//282 285//285 291//291 
f 282//282 291//291 290//290 
f 285//285 293//293 291//291 
f 285//285 286//286 293//293 
f 292//292 293//293 289//289 
f 293//293 286//286 289//289 
f 294//294 289//289 288//288 
f 294//294 292//292 289//289 
f 287//287 295//295 297//297 
f 294//294 287//287 297//297 
f 287//287 290//290 296//296 
f 287//287 296//296 295//295 
f 290//290 291//291 298//298 
f 290//290 298//298 296//296 
f 291//291 299//299 298//298 
f 291//291 293//293 299//299 
f 300//300 299//299 292//292 
f 299//299 293//293 292//292 
f 297//297 292//292 294//294 
f 297//297 300//300 292//292 
f 295//295 301//301 305//305 
f 297//297 295//295 305//305 
f 295//295 296//296 303//303 
f 295//295 303//303 301//301 
f 296//296 298//298 304//304 
f 296//296 304//304 303//303 
f 298//298 302//302 304//304 
f 298//298 299//299 302//302 
f 306//306 302//302 300//300 
f 302//302 299//299 300//300 
f 305//305 300//300 297//297 
f 305//305 306//306 300//300 
f 301//301 308//308 311//311 
f 305//305 301//301 311//311 
f 301//301 303//303 309//309 
f 301//301 309//309 308//308 
f 303//303 304//304 307//307 
f 303//303 307//307 309//309 
f 304//304 310//310 307//307 
f 304//304 302//302 310//310 
f 313//313 310//310 306//306 
f 310//310 302//302 306//306 
f 311//311 306//306 305//305 
f 311//311 313//313 306//306 
f 308//308 314//314 318//318 
f 311//311 308//308 318//318 
f 308//308 309//309 312//312 
f 308//308 312//312 314//314 
f 309//309 307//307 315//315 
f 309//309 315//315 312//312 
f 307//307 316//316 315//315 
f 307//307 310//310 316//316 
f 319//319 316//316 313//313 
f 316//316 310//310 313//313 
f 318//318 313//313 311//311 
f 318//318 319//319 313//313 
f 314//314 317//317 324//324 
f 318//318 314//314 324//324 
f 314//314 312//312 320//320 
f 314//314 320//320 317//317 
f 312//312 315//315 321//321 
f 312//312 321//321 320//320 
f 315//315 323//323 321//321 
f 315//315 316//316 323//323 
f 322//322 323//323 319//319 
f 323//323 316//316 319//319 
f 324//324 319//319 318//318 
f 324//324 322//322 319//319 
f 317//317 325//325 327//327 
f 324//324 317//317 327//327 
f 317//317 320//320 326//326 
f 317//317 326//326 325//325 
f 320//320 321//321 328//328 
f 320//320 328//328 326//326 
f 321//321 329//329 328//328 
f 321//321 323//323 329//329 
f 330//330 329//329 322//322 
f 329//329 323//323 322//322 
f 327//327 322//322 324//324 
f 327//327 330//330 322//322 
f 325//325 331//331 335//335 
f 327//327 325//325 335//335 
f 325//325 326//326 333//333 
f 325//325 333//333 331//331 
f 326//326 328//328 334//334 
f 326//326 334//334 333//333 
f 328//328 332//332 334//334 
f 328//328 329//329 332//332 
f 336//336 332//332 330//330 
f 332//332 329//329 330//330 
f 335//335 330//330 327//327 
f 335//335 336//336 330//330 
f 331//331 338//338 341//341 
f 335//335 331//331 341//341 
f 331//331 333//333 339//339 
f 331//331 339//339 338//338 
f 333//333 334//334 337//337 
f 333//333 337//337 339//339 
f 334//334 340//340 337//337 
f 334//334 332//332 340//340 
f 343//343 340//340 336//336 
f 340//340 332//332 336//336 
f 341//341 336//336 335//335 
f 341//341 343//343 336//336 
f 338//338 344//344 348//348 
f 341//341 338//338 348//348 
f 338//338 339//339 342//342 
f 338//338 342//342 344//344 
f 339//339 337//337 345//345 
f 339//339 345//345 342//342 
f 337//337 346//346 345//345 
f 337//337 340//340 346//346 
f 349//349 346//346 343//343 
f 346//346 340//340 343//343 
f 348//348 343//343 341//341 
f 348//348 349//349 343//343 
f 344//344 347//347 354//354 
f 348//348 344//344 354//354 
f 344//344 342//342 350//350 
f 344//344 350//350 347//347 
f 342//342 345//345 351//351 
f 342//342 351//351 350//350 
f 345//345 353//353 351//351 
f 345//345 346//346 353//353 
f 352//352 353//353 349//349 
f 353//353 346//346 349//349 
f 354//354 349//349 348//348 
f 354//354 352//352 349//349 
f 347//347 355//355 357//357 
f 354//354 347//347 357//357 
f 347//347 350//350 356//356 
f 347//347 356//356 355//355 
f 350//350 351//351 358//358 
f 350//350 358//358 356//356 
f 351//351 359//359 358//358 
f 351//351 353//353 359//359 
f 360//360 359//359 352//352 
f 359//359 353//353 352//352 
f 357//357 352//352 354//354 
f 357//357 360//360 352//352 
f 355//355 361//361 365//365 
f 357//357 355//355 365//365 
f 355//355 356//356 363//363 
f 355//355 363//363 361//361 
f 356//356 358//358 364//364 
f 356//356 364//364 363//363 
f 358//358 362//362 364//364 
f 358//358 359//359 362//362 
f 366//366 362//362 360//360 
f 362//362 359//359 360//360 
f 365//365 360//360 357//357 
f 365//365 366//366 360//360 
f 361//361 368//368 371//371 
f 365//365 361//361 371//371 
f 361//361 363//363 369//369 
f 361//361 369//369 368//368 
f 363//363 364//364 367//367 
f 363//363 367//367 369//369 
f 364//364 370//370 367//367 
f 364//364 362//362 370//370 
f 373//373 370//370 366//366 
f 370//370 362//362 366//366 
f 371//371 366//366 365//365 
f 371//371 373//373 366//366 
f 368//368 374//374 378//378 
f 371//371 368//368 378//378 
f 368//368 369//369 372//372 
f 368//368 372//372 374//374 
f 369//369 367//367 375//375 
f 369//369 375//375 372//372 
f 367//367 376//376 375//375 
f 367//367 370//370 376//376 
f 379//379 376//376 373//373 
f 376//376 370//370 373//373 
f 378//378 373//373 371//371 
f 378//378 379//379 373//373 
f 374//374 377//377 384//384 
f 378//378 374//374 384//384 
f 374//374 372//372 380//380 
f 374//374 380//380 377//377 
f 372//372 375//375 381//381 
f 372//372 381//381 380//380 
f 375//375 383//383 381//381 
f 375//375 376//376 383//383 
f 382//382 383//383 379//379 
f 383//383 376//376 379//379 
f 384//384 379//379 378//378 
f 384//384 382//382 379//379 
f 377//377 385//385 387//387 
f 384//384 377//377 387//387 
f 377//377 380//380 386//386 
f 377//377 386//386 385//385 
f 380//380 381//381 388//388 
f 380//380 388//388 386//386 
f 381//381 389//389 388//388 
f 381//381 383//383 389//389 
f 390//390 389//389 382//382 
f 389//389 383//383 382//382 
f 387//387 382//382 384//384 
f 387//387 390//390 382//382 
f 385//385 391//391 395//395 
f 387//387 385//385 395//395 
f 385//385 386//386 393//393 
f 385//385 393//393 391//391 
f 386//386 388//388 394//394 
f 386//386 394//394 393//393 
f 388//388 392//392 394//394 
f 388//388 389//389 392//392 
f 396//396 392//392 390//390 
f 392//392 389//389 390//390 
f 395//395 390//390 387//387 
f 395//395 396//396 390//390 
f 391//391 398//398 401//401 
f 395//395 391//391 401//401 
f 391//391 393//393 399//399 
f 391//391 399//399 398//398 
f 393//393 394//394 397//397 
f 393//393 397//397 399//399 
f 394//394 400//400 397//397 
f 394//394 392//392 400//400 
f 403//403 400//400 396//396 
f 400//400 392//392 396//396 
f 401//401 396//396 395//395 
f 401//401 403//403 396//396 
f 398//398 404//404 408//408 
f 401//401 398//398 408//408 
f 398//398 399//399 402//402 
f 398//398 402//402 404//404 
f 399//399 397//397 405//405 
f 399//399 405//405 402//402 
f 397//397 406//406 405//405 
f 397//397 400//400 406//406 
f 409//409 406//406 403//403 
f 406//406 400//400 403//403 
f 408//408 403//403 401//401 
f 408//408 409//409 403//403 
f 404//404 407//407 414//414 
f 408//408 404//404 414//414 
f 404//404 402//402 410//410 
f 404//404 410//410 407//407 
f 402//402 405//405 411//411 
f 402//402 411//411 410//410 
f 405//405 413//413 411//411 
f 405//405 406//406 413//413 
f 412//412 413//413 409//409 
f 413//413 406//406 409//409 
f 414//414 409//409 408//408 
f 414//414 412//412 409//409 
f 407//407 415//415 417//417 
f 414//414 407//407 417//417 
f 407//407 410//410 416//416 
f 407//407 416//416 415//415 
f 410//410 411//411 418//418 
f 410//410 418//418 416//416 
f 411//411 419//419 418//418 
f 411//411 413//413 419//419 
f 420//420 419//419 412//412 
f 419//419 413//413 412//412 
f 417//417 412//412 414//414 
f 417//417 420//420 412//412 
f 415//415 421//421 425//425 
f 417//417 415//415 425//425 
f 415//415 416//416 423//423 
f 415//415 423//423 421//421 
f 416//416 418//418 424//424 
f 416//416 424//424 423//423 
f 418//418 422//422 424//424 
f 418//418 419//419 422//422 
f 426//426 422//422 420//420 
f 422//422 419//419 420//420 
f 425//425 420//420 417//417 
f 425//425 426//426 420//420 
f 421//421 428//428 431//431 
f 425//425 421//421 431//431 
f 421//421 423//423 429//429 
f 421//421 429//429 428//428 
f 423//423 424//424 427//427 
f 423//423 427//427 429//429 
f 424//424 430//430 427//427 
f 424//424 422//422 430//430 
f 433//433 430//430 426//426 
f 430//430 422//422 426//426 
f 431//431 426//426 425//425 
f 431//431 433//433 426//426 
f 428//428 434//434 438//438 
f 431//431 428//428 438//438 
f 428//428 429//429 432//432 
f 428//428 432//432 434//434 
f 429//429 427//427 435//435 
f 429//429 435//435 432//432 
f 427//427 436//436 435//435 
f 427//427 430//430 436//436 
f 439//439 436//436 433//433 
f 436//436 430//430 433//433 
f 438//438 433//433 431//431 
f 438//438 439//439 433//433 
f 434//434 437//437 444//444 
f 438//438 434//434 444//444 
f 434//434 432//432 440//440 
f 434//434 440//440 437//437 
f 432//432 435//435 441//441 
f 432//432 441//441 440//440 
f 435//435 443//443 441//441 
f 435//435 436//436 443//443 
f 442//442 443//443 439//439 
f 443//443 436//436 439//439 
f 444//444 439//439 438//438 
f 444//444 442//442 439//439 
f 437//437 445//445 447//447 
f 444//444 437//437 447//447 
f 437//437 440//440 446//446 
f 437//437 446//446 445//445 
f 440//440 441//441 448//448 
f 440//440 448//448 446//446 
f 441//441 449//449 448//448 
f 441//441 443//443 449//449 
f 450//450 449//449 442//442 
f 449//449 443//443 442//442 
f 447//447 442//442 444//444 
f 447//447 450//450 442//442 
f 445//445 451//451 455//455 
f 447//447 445//445 455//455 
f 445//445 446//446 453//453 
f 445//445 453//453 451//451 
f 446//446 448//448 454//454 
f 446//446 454//454 453//453 
f 448//448 452//452 454//454 
f 448//448 449//449 452//452 
f 456//456 452//452 450//450 
f 452//452 449//449 450//450 
f 455//455 450//450 447//447 
f 455//455 456//456 450//450 
f 451//451 458//458 461//461 
f 455//455 451//451 461//461 
f 451//451 453//453 459//459 
f 451//451 459//459 458//458 
f 453//453 454//454 457//457 
f 453//453 457//457 459//459 
f 454//454 460//460 457//457 
f 454//454 452//452 460//460 
f 463//463 460//460 456//456 
f 460//460 452//452 456//456 
f 461//461 456//456 455//455 
f 461//461 463//463 456//456 
f 458//458 464//464 468//468 
f 461//461 458//458 468//468 
f 458//458 459//459 462//462 
f 458//458 462//462 464//464 
f 459//459 457//457 465//465 
f 459//459 465//465 462//462 
f 457//457 466//466 465//465 
f 457//457 460//460 466//466 
f 469//469 466//466 463//463 
f 466//466 460//460 463//463 
f 468//468 463//463 461//461 
f 468//468 469//469 463//463 
f 464//464 467//467 474//474 
f 468//468 464//464 474//474 
f 464//464 462//462 470//470 
f 464//464 470//470 467//467 
f 462//462 465//465 471//471 
f 462//462 471//471 470//470 
f 465//465 473//473 471//471 
f 465//465 466//466 473//473 
f 472//472 473//473 469//469 
f 473//473 466//466 469//469 
f 474//474 469//469 468//468 
f 474//474 472//472 469//469 
f 467//467 475//475 477//477 
f 474//474 467//467 477//477 
f 467//467 470//470 476//476 
f 467//467 476//476 475//475 
f 470//470 471//471 478//478 
f 470//470 478//478 476//476 
f 471//471 479//479 478//478 
f 471//471 473//473 479//479 
f 480//480 479//479 472//472 
f 479//479 473//473 472//472 
f 477//477 472//472 474//474 
f 477//477 480//480 472//472 
f 475//475 481//481 485//485 
f 477//477 475//475 485//485 
f 475//475 476//476 483//483 
f 475//475 483//483 481//481 
f 476//476 478//478 484//484 
f 476//476 484//484 483//483 
f 478//478 482//482 484//484 
f 478//478 479//479 482//482 
f 486//486 482//482 480//480 
f 482//482 479//479 480//480 
f 485//485 480//480 477//477 
f 485//485 486//486 480//480 
f 481//481 488//488 491//491 
f 485//485 481//481 491//491 
f 481//481 483//483 489//489 
f 481//481 489//489 488//488 
f 483//483 484//484 487//487 
f 483//483 487//487 489//489 
f 484//484 490//490 487//487 
f 484//484 482//482 490//490 
f 493//493 490//490 486//486 
f 490//490 482//482 486//486 
f 491//491 486//486 485//485 
f 491//491 493//493 486//486 
f 488//488 494//494 498//498 
f 491//491 488//488 498//498 
f 488//488 489//489 492//492 
f 488//488 492//492 494//494 
f 489//489 487//487 495//495 
f 489//489 495//495 492//492 
f 487//487 496//496 495//495 
f 487//487 490//490 496//496 
f 499//499 496//496 493//493 
f 496//496 490//490 493//493 
f 498//498 493//493 491//491 
f 498//498 499//499 493//493 
f 494//494 497//497 504//504 
f 498//498 494//494 504//504 
f 494//494 492//492 500//500 
f 494//494 500//500 497//497 
f 492//492 495//495 501//501 
f 492//492 501//501 500//500 
f 495//495 503//503 501//501 
f 495//495 496//496 503//503 
f 505//505 503//503 499//499 
f 503//503 496//496 499//499 
f 504//504 499//499 498//498 
f 504//504 505//505 499//499 
f 497//497 506//506 510//510 
f 504//504 497//497 510//510 
f 497//497 500//500 502//502 
f 497//497 502//502 506//506 
f 500//500 501//501 507//507 
f 500//500 507//507 502//502 
f 501//501 509//509 507//507 
f 501//501 503//503 509//509 
f 511//511 509//509 505//505 
f 509//509 503//503 505//505 
f 510//510 505//505 504//504 
f 510//510 511//511 505//505 
f 506//506 512//512 516//516 
f 510//510 506//506 516//516 
f 506//506 502//502 508//508 
f 506//506 508//508 512//512 
f 502//502 507//507 513//513 
f 502//502 513//513 508//508 
f 507//507 515//515 513//513 
f 507//507 509//509 515//515 
f 517//517 515//515 511//511 
f 515//515 509//509 511//511 
f 516//516 511//511 510//510 
f 516//516 517//517 511//511 
f 512//512 518//518 522//522 
f 516//516 512//512 522//522 
f 512//512 508//508 514//514 
f 512//512 514//514 518//518 
f 508//508 513//513 519//519 
f 508//508 519//519 514//514 
f 513//513 521//521 519//519 
f 513//513 515//515 521//521 
f 523//523 521//521 517//517 
f 521//521 515//515 517//517 
f 522//522 517//517 516//516 
f 522//522 523//523 517//517 
f 518//518 524//524 528//528 
f 522//522 518//518 528//528 
f 518//518 514//514 520//520 
f 518//518 520//520 524//524 
f 514//514 519//519 525//525 
f 514//514 525//525 520//520 
f 519//519 527//527 525//525 
f 519//519 521//521 527//527 
f 529//529 527//527 523//523 
f 527//527 521//521 523//523 
f 528//528 523//523 522//522 
f 528//528 529//529 523//523 
f 524//524 530//530 534//534 
f 528//528 524//524 534//534 
f 524//524 520//520 526//526 
f 524//524 526//526 530//530 
f 520//520 525//525 531//531 
f 520//520 531//531 526//526 
f 525//525 533//533 531//531 
f 525//525 527//527 533//533 
f 535//535 533//533 529//529 
f 533//533 527//527 529//529 
f 534//534 529//529 528//528 
f 534//534 535//535 529//529 
f 530//530 536//536 540//540 
f 534//534 530//530 540//540 
f 530//530 526//526 532//532 
f 530//530 532//532 536//536 
f 526//526 531//531 537//537 
f 526//526 537//537 532//532 
f 531//531 539//539 537//537 
f 531//531 533//533 539//539 
f 541//541 539//539 535//535 
f 539//539 533//533 535//535 
f 540//540 535//535 534//534 
f 540//540 541//541 535//535 
f 536//536 542//542 546//546 
f 540//540 536//536 546//546 
f 536//536 532//532 538//538 
f 536//536 538//538 542//542 
f 532//532 537//537 543//543 
f 532//532 543//543 538//538 
f 537//537 545//545 543//543 
f 537//537 539//539 545//545 
f 547//547 545//545 541//541 
f 545//545 539//539 541//541 
f 546//546 541//541 540//540 
f 546//546 547//547 541//541 
f 542//542 548//548 552//552 
f 546//546 542//542 552//552 
f 542//542 538//538 544//544 
f 542//542 544//544 548//548 
f 538//538 543//543 549//549 
f 538//538 549//549 544//544 
f 543//543 551//551 549//549 
f 543//543 545//545 551//551 
f 553//553 551//551 547//547 
f 551//551 545//545 547//547 
f 552//552 547//547 546//546 
f 552//552 553//553 547//547 
f 548//548 554//554 558//558 
f 552//552 548//548 558//558 
f 548//548 544//544 550//550 
f 548//548 550//550 554//554 
f 544//544 549//549 555//555 
f 544//544 555//555 550//550 
f 549//549 557//557 555//555 
f 549//549 551//551 557//557 
f 559//559 557//557 553//553 
f 557//557 551//551 553//553 
f 558//558 553//553 552//552 
f 558//558 559//559 553//553 
f 554//554 560//560 564//564 
f 558//558 554//554 564//564 
f 554//554 550//550 556//556 
f 554//554 556//556 560//560 
f 550//550 555//555 561//561 
f 550//550 561//561 556//556 
f 555//555 563//563 561//561 
f 555//555 557//557 563//563 
f 565//565 563//563 559//559 
f 563//563 557//557 559//559 
f 564//564 559//559 558//558 
f 564//564 565//565 559//559 
f 560//560 566//566 570//570 
f 564//564 560//560 570//570 
f 560//560 556//556 562//562 
f 560//560 562//562 566//566 
f 556//556 561//561 567//567 
f 556//556 567//567 562//562 
f 561//561 569//569 567//567 
f 561//561 563//563 569//569 
f 571//571 569//569 565//565 
f 569//569 563//563 565//565 
f 570//570 565//565 564//564 
f 570//570 571//571 565//565 
f 566//566 572//572 576//576 
f 570//570 566//566 576//576 
f 566//566 562//562 568//568 
f 566//566 568//568 572//572 
f 562//562 567//567 573//573 
f 562//562 573//573 568//568 
f 567//567 575//575 573//573 
f 567//567 569//569 575//575 
f 577//577 575//575 571//571 
f 575//575 569//569 571//571 
f 576//576 571//571 570//570 
f 576//576 577//577 571//571 
f 572//572 578//578 582//582 
f 576//576 572//572 582//582 
f 572//572 568//568 574//574 
f 572//572 574//574 578//578 
f 568//568 573//573 579//579 
f 568//568 579//579 574//574 
f 573//573 581//581 579//579 
f 573//573 575//575 581//581 
f 583//583 581//581 577//577 
f 581//581 575//575 577//577 
f 582//582 577//577 576//576 
f 582//582 583//583 577//577 
f 578//578 584//584 588//588 
f 582//582 578//578 588//588 
f 578//578 574//574 580//580 
f 578//578 580//580 584//584 
f 574//574 579//579 585//585 
f 574//574 585//585 580//580 
f 579//579 587//587 585//585 
f 579//579 581//581 587//587 
f 589//589 587//587 583//583 
f 587//587 581//581 583//583 
f 588//588 583//583 582//582 
f 588//588 589//589 583//583 
f 584//584 590//590 594//594 
f 588//588 584//584 594//594 
f 584//584 580//580 586//586 
f 584//584 586//586 590//590 
f 580//580 585//585 591//591 
f 580//580 591//591 586//586 
f 585//585 593//593 591//591 
f 585//585 587//587 593//593 
f 595//595 593//593 589//589 
f 593//593 587//587 589//589 
f 594//594 589//589 588//588 
f 594//594 595//595 589//589 
f 590//590 596//596 600//600 
f 594//594 590//590 600//600 
f 590//590 586//586 592//592 
f 590//590 592//592 596//596 
f 586//586 591//591 597//597 
f 586//586 597//597 592//592 
f 591//591 599//599 597//597 
f 591//591 593//593 599//599 
f 601//601 599//599 595//595 
f 599//599 593//593 595//595 
f 600//600 595//595 594//594 
f 600//600 601//601 595//595 
f 596//596 602//602 606//606 
f 600//600 596//596 606//606 
f 602//602 592//592 598//598 
f 596//596 592//592 602//602 
f 592//592 597//597 603//603 
f 592//592 603//603 598//598 
f 597//597 605//605 603//603 
f 597//597 599//599 605//605 
f 607//607 605//605 601//601 
f 605//605 599//599 601//601 
f 606//606 601//601 600//600 
f 606//606 607//607 601//601 
f 602//602 598//598 606//606 
f 598//598 608//608 606//606 
f 606//606 608//608 611//611 
f 598//598 603//603 604//604 
f 598//598 604//604 608//608 
f 603//603 609//609 604//604 
f 603//603 605//605 609//609 
f 612//612 609//609 607//607 
f 609//609 605//605 607//607 
f 611//611 607//607 606//606 
f 611//611 612//612 607//607 
f 608//608 613//613 611//611 
f 611//611 613//613 615//615 
f 608//608 604//604 614//614 
f 608//608 614//614 613//613 
f 604//604 610//610 614//614 
f 604//604 609//609 610//610 
f 617//617 610//610 612//612 
f 610//610 609//609 612//612 
f 615//615 612//612 611//611 
f 615//615 617//617 612//612 
f 613//613 618//618 615//615 
f 615//615 618//618 616//616 
f 613//613 614//614 619//619 
f 613//613 619//619 618//618 
f 614//614 620//620 619//619 
f 614//614 610//610 620//620 
f 621//621 620//620 617//617 
f 620//620 610//610 617//617 
f 616//616 617//617 615//615 
f 616//616 621//621 617//617 
f 618//618 623//623 616//616 
f 616//616 623//623 626//626 
f 618//618 619//619 624//624 
f 618//618 624//624 623//623 
f 619//619 625//625 624//624 
f 619//619 620//620 625//625 
f 622//622 625//625 621//621 
f 625//625 620//620 621//621 
f 626//626 621//621 616//616 
f 626//626 622//622 621//621 
f 623//623 627//627 626//626 
f 626//626 627//627 631//631 
f 623//623 624//624 629//629 
f 623//623 629//629 627//627 
f 624//624 630//630 629//629 
f 624//624 625//625 630//630 
f 632//632 630//630 622//622 
f 630//630 625//625 622//622 
f 631//631 622//622 626//626 
f 631//631 632//632 622//622 
f 627//627 628//628 631//631 
f 631//631 628//628 636//636 
f 627//627 629//629 633//633 
f 627//627 633//633 628//628 
f 629//629 635//635 633//633 
f 629//629 630//630 635//635 
f 637//637 635//635 632//632 
f 635//635 630//630 632//632 
f 636//636 632//632 631//631 
f 636//636 637//637 632//632 
f 628//628 638//638 636//636 
f 636//636 638//638 641//641 
f 628//628 633//633 634//634 
f 628//628 634//634 638//638 
f 633//633 639//639 634//634 
f 633//633 635//635 639//639 
f 642//642 639//639 637//637 
f 639//639 635//635 637//637 
f 641//641 637//637 636//636 
f 641//641 642//642 637//637 
f 638//638 643//643 641//641 
f 641//641 643//643 645//645 
f 638//638 634//634 644//644 
f 638//638 644//644 643//643 
f 634//634 640//640 644//644 
f 634//634 639//639 640//640 
f 647//647 640//640 642//642 
f 640//640 639//639 642//642 
f 645//645 642//642 641//641 
f 645//645 647//647 642//642 
f 643//643 648//648 645//645 
f 645//645 648//648 646//646 
f 643//643 644//644 649//649 
f 643//643 649//649 648//648 
f 644//644 650//650 649//649 
f 644//644 640//640 650//650 
f 651//651 650//650 647//647 
f 650//650 640//640 647//647 
f 646//646 647//647 645//645 
f 646//646 651//651 647//647 
f 648//648 653//653 646//646 
f 646//646 653//653 656//656 
f 648//648 649//649 654//654 
f 648//648 654//654 653//653 
f 649//649 655//655 654//654 
f 649//649 650//650 655//655 
f 652//652 655//655 651//651 
f 655//655 650//650 651//651 
f 656//656 651//651 646//646 
f 656//656 652//652 651//651 
f 653//653 657//657 656//656 
f 656//656 657//657 661//661 
f 653//653 654//654 659//659 
f 653//653 659//659 657//657 
f 654//654 660//660 659//659 
f 654//654 655//655 660//660 
f 662//662 660//660 652//652 
f 660//660 655//655 652//652 
f 661//661 652//652 656//656 
f 661//661 662//662 652//652 
f 657//657 658//658 661//661 
f 661//661 658//658 666//666 
f 657//657 659//659 663//663 
f 657//657 663//663 658//658 
f 659//659 665//665 663//663 
f 659//659 660//660 665//665 
f 667//667 665//665 662//662 
f 665//665 660//660 662//662 
f 666//666 662//662 661//661 
f 666//666 667//667 662//662 
f 658//658 668//668 666//666 
f 666//666 668//668 671//671 
f 658//658 663//663 664//664 
f 658//658 664//664 668//668 
f 663//663 669//669 664//664 
f 663//663 665//665 669//669 
f 672//672 669//669 667//667 
f 669//669 665//665 667//667 
f 671//671 667//667 666//666 
f 671//671 672//672 667//667 
f 668//668 673//673 671//671 
f 671//671 673//673 675//675 
f 668//668 664//664 674//674 
f 668//668 674//674 673//673 
f 664//664 670//670 674//674 
f 664//664 669//669 670//670 
f 677//677 670//670 672//672 
f 670//670 669//669 672//672 
f 675//675 672//672 671//671 
f 675//675 677//677 672//672 
f 673//673 678//678 675//675 
f 675//675 678//678 676//676 
f 673//673 674//674 679//679 
f 673//673 679//679 678//678 
f 674//674 680//680 679//679 
f 674//674 670//670 680//680 
f 681//681 680//680 677//677 
f 680//680 670//670 677//677 
f 676//676 677//677 675//675 
f 676//676 681//681 677//677 
f 678//678 683//683 676//676 
f 676//676 683//683 686//686 
f 678//678 679//679 684//684 
f 678//678 684//684 683//683 
f 679//679 685//685 684//684 
f 679//679 680//680 685//685 
f 682//682 685//685 681//681 
f 685//685 680//680 681//681 
f 686//686 681//681 676//676 
f 686//686 682//682 681//681 
f 683//683 687//687 686//686 
f 686//686 687//687 691//691 
f 683//683 684//684 689//689 
f 683//683 689//689 687//687 
f 684//684 690//690 689//689 
f 684//684 685//685 690//690 
f 692//692 690//690 682//682 
f 690//690 685//685 682//682 
f 691//691 682//682 686//686 
f 691//691 692//692 682//682 
f 687//687 688//688 691//691 
f 691//691 688//688 696//696 
f 687//687 689//689 693//693 
f 687//687 693//693 688//688 
f 689//689 695//695 693//693 
f 689//689 690//690 695//695 
f 697//697 695//695 692//692 
f 695//695 690//690 692//692 
f 696//696 692//692 691//691 
f 696//696 697//697 692//692 
f 688//688 698//698 696//696 
f 696//696 698//698 701//701 
f 688//688 693//693 694//694 
f 688//688 694//694 698//698 
f 693//693 699//699 694//694 
f 693//693 695//695 699//699 
f 702//702 699//699 697//697 
f 699//699 695//695 697//697 
f 701//701 697//697 696//696 
f 701//701 702//702 697//697 
f 698//698 703//703 701//701 
f 701//701 703//703 705//705 
f 698//698 694//694 704//704 
f 698//698 704//704 703//703 
f 694//694 700//700 704//704 
f 694//694 699//699 700//700 
f 707//707 700//700 702//702 
f 700//700 699//699 702//702 
f 705//705 702//702 701//701 
f 705//705 707//707 702//702 
f 703//703 708//708 705//705 
f 705//705 708//708 706//706 
f 703//703 704//704 709//709 
f 703//703 709//709 708//708 
f 704//704 710//710 709//709 
f 704//704 700//700 710//710 
f 711//711 710//710 707//707 
f 710//710 700//700 707//707 
f 706//706 707//707 705//705 
f 706//706 711//711 707//707 
f 708//708 713//713 706//706 
f 706//706 713//713 716//716 
f 708//708 709//709 714//714 
f 708//708 714//714 713//713 
f 709//709 715//715 714//714 
f 709//709 710//710 715//715 
f 712//712 715//715 711//711 
f 715//715 710//710 711//711 
f 716//716 711//711 706//706 
f 716//716 712//712 711//711 
f 713//713 717//717 716//716 
f 716//716 717//717 721//721 
f 713//713 714//714 719//719 
f 713//713 719//719 717//717 
f 714//714 720//720 719//719 
f 714//714 715//715 720//720 
f 722//722 720//720 712//712 
f 720//720 715//715 712//712 
f 721//721 712//712 716//716 
f 721//721 722//722 712//712 
f 717//717 718//718 721//721 
f 721//721 718//718 726//726 
f 717//717 719//719 723//723 
f 717//717 723//723 718//718 
f 719//719 725//725 723//723 
f 719//719 720//720 725//725 
f 727//727 725//725 722//722 
f 725//725 720//720 722//722 
f 726//726 722//722 721//721 
f 726//726 727//727 722//722 
f 718//718 728//728 726//726 
f 726//726 728//728 731//731 
f 718//718 723//723 724//724 
f 718//718 724//724 728//728 
f 723//723 729//729 724//724 
f 723//723 725//725 729//729 
f 732//732 729//729 727//727 
f 729//729 725//725 727//727 
f 731//731 727//727 726//726 
f 731//731 732//732 727//727 
f 728//728 733//733 731//731 
f 731//731 733//733 735//735 
f 728//728 724//724 734//734 
f 728//728 734//734 733//733 
f 724//724 730//730 734//734 
f 724//724 729//729 730//730 
f 737//737 730//730 732//732 
f 730//730 729//729 732//732 
f 735//735 732//732 731//731 
f 735//735 737//737 732//732 
f 733//733 738//738 735//735 
f 735//735 738//738 736//736 
f 733//733 734//734 739//739 
f 733//733 739//739 738//738 
f 734//734 740//740 739//739 
f 734//734 730//730 740//740 
f 741//741 740//740 737//737 
f 740//740 730//730 737//737 
f 736//736 737//737 735//735 
f 736//736 741//741 737//737 
f 738//738 743//743 736//736 
f 736//736 743//743 746//746 
f 738//738 739//739 744//744 
f 738//738 744//744 743//743 
f 739//739 745//745 744//744 
f 739//739 740//740 745//745 
f 742//742 745//745 741//741 
f 745//745 740//740 741//741 
f 746//746 741//741 736//736 
f 746//746 742//742 741//741 
f 743//743 747//747 746//746 
f 746//746 747//747 751//751 
f 743//743 744//744 749//749 
f 743//743 749//749 747//747 
f 744//744 750//750 749//749 
f 744//744 745//745 750//750 
f 752//752 750//750 742//742 
f 750//750 745//745 742//742 
f 751//751 742//742 746//746 
f 751//751 752//752 742//742 
f 747//747 748//748 751//751 
f 751//751 748//748 756//756 
f 747//747 749//749 753//753 
f 747//747 753//753 748//748 
f 749//749 755//755 753//753 
f 749//749 750//750 755//755 
f 757//757 755//755 752//752 
f 755//755 750//750 752//752 
f 756//756 752//752 751//751 
f 756//756 757//757 752//752 
f 748//748 758//758 756//756 
f 756//756 758//758 761//761 
f 748//748 753//753 754//754 
f 748//748 754//754 758//758 
f 753//753 759//759 754//754 
f 753//753 755//755 759//759 
f 762//762 759//759 757//757 
f 759//759 755//755 757//757 
f 761//761 757//757 756//756 
f 761//761 762//762 757//757 
f 758//758 763//763 761//761 
f 761//761 763//763 765//765 
f 758//758 754//754 764//764 
f 758//758 764//764 763//763 
f 754//754 760//760 764//764 
f 754//754 759//759 760//760 
f 767//767 760//760 762//762 
f 760//760 759//759 762//762 
f 765//765 762//762 761//761 
f 765//765 767//767 762//762 
f 763//763 768//768 765//765 
f 765//765 768//768 766//766 
f 763//763 764//764 769//769 
f 763//763 769//769 768//768 
f 764//764 770//770 769//769 
f 764//764 760//760 770//770 
f 771//771 770//770 767//767 
f 770//770 760//760 767//767 
f 766//766 767//767 765//765 
f 766//766 771//771 767//767 
f 768//768 773//773 766//766 
f 766//766 773//773 776//776 
f 768//768 769//769 774//774 
f 768//768 774//774 773//773 
f 769//769 775//775 774//774 
f 769//769 770//770 775//775 
f 772//772 775//775 771//771 
f 775//775 770//770 771//771 
f 776//776 771//771 766//766 
f 776//776 772//772 771//771 
f 773//773 777//777 776//776 
f 776//776 777//777 781//781 
f 773//773 774//774 779//779 
f 773//773 779//779 777//777 
f 774//774 780//780 779//779 
f 774//774 775//775 780//780 
f 782//782 780//780 772//772 
f 780//780 775//775 772//772 
f 781//781 772//772 776//776 
f 781//781 782//782 772//772 
f 777//777 778//778 781//781 
f 781//781 778//778 786//786 
f 777//777 779//779 783//783 
f 777//777 783//783 778//778 
f 779//779 785//785 783//783 
f 779//779 780//780 785//785 
f 787//787 785//785 782//782 
f 785//785 780//780 782//782 
f 786//786 782//782 781//781 
f 786//786 787//787 782//782 
f 778//778 788//788 786//786 
f 786//786 788//788 791//791 
f 778//778 783//783 784//784 
f 778//778 784//784 788//788 
f 783//783 789//789 784//784 
f 783//783 785//785 789//789 
f 792//792 789//789 787//787 
f 789//789 785//785 787//787 
f 791//791 787//787 786//786 
f 791//791 792//792 787//787 
f 788//788 793//793 791//791 
f 791//791 793//793 795//795 
f 788//788 784//784 794//794 
f 788//788 794//794 793//793 
f 784//784 790//790 794//794 
f 784//784 789//789 790//790 
f 797//797 790//790 792//792 
f 790//790 789//789 792//792 
f 795//795 792//792 791//791 
f 795//795 797//797 792//792 
f 793//793 798//798 795//795 
f 795//795 798//798 796//796 
f 793//793 794//794 799//799 
f 793//793 799//799 798//798 
f 794//794 800//800 799//799 
f 794//794 790//790 800//800 
f 801//801 800//800 797//797 
f 800//800 790//790 797//797 
f 796//796 797//797 795//795 
f 796//796 801//801 797//797 
f 798//798 803//803 796//796 
f 796//796 803//803 806//806 
f 798//798 799//799 804//804 
f 798//798 804//804 803//803 
f 799//799 805//805 804//804 
f 799//799 800//800 805//805 
f 802//802 805//805 801//801 
f 805//805 800//800 801//801 
f 806//806 801//801 796//796 
f 806//806 802//802 801//801 
f 803//803 807//807 806//806 
f 806//806 807//807 811//811 
f 803//803 804//804 809//809 
f 803//803 809//809 807//807 
f 804//804 810//810 809//809 
f 804//804 805//805 810//810 
f 812//812 810//810 802//802 
f 810//810 805//805 802//802 
f 811//811 802//802 806//806 
f 811//811 812//812 802//802 
f 807//807 808//808 811//811 
f 811//811 808//808 816//816 
f 807//807 809//809 813//813 
f 807//807 813//813 808//808 
f 809//809 815//815 813//813 
f 809//809 810//810 815//815 
f 817//817 815//815 812//812 
f 815//815 810//810 812//812 
f 816//816 812//812 811//811 
f 816//816 817//817 812//812 
f 808//808 818//818 816//816 
f 816//816 818//818 821//821 
f 808//808 813//813 814//814 
f 808//808 814//814 818//818 
f 813//813 819//819 814//814 
f 813//813 815//815 819//819 
f 822//822 819//819 817//817 
f 819//819 815//815 817//817 
f 821//821 817//817 816//816 
f 821//821 822//822 817//817 
f 818//818 823//823 821//821 
f 821//821 823//823 825//825 
f 818//818 814//814 824//824 
f 818//818 824//824 823//823 
f 814//814 820//820 824//824 
f 814//814 819//819 820//820 
f 827//827 820//820 822//822 
f 820//820 819//819 822//822 
f 825//825 822//822 821//821 
f 825//825 827//827 822//822 
f 823//823 828//828 825//825 
f 825//825 828//828 826//826 
f 823//823 824//824 829//829 
f 823//823 829//829 828//828 
f 824//824 830//830 829//829 
f 824//824 820//820 830//830 
f 831//831 830//830 827//827 
f 830//830 820//820 827//827 
f 826//826 827//827 825//825 
f 826//826 831//831 827//827 
f 828//828 833//833 826//826 
f 826//826 833//833 836//836 
f 828//828 829//829 834//834 
f 828//828 834//834 833//833 
f 829//829 835//835 834//834 
f 829//829 830//830 835//835 
f 832//832 835//835 831//831 
f 835//835 830//830 831//831 
f 836//836 831//831 826//826 
f 836//836 832//832 831//831 
f 833//833 837//837 836//836 
f 836//836 837//837 841//841 
f 833//833 834//834 839//839 
f 833//833 839//839 837//837 
f 834//834 840//840 839//839 
f 834//834 835//835 840//840 
f 842//842 840//840 832//832 
f 840//840 835//835 832//832 
f 841//841 832//832 836//836 
f 841//841 842//842 832//832 
f 837//837 838//838 841//841 
f 841//841 838//838 846//846 
f 837//837 839//839 843//843 
f 837//837 843//843 838//838 
f 839//839 845//845 843//843 
f 839//839 840//840 845//845 
f 847//847 845//845 842//842 
f 845//845 840//840 842//842 
f 846//846 842//842 841//841 
f 846//846 847//847 842//842 
f 838//838 848//848 846//846 
f 846//846 848//848 851//851 
f 838//838 843//843 844//844 
f 838//838 844//844 848//848 
f 843//843 849//849 844//844 
f 843//843 845//845 849//849 
f 852//852 849//849 847//847 
f 849//849 845//845 847//847 
f 851//851 847//847 846//846 
f 851//851 852//852 847//847 
f 848//848 853//853 851//851 
f 851//851 853//853 855//855 
f 848//848 844//844 854//854 
f 848//848 854//854 853//853 
f 844//844 850//850 854//854 
f 844//844 849//849 850//850 
f 857//857 850//850 852//852 
f 850//850 849//849 852//852 
f 855//855 852//852 851//851 
f 855//855 857//857 852//852 
f 853//853 858//858 855//855 
f 855//855 858//858 856//856 
f 853//853 854//854 859//859 
f 853//853 859//859 858//858 
f 854//854 860//860 859//859 
f 854//854 850//850 860//860 
f 861//861 860//860 857//857 
f 860//860 850//850 857//857 
f 856//856 857//857 855//855 
f 856//856 861//861 857//857 
f 858//858 863//863 856//856 
f 856//856 863//863 866//866 
f 858//858 859//859 864//864 
f 858//858 864//864 863//863 
f 859//859 865//865 864//864 
f 859//859 860//860 865//865 
f 862//862 865//865 861//861 
f 865//865 860//860 861//861 
f 866//866 861//861 856//856 
f 866//866 862//862 861//861 
f 863//863 867//867 866//866 
f 866//866 867//867 871//871 
f 863//863 864//864 869//869 
f 863//863 869//869 867//867 
f 864//864 870//870 869//869 
f 864//864 865//865 870//870 
f 872//872 870//870 862//862 
f 870//870 865//865 862//862 
f 871//871 862//862 866//866 
f 871//871 872//872 862//862 
f 867//867 868//868 871//871 
f 871//871 868//868 876//876 
f 867//867 869//869 873//873 
f 867//867 873//873 868//868 
f 869//869 875//875 873//873 
f 869//869 870//870 875//875 
f 877//877 875//875 872//872 
f 875//875 870//870 872//872 
f 876//876 872//872 871//871 
f 876//876 877//877 872//872 
f 868//868 878//878 876//876 
f 876//876 878//878 881//881 
f 868//868 873//873 874//874 
f 868//868 874//874 878//878 
f 873//873 879//879 874//874 
f 873//873 875//875 879//879 
f 882//882 879//879 877//877 
f 879//879 875//875 877//877 
f 881//881 877//877 876//876 
f 881//881 882//882 877//877 
f 878//878 883//883 881//881 
f 881//881 883//883 885//885 
f 878//878 874//874 884//884 
f 878//878 884//884 883//883 
f 874//874 880//880 884//884 
f 874//874 879//879 880//880 
f 887//887 880//880 882//882 
f 880//880 879//879 882//882 
f 885//885 882//882 881//881 
f 885//885 887//887 882//882 
f 883//883 888//888 885//885 
f 885//885 888//888 886//886 
f 883//883 884//884 889//889 
f 883//883 889//889 888//888 
f 884//884 890//890 889//889 
f 884//884 880//880 890//890 
f 891//891 890//890 887//887 
f 890//890 880//880 887//887 
f 886//886 887//887 885//885 
f 886//886 891//891 887//887 
f 888//888 893//893 886//886 
f 886//886 893//893 896//896 
f 888//888 889//889 894//894 
f 888//888 894//894 893//893 
f 889//889 895//895 894//894 
f 889//889 890//890 895//895 
f 892//892 895//895 891//891 
f 895//895 890//890 891//891 
f 896//896 891//891 886//886 
f 896//896 892//892 891//891 
f 893//893 897//897 896//896 
f 896//896 897//897 901//901 
f 893//893 894//894 899//899 
f 893//893 899//899 897//897 
f 894//894 900//900 899//899 
f 894//894 895//895 900//900 
f 902//902 900//900 892//892 
f 900//900 895//895 892//892 
f 901//901 892//892 896//896 
f 901//901 902//902 892//892 
f 897//897 898//898 901//901 
f 901//901 898//898 906//906 
f 897//897 899//899 903//903 
f 897//897 903//903 898//898 
f 899//899 905//905 903//903 
f 899//899 900//900 905//905 
f 907//907 905//905 902//902 
f 905//905 900//900 902//902 
f 906//906 902//902 901//901 
f 906//906 907//907 902//902 
f 898//898 908//908 906//906 
f 906//906 908//908 911//911 
f 898//898 903//903 904//904 
f 898//898 904//904 908//908 
f 903//903 909//909 904//904 
f 903//903 905//905 909//909 
f 912//912 909//909 907//907 
f 909//909 905//905 907//907 
f 911//911 907//907 906//906 
f 911//911 912//912 907//907 
f 908//908 913//913 911//911 
f 911//911 913//913 915//915 
f 908//908 904//904 914//914 
f 908//908 914//914 913//913 
f 904//904 910//910 914//914 
f 904//904 909//909 910//910 
f 917//917 910//910 912//912 
f 910//910 909//909 912//912 
f 915//915 912//912 911//911 
f 915//915 917//917 912//912 
f 913//913 918//918 915//915 
f 915//915 918//918 916//916 
f 913//913 914//914 919//919 
f 913//913 919//919 918//918 
f 914//914 920//920 919//919 
f 914//914 910//910 920//920 
f 921//921 920//920 917//917 
f 920//920 910//910 917//917 
f 916//916 917//917 915//915 
f 916//916 921//921 917//917 
f 918//918 923//923 916//916 
f 916//916 923//923 926//926 
f 918//918 919//919 924//924 
f 918//918 924//924 923//923 
f 919//919 925//925 924//924 
f 919//919 920//920 925//925 
f 922//922 925//925 921//921 
f 925//925 920//920 921//921 
f 926//926 921//921 916//916 
f 926//926 922//922 921//921 
f 923//923 927//927 926//926 
f 926//926 927//927 931//931 
f 923//923 924//924 929//929 
f 923//923 929//929 927//927 
f 924//924 930//930 929//929 
f 924//924 925//925 930//930 
f 932//932 930//930 922//922 
f 930//930 925//925 922//922 
f 931//931 922//922 926//926 
f 931//931 932//932 922//922 
f 927//927 928//928 931//931 
f 931//931 928//928 936//936 
f 927//927 929//929 933//933 
f 927//927 933//933 928//928 
f 929//929 935//935 933//933 
f 929//929 930//930 935//935 
f 937//937 935//935 932//932 
f 935//935 930//930 932//932 
f 936//936 932//932 931//931 
f 936//936 937//937 932//932 
f 928//928 938//938 936//936 
f 936//936 938//938 941//941 
f 928//928 933//933 934//934 
f 928//928 934//934 938//938 
f 933//933 939//939 934//934 
f 933//933 935//935 939//939 
f 942//942 939//939 937//937 
f 939//939 935//935 937//937 
f 941//941 937//937 936//936 
f 941//941 942//942 937//937 
f 938//938 943//943 941//941 
f 941//941 943//943 945//945 
f 938//938 934//934 944//944 
f 938//938 944//944 943//943 
f 934//934 940//940 944//944 
f 934//934 939//939 940//940 
f 947//947 940//940 942//942 
f 940//940 939//939 942//942 
f 945//945 942//942 941//941 
f 945//945 947//947 942//942 
f 943//943 948//948 945//945 
f 945//945 948//948 946//946 
f 943//943 944//944 949//949 
f 943//943 949//949 948//948 
f 944//944 950//950 949//949 
f 944//944 940//940 950//950 
f 951//951 950//950 947//947 
f 950//950 940//940 947//947 
f 946//946 947//947 945//945 
f 946//946 951//951 947//947 
f 948//948 953//953 946//946 
f 946//946 953//953 956//956 
f 948//948 949//949 954//954 
f 948//948 954//954 953//953 
f 949//949 955//955 954//954 
f 949//949 950//950 955//955 
f 952//952 955//955 951//951 
f 955//955 950//950 951//951 
f 956//956 951//951 946//946 
f 956//956 952//952 951//951 
f 953//953 957//957 956//956 
f 956//956 957//957 961//961 
f 953//953 954//954 959//959 
f 953//953 959//959 957//957 
f 954//954 960//960 959//959 
f 954//954 955//955 960//960 
f 962//962 960//960 952//952 
f 960//960 955//955 952//952 
f 961//961 952//952 956//956 
f 961//961 962//962 952//952 
f 957//957 958//958 961//961 
f 961//961 958//958 966//966 
f 957//957 959//959 963//963 
f 957//957 963//963 958//958 
f 959//959 965//965 963//963 
f 959//959 960//960 965//965 
f 967//967 965//965 962//962 
f 965//965 960//960 962//962 
f 966//966 962//962 961//961 
f 966//966 967//967 962//962 
f 958//958 968//968 966//966 
f 966//966 968//968 971//971 
f 958//958 963//963 964//964 
f 958//958 964//964 968//968 
f 963//963 969//969 964//964 
f 963//963 965//965 969//969 
f 972//972 969//969 967//967 
f 969//969 965//965 967//967 
f 971//971 967//967 966//966 
f 971//971 972//972 967//967 
f 968//968 973//973 971//971 
f 971//971 973//973 975//975 
f 968//968 964//964 974//974 
f 968//968 974//974 973//973 
f 964//964 970//970 974//974 
f 964//964 969//969 970//970 
f 977//977 970//970 972//972 
f 970//970 969//969 972//972 
f 975//975 972//972 971//971 
f 975//975 977//977 972//972 
f 973//973 978//978 975//975 
f 975//975 978//978 976//976 
f 973//973 974//974 979//979 
f 973//973 979//979 978//978 
f 974//974 980//980 979//979 
f 974//974 970//970 980//980 
f 981//981 980//980 977//977 
f 980//980 970//970 977//977 
f 976//976 977//977 975//975 
f 976//976 981//981 977//977 
f 978//978 983//983 976//976 
f 976//976 983//983 986//986 
f 978//978 979//979 984//984 
f 978//978 984//984 983//983 
f 979//979 985//985 984//984 
f 979//979 980//980 985//985 
f 982//982 985//985 981//981 
f 985//985 980//980 981//981 
f 986//986 981//981 976//976 
f 986//986 982//982 981//981 
f 983//983 987//987 986//986 
f 986//986 987//987 991//991 
f 983//983 984//984 989//989 
f 983//983 989//989 987//987 
f 984//984 990//990 989//989 
f 984//984 985//985 990//990 
f 992//992 990//990 982//982 
f 990//990 985//985 982//982 
f 991//991 982//982 986//986 
f 991//991 992//992 982//982 
f 987//987 988//988 991//991 
f 991//991 988//988 996//996 
f 987//987 989//989 993//993 
f 987//987 993//993 988//988 
f 989//989 995//995 993//993 
f 989//989 990//990 995//995 
f 997//997 995//995 992//992 
f 995//995 990//990 992//992 
f 996//996 992//992 991//991 
f 996//996 997//997 992//992 
f 988//988 998//998 996//996 
f 996//996 998//998 1001//1001 
f 988//988 993//993 994//994 
f 988//988 994//994 998//998 
f 993//993 999//999 994//994 
f 993//993 995//995 999//999 
f 1002//1002 999//999 997//997 
f 999//999 995//995 997//997 
f 1001//1001 997//997 996//996 
f 1001//1001 1002//1002 997//997 
f 998//998 1003//1003 1001//1001 
f 1001//1001 1003//1003 1005//1005 
f 998//998 994//994 1004//1004 
f 998//998 1004//1004 1003//1003 
f 994//994 1000//1000 1004//1004 
f 994//994 999//999 1000//1000 
f 1007//1007 1000//1000 1002//1002 
f 1000//1000 999//999 1002//1002 
f 1005//1005 1002//1002 1001//1001 
f 1005//1005 1007//1007 1002//1002 
f 1003//1003 1008//1008 1005//1005 
f 1005//1005 1008//1008 1006//1006 
f 1003//1003 1004//1004 1009//1009 
f 1003//1003 1009//1009 1008//1008 
f 1004//1004 1010//1010 1009//1009 
f 1004//1004 1000//1000 1010//1010 
f 1011//1011 1010//1010 1007//1007 
f 1010//1010 1000//1000 1007//1007 
f 1006//1006 1007//1007 1005//1005 
f 1006//1006 1011//1011 1007//1007 
f 1008//1008 1013//1013 1006//1006 
f 1006//1006 1013//1013 1016//1016 
f 1008//1008 1009//1009 1014//1014 
f 1008//1008 1014//1014 1013//1013 
f 1009//1009 1015//1015 1014//1014 
f 1009//1009 1010//1010 1015//1015 
f 1012//1012 1015//1015 1011//1011 
f 1015//1015 1010//1010 1011//1011 
f 1016//1016 1011//1011 1006//1006 
f 1016//1016 1012//1012 1011//1011 
f 1013//1013 1017//1017 1016//1016 
f 1016//1016 1017//1017 1021//1021 
f 1013//1013 1014//1014 1019//1019 
f 1013//1013 1019//1019 1017//1017 
f 1014//1014 1020//1020 1019//1019 
f 1014//1014 1015//1015 1020//1020 
f 1022//1022 1020//1020 1012//1012 
f 1020//1020 1015//1015 1012//1012 
f 1021//1021 1012//1012 1016//1016 
f 1021//1021 1022//1022 1012//1012 
f 1017//1017 1018//1018 1021//1021 
f 1021//1021 1018//1018 1026//1026 
f 1017//1017 1019//1019 1023//1023 
f 1017//1017 1023//1023 1018//1018 
f 1019//1019 1025//1025 1023//1023 
f 1019//1019 1020//1020 1025//1025 
f 1027//1027 1025//1025 1022//1022 
f 1025//1025 1020//1020 1022//1022 
f 1026//1026 1022//1022 1021//1021 
f 1026//1026 1027//1027 1022//1022 
f 1018//1018 1028//1028 1026//1026 
f 1026//1026 1028//1028 1031//1031 
f 1018//1018 1023//1023 1024//1024 
f 1018//1018 1024//1024 1028//1028 
f 1023//1023 1029//1029 1024//1024 
f 1023//1023 1025//1025 1029//1029 
f 1032//1032 1029//1029 1027//1027 
f 1029//1029 1025//1025 1027//1027 
f 1031//1031 1027//1027 1026//1026 
f 1031//1031 1032//1032 1027//1027 
f 1028//1028 1033//1033 1031//1031 
f 1031//1031 1033//1033 1035//1035 
f 1028//1028 1024//1024 1034//1034 
f 1028//1028 1034//1034 1033//1033 
f 1024//1024 1030//1030 1034//1034 
f 1024//1024 1029//1029 1030//1030 
f 1037//1037 1030//1030 1032//1032 
f 1030//1030 1029//1029 1032//1032 
f 1035//1035 1032//1032 1031//1031 
f 1035//1035 1037//1037 1032//1032 
f 1033//1033 1038//1038 1035//1035 
f 1035//1035 1038//1038 1036//1036 
f 1033//1033 1034//1034 1039//1039 
f 1033//1033 1039//1039 1038//1038 
f 1034//1034 1040//1040 1039//1039 
f 1034//1034 1030//1030 1040//1040 
f 1041//1041 1040//1040 1037//1037 
f 1040//1040 1030//1030 1037//1037 
f 1036//1036 1037//1037 1035//1035 
f 1036//1036 1041//1041 1037//1037 
f 1038//1038 1043//1043 1036//1036 
f 1036//1036 1043//1043 1046//1046 
f 1038//1038 1039//1039 1044//1044 
f 1038//1038 1044//1044 1043//1043 
f 1039//1039 1045//1045 1044//1044 
f 1039//1039 1040//1040 1045//1045 
f 1042//1042 1045//1045 1041//1041 
f 1045//1045 1040//1040 1041//1041 
f 1046//1046 1041//1041 1036//1036 
f 1046//1046 1042//1042 1041//1041 
f 1043//1043 1047//1047 1046//1046 
f 1046//1046 1047//1047 1051//1051 
f 1043//1043 1044//1044 1049//1049 
f 1043//1043 1049//1049 1047//1047 
f 1044//1044 1050//1050 1049//1049 
f 1044//1044 1045//1045 1050//1050 
f 1052//1052 1050//1050 1042//1042 
f 1050//1050 1045//1045 1042//1042 
f 1051//1051 1042//1042 1046//1046 
f 1051//1051 1052//1052 1042//1042 
f 1047//1047 1048//1048 1051//1051 
f 1051//1051 1048//1048 1056//1056 
f 1047//1047 1049//1049 1053//1053 
f 1047//1047 1053//1053 1048//1048 
f 1049//1049 1055//1055 1053//1053 
f 1049//1049 1050//1050 1055//1055 
f 1057//1057 1055//1055 1052//1052 
f 1055//1055 1050//1050 1052//1052 
f 1056//1056 1052//1052 1051//1051 
f 1056//1056 1057//1057 1052//1052 
f 1048//1048 1058//1058 1056//1056 
f 1056//1056 1058//1058 1061//1061 
f 1048//1048 1053//1053 1054//1054 
f 1048//1048 1054//1054 1058//1058 
f 1053//1053 1059//1059 1054//1054 
f 1053//1053 1055//1055 1059//1059 
f 1062//1062 1059//1059 1057//1057 
f 1059//1059 1055//1055 1057//1057 
f 1061//1061 1057//1057 1056//1056 
f 1061//1061 1062//1062 1057//1057 
f 1058//1058 1063//1063 1061//1061 
f 1061//1061 1063//1063 1065//1065 
f 1058//1058 1054//1054 1064//1064 
f 1058//1058 1064//1064 1063//1063 
f 1054//1054 1060//1060 1064//1064 
f 1054//1054 1059//1059 1060//1060 
f 1067//1067 1060//1060 1062//1062 
f 1060//1060 1059//1059 1062//1062 
f 1065//1065 1062//1062 1061//1061 
f 1065//1065 1067//1067 1062//1062 
f 1063//1063 1068//1068 1065//1065 
f 1065//1065 1068//1068 1066//1066 
f 1063//1063 1064//1064 1069//1069 
f 1063//1063 1069//1069 1068//1068 
f 1064//1064 1070//1070 1069//1069 
f 1064//1064 1060//1060 1070//1070 
f 1071//1071 1070//1070 1067//1067 
f 1070//1070 1060//1060 1067//1067 
f 1066//1066 1067//1067 1065//1065 
f 1066//1066 1071//1071 1067//1067 
f 1068//1068 1073//1073 1066//1066 
f 1066//1066 1073//1073 1076//1076 
f 1068//1068 1069//1069 1074//1074 
f 1068//1068 1074//1074 1073//1073 
f 1069//1069 1075//1075 1074//1074 
f 1069//1069 1070//1070 1075//1075 
f 1072//1072 1075//1075 1071//1071 
f 1075//1075 1070//1070 1071//1071 
f 1076//1076 1071//1071 1066//1066 
f 1076//1076 1072//1072 1071//1071 
f 1073//1073 1077//1077 1076//1076 
f 1076//1076 1077//1077 1081//1081 
f 1073//1073 1074//1074 1079//1079 
f 1073//1073 1079//1079 1077//1077 
f 1074//1074 1080//1080 1079//1079 
f 1074//1074 1075//1075 1080//1080 
f 1082//1082 1080//1080 1072//1072 
f 1080//1080 1075//1075 1072//1072 
f 1081//1081 1072//1072 1076//1076 
f 1081//1081 1082//1082 1072//1072 
f 1077//1077 1078//1078 1081//1081 
f 1081//1081 1078//1078 1086//1086 
f 1077//1077 1079//1079 1083//1083 
f 1077//1077 1083//1083 1078//1078 
f 1079//1079 1085//1085 1083//1083 
f 1079//1079 1080//1080 1085//1085 
f 1087//1087 1085//1085 1082//1082 
f 1085//1085 1080//1080 1082//1082 
f 1086//1086 1082//1082 1081//1081 
f 1086//1086 1087//1087 1082//1082 
f 1078//1078 1088//1088 1086//1086 
f 1086//1086 1088//1088 1091//1091 
f 1078//1078 1083//1083 1084//1084 
f 1078//1078 1084//1084 1088//1088 
f 1083//1083 1089//1089 1084//1084 
f 1083//1083 1085//1085 1089//1089 
f 1092//1092 1089//1089 1087//1087 
f 1089//1089 1085//1085 1087//1087 
f 1091//1091 1087//1087 1086//1086 
f 1091//1091 1092//1092 1087//1087 
f 1088//1088 1093//1093 1091//1091 
f 1091//1091 1093//1093 1095//1095 
f 1088//1088 1084//1084 1094//1094 
f 1088//1088 1094//1094 1093//1093 
f 1084//1084 1090//1090 1094//1094 
f 1084//1084 1089//1089 1090//1090 
f 1101//1101 1090//1090 1092//1092 
f 1090//1090 1089//1089 1092//1092 
f 1095//1095 1092//1092 1091//1091 
f 1095//1095 1101//1101 1092//1092 
f 1093//1093 1103//1103 1095//1095 
f 1095//1095 1103//1103 1098//1098 
f 1093//1093 1094//1094 1097//1097 
f 1093//1093 1097//1097 1103//1103 
f 1094//1094 1104//1104 1097//1097 
f 1094//1094 1090//1090 1104//1104 
f 1105//1105 1104//1104 1101//1101 
f 1104//1104 1090//1090 1101//1101 
f 1098//1098 1101//1101 1095//1095 
f 1098//1098 1105//1105 1101//1101 
f 1103//1103 1096//1096 1098//1098 
f 1098//1098 1096//1096 1106//1106 
f 1103//1103 1097//1097 1102//1102 
f 1103//1103 1102//1102 1096//1096 
f 1097//1097 1099//1099 1102//1102 
f 1097//1097 1104//1104 1099//1099 
f 1100//1100 1099//1099 1105//1105 
f 1099//1099 1104//1104 1105//1105 
f 1106//1106 1105//1105 1098//1098 
f 1106//1106 1100//1100 1105//1105 
f 1108//1108 1111//1111 1112//1112 
f 1108//1108 1116//1116 1111//1111 
f 1114//1114 1112//1112 1110//1110 
f 1114//1114 1108//1108 1112//1112 
f 1114//1114 1107//1107 1115//1115 
f 1110//1110 1107//1107 1114//1114 
f 1109//1109 1117//1117 1115//1115 
f 1107//1107 1109//1109 1115//1115 
f 1116//1116 1117//1117 1109//1109 
f 1111//1111 1116//1116 1109//1109 
f 1113//1113 1116//1116 1108//1108 
f 1113//1113 1121//1121 1116//1116 
f 1118//1118 1108//1108 1114//1114 
f 1118//1118 1113//1113 1108//1108 
f 1118//1118 1115//1115 1120//1120 
f 1114//1114 1115//1115 1118//1118 
f 1117//1117 1122//1122 1120//1120 
f 1115//1115 1117//1117 1120//1120 
f 1121//1121 1122//1122 1117//1117 
f 1121//1121 1117//1117 1116//1116 
f 1123//1123 1121//1121 1113//1113 
f 1123//1123 1126//1126 1121//1121 
f 1119//1119 1113//1113 1118//1118 
f 1119//1119 1123//1123 1113//1113 
f 1119//1119 1120//1120 1124//1124 
f 1118//1118 1120//1120 1119//1119 
f 1122//1122 1127//1127 1124//1124 
f 1120//1120 1122//1122 1124//1124 
f 1126//1126 1127//1127 1122//1122 
f 1126//1126 1122//1122 1121//1121 
f 1128//1128 1126//1126 1123//1123 
f 1128//1128 1130//1130 1126//1126 
f 1129//1129 1123//1123 1119//1119 
f 1129//1129 1128//1128 1123//1123 
f 1129//1129 1124//1124 1125//1125 
f 1119//1119 1124//1124 1129//1129 
f 1127//1127 1132//1132 1125//1125 
f 1124//1124 1127//1127 1125//1125 
f 1130//1130 1132//1132 1127//1127 
f 1130//1130 1127//1127 1126//1126 
f 1133//1133 1130//1130 1128//1128 
f 1133//1133 1131//1131 1130//1130 
f 1134//1134 1128//1128 1129//1129 
f 1134//1134 1133//1133 1128//1128 
f 1134//1134 1125//1125 1135//1135 
f 1129//1129 1125//1125 1134//1134 
f 1132//1132 1136//1136 1135//1135 
f 1125//1125 1132//1132 1135//1135 
f 1131//1131 1136//1136 1132//1132 
f 1131//1131 1132//1132 1130//1130 
f 1138//1138 1131//1131 1133//1133 
f 1138//1138 1141//1141 1131//1131 
f 1139//1139 1133//1133 1134//1134 
f 1139//1139 1138//1138 1133//1133 
f 1139//1139 1135//1135 1140//1140 
f 1134//1134 1135//1135 1139//1139 
f 1136//1136 1137//1137 1140//1140 
f 1135//1135 1136//1136 1140//1140 
f 1141//1141 1137//1137 1136//1136 
f 1141//1141 1136//1136 1131//1131 
f 1142//1142 1141//1141 1138//1138 
f 1142//1142 1146//1146 1141//1141 
f 1144//1144 1138//1138 1139//1139 
f 1144//1144 1142//1142 1138//1138 
f 1144//1144 1140//1140 1145//1145 
f 1139//1139 1140//1140 1144//1144 
f 1137//1137 1147//1147 1145//1145 
f 1140//1140 1137//1137 1145//1145 
f 1146//1146 1147//1147 1137//1137 
f 1146//1146 1137//1137 1141//1141 
f 1143//1143 1146//1146 1142//1142 
f 1143//1143 1151//1151 1146//1146 
f 1148//1148 1142//1142 1144//1144 
f 1148//1148 1143//1143 1142//1142 
f 1148//1148 1145//1145 1150//1150 
f 1144//1144 1145//1145 1148//1148 
f 1147//1147 1152//1152 1150//1150 
f 1145//1145 1147//1147 1150//1150 
f 1151//1151 1152//1152 1147//1147 
f 1151//1151 1147//1147 1146//1146 
f 1153//1153 1151//1151 1143//1143 
f 1153//1153 1156//1156 1151//1151 
f 1149//1149 1143//1143 1148//1148 
f 1149//1149 1153//1153 1143//1143 
f 1149//1149 1150//1150 1154//1154 
f 1148//1148 1150//1150 1149//1149 
f 1152//1152 1157//1157 1154//1154 
f 1150//1150 1152//1152 1154//1154 
f 1156//1156 1157//1157 1152//1152 
f 1156//1156 1152//1152 1151//1151 
f 1158//1158 1156//1156 1153//1153 
f 1158//1158 1160//1160 1156//1156 
f 1159//1159 1153//1153 1149//1149 
f 1159//1159 1158//1158 1153//1153 
f 1159//1159 1154//1154 1155//1155 
f 1149//1149 1154//1154 1159//1159 
f 1157//1157 1162//1162 1155//1155 
f 1154//1154 1157//1157 1155//1155 
f 1160//1160 1162//1162 1157//1157 
f 1160//1160 1157//1157 1156//1156 
f 1163//1163 1160//1160 1158//1158 
f 1163//1163 1161//1161 1160//1160 
f 1164//1164 1158//1158 1159//1159 
f 1164//1164 1163//1163 1158//1158 
f 1164//1164 1155//1155 1165//1165 
f 1159//1159 1155//1155 1164//1164 
f 1162//1162 1166//1166 1165//1165 
f 1155//1155 1162//1162 1165//1165 
f 1161//1161 1166//1166 1162//1162 
f 1161//1161 1162//1162 1160//1160 
f 1168//1168 1161//1161 1163//1163 
f 1168//1168 1171//1171 1161//1161 
f 1169//1169 1163//1163 1164//1164 
f 1169//1169 1168//1168 1163//1163 
f 1169//1169 1165//1165 1170//1170 
f 1164//1164 1165//1165 1169//1169 
f 1166//1166 1167//1167 1170//1170 
f 1165//1165 1166//1166 1170//1170 
f 1171//1171 1167//1167 1166//1166 
f 1171//1171 1166//1166 1161//1161 
f 1172//1172 1171//1171 1168//1168 
f 1172//1172 1176//1176 1171//1171 
f 1174//1174 1168//1168 1169//1169 
f 1174//1174 1172//1172 1168//1168 
f 1174//1174 1170//1170 1175//1175 
f 1169//1169 1170//1170 1174//1174 
f 1167//1167 1177//1177 1175//1175 
f 1170//1170 1167//1167 1175//1175 
f 1176//1176 1177//1177 1167//1167 
f 1176//1176 1167//1167 1171//1171 
f 1173//1173 1176//1176 1172//1172 
f 1173//1173 1181//1181 1176//1176 
f 1178//1178 1172//1172 1174//1174 
f 1178//1178 1173//1173 1172//1172 
f 1178//1178 1175//1175 1180//1180 
f 1174//1174 1175//1175 1178//1178 
f 1177//1177 1182//1182 1180//1180 
f 1175//1175 1177//1177 1180//1180 
f 1181//1181 1182//1182 1177//1177 
f 1181//1181 1177//1177 1176//1176 
f 1183//1183 1181//1181 1173//1173 
f 1183//1183 1186//1186 1181//1181 
f 1179//1179 1173//1173 1178//1178 
f 1179//1179 1183//1183 1173//1173 
f 1179//1179 1180//1180 1184//1184 
f 1178//1178 1180//1180 1179//1179 
f 1182//1182 1187//1187 1184//1184 
f 1180//1180 1182//1182 1184//1184 
f 1186//1186 1187//1187 1182//1182 
f 1186//1186 1182//1182 1181//1181 
f 1188//1188 1186//1186 1183//1183 
f 1188//1188 1190//1190 1186//1186 
f 1189//1189 1183//1183 1179//1179 
f 1189//1189 1188//1188 1183//1183 
f 1189//1189 1184//1184 1185//1185 
f 1179//1179 1184//1184 1189//1189 
f 1187//1187 1192//1192 1185//1185 
f 1184//1184 1187//1187 1185//1185 
f 1190//1190 1192//1192 1187//1187 
f 1190//1190 1187//1187 1186//1186 
f 1193//1193 1190//1190 1188//1188 
f 1193//1193 1191//1191 1190//1190 
f 1194//1194 1188//1188 1189//1189 
f 1194//1194 1193//1193 1188//1188 
f 1194//1194 1185//1185 1195//1195 
f 1189//1189 1185//1185 1194//1194 
f 1192//1192 1196//1196 1195//1195 
f 1185//1185 1192//1192 1195//1195 
f 1191//1191 1196//1196 1192//1192 
f 1191//1191 1192//1192 1190//1190 
f 1198//1198 1191//1191 1193//1193 
f 1198//1198 1201//1201 1191//1191 
f 1199//1199 1193//1193 1194//1194 
f 1199//1199 1198//1198 1193//1193 
f 1199//1199 1195//1195 1200//1200 
f 1194//1194 1195//1195 1199//1199 
f 1196//1196 1197//1197 1200//1200 
f 1195//1195 1196//1196 1200//1200 
f 1201//1201 1197//1197 1196//1196 
f 1201//1201 1196//1196 1191//1191 
f 1202//1202 1201//1201 1198//1198 
f 1202//1202 1206//1206 1201//1201 
f 1204//1204 1198//1198 1199//1199 
f 1204//1204 1202//1202 1198//1198 
f 1204//1204 1200//1200 1205//1205 
f 1199//1199 1200//1200 1204//1204 
f 1197//1197 1207//1207 1205//1205 
f 1200//1200 1197//1197 1205//1205 
f 1206//1206 1207//1207 1197//1197 
f 1206//1206 1197//1197 1201//1201 
f 1203//1203 1206//1206 1202//1202 
f 1203//1203 1211//1211 1206//1206 
f 1208//1208 1202//1202 1204//1204 
f 1208//1208 1203//1203 1202//1202 
f 1208//1208 1205//1205 1210//1210 
f 1204//1204 1205//1205 1208//1208 
f 1207//1207 1212//1212 1210//1210 
f 1205//1205 1207//1207 1210//1210 
f 1211//1211 1212//1212 1207//1207 
f 1211//1211 1207//1207 1206//1206 
f 1213//1213 1211//1211 1203//1203 
f 1213//1213 1216//1216 1211//1211 
f 1209//1209 1203//1203 1208//1208 
f 1209//1209 1213//1213 1203//1203 
f 1209//1209 1210//1210 1214//1214 
f 1208//1208 1210//1210 1209//1209 
f 1212//1212 1217//1217 1214//1214 
f 1210//1210 1212//1212 1214//1214 
f 1216//1216 1217//1217 1212//1212 
f 1216//1216 1212//1212 1211//1211 
f 1218//1218 1216//1216 1213//1213 
f 1218//1218 1220//1220 1216//1216 
f 1219//1219 1213//1213 1209//1209 
f 1219//1219 1218//1218 1213//1213 
f 1219//1219 1214//1214 1215//1215 
f 1209//1209 1214//1214 1219//1219 
f 1217//1217 1222//1222 1215//1215 
f 1214//1214 1217//1217 1215//1215 
f 1220//1220 1222//1222 1217//1217 
f 1220//1220 1217//1217 1216//1216 
f 1223//1223 1220//1220 1218//1218 
f 1223//1223 1221//1221 1220//1220 
f 1224//1224 1218//1218 1219//1219 
f 1224//1224 1223//1223 1218//1218 
f 1224//1224 1215//1215 1225//1225 
f 1219//1219 1215//1215 1224//1224 
f 1222//1222 1226//1226 1225//1225 
f 1215//1215 1222//1222 1225//1225 
f 1221//1221 1226//1226 1222//1222 
f 1221//1221 1222//1222 1220//1220 
f 1228//1228 1221//1221 1223//1223 
f 1228//1228 1231//1231 1221//1221 
f 1229//1229 1223//1223 1224//1224 
f 1229//1229 1228//1228 1223//1223 
f 1229//1229 1225//1225 1230//1230 
f 1224//1224 1225//1225 1229//1229 
f 1226//1226 1227//1227 1230//1230 
f 1225//1225 1226//1226 1230//1230 
f 1231//1231 1227//1227 1226//1226 
f 1231//1231 1226//1226 1221//1221 
f 1232//1232 1231//1231 1228//1228 
f 1232//1232 1236//1236 1231//1231 
f 1234//1234 1228//1228 1229//1229 
f 1234//1234 1232//1232 1228//1228 
f 1234//1234 1230//1230 1235//1235 
f 1229//1229 1230//1230 1234//1234 
f 1227//1227 1237//1237 1235//1235 
f 1230//1230 1227//1227 1235//1235 
f 1236//1236 1237//1237 1227//1227 
f 1236//1236 1227//1227 1231//1231 
f 1233//1233 1236//1236 1232//1232 
f 1233//1233 1241//1241 1236//1236 
f 1238//1238 1232//1232 1234//1234 
f 1238//1238 1233//1233 1232//1232 
f 1238//1238 1235//1235 1240//1240 
f 1234//1234 1235//1235 1238//1238 
f 1237//1237 1242//1242 1240//1240 
f 1235//1235 1237//1237 1240//1240 
f 1241//1241 1242//1242 1237//1237 
f 1241//1241 1237//1237 1236//1236 
f 1243//1243 1241//1241 1233//1233 
f 1243//1243 1246//1246 1241//1241 
f 1239//1239 1233//1233 1238//1238 
f 1239//1239 1243//1243 1233//1233 
f 1239//1239 1240//1240 1244//1244 
f 1238//1238 1240//1240 1239//1239 
f 1242//1242 1247//1247 1244//1244 
f 1240//1240 1242//1242 1244//1244 
f 1246//1246 1247//1247 1242//1242 
f 1246//1246 1242//1242 1241//1241 
f 1248//1248 1246//1246 1243//1243 
f 1248//1248 1250//1250 1246//1246 
f 1249//1249 1243//1243 1239//1239 
f 1249//1249 1248//1248 1243//1243 
f 1249//1249 1244//1244 1245//1245 
f 1239//1239 1244//1244 1249//1249 
f 1247//1247 1252//1252 1245//1245 
f 1244//1244 1247//1247 1245//1245 
f 1250//1250 1252//1252 1247//1247 
f 1250//1250 1247//1247 1246//1246 
f 1253//1253 1250//1250 1248//1248 
f 1253//1253 1251//1251 1250//1250 
f 1254//1254 1248//1248 1249//1249 
f 1254//1254 1253//1253 1248//1248 
f 1254//1254 1245//1245 1255//1255 
f 1249//1249 1245//1245 1254//1254 
f 1252//1252 1256//1256 1255//1255 
f 1245//1245 1252//1252 1255//1255 
f 1251//1251 1256//1256 1252//1252 
f 1251//1251 1252//1252 1250//1250 
f 1258//1258 1251//1251 1253//1253 
f 1258//1258 1261//1261 1251//1251 
f 1259//1259 1253//1253 1254//1254 
f 1259//1259 1258//1258 1253//1253 
f 1259//1259 1255//1255 1260//1260 
f 1254//1254 1255//1255 1259//1259 
f 1256//1256 1257//1257 1260//1260 
f 1255//1255 1256//1256 1260//1260 
f 1261//1261 1257//1257 1256//1256 
f 1261//1261 1256//1256 1251//1251 
f 1262//1262 1261//1261 1258//1258 
f 1262//1262 1266//1266 1261//1261 
f 1264//1264 1258//1258 1259//1259 
f 1264//1264 1262//1262 1258//1258 
f 1264//1264 1260//1260 1265//1265 
f 1259//1259 1260//1260 1264//1264 
f 1257//1257 1267//1267 1265//1265 
f 1260//1260 1257//1257 1265//1265 
f 1266//1266 1267//1267 1257//1257 
f 1266//1266 1257//1257 1261//1261 
f 1263//1263 1266//1266 1262//1262 
f 1263//1263 1271//1271 1266//1266 
f 1268//1268 1262//1262 1264//1264 
f 1268//1268 1263//1263 1262//1262 
f 1268//1268 1265//1265 1270//1270 
f 1264//1264 1265//1265 1268//1268 
f 1267//1267 1272//1272 1270//1270 
f 1265//1265 1267//1267 1270//1270 
f 1271//1271 1272//1272 1267//1267 
f 1271//1271 1267//1267 1266//1266 
f 1273//1273 1271//1271 1263//1263 
f 1273//1273 1276//1276 1271//1271 
f 1269//1269 1263//1263 1268//1268 
f 1269//1269 1273//1273 1263//1263 
f 1269//1269 1270//1270 1274//1274 
f 1268//1268 1270//1270 1269//1269 
f 1272//1272 1277//1277 1274//1274 
f 1270//1270 1272//1272 1274//1274 
f 1276//1276 1277//1277 1272//1272 
f 1276//1276 1272//1272 1271//1271 
f 1278//1278 1276//1276 1273//1273 
f 1278//1278 1280//1280 1276//1276 
f 1279//1279 1273//1273 1269//1269 
f 1279//1279 1278//1278 1273//1273 
f 1279//1279 1274//1274 1275//1275 
f 1269//1269 1274//1274 1279//1279 
f 1277//1277 1282//1282 1275//1275 
f 1274//1274 1277//1277 1275//1275 
f 1280//1280 1282//1282 1277//1277 
f 1280//1280 1277//1277 1276//1276 
f 1283//1283 1280//1280 1278//1278 
f 1283//1283 1281//1281 1280//1280 
f 1284//1284 1278//1278 1279//1279 
f 1284//1284 1283//1283 1278//1278 
f 1284//1284 1275//1275 1285//1285 
f 1279//1279 1275//1275 1284//1284 
f 1282//1282 1286//1286 1285//1285 
f 1275//1275 1282//1282 1285//1285 
f 1281//1281 1286//1286 1282//1282 
f 1281//1281 1282//1282 1280//1280 
f 1288//1288 1281//1281 1283//1283 
f 1288//1288 1291//1291 1281//1281 
f 1289//1289 1283//1283 1284//1284 
f 1289//1289 1288//1288 1283//1283 
f 1289//1289 1285//1285 1290//1290 
f 1284//1284 1285//1285 1289//1289 
f 1286//1286 1287//1287 1290//1290 
f 1285//1285 1286//1286 1290//1290 
f 1291//1291 1287//1287 1286//1286 
f 1291//1291 1286//1286 1281//1281 
f 1292//1292 1291//1291 1288//1288 
f 1292//1292 1296//1296 1291//1291 
f 1294//1294 1288//1288 1289//1289 
f 1294//1294 1292//1292 1288//1288 
f 1294//1294 1290//1290 1295//1295 
f 1289//1289 1290//1290 1294//1294 
f 1287//1287 1297//1297 1295//1295 
f 1290//1290 1287//1287 1295//1295 
f 1296//1296 1297//1297 1287//1287 
f 1296//1296 1287//1287 1291//1291 
f 1293//1293 1296//1296 1292//1292 
f 1293//1293 1301//1301 1296//1296 
f 1298//1298 1292//1292 1294//1294 
f 1298//1298 1293//1293 1292//1292 
f 1298//1298 1295//1295 1300//1300 
f 1294//1294 1295//1295 1298//1298 
f 1297//1297 1302//1302 1300//1300 
f 1295//1295 1297//1297 1300//1300 
f 1301//1301 1302//1302 1297//1297 
f 1301//1301 1297//1297 1296//1296 
f 1303//1303 1301//1301 1293//1293 
f 1303//1303 1306//1306 1301//1301 
f 1299//1299 1293//1293 1298//1298 
f 1299//1299 1303//1303 1293//1293 
f 1299//1299 1300//1300 1304//1304 
f 1298//1298 1300//1300 1299//1299 
f 1302//1302 1307//1307 1304//1304 
f 1300//1300 1302//1302 1304//1304 
f 1306//1306 1307//1307 1302//1302 
f 1306//1306 1302//1302 1301//1301 
f 1308//1308 1306//1306 1303//1303 
f 1308//1308 1310//1310 1306//1306 
f 1309//1309 1303//1303 1299//1299 
f 1309//1309 1308//1308 1303//1303 
f 1309//1309 1304//1304 1305//1305 
f 1299//1299 1304//1304 1309//1309 
f 1307//1307 1312//1312 1305//1305 
f 1304//1304 1307//1307 1305//1305 
f 1310//1310 1312//1312 1307//1307 
f 1310//1310 1307//1307 1306//1306 
f 1313//1313 1310//1310 1308//1308 
f 1313//1313 1311//1311 1310//1310 
f 1314//1314 1308//1308 1309//1309 
f 1314//1314 1313//1313 1308//1308 
f 1314//1314 1305//1305 1315//1315 
f 1309//1309 1305//1305 1314//1314 
f 1312//1312 1316//1316 1315//1315 
f 1305//1305 1312//1312 1315//1315 
f 1311//1311 1316//1316 1312//1312 
f 1311//1311 1312//1312 1310//1310 
f 1318//1318 1311//1311 1313//1313 
f 1318//1318 1321//1321 1311//1311 
f 1319//1319 1313//1313 1314//1314 
f 1319//1319 1318//1318 1313//1313 
f 1319//1319 1315//1315 1320//1320 
f 1314//1314 1315//1315 1319//1319 
f 1316//1316 1317//1317 1320//1320 
f 1315//1315 1316//1316 1320//1320 
f 1321//1321 1317//1317 1316//1316 
f 1321//1321 1316//1316 1311//1311 
f 1322//1322 1321//1321 1318//1318 
f 1322//1322 1326//1326 1321//1321 
f 1324//1324 1318//1318 1319//1319 
f 1324//1324 1322//1322 1318//1318 
f 1324//1324 1320//1320 1325//1325 
f 1319//1319 1320//1320 1324//1324 
f 1317//1317 1327//1327 1325//1325 
f 1320//1320 1317//1317 1325//1325 
f 1326//1326 1327//1327 1317//1317 
f 1326//1326 1317//1317 1321//1321 
f 1323//1323 1326//1326 1322//1322 
f 1323//1323 1331//1331 1326//1326 
f 1328//1328 1322//1322 1324//1324 
f 1328//1328 1323//1323 1322//1322 
f 1328//1328 1325//1325 1330//1330 
f 1324//1324 1325//1325 1328//1328 
f 1327//1327 1332//1332 1330//1330 
f 1325//1325 1327//1327 1330//1330 
f 1331//1331 1332//1332 1327//1327 
f 1331//1331 1327//1327 1326//1326 
f 1333//1333 1331//1331 1323//1323 
f 1333//1333 1336//1336 1331//1331 
f 1329//1329 1323//1323 1328//1328 
f 1329//1329 1333//1333 1323//1323 
f 1329//1329 1330//1330 1334//1334 
f 1328//1328 1330//1330 1329//1329 
f 1332//1332 1337//1337 1334//1334 
f 1330//1330 1332//1332 1334//1334 
f 1336//1336 1337//1337 1332//1332 
f 1336//1336 1332//1332 1331//1331 
f 1338//1338 1336//1336 1333//1333 
f 1338//1338 1340//1340 1336//1336 
f 1339//1339 1333//1333 1329//1329 
f 1339//1339 1338//1338 1333//1333 
f 1339//1339 1334//1334 1335//1335 
f 1329//1329 1334//1334 1339//1339 
f 1337//1337 1342//1342 1335//1335 
f 1334//1334 1337//1337 1335//1335 
f 1340//1340 1342//1342 1337//1337 
f 1340//1340 1337//1337 1336//1336 
f 1343//1343 1340//1340 1338//1338 
f 1343//1343 1341//1341 1340//1340 
f 1344//1344 1338//1338 1339//1339 
f 1344//1344 1343//1343 1338//1338 
f 1344//1344 1335//1335 1345//1345 
f 1339//1339 1335//1335 1344//1344 
f 1342//1342 1346//1346 1345//1345 
f 1335//1335 1342//1342 1345//1345 
f 1341//1341 1346//1346 1342//1342 
f 1341//1341 1342//1342 1340//1340 
f 1348//1348 1341//1341 1343//1343 
f 1348//1348 1351//1351 1341//1341 
f 1349//1349 1343//1343 1344//1344 
f 1349//1349 1348//1348 1343//1343 
f 1349//1349 1345//1345 1350//1350 
f 1344//1344 1345//1345 1349//1349 
f 1346//1346 1347//1347 1350//1350 
f 1345//1345 1346//1346 1350//1350 
f 1351//1351 1347//1347 1346//1346 
f 1351//1351 1346//1346 1341//1341 
f 1352//1352 1351//1351 1348//1348 
f 1352//1352 1356//1356 1351//1351 
f 1354//1354 1348//1348 1349//1349 
f 1354//1354 1352//1352 1348//1348 
f 1354//1354 1350//1350 1355//1355 
f 1349//1349 1350//1350 1354//1354 
f 1347//1347 1357//1357 1355//1355 
f 1350//1350 1347//1347 1355//1355 
f 1356//1356 1357//1357 1347//1347 
f 1356//1356 1347//1347 1351//1351 
f 1353//1353 1356//1356 1352//1352 
f 1353//1353 1361//1361 1356//1356 
f 1358//1358 1352//1352 1354//1354 
f 1358//1358 1353//1353 1352//1352 
f 1358//1358 1355//1355 1360//1360 
f 1354//1354 1355//1355 1358//1358 
f 1357//1357 1362//1362 1360//1360 
f 1355//1355 1357//1357 1360//1360 
f 1361//1361 1362//1362 1357//1357 
f 1361//1361 1357//1357 1356//1356 
f 1363//1363 1361//1361 1353//1353 
f 1363//1363 1366//1366 1361//1361 
f 1359//1359 1353//1353 1358//1358 
f 1359//1359 1363//1363 1353//1353 
f 1359//1359 1360//1360 1364//1364 
f 1358//1358 1360//1360 1359//1359 
f 1362//1362 1367//1367 1364//1364 
f 1360//1360 1362//1362 1364//1364 
f 1366//1366 1367//1367 1362//1362 
f 1366//1366 1362//1362 1361//1361 
f 1368//1368 1366//1366 1363//1363 
f 1368//1368 1370//1370 1366//1366 
f 1369//1369 1363//1363 1359//1359 
f 1369//1369 1368//1368 1363//1363 
f 1369//1369 1364//1364 1365//1365 
f 1359//1359 1364//1364 1369//1369 
f 1367//1367 1372//1372 1365//1365 
f 1364//1364 1367//1367 1365//1365 
f 1370//1370 1372//1372 1367//1367 
f 1370//1370 1367//1367 1366//1366 
f 1373//1373 1370//1370 1368//1368 
f 1373//1373 1371//1371 1370//1370 
f 1374//1374 1368//1368 1369//1369 
f 1374//1374 1373//1373 1368//1368 
f 1374//1374 1365//1365 1375//1375 
f 1369//1369 1365//1365 1374//1374 
f 1372//1372 1376//1376 1375//1375 
f 1365//1365 1372//1372 1375//1375 
f 1371//1371 1376//1376 1372//1372 
f 1371//1371 1372//1372 1370//1370 
f 1378//1378 1371//1371 1373//1373 
f 1378//1378 1381//1381 1371//1371 
f 1379//1379 1373//1373 1374//1374 
f 1379//1379 1378//1378 1373//1373 
f 1379//1379 1375//1375 1380//1380 
f 1374//1374 1375//1375 1379//1379 
f 1376//1376 1377//1377 1380//1380 
f 1375//1375 1376//1376 1380//1380 
f 1381//1381 1377//1377 1376//1376 
f 1381//1381 1376//1376 1371//1371 
f 1382//1382 1381//1381 1378//1378 
f 1382//1382 1386//1386 1381//1381 
f 1384//1384 1378//1378 1379//1379 
f 1384//1384 1382//1382 1378//1378 
f 1384//1384 1380//1380 1385//1385 
f 1379//1379 1380//1380 1384//1384 
f 1377//1377 1387//1387 1385//1385 
f 1380//1380 1377//1377 1385//1385 
f 1386//1386 1387//1387 1377//1377 
f 1386//1386 1377//1377 1381//1381 
f 1383//1383 1386//1386 1382//1382 
f 1383//1383 1391//1391 1386//1386 
f 1388//1388 1382//1382 1384//1384 
f 1388//1388 1383//1383 1382//1382 
f 1388//1388 1385//1385 1390//1390 
f 1384//1384 1385//1385 1388//1388 
f 1387//1387 1392//1392 1390//1390 
f 1385//1385 1387//1387 1390//1390 
f 1391//1391 1392//1392 1387//1387 
f 1391//1391 1387//1387 1386//1386 
f 1393//1393 1391//1391 1383//1383 
f 1393//1393 1396//1396 1391//1391 
f 1389//1389 1383//1383 1388//1388 
f 1389//1389 1393//1393 1383//1383 
f 1389//1389 1390//1390 1394//1394 
f 1388//1388 1390//1390 1389//1389 
f 1392//1392 1397//1397 1394//1394 
f 1390//1390 1392//1392 1394//1394 
f 1396//1396 1397//1397 1392//1392 
f 1396//1396 1392//1392 1391//1391 
f 1398//1398 1396//1396 1393//1393 
f 1398//1398 1400//1400 1396//1396 
f 1399//1399 1393//1393 1389//1389 
f 1399//1399 1398//1398 1393//1393 
f 1399//1399 1394//1394 1395//1395 
f 1389//1389 1394//1394 1399//1399 
f 1397//1397 1402//1402 1395//1395 
f 1394//1394 1397//1397 1395//1395 
f 1400//1400 1402//1402 1397//1397 
f 1400//1400 1397//1397 1396//1396 
f 1403//1403 1400//1400 1398//1398 
f 1403//1403 1401//1401 1400//1400 
f 1404//1404 1398//1398 1399//1399 
f 1404//1404 1403//1403 1398//1398 
f 1404//1404 1395//1395 1405//1405 
f 1399//1399 1395//1395 1404//1404 
f 1402//1402 1406//1406 1405//1405 
f 1395//1395 1402//1402 1405//1405 
f 1401//1401 1406//1406 1402//1402 
f 1401//1401 1402//1402 1400//1400 
f 1408//1408 1401//1401 1403//1403 
f 1408//1408 1411//1411 1401//1401 
f 1409//1409 1403//1403 1404//1404 
f 1409//1409 1408//1408 1403//1403 
f 1409//1409 1405//1405 1410//1410 
f 1404//1404 1405//1405 1409//1409 
f 1406//1406 1407//1407 1410//1410 
f 1405//1405 1406//1406 1410//1410 
f 1411//1411 1407//1407 1406//1406 
f 1411//1411 1406//1406 1401//1401 
f 1412//1412 1411//1411 1408//1408 
f 1412//1412 1416//1416 1411//1411 
f 1414//1414 1408//1408 1409//1409 
f 1414//1414 1412//1412 1408//1408 
f 1414//1414 1410//1410 1415//1415 
f 1409//1409 1410//1410 1414//1414 
f 1407//1407 1417//1417 1415//1415 
f 1410//1410 1407//1407 1415//1415 
f 1416//1416 1417//1417 1407//1407 
f 1416//1416 1407//1407 1411//1411 
f 1413//1413 1416//1416 1412//1412 
f 1413//1413 1421//1421 1416//1416 
f 1418//1418 1412//1412 1414//1414 
f 1418//1418 1413//1413 1412//1412 
f 1418//1418 1415//1415 1420//1420 
f 1414//1414 1415//1415 1418//1418 
f 1417//1417 1422//1422 1420//1420 
f 1415//1415 1417//1417 1420//1420 
f 1421//1421 1422//1422 1417//1417 
f 1421//1421 1417//1417 1416//1416 
f 1423//1423 1421//1421 1413//1413 
f 1423//1423 1426//1426 1421//1421 
f 1419//1419 1413//1413 1418//1418 
f 1419//1419 1423//1423 1413//1413 
f 1419//1419 1420//1420 1424//1424 
f 1418//1418 1420//1420 1419//1419 
f 1422//1422 1427//1427 1424//1424 
f 1420//1420 1422//1422 1424//1424 
f 1426//1426 1427//1427 1422//1422 
f 1426//1426 1422//1422 1421//1421 
f 1428//1428 1426//1426 1423//1423 
f 1428//1428 1430//1430 1426//1426 
f 1429//1429 1423//1423 1419//1419 
f 1429//1429 1428//1428 1423//1423 
f 1429//1429 1424//1424 1425//1425 
f 1419//1419 1424//1424 1429//1429 
f 1427//1427 1432//1432 1425//1425 
f 1424//1424 1427//1427 1425//1425 
f 1430//1430 1432//1432 1427//1427 
f 1430//1430 1427//1427 1426//1426 
f 1433//1433 1430//1430 1428//1428 
f 1433//1433 1431//1431 1430//1430 
f 1434//1434 1428//1428 1429//1429 
f 1434//1434 1433//1433 1428//1428 
f 1434//1434 1425//1425 1435//1435 
f 1429//1429 1425//1425 1434//1434 
f 1432//1432 1436//1436 1435//1435 
f 1425//1425 1432//1432 1435//1435 
f 1431//1431 1436//1436 1432//1432 
f 1431//1431 1432//1432 1430//1430 
f 1438//1438 1431//1431 1433//1433 
f 1438//1438 1441//1441 1431//1431 
f 1439//1439 1433//1433 1434//1434 
f 1439//1439 1438//1438 1433//1433 
f 1439//1439 1435//1435 1440//1440 
f 1434//1434 1435//1435 1439//1439 
f 1436//1436 1437//1437 1440//1440 
f 1435//1435 1436//1436 1440//1440 
f 1441//1441 1437//1437 1436//1436 
f 1441//1441 1436//1436 1431//1431 
f 1442//1442 1441//1441 1438//1438 
f 1442//1442 1446//1446 1441//1441 
f 1444//1444 1438//1438 1439//1439 
f 1444//1444 1442//1442 1438//1438 
f 1444//1444 1440//1440 1445//1445 
f 1439//1439 1440//1440 1444//1444 
f 1437//1437 1447//1447 1445//1445 
f 1440//1440 1437//1437 1445//1445 
f 1446//1446 1447//1447 1437//1437 
f 1446//1446 1437//1437 1441//1441 
f 1443//1443 1446//1446 1442//1442 
f 1443//1443 1451//1451 1446//1446 
f 1448//1448 1442//1442 1444//1444 
f 1448//1448 1443//1443 1442//1442 
f 1448//1448 1445//1445 1450//1450 
f 1444//1444 1445//1445 1448//1448 
f 1447//1447 1452//1452 1450//1450 
f 1445//1445 1447//1447 1450//1450 
f 1451//1451 1452//1452 1447//1447 
f 1451//1451 1447//1447 1446//1446 
f 1453//1453 1451//1451 1443//1443 
f 1453//1453 1456//1456 1451//1451 
f 1449//1449 1443//1443 1448//1448 
f 1449//1449 1453//1453 1443//1443 
f 1449//1449 1450//1450 1454//1454 
f 1448//1448 1450//1450 1449//1449 
f 1452//1452 1457//1457 1454//1454 
f 1450//1450 1452//1452 1454//1454 
f 1456//1456 1457//1457 1452//1452 
f 1456//1456 1452//1452 1451//1451 
f 1458//1458 1456//1456 1453//1453 
f 1458//1458 1460//1460 1456//1456 
f 1459//1459 1453//1453 1449//1449 
f 1459//1459 1458//1458 1453//1453 
f 1459//1459 1454//1454 1455//1455 
f 1449//1449 1454//1454 1459//1459 
f 1457//1457 1462//1462 1455//1455 
f 1454//1454 1457//1457 1455//1455 
f 1460//1460 1462//1462 1457//1457 
f 1460//1460 1457//1457 1456//1456 
f 1463//1463 1460//1460 1458//1458 
f 1463//1463 1461//1461 1460//1460 
f 1464//1464 1458//1458 1459//1459 
f 1464//1464 1463//1463 1458//1458 
f 1464//1464 1455//1455 1465//1465 
f 1459//1459 1455//1455 1464//1464 
f 1462//1462 1466//1466 1465//1465 
f 1455//1455 1462//1462 1465//1465 
f 1461//1461 1466//1466 1462//1462 
f 1461//1461 1462//1462 1460//1460 
f 1468//1468 1461//1461 1463//1463 
f 1468//1468 1471//1471 1461//1461 
f 1469//1469 1463//1463 1464//1464 
f 1469//1469 1468//1468 1463//1463 
f 1469//1469 1465//1465 1470//1470 
f 1464//1464 1465//1465 1469//1469 
f 1466//1466 1467//1467 1470//1470 
f 1465//1465 1466//1466 1470//1470 
f 1471//1471 1467//1467 1466//1466 
f 1471//1471 1466//1466 1461//1461 
f 1472//1472 1471//1471 1468//1468 
f 1472//1472 1476//1476 1471//1471 
f 1474//1474 1468//1468 1469//1469 
f 1474//1474 1472//1472 1468//1468 
f 1474//1474 1470//1470 1475//1475 
f 1469//1469 1470//1470 1474//1474 
f 1467//1467 1477//1477 1475//1475 
f 1470//1470 1467//1467 1475//1475 
f 1476//1476 1477//1477 1467//1467 
f 1476//1476 1467//1467 1471//1471 
f 1473//1473 1476//1476 1472//1472 
f 1473//1473 1481//1481 1476//1476 
f 1478//1478 1472//1472 1474//1474 
f 1478//1478 1473//1473 1472//1472 
f 1478//1478 1475//1475 1480//1480 
f 1474//1474 1475//1475 1478//1478 
f 1477//1477 1482//1482 1480//1480 
f 1475//1475 1477//1477 1480//1480 
f 1481//1481 1482//1482 1477//1477 
f 1481//1481 1477//1477 1476//1476 
f 1483//1483 1481//1481 1473//1473 
f 1483//1483 1486//1486 1481//1481 
f 1479//1479 1473//1473 1478//1478 
f 1479//1479 1483//1483 1473//1473 
f 1479//1479 1480//1480 1484//1484 
f 1478//1478 1480//1480 1479//1479 
f 1482//1482 1487//1487 1484//1484 
f 1480//1480 1482//1482 1484//1484 
f 1486//1486 1487//1487 1482//1482 
f 1486//1486 1482//1482 1481//1481 
f 1488//1488 1486//1486 1483//1483 
f 1488//1488 1490//1490 1486//1486 
f 1489//1489 1483//1483 1479//1479 
f 1489//1489 1488//1488 1483//1483 
f 1489//1489 1484//1484 1485//1485 
f 1479//1479 1484//1484 1489//1489 
f 1487//1487 1492//1492 1485//1485 
f 1484//1484 1487//1487 1485//1485 
f 1490//1490 1492//1492 1487//1487 
f 1490//1490 1487//1487 1486//1486 
f 1493//1493 1490//1490 1488//1488 
f 1493//1493 1491//1491 1490//1490 
f 1494//1494 1488//1488 1489//1489 
f 1494//1494 1493//1493 1488//1488 
f 1494//1494 1485//1485 1495//1495 
f 1489//1489 1485//1485 1494//1494 
f 1492//1492 1496//1496 1495//1495 
f 1485//1485 1492//1492 1495//1495 
f 1491//1491 1496//1496 1492//1492 
f 1491//1491 1492//1492 1490//1490 
f 1498//1498 1491//1491 1493//1493 
f 1498//1498 1501//1501 1491//1491 
f 1499//1499 1493//1493 1494//1494 
f 1499//1499 1498//1498 1493//1493 
f 1499//1499 1495//1495 1500//1500 
f 1494//1494 1495//1495 1499//1499 
f 1496//1496 1497//1497 1500//1500 
f 1495//1495 1496//1496 1500//1500 
f 1501//1501 1497//1497 1496//1496 
f 1501//1501 1496//1496 1491//1491 
f 1502//1502 1501//1501 1498//1498 
f 1502//1502 1506//1506 1501//1501 
f 1504//1504 1498//1498 1499//1499 
f 1504//1504 1502//1502 1498//1498 
f 1504//1504 1500//1500 1505//1505 
f 1499//1499 1500//1500 1504//1504 
f 1497//1497 1507//1507 1505//1505 
f 1500//1500 1497//1497 1505//1505 
f 1506//1506 1507//1507 1497//1497 
f 1506//1506 1497//1497 1501//1501 
f 1503//1503 1506//1506 1502//1502 
f 1503//1503 1511//1511 1506//1506 
f 1508//1508 1502//1502 1504//1504 
f 1508//1508 1503//1503 1502//1502 
f 1508//1508 1505//1505 1510//1510 
f 1504//1504 1505//1505 1508//1508 
f 1507//1507 1512//1512 1510//1510 
f 1505//1505 1507//1507 1510//1510 
f 1511//1511 1512//1512 1507//1507 
f 1511//1511 1507//1507 1506//1506 
f 1513//1513 1511//1511 1503//1503 
f 1513//1513 1516//1516 1511//1511 
f 1509//1509 1503//1503 1508//1508 
f 1509//1509 1513//1513 1503//1503 
f 1509//1509 1510//1510 1514//1514 
f 1508//1508 1510//1510 1509//1509 
f 1512//1512 1517//1517 1514//1514 
f 1510//1510 1512//1512 1514//1514 
f 1516//1516 1517//1517 1512//1512 
f 1516//1516 1512//1512 1511//1511 
f 1518//1518 1516//1516 1513//1513 
f 1518//1518 1520//1520 1516//1516 
f 1519//1519 1513//1513 1509//1509 
f 1519//1519 1518//1518 1513//1513 
f 1519//1519 1514//1514 1515//1515 
f 1509//1509 1514//1514 1519//1519 
f 1517//1517 1522//1522 1515//1515 
f 1514//1514 1517//1517 1515//1515 
f 1520//1520 1522//1522 1517//1517 
f 1520//1520 1517//1517 1516//1516 
f 1523//1523 1520//1520 1518//1518 
f 1523//1523 1521//1521 1520//1520 
f 1524//1524 1518//1518 1519//1519 
f 1524//1524 1523//1523 1518//1518 
f 1524//1524 1515//1515 1525//1525 
f 1519//1519 1515//1515 1524//1524 
f 1522//1522 1526//1526 1525//1525 
f 1515//1515 1522//1522 1525//1525 
f 1521//1521 1526//1526 1522//1522 
f 1521//1521 1522//1522 1520//1520 
f 1528//1528 1521//1521 1523//1523 
f 1528//1528 1531//1531 1521//1521 
f 1529//1529 1523//1523 1524//1524 
f 1529//1529 1528//1528 1523//1523 
f 1529//1529 1525//1525 1530//1530 
f 1524//1524 1525//1525 1529//1529 
f 1526//1526 1527//1527 1530//1530 
f 1525//1525 1526//1526 1530//1530 
f 1531//1531 1527//1527 1526//1526 
f 1531//1531 1526//1526 1521//1521 
f 1532//1532 1531//1531 1528//1528 
f 1532//1532 1536//1536 1531//1531 
f 1534//1534 1528//1528 1529//1529 
f 1534//1534 1532//1532 1528//1528 
f 1534//1534 1530//1530 1535//1535 
f 1529//1529 1530//1530 1534//1534 
f 1527//1527 1537//1537 1535//1535 
f 1530//1530 1527//1527 1535//1535 
f 1536//1536 1537//1537 1527//1527 
f 1536//1536 1527//1527 1531//1531 
f 1533//1533 1536//1536 1532//1532 
f 1533//1533 1541//1541 1536//1536 
f 1538//1538 1532//1532 1534//1534 
f 1538//1538 1533//1533 1532//1532 
f 1538//1538 1535//1535 1540//1540 
f 1534//1534 1535//1535 1538//1538 
f 1537//1537 1542//1542 1540//1540 
f 1535//1535 1537//1537 1540//1540 
f 1541//1541 1542//1542 1537//1537 
f 1541//1541 1537//1537 1536//1536 
f 1543//1543 1541//1541 1533//1533 
f 1543//1543 1546//1546 1541//1541 
f 1539//1539 1533//1533 1538//1538 
f 1539//1539 1543//1543 1533//1533 
f 1539//1539 1540//1540 1544//1544 
f 1538//1538 1540//1540 1539//1539 
f 1542//1542 1547//1547 1544//1544 
f 1540//1540 1542//1542 1544//1544 
f 1546//1546 1547//1547 1542//1542 
f 1546//1546 1542//1542 1541//1541 
f 1548//1548 1546//1546 1543//1543 
f 1548//1548 1550//1550 1546//1546 
f 1549//1549 1543//1543 1539//1539 
f 1549//1549 1548//1548 1543//1543 
f 1549//1549 1544//1544 1545//1545 
f 1539//1539 1544//1544 1549//1549 
f 1547//1547 1552//1552 1545//1545 
f 1544//1544 1547//1547 1545//1545 
f 1550//1550 1552//1552 1547//1547 
f 1550//1550 1547//1547 1546//1546 
f 1553//1553 1550//1550 1548//1548 
f 1553//1553 1551//1551 1550//1550 
f 1554//1554 1548//1548 1549//1549 
f 1554//1554 1553//1553 1548//1548 
f 1554//1554 1545//1545 1555//1555 
f 1549//1549 1545//1545 1554//1554 
f 1552//1552 1556//1556 1555//1555 
f 1545//1545 1552//1552 1555//1555 
f 1551//1551 1556//1556 1552//1552 
f 1551//1551 1552//1552 1550//1550 
f 1558//1558 1551//1551 1553//1553 
f 1558//1558 1561//1561 1551//1551 
f 1559//1559 1553//1553 1554//1554 
f 1559//1559 1558//1558 1553//1553 
f 1559//1559 1555//1555 1560//1560 
f 1554//1554 1555//1555 1559//1559 
f 1556//1556 1557//1557 1560//1560 
f 1555//1555 1556//1556 1560//1560 
f 1561//1561 1557//1557 1556//1556 
f 1561//1561 1556//1556 1551//1551 
f 1562//1562 1561//1561 1558//1558 
f 1562//1562 1566//1566 1561//1561 
f 1564//1564 1558//1558 1559//1559 
f 1564//1564 1562//1562 1558//1558 
f 1564//1564 1560//1560 1565//1565 
f 1559//1559 1560//1560 1564//1564 
f 1557//1557 1567//1567 1565//1565 
f 1560//1560 1557//1557 1565//1565 
f 1566//1566 1567//1567 1557//1557 
f 1566//1566 1557//1557 1561//1561 
f 1563//1563 1566//1566 1562//1562 
f 1563//1563 1571//1571 1566//1566 
f 1568//1568 1562//1562 1564//1564 
f 1568//1568 1563//1563 1562//1562 
f 1568//1568 1565//1565 1570//1570 
f 1564//1564 1565//1565 1568//1568 
f 1567//1567 1572//1572 1570//1570 
f 1565//1565 1567//1567 1570//1570 
f 1571//1571 1572//1572 1567//1567 
f 1571//1571 1567//1567 1566//1566 
f 1573//1573 1571//1571 1563//1563 
f 1573//1573 1576//1576 1571//1571 
f 1569//1569 1563//1563 1568//1568 
f 1569//1569 1573//1573 1563//1563 
f 1569//1569 1570//1570 1574//1574 
f 1568//1568 1570//1570 1569//1569 
f 1572//1572 1577//1577 1574//1574 
f 1570//1570 1572//1572 1574//1574 
f 1576//1576 1577//1577 1572//1572 
f 1576//1576 1572//1572 1571//1571 
f 1578//1578 1576//1576 1573//1573 
f 1578//1578 1580//1580 1576//1576 
f 1579//1579 1573//1573 1569//1569 
f 1579//1579 1578//1578 1573//1573 
f 1579//1579 1574//1574 1575//1575 
f 1569//1569 1574//1574 1579//1579 
f 1577//1577 1582//1582 1575//1575 
f 1574//1574 1577//1577 1575//1575 
f 1580//1580 1582//1582 1577//1577 
f 1580//1580 1577//1577 1576//1576 
f 1583//1583 1580//1580 1578//1578 
f 1583//1583 1581//1581 1580//1580 
f 1584//1584 1578//1578 1579//1579 
f 1584//1584 1583//1583 1578//1578 
f 1584//1584 1575//1575 1585//1585 
f 1579//1579 1575//1575 1584//1584 
f 1582//1582 1586//1586 1585//1585 
f 1575//1575 1582//1582 1585//1585 
f 1581//1581 1586//1586 1582//1582 
f 1581//1581 1582//1582 1580//1580 
f 1588//1588 1581//1581 1583//1583 
f 1588//1588 1591//1591 1581//1581 
f 1589//1589 1583//1583 1584//1584 
f 1589//1589 1588//1588 1583//1583 
f 1589//1589 1585//1585 1590//1590 
f 1584//1584 1585//1585 1589//1589 
f 1586//1586 1587//1587 1590//1590 
f 1585//1585 1586//1586 1590//1590 
f 1591//1591 1587//1587 1586//1586 
f 1591//1591 1586//1586 1581//1581 
f 1592//1592 1591//1591 1588//1588 
f 1592//1592 1596//1596 1591//1591 
f 1594//1594 1588//1588 1589//1589 
f 1594//1594 1592//1592 1588//1588 
f 1594//1594 1590//1590 1595//1595 
f 1589//1589 1590//1590 1594//1594 
f 1587//1587 1597//1597 1595//1595 
f 1590//1590 1587//1587 1595//1595 
f 1596//1596 1597//1597 1587//1587 
f 1596//1596 1587//1587 1591//1591 
f 1593//1593 1596//1596 1592//1592 
f 1593//1593 1601//1601 1596//1596 
f 1598//1598 1592//1592 1594//1594 
f 1598//1598 1593//1593 1592//1592 
f 1598//1598 1595//1595 1600//1600 
f 1594//1594 1595//1595 1598//1598 
f 1597//1597 1602//1602 1600//1600 
f 1595//1595 1597//1597 1600//1600 
f 1601//1601 1602//1602 1597//1597 
f 1601//1601 1597//1597 1596//1596 
f 1603//1603 1601//1601 1593//1593 
f 1603//1603 1606//1606 1601//1601 
f 1599//1599 1593//1593 1598//1598 
f 1599//1599 1603//1603 1593//1593 
f 1599//1599 1600//1600 1604//1604 
f 1598//1598 1600//1600 1599//1599 
f 1602//1602 1607//1607 1604//1604 
f 1600//1600 1602//1602 1604//1604 
f 1606//1606 1607//1607 1602//1602 
f 1606//1606 1602//1602 1601//1601 
f 1609//1609 1606//1606 1603//1603 
f 1609//1609 1614//1614 1606//1606 
f 1605//1605 1603//1603 1599//1599 
f 1605//1605 1609//1609 1603//1603 
f 1605//1605 1604//1604 1610//1610 
f 1599//1599 1604//1604 1605//1605 
f 1607//1607 1608//1608 1610//1610 
f 1604//1604 1607//1607 1610//1610 
f 1614//1614 1608//1608 1607//1607 
f 1614//1614 1607//1607 1606//1606 
f 1614//1614 1613//1613 1612//1612 
f 1610//1610 1608//1608 1612//1612 
f 1614//1614 1612//1612 1608//1608 
f 1615//1615 1614//1614 1609//1609 
f 1615//1615 1620//1620 1614//1614 
f 1611//1611 1609//1609 1605//1605 
f 1611//1611 1615//1615 1609//1609 
f 1611//1611 1610//1610 1616//1616 
f 1605//1605 1610//1610 1611//1611 
f 1610//1610 1618//1618 1616//1616 
f 1610//1610 1612//1612 1618//1618 
f 1613//1613 1619//1619 1618//1618 
f 1612//1612 1613//1613 1618//1618 
f 1614//1614 1619//1619 1613//1613 
f 1620//1620 1619//1619 1614//1614 
f 1621//1621 1620//1620 1615//1615 
f 1621//1621 1626//1626 1620//1620 
f 1617//1617 1615//1615 1611//1611 
f 1617//1617 1621//1621 1615//1615 
f 1617//1617 1616//1616 1622//1622 
f 1611//1611 1616//1616 1617//1617 
f 1616//1616 1624//1624 1622//1622 
f 1616//1616 1618//1618 1624//1624 
f 1619//1619 1625//1625 1618//1618 
f 1618//1618 1625//1625 1624//1624 
f 1620//1620 1625//1625 1619//1619 
f 1626//1626 1625//1625 1620//1620 
f 1627//1627 1626//1626 1621//1621 
f 1627//1627 1632//1632 1626//1626 
f 1623//1623 1621//1621 1617//1617 
f 1623//1623 1627//1627 1621//1621 
f 1623//1623 1622//1622 1628//1628 
f 1617//1617 1622//1622 1623//1623 
f 1622//1622 1630//1630 1628//1628 
f 1622//1622 1624//1624 1630//1630 
f 1625//1625 1631//1631 1624//1624 
f 1624//1624 1631//1631 1630//1630 
f 1626//1626 1631//1631 1625//1625 
f 1632//1632 1631//1631 1626//1626 
f 1633//1633 1632//1632 1627//1627 
f 1633//1633 1638//1638 1632//1632 
f 1629//1629 1627//1627 1623//1623 
f 1629//1629 1633//1633 1627//1627 
f 1629//1629 1628//1628 1634//1634 
f 1623//1623 1628//1628 1629//1629 
f 1628//1628 1636//1636 1634//1634 
f 1628//1628 1630//1630 1636//1636 
f 1631//1631 1637//1637 1630//1630 
f 1630//1630 1637//1637 1636//1636 
f 1632//1632 1637//1637 1631//1631 
f 1638//1638 1637//1637 1632//1632 
f 1639//1639 1638//1638 1633//1633 
f 1639//1639 1644//1644 1638//1638 
f 1635//1635 1633//1633 1629//1629 
f 1635//1635 1639//1639 1633//1633 
f 1635//1635 1634//1634 1640//1640 
f 1629//1629 1634//1634 1635//1635 
f 1634//1634 1642//1642 1640//1640 
f 1634//1634 1636//1636 1642//1642 
f 1637//1637 1643//1643 1636//1636 
f 1636//1636 1643//1643 1642//1642 
f 1638//1638 1643//1643 1637//1637 
f 1644//1644 1643//1643 1638//1638 
f 1645//1645 1644//1644 1639//1639 
f 1645//1645 1650//1650 1644//1644 
f 1641//1641 1639//1639 1635//1635 
f 1641//1641 1645//1645 1639//1639 
f 1641//1641 1640//1640 1646//1646 
f 1635//1635 1640//1640 1641//1641 
f 1640//1640 1648//1648 1646//1646 
f 1640//1640 1642//1642 1648//1648 
f 1643//1643 1649//1649 1642//1642 
f 1642//1642 1649//1649 1648//1648 
f 1644//1644 1649//1649 1643//1643 
f 1650//1650 1649//1649 1644//1644 
f 1651//1651 1650//1650 1645//1645 
f 1651//1651 1656//1656 1650//1650 
f 1647//1647 1645//1645 1641//1641 
f 1647//1647 1651//1651 1645//1645 
f 1647//1647 1646//1646 1652//1652 
f 1641//1641 1646//1646 1647//1647 
f 1646//1646 1654//1654 1652//1652 
f 1646//1646 1648//1648 1654//1654 
f 1649//1649 1655//1655 1648//1648 
f 1648//1648 1655//1655 1654//1654 
f 1650//1650 1655//1655 1649//1649 
f 1656//1656 1655//1655 1650//1650 
f 1657//1657 1656//1656 1651//1651 
f 1657//1657 1662//1662 1656//1656 
f 1653//1653 1651//1651 1647//1647 
f 1653//1653 1657//1657 1651//1651 
f 1653//1653 1652//1652 1658//1658 
f 1647//1647 1652//1652 1653//1653 
f 1652//1652 1660//1660 1658//1658 
f 1652//1652 1654//1654 1660//1660 
f 1655//1655 1661//1661 1654//1654 
f 1654//1654 1661//1661 1660//1660 
f 1656//1656 1661//1661 1655//1655 
f 1662//1662 1661//1661 1656//1656 
f 1663//1663 1662//1662 1657//1657 
f 1663//1663 1668//1668 1662//1662 
f 1659//1659 1657//1657 1653//1653 
f 1659//1659 1663//1663 1657//1657 
f 1659//1659 1658//1658 1664//1664 
f 1653//1653 1658//1658 1659//1659 
f 1658//1658 1666//1666 1664//1664 
f 1658//1658 1660//1660 1666//1666 
f 1661//1661 1667//1667 1660//1660 
f 1660//1660 1667//1667 1666//1666 
f 1662//1662 1667//1667 1661//1661 
f 1668//1668 1667//1667 1662//1662 
f 1669//1669 1668//1668 1663//1663 
f 1669//1669 1674//1674 1668//1668 
f 1665//1665 1663//1663 1659//1659 
f 1665//1665 1669//1669 1663//1663 
f 1665//1665 1664//1664 1670//1670 
f 1659//1659 1664//1664 1665//1665 
f 1664//1664 1672//1672 1670//1670 
f 1664//1664 1666//1666 1672//1672 
f 1667//1667 1673//1673 1666//1666 
f 1666//1666 1673//1673 1672//1672 
f 1668//1668 1673//1673 1667//1667 
f 1674//1674 1673//1673 1668//1668 
f 1675//1675 1674//1674 1669//1669 
f 1675//1675 1680//1680 1674//1674 
f 1671//1671 1669//1669 1665//1665 
f 1671//1671 1675//1675 1669//1669 
f 1671//1671 1670//1670 1676//1676 
f 1665//1665 1670//1670 1671//1671 
f 1670//1670 1678//1678 1676//1676 
f 1670//1670 1672//1672 1678//1678 
f 1673//1673 1679//1679 1672//1672 
f 1672//1672 1679//1679 1678//1678 
f 1674//1674 1679//1679 1673//1673 
f 1680//1680 1679//1679 1674//1674 
f 1681//1681 1680//1680 1675//1675 
f 1681//1681 1686//1686 1680//1680 
f 1677//1677 1675//1675 1671//1671 
f 1677//1677 1681//1681 1675//1675 
f 1677//1677 1676//1676 1682//1682 
f 1671//1671 1676//1676 1677//1677 
f 1676//1676 1684//1684 1682//1682 
f 1676//1676 1678//1678 1684//1684 
f 1679//1679 1685//1685 1678//1678 
f 1678//1678 1685//1685 1684//1684 
f 1680//1680 1685//1685 1679//1679 
f 1686//1686 1685//1685 1680//1680 
f 1687//1687 1686//1686 1681//1681 
f 1687//1687 1692//1692 1686//1686 
f 1683//1683 1681//1681 1677//1677 
f 1683//1683 1687//1687 1681//1681 
f 1683//1683 1682//1682 1688//1688 
f 1677//1677 1682//1682 1683//1683 
f 1682//1682 1690//1690 1688//1688 
f 1682//1682 1684//1684 1690//1690 
f 1685//1685 1691//1691 1684//1684 
f 1684//1684 1691//1691 1690//1690 
f 1686//1686 1691//1691 1685//1685 
f 1692//1692 1691//1691 1686//1686 
f 1693//1693 1692//1692 1687//1687 
f 1693//1693 1698//1698 1692//1692 
f 1689//1689 1687//1687 1683//1683 
f 1689//1689 1693//1693 1687//1687 
f 1689//1689 1688//1688 1694//1694 
f 1683//1683 1688//1688 1689//1689 
f 1688//1688 1696//1696 1694//1694 
f 1688//1688 1690//1690 1696//1696 
f 1691//1691 1697//1697 1690//1690 
f 1690//1690 1697//1697 1696//1696 
f 1692//1692 1697//1697 1691//1691 
f 1698//1698 1697//1697 1692//1692 
f 1699//1699 1698//1698 1693//1693 
f 1699//1699 1704//1704 1698//1698 
f 1695//1695 1693//1693 1689//1689 
f 1695//1695 1699//1699 1693//1693 
f 1695//1695 1694//1694 1700//1700 
f 1689//1689 1694//1694 1695//1695 
f 1694//1694 1702//1702 1700//1700 
f 1694//1694 1696//1696 1702//1702 
f 1697//1697 1703//1703 1696//1696 
f 1696//1696 1703//1703 1702//1702 
f 1698//1698 1703//1703 1697//1697 
f 1704//1704 1703//1703 1698//1698 
f 1705//1705 1704//1704 1699//1699 
f 1705//1705 1713//1713 1704//1704 
f 1701//1701 1699//1699 1695//1695 
f 1701//1701 1705//1705 1699//1699 
f 1701//1701 1700//1700 1706//1706 
f 1695//1695 1700//1700 1701//1701 
f 1700//1700 1708//1708 1706//1706 
f 1700//1700 1702//1702 1708//1708 
f 1703//1703 1709//1709 1702//1702 
f 1702//1702 1709//1709 1708//1708 
f 1704//1704 1709//1709 1703//1703 
f 1713//1713 1709//1709 1704//1704 
f 1710//1710 1713//1713 1705//1705 
f 1710//1710 1716//1716 1713//1713 
f 1711//1711 1705//1705 1701//1701 
f 1711//1711 1710//1710 1705//1705 
f 1711//1711 1706//1706 1707//1707 
f 1701//1701 1706//1706 1711//1711 
f 1706//1706 1712//1712 1707//1707 
f 1706//1706 1708//1708 1712//1712 
f 1709//1709 1714//1714 1708//1708 
f 1708//1708 1714//1714 1712//1712 
f 1713//1713 1714//1714 1709//1709 
f 1716//1716 1714//1714 1713//1713 
f 1717//1717 1716//1716 1710//1710 
f 1717//1717 1722//1722 1716//1716 
f 1715//1715 1710//1710 1711//1711 
f 1715//1715 1717//1717 1710//1710 
f 1715//1715 1707//1707 1718//1718 
f 1711//1711 1707//1707 1715//1715 
f 1707//1707 1719//1719 1718//1718 
f 1707//1707 1712//1712 1719//1719 
f 1714//1714 1721//1721 1712//1712 
f 1712//1712 1721//1721 1719//1719 
f 1716//1716 1721//1721 1714//1714 
f 1722//1722 1721//1721 1716//1716 
f 1720//1720 1722//1722 1717//1717 
f 1720//1720 1725//1725 1722//1722 
f 1723//1723 1717//1717 1715//1715 
f 1723//1723 1720//1720 1717//1717 
f 1723//1723 1718//1718 1724//1724 
f 1715//1715 1718//1718 1723//1723 
f 1718//1718 1726//1726 1724//1724 
f 1718//1718 1719//1719 1726//1726 
f 1721//1721 1727//1727 1719//1719 
f 1719//1719 1727//1727 1726//1726 
f 1722//1722 1727//1727 1721//1721 
f 1725//1725 1727//1727 1722//1722 
f 1728//1728 1725//1725 1720//1720 
f 1728//1728 1733//1733 1725//1725 
f 1729//1729 1720//1720 1723//1723 
f 1729//1729 1728//1728 1720//1720 
f 1729//1729 1724//1724 1731//1731 
f 1723//1723 1724//1724 1729//1729 
f 1724//1724 1732//1732 1731//1731 
f 1724//1724 1726//1726 1732//1732 
f 1727//1727 1730//1730 1726//1726 
f 1726//1726 1730//1730 1732//1732 
f 1725//1725 1730//1730 1727//1727 
f 1733//1733 1730//1730 1725//1725 
f 1734//1734 1733//1733 1728//1728 
f 1734//1734 1739//1739 1733//1733 
f 1736//1736 1728//1728 1729//1729 
f 1736//1736 1734//1734 1728//1728 
f 1736//1736 1731//1731 1737//1737 
f 1729//1729 1731//1731 1736//1736 
f 1731//1731 1735//1735 1737//1737 
f 1731//1731 1732//1732 1735//1735 
f 1730//1730 1738//1738 1732//1732 
f 1732//1732 1738//1738 1735//1735 
f 1733//1733 1738//1738 1730//1730 
f 1739//1739 1738//1738 1733//1733 
f 1741//1741 1739//1739 1734//1734 
f 1741//1741 1746//1746 1739//1739 
f 1742//1742 1734//1734 1736//1736 
f 1742//1742 1741//1741 1734//1734 
f 1742//1742 1737//1737 1740//1740 
f 1736//1736 1737//1737 1742//1742 
f 1737//1737 1743//1743 1740//1740 
f 1737//1737 1735//1735 1743//1743 
f 1738//1738 1744//1744 1735//1735 
f 1735//1735 1744//1744 1743//1743 
f 1739//1739 1744//1744 1738//1738 
f 1746//1746 1744//1744 1739//1739 
f 1747//1747 1746//1746 1741//1741 
f 1747//1747 1752//1752 1746//1746 
f 1745//1745 1741//1741 1742//1742 
f 1745//1745 1747//1747 1741//1741 
f 1745//1745 1740//1740 1748//1748 
f 1742//1742 1740//1740 1745//1745 
f 1740//1740 1749//1749 1748//1748 
f 1740//1740 1743//1743 1749//1749 
f 1744//1744 1751//1751 1743//1743 
f 1743//1743 1751//1751 1749//1749 
f 1746//1746 1751//1751 1744//1744 
f 1752//1752 1751//1751 1746//1746 
f 1750//1750 1752//1752 1747//1747 
f 1750//1750 1755//1755 1752//1752 
f 1753//1753 1747//1747 1745//1745 
f 1753//1753 1750//1750 1747//1747 
f 1753//1753 1748//1748 1754//1754 
f 1745//1745 1748//1748 1753//1753 
f 1748//1748 1756//1756 1754//1754 
f 1748//1748 1749//1749 1756//1756 
f 1751//1751 1757//1757 1749//1749 
f 1749//1749 1757//1757 1756//1756 
f 1752//1752 1757//1757 1751//1751 
f 1755//1755 1757//1757 1752//1752 
f 1758//1758 1755//1755 1750//1750 
f 1758//1758 1763//1763 1755//1755 
f 1759//1759 1750//1750 1753//1753 
f 1759//1759 1758//1758 1750//1750 
f 1759//1759 1754//1754 1761//1761 
f 1753//1753 1754//1754 1759//1759 
f 1754//1754 1762//1762 1761//1761 
f 1754//1754 1756//1756 1762//1762 
f 1757//1757 1760//1760 1756//1756 
f 1756//1756 1760//1760 1762//1762 
f 1755//1755 1760//1760 1757//1757 
f 1763//1763 1760//1760 1755//1755 
f 1764//1764 1763//1763 1758//1758 
f 1764//1764 1769//1769 1763//1763 
f 1766//1766 1758//1758 1759//1759 
f 1766//1766 1764//1764 1758//1758 
f 1766//1766 1761//1761 1767//1767 
f 1759//1759 1761//1761 1766//1766 
f 1761//1761 1765//1765 1767//1767 
f 1761//1761 1762//1762 1765//1765 
f 1760//1760 1768//1768 1762//1762 
f 1762//1762 1768//1768 1765//1765 
f 1763//1763 1768//1768 1760//1760 
f 1769//1769 1768//1768 1763//1763 
f 1771//1771 1769//1769 1764//1764 
f 1771//1771 1776//1776 1769//1769 
f 1772//1772 1764//1764 1766//1766 
f 1772//1772 1771//1771 1764//1764 
f 1772//1772 1767//1767 1770//1770 
f 1766//1766 1767//1767 1772//1772 
f 1767//1767 1773//1773 1770//1770 
f 1767//1767 1765//1765 1773//1773 
f 1768//1768 1774//1774 1765//1765 
f 1765//1765 1774//1774 1773//1773 
f 1769//1769 1774//1774 1768//1768 
f 1776//1776 1774//1774 1769//1769 
f 1777//1777 1776//1776 1771//1771 
f 1777//1777 1782//1782 1776//1776 
f 1775//1775 1771//1771 1772//1772 
f 1775//1775 1777//1777 1771//1771 
f 1775//1775 1770//1770 1778//1778 
f 1772//1772 1770//1770 1775//1775 
f 1770//1770 1779//1779 1778//1778 
f 1770//1770 1773//1773 1779//1779 
f 1774//1774 1781//1781 1773//1773 
f 1773//1773 1781//1781 1779//1779 
f 1776//1776 1781//1781 1774//1774 
f 1782//1782 1781//1781 1776//1776 
f 1780//1780 1782//1782 1777//1777 
f 1780//1780 1785//1785 1782//1782 
f 1783//1783 1777//1777 1775//1775 
f 1783//1783 1780//1780 1777//1777 
f 1783//1783 1778//1778 1784//1784 
f 1775//1775 1778//1778 1783//1783 
f 1778//1778 1786//1786 1784//1784 
f 1778//1778 1779//1779 1786//1786 
f 1781//1781 1787//1787 1779//1779 
f 1779//1779 1787//1787 1786//1786 
f 1782//1782 1787//1787 1781//1781 
f 1785//1785 1787//1787 1782//1782 
f 1788//1788 1785//1785 1780//1780 
f 1788//1788 1793//1793 1785//1785 
f 1789//1789 1780//1780 1783//1783 
f 1789//1789 1788//1788 1780//1780 
f 1789//1789 1784//1784 1791//1791 
f 1783//1783 1784//1784 1789//1789 
f 1784//1784 1792//1792 1791//1791 
f 1784//1784 1786//1786 1792//1792 
f 1787//1787 1790//1790 1786//1786 
f 1786//1786 1790//1790 1792//1792 
f 1785//1785 1790//1790 1787//1787 
f 1793//1793 1790//1790 1785//1785 
f 1794//1794 1793//1793 1788//1788 
f 1794//1794 1799//1799 1793//1793 
f 1796//1796 1788//1788 1789//1789 
f 1796//1796 1794//1794 1788//1788 
f 1796//1796 1791//1791 1797//1797 
f 1789//1789 1791//1791 1796//1796 
f 1791//1791 1795//1795 1797//1797 
f 1791//1791 1792//1792 1795//1795 
f 1790//1790 1798//1798 1792//1792 
f 1792//1792 1798//1798 1795//1795 
f 1793//1793 1798//1798 1790//1790 
f 1799//1799 1798//1798 1793//1793 
f 1801//1801 1799//1799 1794//1794 
f 1801//1801 1806//1806 1799//1799 
f 1802//1802 1794//1794 1796//1796 
f 1802//1802 1801//1801 1794//1794 
f 1802//1802 1797//1797 1800//1800 
f 1796//1796 1797//1797 1802//1802 
f 1797//1797 1803//1803 1800//1800 
f 1797//1797 1795//1795 1803//1803 
f 1798//1798 1804//1804 1795//1795 
f 1795//1795 1804//1804 1803//1803 
f 1799//1799 1804//1804 1798//1798 
f 1806//1806 1804//1804 1799//1799 
f 1807//1807 1806//1806 1801//1801 
f 1807//1807 1812//1812 1806//1806 
f 1805//1805 1801//1801 1802//1802 
f 1805//1805 1807//1807 1801//1801 
f 1805//1805 1800//1800 1808//1808 
f 1802//1802 1800//1800 1805//1805 
f 1800//1800 1809//1809 1808//1808 
f 1800//1800 1803//1803 1809//1809 
f 1804//1804 1811//1811 1803//1803 
f 1803//1803 1811//1811 1809//1809 
f 1806//1806 1811//1811 1804//1804 
f 1812//1812 1811//1811 1806//1806 
f 1810//1810 1812//1812 1807//1807 
f 1810//1810 1815//1815 1812//1812 
f 1813//1813 1807//1807 1805//1805 
f 1813//1813 1810//1810 1807//1807 
f 1813//1813 1808//1808 1814//1814 
f 1805//1805 1808//1808 1813//1813 
f 1808//1808 1816//1816 1814//1814 
f 1808//1808 1809//1809 1816//1816 
f 1811//1811 1817//1817 1809//1809 
f 1809//1809 1817//1817 1816//1816 
f 1812//1812 1817//1817 1811//1811 
f 1815//1815 1817//1817 1812//1812 
f 1818//1818 1815//1815 1810//1810 
f 1818//1818 1823//1823 1815//1815 
f 1819//1819 1810//1810 1813//1813 
f 1819//1819 1818//1818 1810//1810 
f 1819//1819 1814//1814 1821//1821 
f 1813//1813 1814//1814 1819//1819 
f 1814//1814 1822//1822 1821//1821 
f 1814//1814 1816//1816 1822//1822 
f 1817//1817 1820//1820 1816//1816 
f 1816//1816 1820//1820 1822//1822 
f 1815//1815 1820//1820 1817//1817 
f 1823//1823 1820//1820 1815//1815 
f 1824//1824 1823//1823 1818//1818 
f 1824//1824 1829//1829 1823//1823 
f 1826//1826 1818//1818 1819//1819 
f 1826//1826 1824//1824 1818//1818 
f 1826//1826 1821//1821 1827//1827 
f 1819//1819 1821//1821 1826//1826 
f 1821//1821 1825//1825 1827//1827 
f 1821//1821 1822//1822 1825//1825 
f 1820//1820 1828//1828 1822//1822 
f 1822//1822 1828//1828 1825//1825 
f 1823//1823 1828//1828 1820//1820 
f 1829//1829 1828//1828 1823//1823 
f 1831//1831 1829//1829 1824//1824 
f 1831//1831 1836//1836 1829//1829 
f 1832//1832 1824//1824 1826//1826 
f 1832//1832 1831//1831 1824//1824 
f 1832//1832 1827//1827 1830//1830 
f 1826//1826 1827//1827 1832//1832 
f 1827//1827 1833//1833 1830//1830 
f 1827//1827 1825//1825 1833//1833 
f 1828//1828 1834//1834 1825//1825 
f 1825//1825 1834//1834 1833//1833 
f 1829//1829 1834//1834 1828//1828 
f 1836//1836 1834//1834 1829//1829 
f 1837//1837 1836//1836 1831//1831 
f 1837//1837 1842//1842 1836//1836 
f 1835//1835 1831//1831 1832//1832 
f 1835//1835 1837//1837 1831//1831 
f 1835//1835 1830//1830 1838//1838 
f 1832//1832 1830//1830 1835//1835 
f 1830//1830 1839//1839 1838//1838 
f 1830//1830 1833//1833 1839//1839 
f 1834//1834 1841//1841 1833//1833 
f 1833//1833 1841//1841 1839//1839 
f 1836//1836 1841//1841 1834//1834 
f 1842//1842 1841//1841 1836//1836 
f 1840//1840 1842//1842 1837//1837 
f 1840//1840 1845//1845 1842//1842 
f 1843//1843 1837//1837 1835//1835 
f 1843//1843 1840//1840 1837//1837 
f 1843//1843 1838//1838 1844//1844 
f 1835//1835 1838//1838 1843//1843 
f 1838//1838 1846//1846 1844//1844 
f 1838//1838 1839//1839 1846//1846 
f 1841//1841 1847//1847 1839//1839 
f 1839//1839 1847//1847 1846//1846 
f 1842//1842 1847//1847 1841//1841 
f 1845//1845 1847//1847 1842//1842 
f 1848//1848 1845//1845 1840//1840 
f 1848//1848 1853//1853 1845//1845 
f 1849//1849 1840//1840 1843//1843 
f 1849//1849 1848//1848 1840//1840 
f 1849//1849 1844//1844 1851//1851 
f 1843//1843 1844//1844 1849//1849 
f 1844//1844 1852//1852 1851//1851 
f 1844//1844 1846//1846 1852//1852 
f 1847//1847 1850//1850 1846//1846 
f 1846//1846 1850//1850 1852//1852 
f 1845//1845 1850//1850 1847//1847 
f 1853//1853 1850//1850 1845//1845 
f 1854//1854 1853//1853 1848//1848 
f 1854//1854 1859//1859 1853//1853 
f 1856//1856 1848//1848 1849//1849 
f 1856//1856 1854//1854 1848//1848 
f 1856//1856 1851//1851 1857//1857 
f 1849//1849 1851//1851 1856//1856 
f 1851//1851 1855//1855 1857//1857 
f 1851//1851 1852//1852 1855//1855 
f 1850//1850 1858//1858 1852//1852 
f 1852//1852 1858//1858 1855//1855 
f 1853//1853 1858//1858 1850//1850 
f 1859//1859 1858//1858 1853//1853 
f 1861//1861 1859//1859 1854//1854 
f 1861//1861 1866//1866 1859//1859 
f 1862//1862 1854//1854 1856//1856 
f 1862//1862 1861//1861 1854//1854 
f 1862//1862 1857//1857 1860//1860 
f 1856//1856 1857//1857 1862//1862 
f 1857//1857 1863//1863 1860//1860 
f 1857//1857 1855//1855 1863//1863 
f 1858//1858 1864//1864 1855//1855 
f 1855//1855 1864//1864 1863//1863 
f 1859//1859 1864//1864 1858//1858 
f 1866//1866 1864//1864 1859//1859 
f 1867//1867 1866//1866 1861//1861 
f 1867//1867 1872//1872 1866//1866 
f 1865//1865 1861//1861 1862//1862 
f 1865//1865 1867//1867 1861//1861 
f 1865//1865 1860//1860 1868//1868 
f 1862//1862 1860//1860 1865//1865 
f 1860//1860 1869//1869 1868//1868 
f 1860//1860 1863//1863 1869//1869 
f 1864//1864 1871//1871 1863//1863 
f 1863//1863 1871//1871 1869//1869 
f 1866//1866 1871//1871 1864//1864 
f 1872//1872 1871//1871 1866//1866 
f 1870//1870 1872//1872 1867//1867 
f 1870//1870 1875//1875 1872//1872 
f 1873//1873 1867//1867 1865//1865 
f 1873//1873 1870//1870 1867//1867 
f 1873//1873 1868//1868 1874//1874 
f 1865//1865 1868//1868 1873//1873 
f 1868//1868 1876//1876 1874//1874 
f 1868//1868 1869//1869 1876//1876 
f 1871//1871 1877//1877 1869//1869 
f 1869//1869 1877//1877 1876//1876 
f 1872//1872 1877//1877 1871//1871 
f 1875//1875 1877//1877 1872//1872 
f 1878//1878 1875//1875 1870//1870 
f 1878//1878 1883//1883 1875//1875 
f 1879//1879 1870//1870 1873//1873 
f 1879//1879 1878//1878 1870//1870 
f 1879//1879 1874//1874 1881//1881 
f 1873//1873 1874//1874 1879//1879 
f 1874//1874 1882//1882 1881//1881 
f 1874//1874 1876//1876 1882//1882 
f 1877//1877 1880//1880 1876//1876 
f 1876//1876 1880//1880 1882//1882 
f 1875//1875 1880//1880 1877//1877 
f 1883//1883 1880//1880 1875//1875 
f 1884//1884 1883//1883 1878//1878 
f 1884//1884 1889//1889 1883//1883 
f 1886//1886 1878//1878 1879//1879 
f 1886//1886 1884//1884 1878//1878 
f 1886//1886 1881//1881 1887//1887 
f 1879//1879 1881//1881 1886//1886 
f 1881//1881 1885//1885 1887//1887 
f 1881//1881 1882//1882 1885//1885 
f 1880//1880 1888//1888 1882//1882 
f 1882//1882 1888//1888 1885//1885 
f 1883//1883 1888//1888 1880//1880 
f 1889//1889 1888//1888 1883//1883 
f 1891//1891 1889//1889 1884//1884 
f 1891//1891 1896//1896 1889//1889 
f 1892//1892 1884//1884 1886//1886 
f 1892//1892 1891//1891 1884//1884 
f 1892//1892 1887//1887 1890//1890 
f 1886//1886 1887//1887 1892//1892 
f 1887//1887 1893//1893 1890//1890 
f 1887//1887 1885//1885 1893//1893 
f 1888//1888 1894//1894 1885//1885 
f 1885//1885 1894//1894 1893//1893 
f 1889//1889 1894//1894 1888//1888 
f 1896//1896 1894//1894 1889//1889 
f 1897//1897 1896//1896 1891//1891 
f 1897//1897 1902//1902 1896//1896 
f 1895//1895 1891//1891 1892//1892 
f 1895//1895 1897//1897 1891//1891 
f 1895//1895 1890//1890 1898//1898 
f 1892//1892 1890//1890 1895//1895 
f 1890//1890 1899//1899 1898//1898 
f 1890//1890 1893//1893 1899//1899 
f 1894//1894 1901//1901 1893//1893 
f 1893//1893 1901//1901 1899//1899 
f 1896//1896 1901//1901 1894//1894 
f 1902//1902 1901//1901 1896//1896 
f 1900//1900 1902//1902 1897//1897 
f 1900//1900 1905//1905 1902//1902 
f 1903//1903 1897//1897 1895//1895 
f 1903//1903 1900//1900 1897//1897 
f 1903//1903 1898//1898 1904//1904 
f 1895//1895 1898//1898 1903//1903 
f 1898//1898 1906//1906 1904//1904 
f 1898//1898 1899//1899 1906//1906 
f 1901//1901 1907//1907 1899//1899 
f 1899//1899 1907//1907 1906//1906 
f 1902//1902 1907//1907 1901//1901 
f 1905//1905 1907//1907 1902//1902 
f 1908//1908 1905//1905 1900//1900 
f 1908//1908 1913//1913 1905//1905 
f 1909//1909 1900//1900 1903//1903 
f 1909//1909 1908//1908 1900//1900 
f 1909//1909 1904//1904 1911//1911 
f 1903//1903 1904//1904 1909//1909 
f 1904//1904 1912//1912 1911//1911 
f 1904//1904 1906//1906 1912//1912 
f 1907//1907 1910//1910 1906//1906 
f 1906//1906 1910//1910 1912//1912 
f 1905//1905 1910//1910 1907//1907 
f 1913//1913 1910//1910 1905//1905 
f 1914//1914 1913//1913 1908//1908 
f 1914//1914 1919//1919 1913//1913 
f 1916//1916 1908//1908 1909//1909 
f 1916//1916 1914//1914 1908//1908 
f 1916//1916 1911//1911 1917//1917 
f 1909//1909 1911//1911 1916//1916 
f 1911//1911 1915//1915 1917//1917 
f 1911//1911 1912//1912 1915//1915 
f 1910//1910 1918//1918 1912//1912 
f 1912//1912 1918//1918 1915//1915 
f 1913//1913 1918//1918 1910//1910 
f 1919//1919 1918//1918 1913//1913 
f 1921//1921 1919//1919 1914//1914 
f 1921//1921 1926//1926 1919//1919 
f 1922//1922 1914//1914 1916//1916 
f 1922//1922 1921//1921 1914//1914 
f 1922//1922 1917//1917 1920//1920 
f 1916//1916 1917//1917 1922//1922 
f 1917//1917 1923//1923 1920//1920 
f 1917//1917 1915//1915 1923//1923 
f 1918//1918 1924//1924 1915//1915 
f 1915//1915 1924//1924 1923//1923 
f 1919//1919 1924//1924 1918//1918 
f 1926//1926 1924//1924 1919//1919 
f 1927//1927 1926//1926 1921//1921 
f 1927//1927 1932//1932 1926//1926 
f 1925//1925 1921//1921 1922//1922 
f 1925//1925 1927//1927 1921//1921 
f 1925//1925 1920//1920 1928//1928 
f 1922//1922 1920//1920 1925//1925 
f 1920//1920 1929//1929 1928//1928 
f 1920//1920 1923//1923 1929//1929 
f 1924//1924 1931//1931 1923//1923 
f 1923//1923 1931//1931 1929//1929 
f 1926//1926 1931//1931 1924//1924 
f 1932//1932 1931//1931 1926//1926 
f 1930//1930 1932//1932 1927//1927 
f 1930//1930 1935//1935 1932//1932 
f 1933//1933 1927//1927 1925//1925 
f 1933//1933 1930//1930 1927//1927 
f 1933//1933 1928//1928 1934//1934 
f 1925//1925 1928//1928 1933//1933 
f 1928//1928 1936//1936 1934//1934 
f 1928//1928 1929//1929 1936//1936 
f 1931//1931 1937//1937 1929//1929 
f 1929//1929 1937//1937 1936//1936 
f 1932//1932 1937//1937 1931//1931 
f 1935//1935 1937//1937 1932//1932 
f 1938//1938 1935//1935 1930//1930 
f 1938//1938 1943//1943 1935//1935 
f 1939//1939 1930//1930 1933//1933 
f 1939//1939 1938//1938 1930//1930 
f 1939//1939 1934//1934 1941//1941 
f 1933//1933 1934//1934 1939//1939 
f 1934//1934 1942//1942 1941//1941 
f 1934//1934 1936//1936 1942//1942 
f 1937//1937 1940//1940 1936//1936 
f 1936//1936 1940//1940 1942//1942 
f 1935//1935 1940//1940 1937//1937 
f 1943//1943 1940//1940 1935//1935 
f 1944//1944 1943//1943 1938//1938 
f 1944//1944 1949//1949 1943//1943 
f 1946//1946 1938//1938 1939//1939 
f 1946//1946 1944//1944 1938//1938 
f 1946//1946 1941//1941 1947//1947 
f 1939//1939 1941//1941 1946//1946 
f 1941//1941 1945//1945 1947//1947 
f 1941//1941 1942//1942 1945//1945 
f 1940//1940 1948//1948 1942//1942 
f 1942//1942 1948//1948 1945//1945 
f 1943//1943 1948//1948 1940//1940 
f 1949//1949 1948//1948 1943//1943 
f 1951//1951 1949//1949 1944//1944 
f 1951//1951 1956//1956 1949//1949 
f 1952//1952 1944//1944 1946//1946 
f 1952//1952 1951//1951 1944//1944 
f 1952//1952 1947//1947 1950//1950 
f 1946//1946 1947//1947 1952//1952 
f 1947//1947 1953//1953 1950//1950 
f 1947//1947 1945//1945 1953//1953 
f 1948//1948 1954//1954 1945//1945 
f 1945//1945 1954//1954 1953//1953 
f 1949//1949 1954//1954 1948//1948 
f 1956//1956 1954//1954 1949//1949 
f 1957//1957 1956//1956 1951//1951 
f 1957//1957 1962//1962 1956//1956 
f 1955//1955 1951//1951 1952//1952 
f 1955//1955 1957//1957 1951//1951 
f 1955//1955 1950//1950 1958//1958 
f 1952//1952 1950//1950 1955//1955 
f 1950//1950 1959//1959 1958//1958 
f 1950//1950 1953//1953 1959//1959 
f 1954//1954 1961//1961 1953//1953 
f 1953//1953 1961//1961 1959//1959 
f 1956//1956 1961//1961 1954//1954 
f 1962//1962 1961//1961 1956//1956 
f 1960//1960 1962//1962 1957//1957 
f 1960//1960 1965//1965 1962//1962 
f 1963//1963 1957//1957 1955//1955 
f 1963//1963 1960//1960 1957//1957 
f 1963//1963 1958//1958 1964//1964 
f 1955//1955 1958//1958 1963//1963 
f 1958//1958 1966//1966 1964//1964 
f 1958//1958 1959//1959 1966//1966 
f 1961//1961 1967//1967 1959//1959 
f 1959//1959 1967//1967 1966//1966 
f 1962//1962 1967//1967 1961//1961 
f 1965//1965 1967//1967 1962//1962 
f 1968//1968 1965//1965 1960//1960 
f 1968//1968 1973//1973 1965//1965 
f 1969//1969 1960//1960 1963//1963 
f 1969//1969 1968//1968 1960//1960 
f 1969//1969 1964//1964 1971//1971 
f 1963//1963 1964//1964 1969//1969 
f 1964//1964 1972//1972 1971//1971 
f 1964//1964 1966//1966 1972//1972 
f 1967//1967 1970//1970 1966//1966 
f 1966//1966 1970//1970 1972//1972 
f 1965//1965 1970//1970 1967//1967 
f 1973//1973 1970//1970 1965//1965 
f 1974//1974 1973//1973 1968//1968 
f 1974//1974 1979//1979 1973//1973 
f 1976//1976 1968//1968 1969//1969 
f 1976//1976 1974//1974 1968//1968 
f 1976//1976 1971//1971 1977//1977 
f 1969//1969 1971//1971 1976//1976 
f 1971//1971 1975//1975 1977//1977 
f 1971//1971 1972//1972 1975//1975 
f 1970//1970 1978//1978 1972//1972 
f 1972//1972 1978//1978 1975//1975 
f 1973//1973 1978//1978 1970//1970 
f 1979//1979 1978//1978 1973//1973 
f 1981//1981 1979//1979 1974//1974 
f 1981//1981 1986//1986 1979//1979 
f 1982//1982 1974//1974 1976//1976 
f 1982//1982 1981//1981 1974//1974 
f 1982//1982 1977//1977 1980//1980 
f 1976//1976 1977//1977 1982//1982 
f 1977//1977 1983//1983 1980//1980 
f 1977//1977 1975//1975 1983//1983 
f 1978//1978 1984//1984 1975//1975 
f 1975//1975 1984//1984 1983//1983 
f 1979//1979 1984//1984 1978//1978 
f 1986//1986 1984//1984 1979//1979 
f 1987//1987 1986//1986 1981//1981 
f 1987//1987 1992//1992 1986//1986 
f 1985//1985 1981//1981 1982//1982 
f 1985//1985 1987//1987 1981//1981 
f 1985//1985 1980//1980 1988//1988 
f 1982//1982 1980//1980 1985//1985 
f 1980//1980 1989//1989 1988//1988 
f 1980//1980 1983//1983 1989//1989 
f 1984//1984 1991//1991 1983//1983 
f 1983//1983 1991//1991 1989//1989 
f 1986//1986 1991//1991 1984//1984 
f 1992//1992 1991//1991 1986//1986 
f 1990//1990 1992//1992 1987//1987 
f 1990//1990 1995//1995 1992//1992 
f 1993//1993 1987//1987 1985//1985 
f 1993//1993 1990//1990 1987//1987 
f 1993//1993 1988//1988 1994//1994 
f 1985//1985 1988//1988 1993//1993 
f 1988//1988 1996//1996 1994//1994 
f 1988//1988 1989//1989 1996//1996 
f 1991//1991 1997//1997 1989//1989 
f 1989//1989 1997//1997 1996//1996 
f 1992//1992 1997//1997 1991//1991 
f 1995//1995 1997//1997 1992//1992 
f 1998//1998 1995//1995 1990//1990 
f 1998//1998 2003//2003 1995//1995 
f 1999//1999 1990//1990 1993//1993 
f 1999//1999 1998//1998 1990//1990 
f 1999//1999 1994//1994 2001//2001 
f 1993//1993 1994//1994 1999//1999 
f 1994//1994 2002//2002 2001//2001 
f 1994//1994 1996//1996 2002//2002 
f 1997//1997 2000//2000 1996//1996 
f 1996//1996 2000//2000 2002//2002 
f 1995//1995 2000//2000 1997//1997 
f 2003//2003 2000//2000 1995//1995 
f 2004//2004 2003//2003 1998//1998 
f 2004//2004 2009//2009 2003//2003 
f 2006//2006 1998//1998 1999//1999 
f 2006//2006 2004//2004 1998//1998 
f 2006//2006 2001//2001 2007//2007 
f 1999//1999 2001//2001 2006//2006 
f 2001//2001 2005//2005 2007//2007 
f 2001//2001 2002//2002 2005//2005 
f 2000//2000 2008//2008 2002//2002 
f 2002//2002 2008//2008 2005//2005 
f 2003//2003 2008//2008 2000//2000 
f 2009//2009 2008//2008 2003//2003 
f 2011//2011 2009//2009 2004//2004 
f 2011//2011 2016//2016 2009//2009 
f 2012//2012 2004//2004 2006//2006 
f 2012//2012 2011//2011 2004//2004 
f 2012//2012 2007//2007 2010//2010 
f 2006//2006 2007//2007 2012//2012 
f 2007//2007 2013//2013 2010//2010 
f 2007//2007 2005//2005 2013//2013 
f 2008//2008 2014//2014 2005//2005 
f 2005//2005 2014//2014 2013//2013 
f 2009//2009 2014//2014 2008//2008 
f 2016//2016 2014//2014 2009//2009 
f 2017//2017 2016//2016 2011//2011 
f 2017//2017 2022//2022 2016//2016 
f 2015//2015 2011//2011 2012//2012 
f 2015//2015 2017//2017 2011//2011 
f 2015//2015 2010//2010 2018//2018 
f 2012//2012 2010//2010 2015//2015 
f 2010//2010 2019//2019 2018//2018 
f 2010//2010 2013//2013 2019//2019 
f 2014//2014 2021//2021 2013//2013 
f 2013//2013 2021//2021 2019//2019 
f 2016//2016 2021//2021 2014//2014 
f 2022//2022 2021//2021 2016//2016 
f 2020//2020 2022//2022 2017//2017 
f 2020//2020 2025//2025 2022//2022 
f 2023//2023 2017//2017 2015//2015 
f 2023//2023 2020//2020 2017//2017 
f 2023//2023 2018//2018 2024//2024 
f 2015//2015 2018//2018 2023//2023 
f 2018//2018 2026//2026 2024//2024 
f 2018//2018 2019//2019 2026//2026 
f 2021//2021 2027//2027 2019//2019 
f 2019//2019 2027//2027 2026//2026 
f 2022//2022 2027//2027 2021//2021 
f 2025//2025 2027//2027 2022//2022 
f 2028//2028 2025//2025 2020//2020 
f 2028//2028 2033//2033 2025//2025 
f 2029//2029 2020//2020 2023//2023 
f 2029//2029 2028//2028 2020//2020 
f 2029//2029 2024//2024 2031//2031 
f 2023//2023 2024//2024 2029//2029 
f 2024//2024 2032//2032 2031//2031 
f 2024//2024 2026//2026 2032//2032 
f 2027//2027 2030//2030 2026//2026 
f 2026//2026 2030//2030 2032//2032 
f 2025//2025 2030//2030 2027//2027 
f 2033//2033 2030//2030 2025//2025 
f 2034//2034 2033//2033 2028//2028 
f 2034//2034 2039//2039 2033//2033 
f 2036//2036 2028//2028 2029//2029 
f 2036//2036 2034//2034 2028//2028 
f 2036//2036 2031//2031 2037//2037 
f 2029//2029 2031//2031 2036//2036 
f 2031//2031 2035//2035 2037//2037 
f 2031//2031 2032//2032 2035//2035 
f 2030//2030 2038//2038 2032//2032 
f 2032//2032 2038//2038 2035//2035 
f 2033//2033 2038//2038 2030//2030 
f 2039//2039 2038//2038 2033//2033 
f 2041//2041 2039//2039 2034//2034 
f 2041//2041 2046//2046 2039//2039 
f 2042//2042 2034//2034 2036//2036 
f 2042//2042 2041//2041 2034//2034 
f 2042//2042 2037//2037 2040//2040 
f 2036//2036 2037//2037 2042//2042 
f 2037//2037 2043//2043 2040//2040 
f 2037//2037 2035//2035 2043//2043 
f 2038//2038 2044//2044 2035//2035 
f 2035//2035 2044//2044 2043//2043 
f 2039//2039 2044//2044 2038//2038 
f 2046//2046 2044//2044 2039//2039 
f 2047//2047 2046//2046 2041//2041 
f 2047//2047 2052//2052 2046//2046 
f 2045//2045 2041//2041 2042//2042 
f 2045//2045 2047//2047 2041//2041 
f 2045//2045 2040//2040 2048//2048 
f 2042//2042 2040//2040 2045//2045 
f 2040//2040 2049//2049 2048//2048 
f 2040//2040 2043//2043 2049//2049 
f 2044//2044 2051//2051 2043//2043 
f 2043//2043 2051//2051 2049//2049 
f 2046//2046 2051//2051 2044//2044 
f 2052//2052 2051//2051 2046//2046 
f 2050//2050 2052//2052 2047//2047 
f 2050//2050 2055//2055 2052//2052 
f 2053//2053 2047//2047 2045//2045 
f 2053//2053 2050//2050 2047//2047 
f 2053//2053 2048//2048 2054//2054 
f 2045//2045 2048//2048 2053//2053 
f 2048//2048 2056//2056 2054//2054 
f 2048//2048 2049//2049 2056//2056 
f 2051//2051 2057//2057 2049//2049 
f 2049//2049 2057//2057 2056//2056 
f 2052//2052 2057//2057 2051//2051 
f 2055//2055 2057//2057 2052//2052 
f 2058//2058 2055//2055 2050//2050 
f 2058//2058 2063//2063 2055//2055 
f 2059//2059 2050//2050 2053//2053 
f 2059//2059 2058//2058 2050//2050 
f 2059//2059 2054//2054 2061//2061 
f 2053//2053 2054//2054 2059//2059 
f 2054//2054 2062//2062 2061//2061 
f 2054//2054 2056//2056 2062//2062 
f 2057//2057 2060//2060 2056//2056 
f 2056//2056 2060//2060 2062//2062 
f 2055//2055 2060//2060 2057//2057 
f 2063//2063 2060//2060 2055//2055 
f 2064//2064 2063//2063 2058//2058 
f 2064//2064 2069//2069 2063//2063 
f 2066//2066 2058//2058 2059//2059 
f 2066//2066 2064//2064 2058//2058 
f 2066//2066 2061//2061 2067//2067 
f 2059//2059 2061//2061 2066//2066 
f 2061//2061 2065//2065 2067//2067 
f 2061//2061 2062//2062 2065//2065 
f 2060//2060 2068//2068 2062//2062 
f 2062//2062 2068//2068 2065//2065 
f 2063//2063 2068//2068 2060//2060 
f 2069//2069 2068//2068 2063//2063 
f 2071//2071 2069//2069 2064//2064 
f 2071//2071 2076//2076 2069//2069 
f 2072//2072 2064//2064 2066//2066 
f 2072//2072 2071//2071 2064//2064 
f 2072//2072 2067//2067 2070//2070 
f 2066//2066 2067//2067 2072//2072 
f 2067//2067 2073//2073 2070//2070 
f 2067//2067 2065//2065 2073//2073 
f 2068//2068 2074//2074 2065//2065 
f 2065//2065 2074//2074 2073//2073 
f 2069//2069 2074//2074 2068//2068 
f 2076//2076 2074//2074 2069//2069 
f 2077//2077 2076//2076 2071//2071 
f 2077//2077 2082//2082 2076//2076 
f 2075//2075 2071//2071 2072//2072 
f 2075//2075 2077//2077 2071//2071 
f 2075//2075 2070//2070 2078//2078 
f 2072//2072 2070//2070 2075//2075 
f 2070//2070 2079//2079 2078//2078 
f 2070//2070 2073//2073 2079//2079 
f 2074//2074 2081//2081 2073//2073 
f 2073//2073 2081//2081 2079//2079 
f 2076//2076 2081//2081 2074//2074 
f 2082//2082 2081//2081 2076//2076 
f 2080//2080 2082//2082 2077//2077 
f 2080//2080 2085//2085 2082//2082 
f 2083//2083 2077//2077 2075//2075 
f 2083//2083 2080//2080 2077//2077 
f 2083//2083 2078//2078 2084//2084 
f 2075//2075 2078//2078 2083//2083 
f 2078//2078 2086//2086 2084//2084 
f 2078//2078 2079//2079 2086//2086 
f 2081//2081 2087//2087 2079//2079 
f 2079//2079 2087//2087 2086//2086 
f 2082//2082 2087//2087 2081//2081 
f 2085//2085 2087//2087 2082//2082 
f 2088//2088 2085//2085 2080//2080 
f 2088//2088 2093//2093 2085//2085 
f 2089//2089 2080//2080 2083//2083 
f 2089//2089 2088//2088 2080//2080 
f 2089//2089 2084//2084 2091//2091 
f 2083//2083 2084//2084 2089//2089 
f 2084//2084 2092//2092 2091//2091 
f 2084//2084 2086//2086 2092//2092 
f 2087//2087 2090//2090 2086//2086 
f 2086//2086 2090//2090 2092//2092 
f 2085//2085 2090//2090 2087//2087 
f 2093//2093 2090//2090 2085//2085 
f 2094//2094 2093//2093 2088//2088 
f 2094//2094 2099//2099 2093//2093 
f 2096//2096 2088//2088 2089//2089 
f 2096//2096 2094//2094 2088//2088 
f 2096//2096 2091//2091 2097//2097 
f 2089//2089 2091//2091 2096//2096 
f 2091//2091 2095//2095 2097//2097 
f 2091//2091 2092//2092 2095//2095 
f 2090//2090 2098//2098 2092//2092 
f 2092//2092 2098//2098 2095//2095 
f 2093//2093 2098//2098 2090//2090 
f 2099//2099 2098//2098 2093//2093 
f 2101//2101 2099//2099 2094//2094 
f 2101//2101 2106//2106 2099//2099 
f 2102//2102 2094//2094 2096//2096 
f 2102//2102 2101//2101 2094//2094 
f 2102//2102 2097//2097 2100//2100 
f 2096//2096 2097//2097 2102//2102 
f 2097//2097 2103//2103 2100//2100 
f 2097//2097 2095//2095 2103//2103 
f 2098//2098 2104//2104 2095//2095 
f 2095//2095 2104//2104 2103//2103 
f 2099//2099 2104//2104 2098//2098 
f 2106//2106 2104//2104 2099//2099 
f 2107//2107 2106//2106 2101//2101 
f 2107//2107 2112//2112 2106//2106 
f 2105//2105 2101//2101 2102//2102 
f 2105//2105 2107//2107 2101//2101 
f 2105//2105 2100//2100 2108//2108 
f 2102//2102 2100//2100 2105//2105 
f 2100//2100 2109//2109 2108//2108 
f 2100//2100 2103//2103 2109//2109 
f 2104//2104 2111//2111 2103//2103 
f 2103//2103 2111//2111 2109//2109 
f 2106//2106 2111//2111 2104//2104 
f 2112//2112 2111//2111 2106//2106 
f 2110//2110 2112//2112 2107//2107 
f 2110//2110 2115//2115 2112//2112 
f 2113//2113 2107//2107 2105//2105 
f 2113//2113 2110//2110 2107//2107 
f 2113//2113 2108//2108 2114//2114 
f 2105//2105 2108//2108 2113//2113 
f 2108//2108 2116//2116 2114//2114 
f 2108//2108 2109//2109 2116//2116 
f 2111//2111 2117//2117 2109//2109 
f 2109//2109 2117//2117 2116//2116 
f 2112//2112 2117//2117 2111//2111 
f 2115//2115 2117//2117 2112//2112 
f 2118//2118 2115//2115 2110//2110 
f 2118//2118 2123//2123 2115//2115 
f 2119//2119 2110//2110 2113//2113 
f 2119//2119 2118//2118 2110//2110 
f 2119//2119 2114//2114 2121//2121 
f 2113//2113 2114//2114 2119//2119 
f 2114//2114 2122//2122 2121//2121 
f 2114//2114 2116//2116 2122//2122 
f 2117//2117 2120//2120 2116//2116 
f 2116//2116 2120//2120 2122//2122 
f 2115//2115 2120//2120 2117//2117 
f 2123//2123 2120//2120 2115//2115 
f 2124//2124 2123//2123 2118//2118 
f 2124//2124 2129//2129 2123//2123 
f 2126//2126 2118//2118 2119//2119 
f 2126//2126 2124//2124 2118//2118 
f 2126//2126 2121//2121 2127//2127 
f 2119//2119 2121//2121 2126//2126 
f 2121//2121 2125//2125 2127//2127 
f 2121//2121 2122//2122 2125//2125 
f 2120//2120 2128//2128 2122//2122 
f 2122//2122 2128//2128 2125//2125 
f 2123//2123 2128//2128 2120//2120 
f 2129//2129 2128//2128 2123//2123 
f 2131//2131 2129//2129 2124//2124 
f 2131//2131 2136//2136 2129//2129 
f 2132//2132 2124//2124 2126//2126 
f 2132//2132 2131//2131 2124//2124 
f 2132//2132 2127//2127 2130//2130 
f 2126//2126 2127//2127 2132//2132 
f 2127//2127 2133//2133 2130//2130 
f 2127//2127 2125//2125 2133//2133 
f 2128//2128 2134//2134 2125//2125 
f 2125//2125 2134//2134 2133//2133 
f 2129//2129 2134//2134 2128//2128 
f 2136//2136 2134//2134 2129//2129 
f 2137//2137 2136//2136 2131//2131 
f 2137//2137 2142//2142 2136//2136 
f 2135//2135 2131//2131 2132//2132 
f 2135//2135 2137//2137 2131//2131 
f 2135//2135 2130//2130 2138//2138 
f 2132//2132 2130//2130 2135//2135 
f 2130//2130 2139//2139 2138//2138 
f 2130//2130 2133//2133 2139//2139 
f 2134//2134 2141//2141 2133//2133 
f 2133//2133 2141//2141 2139//2139 
f 2136//2136 2141//2141 2134//2134 
f 2142//2142 2141//2141 2136//2136 
f 2140//2140 2142//2142 2137//2137 
f 2140//2140 2145//2145 2142//2142 
f 2143//2143 2137//2137 2135//2135 
f 2143//2143 2140//2140 2137//2137 
f 2143//2143 2138//2138 2144//2144 
f 2135//2135 2138//2138 2143//2143 
f 2138//2138 2146//2146 2144//2144 
f 2138//2138 2139//2139 2146//2146 
f 2141//2141 2147//2147 2139//2139 
f 2139//2139 2147//2147 2146//2146 
f 2142//2142 2147//2147 2141//2141 
f 2145//2145 2147//2147 2142//2142 
f 2148//2148 2145//2145 2140//2140 
f 2148//2148 2153//2153 2145//2145 
f 2149//2149 2140//2140 2143//2143 
f 2149//2149 2148//2148 2140//2140 
f 2149//2149 2144//2144 2151//2151 
f 2143//2143 2144//2144 2149//2149 
f 2144//2144 2152//2152 2151//2151 
f 2144//2144 2146//2146 2152//2152 
f 2147//2147 2150//2150 2146//2146 
f 2146//2146 2150//2150 2152//2152 
f 2145//2145 2150//2150 2147//2147 
f 2153//2153 2150//2150 2145//2145 
f 2154//2154 2153//2153 2148//2148 
f 2154//2154 2159//2159 2153//2153 
f 2156//2156 2148//2148 2149//2149 
f 2156//2156 2154//2154 2148//2148 
f 2156//2156 2151//2151 2157//2157 
f 2149//2149 2151//2151 2156//2156 
f 2151//2151 2155//2155 2157//2157 
f 2151//2151 2152//2152 2155//2155 
f 2150//2150 2158//2158 2152//2152 
f 2152//2152 2158//2158 2155//2155 
f 2153//2153 2158//2158 2150//2150 
f 2159//2159 2158//2158 2153//2153 
f 2161//2161 2159//2159 2154//2154 
f 2161//2161 2166//2166 2159//2159 
f 2162//2162 2154//2154 2156//2156 
f 2162//2162 2161//2161 2154//2154 
f 2162//2162 2157//2157 2160//2160 
f 2156//2156 2157//2157 2162//2162 
f 2157//2157 2163//2163 2160//2160 
f 2157//2157 2155//2155 2163//2163 
f 2158//2158 2164//2164 2155//2155 
f 2155//2155 2164//2164 2163//2163 
f 2159//2159 2164//2164 2158//2158 
f 2166//2166 2164//2164 2159//2159 
f 2167//2167 2166//2166 2161//2161 
f 2167//2167 2172//2172 2166//2166 
f 2165//2165 2161//2161 2162//2162 
f 2165//2165 2167//2167 2161//2161 
f 2165//2165 2160//2160 2168//2168 
f 2162//2162 2160//2160 2165//2165 
f 2160//2160 2169//2169 2168//2168 
f 2160//2160 2163//2163 2169//2169 
f 2164//2164 2171//2171 2163//2163 
f 2163//2163 2171//2171 2169//2169 
f 2166//2166 2171//2171 2164//2164 
f 2172//2172 2171//2171 2166//2166 
f 2170//2170 2172//2172 2167//2167 
f 2170//2170 2175//2175 2172//2172 
f 2173//2173 2167//2167 2165//2165 
f 2173//2173 2170//2170 2167//2167 
f 2173//2173 2168//2168 2174//2174 
f 2165//2165 2168//2168 2173//2173 
f 2168//2168 2176//2176 2174//2174 
f 2168//2168 2169//2169 2176//2176 
f 2171//2171 2177//2177 2169//2169 
f 2169//2169 2177//2177 2176//2176 
f 2172//2172 2177//2177 2171//2171 
f 2175//2175 2177//2177 2172//2172 
f 2178//2178 2175//2175 2170//2170 
f 2178//2178 2183//2183 2175//2175 
f 2179//2179 2170//2170 2173//2173 
f 2179//2179 2178//2178 2170//2170 
f 2179//2179 2174//2174 2181//2181 
f 2173//2173 2174//2174 2179//2179 
f 2174//2174 2182//2182 2181//2181 
f 2174//2174 2176//2176 2182//2182 
f 2177//2177 2180//2180 2176//2176 
f 2176//2176 2180//2180 2182//2182 
f 2175//2175 2180//2180 2177//2177 
f 2183//2183 2180//2180 2175//2175 
f 2184//2184 2183//2183 2178//2178 
f 2184//2184 2189//2189 2183//2183 
f 2186//2186 2178//2178 2179//2179 
f 2186//2186 2184//2184 2178//2178 
f 2186//2186 2181//2181 2187//2187 
f 2179//2179 2181//2181 2186//2186 
f 2181//2181 2185//2185 2187//2187 
f 2181//2181 2182//2182 2185//2185 
f 2180//2180 2188//2188 2182//2182 
f 2182//2182 2188//2188 2185//2185 
f 2183//2183 2188//2188 2180//2180 
f 2189//2189 2188//2188 2183//2183 
f 2191//2191 2189//2189 2184//2184 
f 2191//2191 2196//2196 2189//2189 
f 2192//2192 2184//2184 2186//2186 
f 2192//2192 2191//2191 2184//2184 
f 2192//2192 2187//2187 2190//2190 
f 2186//2186 2187//2187 2192//2192 
f 2187//2187 2193//2193 2190//2190 
f 2187//2187 2185//2185 2193//2193 
f 2188//2188 2194//2194 2185//2185 
f 2185//2185 2194//2194 2193//2193 
f 2189//2189 2194//2194 2188//2188 
f 2196//2196 2194//2194 2189//2189 
f 2197//2197 2196//2196 2191//2191 
f 2197//2197 2202//2202 2196//2196 
f 2195//2195 2191//2191 2192//2192 
f 2195//2195 2197//2197 2191//2191 
f 2195//2195 2190//2190 2198//2198 
f 2192//2192 2190//2190 2195//2195 
f 2190//2190 2199//2199 2198//2198 
f 2190//2190 2193//2193 2199//2199 
f 2194//2194 2201//2201 2193//2193 
f 2193//2193 2201//2201 2199//2199 
f 2196//2196 2201//2201 2194//2194 
f 2202//2202 2201//2201 2196//2196 
f 2200//2200 2202//2202 2197//2197 
f 2200//2200 2206//2206 2202//2202 
f 2203//2203 2197//2197 2195//2195 
f 2203//2203 2200//2200 2197//2197 
f 2203//2203 2198//2198 2210//2210 
f 2195//2195 2198//2198 2203//2203 
f 2198//2198 2204//2204 2210//2210 
f 2198//2198 2199//2199 2204//2204 
f 2199//2199 2211//2211 2204//2204 
f 2201//2201 2211//2211 2199//2199 
f 2202//2202 2211//2211 2201//2201 
f 2206//2206 2211//2211 2202//2202 
f 2209//2209 2206//2206 2200//2200 
f 2209//2209 2212//2212 2206//2206 
f 2208//2208 2200//2200 2203//2203 
f 2208//2208 2209//2209 2200//2200 
f 2208//2208 2210//2210 2213//2213 
f 2203//2203 2210//2210 2208//2208 
f 2210//2210 2204//2204 2205//2205 
f 2210//2210 2205//2205 2213//2213 
f 2204//2204 2207//2207 2205//2205 
f 2211//2211 2207//2207 2204//2204 
f 2206//2206 2207//2207 2211//2211 
f 2212//2212 2207//2207 2206//2206 
# mm_gid 2
g mmGroup2
f 2223//2223 2214//2214 2217//2217 
f 2222//2222 2217//2217 2218//2218 
f 2222//2222 2218//2218 2221//2221 
f 2219//2219 2224//2224 2221//2221 
f 2221//2221 2224//2224 2226//2226 
f 2220//2220 2225//2225 2224//2224 
f 2220//2220 2224//2224 2219//2219 
f 2215//2215 2219//2219 2218//2218 
f 2218//2218 2219//2219 2221//2221 
f 2216//2216 2220//2220 2219//2219 
f 2216//2216 2219//2219 2215//2215 
f 2223//2223 2220//2220 2214//2214 
f 2220//2220 2216//2216 2214//2214 
f 2223//2223 2217//2217 2222//2222 
f 2227//2227 2221//2221 2226//2226 
f 2227//2227 2222//2222 2221//2221 
f 2228//2228 2223//2223 2222//2222 
f 2228//2228 2222//2222 2227//2227 
f 2225//2225 2220//2220 2223//2223 
f 2228//2228 2225//2225 2223//2223 
f 2225//2225 2229//2229 2224//2224 
f 2225//2225 2230//2230 2229//2229 
f 2226//2226 2229//2229 2231//2231 
f 2224//2224 2229//2229 2226//2226 
f 2232//2232 2226//2226 2231//2231 
f 2232//2232 2227//2227 2226//2226 
f 2233//2233 2228//2228 2227//2227 
f 2233//2233 2227//2227 2232//2232 
f 2230//2230 2225//2225 2228//2228 
f 2233//2233 2230//2230 2228//2228 
f 2230//2230 2234//2234 2229//2229 
f 2230//2230 2235//2235 2234//2234 
f 2231//2231 2234//2234 2236//2236 
f 2229//2229 2234//2234 2231//2231 
f 2237//2237 2231//2231 2236//2236 
f 2237//2237 2232//2232 2231//2231 
f 2238//2238 2233//2233 2232//2232 
f 2238//2238 2232//2232 2237//2237 
f 2235//2235 2230//2230 2233//2233 
f 2238//2238 2235//2235 2233//2233 
f 2235//2235 2239//2239 2234//2234 
f 2235//2235 2240//2240 2239//2239 
f 2236//2236 2239//2239 2241//2241 
f 2234//2234 2239//2239 2236//2236 
f 2242//2242 2236//2236 2241//2241 
f 2242//2242 2237//2237 2236//2236 
f 2243//2243 2238//2238 2237//2237 
f 2243//2243 2237//2237 2242//2242 
f 2240//2240 2235//2235 2238//2238 
f 2243//2243 2240//2240 2238//2238 
f 2240//2240 2244//2244 2239//2239 
f 2240//2240 2245//2245 2244//2244 
f 2241//2241 2244//2244 2246//2246 
f 2239//2239 2244//2244 2241//2241 
f 2247//2247 2241//2241 2246//2246 
f 2247//2247 2242//2242 2241//2241 
f 2248//2248 2243//2243 2242//2242 
f 2248//2248 2242//2242 2247//2247 
f 2245//2245 2240//2240 2243//2243 
f 2248//2248 2245//2245 2243//2243 
f 2245//2245 2249//2249 2244//2244 
f 2245//2245 2250//2250 2249//2249 
f 2246//2246 2249//2249 2251//2251 
f 2244//2244 2249//2249 2246//2246 
f 2252//2252 2246//2246 2251//2251 
f 2252//2252 2247//2247 2246//2246 
f 2253//2253 2248//2248 2247//2247 
f 2253//2253 2247//2247 2252//2252 
f 2250//2250 2245//2245 2248//2248 
f 2253//2253 2250//2250 2248//2248 
f 2250//2250 2254//2254 2249//2249 
f 2250//2250 2255//2255 2254//2254 
f 2251//2251 2254//2254 2256//2256 
f 2249//2249 2254//2254 2251//2251 
f 2257//2257 2251//2251 2256//2256 
f 2257//2257 2252//2252 2251//2251 
f 2258//2258 2253//2253 2252//2252 
f 2258//2258 2252//2252 2257//2257 
f 2255//2255 2250//2250 2253//2253 
f 2258//2258 2255//2255 2253//2253 
f 2255//2255 2259//2259 2254//2254 
f 2255//2255 2260//2260 2259//2259 
f 2256//2256 2259//2259 2261//2261 
f 2254//2254 2259//2259 2256//2256 
f 2262//2262 2256//2256 2261//2261 
f 2262//2262 2257//2257 2256//2256 
f 2263//2263 2258//2258 2257//2257 
f 2263//2263 2257//2257 2262//2262 
f 2260//2260 2255//2255 2258//2258 
f 2263//2263 2260//2260 2258//2258 
f 2260//2260 2264//2264 2259//2259 
f 2260//2260 2265//2265 2264//2264 
f 2261//2261 2264//2264 2266//2266 
f 2259//2259 2264//2264 2261//2261 
f 2267//2267 2261//2261 2266//2266 
f 2267//2267 2262//2262 2261//2261 
f 2268//2268 2263//2263 2262//2262 
f 2268//2268 2262//2262 2267//2267 
f 2265//2265 2260//2260 2263//2263 
f 2268//2268 2265//2265 2263//2263 
f 2265//2265 2269//2269 2264//2264 
f 2265//2265 2270//2270 2269//2269 
f 2266//2266 2269//2269 2271//2271 
f 2264//2264 2269//2269 2266//2266 
f 2272//2272 2266//2266 2271//2271 
f 2272//2272 2267//2267 2266//2266 
f 2273//2273 2268//2268 2267//2267 
f 2273//2273 2267//2267 2272//2272 
f 2270//2270 2265//2265 2268//2268 
f 2273//2273 2270//2270 2268//2268 
f 2270//2270 2274//2274 2269//2269 
f 2270//2270 2275//2275 2274//2274 
f 2271//2271 2274//2274 2276//2276 
f 2269//2269 2274//2274 2271//2271 
f 2277//2277 2271//2271 2276//2276 
f 2277//2277 2272//2272 2271//2271 
f 2278//2278 2273//2273 2272//2272 
f 2278//2278 2272//2272 2277//2277 
f 2275//2275 2270//2270 2273//2273 
f 2278//2278 2275//2275 2273//2273 
f 2275//2275 2279//2279 2274//2274 
f 2275//2275 2280//2280 2279//2279 
f 2276//2276 2279//2279 2281//2281 
f 2274//2274 2279//2279 2276//2276 
f 2282//2282 2276//2276 2281//2281 
f 2282//2282 2277//2277 2276//2276 
f 2283//2283 2278//2278 2277//2277 
f 2283//2283 2277//2277 2282//2282 
f 2280//2280 2275//2275 2278//2278 
f 2283//2283 2280//2280 2278//2278 
f 2280//2280 2284//2284 2279//2279 
f 2280//2280 2285//2285 2284//2284 
f 2281//2281 2284//2284 2286//2286 
f 2279//2279 2284//2284 2281//2281 
f 2287//2287 2281//2281 2286//2286 
f 2287//2287 2282//2282 2281//2281 
f 2288//2288 2283//2283 2282//2282 
f 2288//2288 2282//2282 2287//2287 
f 2285//2285 2280//2280 2283//2283 
f 2288//2288 2285//2285 2283//2283 
f 2285//2285 2289//2289 2284//2284 
f 2285//2285 2290//2290 2289//2289 
f 2286//2286 2289//2289 2291//2291 
f 2284//2284 2289//2289 2286//2286 
f 2292//2292 2286//2286 2291//2291 
f 2292//2292 2287//2287 2286//2286 
f 2293//2293 2288//2288 2287//2287 
f 2293//2293 2287//2287 2292//2292 
f 2290//2290 2285//2285 2288//2288 
f 2293//2293 2290//2290 2288//2288 
f 2290//2290 2294//2294 2289//2289 
f 2290//2290 2295//2295 2294//2294 
f 2291//2291 2294//2294 2296//2296 
f 2289//2289 2294//2294 2291//2291 
f 2297//2297 2291//2291 2296//2296 
f 2297//2297 2292//2292 2291//2291 
f 2298//2298 2293//2293 2292//2292 
f 2298//2298 2292//2292 2297//2297 
f 2295//2295 2290//2290 2293//2293 
f 2298//2298 2295//2295 2293//2293 
f 2295//2295 2299//2299 2294//2294 
f 2295//2295 2300//2300 2299//2299 
f 2296//2296 2299//2299 2301//2301 
f 2294//2294 2299//2299 2296//2296 
f 2302//2302 2296//2296 2301//2301 
f 2302//2302 2297//2297 2296//2296 
f 2303//2303 2298//2298 2297//2297 
f 2303//2303 2297//2297 2302//2302 
f 2300//2300 2295//2295 2298//2298 
f 2303//2303 2300//2300 2298//2298 
f 2300//2300 2304//2304 2299//2299 
f 2300//2300 2305//2305 2304//2304 
f 2301//2301 2304//2304 2306//2306 
f 2299//2299 2304//2304 2301//2301 
f 2307//2307 2301//2301 2306//2306 
f 2307//2307 2302//2302 2301//2301 
f 2308//2308 2303//2303 2302//2302 
f 2308//2308 2302//2302 2307//2307 
f 2305//2305 2300//2300 2303//2303 
f 2308//2308 2305//2305 2303//2303 
f 2305//2305 2309//2309 2304//2304 
f 2305//2305 2310//2310 2309//2309 
f 2306//2306 2309//2309 2311//2311 
f 2304//2304 2309//2309 2306//2306 
f 2312//2312 2306//2306 2311//2311 
f 2312//2312 2307//2307 2306//2306 
f 2313//2313 2308//2308 2307//2307 
f 2313//2313 2307//2307 2312//2312 
f 2310//2310 2305//2305 2308//2308 
f 2313//2313 2310//2310 2308//2308 
f 2310//2310 2314//2314 2309//2309 
f 2310//2310 2315//2315 2314//2314 
f 2311//2311 2314//2314 2316//2316 
f 2309//2309 2314//2314 2311//2311 
f 2317//2317 2311//2311 2316//2316 
f 2317//2317 2312//2312 2311//2311 
f 2318//2318 2313//2313 2312//2312 
f 2318//2318 2312//2312 2317//2317 
f 2315//2315 2310//2310 2313//2313 
f 2318//2318 2315//2315 2313//2313 
f 2315//2315 2319//2319 2314//2314 
f 2315//2315 2320//2320 2319//2319 
f 2316//2316 2319//2319 2321//2321 
f 2314//2314 2319//2319 2316//2316 
f 2322//2322 2316//2316 2321//2321 
f 2322//2322 2317//2317 2316//2316 
f 2323//2323 2318//2318 2317//2317 
f 2323//2323 2317//2317 2322//2322 
f 2320//2320 2315//2315 2318//2318 
f 2323//2323 2320//2320 2318//2318 
f 2320//2320 2324//2324 2319//2319 
f 2320//2320 2325//2325 2324//2324 
f 2321//2321 2324//2324 2326//2326 
f 2319//2319 2324//2324 2321//2321 
f 2327//2327 2321//2321 2326//2326 
f 2327//2327 2322//2322 2321//2321 
f 2328//2328 2323//2323 2322//2322 
f 2328//2328 2322//2322 2327//2327 
f 2325//2325 2320//2320 2323//2323 
f 2328//2328 2325//2325 2323//2323 
f 2325//2325 2329//2329 2324//2324 
f 2325//2325 2330//2330 2329//2329 
f 2326//2326 2329//2329 2331//2331 
f 2324//2324 2329//2329 2326//2326 
f 2332//2332 2326//2326 2331//2331 
f 2332//2332 2327//2327 2326//2326 
f 2333//2333 2328//2328 2327//2327 
f 2333//2333 2327//2327 2332//2332 
f 2330//2330 2325//2325 2328//2328 
f 2333//2333 2330//2330 2328//2328 
f 2330//2330 2334//2334 2329//2329 
f 2330//2330 2335//2335 2334//2334 
f 2331//2331 2334//2334 2336//2336 
f 2329//2329 2334//2334 2331//2331 
f 2337//2337 2331//2331 2336//2336 
f 2337//2337 2332//2332 2331//2331 
f 2338//2338 2333//2333 2332//2332 
f 2338//2338 2332//2332 2337//2337 
f 2335//2335 2330//2330 2333//2333 
f 2338//2338 2335//2335 2333//2333 
f 2335//2335 2339//2339 2334//2334 
f 2335//2335 2340//2340 2339//2339 
f 2336//2336 2339//2339 2341//2341 
f 2334//2334 2339//2339 2336//2336 
f 2342//2342 2336//2336 2341//2341 
f 2342//2342 2337//2337 2336//2336 
f 2343//2343 2338//2338 2337//2337 
f 2343//2343 2337//2337 2342//2342 
f 2340//2340 2335//2335 2338//2338 
f 2343//2343 2340//2340 2338//2338 
f 2340//2340 2344//2344 2339//2339 
f 2340//2340 2345//2345 2344//2344 
f 2341//2341 2344//2344 2346//2346 
f 2339//2339 2344//2344 2341//2341 
f 2347//2347 2341//2341 2346//2346 
f 2347//2347 2342//2342 2341//2341 
f 2348//2348 2343//2343 2342//2342 
f 2348//2348 2342//2342 2347//2347 
f 2345//2345 2340//2340 2343//2343 
f 2348//2348 2345//2345 2343//2343 
f 2345//2345 2349//2349 2344//2344 
f 2345//2345 2350//2350 2349//2349 
f 2346//2346 2349//2349 2351//2351 
f 2344//2344 2349//2349 2346//2346 
f 2352//2352 2346//2346 2351//2351 
f 2352//2352 2347//2347 2346//2346 
f 2353//2353 2348//2348 2347//2347 
f 2353//2353 2347//2347 2352//2352 
f 2350//2350 2345//2345 2348//2348 
f 2353//2353 2350//2350 2348//2348 
f 2350//2350 2354//2354 2349//2349 
f 2350//2350 2355//2355 2354//2354 
f 2351//2351 2354//2354 2356//2356 
f 2349//2349 2354//2354 2351//2351 
f 2357//2357 2351//2351 2356//2356 
f 2357//2357 2352//2352 2351//2351 
f 2358//2358 2353//2353 2352//2352 
f 2358//2358 2352//2352 2357//2357 
f 2355//2355 2350//2350 2353//2353 
f 2358//2358 2355//2355 2353//2353 
f 2355//2355 2359//2359 2354//2354 
f 2355//2355 2360//2360 2359//2359 
f 2356//2356 2359//2359 2361//2361 
f 2354//2354 2359//2359 2356//2356 
f 2362//2362 2356//2356 2361//2361 
f 2362//2362 2357//2357 2356//2356 
f 2363//2363 2358//2358 2357//2357 
f 2363//2363 2357//2357 2362//2362 
f 2360//2360 2355//2355 2358//2358 
f 2363//2363 2360//2360 2358//2358 
f 2360//2360 2364//2364 2359//2359 
f 2360//2360 2365//2365 2364//2364 
f 2361//2361 2364//2364 2366//2366 
f 2359//2359 2364//2364 2361//2361 
f 2367//2367 2361//2361 2366//2366 
f 2367//2367 2362//2362 2361//2361 
f 2368//2368 2363//2363 2362//2362 
f 2368//2368 2362//2362 2367//2367 
f 2365//2365 2360//2360 2363//2363 
f 2368//2368 2365//2365 2363//2363 
f 2365//2365 2369//2369 2364//2364 
f 2365//2365 2370//2370 2369//2369 
f 2366//2366 2369//2369 2371//2371 
f 2364//2364 2369//2369 2366//2366 
f 2372//2372 2366//2366 2371//2371 
f 2372//2372 2367//2367 2366//2366 
f 2373//2373 2368//2368 2367//2367 
f 2373//2373 2367//2367 2372//2372 
f 2370//2370 2365//2365 2368//2368 
f 2373//2373 2370//2370 2368//2368 
f 2370//2370 2374//2374 2369//2369 
f 2370//2370 2375//2375 2374//2374 
f 2371//2371 2374//2374 2376//2376 
f 2369//2369 2374//2374 2371//2371 
f 2377//2377 2371//2371 2376//2376 
f 2377//2377 2372//2372 2371//2371 
f 2378//2378 2373//2373 2372//2372 
f 2378//2378 2372//2372 2377//2377 
f 2375//2375 2370//2370 2373//2373 
f 2378//2378 2375//2375 2373//2373 
f 2375//2375 2379//2379 2374//2374 
f 2375//2375 2380//2380 2379//2379 
f 2376//2376 2379//2379 2381//2381 
f 2374//2374 2379//2379 2376//2376 
f 2382//2382 2376//2376 2381//2381 
f 2382//2382 2377//2377 2376//2376 
f 2383//2383 2378//2378 2377//2377 
f 2383//2383 2377//2377 2382//2382 
f 2380//2380 2375//2375 2378//2378 
f 2383//2383 2380//2380 2378//2378 
f 2380//2380 2384//2384 2379//2379 
f 2380//2380 2385//2385 2384//2384 
f 2381//2381 2384//2384 2386//2386 
f 2379//2379 2384//2384 2381//2381 
f 2387//2387 2381//2381 2386//2386 
f 2387//2387 2382//2382 2381//2381 
f 2388//2388 2383//2383 2382//2382 
f 2388//2388 2382//2382 2387//2387 
f 2385//2385 2380//2380 2383//2383 
f 2388//2388 2385//2385 2383//2383 
f 2385//2385 2389//2389 2384//2384 
f 2385//2385 2390//2390 2389//2389 
f 2386//2386 2389//2389 2391//2391 
f 2384//2384 2389//2389 2386//2386 
f 2392//2392 2386//2386 2391//2391 
f 2392//2392 2387//2387 2386//2386 
f 2393//2393 2388//2388 2387//2387 
f 2393//2393 2387//2387 2392//2392 
f 2390//2390 2385//2385 2388//2388 
f 2393//2393 2390//2390 2388//2388 
f 2390//2390 2394//2394 2389//2389 
f 2390//2390 2395//2395 2394//2394 
f 2391//2391 2394//2394 2396//2396 
f 2389//2389 2394//2394 2391//2391 
f 2397//2397 2391//2391 2396//2396 
f 2397//2397 2392//2392 2391//2391 
f 2398//2398 2393//2393 2392//2392 
f 2398//2398 2392//2392 2397//2397 
f 2395//2395 2390//2390 2393//2393 
f 2398//2398 2395//2395 2393//2393 
f 2395//2395 2399//2399 2394//2394 
f 2395//2395 2400//2400 2399//2399 
f 2396//2396 2399//2399 2401//2401 
f 2394//2394 2399//2399 2396//2396 
f 2402//2402 2396//2396 2401//2401 
f 2402//2402 2397//2397 2396//2396 
f 2403//2403 2398//2398 2397//2397 
f 2403//2403 2397//2397 2402//2402 
f 2400//2400 2395//2395 2398//2398 
f 2403//2403 2400//2400 2398//2398 
f 2400//2400 2404//2404 2399//2399 
f 2400//2400 2405//2405 2404//2404 
f 2401//2401 2404//2404 2406//2406 
f 2399//2399 2404//2404 2401//2401 
f 2407//2407 2401//2401 2406//2406 
f 2407//2407 2402//2402 2401//2401 
f 2408//2408 2403//2403 2402//2402 
f 2408//2408 2402//2402 2407//2407 
f 2405//2405 2400//2400 2403//2403 
f 2408//2408 2405//2405 2403//2403 
f 2405//2405 2409//2409 2404//2404 
f 2405//2405 2410//2410 2409//2409 
f 2406//2406 2409//2409 2411//2411 
f 2404//2404 2409//2409 2406//2406 
f 2412//2412 2406//2406 2411//2411 
f 2412//2412 2407//2407 2406//2406 
f 2413//2413 2408//2408 2407//2407 
f 2413//2413 2407//2407 2412//2412 
f 2410//2410 2405//2405 2408//2408 
f 2413//2413 2410//2410 2408//2408 
f 2410//2410 2414//2414 2409//2409 
f 2410//2410 2415//2415 2414//2414 
f 2411//2411 2414//2414 2416//2416 
f 2409//2409 2414//2414 2411//2411 
f 2417//2417 2411//2411 2416//2416 
f 2417//2417 2412//2412 2411//2411 
f 2418//2418 2413//2413 2412//2412 
f 2418//2418 2412//2412 2417//2417 
f 2415//2415 2410//2410 2413//2413 
f 2418//2418 2415//2415 2413//2413 
f 2415//2415 2419//2419 2414//2414 
f 2415//2415 2420//2420 2419//2419 
f 2416//2416 2419//2419 2421//2421 
f 2414//2414 2419//2419 2416//2416 
f 2422//2422 2416//2416 2421//2421 
f 2422//2422 2417//2417 2416//2416 
f 2423//2423 2418//2418 2417//2417 
f 2423//2423 2417//2417 2422//2422 
f 2420//2420 2415//2415 2418//2418 
f 2423//2423 2420//2420 2418//2418 
f 2420//2420 2424//2424 2419//2419 
f 2420//2420 2425//2425 2424//2424 
f 2421//2421 2424//2424 2426//2426 
f 2419//2419 2424//2424 2421//2421 
f 2427//2427 2421//2421 2426//2426 
f 2427//2427 2422//2422 2421//2421 
f 2428//2428 2423//2423 2422//2422 
f 2428//2428 2422//2422 2427//2427 
f 2425//2425 2420//2420 2423//2423 
f 2428//2428 2425//2425 2423//2423 
f 2425//2425 2429//2429 2424//2424 
f 2425//2425 2430//2430 2429//2429 
f 2426//2426 2429//2429 2431//2431 
f 2424//2424 2429//2429 2426//2426 
f 2432//2432 2426//2426 2431//2431 
f 2432//2432 2427//2427 2426//2426 
f 2433//2433 2428//2428 2427//2427 
f 2433//2433 2427//2427 2432//2432 
f 2430//2430 2425//2425 2428//2428 
f 2433//2433 2430//2430 2428//2428 
f 2430//2430 2434//2434 2429//2429 
f 2430//2430 2435//2435 2434//2434 
f 2431//2431 2434//2434 2436//2436 
f 2429//2429 2434//2434 2431//2431 
f 2437//2437 2431//2431 2436//2436 
f 2437//2437 2432//2432 2431//2431 
f 2438//2438 2433//2433 2432//2432 
f 2438//2438 2432//2432 2437//2437 
f 2435//2435 2430//2430 2433//2433 
f 2438//2438 2435//2435 2433//2433 
f 2435//2435 2439//2439 2434//2434 
f 2435//2435 2440//2440 2439//2439 
f 2436//2436 2439//2439 2441//2441 
f 2434//2434 2439//2439 2436//2436 
f 2442//2442 2436//2436 2441//2441 
f 2442//2442 2437//2437 2436//2436 
f 2443//2443 2438//2438 2437//2437 
f 2443//2443 2437//2437 2442//2442 
f 2440//2440 2435//2435 2438//2438 
f 2443//2443 2440//2440 2438//2438 
f 2440//2440 2444//2444 2439//2439 
f 2440//2440 2445//2445 2444//2444 
f 2441//2441 2444//2444 2446//2446 
f 2439//2439 2444//2444 2441//2441 
f 2447//2447 2441//2441 2446//2446 
f 2447//2447 2442//2442 2441//2441 
f 2448//2448 2443//2443 2442//2442 
f 2448//2448 2442//2442 2447//2447 
f 2445//2445 2440//2440 2443//2443 
f 2448//2448 2445//2445 2443//2443 
f 2445//2445 2449//2449 2444//2444 
f 2445//2445 2450//2450 2449//2449 
f 2446//2446 2449//2449 2451//2451 
f 2444//2444 2449//2449 2446//2446 
f 2452//2452 2446//2446 2451//2451 
f 2452//2452 2447//2447 2446//2446 
f 2453//2453 2448//2448 2447//2447 
f 2453//2453 2447//2447 2452//2452 
f 2450//2450 2445//2445 2448//2448 
f 2453//2453 2450//2450 2448//2448 
f 2450//2450 2454//2454 2449//2449 
f 2450//2450 2455//2455 2454//2454 
f 2451//2451 2454//2454 2456//2456 
f 2449//2449 2454//2454 2451//2451 
f 2457//2457 2451//2451 2456//2456 
f 2457//2457 2452//2452 2451//2451 
f 2458//2458 2453//2453 2452//2452 
f 2458//2458 2452//2452 2457//2457 
f 2455//2455 2450//2450 2453//2453 
f 2458//2458 2455//2455 2453//2453 
f 2455//2455 2459//2459 2454//2454 
f 2455//2455 2460//2460 2459//2459 
f 2456//2456 2459//2459 2461//2461 
f 2454//2454 2459//2459 2456//2456 
f 2462//2462 2456//2456 2461//2461 
f 2462//2462 2457//2457 2456//2456 
f 2463//2463 2458//2458 2457//2457 
f 2463//2463 2457//2457 2462//2462 
f 2460//2460 2455//2455 2458//2458 
f 2463//2463 2460//2460 2458//2458 
f 2460//2460 2464//2464 2459//2459 
f 2460//2460 2465//2465 2464//2464 
f 2461//2461 2464//2464 2466//2466 
f 2459//2459 2464//2464 2461//2461 
f 2467//2467 2461//2461 2466//2466 
f 2467//2467 2462//2462 2461//2461 
f 2468//2468 2463//2463 2462//2462 
f 2468//2468 2462//2462 2467//2467 
f 2465//2465 2460//2460 2463//2463 
f 2468//2468 2465//2465 2463//2463 
f 2465//2465 2469//2469 2464//2464 
f 2465//2465 2470//2470 2469//2469 
f 2466//2466 2469//2469 2471//2471 
f 2464//2464 2469//2469 2466//2466 
f 2472//2472 2466//2466 2471//2471 
f 2472//2472 2467//2467 2466//2466 
f 2473//2473 2468//2468 2467//2467 
f 2473//2473 2467//2467 2472//2472 
f 2470//2470 2465//2465 2468//2468 
f 2473//2473 2470//2470 2468//2468 
f 2470//2470 2474//2474 2469//2469 
f 2470//2470 2475//2475 2474//2474 
f 2471//2471 2474//2474 2476//2476 
f 2469//2469 2474//2474 2471//2471 
f 2477//2477 2471//2471 2476//2476 
f 2477//2477 2472//2472 2471//2471 
f 2478//2478 2473//2473 2472//2472 
f 2478//2478 2472//2472 2477//2477 
f 2475//2475 2470//2470 2473//2473 
f 2478//2478 2475//2475 2473//2473 
f 2475//2475 2479//2479 2474//2474 
f 2475//2475 2480//2480 2479//2479 
f 2476//2476 2479//2479 2481//2481 
f 2474//2474 2479//2479 2476//2476 
f 2482//2482 2476//2476 2481//2481 
f 2482//2482 2477//2477 2476//2476 
f 2483//2483 2478//2478 2477//2477 
f 2483//2483 2477//2477 2482//2482 
f 2480//2480 2475//2475 2478//2478 
f 2483//2483 2480//2480 2478//2478 
f 2480//2480 2484//2484 2479//2479 
f 2480//2480 2485//2485 2484//2484 
f 2481//2481 2484//2484 2486//2486 
f 2479//2479 2484//2484 2481//2481 
f 2487//2487 2481//2481 2486//2486 
f 2487//2487 2482//2482 2481//2481 
f 2488//2488 2483//2483 2482//2482 
f 2488//2488 2482//2482 2487//2487 
f 2485//2485 2480//2480 2483//2483 
f 2488//2488 2485//2485 2483//2483 
f 2485//2485 2489//2489 2484//2484 
f 2485//2485 2490//2490 2489//2489 
f 2486//2486 2489//2489 2491//2491 
f 2484//2484 2489//2489 2486//2486 
f 2492//2492 2486//2486 2491//2491 
f 2492//2492 2487//2487 2486//2486 
f 2493//2493 2488//2488 2487//2487 
f 2493//2493 2487//2487 2492//2492 
f 2490//2490 2485//2485 2488//2488 
f 2493//2493 2490//2490 2488//2488 
f 2490//2490 2494//2494 2489//2489 
f 2490//2490 2495//2495 2494//2494 
f 2491//2491 2494//2494 2496//2496 
f 2489//2489 2494//2494 2491//2491 
f 2497//2497 2491//2491 2496//2496 
f 2497//2497 2492//2492 2491//2491 
f 2498//2498 2493//2493 2492//2492 
f 2498//2498 2492//2492 2497//2497 
f 2495//2495 2490//2490 2493//2493 
f 2498//2498 2495//2495 2493//2493 
f 2495//2495 2499//2499 2494//2494 
f 2495//2495 2500//2500 2499//2499 
f 2496//2496 2499//2499 2501//2501 
f 2494//2494 2499//2499 2496//2496 
f 2502//2502 2496//2496 2501//2501 
f 2502//2502 2497//2497 2496//2496 
f 2503//2503 2498//2498 2497//2497 
f 2503//2503 2497//2497 2502//2502 
f 2500//2500 2495//2495 2498//2498 
f 2503//2503 2500//2500 2498//2498 
f 2500//2500 2504//2504 2499//2499 
f 2500//2500 2505//2505 2504//2504 
f 2501//2501 2504//2504 2506//2506 
f 2499//2499 2504//2504 2501//2501 
f 2507//2507 2501//2501 2506//2506 
f 2507//2507 2502//2502 2501//2501 
f 2508//2508 2503//2503 2502//2502 
f 2508//2508 2502//2502 2507//2507 
f 2505//2505 2500//2500 2503//2503 
f 2508//2508 2505//2505 2503//2503 
f 2505//2505 2509//2509 2504//2504 
f 2505//2505 2510//2510 2509//2509 
f 2506//2506 2509//2509 2511//2511 
f 2504//2504 2509//2509 2506//2506 
f 2512//2512 2506//2506 2511//2511 
f 2512//2512 2507//2507 2506//2506 
f 2513//2513 2508//2508 2507//2507 
f 2513//2513 2507//2507 2512//2512 
f 2510//2510 2505//2505 2508//2508 
f 2513//2513 2510//2510 2508//2508 
f 2510//2510 2514//2514 2509//2509 
f 2510//2510 2515//2515 2514//2514 
f 2511//2511 2514//2514 2516//2516 
f 2509//2509 2514//2514 2511//2511 
f 2517//2517 2511//2511 2516//2516 
f 2517//2517 2512//2512 2511//2511 
f 2518//2518 2513//2513 2512//2512 
f 2518//2518 2512//2512 2517//2517 
f 2515//2515 2510//2510 2513//2513 
f 2518//2518 2515//2515 2513//2513 
f 2515//2515 2519//2519 2514//2514 
f 2515//2515 2520//2520 2519//2519 
f 2516//2516 2519//2519 2521//2521 
f 2514//2514 2519//2519 2516//2516 
f 2522//2522 2516//2516 2521//2521 
f 2522//2522 2517//2517 2516//2516 
f 2523//2523 2518//2518 2517//2517 
f 2523//2523 2517//2517 2522//2522 
f 2520//2520 2515//2515 2518//2518 
f 2523//2523 2520//2520 2518//2518 
f 2520//2520 2524//2524 2519//2519 
f 2520//2520 2525//2525 2524//2524 
f 2521//2521 2524//2524 2526//2526 
f 2519//2519 2524//2524 2521//2521 
f 2527//2527 2521//2521 2526//2526 
f 2527//2527 2522//2522 2521//2521 
f 2528//2528 2523//2523 2522//2522 
f 2528//2528 2522//2522 2527//2527 
f 2525//2525 2520//2520 2523//2523 
f 2528//2528 2525//2525 2523//2523 
f 2525//2525 2529//2529 2524//2524 
f 2525//2525 2530//2530 2529//2529 
f 2526//2526 2529//2529 2531//2531 
f 2524//2524 2529//2529 2526//2526 
f 2532//2532 2526//2526 2531//2531 
f 2532//2532 2527//2527 2526//2526 
f 2533//2533 2528//2528 2527//2527 
f 2533//2533 2527//2527 2532//2532 
f 2530//2530 2525//2525 2528//2528 
f 2533//2533 2530//2530 2528//2528 
f 2530//2530 2534//2534 2529//2529 
f 2530//2530 2535//2535 2534//2534 
f 2531//2531 2534//2534 2536//2536 
f 2529//2529 2534//2534 2531//2531 
f 2537//2537 2531//2531 2536//2536 
f 2537//2537 2532//2532 2531//2531 
f 2538//2538 2533//2533 2532//2532 
f 2538//2538 2532//2532 2537//2537 
f 2535//2535 2530//2530 2533//2533 
f 2538//2538 2535//2535 2533//2533 
f 2535//2535 2539//2539 2534//2534 
f 2535//2535 2540//2540 2539//2539 
f 2536//2536 2539//2539 2541//2541 
f 2534//2534 2539//2539 2536//2536 
f 2542//2542 2536//2536 2541//2541 
f 2542//2542 2537//2537 2536//2536 
f 2543//2543 2538//2538 2537//2537 
f 2543//2543 2537//2537 2542//2542 
f 2540//2540 2535//2535 2538//2538 
f 2543//2543 2540//2540 2538//2538 
f 2540//2540 2544//2544 2539//2539 
f 2540//2540 2545//2545 2544//2544 
f 2541//2541 2544//2544 2546//2546 
f 2539//2539 2544//2544 2541//2541 
f 2547//2547 2541//2541 2546//2546 
f 2547//2547 2542//2542 2541//2541 
f 2548//2548 2543//2543 2542//2542 
f 2548//2548 2542//2542 2547//2547 
f 2545//2545 2540//2540 2543//2543 
f 2548//2548 2545//2545 2543//2543 
f 2545//2545 2549//2549 2544//2544 
f 2545//2545 2550//2550 2549//2549 
f 2546//2546 2549//2549 2551//2551 
f 2544//2544 2549//2549 2546//2546 
f 2552//2552 2546//2546 2551//2551 
f 2552//2552 2547//2547 2546//2546 
f 2553//2553 2548//2548 2547//2547 
f 2553//2553 2547//2547 2552//2552 
f 2550//2550 2545//2545 2548//2548 
f 2553//2553 2550//2550 2548//2548 
f 2550//2550 2554//2554 2549//2549 
f 2550//2550 2555//2555 2554//2554 
f 2551//2551 2554//2554 2556//2556 
f 2549//2549 2554//2554 2551//2551 
f 2557//2557 2551//2551 2556//2556 
f 2557//2557 2552//2552 2551//2551 
f 2558//2558 2553//2553 2552//2552 
f 2558//2558 2552//2552 2557//2557 
f 2555//2555 2550//2550 2553//2553 
f 2558//2558 2555//2555 2553//2553 
f 2555//2555 2559//2559 2554//2554 
f 2555//2555 2560//2560 2559//2559 
f 2556//2556 2559//2559 2561//2561 
f 2554//2554 2559//2559 2556//2556 
f 2562//2562 2556//2556 2561//2561 
f 2562//2562 2557//2557 2556//2556 
f 2563//2563 2558//2558 2557//2557 
f 2563//2563 2557//2557 2562//2562 
f 2560//2560 2555//2555 2558//2558 
f 2563//2563 2560//2560 2558//2558 
f 2560//2560 2564//2564 2559//2559 
f 2560//2560 2565//2565 2564//2564 
f 2561//2561 2564//2564 2566//2566 
f 2559//2559 2564//2564 2561//2561 
f 2567//2567 2561//2561 2566//2566 
f 2567//2567 2562//2562 2561//2561 
f 2568//2568 2563//2563 2562//2562 
f 2568//2568 2562//2562 2567//2567 
f 2565//2565 2560//2560 2563//2563 
f 2568//2568 2565//2565 2563//2563 
f 2565//2565 2569//2569 2564//2564 
f 2565//2565 2570//2570 2569//2569 
f 2566//2566 2569//2569 2571//2571 
f 2564//2564 2569//2569 2566//2566 
f 2572//2572 2566//2566 2571//2571 
f 2572//2572 2567//2567 2566//2566 
f 2573//2573 2568//2568 2567//2567 
f 2573//2573 2567//2567 2572//2572 
f 2570//2570 2565//2565 2568//2568 
f 2573//2573 2570//2570 2568//2568 
f 2570//2570 2574//2574 2569//2569 
f 2570//2570 2575//2575 2574//2574 
f 2571//2571 2574//2574 2576//2576 
f 2569//2569 2574//2574 2571//2571 
f 2577//2577 2571//2571 2576//2576 
f 2577//2577 2572//2572 2571//2571 
f 2578//2578 2573//2573 2572//2572 
f 2578//2578 2572//2572 2577//2577 
f 2575//2575 2570//2570 2573//2573 
f 2578//2578 2575//2575 2573//2573 
f 2575//2575 2579//2579 2574//2574 
f 2575//2575 2580//2580 2579//2579 
f 2576//2576 2579//2579 2581//2581 
f 2574//2574 2579//2579 2576//2576 
f 2582//2582 2576//2576 2581//2581 
f 2582//2582 2577//2577 2576//2576 
f 2583//2583 2578//2578 2577//2577 
f 2583//2583 2577//2577 2582//2582 
f 2580//2580 2575//2575 2578//2578 
f 2583//2583 2580//2580 2578//2578 
f 2580//2580 2584//2584 2579//2579 
f 2580//2580 2585//2585 2584//2584 
f 2581//2581 2584//2584 2586//2586 
f 2579//2579 2584//2584 2581//2581 
f 2587//2587 2581//2581 2586//2586 
f 2587//2587 2582//2582 2581//2581 
f 2588//2588 2583//2583 2582//2582 
f 2588//2588 2582//2582 2587//2587 
f 2585//2585 2580//2580 2583//2583 
f 2588//2588 2585//2585 2583//2583 
f 2585//2585 2589//2589 2584//2584 
f 2585//2585 2590//2590 2589//2589 
f 2586//2586 2589//2589 2591//2591 
f 2584//2584 2589//2589 2586//2586 
f 2592//2592 2586//2586 2591//2591 
f 2592//2592 2587//2587 2586//2586 
f 2593//2593 2588//2588 2587//2587 
f 2593//2593 2587//2587 2592//2592 
f 2590//2590 2585//2585 2588//2588 
f 2593//2593 2590//2590 2588//2588 
f 2590//2590 2594//2594 2589//2589 
f 2590//2590 2595//2595 2594//2594 
f 2591//2591 2594//2594 2596//2596 
f 2589//2589 2594//2594 2591//2591 
f 2597//2597 2591//2591 2596//2596 
f 2597//2597 2592//2592 2591//2591 
f 2598//2598 2593//2593 2592//2592 
f 2598//2598 2592//2592 2597//2597 
f 2595//2595 2590//2590 2593//2593 
f 2598//2598 2595//2595 2593//2593 
f 2595//2595 2599//2599 2594//2594 
f 2595//2595 2600//2600 2599//2599 
f 2596//2596 2599//2599 2601//2601 
f 2594//2594 2599//2599 2596//2596 
f 2602//2602 2596//2596 2601//2601 
f 2602//2602 2597//2597 2596//2596 
f 2603//2603 2598//2598 2597//2597 
f 2603//2603 2597//2597 2602//2602 
f 2600//2600 2595//2595 2598//2598 
f 2603//2603 2600//2600 2598//2598 
f 2600//2600 2604//2604 2599//2599 
f 2600//2600 2605//2605 2604//2604 
f 2601//2601 2604//2604 2606//2606 
f 2599//2599 2604//2604 2601//2601 
f 2607//2607 2601//2601 2606//2606 
f 2607//2607 2602//2602 2601//2601 
f 2608//2608 2603//2603 2602//2602 
f 2608//2608 2602//2602 2607//2607 
f 2605//2605 2600//2600 2603//2603 
f 2608//2608 2605//2605 2603//2603 
f 2605//2605 2609//2609 2604//2604 
f 2605//2605 2610//2610 2609//2609 
f 2606//2606 2609//2609 2611//2611 
f 2604//2604 2609//2609 2606//2606 
f 2612//2612 2606//2606 2611//2611 
f 2612//2612 2607//2607 2606//2606 
f 2613//2613 2608//2608 2607//2607 
f 2613//2613 2607//2607 2612//2612 
f 2610//2610 2605//2605 2608//2608 
f 2613//2613 2610//2610 2608//2608 
f 2610//2610 2614//2614 2609//2609 
f 2610//2610 2615//2615 2614//2614 
f 2611//2611 2614//2614 2616//2616 
f 2609//2609 2614//2614 2611//2611 
f 2617//2617 2611//2611 2616//2616 
f 2617//2617 2612//2612 2611//2611 
f 2618//2618 2613//2613 2612//2612 
f 2618//2618 2612//2612 2617//2617 
f 2615//2615 2610//2610 2613//2613 
f 2618//2618 2615//2615 2613//2613 
f 2615//2615 2619//2619 2614//2614 
f 2615//2615 2620//2620 2619//2619 
f 2616//2616 2619//2619 2621//2621 
f 2614//2614 2619//2619 2616//2616 
f 2622//2622 2616//2616 2621//2621 
f 2622//2622 2617//2617 2616//2616 
f 2623//2623 2618//2618 2617//2617 
f 2623//2623 2617//2617 2622//2622 
f 2620//2620 2615//2615 2618//2618 
f 2623//2623 2620//2620 2618//2618 
f 2620//2620 2624//2624 2619//2619 
f 2620//2620 2625//2625 2624//2624 
f 2621//2621 2624//2624 2626//2626 
f 2619//2619 2624//2624 2621//2621 
f 2627//2627 2621//2621 2626//2626 
f 2627//2627 2622//2622 2621//2621 
f 2628//2628 2623//2623 2622//2622 
f 2628//2628 2622//2622 2627//2627 
f 2625//2625 2620//2620 2623//2623 
f 2628//2628 2625//2625 2623//2623 
f 2625//2625 2629//2629 2624//2624 
f 2625//2625 2630//2630 2629//2629 
f 2626//2626 2629//2629 2631//2631 
f 2624//2624 2629//2629 2626//2626 
f 2632//2632 2626//2626 2631//2631 
f 2632//2632 2627//2627 2626//2626 
f 2633//2633 2628//2628 2627//2627 
f 2633//2633 2627//2627 2632//2632 
f 2630//2630 2625//2625 2628//2628 
f 2633//2633 2630//2630 2628//2628 
f 2630//2630 2634//2634 2629//2629 
f 2630//2630 2635//2635 2634//2634 
f 2631//2631 2634//2634 2636//2636 
f 2629//2629 2634//2634 2631//2631 
f 2637//2637 2631//2631 2636//2636 
f 2637//2637 2632//2632 2631//2631 
f 2638//2638 2633//2633 2632//2632 
f 2638//2638 2632//2632 2637//2637 
f 2635//2635 2630//2630 2633//2633 
f 2638//2638 2635//2635 2633//2633 
f 2635//2635 2639//2639 2634//2634 
f 2635//2635 2640//2640 2639//2639 
f 2636//2636 2639//2639 2641//2641 
f 2634//2634 2639//2639 2636//2636 
f 2642//2642 2636//2636 2641//2641 
f 2642//2642 2637//2637 2636//2636 
f 2643//2643 2638//2638 2637//2637 
f 2643//2643 2637//2637 2642//2642 
f 2640//2640 2635//2635 2638//2638 
f 2643//2643 2640//2640 2638//2638 
f 2640//2640 2644//2644 2639//2639 
f 2640//2640 2645//2645 2644//2644 
f 2641//2641 2644//2644 2646//2646 
f 2639//2639 2644//2644 2641//2641 
f 2647//2647 2641//2641 2646//2646 
f 2647//2647 2642//2642 2641//2641 
f 2648//2648 2643//2643 2642//2642 
f 2648//2648 2642//2642 2647//2647 
f 2645//2645 2640//2640 2643//2643 
f 2648//2648 2645//2645 2643//2643 
f 2645//2645 2649//2649 2644//2644 
f 2645//2645 2650//2650 2649//2649 
f 2646//2646 2649//2649 2651//2651 
f 2644//2644 2649//2649 2646//2646 
f 2652//2652 2646//2646 2651//2651 
f 2652//2652 2647//2647 2646//2646 
f 2653//2653 2648//2648 2647//2647 
f 2653//2653 2647//2647 2652//2652 
f 2650//2650 2645//2645 2648//2648 
f 2653//2653 2650//2650 2648//2648 
f 2650//2650 2654//2654 2649//2649 
f 2650//2650 2655//2655 2654//2654 
f 2651//2651 2654//2654 2656//2656 
f 2649//2649 2654//2654 2651//2651 
f 2657//2657 2651//2651 2656//2656 
f 2657//2657 2652//2652 2651//2651 
f 2658//2658 2653//2653 2652//2652 
f 2658//2658 2652//2652 2657//2657 
f 2655//2655 2650//2650 2653//2653 
f 2658//2658 2655//2655 2653//2653 
f 2655//2655 2659//2659 2654//2654 
f 2655//2655 2660//2660 2659//2659 
f 2656//2656 2659//2659 2661//2661 
f 2654//2654 2659//2659 2656//2656 
f 2662//2662 2656//2656 2661//2661 
f 2662//2662 2657//2657 2656//2656 
f 2663//2663 2658//2658 2657//2657 
f 2663//2663 2657//2657 2662//2662 
f 2660//2660 2655//2655 2658//2658 
f 2663//2663 2660//2660 2658//2658 
f 2660//2660 2664//2664 2659//2659 
f 2660//2660 2665//2665 2664//2664 
f 2661//2661 2664//2664 2666//2666 
f 2659//2659 2664//2664 2661//2661 
f 2667//2667 2661//2661 2666//2666 
f 2667//2667 2662//2662 2661//2661 
f 2668//2668 2663//2663 2662//2662 
f 2668//2668 2662//2662 2667//2667 
f 2665//2665 2660//2660 2663//2663 
f 2668//2668 2665//2665 2663//2663 
f 2665//2665 2669//2669 2664//2664 
f 2665//2665 2670//2670 2669//2669 
f 2666//2666 2669//2669 2671//2671 
f 2664//2664 2669//2669 2666//2666 
f 2672//2672 2666//2666 2671//2671 
f 2672//2672 2667//2667 2666//2666 
f 2673//2673 2668//2668 2667//2667 
f 2673//2673 2667//2667 2672//2672 
f 2670//2670 2665//2665 2668//2668 
f 2673//2673 2670//2670 2668//2668 
f 2670//2670 2674//2674 2669//2669 
f 2670//2670 2675//2675 2674//2674 
f 2671//2671 2674//2674 2676//2676 
f 2669//2669 2674//2674 2671//2671 
f 2677//2677 2671//2671 2676//2676 
f 2677//2677 2672//2672 2671//2671 
f 2678//2678 2673//2673 2672//2672 
f 2678//2678 2672//2672 2677//2677 
f 2675//2675 2670//2670 2673//2673 
f 2678//2678 2675//2675 2673//2673 
f 2675//2675 2679//2679 2674//2674 
f 2675//2675 2680//2680 2679//2679 
f 2676//2676 2679//2679 2681//2681 
f 2674//2674 2679//2679 2676//2676 
f 2682//2682 2676//2676 2681//2681 
f 2682//2682 2677//2677 2676//2676 
f 2683//2683 2678//2678 2677//2677 
f 2683//2683 2677//2677 2682//2682 
f 2680//2680 2675//2675 2678//2678 
f 2683//2683 2680//2680 2678//2678 
f 2680//2680 2684//2684 2679//2679 
f 2680//2680 2685//2685 2684//2684 
f 2681//2681 2684//2684 2686//2686 
f 2679//2679 2684//2684 2681//2681 
f 2687//2687 2681//2681 2686//2686 
f 2687//2687 2682//2682 2681//2681 
f 2688//2688 2683//2683 2682//2682 
f 2688//2688 2682//2682 2687//2687 
f 2685//2685 2680//2680 2683//2683 
f 2688//2688 2685//2685 2683//2683 
f 2685//2685 2689//2689 2684//2684 
f 2685//2685 2690//2690 2689//2689 
f 2686//2686 2689//2689 2691//2691 
f 2684//2684 2689//2689 2686//2686 
f 2692//2692 2686//2686 2691//2691 
f 2692//2692 2687//2687 2686//2686 
f 2693//2693 2688//2688 2687//2687 
f 2693//2693 2687//2687 2692//2692 
f 2690//2690 2685//2685 2688//2688 
f 2693//2693 2690//2690 2688//2688 
f 2690//2690 2694//2694 2689//2689 
f 2690//2690 2695//2695 2694//2694 
f 2691//2691 2694//2694 2696//2696 
f 2689//2689 2694//2694 2691//2691 
f 2697//2697 2691//2691 2696//2696 
f 2697//2697 2692//2692 2691//2691 
f 2698//2698 2693//2693 2692//2692 
f 2698//2698 2692//2692 2697//2697 
f 2695//2695 2690//2690 2693//2693 
f 2698//2698 2695//2695 2693//2693 
f 2695//2695 2699//2699 2694//2694 
f 2695//2695 2700//2700 2699//2699 
f 2696//2696 2699//2699 2701//2701 
f 2694//2694 2699//2699 2696//2696 
f 2702//2702 2696//2696 2701//2701 
f 2702//2702 2697//2697 2696//2696 
f 2703//2703 2698//2698 2697//2697 
f 2703//2703 2697//2697 2702//2702 
f 2700//2700 2695//2695 2698//2698 
f 2703//2703 2700//2700 2698//2698 
f 2700//2700 2704//2704 2699//2699 
f 2700//2700 2705//2705 2704//2704 
f 2701//2701 2704//2704 2706//2706 
f 2699//2699 2704//2704 2701//2701 
f 2707//2707 2701//2701 2706//2706 
f 2707//2707 2702//2702 2701//2701 
f 2708//2708 2703//2703 2702//2702 
f 2708//2708 2702//2702 2707//2707 
f 2705//2705 2700//2700 2703//2703 
f 2708//2708 2705//2705 2703//2703 
f 2705//2705 2709//2709 2704//2704 
f 2705//2705 2710//2710 2709//2709 
f 2706//2706 2709//2709 2711//2711 
f 2704//2704 2709//2709 2706//2706 
f 2712//2712 2706//2706 2711//2711 
f 2712//2712 2707//2707 2706//2706 
f 2713//2713 2708//2708 2707//2707 
f 2713//2713 2707//2707 2712//2712 
f 2710//2710 2705//2705 2708//2708 
f 2713//2713 2710//2710 2708//2708 
f 2710//2710 2714//2714 2709//2709 
f 2710//2710 2715//2715 2714//2714 
f 2711//2711 2714//2714 2716//2716 
f 2709//2709 2714//2714 2711//2711 
f 2717//2717 2711//2711 2716//2716 
f 2717//2717 2712//2712 2711//2711 
f 2718//2718 2713//2713 2712//2712 
f 2718//2718 2712//2712 2717//2717 
f 2715//2715 2710//2710 2713//2713 
f 2718//2718 2715//2715 2713//2713 
f 2719//2719 2715//2715 2718//2718 
f 2715//2715 2720//2720 2714//2714 
f 2715//2715 2721//2721 2720//2720 
f 2716//2716 2720//2720 2722//2722 
f 2714//2714 2720//2720 2716//2716 
f 2723//2723 2716//2716 2722//2722 
f 2723//2723 2717//2717 2716//2716 
f 2724//2724 2718//2718 2717//2717 
f 2724//2724 2717//2717 2723//2723 
f 2725//2725 2719//2719 2724//2724 
f 2719//2719 2718//2718 2724//2724 
f 2721//2721 2715//2715 2725//2725 
f 2725//2725 2715//2715 2719//2719 
f 2721//2721 2726//2726 2720//2720 
f 2721//2721 2727//2727 2726//2726 
f 2722//2722 2726//2726 2728//2728 
f 2720//2720 2726//2726 2722//2722 
f 2729//2729 2722//2722 2728//2728 
f 2729//2729 2723//2723 2722//2722 
f 2730//2730 2724//2724 2723//2723 
f 2730//2730 2723//2723 2729//2729 
f 2731//2731 2725//2725 2724//2724 
f 2731//2731 2724//2724 2730//2730 
f 2727//2727 2721//2721 2731//2731 
f 2731//2731 2721//2721 2725//2725 
f 2727//2727 2732//2732 2726//2726 
f 2727//2727 2733//2733 2732//2732 
f 2728//2728 2732//2732 2734//2734 
f 2726//2726 2732//2732 2728//2728 
f 2735//2735 2728//2728 2734//2734 
f 2735//2735 2729//2729 2728//2728 
f 2736//2736 2730//2730 2729//2729 
f 2736//2736 2729//2729 2735//2735 
f 2737//2737 2731//2731 2730//2730 
f 2737//2737 2730//2730 2736//2736 
f 2733//2733 2727//2727 2737//2737 
f 2737//2737 2727//2727 2731//2731 
f 2733//2733 2738//2738 2732//2732 
f 2733//2733 2739//2739 2738//2738 
f 2734//2734 2738//2738 2740//2740 
f 2732//2732 2738//2738 2734//2734 
f 2741//2741 2734//2734 2740//2740 
f 2741//2741 2735//2735 2734//2734 
f 2742//2742 2736//2736 2735//2735 
f 2742//2742 2735//2735 2741//2741 
f 2743//2743 2737//2737 2736//2736 
f 2743//2743 2736//2736 2742//2742 
f 2739//2739 2733//2733 2743//2743 
f 2743//2743 2733//2733 2737//2737 
f 2739//2739 2744//2744 2738//2738 
f 2739//2739 2745//2745 2744//2744 
f 2740//2740 2744//2744 2746//2746 
f 2738//2738 2744//2744 2740//2740 
f 2747//2747 2740//2740 2746//2746 
f 2747//2747 2741//2741 2740//2740 
f 2748//2748 2742//2742 2741//2741 
f 2748//2748 2741//2741 2747//2747 
f 2749//2749 2743//2743 2742//2742 
f 2749//2749 2742//2742 2748//2748 
f 2745//2745 2739//2739 2749//2749 
f 2749//2749 2739//2739 2743//2743 
f 2745//2745 2750//2750 2744//2744 
f 2745//2745 2751//2751 2750//2750 
f 2746//2746 2750//2750 2752//2752 
f 2744//2744 2750//2750 2746//2746 
f 2753//2753 2746//2746 2752//2752 
f 2753//2753 2747//2747 2746//2746 
f 2754//2754 2748//2748 2747//2747 
f 2754//2754 2747//2747 2753//2753 
f 2755//2755 2749//2749 2748//2748 
f 2755//2755 2748//2748 2754//2754 
f 2751//2751 2745//2745 2755//2755 
f 2755//2755 2745//2745 2749//2749 
f 2751//2751 2756//2756 2750//2750 
f 2751//2751 2757//2757 2756//2756 
f 2752//2752 2756//2756 2758//2758 
f 2750//2750 2756//2756 2752//2752 
f 2759//2759 2752//2752 2758//2758 
f 2759//2759 2753//2753 2752//2752 
f 2760//2760 2754//2754 2753//2753 
f 2760//2760 2753//2753 2759//2759 
f 2761//2761 2755//2755 2754//2754 
f 2761//2761 2754//2754 2760//2760 
f 2757//2757 2751//2751 2761//2761 
f 2761//2761 2751//2751 2755//2755 
f 2757//2757 2762//2762 2756//2756 
f 2757//2757 2763//2763 2762//2762 
f 2758//2758 2762//2762 2764//2764 
f 2756//2756 2762//2762 2758//2758 
f 2765//2765 2758//2758 2764//2764 
f 2765//2765 2759//2759 2758//2758 
f 2766//2766 2760//2760 2759//2759 
f 2766//2766 2759//2759 2765//2765 
f 2767//2767 2761//2761 2760//2760 
f 2767//2767 2760//2760 2766//2766 
f 2763//2763 2757//2757 2767//2767 
f 2767//2767 2757//2757 2761//2761 
f 2763//2763 2768//2768 2762//2762 
f 2763//2763 2769//2769 2768//2768 
f 2764//2764 2768//2768 2770//2770 
f 2762//2762 2768//2768 2764//2764 
f 2771//2771 2764//2764 2770//2770 
f 2771//2771 2765//2765 2764//2764 
f 2772//2772 2766//2766 2765//2765 
f 2772//2772 2765//2765 2771//2771 
f 2773//2773 2767//2767 2766//2766 
f 2773//2773 2766//2766 2772//2772 
f 2769//2769 2763//2763 2773//2773 
f 2773//2773 2763//2763 2767//2767 
f 2769//2769 2774//2774 2768//2768 
f 2769//2769 2775//2775 2774//2774 
f 2770//2770 2774//2774 2776//2776 
f 2768//2768 2774//2774 2770//2770 
f 2777//2777 2770//2770 2776//2776 
f 2777//2777 2771//2771 2770//2770 
f 2778//2778 2772//2772 2771//2771 
f 2778//2778 2771//2771 2777//2777 
f 2779//2779 2773//2773 2772//2772 
f 2779//2779 2772//2772 2778//2778 
f 2775//2775 2769//2769 2779//2779 
f 2779//2779 2769//2769 2773//2773 
f 2775//2775 2780//2780 2774//2774 
f 2775//2775 2781//2781 2780//2780 
f 2776//2776 2780//2780 2782//2782 
f 2774//2774 2780//2780 2776//2776 
f 2783//2783 2776//2776 2782//2782 
f 2783//2783 2777//2777 2776//2776 
f 2784//2784 2778//2778 2777//2777 
f 2784//2784 2777//2777 2783//2783 
f 2785//2785 2779//2779 2778//2778 
f 2785//2785 2778//2778 2784//2784 
f 2781//2781 2775//2775 2785//2785 
f 2785//2785 2775//2775 2779//2779 
f 2781//2781 2786//2786 2780//2780 
f 2781//2781 2787//2787 2786//2786 
f 2782//2782 2786//2786 2788//2788 
f 2780//2780 2786//2786 2782//2782 
f 2789//2789 2782//2782 2788//2788 
f 2789//2789 2783//2783 2782//2782 
f 2790//2790 2784//2784 2783//2783 
f 2790//2790 2783//2783 2789//2789 
f 2791//2791 2785//2785 2784//2784 
f 2791//2791 2784//2784 2790//2790 
f 2787//2787 2781//2781 2791//2791 
f 2791//2791 2781//2781 2785//2785 
f 2787//2787 2792//2792 2786//2786 
f 2787//2787 2793//2793 2792//2792 
f 2788//2788 2792//2792 2794//2794 
f 2786//2786 2792//2792 2788//2788 
f 2795//2795 2788//2788 2794//2794 
f 2795//2795 2789//2789 2788//2788 
f 2796//2796 2790//2790 2789//2789 
f 2796//2796 2789//2789 2795//2795 
f 2797//2797 2791//2791 2790//2790 
f 2797//2797 2790//2790 2796//2796 
f 2793//2793 2787//2787 2797//2797 
f 2797//2797 2787//2787 2791//2791 
f 2793//2793 2798//2798 2792//2792 
f 2793//2793 2799//2799 2798//2798 
f 2794//2794 2798//2798 2800//2800 
f 2792//2792 2798//2798 2794//2794 
f 2801//2801 2794//2794 2800//2800 
f 2801//2801 2795//2795 2794//2794 
f 2802//2802 2796//2796 2795//2795 
f 2802//2802 2795//2795 2801//2801 
f 2803//2803 2797//2797 2796//2796 
f 2803//2803 2796//2796 2802//2802 
f 2799//2799 2793//2793 2803//2803 
f 2803//2803 2793//2793 2797//2797 
f 2799//2799 2804//2804 2798//2798 
f 2799//2799 2805//2805 2804//2804 
f 2800//2800 2804//2804 2806//2806 
f 2798//2798 2804//2804 2800//2800 
f 2807//2807 2800//2800 2806//2806 
f 2807//2807 2801//2801 2800//2800 
f 2808//2808 2802//2802 2801//2801 
f 2808//2808 2801//2801 2807//2807 
f 2809//2809 2803//2803 2802//2802 
f 2809//2809 2802//2802 2808//2808 
f 2805//2805 2799//2799 2809//2809 
f 2809//2809 2799//2799 2803//2803 
f 2805//2805 2810//2810 2804//2804 
f 2805//2805 2811//2811 2810//2810 
f 2806//2806 2810//2810 2812//2812 
f 2804//2804 2810//2810 2806//2806 
f 2813//2813 2806//2806 2812//2812 
f 2813//2813 2807//2807 2806//2806 
f 2814//2814 2808//2808 2807//2807 
f 2814//2814 2807//2807 2813//2813 
f 2815//2815 2809//2809 2808//2808 
f 2815//2815 2808//2808 2814//2814 
f 2811//2811 2805//2805 2815//2815 
f 2815//2815 2805//2805 2809//2809 
f 2811//2811 2816//2816 2810//2810 
f 2811//2811 2817//2817 2816//2816 
f 2812//2812 2816//2816 2818//2818 
f 2810//2810 2816//2816 2812//2812 
f 2819//2819 2812//2812 2818//2818 
f 2819//2819 2813//2813 2812//2812 
f 2820//2820 2814//2814 2813//2813 
f 2820//2820 2813//2813 2819//2819 
f 2821//2821 2815//2815 2814//2814 
f 2821//2821 2814//2814 2820//2820 
f 2817//2817 2811//2811 2821//2821 
f 2821//2821 2811//2811 2815//2815 
f 2817//2817 2822//2822 2816//2816 
f 2817//2817 2823//2823 2822//2822 
f 2818//2818 2822//2822 2824//2824 
f 2816//2816 2822//2822 2818//2818 
f 2825//2825 2818//2818 2824//2824 
f 2825//2825 2819//2819 2818//2818 
f 2826//2826 2820//2820 2819//2819 
f 2826//2826 2819//2819 2825//2825 
f 2827//2827 2821//2821 2820//2820 
f 2827//2827 2820//2820 2826//2826 
f 2823//2823 2817//2817 2827//2827 
f 2827//2827 2817//2817 2821//2821 
f 2823//2823 2828//2828 2822//2822 
f 2823//2823 2829//2829 2828//2828 
f 2824//2824 2828//2828 2830//2830 
f 2822//2822 2828//2828 2824//2824 
f 2831//2831 2824//2824 2830//2830 
f 2831//2831 2825//2825 2824//2824 
f 2832//2832 2826//2826 2825//2825 
f 2832//2832 2825//2825 2831//2831 
f 2833//2833 2827//2827 2826//2826 
f 2833//2833 2826//2826 2832//2832 
f 2829//2829 2823//2823 2833//2833 
f 2833//2833 2823//2823 2827//2827 
f 2829//2829 2834//2834 2828//2828 
f 2829//2829 2835//2835 2834//2834 
f 2830//2830 2834//2834 2836//2836 
f 2828//2828 2834//2834 2830//2830 
f 2837//2837 2830//2830 2836//2836 
f 2837//2837 2831//2831 2830//2830 
f 2838//2838 2832//2832 2831//2831 
f 2838//2838 2831//2831 2837//2837 
f 2839//2839 2833//2833 2832//2832 
f 2839//2839 2832//2832 2838//2838 
f 2835//2835 2829//2829 2839//2839 
f 2839//2839 2829//2829 2833//2833 
f 2835//2835 2840//2840 2834//2834 
f 2835//2835 2841//2841 2840//2840 
f 2836//2836 2840//2840 2842//2842 
f 2834//2834 2840//2840 2836//2836 
f 2843//2843 2836//2836 2842//2842 
f 2843//2843 2837//2837 2836//2836 
f 2844//2844 2838//2838 2837//2837 
f 2844//2844 2837//2837 2843//2843 
f 2845//2845 2839//2839 2838//2838 
f 2845//2845 2838//2838 2844//2844 
f 2841//2841 2835//2835 2845//2845 
f 2845//2845 2835//2835 2839//2839 
f 2841//2841 2846//2846 2840//2840 
f 2841//2841 2847//2847 2846//2846 
f 2842//2842 2846//2846 2848//2848 
f 2840//2840 2846//2846 2842//2842 
f 2849//2849 2842//2842 2848//2848 
f 2849//2849 2843//2843 2842//2842 
f 2850//2850 2844//2844 2843//2843 
f 2850//2850 2843//2843 2849//2849 
f 2851//2851 2845//2845 2844//2844 
f 2851//2851 2844//2844 2850//2850 
f 2847//2847 2841//2841 2851//2851 
f 2851//2851 2841//2841 2845//2845 
f 2847//2847 2852//2852 2846//2846 
f 2847//2847 2853//2853 2852//2852 
f 2848//2848 2852//2852 2854//2854 
f 2846//2846 2852//2852 2848//2848 
f 2855//2855 2848//2848 2854//2854 
f 2855//2855 2849//2849 2848//2848 
f 2856//2856 2850//2850 2849//2849 
f 2856//2856 2849//2849 2855//2855 
f 2857//2857 2851//2851 2850//2850 
f 2857//2857 2850//2850 2856//2856 
f 2853//2853 2847//2847 2857//2857 
f 2857//2857 2847//2847 2851//2851 
f 2853//2853 2858//2858 2852//2852 
f 2853//2853 2859//2859 2858//2858 
f 2854//2854 2858//2858 2860//2860 
f 2852//2852 2858//2858 2854//2854 
f 2861//2861 2854//2854 2860//2860 
f 2861//2861 2855//2855 2854//2854 
f 2862//2862 2856//2856 2855//2855 
f 2862//2862 2855//2855 2861//2861 
f 2863//2863 2857//2857 2856//2856 
f 2863//2863 2856//2856 2862//2862 
f 2859//2859 2853//2853 2863//2863 
f 2863//2863 2853//2853 2857//2857 
f 2859//2859 2864//2864 2858//2858 
f 2859//2859 2865//2865 2864//2864 
f 2860//2860 2864//2864 2866//2866 
f 2858//2858 2864//2864 2860//2860 
f 2867//2867 2860//2860 2866//2866 
f 2867//2867 2861//2861 2860//2860 
f 2868//2868 2862//2862 2861//2861 
f 2868//2868 2861//2861 2867//2867 
f 2869//2869 2863//2863 2862//2862 
f 2869//2869 2862//2862 2868//2868 
f 2865//2865 2859//2859 2869//2869 
f 2869//2869 2859//2859 2863//2863 
f 2865//2865 2870//2870 2864//2864 
f 2865//2865 2871//2871 2870//2870 
f 2866//2866 2870//2870 2872//2872 
f 2864//2864 2870//2870 2866//2866 
f 2873//2873 2866//2866 2872//2872 
f 2873//2873 2867//2867 2866//2866 
f 2874//2874 2868//2868 2867//2867 
f 2874//2874 2867//2867 2873//2873 
f 2875//2875 2869//2869 2868//2868 
f 2875//2875 2868//2868 2874//2874 
f 2871//2871 2865//2865 2875//2875 
f 2875//2875 2865//2865 2869//2869 
f 2871//2871 2876//2876 2870//2870 
f 2871//2871 2877//2877 2876//2876 
f 2872//2872 2876//2876 2878//2878 
f 2870//2870 2876//2876 2872//2872 
f 2879//2879 2872//2872 2878//2878 
f 2879//2879 2873//2873 2872//2872 
f 2880//2880 2874//2874 2873//2873 
f 2880//2880 2873//2873 2879//2879 
f 2881//2881 2875//2875 2874//2874 
f 2881//2881 2874//2874 2880//2880 
f 2877//2877 2871//2871 2881//2881 
f 2881//2881 2871//2871 2875//2875 
f 2877//2877 2882//2882 2876//2876 
f 2877//2877 2883//2883 2882//2882 
f 2878//2878 2882//2882 2884//2884 
f 2876//2876 2882//2882 2878//2878 
f 2885//2885 2878//2878 2884//2884 
f 2885//2885 2879//2879 2878//2878 
f 2886//2886 2880//2880 2879//2879 
f 2886//2886 2879//2879 2885//2885 
f 2887//2887 2881//2881 2880//2880 
f 2887//2887 2880//2880 2886//2886 
f 2883//2883 2877//2877 2887//2887 
f 2887//2887 2877//2877 2881//2881 
f 2883//2883 2888//2888 2882//2882 
f 2883//2883 2889//2889 2888//2888 
f 2884//2884 2888//2888 2890//2890 
f 2882//2882 2888//2888 2884//2884 
f 2891//2891 2884//2884 2890//2890 
f 2891//2891 2885//2885 2884//2884 
f 2892//2892 2886//2886 2885//2885 
f 2892//2892 2885//2885 2891//2891 
f 2893//2893 2887//2887 2886//2886 
f 2893//2893 2886//2886 2892//2892 
f 2889//2889 2883//2883 2893//2893 
f 2893//2893 2883//2883 2887//2887 
f 2889//2889 2894//2894 2888//2888 
f 2889//2889 2895//2895 2894//2894 
f 2890//2890 2894//2894 2896//2896 
f 2888//2888 2894//2894 2890//2890 
f 2897//2897 2890//2890 2896//2896 
f 2897//2897 2891//2891 2890//2890 
f 2898//2898 2892//2892 2891//2891 
f 2898//2898 2891//2891 2897//2897 
f 2899//2899 2893//2893 2892//2892 
f 2899//2899 2892//2892 2898//2898 
f 2895//2895 2889//2889 2899//2899 
f 2899//2899 2889//2889 2893//2893 
f 2895//2895 2900//2900 2894//2894 
f 2895//2895 2901//2901 2900//2900 
f 2896//2896 2900//2900 2902//2902 
f 2894//2894 2900//2900 2896//2896 
f 2903//2903 2896//2896 2902//2902 
f 2903//2903 2897//2897 2896//2896 
f 2904//2904 2898//2898 2897//2897 
f 2904//2904 2897//2897 2903//2903 
f 2905//2905 2899//2899 2898//2898 
f 2905//2905 2898//2898 2904//2904 
f 2901//2901 2895//2895 2905//2905 
f 2905//2905 2895//2895 2899//2899 
f 2901//2901 2906//2906 2900//2900 
f 2901//2901 2907//2907 2906//2906 
f 2902//2902 2906//2906 2908//2908 
f 2900//2900 2906//2906 2902//2902 
f 2909//2909 2902//2902 2908//2908 
f 2909//2909 2903//2903 2902//2902 
f 2910//2910 2904//2904 2903//2903 
f 2910//2910 2903//2903 2909//2909 
f 2911//2911 2905//2905 2904//2904 
f 2911//2911 2904//2904 2910//2910 
f 2907//2907 2901//2901 2911//2911 
f 2911//2911 2901//2901 2905//2905 
f 2907//2907 2912//2912 2906//2906 
f 2907//2907 2913//2913 2912//2912 
f 2908//2908 2912//2912 2914//2914 
f 2906//2906 2912//2912 2908//2908 
f 2915//2915 2908//2908 2914//2914 
f 2915//2915 2909//2909 2908//2908 
f 2916//2916 2910//2910 2909//2909 
f 2916//2916 2909//2909 2915//2915 
f 2917//2917 2911//2911 2910//2910 
f 2917//2917 2910//2910 2916//2916 
f 2913//2913 2907//2907 2917//2917 
f 2917//2917 2907//2907 2911//2911 
f 2913//2913 2918//2918 2912//2912 
f 2913//2913 2919//2919 2918//2918 
f 2914//2914 2918//2918 2920//2920 
f 2912//2912 2918//2918 2914//2914 
f 2921//2921 2914//2914 2920//2920 
f 2921//2921 2915//2915 2914//2914 
f 2922//2922 2916//2916 2915//2915 
f 2922//2922 2915//2915 2921//2921 
f 2923//2923 2917//2917 2916//2916 
f 2923//2923 2916//2916 2922//2922 
f 2919//2919 2913//2913 2923//2923 
f 2923//2923 2913//2913 2917//2917 
f 2919//2919 2924//2924 2918//2918 
f 2919//2919 2925//2925 2924//2924 
f 2920//2920 2924//2924 2926//2926 
f 2918//2918 2924//2924 2920//2920 
f 2927//2927 2920//2920 2926//2926 
f 2927//2927 2921//2921 2920//2920 
f 2928//2928 2922//2922 2921//2921 
f 2928//2928 2921//2921 2927//2927 
f 2929//2929 2923//2923 2922//2922 
f 2929//2929 2922//2922 2928//2928 
f 2925//2925 2919//2919 2929//2929 
f 2929//2929 2919//2919 2923//2923 
f 2925//2925 2930//2930 2924//2924 
f 2925//2925 2931//2931 2930//2930 
f 2926//2926 2930//2930 2932//2932 
f 2924//2924 2930//2930 2926//2926 
f 2933//2933 2926//2926 2932//2932 
f 2933//2933 2927//2927 2926//2926 
f 2934//2934 2928//2928 2927//2927 
f 2934//2934 2927//2927 2933//2933 
f 2935//2935 2929//2929 2928//2928 
f 2935//2935 2928//2928 2934//2934 
f 2931//2931 2925//2925 2935//2935 
f 2935//2935 2925//2925 2929//2929 
f 2931//2931 2936//2936 2930//2930 
f 2931//2931 2937//2937 2936//2936 
f 2932//2932 2936//2936 2938//2938 
f 2930//2930 2936//2936 2932//2932 
f 2939//2939 2932//2932 2938//2938 
f 2939//2939 2933//2933 2932//2932 
f 2940//2940 2934//2934 2933//2933 
f 2940//2940 2933//2933 2939//2939 
f 2941//2941 2935//2935 2934//2934 
f 2941//2941 2934//2934 2940//2940 
f 2937//2937 2931//2931 2941//2941 
f 2941//2941 2931//2931 2935//2935 
f 2937//2937 2942//2942 2936//2936 
f 2937//2937 2943//2943 2942//2942 
f 2938//2938 2942//2942 2944//2944 
f 2936//2936 2942//2942 2938//2938 
f 2945//2945 2938//2938 2944//2944 
f 2945//2945 2939//2939 2938//2938 
f 2946//2946 2940//2940 2939//2939 
f 2946//2946 2939//2939 2945//2945 
f 2947//2947 2941//2941 2940//2940 
f 2947//2947 2940//2940 2946//2946 
f 2943//2943 2937//2937 2947//2947 
f 2947//2947 2937//2937 2941//2941 
f 2943//2943 2948//2948 2942//2942 
f 2943//2943 2949//2949 2948//2948 
f 2944//2944 2948//2948 2950//2950 
f 2942//2942 2948//2948 2944//2944 
f 2951//2951 2944//2944 2950//2950 
f 2951//2951 2945//2945 2944//2944 
f 2952//2952 2946//2946 2945//2945 
f 2952//2952 2945//2945 2951//2951 
f 2953//2953 2947//2947 2946//2946 
f 2953//2953 2946//2946 2952//2952 
f 2949//2949 2943//2943 2953//2953 
f 2953//2953 2943//2943 2947//2947 
f 2949//2949 2954//2954 2948//2948 
f 2949//2949 2955//2955 2954//2954 
f 2950//2950 2954//2954 2956//2956 
f 2948//2948 2954//2954 2950//2950 
f 2957//2957 2950//2950 2956//2956 
f 2957//2957 2951//2951 2950//2950 
f 2958//2958 2952//2952 2951//2951 
f 2958//2958 2951//2951 2957//2957 
f 2959//2959 2953//2953 2952//2952 
f 2959//2959 2952//2952 2958//2958 
f 2955//2955 2949//2949 2959//2959 
f 2959//2959 2949//2949 2953//2953 
f 2955//2955 2960//2960 2954//2954 
f 2955//2955 2961//2961 2960//2960 
f 2956//2956 2960//2960 2962//2962 
f 2954//2954 2960//2960 2956//2956 
f 2963//2963 2956//2956 2962//2962 
f 2963//2963 2957//2957 2956//2956 
f 2964//2964 2958//2958 2957//2957 
f 2964//2964 2957//2957 2963//2963 
f 2965//2965 2959//2959 2958//2958 
f 2965//2965 2958//2958 2964//2964 
f 2961//2961 2955//2955 2965//2965 
f 2965//2965 2955//2955 2959//2959 
f 2961//2961 2966//2966 2960//2960 
f 2961//2961 2967//2967 2966//2966 
f 2962//2962 2966//2966 2968//2968 
f 2960//2960 2966//2966 2962//2962 
f 2969//2969 2962//2962 2968//2968 
f 2969//2969 2963//2963 2962//2962 
f 2970//2970 2964//2964 2963//2963 
f 2970//2970 2963//2963 2969//2969 
f 2971//2971 2965//2965 2964//2964 
f 2971//2971 2964//2964 2970//2970 
f 2967//2967 2961//2961 2971//2971 
f 2971//2971 2961//2961 2965//2965 
f 2967//2967 2972//2972 2966//2966 
f 2967//2967 2973//2973 2972//2972 
f 2968//2968 2972//2972 2974//2974 
f 2966//2966 2972//2972 2968//2968 
f 2975//2975 2968//2968 2974//2974 
f 2975//2975 2969//2969 2968//2968 
f 2976//2976 2970//2970 2969//2969 
f 2976//2976 2969//2969 2975//2975 
f 2977//2977 2971//2971 2970//2970 
f 2977//2977 2970//2970 2976//2976 
f 2973//2973 2967//2967 2977//2977 
f 2977//2977 2967//2967 2971//2971 
f 2973//2973 2978//2978 2972//2972 
f 2973//2973 2979//2979 2978//2978 
f 2974//2974 2978//2978 2980//2980 
f 2972//2972 2978//2978 2974//2974 
f 2981//2981 2974//2974 2980//2980 
f 2981//2981 2975//2975 2974//2974 
f 2982//2982 2976//2976 2975//2975 
f 2982//2982 2975//2975 2981//2981 
f 2983//2983 2977//2977 2976//2976 
f 2983//2983 2976//2976 2982//2982 
f 2979//2979 2973//2973 2983//2983 
f 2983//2983 2973//2973 2977//2977 
f 2979//2979 2984//2984 2978//2978 
f 2979//2979 2985//2985 2984//2984 
f 2980//2980 2984//2984 2986//2986 
f 2978//2978 2984//2984 2980//2980 
f 2987//2987 2980//2980 2986//2986 
f 2987//2987 2981//2981 2980//2980 
f 2988//2988 2982//2982 2981//2981 
f 2988//2988 2981//2981 2987//2987 
f 2989//2989 2983//2983 2982//2982 
f 2989//2989 2982//2982 2988//2988 
f 2985//2985 2979//2979 2989//2989 
f 2989//2989 2979//2979 2983//2983 
f 2985//2985 2990//2990 2984//2984 
f 2985//2985 2991//2991 2990//2990 
f 2986//2986 2990//2990 2992//2992 
f 2984//2984 2990//2990 2986//2986 
f 2993//2993 2986//2986 2992//2992 
f 2993//2993 2987//2987 2986//2986 
f 2994//2994 2988//2988 2987//2987 
f 2994//2994 2987//2987 2993//2993 
f 2995//2995 2989//2989 2988//2988 
f 2995//2995 2988//2988 2994//2994 
f 2991//2991 2985//2985 2995//2995 
f 2995//2995 2985//2985 2989//2989 
f 2991//2991 2996//2996 2990//2990 
f 2991//2991 2997//2997 2996//2996 
f 2992//2992 2996//2996 2998//2998 
f 2990//2990 2996//2996 2992//2992 
f 2999//2999 2992//2992 2998//2998 
f 2999//2999 2993//2993 2992//2992 
f 3000//3000 2994//2994 2993//2993 
f 3000//3000 2993//2993 2999//2999 
f 3001//3001 2995//2995 2994//2994 
f 3001//3001 2994//2994 3000//3000 
f 2997//2997 2991//2991 3001//3001 
f 3001//3001 2991//2991 2995//2995 
f 2997//2997 3002//3002 2996//2996 
f 2997//2997 3003//3003 3002//3002 
f 2998//2998 3002//3002 3004//3004 
f 2996//2996 3002//3002 2998//2998 
f 3005//3005 2998//2998 3004//3004 
f 3005//3005 2999//2999 2998//2998 
f 3006//3006 3000//3000 2999//2999 
f 3006//3006 2999//2999 3005//3005 
f 3007//3007 3001//3001 3000//3000 
f 3007//3007 3000//3000 3006//3006 
f 3003//3003 2997//2997 3007//3007 
f 3007//3007 2997//2997 3001//3001 
f 3003//3003 3008//3008 3002//3002 
f 3003//3003 3009//3009 3008//3008 
f 3004//3004 3008//3008 3010//3010 
f 3002//3002 3008//3008 3004//3004 
f 3011//3011 3004//3004 3010//3010 
f 3011//3011 3005//3005 3004//3004 
f 3012//3012 3006//3006 3005//3005 
f 3012//3012 3005//3005 3011//3011 
f 3013//3013 3007//3007 3006//3006 
f 3013//3013 3006//3006 3012//3012 
f 3009//3009 3003//3003 3013//3013 
f 3013//3013 3003//3003 3007//3007 
f 3009//3009 3014//3014 3008//3008 
f 3009//3009 3015//3015 3014//3014 
f 3010//3010 3014//3014 3016//3016 
f 3008//3008 3014//3014 3010//3010 
f 3017//3017 3010//3010 3016//3016 
f 3017//3017 3011//3011 3010//3010 
f 3018//3018 3012//3012 3011//3011 
f 3018//3018 3011//3011 3017//3017 
f 3019//3019 3013//3013 3012//3012 
f 3019//3019 3012//3012 3018//3018 
f 3015//3015 3009//3009 3019//3019 
f 3019//3019 3009//3009 3013//3013 
f 3015//3015 3020//3020 3014//3014 
f 3015//3015 3021//3021 3020//3020 
f 3016//3016 3020//3020 3022//3022 
f 3014//3014 3020//3020 3016//3016 
f 3023//3023 3016//3016 3022//3022 
f 3023//3023 3017//3017 3016//3016 
f 3024//3024 3018//3018 3017//3017 
f 3024//3024 3017//3017 3023//3023 
f 3025//3025 3019//3019 3018//3018 
f 3025//3025 3018//3018 3024//3024 
f 3021//3021 3015//3015 3025//3025 
f 3025//3025 3015//3015 3019//3019 
f 3021//3021 3026//3026 3020//3020 
f 3021//3021 3027//3027 3026//3026 
f 3022//3022 3026//3026 3028//3028 
f 3020//3020 3026//3026 3022//3022 
f 3029//3029 3022//3022 3028//3028 
f 3029//3029 3023//3023 3022//3022 
f 3030//3030 3024//3024 3023//3023 
f 3030//3030 3023//3023 3029//3029 
f 3031//3031 3025//3025 3024//3024 
f 3031//3031 3024//3024 3030//3030 
f 3027//3027 3021//3021 3031//3031 
f 3031//3031 3021//3021 3025//3025 
f 3027//3027 3032//3032 3026//3026 
f 3027//3027 3033//3033 3032//3032 
f 3028//3028 3032//3032 3034//3034 
f 3026//3026 3032//3032 3028//3028 
f 3035//3035 3028//3028 3034//3034 
f 3035//3035 3029//3029 3028//3028 
f 3036//3036 3030//3030 3029//3029 
f 3036//3036 3029//3029 3035//3035 
f 3037//3037 3031//3031 3030//3030 
f 3037//3037 3030//3030 3036//3036 
f 3033//3033 3027//3027 3037//3037 
f 3037//3037 3027//3027 3031//3031 
f 3033//3033 3038//3038 3032//3032 
f 3033//3033 3039//3039 3038//3038 
f 3034//3034 3038//3038 3040//3040 
f 3032//3032 3038//3038 3034//3034 
f 3041//3041 3034//3034 3040//3040 
f 3041//3041 3035//3035 3034//3034 
f 3042//3042 3036//3036 3035//3035 
f 3042//3042 3035//3035 3041//3041 
f 3043//3043 3037//3037 3036//3036 
f 3043//3043 3036//3036 3042//3042 
f 3039//3039 3033//3033 3043//3043 
f 3043//3043 3033//3033 3037//3037 
f 3039//3039 3044//3044 3038//3038 
f 3039//3039 3045//3045 3044//3044 
f 3040//3040 3044//3044 3046//3046 
f 3038//3038 3044//3044 3040//3040 
f 3047//3047 3040//3040 3046//3046 
f 3047//3047 3041//3041 3040//3040 
f 3048//3048 3042//3042 3041//3041 
f 3048//3048 3041//3041 3047//3047 
f 3049//3049 3043//3043 3042//3042 
f 3049//3049 3042//3042 3048//3048 
f 3045//3045 3039//3039 3049//3049 
f 3049//3049 3039//3039 3043//3043 
f 3045//3045 3050//3050 3044//3044 
f 3045//3045 3051//3051 3050//3050 
f 3046//3046 3050//3050 3052//3052 
f 3044//3044 3050//3050 3046//3046 
f 3053//3053 3046//3046 3052//3052 
f 3053//3053 3047//3047 3046//3046 
f 3054//3054 3048//3048 3047//3047 
f 3054//3054 3047//3047 3053//3053 
f 3055//3055 3049//3049 3048//3048 
f 3055//3055 3048//3048 3054//3054 
f 3051//3051 3045//3045 3055//3055 
f 3055//3055 3045//3045 3049//3049 
f 3051//3051 3056//3056 3050//3050 
f 3051//3051 3057//3057 3056//3056 
f 3052//3052 3056//3056 3058//3058 
f 3050//3050 3056//3056 3052//3052 
f 3059//3059 3052//3052 3058//3058 
f 3059//3059 3053//3053 3052//3052 
f 3060//3060 3054//3054 3053//3053 
f 3060//3060 3053//3053 3059//3059 
f 3061//3061 3055//3055 3054//3054 
f 3061//3061 3054//3054 3060//3060 
f 3057//3057 3051//3051 3061//3061 
f 3061//3061 3051//3051 3055//3055 
f 3057//3057 3062//3062 3056//3056 
f 3057//3057 3063//3063 3062//3062 
f 3058//3058 3062//3062 3064//3064 
f 3056//3056 3062//3062 3058//3058 
f 3065//3065 3058//3058 3064//3064 
f 3065//3065 3059//3059 3058//3058 
f 3066//3066 3060//3060 3059//3059 
f 3066//3066 3059//3059 3065//3065 
f 3067//3067 3061//3061 3060//3060 
f 3067//3067 3060//3060 3066//3066 
f 3063//3063 3057//3057 3067//3067 
f 3067//3067 3057//3057 3061//3061 
f 3063//3063 3068//3068 3062//3062 
f 3063//3063 3069//3069 3068//3068 
f 3064//3064 3068//3068 3070//3070 
f 3062//3062 3068//3068 3064//3064 
f 3071//3071 3064//3064 3070//3070 
f 3071//3071 3065//3065 3064//3064 
f 3072//3072 3066//3066 3065//3065 
f 3072//3072 3065//3065 3071//3071 
f 3073//3073 3067//3067 3066//3066 
f 3073//3073 3066//3066 3072//3072 
f 3069//3069 3063//3063 3073//3073 
f 3073//3073 3063//3063 3067//3067 
f 3069//3069 3074//3074 3068//3068 
f 3069//3069 3075//3075 3074//3074 
f 3070//3070 3074//3074 3076//3076 
f 3068//3068 3074//3074 3070//3070 
f 3077//3077 3070//3070 3076//3076 
f 3077//3077 3071//3071 3070//3070 
f 3078//3078 3072//3072 3071//3071 
f 3078//3078 3071//3071 3077//3077 
f 3079//3079 3073//3073 3072//3072 
f 3079//3079 3072//3072 3078//3078 
f 3075//3075 3069//3069 3079//3079 
f 3079//3079 3069//3069 3073//3073 
f 3075//3075 3080//3080 3074//3074 
f 3075//3075 3081//3081 3080//3080 
f 3076//3076 3080//3080 3082//3082 
f 3074//3074 3080//3080 3076//3076 
f 3083//3083 3076//3076 3082//3082 
f 3083//3083 3077//3077 3076//3076 
f 3084//3084 3078//3078 3077//3077 
f 3084//3084 3077//3077 3083//3083 
f 3085//3085 3079//3079 3078//3078 
f 3085//3085 3078//3078 3084//3084 
f 3081//3081 3075//3075 3085//3085 
f 3085//3085 3075//3075 3079//3079 
f 3081//3081 3086//3086 3080//3080 
f 3081//3081 3087//3087 3086//3086 
f 3082//3082 3086//3086 3088//3088 
f 3080//3080 3086//3086 3082//3082 
f 3089//3089 3082//3082 3088//3088 
f 3089//3089 3083//3083 3082//3082 
f 3090//3090 3084//3084 3083//3083 
f 3090//3090 3083//3083 3089//3089 
f 3091//3091 3085//3085 3084//3084 
f 3091//3091 3084//3084 3090//3090 
f 3087//3087 3081//3081 3091//3091 
f 3091//3091 3081//3081 3085//3085 
f 3087//3087 3092//3092 3086//3086 
f 3087//3087 3093//3093 3092//3092 
f 3088//3088 3092//3092 3094//3094 
f 3086//3086 3092//3092 3088//3088 
f 3095//3095 3088//3088 3094//3094 
f 3095//3095 3089//3089 3088//3088 
f 3096//3096 3090//3090 3089//3089 
f 3096//3096 3089//3089 3095//3095 
f 3097//3097 3091//3091 3090//3090 
f 3097//3097 3090//3090 3096//3096 
f 3093//3093 3087//3087 3097//3097 
f 3097//3097 3087//3087 3091//3091 
f 3093//3093 3098//3098 3092//3092 
f 3093//3093 3099//3099 3098//3098 
f 3094//3094 3098//3098 3100//3100 
f 3092//3092 3098//3098 3094//3094 
f 3101//3101 3094//3094 3100//3100 
f 3101//3101 3095//3095 3094//3094 
f 3102//3102 3096//3096 3095//3095 
f 3102//3102 3095//3095 3101//3101 
f 3103//3103 3097//3097 3096//3096 
f 3103//3103 3096//3096 3102//3102 
f 3099//3099 3093//3093 3103//3103 
f 3103//3103 3093//3093 3097//3097 
f 3099//3099 3104//3104 3098//3098 
f 3099//3099 3105//3105 3104//3104 
f 3100//3100 3104//3104 3106//3106 
f 3098//3098 3104//3104 3100//3100 
f 3107//3107 3100//3100 3106//3106 
f 3107//3107 3101//3101 3100//3100 
f 3108//3108 3102//3102 3101//3101 
f 3108//3108 3101//3101 3107//3107 
f 3109//3109 3103//3103 3102//3102 
f 3109//3109 3102//3102 3108//3108 
f 3105//3105 3099//3099 3109//3109 
f 3109//3109 3099//3099 3103//3103 
f 3105//3105 3110//3110 3104//3104 
f 3105//3105 3111//3111 3110//3110 
f 3106//3106 3110//3110 3112//3112 
f 3104//3104 3110//3110 3106//3106 
f 3113//3113 3106//3106 3112//3112 
f 3113//3113 3107//3107 3106//3106 
f 3114//3114 3108//3108 3107//3107 
f 3114//3114 3107//3107 3113//3113 
f 3115//3115 3109//3109 3108//3108 
f 3115//3115 3108//3108 3114//3114 
f 3111//3111 3105//3105 3115//3115 
f 3115//3115 3105//3105 3109//3109 
f 3111//3111 3116//3116 3110//3110 
f 3111//3111 3117//3117 3116//3116 
f 3112//3112 3116//3116 3118//3118 
f 3110//3110 3116//3116 3112//3112 
f 3119//3119 3112//3112 3118//3118 
f 3119//3119 3113//3113 3112//3112 
f 3120//3120 3114//3114 3113//3113 
f 3120//3120 3113//3113 3119//3119 
f 3121//3121 3115//3115 3114//3114 
f 3121//3121 3114//3114 3120//3120 
f 3117//3117 3111//3111 3121//3121 
f 3121//3121 3111//3111 3115//3115 
f 3117//3117 3122//3122 3116//3116 
f 3117//3117 3123//3123 3122//3122 
f 3118//3118 3122//3122 3124//3124 
f 3116//3116 3122//3122 3118//3118 
f 3125//3125 3118//3118 3124//3124 
f 3125//3125 3119//3119 3118//3118 
f 3126//3126 3120//3120 3119//3119 
f 3126//3126 3119//3119 3125//3125 
f 3127//3127 3121//3121 3120//3120 
f 3127//3127 3120//3120 3126//3126 
f 3123//3123 3117//3117 3127//3127 
f 3127//3127 3117//3117 3121//3121 
f 3123//3123 3128//3128 3122//3122 
f 3123//3123 3129//3129 3128//3128 
f 3124//3124 3128//3128 3130//3130 
f 3122//3122 3128//3128 3124//3124 
f 3131//3131 3124//3124 3130//3130 
f 3131//3131 3125//3125 3124//3124 
f 3132//3132 3126//3126 3125//3125 
f 3132//3132 3125//3125 3131//3131 
f 3133//3133 3127//3127 3126//3126 
f 3133//3133 3126//3126 3132//3132 
f 3129//3129 3123//3123 3133//3133 
f 3133//3133 3123//3123 3127//3127 
f 3129//3129 3134//3134 3128//3128 
f 3129//3129 3135//3135 3134//3134 
f 3130//3130 3134//3134 3136//3136 
f 3128//3128 3134//3134 3130//3130 
f 3137//3137 3130//3130 3136//3136 
f 3137//3137 3131//3131 3130//3130 
f 3138//3138 3132//3132 3131//3131 
f 3138//3138 3131//3131 3137//3137 
f 3139//3139 3133//3133 3132//3132 
f 3139//3139 3132//3132 3138//3138 
f 3135//3135 3129//3129 3139//3139 
f 3139//3139 3129//3129 3133//3133 
f 3135//3135 3140//3140 3134//3134 
f 3135//3135 3141//3141 3140//3140 
f 3136//3136 3140//3140 3142//3142 
f 3134//3134 3140//3140 3136//3136 
f 3143//3143 3136//3136 3142//3142 
f 3143//3143 3137//3137 3136//3136 
f 3144//3144 3138//3138 3137//3137 
f 3144//3144 3137//3137 3143//3143 
f 3145//3145 3139//3139 3138//3138 
f 3145//3145 3138//3138 3144//3144 
f 3141//3141 3135//3135 3145//3145 
f 3145//3145 3135//3135 3139//3139 
f 3141//3141 3146//3146 3140//3140 
f 3141//3141 3147//3147 3146//3146 
f 3142//3142 3146//3146 3148//3148 
f 3140//3140 3146//3146 3142//3142 
f 3149//3149 3142//3142 3148//3148 
f 3149//3149 3143//3143 3142//3142 
f 3150//3150 3144//3144 3143//3143 
f 3150//3150 3143//3143 3149//3149 
f 3151//3151 3145//3145 3144//3144 
f 3151//3151 3144//3144 3150//3150 
f 3147//3147 3141//3141 3151//3151 
f 3151//3151 3141//3141 3145//3145 
f 3147//3147 3152//3152 3146//3146 
f 3147//3147 3153//3153 3152//3152 
f 3148//3148 3152//3152 3154//3154 
f 3146//3146 3152//3152 3148//3148 
f 3155//3155 3148//3148 3154//3154 
f 3155//3155 3149//3149 3148//3148 
f 3156//3156 3150//3150 3149//3149 
f 3156//3156 3149//3149 3155//3155 
f 3157//3157 3151//3151 3150//3150 
f 3157//3157 3150//3150 3156//3156 
f 3153//3153 3147//3147 3157//3157 
f 3157//3157 3147//3147 3151//3151 
f 3153//3153 3158//3158 3152//3152 
f 3153//3153 3159//3159 3158//3158 
f 3154//3154 3158//3158 3160//3160 
f 3152//3152 3158//3158 3154//3154 
f 3161//3161 3154//3154 3160//3160 
f 3161//3161 3155//3155 3154//3154 
f 3162//3162 3156//3156 3155//3155 
f 3162//3162 3155//3155 3161//3161 
f 3163//3163 3157//3157 3156//3156 
f 3163//3163 3156//3156 3162//3162 
f 3159//3159 3153//3153 3163//3163 
f 3163//3163 3153//3153 3157//3157 
f 3159//3159 3164//3164 3158//3158 
f 3159//3159 3165//3165 3164//3164 
f 3160//3160 3164//3164 3166//3166 
f 3158//3158 3164//3164 3160//3160 
f 3167//3167 3160//3160 3166//3166 
f 3167//3167 3161//3161 3160//3160 
f 3168//3168 3162//3162 3161//3161 
f 3168//3168 3161//3161 3167//3167 
f 3169//3169 3163//3163 3162//3162 
f 3169//3169 3162//3162 3168//3168 
f 3165//3165 3159//3159 3169//3169 
f 3169//3169 3159//3159 3163//3163 
f 3165//3165 3170//3170 3164//3164 
f 3165//3165 3171//3171 3170//3170 
f 3166//3166 3170//3170 3172//3172 
f 3164//3164 3170//3170 3166//3166 
f 3173//3173 3166//3166 3172//3172 
f 3173//3173 3167//3167 3166//3166 
f 3174//3174 3168//3168 3167//3167 
f 3174//3174 3167//3167 3173//3173 
f 3175//3175 3169//3169 3168//3168 
f 3175//3175 3168//3168 3174//3174 
f 3171//3171 3165//3165 3175//3175 
f 3175//3175 3165//3165 3169//3169 
f 3171//3171 3176//3176 3170//3170 
f 3171//3171 3177//3177 3176//3176 
f 3172//3172 3176//3176 3178//3178 
f 3170//3170 3176//3176 3172//3172 
f 3179//3179 3172//3172 3178//3178 
f 3179//3179 3173//3173 3172//3172 
f 3180//3180 3174//3174 3173//3173 
f 3180//3180 3173//3173 3179//3179 
f 3181//3181 3175//3175 3174//3174 
f 3181//3181 3174//3174 3180//3180 
f 3177//3177 3171//3171 3181//3181 
f 3181//3181 3171//3171 3175//3175 
f 3177//3177 3182//3182 3176//3176 
f 3177//3177 3183//3183 3182//3182 
f 3178//3178 3182//3182 3184//3184 
f 3176//3176 3182//3182 3178//3178 
f 3185//3185 3178//3178 3184//3184 
f 3185//3185 3179//3179 3178//3178 
f 3186//3186 3180//3180 3179//3179 
f 3186//3186 3179//3179 3185//3185 
f 3187//3187 3181//3181 3180//3180 
f 3187//3187 3180//3180 3186//3186 
f 3183//3183 3177//3177 3187//3187 
f 3187//3187 3177//3177 3181//3181 
f 3183//3183 3188//3188 3182//3182 
f 3183//3183 3189//3189 3188//3188 
f 3184//3184 3188//3188 3190//3190 
f 3182//3182 3188//3188 3184//3184 
f 3191//3191 3184//3184 3190//3190 
f 3191//3191 3185//3185 3184//3184 
f 3192//3192 3186//3186 3185//3185 
f 3192//3192 3185//3185 3191//3191 
f 3193//3193 3187//3187 3186//3186 
f 3193//3193 3186//3186 3192//3192 
f 3189//3189 3183//3183 3193//3193 
f 3193//3193 3183//3183 3187//3187 
f 3189//3189 3194//3194 3188//3188 
f 3189//3189 3195//3195 3194//3194 
f 3190//3190 3194//3194 3196//3196 
f 3188//3188 3194//3194 3190//3190 
f 3197//3197 3190//3190 3196//3196 
f 3197//3197 3191//3191 3190//3190 
f 3198//3198 3192//3192 3191//3191 
f 3198//3198 3191//3191 3197//3197 
f 3199//3199 3193//3193 3192//3192 
f 3199//3199 3192//3192 3198//3198 
f 3195//3195 3189//3189 3199//3199 
f 3199//3199 3189//3189 3193//3193 
f 3195//3195 3200//3200 3194//3194 
f 3195//3195 3201//3201 3200//3200 
f 3196//3196 3200//3200 3202//3202 
f 3194//3194 3200//3200 3196//3196 
f 3203//3203 3196//3196 3202//3202 
f 3203//3203 3197//3197 3196//3196 
f 3204//3204 3198//3198 3197//3197 
f 3204//3204 3197//3197 3203//3203 
f 3205//3205 3199//3199 3198//3198 
f 3205//3205 3198//3198 3204//3204 
f 3201//3201 3195//3195 3205//3205 
f 3205//3205 3195//3195 3199//3199 
f 3201//3201 3206//3206 3200//3200 
f 3201//3201 3207//3207 3206//3206 
f 3202//3202 3206//3206 3208//3208 
f 3200//3200 3206//3206 3202//3202 
f 3209//3209 3202//3202 3208//3208 
f 3209//3209 3203//3203 3202//3202 
f 3210//3210 3204//3204 3203//3203 
f 3210//3210 3203//3203 3209//3209 
f 3211//3211 3205//3205 3204//3204 
f 3211//3211 3204//3204 3210//3210 
f 3207//3207 3201//3201 3211//3211 
f 3211//3211 3201//3201 3205//3205 
f 3207//3207 3212//3212 3206//3206 
f 3207//3207 3213//3213 3212//3212 
f 3208//3208 3212//3212 3214//3214 
f 3206//3206 3212//3212 3208//3208 
f 3215//3215 3208//3208 3214//3214 
f 3215//3215 3209//3209 3208//3208 
f 3216//3216 3210//3210 3209//3209 
f 3216//3216 3209//3209 3215//3215 
f 3217//3217 3211//3211 3210//3210 
f 3217//3217 3210//3210 3216//3216 
f 3213//3213 3207//3207 3217//3217 
f 3217//3217 3207//3207 3211//3211 
f 3213//3213 3218//3218 3212//3212 
f 3213//3213 3219//3219 3218//3218 
f 3214//3214 3218//3218 3220//3220 
f 3212//3212 3218//3218 3214//3214 
f 3221//3221 3214//3214 3220//3220 
f 3221//3221 3215//3215 3214//3214 
f 3222//3222 3216//3216 3215//3215 
f 3222//3222 3215//3215 3221//3221 
f 3223//3223 3217//3217 3216//3216 
f 3223//3223 3216//3216 3222//3222 
f 3219//3219 3213//3213 3223//3223 
f 3223//3223 3213//3213 3217//3217 
f 3219//3219 3224//3224 3218//3218 
f 3219//3219 3225//3225 3224//3224 
f 3220//3220 3224//3224 3226//3226 
f 3218//3218 3224//3224 3220//3220 
f 3227//3227 3220//3220 3226//3226 
f 3227//3227 3221//3221 3220//3220 
f 3228//3228 3222//3222 3221//3221 
f 3228//3228 3221//3221 3227//3227 
f 3229//3229 3223//3223 3222//3222 
f 3229//3229 3222//3222 3228//3228 
f 3225//3225 3219//3219 3229//3229 
f 3229//3229 3219//3219 3223//3223 
f 3225//3225 3230//3230 3224//3224 
f 3225//3225 3231//3231 3230//3230 
f 3226//3226 3230//3230 3232//3232 
f 3224//3224 3230//3230 3226//3226 
f 3233//3233 3226//3226 3232//3232 
f 3233//3233 3227//3227 3226//3226 
f 3234//3234 3228//3228 3227//3227 
f 3234//3234 3227//3227 3233//3233 
f 3235//3235 3229//3229 3228//3228 
f 3235//3235 3228//3228 3234//3234 
f 3231//3231 3225//3225 3235//3235 
f 3235//3235 3225//3225 3229//3229 
f 3231//3231 3236//3236 3230//3230 
f 3231//3231 3237//3237 3236//3236 
f 3232//3232 3236//3236 3238//3238 
f 3230//3230 3236//3236 3232//3232 
f 3239//3239 3232//3232 3238//3238 
f 3239//3239 3233//3233 3232//3232 
f 3240//3240 3234//3234 3233//3233 
f 3240//3240 3233//3233 3239//3239 
f 3241//3241 3235//3235 3234//3234 
f 3241//3241 3234//3234 3240//3240 
f 3237//3237 3231//3231 3241//3241 
f 3241//3241 3231//3231 3235//3235 
f 3237//3237 3242//3242 3236//3236 
f 3237//3237 3243//3243 3242//3242 
f 3238//3238 3242//3242 3244//3244 
f 3236//3236 3242//3242 3238//3238 
f 3245//3245 3238//3238 3244//3244 
f 3245//3245 3239//3239 3238//3238 
f 3246//3246 3240//3240 3239//3239 
f 3246//3246 3239//3239 3245//3245 
f 3247//3247 3241//3241 3240//3240 
f 3247//3247 3240//3240 3246//3246 
f 3243//3243 3237//3237 3247//3247 
f 3247//3247 3237//3237 3241//3241 
f 3243//3243 3248//3248 3242//3242 
f 3243//3243 3249//3249 3248//3248 
f 3244//3244 3248//3248 3250//3250 
f 3242//3242 3248//3248 3244//3244 
f 3251//3251 3244//3244 3250//3250 
f 3251//3251 3245//3245 3244//3244 
f 3252//3252 3246//3246 3245//3245 
f 3252//3252 3245//3245 3251//3251 
f 3253//3253 3247//3247 3246//3246 
f 3253//3253 3246//3246 3252//3252 
f 3249//3249 3243//3243 3253//3253 
f 3253//3253 3243//3243 3247//3247 
f 3249//3249 3254//3254 3248//3248 
f 3249//3249 3255//3255 3254//3254 
f 3250//3250 3254//3254 3256//3256 
f 3248//3248 3254//3254 3250//3250 
f 3257//3257 3250//3250 3256//3256 
f 3257//3257 3251//3251 3250//3250 
f 3258//3258 3252//3252 3251//3251 
f 3258//3258 3251//3251 3257//3257 
f 3259//3259 3253//3253 3252//3252 
f 3259//3259 3252//3252 3258//3258 
f 3255//3255 3249//3249 3259//3259 
f 3259//3259 3249//3249 3253//3253 
f 3255//3255 3260//3260 3254//3254 
f 3255//3255 3261//3261 3260//3260 
f 3256//3256 3260//3260 3262//3262 
f 3254//3254 3260//3260 3256//3256 
f 3263//3263 3256//3256 3262//3262 
f 3263//3263 3257//3257 3256//3256 
f 3264//3264 3258//3258 3257//3257 
f 3264//3264 3257//3257 3263//3263 
f 3265//3265 3259//3259 3258//3258 
f 3265//3265 3258//3258 3264//3264 
f 3261//3261 3255//3255 3265//3265 
f 3265//3265 3255//3255 3259//3259 
f 3261//3261 3266//3266 3260//3260 
f 3261//3261 3267//3267 3266//3266 
f 3262//3262 3266//3266 3268//3268 
f 3260//3260 3266//3266 3262//3262 
f 3269//3269 3262//3262 3268//3268 
f 3269//3269 3263//3263 3262//3262 
f 3270//3270 3264//3264 3263//3263 
f 3270//3270 3263//3263 3269//3269 
f 3271//3271 3265//3265 3264//3264 
f 3271//3271 3264//3264 3270//3270 
f 3267//3267 3261//3261 3271//3271 
f 3271//3271 3261//3261 3265//3265 
f 3267//3267 3272//3272 3266//3266 
f 3267//3267 3273//3273 3272//3272 
f 3268//3268 3272//3272 3274//3274 
f 3266//3266 3272//3272 3268//3268 
f 3275//3275 3268//3268 3274//3274 
f 3275//3275 3269//3269 3268//3268 
f 3276//3276 3270//3270 3269//3269 
f 3276//3276 3269//3269 3275//3275 
f 3277//3277 3271//3271 3270//3270 
f 3277//3277 3270//3270 3276//3276 
f 3273//3273 3267//3267 3277//3277 
f 3277//3277 3267//3267 3271//3271 
f 3273//3273 3278//3278 3272//3272 
f 3273//3273 3279//3279 3278//3278 
f 3274//3274 3278//3278 3280//3280 
f 3272//3272 3278//3278 3274//3274 
f 3281//3281 3274//3274 3280//3280 
f 3281//3281 3275//3275 3274//3274 
f 3282//3282 3276//3276 3275//3275 
f 3282//3282 3275//3275 3281//3281 
f 3283//3283 3277//3277 3276//3276 
f 3283//3283 3276//3276 3282//3282 
f 3279//3279 3273//3273 3283//3283 
f 3283//3283 3273//3273 3277//3277 
f 3279//3279 3284//3284 3278//3278 
f 3279//3279 3285//3285 3284//3284 
f 3280//3280 3284//3284 3286//3286 
f 3278//3278 3284//3284 3280//3280 
f 3287//3287 3280//3280 3286//3286 
f 3287//3287 3281//3281 3280//3280 
f 3288//3288 3282//3282 3281//3281 
f 3288//3288 3281//3281 3287//3287 
f 3289//3289 3283//3283 3282//3282 
f 3289//3289 3282//3282 3288//3288 
f 3285//3285 3279//3279 3289//3289 
f 3289//3289 3279//3279 3283//3283 
f 3285//3285 3290//3290 3284//3284 
f 3285//3285 3291//3291 3290//3290 
f 3286//3286 3290//3290 3292//3292 
f 3284//3284 3290//3290 3286//3286 
f 3293//3293 3286//3286 3292//3292 
f 3293//3293 3287//3287 3286//3286 
f 3294//3294 3288//3288 3287//3287 
f 3294//3294 3287//3287 3293//3293 
f 3295//3295 3289//3289 3288//3288 
f 3295//3295 3288//3288 3294//3294 
f 3291//3291 3285//3285 3295//3295 
f 3295//3295 3285//3285 3289//3289 
f 3291//3291 3296//3296 3290//3290 
f 3291//3291 3297//3297 3296//3296 
f 3292//3292 3296//3296 3298//3298 
f 3290//3290 3296//3296 3292//3292 
f 3299//3299 3292//3292 3298//3298 
f 3299//3299 3293//3293 3292//3292 
f 3300//3300 3294//3294 3293//3293 
f 3300//3300 3293//3293 3299//3299 
f 3301//3301 3295//3295 3294//3294 
f 3301//3301 3294//3294 3300//3300 
f 3297//3297 3291//3291 3301//3301 
f 3301//3301 3291//3291 3295//3295 
f 3297//3297 3302//3302 3296//3296 
f 3297//3297 3303//3303 3302//3302 
f 3298//3298 3302//3302 3304//3304 
f 3296//3296 3302//3302 3298//3298 
f 3305//3305 3298//3298 3304//3304 
f 3305//3305 3299//3299 3298//3298 
f 3306//3306 3300//3300 3299//3299 
f 3306//3306 3299//3299 3305//3305 
f 3307//3307 3301//3301 3300//3300 
f 3307//3307 3300//3300 3306//3306 
f 3303//3303 3297//3297 3307//3307 
f 3307//3307 3297//3297 3301//3301 
f 3303//3303 3308//3308 3302//3302 
f 3303//3303 3309//3309 3308//3308 
f 3304//3304 3308//3308 3310//3310 
f 3302//3302 3308//3308 3304//3304 
f 3311//3311 3304//3304 3310//3310 
f 3311//3311 3305//3305 3304//3304 
f 3312//3312 3306//3306 3305//3305 
f 3312//3312 3305//3305 3311//3311 
f 3313//3313 3307//3307 3306//3306 
f 3313//3313 3306//3306 3312//3312 
f 3309//3309 3303//3303 3313//3313 
f 3313//3313 3303//3303 3307//3307 
f 3309//3309 3314//3314 3308//3308 
f 3309//3309 3315//3315 3314//3314 
f 3310//3310 3314//3314 3316//3316 
f 3308//3308 3314//3314 3310//3310 
f 3310//3310 3316//3316 3317//3317 
f 3311//3311 3310//3310 3317//3317 
f 3318//3318 3312//3312 3311//3311 
f 3318//3318 3311//3311 3317//3317 
f 3319//3319 3313//3313 3312//3312 
f 3319//3319 3312//3312 3318//3318 
f 3319//3319 3315//3315 3309//3309 
f 3319//3319 3309//3309 3313//3313 
f 1106//1106 3321//3321 1100//1100 
f 1106//1106 3320//3320 3321//3321 
f 1100//1100 3322//3322 1099//1099 
f 1100//1100 3321//3321 3322//3322 
f 1099//1099 3323//3323 1102//1102 
f 1099//1099 3322//3322 3323//3323 
f 1102//1102 3324//3324 1096//1096 
f 1102//1102 3323//3323 3324//3324 
f 1096//1096 3320//3320 1106//1106 
f 1096//1096 3324//3324 3320//3320 
f 3320//3320 2215//2215 3321//3321 
f 3320//3320 2216//2216 2215//2215 
f 3321//3321 2218//2218 3322//3322 
f 3321//3321 2215//2215 2218//2218 
f 3322//3322 2217//2217 3323//3323 
f 3322//3322 2218//2218 2217//2217 
f 3323//3323 2214//2214 3324//3324 
f 3323//3323 2217//2217 2214//2214 
f 3324//3324 2216//2216 3320//3320 
f 3324//3324 2214//2214 2216//2216 
f 6//6 3326//3326 1//1 
f 6//6 3325//3325 3326//3326 
f 1//1 3327//3327 2//2 
f 1//1 3326//3326 3327//3327 
f 2//2 3328//3328 5//5 
f 2//2 3327//3327 3328//3328 
f 5//5 3329//3329 4//4 
f 5//5 3328//3328 3329//3329 
f 4//4 3330//3330 3//3 
f 4//4 3329//3329 3330//3330 
f 3//3 3325//3325 6//6 
f 3//3 3330//3330 3325//3325 
f 3325//3325 3315//3315 3326//3326 
f 3325//3325 3314//3314 3315//3315 
f 3326//3326 3319//3319 3327//3327 
f 3326//3326 3315//3315 3319//3319 
f 3327//3327 3318//3318 3328//3328 
f 3327//3327 3319//3319 3318//3318 
f 3328//3328 3317//3317 3329//3329 
f 3328//3328 3318//3318 3317//3317 
f 3329//3329 3316//3316 3330//3330 
f 3329//3329 3317//3317 3316//3316 
f 3330//3330 3314//3314 3325//3325 
f 3330//3330 3316//3316 3314//3314 
f 3335//3335 3337//3337 3336//3336 
f 3337//3337 3338//3338 3336//3336 
f 3338//3338 3339//3339 3336//3336 
f 3339//3339 3334//3334 3336//3336 
f 3340//3340 3331//3331 3334//3334 
f 3340//3340 3334//3334 3339//3339 
f 3341//3341 3333//3333 3340//3340 
f 3333//3333 3331//3331 3340//3340 
f 3333//3333 3342//3342 3332//3332 
f 3333//3333 3341//3341 3342//3342 
f 3332//3332 3337//3337 3335//3335 
f 3332//3332 3342//3342 3337//3337 
f 3337//3337 3343//3343 3338//3338 
f 3343//3343 3344//3344 3338//3338 
f 3344//3344 3345//3345 3338//3338 
f 3345//3345 3339//3339 3338//3338 
f 3346//3346 3339//3339 3345//3345 
f 3346//3346 3340//3340 3339//3339 
f 3347//3347 3341//3341 3346//3346 
f 3341//3341 3340//3340 3346//3346 
f 3341//3341 3348//3348 3342//3342 
f 3341//3341 3347//3347 3348//3348 
f 3342//3342 3343//3343 3337//3337 
f 3342//3342 3348//3348 3343//3343 
f 3343//3343 3349//3349 3344//3344 
f 3349//3349 3350//3350 3344//3344 
f 3351//3351 3345//3345 3344//3344 
f 3350//3350 3351//3351 3344//3344 
f 3352//3352 3345//3345 3351//3351 
f 3352//3352 3346//3346 3345//3345 
f 3353//3353 3347//3347 3352//3352 
f 3347//3347 3346//3346 3352//3352 
f 3347//3347 3354//3354 3348//3348 
f 3347//3347 3353//3353 3354//3354 
f 3348//3348 3349//3349 3343//3343 
f 3348//3348 3354//3354 3349//3349 
f 3349//3349 3355//3355 3350//3350 
f 3355//3355 3356//3356 3350//3350 
f 3357//3357 3351//3351 3350//3350 
f 3356//3356 3357//3357 3350//3350 
f 3358//3358 3351//3351 3357//3357 
f 3358//3358 3352//3352 3351//3351 
f 3359//3359 3353//3353 3358//3358 
f 3353//3353 3352//3352 3358//3358 
f 3353//3353 3360//3360 3354//3354 
f 3353//3353 3359//3359 3360//3360 
f 3354//3354 3355//3355 3349//3349 
f 3354//3354 3360//3360 3355//3355 
f 3355//3355 3361//3361 3356//3356 
f 3361//3361 3362//3362 3356//3356 
f 3363//3363 3357//3357 3356//3356 
f 3362//3362 3363//3363 3356//3356 
f 3364//3364 3357//3357 3363//3363 
f 3364//3364 3358//3358 3357//3357 
f 3365//3365 3359//3359 3364//3364 
f 3359//3359 3358//3358 3364//3364 
f 3359//3359 3366//3366 3360//3360 
f 3359//3359 3365//3365 3366//3366 
f 3360//3360 3361//3361 3355//3355 
f 3360//3360 3366//3366 3361//3361 
f 3361//3361 3367//3367 3362//3362 
f 3367//3367 3368//3368 3362//3362 
f 3369//3369 3363//3363 3362//3362 
f 3368//3368 3369//3369 3362//3362 
f 3370//3370 3363//3363 3369//3369 
f 3370//3370 3364//3364 3363//3363 
f 3371//3371 3365//3365 3370//3370 
f 3365//3365 3364//3364 3370//3370 
f 3365//3365 3372//3372 3366//3366 
f 3365//3365 3371//3371 3372//3372 
f 3366//3366 3367//3367 3361//3361 
f 3366//3366 3372//3372 3367//3367 
f 3367//3367 3373//3373 3368//3368 
f 3373//3373 3374//3374 3368//3368 
f 3375//3375 3369//3369 3368//3368 
f 3374//3374 3375//3375 3368//3368 
f 3376//3376 3369//3369 3375//3375 
f 3376//3376 3370//3370 3369//3369 
f 3377//3377 3371//3371 3376//3376 
f 3371//3371 3370//3370 3376//3376 
f 3371//3371 3378//3378 3372//3372 
f 3371//3371 3377//3377 3378//3378 
f 3372//3372 3373//3373 3367//3367 
f 3372//3372 3378//3378 3373//3373 
f 3373//3373 3379//3379 3374//3374 
f 3379//3379 3380//3380 3374//3374 
f 3381//3381 3375//3375 3374//3374 
f 3380//3380 3381//3381 3374//3374 
f 3382//3382 3375//3375 3381//3381 
f 3382//3382 3376//3376 3375//3375 
f 3383//3383 3377//3377 3382//3382 
f 3377//3377 3376//3376 3382//3382 
f 3377//3377 3384//3384 3378//3378 
f 3377//3377 3383//3383 3384//3384 
f 3378//3378 3379//3379 3373//3373 
f 3378//3378 3384//3384 3379//3379 
f 3379//3379 3385//3385 3380//3380 
f 3385//3385 3386//3386 3380//3380 
f 3387//3387 3381//3381 3380//3380 
f 3386//3386 3387//3387 3380//3380 
f 3388//3388 3381//3381 3387//3387 
f 3388//3388 3382//3382 3381//3381 
f 3389//3389 3383//3383 3388//3388 
f 3383//3383 3382//3382 3388//3388 
f 3383//3383 3390//3390 3384//3384 
f 3383//3383 3389//3389 3390//3390 
f 3384//3384 3385//3385 3379//3379 
f 3384//3384 3390//3390 3385//3385 
f 3385//3385 3391//3391 3386//3386 
f 3391//3391 3392//3392 3386//3386 
f 3393//3393 3387//3387 3386//3386 
f 3392//3392 3393//3393 3386//3386 
f 3394//3394 3387//3387 3393//3393 
f 3394//3394 3388//3388 3387//3387 
f 3395//3395 3389//3389 3394//3394 
f 3389//3389 3388//3388 3394//3394 
f 3389//3389 3396//3396 3390//3390 
f 3389//3389 3395//3395 3396//3396 
f 3390//3390 3391//3391 3385//3385 
f 3390//3390 3396//3396 3391//3391 
f 3391//3391 3397//3397 3392//3392 
f 3397//3397 3398//3398 3392//3392 
f 3399//3399 3393//3393 3392//3392 
f 3398//3398 3399//3399 3392//3392 
f 3400//3400 3393//3393 3399//3399 
f 3400//3400 3394//3394 3393//3393 
f 3401//3401 3395//3395 3400//3400 
f 3395//3395 3394//3394 3400//3400 
f 3395//3395 3402//3402 3396//3396 
f 3395//3395 3401//3401 3402//3402 
f 3396//3396 3397//3397 3391//3391 
f 3396//3396 3402//3402 3397//3397 
f 3397//3397 3403//3403 3398//3398 
f 3403//3403 3404//3404 3398//3398 
f 3405//3405 3399//3399 3398//3398 
f 3404//3404 3405//3405 3398//3398 
f 3406//3406 3399//3399 3405//3405 
f 3406//3406 3400//3400 3399//3399 
f 3407//3407 3401//3401 3406//3406 
f 3401//3401 3400//3400 3406//3406 
f 3401//3401 3408//3408 3402//3402 
f 3401//3401 3407//3407 3408//3408 
f 3402//3402 3403//3403 3397//3397 
f 3402//3402 3408//3408 3403//3403 
f 3403//3403 3409//3409 3404//3404 
f 3409//3409 3410//3410 3404//3404 
f 3411//3411 3405//3405 3404//3404 
f 3410//3410 3411//3411 3404//3404 
f 3412//3412 3405//3405 3411//3411 
f 3412//3412 3406//3406 3405//3405 
f 3413//3413 3407//3407 3412//3412 
f 3407//3407 3406//3406 3412//3412 
f 3407//3407 3414//3414 3408//3408 
f 3407//3407 3413//3413 3414//3414 
f 3408//3408 3409//3409 3403//3403 
f 3408//3408 3414//3414 3409//3409 
f 3409//3409 3415//3415 3410//3410 
f 3415//3415 3416//3416 3410//3410 
f 3417//3417 3411//3411 3410//3410 
f 3416//3416 3417//3417 3410//3410 
f 3418//3418 3411//3411 3417//3417 
f 3418//3418 3412//3412 3411//3411 
f 3419//3419 3413//3413 3418//3418 
f 3413//3413 3412//3412 3418//3418 
f 3413//3413 3420//3420 3414//3414 
f 3413//3413 3419//3419 3420//3420 
f 3414//3414 3415//3415 3409//3409 
f 3414//3414 3420//3420 3415//3415 
f 3415//3415 3421//3421 3416//3416 
f 3421//3421 3422//3422 3416//3416 
f 3423//3423 3417//3417 3416//3416 
f 3422//3422 3423//3423 3416//3416 
f 3424//3424 3417//3417 3423//3423 
f 3424//3424 3418//3418 3417//3417 
f 3425//3425 3419//3419 3424//3424 
f 3419//3419 3418//3418 3424//3424 
f 3419//3419 3426//3426 3420//3420 
f 3419//3419 3425//3425 3426//3426 
f 3420//3420 3421//3421 3415//3415 
f 3420//3420 3426//3426 3421//3421 
f 3421//3421 3427//3427 3422//3422 
f 3427//3427 3428//3428 3422//3422 
f 3429//3429 3423//3423 3422//3422 
f 3428//3428 3429//3429 3422//3422 
f 3430//3430 3423//3423 3429//3429 
f 3430//3430 3424//3424 3423//3423 
f 3431//3431 3425//3425 3430//3430 
f 3425//3425 3424//3424 3430//3430 
f 3425//3425 3432//3432 3426//3426 
f 3425//3425 3431//3431 3432//3432 
f 3426//3426 3427//3427 3421//3421 
f 3426//3426 3432//3432 3427//3427 
f 3427//3427 3433//3433 3428//3428 
f 3433//3433 3434//3434 3428//3428 
f 3435//3435 3429//3429 3428//3428 
f 3434//3434 3435//3435 3428//3428 
f 3436//3436 3429//3429 3435//3435 
f 3436//3436 3430//3430 3429//3429 
f 3437//3437 3431//3431 3436//3436 
f 3431//3431 3430//3430 3436//3436 
f 3431//3431 3438//3438 3432//3432 
f 3431//3431 3437//3437 3438//3438 
f 3432//3432 3433//3433 3427//3427 
f 3432//3432 3438//3438 3433//3433 
f 3433//3433 3439//3439 3434//3434 
f 3439//3439 3440//3440 3434//3434 
f 3441//3441 3435//3435 3434//3434 
f 3440//3440 3441//3441 3434//3434 
f 3442//3442 3435//3435 3441//3441 
f 3442//3442 3436//3436 3435//3435 
f 3443//3443 3437//3437 3442//3442 
f 3437//3437 3436//3436 3442//3442 
f 3437//3437 3444//3444 3438//3438 
f 3437//3437 3443//3443 3444//3444 
f 3438//3438 3439//3439 3433//3433 
f 3438//3438 3444//3444 3439//3439 
f 3439//3439 3445//3445 3440//3440 
f 3445//3445 3446//3446 3440//3440 
f 3447//3447 3441//3441 3440//3440 
f 3446//3446 3447//3447 3440//3440 
f 3448//3448 3441//3441 3447//3447 
f 3448//3448 3442//3442 3441//3441 
f 3449//3449 3443//3443 3448//3448 
f 3443//3443 3442//3442 3448//3448 
f 3443//3443 3450//3450 3444//3444 
f 3443//3443 3449//3449 3450//3450 
f 3444//3444 3445//3445 3439//3439 
f 3444//3444 3450//3450 3445//3445 
f 3445//3445 3451//3451 3446//3446 
f 3451//3451 3452//3452 3446//3446 
f 3453//3453 3447//3447 3446//3446 
f 3452//3452 3453//3453 3446//3446 
f 3454//3454 3447//3447 3453//3453 
f 3454//3454 3448//3448 3447//3447 
f 3455//3455 3449//3449 3454//3454 
f 3449//3449 3448//3448 3454//3454 
f 3449//3449 3456//3456 3450//3450 
f 3449//3449 3455//3455 3456//3456 
f 3450//3450 3451//3451 3445//3445 
f 3450//3450 3456//3456 3451//3451 
f 3451//3451 3457//3457 3452//3452 
f 3457//3457 3458//3458 3452//3452 
f 3459//3459 3453//3453 3452//3452 
f 3458//3458 3459//3459 3452//3452 
f 3460//3460 3453//3453 3459//3459 
f 3460//3460 3454//3454 3453//3453 
f 3461//3461 3455//3455 3460//3460 
f 3455//3455 3454//3454 3460//3460 
f 3455//3455 3462//3462 3456//3456 
f 3455//3455 3461//3461 3462//3462 
f 3456//3456 3457//3457 3451//3451 
f 3456//3456 3462//3462 3457//3457 
f 3457//3457 3463//3463 3458//3458 
f 3463//3463 3464//3464 3458//3458 
f 3465//3465 3459//3459 3458//3458 
f 3464//3464 3465//3465 3458//3458 
f 3466//3466 3459//3459 3465//3465 
f 3466//3466 3460//3460 3459//3459 
f 3467//3467 3461//3461 3466//3466 
f 3461//3461 3460//3460 3466//3466 
f 3461//3461 3468//3468 3462//3462 
f 3461//3461 3467//3467 3468//3468 
f 3462//3462 3463//3463 3457//3457 
f 3462//3462 3468//3468 3463//3463 
f 3463//3463 3469//3469 3464//3464 
f 3469//3469 3470//3470 3464//3464 
f 3471//3471 3465//3465 3464//3464 
f 3470//3470 3471//3471 3464//3464 
f 3472//3472 3465//3465 3471//3471 
f 3472//3472 3466//3466 3465//3465 
f 3473//3473 3467//3467 3472//3472 
f 3467//3467 3466//3466 3472//3472 
f 3467//3467 3474//3474 3468//3468 
f 3467//3467 3473//3473 3474//3474 
f 3468//3468 3469//3469 3463//3463 
f 3468//3468 3474//3474 3469//3469 
f 3469//3469 3475//3475 3470//3470 
f 3475//3475 3476//3476 3470//3470 
f 3477//3477 3471//3471 3470//3470 
f 3476//3476 3477//3477 3470//3470 
f 3478//3478 3471//3471 3477//3477 
f 3478//3478 3472//3472 3471//3471 
f 3479//3479 3473//3473 3478//3478 
f 3473//3473 3472//3472 3478//3478 
f 3473//3473 3480//3480 3474//3474 
f 3473//3473 3479//3479 3480//3480 
f 3474//3474 3475//3475 3469//3469 
f 3474//3474 3480//3480 3475//3475 
f 3475//3475 3481//3481 3476//3476 
f 3481//3481 3482//3482 3476//3476 
f 3483//3483 3477//3477 3476//3476 
f 3482//3482 3483//3483 3476//3476 
f 3484//3484 3477//3477 3483//3483 
f 3484//3484 3478//3478 3477//3477 
f 3485//3485 3479//3479 3484//3484 
f 3479//3479 3478//3478 3484//3484 
f 3479//3479 3486//3486 3480//3480 
f 3479//3479 3485//3485 3486//3486 
f 3480//3480 3481//3481 3475//3475 
f 3480//3480 3486//3486 3481//3481 
f 3481//3481 3487//3487 3482//3482 
f 3487//3487 3488//3488 3482//3482 
f 3489//3489 3483//3483 3482//3482 
f 3488//3488 3489//3489 3482//3482 
f 3490//3490 3483//3483 3489//3489 
f 3490//3490 3484//3484 3483//3483 
f 3491//3491 3485//3485 3490//3490 
f 3485//3485 3484//3484 3490//3490 
f 3485//3485 3492//3492 3486//3486 
f 3485//3485 3491//3491 3492//3492 
f 3486//3486 3487//3487 3481//3481 
f 3486//3486 3492//3492 3487//3487 
f 3487//3487 3493//3493 3488//3488 
f 3493//3493 3494//3494 3488//3488 
f 3495//3495 3489//3489 3488//3488 
f 3494//3494 3495//3495 3488//3488 
f 3496//3496 3489//3489 3495//3495 
f 3496//3496 3490//3490 3489//3489 
f 3497//3497 3491//3491 3496//3496 
f 3491//3491 3490//3490 3496//3496 
f 3491//3491 3498//3498 3492//3492 
f 3491//3491 3497//3497 3498//3498 
f 3492//3492 3493//3493 3487//3487 
f 3492//3492 3498//3498 3493//3493 
f 3493//3493 3499//3499 3494//3494 
f 3499//3499 3500//3500 3494//3494 
f 3501//3501 3495//3495 3494//3494 
f 3500//3500 3501//3501 3494//3494 
f 3502//3502 3495//3495 3501//3501 
f 3502//3502 3496//3496 3495//3495 
f 3503//3503 3497//3497 3502//3502 
f 3497//3497 3496//3496 3502//3502 
f 3497//3497 3504//3504 3498//3498 
f 3497//3497 3503//3503 3504//3504 
f 3498//3498 3499//3499 3493//3493 
f 3498//3498 3504//3504 3499//3499 
f 3499//3499 3505//3505 3500//3500 
f 3505//3505 3506//3506 3500//3500 
f 3507//3507 3501//3501 3500//3500 
f 3506//3506 3507//3507 3500//3500 
f 3508//3508 3501//3501 3507//3507 
f 3508//3508 3502//3502 3501//3501 
f 3509//3509 3503//3503 3508//3508 
f 3503//3503 3502//3502 3508//3508 
f 3503//3503 3510//3510 3504//3504 
f 3503//3503 3509//3509 3510//3510 
f 3504//3504 3505//3505 3499//3499 
f 3504//3504 3510//3510 3505//3505 
f 3505//3505 3511//3511 3506//3506 
f 3511//3511 3512//3512 3506//3506 
f 3513//3513 3507//3507 3506//3506 
f 3512//3512 3513//3513 3506//3506 
f 3514//3514 3507//3507 3513//3513 
f 3514//3514 3508//3508 3507//3507 
f 3515//3515 3509//3509 3514//3514 
f 3509//3509 3508//3508 3514//3514 
f 3509//3509 3516//3516 3510//3510 
f 3509//3509 3515//3515 3516//3516 
f 3510//3510 3511//3511 3505//3505 
f 3510//3510 3516//3516 3511//3511 
f 3511//3511 3517//3517 3512//3512 
f 3517//3517 3518//3518 3512//3512 
f 3519//3519 3513//3513 3512//3512 
f 3518//3518 3519//3519 3512//3512 
f 3520//3520 3513//3513 3519//3519 
f 3520//3520 3514//3514 3513//3513 
f 3521//3521 3515//3515 3520//3520 
f 3515//3515 3514//3514 3520//3520 
f 3515//3515 3522//3522 3516//3516 
f 3515//3515 3521//3521 3522//3522 
f 3516//3516 3517//3517 3511//3511 
f 3516//3516 3522//3522 3517//3517 
f 3517//3517 3523//3523 3518//3518 
f 3523//3523 3524//3524 3518//3518 
f 3525//3525 3519//3519 3518//3518 
f 3524//3524 3525//3525 3518//3518 
f 3526//3526 3519//3519 3525//3525 
f 3526//3526 3520//3520 3519//3519 
f 3527//3527 3521//3521 3526//3526 
f 3521//3521 3520//3520 3526//3526 
f 3521//3521 3528//3528 3522//3522 
f 3521//3521 3527//3527 3528//3528 
f 3522//3522 3523//3523 3517//3517 
f 3522//3522 3528//3528 3523//3523 
f 3523//3523 3529//3529 3524//3524 
f 3529//3529 3530//3530 3524//3524 
f 3531//3531 3525//3525 3524//3524 
f 3530//3530 3531//3531 3524//3524 
f 3532//3532 3525//3525 3531//3531 
f 3532//3532 3526//3526 3525//3525 
f 3533//3533 3527//3527 3532//3532 
f 3527//3527 3526//3526 3532//3532 
f 3527//3527 3534//3534 3528//3528 
f 3527//3527 3533//3533 3534//3534 
f 3528//3528 3529//3529 3523//3523 
f 3528//3528 3534//3534 3529//3529 
f 3529//3529 3535//3535 3530//3530 
f 3535//3535 3536//3536 3530//3530 
f 3537//3537 3531//3531 3530//3530 
f 3536//3536 3537//3537 3530//3530 
f 3538//3538 3531//3531 3537//3537 
f 3538//3538 3532//3532 3531//3531 
f 3539//3539 3533//3533 3538//3538 
f 3533//3533 3532//3532 3538//3538 
f 3533//3533 3540//3540 3534//3534 
f 3533//3533 3539//3539 3540//3540 
f 3534//3534 3535//3535 3529//3529 
f 3534//3534 3540//3540 3535//3535 
f 3535//3535 3541//3541 3536//3536 
f 3541//3541 3542//3542 3536//3536 
f 3543//3543 3537//3537 3536//3536 
f 3542//3542 3543//3543 3536//3536 
f 3544//3544 3537//3537 3543//3543 
f 3544//3544 3538//3538 3537//3537 
f 3545//3545 3539//3539 3544//3544 
f 3539//3539 3538//3538 3544//3544 
f 3539//3539 3546//3546 3540//3540 
f 3539//3539 3545//3545 3546//3546 
f 3540//3540 3541//3541 3535//3535 
f 3540//3540 3546//3546 3541//3541 
f 3541//3541 3547//3547 3542//3542 
f 3547//3547 3548//3548 3542//3542 
f 3549//3549 3543//3543 3542//3542 
f 3548//3548 3549//3549 3542//3542 
f 3550//3550 3543//3543 3549//3549 
f 3550//3550 3544//3544 3543//3543 
f 3551//3551 3545//3545 3550//3550 
f 3545//3545 3544//3544 3550//3550 
f 3545//3545 3552//3552 3546//3546 
f 3545//3545 3551//3551 3552//3552 
f 3546//3546 3547//3547 3541//3541 
f 3546//3546 3552//3552 3547//3547 
f 3547//3547 3553//3553 3548//3548 
f 3553//3553 3554//3554 3548//3548 
f 3555//3555 3549//3549 3548//3548 
f 3554//3554 3555//3555 3548//3548 
f 3556//3556 3549//3549 3555//3555 
f 3556//3556 3550//3550 3549//3549 
f 3557//3557 3551//3551 3556//3556 
f 3551//3551 3550//3550 3556//3556 
f 3551//3551 3558//3558 3552//3552 
f 3551//3551 3557//3557 3558//3558 
f 3552//3552 3553//3553 3547//3547 
f 3552//3552 3558//3558 3553//3553 
f 3553//3553 3559//3559 3554//3554 
f 3559//3559 3560//3560 3554//3554 
f 3561//3561 3555//3555 3554//3554 
f 3560//3560 3561//3561 3554//3554 
f 3562//3562 3555//3555 3561//3561 
f 3562//3562 3556//3556 3555//3555 
f 3563//3563 3557//3557 3562//3562 
f 3557//3557 3556//3556 3562//3562 
f 3557//3557 3564//3564 3558//3558 
f 3557//3557 3563//3563 3564//3564 
f 3558//3558 3559//3559 3553//3553 
f 3558//3558 3564//3564 3559//3559 
f 3559//3559 3565//3565 3560//3560 
f 3565//3565 3566//3566 3560//3560 
f 3567//3567 3561//3561 3560//3560 
f 3566//3566 3567//3567 3560//3560 
f 3568//3568 3561//3561 3567//3567 
f 3568//3568 3562//3562 3561//3561 
f 3569//3569 3563//3563 3568//3568 
f 3563//3563 3562//3562 3568//3568 
f 3563//3563 3570//3570 3564//3564 
f 3563//3563 3569//3569 3570//3570 
f 3564//3564 3565//3565 3559//3559 
f 3564//3564 3570//3570 3565//3565 
f 3565//3565 3571//3571 3566//3566 
f 3571//3571 3572//3572 3566//3566 
f 3573//3573 3567//3567 3566//3566 
f 3572//3572 3573//3573 3566//3566 
f 3574//3574 3567//3567 3573//3573 
f 3574//3574 3568//3568 3567//3567 
f 3575//3575 3569//3569 3574//3574 
f 3569//3569 3568//3568 3574//3574 
f 3569//3569 3576//3576 3570//3570 
f 3569//3569 3575//3575 3576//3576 
f 3570//3570 3571//3571 3565//3565 
f 3570//3570 3576//3576 3571//3571 
f 3571//3571 3577//3577 3572//3572 
f 3577//3577 3578//3578 3572//3572 
f 3579//3579 3573//3573 3572//3572 
f 3578//3578 3579//3579 3572//3572 
f 3580//3580 3573//3573 3579//3579 
f 3580//3580 3574//3574 3573//3573 
f 3581//3581 3575//3575 3580//3580 
f 3575//3575 3574//3574 3580//3580 
f 3575//3575 3582//3582 3576//3576 
f 3575//3575 3581//3581 3582//3582 
f 3576//3576 3577//3577 3571//3571 
f 3576//3576 3582//3582 3577//3577 
f 3577//3577 3583//3583 3578//3578 
f 3583//3583 3584//3584 3578//3578 
f 3585//3585 3579//3579 3578//3578 
f 3584//3584 3585//3585 3578//3578 
f 3586//3586 3579//3579 3585//3585 
f 3586//3586 3580//3580 3579//3579 
f 3587//3587 3581//3581 3586//3586 
f 3581//3581 3580//3580 3586//3586 
f 3581//3581 3588//3588 3582//3582 
f 3581//3581 3587//3587 3588//3588 
f 3582//3582 3583//3583 3577//3577 
f 3582//3582 3588//3588 3583//3583 
f 3583//3583 3589//3589 3584//3584 
f 3589//3589 3590//3590 3584//3584 
f 3591//3591 3585//3585 3584//3584 
f 3590//3590 3591//3591 3584//3584 
f 3592//3592 3585//3585 3591//3591 
f 3592//3592 3586//3586 3585//3585 
f 3593//3593 3587//3587 3592//3592 
f 3587//3587 3586//3586 3592//3592 
f 3587//3587 3594//3594 3588//3588 
f 3587//3587 3593//3593 3594//3594 
f 3588//3588 3589//3589 3583//3583 
f 3588//3588 3594//3594 3589//3589 
f 3589//3589 3595//3595 3590//3590 
f 3595//3595 3596//3596 3590//3590 
f 3597//3597 3591//3591 3590//3590 
f 3596//3596 3597//3597 3590//3590 
f 3598//3598 3591//3591 3597//3597 
f 3598//3598 3592//3592 3591//3591 
f 3599//3599 3593//3593 3598//3598 
f 3593//3593 3592//3592 3598//3598 
f 3593//3593 3600//3600 3594//3594 
f 3593//3593 3599//3599 3600//3600 
f 3594//3594 3595//3595 3589//3589 
f 3594//3594 3600//3600 3595//3595 
f 3595//3595 3601//3601 3596//3596 
f 3601//3601 3602//3602 3596//3596 
f 3603//3603 3597//3597 3596//3596 
f 3602//3602 3603//3603 3596//3596 
f 3604//3604 3597//3597 3603//3603 
f 3604//3604 3598//3598 3597//3597 
f 3605//3605 3599//3599 3604//3604 
f 3599//3599 3598//3598 3604//3604 
f 3599//3599 3606//3606 3600//3600 
f 3599//3599 3605//3605 3606//3606 
f 3600//3600 3601//3601 3595//3595 
f 3600//3600 3606//3606 3601//3601 
f 3601//3601 3607//3607 3602//3602 
f 3607//3607 3608//3608 3602//3602 
f 3609//3609 3603//3603 3602//3602 
f 3608//3608 3609//3609 3602//3602 
f 3610//3610 3603//3603 3609//3609 
f 3610//3610 3604//3604 3603//3603 
f 3611//3611 3605//3605 3610//3610 
f 3605//3605 3604//3604 3610//3610 
f 3605//3605 3612//3612 3606//3606 
f 3605//3605 3611//3611 3612//3612 
f 3606//3606 3607//3607 3601//3601 
f 3606//3606 3612//3612 3607//3607 
f 3607//3607 3613//3613 3608//3608 
f 3613//3613 3614//3614 3608//3608 
f 3615//3615 3609//3609 3608//3608 
f 3614//3614 3615//3615 3608//3608 
f 3616//3616 3609//3609 3615//3615 
f 3616//3616 3610//3610 3609//3609 
f 3617//3617 3611//3611 3616//3616 
f 3611//3611 3610//3610 3616//3616 
f 3611//3611 3618//3618 3612//3612 
f 3611//3611 3617//3617 3618//3618 
f 3612//3612 3613//3613 3607//3607 
f 3612//3612 3618//3618 3613//3613 
f 3613//3613 3619//3619 3614//3614 
f 3619//3619 3620//3620 3614//3614 
f 3621//3621 3615//3615 3614//3614 
f 3620//3620 3621//3621 3614//3614 
f 3622//3622 3615//3615 3621//3621 
f 3622//3622 3616//3616 3615//3615 
f 3623//3623 3617//3617 3622//3622 
f 3617//3617 3616//3616 3622//3622 
f 3617//3617 3624//3624 3618//3618 
f 3617//3617 3623//3623 3624//3624 
f 3618//3618 3619//3619 3613//3613 
f 3618//3618 3624//3624 3619//3619 
f 3619//3619 3625//3625 3620//3620 
f 3625//3625 3626//3626 3620//3620 
f 3627//3627 3621//3621 3620//3620 
f 3626//3626 3627//3627 3620//3620 
f 3628//3628 3621//3621 3627//3627 
f 3628//3628 3622//3622 3621//3621 
f 3629//3629 3623//3623 3628//3628 
f 3623//3623 3622//3622 3628//3628 
f 3623//3623 3630//3630 3624//3624 
f 3623//3623 3629//3629 3630//3630 
f 3624//3624 3625//3625 3619//3619 
f 3624//3624 3630//3630 3625//3625 
f 3625//3625 3631//3631 3626//3626 
f 3631//3631 3632//3632 3626//3626 
f 3633//3633 3627//3627 3626//3626 
f 3632//3632 3633//3633 3626//3626 
f 3634//3634 3627//3627 3633//3633 
f 3634//3634 3628//3628 3627//3627 
f 3635//3635 3629//3629 3634//3634 
f 3629//3629 3628//3628 3634//3634 
f 3629//3629 3636//3636 3630//3630 
f 3629//3629 3635//3635 3636//3636 
f 3630//3630 3631//3631 3625//3625 
f 3630//3630 3636//3636 3631//3631 
f 3631//3631 3637//3637 3632//3632 
f 3637//3637 3638//3638 3632//3632 
f 3639//3639 3633//3633 3632//3632 
f 3638//3638 3639//3639 3632//3632 
f 3640//3640 3633//3633 3639//3639 
f 3640//3640 3634//3634 3633//3633 
f 3641//3641 3635//3635 3640//3640 
f 3635//3635 3634//3634 3640//3640 
f 3635//3635 3642//3642 3636//3636 
f 3635//3635 3641//3641 3642//3642 
f 3636//3636 3637//3637 3631//3631 
f 3636//3636 3642//3642 3637//3637 
f 3637//3637 3643//3643 3638//3638 
f 3643//3643 3644//3644 3638//3638 
f 3645//3645 3639//3639 3638//3638 
f 3644//3644 3645//3645 3638//3638 
f 3646//3646 3639//3639 3645//3645 
f 3646//3646 3640//3640 3639//3639 
f 3647//3647 3641//3641 3646//3646 
f 3641//3641 3640//3640 3646//3646 
f 3641//3641 3648//3648 3642//3642 
f 3641//3641 3647//3647 3648//3648 
f 3642//3642 3643//3643 3637//3637 
f 3642//3642 3648//3648 3643//3643 
f 3643//3643 3649//3649 3644//3644 
f 3649//3649 3650//3650 3644//3644 
f 3651//3651 3645//3645 3644//3644 
f 3650//3650 3651//3651 3644//3644 
f 3652//3652 3645//3645 3651//3651 
f 3652//3652 3646//3646 3645//3645 
f 3653//3653 3647//3647 3652//3652 
f 3647//3647 3646//3646 3652//3652 
f 3647//3647 3654//3654 3648//3648 
f 3647//3647 3653//3653 3654//3654 
f 3648//3648 3649//3649 3643//3643 
f 3648//3648 3654//3654 3649//3649 
f 3649//3649 3655//3655 3650//3650 
f 3655//3655 3656//3656 3650//3650 
f 3657//3657 3651//3651 3650//3650 
f 3656//3656 3657//3657 3650//3650 
f 3658//3658 3651//3651 3657//3657 
f 3658//3658 3652//3652 3651//3651 
f 3659//3659 3653//3653 3658//3658 
f 3653//3653 3652//3652 3658//3658 
f 3653//3653 3660//3660 3654//3654 
f 3653//3653 3659//3659 3660//3660 
f 3654//3654 3655//3655 3649//3649 
f 3654//3654 3660//3660 3655//3655 
f 3655//3655 3661//3661 3656//3656 
f 3661//3661 3662//3662 3656//3656 
f 3663//3663 3657//3657 3656//3656 
f 3662//3662 3663//3663 3656//3656 
f 3664//3664 3657//3657 3663//3663 
f 3664//3664 3658//3658 3657//3657 
f 3665//3665 3659//3659 3664//3664 
f 3659//3659 3658//3658 3664//3664 
f 3659//3659 3666//3666 3660//3660 
f 3659//3659 3665//3665 3666//3666 
f 3660//3660 3661//3661 3655//3655 
f 3660//3660 3666//3666 3661//3661 
f 3661//3661 3667//3667 3662//3662 
f 3667//3667 3668//3668 3662//3662 
f 3669//3669 3663//3663 3662//3662 
f 3668//3668 3669//3669 3662//3662 
f 3670//3670 3663//3663 3669//3669 
f 3670//3670 3664//3664 3663//3663 
f 3671//3671 3665//3665 3670//3670 
f 3665//3665 3664//3664 3670//3670 
f 3665//3665 3672//3672 3666//3666 
f 3665//3665 3671//3671 3672//3672 
f 3666//3666 3667//3667 3661//3661 
f 3666//3666 3672//3672 3667//3667 
f 3667//3667 3673//3673 3668//3668 
f 3673//3673 3674//3674 3668//3668 
f 3675//3675 3669//3669 3668//3668 
f 3674//3674 3675//3675 3668//3668 
f 3676//3676 3669//3669 3675//3675 
f 3676//3676 3670//3670 3669//3669 
f 3677//3677 3671//3671 3676//3676 
f 3671//3671 3670//3670 3676//3676 
f 3671//3671 3678//3678 3672//3672 
f 3671//3671 3677//3677 3678//3678 
f 3672//3672 3673//3673 3667//3667 
f 3672//3672 3678//3678 3673//3673 
f 3673//3673 3679//3679 3674//3674 
f 3679//3679 3680//3680 3674//3674 
f 3681//3681 3675//3675 3674//3674 
f 3680//3680 3681//3681 3674//3674 
f 3682//3682 3675//3675 3681//3681 
f 3682//3682 3676//3676 3675//3675 
f 3683//3683 3677//3677 3682//3682 
f 3677//3677 3676//3676 3682//3682 
f 3677//3677 3684//3684 3678//3678 
f 3677//3677 3683//3683 3684//3684 
f 3678//3678 3679//3679 3673//3673 
f 3678//3678 3684//3684 3679//3679 
f 3679//3679 3685//3685 3680//3680 
f 3685//3685 3686//3686 3680//3680 
f 3687//3687 3681//3681 3680//3680 
f 3686//3686 3687//3687 3680//3680 
f 3688//3688 3681//3681 3687//3687 
f 3688//3688 3682//3682 3681//3681 
f 3689//3689 3683//3683 3688//3688 
f 3683//3683 3682//3682 3688//3688 
f 3683//3683 3690//3690 3684//3684 
f 3683//3683 3689//3689 3690//3690 
f 3684//3684 3685//3685 3679//3679 
f 3684//3684 3690//3690 3685//3685 
f 3685//3685 3691//3691 3686//3686 
f 3691//3691 3692//3692 3686//3686 
f 3693//3693 3687//3687 3686//3686 
f 3692//3692 3693//3693 3686//3686 
f 3694//3694 3687//3687 3693//3693 
f 3694//3694 3688//3688 3687//3687 
f 3695//3695 3689//3689 3694//3694 
f 3689//3689 3688//3688 3694//3694 
f 3689//3689 3696//3696 3690//3690 
f 3689//3689 3695//3695 3696//3696 
f 3690//3690 3691//3691 3685//3685 
f 3690//3690 3696//3696 3691//3691 
f 3691//3691 3697//3697 3692//3692 
f 3697//3697 3698//3698 3692//3692 
f 3699//3699 3693//3693 3692//3692 
f 3698//3698 3699//3699 3692//3692 
f 3700//3700 3693//3693 3699//3699 
f 3700//3700 3694//3694 3693//3693 
f 3701//3701 3695//3695 3700//3700 
f 3695//3695 3694//3694 3700//3700 
f 3695//3695 3702//3702 3696//3696 
f 3695//3695 3701//3701 3702//3702 
f 3696//3696 3697//3697 3691//3691 
f 3696//3696 3702//3702 3697//3697 
f 3697//3697 3703//3703 3698//3698 
f 3703//3703 3704//3704 3698//3698 
f 3705//3705 3699//3699 3698//3698 
f 3704//3704 3705//3705 3698//3698 
f 3706//3706 3699//3699 3705//3705 
f 3706//3706 3700//3700 3699//3699 
f 3707//3707 3701//3701 3706//3706 
f 3701//3701 3700//3700 3706//3706 
f 3701//3701 3708//3708 3702//3702 
f 3701//3701 3707//3707 3708//3708 
f 3702//3702 3703//3703 3697//3697 
f 3702//3702 3708//3708 3703//3703 
f 3703//3703 3709//3709 3704//3704 
f 3709//3709 3710//3710 3704//3704 
f 3711//3711 3705//3705 3704//3704 
f 3710//3710 3711//3711 3704//3704 
f 3712//3712 3705//3705 3711//3711 
f 3712//3712 3706//3706 3705//3705 
f 3713//3713 3707//3707 3712//3712 
f 3707//3707 3706//3706 3712//3712 
f 3707//3707 3714//3714 3708//3708 
f 3707//3707 3713//3713 3714//3714 
f 3708//3708 3709//3709 3703//3703 
f 3708//3708 3714//3714 3709//3709 
f 3709//3709 3715//3715 3710//3710 
f 3715//3715 3716//3716 3710//3710 
f 3717//3717 3711//3711 3710//3710 
f 3716//3716 3717//3717 3710//3710 
f 3718//3718 3711//3711 3717//3717 
f 3718//3718 3712//3712 3711//3711 
f 3719//3719 3713//3713 3718//3718 
f 3713//3713 3712//3712 3718//3718 
f 3713//3713 3720//3720 3714//3714 
f 3713//3713 3719//3719 3720//3720 
f 3714//3714 3715//3715 3709//3709 
f 3714//3714 3720//3720 3715//3715 
f 3715//3715 3721//3721 3716//3716 
f 3721//3721 3722//3722 3716//3716 
f 3723//3723 3717//3717 3716//3716 
f 3722//3722 3723//3723 3716//3716 
f 3724//3724 3717//3717 3723//3723 
f 3724//3724 3718//3718 3717//3717 
f 3725//3725 3719//3719 3724//3724 
f 3719//3719 3718//3718 3724//3724 
f 3719//3719 3726//3726 3720//3720 
f 3719//3719 3725//3725 3726//3726 
f 3720//3720 3721//3721 3715//3715 
f 3720//3720 3726//3726 3721//3721 
f 3721//3721 3727//3727 3722//3722 
f 3727//3727 3728//3728 3722//3722 
f 3729//3729 3723//3723 3722//3722 
f 3728//3728 3729//3729 3722//3722 
f 3730//3730 3723//3723 3729//3729 
f 3730//3730 3724//3724 3723//3723 
f 3731//3731 3725//3725 3730//3730 
f 3725//3725 3724//3724 3730//3730 
f 3725//3725 3732//3732 3726//3726 
f 3725//3725 3731//3731 3732//3732 
f 3726//3726 3727//3727 3721//3721 
f 3726//3726 3732//3732 3727//3727 
f 3727//3727 3733//3733 3728//3728 
f 3733//3733 3734//3734 3728//3728 
f 3735//3735 3729//3729 3728//3728 
f 3734//3734 3735//3735 3728//3728 
f 3736//3736 3729//3729 3735//3735 
f 3736//3736 3730//3730 3729//3729 
f 3737//3737 3731//3731 3736//3736 
f 3731//3731 3730//3730 3736//3736 
f 3731//3731 3738//3738 3732//3732 
f 3731//3731 3737//3737 3738//3738 
f 3732//3732 3733//3733 3727//3727 
f 3732//3732 3738//3738 3733//3733 
f 3733//3733 3739//3739 3734//3734 
f 3739//3739 3740//3740 3734//3734 
f 3741//3741 3735//3735 3734//3734 
f 3740//3740 3741//3741 3734//3734 
f 3742//3742 3735//3735 3741//3741 
f 3742//3742 3736//3736 3735//3735 
f 3743//3743 3737//3737 3742//3742 
f 3737//3737 3736//3736 3742//3742 
f 3737//3737 3744//3744 3738//3738 
f 3737//3737 3743//3743 3744//3744 
f 3738//3738 3739//3739 3733//3733 
f 3738//3738 3744//3744 3739//3739 
f 3739//3739 3745//3745 3740//3740 
f 3745//3745 3746//3746 3740//3740 
f 3747//3747 3741//3741 3740//3740 
f 3746//3746 3747//3747 3740//3740 
f 3748//3748 3741//3741 3747//3747 
f 3748//3748 3742//3742 3741//3741 
f 3749//3749 3743//3743 3748//3748 
f 3743//3743 3742//3742 3748//3748 
f 3743//3743 3750//3750 3744//3744 
f 3743//3743 3749//3749 3750//3750 
f 3744//3744 3745//3745 3739//3739 
f 3744//3744 3750//3750 3745//3745 
f 3745//3745 3751//3751 3746//3746 
f 3751//3751 3752//3752 3746//3746 
f 3753//3753 3747//3747 3746//3746 
f 3752//3752 3753//3753 3746//3746 
f 3754//3754 3747//3747 3753//3753 
f 3754//3754 3748//3748 3747//3747 
f 3755//3755 3749//3749 3754//3754 
f 3749//3749 3748//3748 3754//3754 
f 3749//3749 3756//3756 3750//3750 
f 3749//3749 3755//3755 3756//3756 
f 3750//3750 3751//3751 3745//3745 
f 3750//3750 3756//3756 3751//3751 
f 3751//3751 3757//3757 3752//3752 
f 3757//3757 3758//3758 3752//3752 
f 3759//3759 3753//3753 3752//3752 
f 3758//3758 3759//3759 3752//3752 
f 3760//3760 3753//3753 3759//3759 
f 3760//3760 3754//3754 3753//3753 
f 3761//3761 3755//3755 3760//3760 
f 3755//3755 3754//3754 3760//3760 
f 3755//3755 3762//3762 3756//3756 
f 3755//3755 3761//3761 3762//3762 
f 3756//3756 3757//3757 3751//3751 
f 3756//3756 3762//3762 3757//3757 
f 3757//3757 3763//3763 3758//3758 
f 3763//3763 3764//3764 3758//3758 
f 3765//3765 3759//3759 3758//3758 
f 3764//3764 3765//3765 3758//3758 
f 3766//3766 3759//3759 3765//3765 
f 3766//3766 3760//3760 3759//3759 
f 3767//3767 3761//3761 3766//3766 
f 3761//3761 3760//3760 3766//3766 
f 3761//3761 3768//3768 3762//3762 
f 3761//3761 3767//3767 3768//3768 
f 3762//3762 3763//3763 3757//3757 
f 3762//3762 3768//3768 3763//3763 
f 3763//3763 3769//3769 3764//3764 
f 3769//3769 3770//3770 3764//3764 
f 3771//3771 3765//3765 3764//3764 
f 3770//3770 3771//3771 3764//3764 
f 3772//3772 3765//3765 3771//3771 
f 3772//3772 3766//3766 3765//3765 
f 3773//3773 3767//3767 3772//3772 
f 3767//3767 3766//3766 3772//3772 
f 3767//3767 3774//3774 3768//3768 
f 3767//3767 3773//3773 3774//3774 
f 3768//3768 3769//3769 3763//3763 
f 3768//3768 3774//3774 3769//3769 
f 3769//3769 3775//3775 3770//3770 
f 3775//3775 3776//3776 3770//3770 
f 3777//3777 3771//3771 3770//3770 
f 3776//3776 3777//3777 3770//3770 
f 3778//3778 3771//3771 3777//3777 
f 3778//3778 3772//3772 3771//3771 
f 3779//3779 3773//3773 3778//3778 
f 3773//3773 3772//3772 3778//3778 
f 3773//3773 3780//3780 3774//3774 
f 3773//3773 3779//3779 3780//3780 
f 3774//3774 3775//3775 3769//3769 
f 3774//3774 3780//3780 3775//3775 
f 3775//3775 3781//3781 3776//3776 
f 3781//3781 3782//3782 3776//3776 
f 3783//3783 3777//3777 3776//3776 
f 3782//3782 3783//3783 3776//3776 
f 3784//3784 3777//3777 3783//3783 
f 3784//3784 3778//3778 3777//3777 
f 3785//3785 3779//3779 3784//3784 
f 3779//3779 3778//3778 3784//3784 
f 3779//3779 3786//3786 3780//3780 
f 3779//3779 3785//3785 3786//3786 
f 3780//3780 3781//3781 3775//3775 
f 3780//3780 3786//3786 3781//3781 
f 3781//3781 3787//3787 3782//3782 
f 3787//3787 3788//3788 3782//3782 
f 3789//3789 3783//3783 3782//3782 
f 3788//3788 3789//3789 3782//3782 
f 3790//3790 3783//3783 3789//3789 
f 3790//3790 3784//3784 3783//3783 
f 3791//3791 3785//3785 3790//3790 
f 3785//3785 3784//3784 3790//3790 
f 3785//3785 3792//3792 3786//3786 
f 3785//3785 3791//3791 3792//3792 
f 3786//3786 3787//3787 3781//3781 
f 3786//3786 3792//3792 3787//3787 
f 3787//3787 3793//3793 3788//3788 
f 3793//3793 3794//3794 3788//3788 
f 3795//3795 3789//3789 3788//3788 
f 3794//3794 3795//3795 3788//3788 
f 3796//3796 3789//3789 3795//3795 
f 3796//3796 3790//3790 3789//3789 
f 3797//3797 3791//3791 3796//3796 
f 3791//3791 3790//3790 3796//3796 
f 3791//3791 3798//3798 3792//3792 
f 3791//3791 3797//3797 3798//3798 
f 3792//3792 3793//3793 3787//3787 
f 3792//3792 3798//3798 3793//3793 
f 3793//3793 3799//3799 3794//3794 
f 3799//3799 3800//3800 3794//3794 
f 3801//3801 3795//3795 3794//3794 
f 3800//3800 3801//3801 3794//3794 
f 3802//3802 3795//3795 3801//3801 
f 3802//3802 3796//3796 3795//3795 
f 3803//3803 3797//3797 3802//3802 
f 3797//3797 3796//3796 3802//3802 
f 3797//3797 3804//3804 3798//3798 
f 3797//3797 3803//3803 3804//3804 
f 3798//3798 3799//3799 3793//3793 
f 3798//3798 3804//3804 3799//3799 
f 3799//3799 3805//3805 3800//3800 
f 3805//3805 3806//3806 3800//3800 
f 3807//3807 3801//3801 3800//3800 
f 3806//3806 3807//3807 3800//3800 
f 3808//3808 3801//3801 3807//3807 
f 3808//3808 3802//3802 3801//3801 
f 3809//3809 3803//3803 3808//3808 
f 3803//3803 3802//3802 3808//3808 
f 3803//3803 3810//3810 3804//3804 
f 3803//3803 3809//3809 3810//3810 
f 3804//3804 3805//3805 3799//3799 
f 3804//3804 3810//3810 3805//3805 
f 3805//3805 3811//3811 3806//3806 
f 3811//3811 3812//3812 3806//3806 
f 3813//3813 3807//3807 3806//3806 
f 3812//3812 3813//3813 3806//3806 
f 3814//3814 3807//3807 3813//3813 
f 3814//3814 3808//3808 3807//3807 
f 3815//3815 3809//3809 3814//3814 
f 3809//3809 3808//3808 3814//3814 
f 3809//3809 3816//3816 3810//3810 
f 3809//3809 3815//3815 3816//3816 
f 3810//3810 3811//3811 3805//3805 
f 3810//3810 3816//3816 3811//3811 
f 3811//3811 3817//3817 3812//3812 
f 3817//3817 3818//3818 3812//3812 
f 3819//3819 3813//3813 3812//3812 
f 3818//3818 3819//3819 3812//3812 
f 3820//3820 3813//3813 3819//3819 
f 3820//3820 3814//3814 3813//3813 
f 3821//3821 3815//3815 3820//3820 
f 3815//3815 3814//3814 3820//3820 
f 3815//3815 3822//3822 3816//3816 
f 3815//3815 3821//3821 3822//3822 
f 3816//3816 3817//3817 3811//3811 
f 3816//3816 3822//3822 3817//3817 
f 3817//3817 3823//3823 3818//3818 
f 3823//3823 3824//3824 3818//3818 
f 3825//3825 3819//3819 3818//3818 
f 3824//3824 3825//3825 3818//3818 
f 3826//3826 3819//3819 3825//3825 
f 3826//3826 3820//3820 3819//3819 
f 3827//3827 3821//3821 3826//3826 
f 3821//3821 3820//3820 3826//3826 
f 3821//3821 3828//3828 3822//3822 
f 3821//3821 3827//3827 3828//3828 
f 3822//3822 3823//3823 3817//3817 
f 3822//3822 3828//3828 3823//3823 
f 3823//3823 3829//3829 3824//3824 
f 3829//3829 3830//3830 3824//3824 
f 3831//3831 3825//3825 3824//3824 
f 3830//3830 3831//3831 3824//3824 
f 3832//3832 3825//3825 3831//3831 
f 3832//3832 3826//3826 3825//3825 
f 3833//3833 3827//3827 3832//3832 
f 3827//3827 3826//3826 3832//3832 
f 3827//3827 3834//3834 3828//3828 
f 3827//3827 3833//3833 3834//3834 
f 3828//3828 3829//3829 3823//3823 
f 3828//3828 3834//3834 3829//3829 
f 3829//3829 3835//3835 3830//3830 
f 3835//3835 3836//3836 3830//3830 
f 3837//3837 3831//3831 3830//3830 
f 3836//3836 3837//3837 3830//3830 
f 3838//3838 3831//3831 3837//3837 
f 3838//3838 3832//3832 3831//3831 
f 3839//3839 3833//3833 3838//3838 
f 3833//3833 3832//3832 3838//3838 
f 3833//3833 3840//3840 3834//3834 
f 3833//3833 3839//3839 3840//3840 
f 3834//3834 3835//3835 3829//3829 
f 3834//3834 3840//3840 3835//3835 
f 3835//3835 3841//3841 3836//3836 
f 3841//3841 3842//3842 3836//3836 
f 3843//3843 3837//3837 3836//3836 
f 3842//3842 3843//3843 3836//3836 
f 3844//3844 3837//3837 3843//3843 
f 3844//3844 3838//3838 3837//3837 
f 3845//3845 3839//3839 3844//3844 
f 3839//3839 3838//3838 3844//3844 
f 3839//3839 3846//3846 3840//3840 
f 3839//3839 3845//3845 3846//3846 
f 3840//3840 3841//3841 3835//3835 
f 3840//3840 3846//3846 3841//3841 
f 3841//3841 3847//3847 3842//3842 
f 3847//3847 3848//3848 3842//3842 
f 3849//3849 3843//3843 3842//3842 
f 3848//3848 3849//3849 3842//3842 
f 3850//3850 3843//3843 3849//3849 
f 3850//3850 3844//3844 3843//3843 
f 3851//3851 3845//3845 3850//3850 
f 3845//3845 3844//3844 3850//3850 
f 3845//3845 3852//3852 3846//3846 
f 3845//3845 3851//3851 3852//3852 
f 3846//3846 3847//3847 3841//3841 
f 3846//3846 3852//3852 3847//3847 
f 3847//3847 3853//3853 3848//3848 
f 3853//3853 3854//3854 3848//3848 
f 3855//3855 3849//3849 3848//3848 
f 3854//3854 3855//3855 3848//3848 
f 3856//3856 3849//3849 3855//3855 
f 3856//3856 3850//3850 3849//3849 
f 3857//3857 3851//3851 3856//3856 
f 3851//3851 3850//3850 3856//3856 
f 3851//3851 3858//3858 3852//3852 
f 3851//3851 3857//3857 3858//3858 
f 3852//3852 3853//3853 3847//3847 
f 3852//3852 3858//3858 3853//3853 
f 3853//3853 3859//3859 3854//3854 
f 3859//3859 3860//3860 3854//3854 
f 3861//3861 3855//3855 3854//3854 
f 3860//3860 3861//3861 3854//3854 
f 3862//3862 3855//3855 3861//3861 
f 3862//3862 3856//3856 3855//3855 
f 3863//3863 3857//3857 3862//3862 
f 3857//3857 3856//3856 3862//3862 
f 3857//3857 3864//3864 3858//3858 
f 3857//3857 3863//3863 3864//3864 
f 3858//3858 3859//3859 3853//3853 
f 3858//3858 3864//3864 3859//3859 
f 3859//3859 3865//3865 3860//3860 
f 3865//3865 3866//3866 3860//3860 
f 3867//3867 3861//3861 3860//3860 
f 3866//3866 3867//3867 3860//3860 
f 3868//3868 3861//3861 3867//3867 
f 3868//3868 3862//3862 3861//3861 
f 3869//3869 3863//3863 3868//3868 
f 3863//3863 3862//3862 3868//3868 
f 3863//3863 3870//3870 3864//3864 
f 3863//3863 3869//3869 3870//3870 
f 3864//3864 3865//3865 3859//3859 
f 3864//3864 3870//3870 3865//3865 
f 3865//3865 3871//3871 3866//3866 
f 3871//3871 3872//3872 3866//3866 
f 3873//3873 3867//3867 3866//3866 
f 3872//3872 3873//3873 3866//3866 
f 3874//3874 3867//3867 3873//3873 
f 3874//3874 3868//3868 3867//3867 
f 3875//3875 3869//3869 3874//3874 
f 3869//3869 3868//3868 3874//3874 
f 3869//3869 3876//3876 3870//3870 
f 3869//3869 3875//3875 3876//3876 
f 3870//3870 3871//3871 3865//3865 
f 3870//3870 3876//3876 3871//3871 
f 3871//3871 3877//3877 3872//3872 
f 3877//3877 3878//3878 3872//3872 
f 3879//3879 3873//3873 3872//3872 
f 3878//3878 3879//3879 3872//3872 
f 3880//3880 3873//3873 3879//3879 
f 3880//3880 3874//3874 3873//3873 
f 3881//3881 3875//3875 3880//3880 
f 3875//3875 3874//3874 3880//3880 
f 3875//3875 3882//3882 3876//3876 
f 3875//3875 3881//3881 3882//3882 
f 3876//3876 3877//3877 3871//3871 
f 3876//3876 3882//3882 3877//3877 
f 3877//3877 3883//3883 3878//3878 
f 3883//3883 3884//3884 3878//3878 
f 3885//3885 3879//3879 3878//3878 
f 3884//3884 3885//3885 3878//3878 
f 3886//3886 3879//3879 3885//3885 
f 3886//3886 3880//3880 3879//3879 
f 3887//3887 3881//3881 3886//3886 
f 3881//3881 3880//3880 3886//3886 
f 3881//3881 3888//3888 3882//3882 
f 3881//3881 3887//3887 3888//3888 
f 3882//3882 3883//3883 3877//3877 
f 3882//3882 3888//3888 3883//3883 
f 3883//3883 3889//3889 3884//3884 
f 3889//3889 3890//3890 3884//3884 
f 3891//3891 3885//3885 3884//3884 
f 3890//3890 3891//3891 3884//3884 
f 3892//3892 3885//3885 3891//3891 
f 3892//3892 3886//3886 3885//3885 
f 3893//3893 3887//3887 3892//3892 
f 3887//3887 3886//3886 3892//3892 
f 3887//3887 3894//3894 3888//3888 
f 3887//3887 3893//3893 3894//3894 
f 3888//3888 3889//3889 3883//3883 
f 3888//3888 3894//3894 3889//3889 
f 3889//3889 3895//3895 3890//3890 
f 3895//3895 3896//3896 3890//3890 
f 3897//3897 3891//3891 3890//3890 
f 3896//3896 3897//3897 3890//3890 
f 3898//3898 3891//3891 3897//3897 
f 3898//3898 3892//3892 3891//3891 
f 3899//3899 3893//3893 3898//3898 
f 3893//3893 3892//3892 3898//3898 
f 3893//3893 3900//3900 3894//3894 
f 3893//3893 3899//3899 3900//3900 
f 3894//3894 3895//3895 3889//3889 
f 3894//3894 3900//3900 3895//3895 
f 3895//3895 3901//3901 3896//3896 
f 3901//3901 3902//3902 3896//3896 
f 3903//3903 3897//3897 3896//3896 
f 3902//3902 3903//3903 3896//3896 
f 3904//3904 3897//3897 3903//3903 
f 3904//3904 3898//3898 3897//3897 
f 3905//3905 3899//3899 3904//3904 
f 3899//3899 3898//3898 3904//3904 
f 3899//3899 3906//3906 3900//3900 
f 3899//3899 3905//3905 3906//3906 
f 3900//3900 3901//3901 3895//3895 
f 3900//3900 3906//3906 3901//3901 
f 3901//3901 3907//3907 3902//3902 
f 3907//3907 3908//3908 3902//3902 
f 3909//3909 3903//3903 3902//3902 
f 3908//3908 3909//3909 3902//3902 
f 3910//3910 3903//3903 3909//3909 
f 3910//3910 3904//3904 3903//3903 
f 3911//3911 3905//3905 3910//3910 
f 3905//3905 3904//3904 3910//3910 
f 3905//3905 3912//3912 3906//3906 
f 3905//3905 3911//3911 3912//3912 
f 3906//3906 3907//3907 3901//3901 
f 3906//3906 3912//3912 3907//3907 
f 3907//3907 3913//3913 3908//3908 
f 3913//3913 3914//3914 3908//3908 
f 3915//3915 3909//3909 3908//3908 
f 3914//3914 3915//3915 3908//3908 
f 3916//3916 3909//3909 3915//3915 
f 3916//3916 3910//3910 3909//3909 
f 3917//3917 3911//3911 3916//3916 
f 3911//3911 3910//3910 3916//3916 
f 3911//3911 3918//3918 3912//3912 
f 3911//3911 3917//3917 3918//3918 
f 3912//3912 3913//3913 3907//3907 
f 3912//3912 3918//3918 3913//3913 
f 3913//3913 3919//3919 3914//3914 
f 3919//3919 3920//3920 3914//3914 
f 3921//3921 3915//3915 3914//3914 
f 3920//3920 3921//3921 3914//3914 
f 3922//3922 3915//3915 3921//3921 
f 3922//3922 3916//3916 3915//3915 
f 3923//3923 3917//3917 3922//3922 
f 3917//3917 3916//3916 3922//3922 
f 3917//3917 3924//3924 3918//3918 
f 3917//3917 3923//3923 3924//3924 
f 3918//3918 3919//3919 3913//3913 
f 3918//3918 3924//3924 3919//3919 
f 3919//3919 3925//3925 3920//3920 
f 3925//3925 3926//3926 3920//3920 
f 3927//3927 3921//3921 3920//3920 
f 3926//3926 3927//3927 3920//3920 
f 3928//3928 3921//3921 3927//3927 
f 3928//3928 3922//3922 3921//3921 
f 3929//3929 3923//3923 3928//3928 
f 3923//3923 3922//3922 3928//3928 
f 3923//3923 3930//3930 3924//3924 
f 3923//3923 3929//3929 3930//3930 
f 3924//3924 3925//3925 3919//3919 
f 3924//3924 3930//3930 3925//3925 
f 3925//3925 3931//3931 3926//3926 
f 3931//3931 3932//3932 3926//3926 
f 3933//3933 3927//3927 3932//3932 
f 3932//3932 3927//3927 3926//3926 
f 3934//3934 3927//3927 3933//3933 
f 3934//3934 3928//3928 3927//3927 
f 3935//3935 3929//3929 3934//3934 
f 3929//3929 3928//3928 3934//3934 
f 3929//3929 3936//3936 3930//3930 
f 3929//3929 3935//3935 3936//3936 
f 3930//3930 3931//3931 3925//3925 
f 3930//3930 3936//3936 3931//3931 
f 3931//3931 3937//3937 3933//3933 
f 3934//3934 3933//3933 3937//3937 
f 3931//3931 3933//3933 3932//3932 
f 3931//3931 3939//3939 3938//3938 
f 3931//3931 3938//3938 3937//3937 
f 3940//3940 3934//3934 3938//3938 
f 3938//3938 3934//3934 3937//3937 
f 3941//3941 3935//3935 3940//3940 
f 3935//3935 3934//3934 3940//3940 
f 3935//3935 3942//3942 3936//3936 
f 3935//3935 3941//3941 3942//3942 
f 3936//3936 3939//3939 3931//3931 
f 3936//3936 3942//3942 3939//3939 
f 3939//3939 3944//3944 3943//3943 
f 3939//3939 3943//3943 3938//3938 
f 3945//3945 3940//3940 3943//3943 
f 3943//3943 3940//3940 3938//3938 
f 3946//3946 3941//3941 3945//3945 
f 3941//3941 3940//3940 3945//3945 
f 3941//3941 3947//3947 3942//3942 
f 3941//3941 3946//3946 3947//3947 
f 3942//3942 3944//3944 3939//3939 
f 3942//3942 3947//3947 3944//3944 
f 3944//3944 3949//3949 3948//3948 
f 3944//3944 3948//3948 3943//3943 
f 3950//3950 3945//3945 3948//3948 
f 3948//3948 3945//3945 3943//3943 
f 3951//3951 3946//3946 3950//3950 
f 3946//3946 3945//3945 3950//3950 
f 3946//3946 3952//3952 3947//3947 
f 3946//3946 3951//3951 3952//3952 
f 3947//3947 3949//3949 3944//3944 
f 3947//3947 3952//3952 3949//3949 
f 3949//3949 3954//3954 3953//3953 
f 3949//3949 3953//3953 3948//3948 
f 3955//3955 3950//3950 3953//3953 
f 3953//3953 3950//3950 3948//3948 
f 3956//3956 3951//3951 3955//3955 
f 3951//3951 3950//3950 3955//3955 
f 3951//3951 3957//3957 3952//3952 
f 3951//3951 3956//3956 3957//3957 
f 3952//3952 3954//3954 3949//3949 
f 3952//3952 3957//3957 3954//3954 
f 3954//3954 3959//3959 3958//3958 
f 3954//3954 3958//3958 3953//3953 
f 3960//3960 3955//3955 3958//3958 
f 3958//3958 3955//3955 3953//3953 
f 3961//3961 3956//3956 3960//3960 
f 3956//3956 3955//3955 3960//3960 
f 3956//3956 3962//3962 3957//3957 
f 3956//3956 3961//3961 3962//3962 
f 3957//3957 3959//3959 3954//3954 
f 3957//3957 3962//3962 3959//3959 
f 3959//3959 3964//3964 3963//3963 
f 3959//3959 3963//3963 3958//3958 
f 3965//3965 3960//3960 3963//3963 
f 3963//3963 3960//3960 3958//3958 
f 3966//3966 3961//3961 3965//3965 
f 3961//3961 3960//3960 3965//3965 
f 3961//3961 3967//3967 3962//3962 
f 3961//3961 3966//3966 3967//3967 
f 3962//3962 3964//3964 3959//3959 
f 3962//3962 3967//3967 3964//3964 
f 3964//3964 3969//3969 3968//3968 
f 3964//3964 3968//3968 3963//3963 
f 3970//3970 3965//3965 3968//3968 
f 3968//3968 3965//3965 3963//3963 
f 3971//3971 3966//3966 3970//3970 
f 3966//3966 3965//3965 3970//3970 
f 3966//3966 3972//3972 3967//3967 
f 3966//3966 3971//3971 3972//3972 
f 3967//3967 3969//3969 3964//3964 
f 3967//3967 3972//3972 3969//3969 
f 3969//3969 3974//3974 3973//3973 
f 3969//3969 3973//3973 3968//3968 
f 3975//3975 3970//3970 3973//3973 
f 3973//3973 3970//3970 3968//3968 
f 3976//3976 3971//3971 3975//3975 
f 3971//3971 3970//3970 3975//3975 
f 3971//3971 3977//3977 3972//3972 
f 3971//3971 3976//3976 3977//3977 
f 3972//3972 3974//3974 3969//3969 
f 3972//3972 3977//3977 3974//3974 
f 3974//3974 3979//3979 3978//3978 
f 3974//3974 3978//3978 3973//3973 
f 3980//3980 3975//3975 3978//3978 
f 3978//3978 3975//3975 3973//3973 
f 3981//3981 3976//3976 3980//3980 
f 3976//3976 3975//3975 3980//3980 
f 3976//3976 3982//3982 3977//3977 
f 3976//3976 3981//3981 3982//3982 
f 3977//3977 3979//3979 3974//3974 
f 3977//3977 3982//3982 3979//3979 
f 3979//3979 3984//3984 3983//3983 
f 3979//3979 3983//3983 3978//3978 
f 3985//3985 3980//3980 3983//3983 
f 3983//3983 3980//3980 3978//3978 
f 3986//3986 3981//3981 3985//3985 
f 3981//3981 3980//3980 3985//3985 
f 3981//3981 3987//3987 3982//3982 
f 3981//3981 3986//3986 3987//3987 
f 3982//3982 3984//3984 3979//3979 
f 3982//3982 3987//3987 3984//3984 
f 3984//3984 3989//3989 3988//3988 
f 3984//3984 3988//3988 3983//3983 
f 3990//3990 3985//3985 3988//3988 
f 3988//3988 3985//3985 3983//3983 
f 3991//3991 3986//3986 3990//3990 
f 3986//3986 3985//3985 3990//3990 
f 3986//3986 3992//3992 3987//3987 
f 3986//3986 3991//3991 3992//3992 
f 3987//3987 3989//3989 3984//3984 
f 3987//3987 3992//3992 3989//3989 
f 3989//3989 3994//3994 3993//3993 
f 3989//3989 3993//3993 3988//3988 
f 3995//3995 3990//3990 3993//3993 
f 3993//3993 3990//3990 3988//3988 
f 3996//3996 3991//3991 3995//3995 
f 3991//3991 3990//3990 3995//3995 
f 3991//3991 3997//3997 3992//3992 
f 3991//3991 3996//3996 3997//3997 
f 3992//3992 3994//3994 3989//3989 
f 3992//3992 3997//3997 3994//3994 
f 3994//3994 3999//3999 3998//3998 
f 3994//3994 3998//3998 3993//3993 
f 4000//4000 3995//3995 3998//3998 
f 3998//3998 3995//3995 3993//3993 
f 4001//4001 3996//3996 4000//4000 
f 3996//3996 3995//3995 4000//4000 
f 3996//3996 4002//4002 3997//3997 
f 3996//3996 4001//4001 4002//4002 
f 3997//3997 3999//3999 3994//3994 
f 3997//3997 4002//4002 3999//3999 
f 3999//3999 4004//4004 4003//4003 
f 3999//3999 4003//4003 3998//3998 
f 4005//4005 4000//4000 4003//4003 
f 4003//4003 4000//4000 3998//3998 
f 4006//4006 4001//4001 4005//4005 
f 4001//4001 4000//4000 4005//4005 
f 4001//4001 4007//4007 4002//4002 
f 4001//4001 4006//4006 4007//4007 
f 4002//4002 4004//4004 3999//3999 
f 4002//4002 4007//4007 4004//4004 
f 4004//4004 4009//4009 4008//4008 
f 4004//4004 4008//4008 4003//4003 
f 4010//4010 4005//4005 4008//4008 
f 4008//4008 4005//4005 4003//4003 
f 4011//4011 4006//4006 4010//4010 
f 4006//4006 4005//4005 4010//4010 
f 4006//4006 4012//4012 4007//4007 
f 4006//4006 4011//4011 4012//4012 
f 4007//4007 4009//4009 4004//4004 
f 4007//4007 4012//4012 4009//4009 
f 4009//4009 4014//4014 4013//4013 
f 4009//4009 4013//4013 4008//4008 
f 4015//4015 4010//4010 4013//4013 
f 4013//4013 4010//4010 4008//4008 
f 4016//4016 4011//4011 4015//4015 
f 4011//4011 4010//4010 4015//4015 
f 4011//4011 4017//4017 4012//4012 
f 4011//4011 4016//4016 4017//4017 
f 4012//4012 4014//4014 4009//4009 
f 4012//4012 4017//4017 4014//4014 
f 4014//4014 4019//4019 4018//4018 
f 4014//4014 4018//4018 4013//4013 
f 4020//4020 4015//4015 4018//4018 
f 4018//4018 4015//4015 4013//4013 
f 4021//4021 4016//4016 4020//4020 
f 4016//4016 4015//4015 4020//4020 
f 4016//4016 4022//4022 4017//4017 
f 4016//4016 4021//4021 4022//4022 
f 4017//4017 4019//4019 4014//4014 
f 4017//4017 4022//4022 4019//4019 
f 4019//4019 4024//4024 4023//4023 
f 4019//4019 4023//4023 4018//4018 
f 4025//4025 4020//4020 4023//4023 
f 4023//4023 4020//4020 4018//4018 
f 4026//4026 4021//4021 4025//4025 
f 4021//4021 4020//4020 4025//4025 
f 4021//4021 4027//4027 4022//4022 
f 4021//4021 4026//4026 4027//4027 
f 4022//4022 4024//4024 4019//4019 
f 4022//4022 4027//4027 4024//4024 
f 4024//4024 4029//4029 4028//4028 
f 4024//4024 4028//4028 4023//4023 
f 4030//4030 4025//4025 4028//4028 
f 4028//4028 4025//4025 4023//4023 
f 4031//4031 4026//4026 4030//4030 
f 4026//4026 4025//4025 4030//4030 
f 4026//4026 4032//4032 4027//4027 
f 4026//4026 4031//4031 4032//4032 
f 4027//4027 4029//4029 4024//4024 
f 4027//4027 4032//4032 4029//4029 
f 4029//4029 4034//4034 4033//4033 
f 4029//4029 4033//4033 4028//4028 
f 4035//4035 4030//4030 4033//4033 
f 4033//4033 4030//4030 4028//4028 
f 4036//4036 4031//4031 4035//4035 
f 4031//4031 4030//4030 4035//4035 
f 4031//4031 4037//4037 4032//4032 
f 4031//4031 4036//4036 4037//4037 
f 4032//4032 4034//4034 4029//4029 
f 4032//4032 4037//4037 4034//4034 
f 4034//4034 4039//4039 4038//4038 
f 4034//4034 4038//4038 4033//4033 
f 4040//4040 4035//4035 4038//4038 
f 4038//4038 4035//4035 4033//4033 
f 4041//4041 4036//4036 4040//4040 
f 4036//4036 4035//4035 4040//4040 
f 4036//4036 4042//4042 4037//4037 
f 4036//4036 4041//4041 4042//4042 
f 4037//4037 4039//4039 4034//4034 
f 4037//4037 4042//4042 4039//4039 
f 4039//4039 4044//4044 4043//4043 
f 4039//4039 4043//4043 4038//4038 
f 4045//4045 4040//4040 4043//4043 
f 4043//4043 4040//4040 4038//4038 
f 4046//4046 4041//4041 4045//4045 
f 4041//4041 4040//4040 4045//4045 
f 4041//4041 4047//4047 4042//4042 
f 4041//4041 4046//4046 4047//4047 
f 4042//4042 4044//4044 4039//4039 
f 4042//4042 4047//4047 4044//4044 
f 4044//4044 4049//4049 4048//4048 
f 4044//4044 4048//4048 4043//4043 
f 4050//4050 4045//4045 4048//4048 
f 4048//4048 4045//4045 4043//4043 
f 4051//4051 4046//4046 4050//4050 
f 4046//4046 4045//4045 4050//4050 
f 4046//4046 4052//4052 4047//4047 
f 4046//4046 4051//4051 4052//4052 
f 4047//4047 4049//4049 4044//4044 
f 4047//4047 4052//4052 4049//4049 
f 4049//4049 4054//4054 4053//4053 
f 4049//4049 4053//4053 4048//4048 
f 4055//4055 4050//4050 4053//4053 
f 4053//4053 4050//4050 4048//4048 
f 4056//4056 4051//4051 4055//4055 
f 4051//4051 4050//4050 4055//4055 
f 4051//4051 4057//4057 4052//4052 
f 4051//4051 4056//4056 4057//4057 
f 4052//4052 4054//4054 4049//4049 
f 4052//4052 4057//4057 4054//4054 
f 4054//4054 4059//4059 4058//4058 
f 4054//4054 4058//4058 4053//4053 
f 4060//4060 4055//4055 4058//4058 
f 4058//4058 4055//4055 4053//4053 
f 4061//4061 4056//4056 4060//4060 
f 4056//4056 4055//4055 4060//4060 
f 4056//4056 4062//4062 4057//4057 
f 4056//4056 4061//4061 4062//4062 
f 4057//4057 4059//4059 4054//4054 
f 4057//4057 4062//4062 4059//4059 
f 4059//4059 4064//4064 4063//4063 
f 4059//4059 4063//4063 4058//4058 
f 4065//4065 4060//4060 4063//4063 
f 4063//4063 4060//4060 4058//4058 
f 4066//4066 4061//4061 4065//4065 
f 4061//4061 4060//4060 4065//4065 
f 4061//4061 4067//4067 4062//4062 
f 4061//4061 4066//4066 4067//4067 
f 4062//4062 4064//4064 4059//4059 
f 4062//4062 4067//4067 4064//4064 
f 4064//4064 4069//4069 4068//4068 
f 4064//4064 4068//4068 4063//4063 
f 4070//4070 4065//4065 4068//4068 
f 4068//4068 4065//4065 4063//4063 
f 4071//4071 4066//4066 4070//4070 
f 4066//4066 4065//4065 4070//4070 
f 4066//4066 4072//4072 4067//4067 
f 4066//4066 4071//4071 4072//4072 
f 4067//4067 4069//4069 4064//4064 
f 4067//4067 4072//4072 4069//4069 
f 4069//4069 4074//4074 4073//4073 
f 4069//4069 4073//4073 4068//4068 
f 4075//4075 4070//4070 4073//4073 
f 4073//4073 4070//4070 4068//4068 
f 4076//4076 4071//4071 4075//4075 
f 4071//4071 4070//4070 4075//4075 
f 4071//4071 4077//4077 4072//4072 
f 4071//4071 4076//4076 4077//4077 
f 4072//4072 4074//4074 4069//4069 
f 4072//4072 4077//4077 4074//4074 
f 4074//4074 4079//4079 4078//4078 
f 4074//4074 4078//4078 4073//4073 
f 4080//4080 4075//4075 4078//4078 
f 4078//4078 4075//4075 4073//4073 
f 4081//4081 4076//4076 4080//4080 
f 4076//4076 4075//4075 4080//4080 
f 4076//4076 4082//4082 4077//4077 
f 4076//4076 4081//4081 4082//4082 
f 4077//4077 4079//4079 4074//4074 
f 4077//4077 4082//4082 4079//4079 
f 4079//4079 4084//4084 4083//4083 
f 4079//4079 4083//4083 4078//4078 
f 4085//4085 4080//4080 4083//4083 
f 4083//4083 4080//4080 4078//4078 
f 4086//4086 4081//4081 4085//4085 
f 4081//4081 4080//4080 4085//4085 
f 4081//4081 4087//4087 4082//4082 
f 4081//4081 4086//4086 4087//4087 
f 4082//4082 4084//4084 4079//4079 
f 4082//4082 4087//4087 4084//4084 
f 4084//4084 4089//4089 4088//4088 
f 4084//4084 4088//4088 4083//4083 
f 4090//4090 4085//4085 4088//4088 
f 4088//4088 4085//4085 4083//4083 
f 4091//4091 4086//4086 4090//4090 
f 4086//4086 4085//4085 4090//4090 
f 4086//4086 4092//4092 4087//4087 
f 4086//4086 4091//4091 4092//4092 
f 4087//4087 4089//4089 4084//4084 
f 4087//4087 4092//4092 4089//4089 
f 4089//4089 4094//4094 4093//4093 
f 4089//4089 4093//4093 4088//4088 
f 4095//4095 4090//4090 4093//4093 
f 4093//4093 4090//4090 4088//4088 
f 4096//4096 4091//4091 4095//4095 
f 4091//4091 4090//4090 4095//4095 
f 4091//4091 4097//4097 4092//4092 
f 4091//4091 4096//4096 4097//4097 
f 4092//4092 4094//4094 4089//4089 
f 4092//4092 4097//4097 4094//4094 
f 4094//4094 4099//4099 4098//4098 
f 4094//4094 4098//4098 4093//4093 
f 4100//4100 4095//4095 4098//4098 
f 4098//4098 4095//4095 4093//4093 
f 4101//4101 4096//4096 4100//4100 
f 4096//4096 4095//4095 4100//4100 
f 4096//4096 4102//4102 4097//4097 
f 4096//4096 4101//4101 4102//4102 
f 4097//4097 4099//4099 4094//4094 
f 4097//4097 4102//4102 4099//4099 
f 4099//4099 4104//4104 4103//4103 
f 4099//4099 4103//4103 4098//4098 
f 4105//4105 4100//4100 4103//4103 
f 4103//4103 4100//4100 4098//4098 
f 4106//4106 4101//4101 4105//4105 
f 4101//4101 4100//4100 4105//4105 
f 4101//4101 4107//4107 4102//4102 
f 4101//4101 4106//4106 4107//4107 
f 4102//4102 4104//4104 4099//4099 
f 4102//4102 4107//4107 4104//4104 
f 4104//4104 4109//4109 4108//4108 
f 4104//4104 4108//4108 4103//4103 
f 4110//4110 4105//4105 4108//4108 
f 4108//4108 4105//4105 4103//4103 
f 4111//4111 4106//4106 4110//4110 
f 4106//4106 4105//4105 4110//4110 
f 4106//4106 4112//4112 4107//4107 
f 4106//4106 4111//4111 4112//4112 
f 4107//4107 4109//4109 4104//4104 
f 4107//4107 4112//4112 4109//4109 
f 4109//4109 4114//4114 4113//4113 
f 4109//4109 4113//4113 4108//4108 
f 4115//4115 4110//4110 4113//4113 
f 4113//4113 4110//4110 4108//4108 
f 4116//4116 4111//4111 4115//4115 
f 4111//4111 4110//4110 4115//4115 
f 4111//4111 4117//4117 4112//4112 
f 4111//4111 4116//4116 4117//4117 
f 4112//4112 4114//4114 4109//4109 
f 4112//4112 4117//4117 4114//4114 
f 4114//4114 4119//4119 4118//4118 
f 4114//4114 4118//4118 4113//4113 
f 4120//4120 4115//4115 4118//4118 
f 4118//4118 4115//4115 4113//4113 
f 4121//4121 4116//4116 4120//4120 
f 4116//4116 4115//4115 4120//4120 
f 4116//4116 4122//4122 4117//4117 
f 4116//4116 4121//4121 4122//4122 
f 4117//4117 4119//4119 4114//4114 
f 4117//4117 4122//4122 4119//4119 
f 4119//4119 4124//4124 4123//4123 
f 4119//4119 4123//4123 4118//4118 
f 4125//4125 4120//4120 4123//4123 
f 4123//4123 4120//4120 4118//4118 
f 4126//4126 4121//4121 4125//4125 
f 4121//4121 4120//4120 4125//4125 
f 4121//4121 4127//4127 4122//4122 
f 4121//4121 4126//4126 4127//4127 
f 4122//4122 4124//4124 4119//4119 
f 4122//4122 4127//4127 4124//4124 
f 4124//4124 4129//4129 4128//4128 
f 4124//4124 4128//4128 4123//4123 
f 4130//4130 4125//4125 4128//4128 
f 4128//4128 4125//4125 4123//4123 
f 4131//4131 4126//4126 4130//4130 
f 4126//4126 4125//4125 4130//4130 
f 4126//4126 4132//4132 4127//4127 
f 4126//4126 4131//4131 4132//4132 
f 4127//4127 4129//4129 4124//4124 
f 4127//4127 4132//4132 4129//4129 
f 4129//4129 4134//4134 4133//4133 
f 4129//4129 4133//4133 4128//4128 
f 4135//4135 4130//4130 4133//4133 
f 4133//4133 4130//4130 4128//4128 
f 4136//4136 4131//4131 4135//4135 
f 4131//4131 4130//4130 4135//4135 
f 4131//4131 4137//4137 4132//4132 
f 4131//4131 4136//4136 4137//4137 
f 4132//4132 4134//4134 4129//4129 
f 4132//4132 4137//4137 4134//4134 
f 4134//4134 4139//4139 4138//4138 
f 4134//4134 4138//4138 4133//4133 
f 4140//4140 4135//4135 4138//4138 
f 4138//4138 4135//4135 4133//4133 
f 4141//4141 4136//4136 4140//4140 
f 4136//4136 4135//4135 4140//4140 
f 4136//4136 4142//4142 4137//4137 
f 4136//4136 4141//4141 4142//4142 
f 4137//4137 4139//4139 4134//4134 
f 4137//4137 4142//4142 4139//4139 
f 4139//4139 4144//4144 4143//4143 
f 4139//4139 4143//4143 4138//4138 
f 4145//4145 4140//4140 4143//4143 
f 4143//4143 4140//4140 4138//4138 
f 4146//4146 4141//4141 4145//4145 
f 4141//4141 4140//4140 4145//4145 
f 4141//4141 4147//4147 4142//4142 
f 4141//4141 4146//4146 4147//4147 
f 4142//4142 4144//4144 4139//4139 
f 4142//4142 4147//4147 4144//4144 
f 4144//4144 4149//4149 4148//4148 
f 4144//4144 4148//4148 4143//4143 
f 4150//4150 4145//4145 4148//4148 
f 4148//4148 4145//4145 4143//4143 
f 4151//4151 4146//4146 4150//4150 
f 4146//4146 4145//4145 4150//4150 
f 4146//4146 4152//4152 4147//4147 
f 4146//4146 4151//4151 4152//4152 
f 4147//4147 4149//4149 4144//4144 
f 4147//4147 4152//4152 4149//4149 
f 4149//4149 4154//4154 4153//4153 
f 4149//4149 4153//4153 4148//4148 
f 4155//4155 4150//4150 4153//4153 
f 4153//4153 4150//4150 4148//4148 
f 4156//4156 4151//4151 4155//4155 
f 4151//4151 4150//4150 4155//4155 
f 4151//4151 4157//4157 4152//4152 
f 4151//4151 4156//4156 4157//4157 
f 4152//4152 4154//4154 4149//4149 
f 4152//4152 4157//4157 4154//4154 
f 4154//4154 4159//4159 4158//4158 
f 4154//4154 4158//4158 4153//4153 
f 4160//4160 4155//4155 4158//4158 
f 4158//4158 4155//4155 4153//4153 
f 4161//4161 4156//4156 4160//4160 
f 4156//4156 4155//4155 4160//4160 
f 4156//4156 4162//4162 4157//4157 
f 4156//4156 4161//4161 4162//4162 
f 4157//4157 4159//4159 4154//4154 
f 4157//4157 4162//4162 4159//4159 
f 4159//4159 4164//4164 4163//4163 
f 4159//4159 4163//4163 4158//4158 
f 4165//4165 4160//4160 4163//4163 
f 4163//4163 4160//4160 4158//4158 
f 4166//4166 4161//4161 4165//4165 
f 4161//4161 4160//4160 4165//4165 
f 4161//4161 4167//4167 4162//4162 
f 4161//4161 4166//4166 4167//4167 
f 4162//4162 4164//4164 4159//4159 
f 4162//4162 4167//4167 4164//4164 
f 4164//4164 4169//4169 4168//4168 
f 4164//4164 4168//4168 4163//4163 
f 4170//4170 4165//4165 4168//4168 
f 4168//4168 4165//4165 4163//4163 
f 4171//4171 4166//4166 4170//4170 
f 4166//4166 4165//4165 4170//4170 
f 4166//4166 4172//4172 4167//4167 
f 4166//4166 4171//4171 4172//4172 
f 4167//4167 4169//4169 4164//4164 
f 4167//4167 4172//4172 4169//4169 
f 4169//4169 4174//4174 4173//4173 
f 4169//4169 4173//4173 4168//4168 
f 4175//4175 4170//4170 4173//4173 
f 4173//4173 4170//4170 4168//4168 
f 4176//4176 4171//4171 4175//4175 
f 4171//4171 4170//4170 4175//4175 
f 4171//4171 4177//4177 4172//4172 
f 4171//4171 4176//4176 4177//4177 
f 4172//4172 4174//4174 4169//4169 
f 4172//4172 4177//4177 4174//4174 
f 4174//4174 4179//4179 4178//4178 
f 4174//4174 4178//4178 4173//4173 
f 4180//4180 4175//4175 4178//4178 
f 4178//4178 4175//4175 4173//4173 
f 4181//4181 4176//4176 4180//4180 
f 4176//4176 4175//4175 4180//4180 
f 4176//4176 4182//4182 4177//4177 
f 4176//4176 4181//4181 4182//4182 
f 4177//4177 4179//4179 4174//4174 
f 4177//4177 4182//4182 4179//4179 
f 4179//4179 4184//4184 4183//4183 
f 4179//4179 4183//4183 4178//4178 
f 4185//4185 4180//4180 4183//4183 
f 4183//4183 4180//4180 4178//4178 
f 4186//4186 4181//4181 4185//4185 
f 4181//4181 4180//4180 4185//4185 
f 4181//4181 4187//4187 4182//4182 
f 4181//4181 4186//4186 4187//4187 
f 4182//4182 4184//4184 4179//4179 
f 4182//4182 4187//4187 4184//4184 
f 4184//4184 4189//4189 4188//4188 
f 4184//4184 4188//4188 4183//4183 
f 4190//4190 4185//4185 4188//4188 
f 4188//4188 4185//4185 4183//4183 
f 4191//4191 4186//4186 4190//4190 
f 4186//4186 4185//4185 4190//4190 
f 4186//4186 4192//4192 4187//4187 
f 4186//4186 4191//4191 4192//4192 
f 4187//4187 4189//4189 4184//4184 
f 4187//4187 4192//4192 4189//4189 
f 4189//4189 4194//4194 4193//4193 
f 4189//4189 4193//4193 4188//4188 
f 4195//4195 4190//4190 4193//4193 
f 4193//4193 4190//4190 4188//4188 
f 4196//4196 4191//4191 4195//4195 
f 4191//4191 4190//4190 4195//4195 
f 4191//4191 4197//4197 4192//4192 
f 4191//4191 4196//4196 4197//4197 
f 4192//4192 4194//4194 4189//4189 
f 4192//4192 4197//4197 4194//4194 
f 4194//4194 4199//4199 4198//4198 
f 4194//4194 4198//4198 4193//4193 
f 4200//4200 4195//4195 4198//4198 
f 4198//4198 4195//4195 4193//4193 
f 4201//4201 4196//4196 4200//4200 
f 4196//4196 4195//4195 4200//4200 
f 4196//4196 4202//4202 4197//4197 
f 4196//4196 4201//4201 4202//4202 
f 4197//4197 4199//4199 4194//4194 
f 4197//4197 4202//4202 4199//4199 
f 4199//4199 4204//4204 4203//4203 
f 4199//4199 4203//4203 4198//4198 
f 4205//4205 4200//4200 4203//4203 
f 4203//4203 4200//4200 4198//4198 
f 4206//4206 4201//4201 4205//4205 
f 4201//4201 4200//4200 4205//4205 
f 4201//4201 4207//4207 4202//4202 
f 4201//4201 4206//4206 4207//4207 
f 4202//4202 4204//4204 4199//4199 
f 4202//4202 4207//4207 4204//4204 
f 4204//4204 4209//4209 4208//4208 
f 4204//4204 4208//4208 4203//4203 
f 4210//4210 4205//4205 4208//4208 
f 4208//4208 4205//4205 4203//4203 
f 4211//4211 4206//4206 4210//4210 
f 4206//4206 4205//4205 4210//4210 
f 4206//4206 4212//4212 4207//4207 
f 4206//4206 4211//4211 4212//4212 
f 4207//4207 4209//4209 4204//4204 
f 4207//4207 4212//4212 4209//4209 
f 4209//4209 4214//4214 4213//4213 
f 4209//4209 4213//4213 4208//4208 
f 4215//4215 4210//4210 4213//4213 
f 4213//4213 4210//4210 4208//4208 
f 4216//4216 4211//4211 4215//4215 
f 4211//4211 4210//4210 4215//4215 
f 4211//4211 4217//4217 4212//4212 
f 4211//4211 4216//4216 4217//4217 
f 4212//4212 4214//4214 4209//4209 
f 4212//4212 4217//4217 4214//4214 
f 4214//4214 4219//4219 4218//4218 
f 4214//4214 4218//4218 4213//4213 
f 4220//4220 4215//4215 4218//4218 
f 4218//4218 4215//4215 4213//4213 
f 4221//4221 4216//4216 4220//4220 
f 4216//4216 4215//4215 4220//4220 
f 4216//4216 4222//4222 4217//4217 
f 4216//4216 4221//4221 4222//4222 
f 4217//4217 4219//4219 4214//4214 
f 4217//4217 4222//4222 4219//4219 
f 4219//4219 4224//4224 4223//4223 
f 4219//4219 4223//4223 4218//4218 
f 4225//4225 4220//4220 4223//4223 
f 4223//4223 4220//4220 4218//4218 
f 4226//4226 4221//4221 4225//4225 
f 4221//4221 4220//4220 4225//4225 
f 4221//4221 4227//4227 4222//4222 
f 4221//4221 4226//4226 4227//4227 
f 4222//4222 4224//4224 4219//4219 
f 4222//4222 4227//4227 4224//4224 
f 4224//4224 4229//4229 4228//4228 
f 4224//4224 4228//4228 4223//4223 
f 4230//4230 4225//4225 4228//4228 
f 4228//4228 4225//4225 4223//4223 
f 4231//4231 4226//4226 4230//4230 
f 4226//4226 4225//4225 4230//4230 
f 4226//4226 4232//4232 4227//4227 
f 4226//4226 4231//4231 4232//4232 
f 4227//4227 4229//4229 4224//4224 
f 4227//4227 4232//4232 4229//4229 
f 4229//4229 4234//4234 4233//4233 
f 4229//4229 4233//4233 4228//4228 
f 4235//4235 4230//4230 4233//4233 
f 4233//4233 4230//4230 4228//4228 
f 4236//4236 4231//4231 4235//4235 
f 4231//4231 4230//4230 4235//4235 
f 4231//4231 4237//4237 4232//4232 
f 4231//4231 4236//4236 4237//4237 
f 4232//4232 4234//4234 4229//4229 
f 4232//4232 4237//4237 4234//4234 
f 4234//4234 4239//4239 4238//4238 
f 4234//4234 4238//4238 4233//4233 
f 4240//4240 4235//4235 4238//4238 
f 4238//4238 4235//4235 4233//4233 
f 4241//4241 4236//4236 4240//4240 
f 4236//4236 4235//4235 4240//4240 
f 4236//4236 4242//4242 4237//4237 
f 4236//4236 4241//4241 4242//4242 
f 4237//4237 4239//4239 4234//4234 
f 4237//4237 4242//4242 4239//4239 
f 4239//4239 4244//4244 4243//4243 
f 4239//4239 4243//4243 4238//4238 
f 4245//4245 4240//4240 4243//4243 
f 4243//4243 4240//4240 4238//4238 
f 4246//4246 4241//4241 4245//4245 
f 4241//4241 4240//4240 4245//4245 
f 4241//4241 4247//4247 4242//4242 
f 4241//4241 4246//4246 4247//4247 
f 4242//4242 4244//4244 4239//4239 
f 4242//4242 4247//4247 4244//4244 
f 4244//4244 4249//4249 4248//4248 
f 4244//4244 4248//4248 4243//4243 
f 4250//4250 4245//4245 4248//4248 
f 4248//4248 4245//4245 4243//4243 
f 4251//4251 4246//4246 4250//4250 
f 4246//4246 4245//4245 4250//4250 
f 4246//4246 4252//4252 4247//4247 
f 4246//4246 4251//4251 4252//4252 
f 4247//4247 4249//4249 4244//4244 
f 4247//4247 4252//4252 4249//4249 
f 4249//4249 4254//4254 4253//4253 
f 4249//4249 4253//4253 4248//4248 
f 4255//4255 4250//4250 4253//4253 
f 4253//4253 4250//4250 4248//4248 
f 4256//4256 4251//4251 4255//4255 
f 4251//4251 4250//4250 4255//4255 
f 4251//4251 4257//4257 4252//4252 
f 4251//4251 4256//4256 4257//4257 
f 4252//4252 4254//4254 4249//4249 
f 4252//4252 4257//4257 4254//4254 
f 4254//4254 4259//4259 4258//4258 
f 4254//4254 4258//4258 4253//4253 
f 4260//4260 4255//4255 4258//4258 
f 4258//4258 4255//4255 4253//4253 
f 4261//4261 4256//4256 4260//4260 
f 4256//4256 4255//4255 4260//4260 
f 4256//4256 4262//4262 4257//4257 
f 4256//4256 4261//4261 4262//4262 
f 4257//4257 4259//4259 4254//4254 
f 4257//4257 4262//4262 4259//4259 
f 4259//4259 4264//4264 4263//4263 
f 4259//4259 4263//4263 4258//4258 
f 4265//4265 4260//4260 4263//4263 
f 4263//4263 4260//4260 4258//4258 
f 4266//4266 4261//4261 4265//4265 
f 4261//4261 4260//4260 4265//4265 
f 4261//4261 4267//4267 4262//4262 
f 4261//4261 4266//4266 4267//4267 
f 4262//4262 4264//4264 4259//4259 
f 4262//4262 4267//4267 4264//4264 
f 4264//4264 4269//4269 4268//4268 
f 4264//4264 4268//4268 4263//4263 
f 4270//4270 4265//4265 4268//4268 
f 4268//4268 4265//4265 4263//4263 
f 4271//4271 4266//4266 4270//4270 
f 4266//4266 4265//4265 4270//4270 
f 4266//4266 4272//4272 4267//4267 
f 4266//4266 4271//4271 4272//4272 
f 4267//4267 4269//4269 4264//4264 
f 4267//4267 4272//4272 4269//4269 
f 4269//4269 4274//4274 4273//4273 
f 4269//4269 4273//4273 4268//4268 
f 4275//4275 4270//4270 4273//4273 
f 4273//4273 4270//4270 4268//4268 
f 4276//4276 4271//4271 4275//4275 
f 4271//4271 4270//4270 4275//4275 
f 4271//4271 4277//4277 4272//4272 
f 4271//4271 4276//4276 4277//4277 
f 4272//4272 4274//4274 4269//4269 
f 4272//4272 4277//4277 4274//4274 
f 4274//4274 4279//4279 4278//4278 
f 4274//4274 4278//4278 4273//4273 
f 4280//4280 4275//4275 4278//4278 
f 4278//4278 4275//4275 4273//4273 
f 4281//4281 4276//4276 4280//4280 
f 4276//4276 4275//4275 4280//4280 
f 4276//4276 4282//4282 4277//4277 
f 4276//4276 4281//4281 4282//4282 
f 4277//4277 4279//4279 4274//4274 
f 4277//4277 4282//4282 4279//4279 
f 4279//4279 4284//4284 4283//4283 
f 4279//4279 4283//4283 4278//4278 
f 4285//4285 4280//4280 4283//4283 
f 4283//4283 4280//4280 4278//4278 
f 4286//4286 4281//4281 4285//4285 
f 4281//4281 4280//4280 4285//4285 
f 4281//4281 4287//4287 4282//4282 
f 4281//4281 4286//4286 4287//4287 
f 4282//4282 4284//4284 4279//4279 
f 4282//4282 4287//4287 4284//4284 
f 4284//4284 4289//4289 4288//4288 
f 4284//4284 4288//4288 4283//4283 
f 4290//4290 4285//4285 4288//4288 
f 4288//4288 4285//4285 4283//4283 
f 4291//4291 4286//4286 4290//4290 
f 4286//4286 4285//4285 4290//4290 
f 4286//4286 4292//4292 4287//4287 
f 4286//4286 4291//4291 4292//4292 
f 4287//4287 4289//4289 4284//4284 
f 4287//4287 4292//4292 4289//4289 
f 4289//4289 4294//4294 4293//4293 
f 4289//4289 4293//4293 4288//4288 
f 4295//4295 4290//4290 4293//4293 
f 4293//4293 4290//4290 4288//4288 
f 4296//4296 4291//4291 4295//4295 
f 4291//4291 4290//4290 4295//4295 
f 4291//4291 4297//4297 4292//4292 
f 4291//4291 4296//4296 4297//4297 
f 4292//4292 4294//4294 4289//4289 
f 4292//4292 4297//4297 4294//4294 
f 4294//4294 4299//4299 4298//4298 
f 4294//4294 4298//4298 4293//4293 
f 4300//4300 4295//4295 4298//4298 
f 4298//4298 4295//4295 4293//4293 
f 4301//4301 4296//4296 4300//4300 
f 4296//4296 4295//4295 4300//4300 
f 4296//4296 4302//4302 4297//4297 
f 4296//4296 4301//4301 4302//4302 
f 4297//4297 4299//4299 4294//4294 
f 4297//4297 4302//4302 4299//4299 
f 4299//4299 4304//4304 4303//4303 
f 4299//4299 4303//4303 4298//4298 
f 4305//4305 4300//4300 4303//4303 
f 4303//4303 4300//4300 4298//4298 
f 4306//4306 4301//4301 4305//4305 
f 4301//4301 4300//4300 4305//4305 
f 4301//4301 4307//4307 4302//4302 
f 4301//4301 4306//4306 4307//4307 
f 4302//4302 4304//4304 4299//4299 
f 4302//4302 4307//4307 4304//4304 
f 4304//4304 4309//4309 4308//4308 
f 4304//4304 4308//4308 4303//4303 
f 4310//4310 4305//4305 4308//4308 
f 4308//4308 4305//4305 4303//4303 
f 4311//4311 4306//4306 4310//4310 
f 4306//4306 4305//4305 4310//4310 
f 4306//4306 4312//4312 4307//4307 
f 4306//4306 4311//4311 4312//4312 
f 4307//4307 4309//4309 4304//4304 
f 4307//4307 4312//4312 4309//4309 
f 4309//4309 4314//4314 4313//4313 
f 4309//4309 4313//4313 4308//4308 
f 4315//4315 4310//4310 4313//4313 
f 4313//4313 4310//4310 4308//4308 
f 4316//4316 4311//4311 4315//4315 
f 4311//4311 4310//4310 4315//4315 
f 4311//4311 4317//4317 4312//4312 
f 4311//4311 4316//4316 4317//4317 
f 4312//4312 4314//4314 4309//4309 
f 4312//4312 4317//4317 4314//4314 
f 4314//4314 4319//4319 4318//4318 
f 4314//4314 4318//4318 4313//4313 
f 4320//4320 4315//4315 4318//4318 
f 4318//4318 4315//4315 4313//4313 
f 4321//4321 4316//4316 4320//4320 
f 4316//4316 4315//4315 4320//4320 
f 4316//4316 4322//4322 4317//4317 
f 4316//4316 4321//4321 4322//4322 
f 4317//4317 4319//4319 4314//4314 
f 4317//4317 4322//4322 4319//4319 
f 4319//4319 4324//4324 4323//4323 
f 4319//4319 4323//4323 4318//4318 
f 4325//4325 4320//4320 4323//4323 
f 4323//4323 4320//4320 4318//4318 
f 4326//4326 4321//4321 4325//4325 
f 4321//4321 4320//4320 4325//4325 
f 4321//4321 4327//4327 4322//4322 
f 4321//4321 4326//4326 4327//4327 
f 4322//4322 4324//4324 4319//4319 
f 4322//4322 4327//4327 4324//4324 
f 4324//4324 4329//4329 4328//4328 
f 4324//4324 4328//4328 4323//4323 
f 4330//4330 4325//4325 4328//4328 
f 4328//4328 4325//4325 4323//4323 
f 4331//4331 4326//4326 4330//4330 
f 4326//4326 4325//4325 4330//4330 
f 4326//4326 4332//4332 4327//4327 
f 4326//4326 4331//4331 4332//4332 
f 4327//4327 4329//4329 4324//4324 
f 4327//4327 4332//4332 4329//4329 
f 4329//4329 4334//4334 4333//4333 
f 4329//4329 4333//4333 4328//4328 
f 4335//4335 4330//4330 4333//4333 
f 4333//4333 4330//4330 4328//4328 
f 4336//4336 4331//4331 4335//4335 
f 4331//4331 4330//4330 4335//4335 
f 4331//4331 4337//4337 4332//4332 
f 4331//4331 4336//4336 4337//4337 
f 4332//4332 4334//4334 4329//4329 
f 4332//4332 4337//4337 4334//4334 
f 4334//4334 4339//4339 4338//4338 
f 4334//4334 4338//4338 4333//4333 
f 4340//4340 4335//4335 4338//4338 
f 4338//4338 4335//4335 4333//4333 
f 4341//4341 4336//4336 4340//4340 
f 4336//4336 4335//4335 4340//4340 
f 4336//4336 4342//4342 4337//4337 
f 4336//4336 4341//4341 4342//4342 
f 4337//4337 4339//4339 4334//4334 
f 4337//4337 4342//4342 4339//4339 
f 4339//4339 4344//4344 4343//4343 
f 4339//4339 4343//4343 4338//4338 
f 4345//4345 4340//4340 4343//4343 
f 4343//4343 4340//4340 4338//4338 
f 4346//4346 4341//4341 4345//4345 
f 4341//4341 4340//4340 4345//4345 
f 4341//4341 4347//4347 4342//4342 
f 4341//4341 4346//4346 4347//4347 
f 4342//4342 4344//4344 4339//4339 
f 4342//4342 4347//4347 4344//4344 
f 4344//4344 4349//4349 4348//4348 
f 4344//4344 4348//4348 4343//4343 
f 4350//4350 4345//4345 4348//4348 
f 4348//4348 4345//4345 4343//4343 
f 4351//4351 4346//4346 4350//4350 
f 4346//4346 4345//4345 4350//4350 
f 4346//4346 4352//4352 4347//4347 
f 4346//4346 4351//4351 4352//4352 
f 4347//4347 4349//4349 4344//4344 
f 4347//4347 4352//4352 4349//4349 
f 4349//4349 4354//4354 4353//4353 
f 4349//4349 4353//4353 4348//4348 
f 4355//4355 4350//4350 4353//4353 
f 4353//4353 4350//4350 4348//4348 
f 4356//4356 4351//4351 4355//4355 
f 4351//4351 4350//4350 4355//4355 
f 4351//4351 4357//4357 4352//4352 
f 4351//4351 4356//4356 4357//4357 
f 4352//4352 4354//4354 4349//4349 
f 4352//4352 4357//4357 4354//4354 
f 4354//4354 4359//4359 4358//4358 
f 4354//4354 4358//4358 4353//4353 
f 4360//4360 4355//4355 4358//4358 
f 4358//4358 4355//4355 4353//4353 
f 4361//4361 4356//4356 4360//4360 
f 4356//4356 4355//4355 4360//4360 
f 4356//4356 4362//4362 4357//4357 
f 4356//4356 4361//4361 4362//4362 
f 4357//4357 4359//4359 4354//4354 
f 4357//4357 4362//4362 4359//4359 
f 4359//4359 4364//4364 4363//4363 
f 4359//4359 4363//4363 4358//4358 
f 4365//4365 4360//4360 4363//4363 
f 4363//4363 4360//4360 4358//4358 
f 4366//4366 4361//4361 4365//4365 
f 4361//4361 4360//4360 4365//4365 
f 4361//4361 4367//4367 4362//4362 
f 4361//4361 4366//4366 4367//4367 
f 4362//4362 4364//4364 4359//4359 
f 4362//4362 4367//4367 4364//4364 
f 4364//4364 4369//4369 4368//4368 
f 4364//4364 4368//4368 4363//4363 
f 4370//4370 4365//4365 4368//4368 
f 4368//4368 4365//4365 4363//4363 
f 4371//4371 4366//4366 4370//4370 
f 4366//4366 4365//4365 4370//4370 
f 4366//4366 4372//4372 4367//4367 
f 4366//4366 4371//4371 4372//4372 
f 4367//4367 4369//4369 4364//4364 
f 4367//4367 4372//4372 4369//4369 
f 4369//4369 4374//4374 4373//4373 
f 4369//4369 4373//4373 4368//4368 
f 4375//4375 4370//4370 4373//4373 
f 4373//4373 4370//4370 4368//4368 
f 4376//4376 4371//4371 4375//4375 
f 4371//4371 4370//4370 4375//4375 
f 4371//4371 4377//4377 4372//4372 
f 4371//4371 4376//4376 4377//4377 
f 4372//4372 4374//4374 4369//4369 
f 4372//4372 4377//4377 4374//4374 
f 4374//4374 4379//4379 4378//4378 
f 4374//4374 4378//4378 4373//4373 
f 4380//4380 4375//4375 4378//4378 
f 4378//4378 4375//4375 4373//4373 
f 4381//4381 4376//4376 4380//4380 
f 4376//4376 4375//4375 4380//4380 
f 4376//4376 4382//4382 4377//4377 
f 4376//4376 4381//4381 4382//4382 
f 4377//4377 4379//4379 4374//4374 
f 4377//4377 4382//4382 4379//4379 
f 4379//4379 4384//4384 4383//4383 
f 4379//4379 4383//4383 4378//4378 
f 4385//4385 4380//4380 4383//4383 
f 4383//4383 4380//4380 4378//4378 
f 4386//4386 4381//4381 4385//4385 
f 4381//4381 4380//4380 4385//4385 
f 4381//4381 4387//4387 4382//4382 
f 4381//4381 4386//4386 4387//4387 
f 4382//4382 4384//4384 4379//4379 
f 4382//4382 4387//4387 4384//4384 
f 4384//4384 4389//4389 4388//4388 
f 4384//4384 4388//4388 4383//4383 
f 4390//4390 4385//4385 4388//4388 
f 4388//4388 4385//4385 4383//4383 
f 4391//4391 4386//4386 4390//4390 
f 4386//4386 4385//4385 4390//4390 
f 4386//4386 4392//4392 4387//4387 
f 4386//4386 4391//4391 4392//4392 
f 4387//4387 4389//4389 4384//4384 
f 4387//4387 4392//4392 4389//4389 
f 4389//4389 4394//4394 4393//4393 
f 4389//4389 4393//4393 4388//4388 
f 4395//4395 4390//4390 4393//4393 
f 4393//4393 4390//4390 4388//4388 
f 4396//4396 4391//4391 4395//4395 
f 4391//4391 4390//4390 4395//4395 
f 4391//4391 4397//4397 4392//4392 
f 4391//4391 4396//4396 4397//4397 
f 4392//4392 4394//4394 4389//4389 
f 4392//4392 4397//4397 4394//4394 
f 4394//4394 4399//4399 4398//4398 
f 4394//4394 4398//4398 4393//4393 
f 4400//4400 4395//4395 4398//4398 
f 4398//4398 4395//4395 4393//4393 
f 4401//4401 4396//4396 4400//4400 
f 4396//4396 4395//4395 4400//4400 
f 4396//4396 4402//4402 4397//4397 
f 4396//4396 4401//4401 4402//4402 
f 4397//4397 4399//4399 4394//4394 
f 4397//4397 4402//4402 4399//4399 
f 4399//4399 4404//4404 4403//4403 
f 4399//4399 4403//4403 4398//4398 
f 4405//4405 4400//4400 4403//4403 
f 4403//4403 4400//4400 4398//4398 
f 4406//4406 4401//4401 4405//4405 
f 4401//4401 4400//4400 4405//4405 
f 4401//4401 4407//4407 4402//4402 
f 4401//4401 4406//4406 4407//4407 
f 4402//4402 4404//4404 4399//4399 
f 4402//4402 4407//4407 4404//4404 
f 4404//4404 4409//4409 4408//4408 
f 4404//4404 4408//4408 4403//4403 
f 4410//4410 4405//4405 4408//4408 
f 4408//4408 4405//4405 4403//4403 
f 4411//4411 4406//4406 4410//4410 
f 4406//4406 4405//4405 4410//4410 
f 4406//4406 4412//4412 4407//4407 
f 4406//4406 4411//4411 4412//4412 
f 4407//4407 4409//4409 4404//4404 
f 4407//4407 4412//4412 4409//4409 
f 4409//4409 4414//4414 4413//4413 
f 4409//4409 4413//4413 4408//4408 
f 4415//4415 4410//4410 4413//4413 
f 4413//4413 4410//4410 4408//4408 
f 4416//4416 4411//4411 4415//4415 
f 4411//4411 4410//4410 4415//4415 
f 4411//4411 4417//4417 4412//4412 
f 4411//4411 4416//4416 4417//4417 
f 4412//4412 4414//4414 4409//4409 
f 4412//4412 4417//4417 4414//4414 
f 4414//4414 4419//4419 4418//4418 
f 4414//4414 4418//4418 4413//4413 
f 4420//4420 4415//4415 4418//4418 
f 4418//4418 4415//4415 4413//4413 
f 4421//4421 4416//4416 4420//4420 
f 4416//4416 4415//4415 4420//4420 
f 4416//4416 4422//4422 4417//4417 
f 4416//4416 4421//4421 4422//4422 
f 4417//4417 4419//4419 4414//4414 
f 4417//4417 4422//4422 4419//4419 
f 4419//4419 4424//4424 4423//4423 
f 4419//4419 4423//4423 4418//4418 
f 4425//4425 4420//4420 4423//4423 
f 4423//4423 4420//4420 4418//4418 
f 4426//4426 4421//4421 4425//4425 
f 4421//4421 4420//4420 4425//4425 
f 4421//4421 4427//4427 4422//4422 
f 4421//4421 4426//4426 4427//4427 
f 4422//4422 4424//4424 4419//4419 
f 4422//4422 4427//4427 4424//4424 
f 4424//4424 4429//4429 4428//4428 
f 4424//4424 4428//4428 4423//4423 
f 4430//4430 4425//4425 4428//4428 
f 4428//4428 4425//4425 4423//4423 
f 4431//4431 4426//4426 4430//4430 
f 4426//4426 4425//4425 4430//4430 
f 4426//4426 4432//4432 4427//4427 
f 4426//4426 4431//4431 4432//4432 
f 4427//4427 4429//4429 4424//4424 
f 4427//4427 4432//4432 4429//4429 
f 4433//4433 4434//4434 4429//4429 
f 4429//4429 4434//4434 4428//4428 
f 4435//4435 4430//4430 4434//4434 
f 4434//4434 4430//4430 4428//4428 
f 4436//4436 4431//4431 4435//4435 
f 4431//4431 4430//4430 4435//4435 
f 4431//4431 4437//4437 4432//4432 
f 4431//4431 4436//4436 4437//4437 
f 4432//4432 4433//4433 4429//4429 
f 4432//4432 4437//4437 4433//4433 
f 2208//2208 4439//4439 2209//2209 
f 2208//2208 4438//4438 4439//4439 
f 2209//2209 4440//4440 2212//2212 
f 2209//2209 4439//4439 4440//4440 
f 2212//2212 4441//4441 2207//2207 
f 2212//2212 4440//4440 4441//4441 
f 2207//2207 4442//4442 2205//2205 
f 2207//2207 4441//4441 4442//4442 
f 2205//2205 4443//4443 2213//2213 
f 2205//2205 4442//4442 4443//4443 
f 2213//2213 4438//4438 2208//2208 
f 2213//2213 4443//4443 4438//4438 
f 4438//4438 3332//3332 4439//4439 
f 4438//4438 3333//3333 3332//3332 
f 4439//4439 3335//3335 4440//4440 
f 4439//4439 3332//3332 3335//3335 
f 4440//4440 3336//3336 4441//4441 
f 4440//4440 3335//3335 3336//3336 
f 4441//4441 3334//3334 4442//4442 
f 4441//4441 3336//3336 3334//3334 
f 4442//4442 3331//3331 4443//4443 
f 4442//4442 3334//3334 3331//3331 
f 4443//4443 3333//3333 4438//4438 
f 4443//4443 3331//3331 3333//3333 
f 1109//1109 4445//4445 1111//1111 
f 1109//1109 4444//4444 4445//4445 
f 1111//1111 4446//4446 1112//1112 
f 1111//1111 4445//4445 4446//4446 
f 1112//1112 4447//4447 1110//1110 
f 1112//1112 4446//4446 4447//4447 
f 1110//1110 4448//4448 1107//1107 
f 1110//1110 4447//4447 4448//4448 
f 1107//1107 4444//4444 1109//1109 
f 1107//1107 4448//4448 4444//4444 
f 4444//4444 4433//4433 4445//4445 
f 4444//4444 4434//4434 4433//4433 
f 4445//4445 4437//4437 4446//4446 
f 4445//4445 4433//4433 4437//4437 
f 4446//4446 4436//4436 4447//4447 
f 4446//4446 4437//4437 4436//4436 
f 4447//4447 4435//4435 4448//4448 
f 4447//4447 4436//4436 4435//4435 
f 4448//4448 4434//4434 4444//4444 
f 4448//4448 4435//4435 4434//4434 
