999
"DXF R12 Output" (www.mydxf.blogspot.com)
 0 
SECTION
 2 
HEADER
 9 
$ACADVER
 1 
AC1009
 9 
$EXTMIN
 10 
 0 
 20 
 0 
 9 
$EXTMAX
 10 
 8.5 
 20 
 11 
 0 
ENDSEC
 0 
SECTION
 2 
ENTITIES
0
LINE
8
BACKGROUND
10
0.000000
20
-0.000873
11
705.554000
21
-0.000873
0
LINE
8
BACKGROUND
10
705.554000
20
-0.000873
11
705.554000
21
705.553127
0
LINE
8
BACKGROUND
10
705.554000
20
705.553127
11
0.000000
21
705.553127
0
LINE
8
BACKGROUND
10
0.000000
20
705.553127
11
0.000000
21
-0.000873
0
LINE
8
OBJECTS
10
322.902940
20
649.198445
11
325.277350
21
650.118108
0
LINE
8
OBJECTS
10
325.277350
20
650.118108
11
327.640370
21
650.838570
0
LINE
8
OBJECTS
10
327.640370
20
650.838570
11
329.992568
21
651.372782
0
LINE
8
OBJECTS
10
329.992568
20
651.372782
11
332.334515
21
651.733695
0
LINE
8
OBJECTS
10
332.334515
20
651.733695
11
334.666778
21
651.934259
0
LINE
8
OBJECTS
10
334.666778
20
651.934259
11
336.989926
21
651.987427
0
LINE
8
OBJECTS
10
336.989926
20
651.987427
11
341.611157
21
651.703372
0
LINE
8
OBJECTS
10
341.611157
20
651.703372
11
346.202758
21
650.985137
0
LINE
8
OBJECTS
10
346.202758
20
650.985137
11
350.769282
21
649.936328
0
LINE
8
OBJECTS
10
350.769282
20
649.936328
11
355.315279
21
648.660551
0
LINE
8
OBJECTS
10
355.315279
20
648.660551
11
359.845302
21
647.261413
0
LINE
8
OBJECTS
10
359.845302
20
647.261413
11
368.875633
21
644.507479
0
LINE
8
OBJECTS
10
368.875633
20
644.507479
11
373.385043
21
643.359895
0
LINE
8
OBJECTS
10
373.385043
20
643.359895
11
377.896687
21
642.503376
0
LINE
8
OBJECTS
10
377.896687
20
642.503376
11
382.415114
21
642.041527
0
LINE
8
OBJECTS
10
382.415114
20
642.041527
11
386.944878
21
642.077955
0
LINE
8
OBJECTS
10
386.944878
20
642.077955
11
389.215433
21
642.315399
0
LINE
8
OBJECTS
10
389.215433
20
642.315399
11
391.490530
21
642.716266
0
LINE
8
OBJECTS
10
391.490530
20
642.716266
11
393.770736
21
643.293504
0
LINE
8
OBJECTS
10
393.770736
20
643.293504
11
396.056621
21
644.060066
0
LINE
8
OBJECTS
10
396.056621
20
644.060066
11
397.186812
21
644.913934
0
LINE
8
OBJECTS
10
397.186812
20
644.913934
11
398.068031
21
645.776137
0
LINE
8
OBJECTS
10
398.068031
20
645.776137
11
398.712373
21
646.643227
0
LINE
8
OBJECTS
10
398.712373
20
646.643227
11
399.131930
21
647.511755
0
LINE
8
OBJECTS
10
399.131930
20
647.511755
11
399.338796
21
648.378272
0
LINE
8
OBJECTS
10
399.338796
20
648.378272
11
399.345064
21
649.239330
0
LINE
8
OBJECTS
10
399.345064
20
649.239330
11
399.162828
21
650.091478
0
LINE
8
OBJECTS
10
399.162828
20
650.091478
11
398.804179
21
650.931270
0
LINE
8
OBJECTS
10
398.804179
20
650.931270
11
397.606022
21
652.559984
0
LINE
8
OBJECTS
10
397.606022
20
652.559984
11
395.847338
21
654.097881
0
LINE
8
OBJECTS
10
395.847338
20
654.097881
11
393.624873
21
655.517371
0
LINE
8
OBJECTS
10
393.624873
20
655.517371
11
391.035375
21
656.790863
0
LINE
8
OBJECTS
10
391.035375
20
656.790863
11
388.175588
21
657.890765
0
LINE
8
OBJECTS
10
388.175588
20
657.890765
11
385.142260
21
658.789486
0
LINE
8
OBJECTS
10
385.142260
20
658.789486
11
382.032136
21
659.459436
0
LINE
8
OBJECTS
10
382.032136
20
659.459436
11
378.941963
21
659.873024
0
LINE
8
OBJECTS
10
378.941963
20
659.873024
11
375.968486
21
660.002658
0
LINE
8
OBJECTS
10
375.968486
20
660.002658
11
373.208452
21
659.820748
0
LINE
8
OBJECTS
10
373.208452
20
659.820748
11
370.758608
21
659.299703
0
LINE
8
OBJECTS
10
370.758608
20
659.299703
11
368.715699
21
658.411932
0
LINE
8
OBJECTS
10
368.715699
20
658.411932
11
365.200285
21
660.977865
0
LINE
8
OBJECTS
10
365.200285
20
660.977865
11
361.780457
21
663.046525
0
LINE
8
OBJECTS
10
361.780457
20
663.046525
11
358.454365
21
664.634705
0
LINE
8
OBJECTS
10
358.454365
20
664.634705
11
355.220157
21
665.759199
0
LINE
8
OBJECTS
10
355.220157
20
665.759199
11
352.075983
21
666.436801
0
LINE
8
OBJECTS
10
352.075983
20
666.436801
11
349.019991
21
666.684304
0
LINE
8
OBJECTS
10
349.019991
20
666.684304
11
346.050332
21
666.518501
0
LINE
8
OBJECTS
10
346.050332
20
666.518501
11
343.165153
21
665.956186
0
LINE
8
OBJECTS
10
343.165153
20
665.956186
11
340.362605
21
665.014152
0
LINE
8
OBJECTS
10
340.362605
20
665.014152
11
337.640836
21
663.709193
0
LINE
8
OBJECTS
10
337.640836
20
663.709193
11
334.997995
21
662.058102
0
LINE
8
OBJECTS
10
334.997995
20
662.058102
11
332.432233
21
660.077673
0
LINE
8
OBJECTS
10
332.432233
20
660.077673
11
329.941696
21
657.784700
0
LINE
8
OBJECTS
10
329.941696
20
657.784700
11
327.524536
21
655.195975
0
LINE
8
OBJECTS
10
327.524536
20
655.195975
11
325.178901
21
652.328292
0
LINE
8
OBJECTS
10
325.178901
20
652.328292
11
322.902940
21
649.198445
0
LINE
8
OBJECTS
10
322.902940
20
649.198445
11
322.902940
21
649.198445
0
LINE
8
OBJECTS
10
355.338276
20
570.549278
11
357.951710
21
572.207840
0
LINE
8
OBJECTS
10
357.951710
20
572.207840
11
359.885743
21
573.756962
0
LINE
8
OBJECTS
10
359.885743
20
573.756962
11
361.211293
21
575.172707
0
LINE
8
OBJECTS
10
361.211293
20
575.172707
11
361.999275
21
576.431140
0
LINE
8
OBJECTS
10
361.999275
20
576.431140
11
362.320606
21
577.508324
0
LINE
8
OBJECTS
10
362.320606
20
577.508324
11
362.246202
21
578.380325
0
LINE
8
OBJECTS
10
362.246202
20
578.380325
11
361.846978
21
579.023205
0
LINE
8
OBJECTS
10
361.846978
20
579.023205
11
361.193852
21
579.413028
0
LINE
8
OBJECTS
10
361.193852
20
579.413028
11
360.357739
21
579.525860
0
LINE
8
OBJECTS
10
360.357739
20
579.525860
11
359.409555
21
579.337763
0
LINE
8
OBJECTS
10
359.409555
20
579.337763
11
358.420217
21
578.824802
0
LINE
8
OBJECTS
10
358.420217
20
578.824802
11
357.460641
21
577.963041
0
LINE
8
OBJECTS
10
357.460641
20
577.963041
11
356.601742
21
576.728545
0
LINE
8
OBJECTS
10
356.601742
20
576.728545
11
355.914438
21
575.097376
0
LINE
8
OBJECTS
10
355.914438
20
575.097376
11
355.469644
21
573.045599
0
LINE
8
OBJECTS
10
355.469644
20
573.045599
11
355.338276
21
570.549278
0
LINE
8
OBJECTS
10
355.338276
20
570.549278
11
355.338276
21
570.549278
0
LINE
8
OBJECTS
10
351.401017
20
552.166935
11
356.426051
21
554.621164
0
LINE
8
OBJECTS
10
356.426051
20
554.621164
11
361.755770
21
557.678841
0
LINE
8
OBJECTS
10
361.755770
20
557.678841
11
364.394769
21
559.423117
0
LINE
8
OBJECTS
10
364.394769
20
559.423117
11
366.941797
21
561.305230
0
LINE
8
OBJECTS
10
366.941797
20
561.305230
11
369.340807
21
563.320838
0
LINE
8
OBJECTS
10
369.340807
20
563.320838
11
371.535753
21
565.465598
0
LINE
8
OBJECTS
10
371.535753
20
565.465598
11
373.470587
21
567.735169
0
LINE
8
OBJECTS
10
373.470587
20
567.735169
11
375.089262
21
570.125210
0
LINE
8
OBJECTS
10
375.089262
20
570.125210
11
376.335731
21
572.631378
0
LINE
8
OBJECTS
10
376.335731
20
572.631378
11
377.153946
21
575.249331
0
LINE
8
OBJECTS
10
377.153946
20
575.249331
11
377.487861
21
577.974729
0
LINE
8
OBJECTS
10
377.487861
20
577.974729
11
377.281428
21
580.803228
0
LINE
8
OBJECTS
10
377.281428
20
580.803228
11
376.478601
21
583.730488
0
LINE
8
OBJECTS
10
376.478601
20
583.730488
11
375.023331
21
586.752166
0
LINE
8
OBJECTS
10
375.023331
20
586.752166
11
371.614553
21
582.727852
0
LINE
8
OBJECTS
10
371.614553
20
582.727852
11
367.688586
21
578.650072
0
LINE
8
OBJECTS
10
367.688586
20
578.650072
11
363.569166
21
574.502867
0
LINE
8
OBJECTS
10
363.569166
20
574.502867
11
359.580028
21
570.270280
0
LINE
8
OBJECTS
10
359.580028
20
570.270280
11
356.044908
21
565.936351
0
LINE
8
OBJECTS
10
356.044908
20
565.936351
11
354.548773
21
563.726397
0
LINE
8
OBJECTS
10
354.548773
20
563.726397
11
353.287543
21
561.485123
0
LINE
8
OBJECTS
10
353.287543
20
561.485123
11
352.301685
21
559.210534
0
LINE
8
OBJECTS
10
352.301685
20
559.210534
11
351.631667
21
556.900637
0
LINE
8
OBJECTS
10
351.631667
20
556.900637
11
351.317955
21
554.553435
0
LINE
8
OBJECTS
10
351.317955
20
554.553435
11
351.401017
21
552.166935
0
LINE
8
OBJECTS
10
351.401017
20
552.166935
11
351.401017
21
552.166935
0
LINE
8
OBJECTS
10
368.315411
20
584.525012
11
369.590493
21
586.777014
0
LINE
8
OBJECTS
10
369.590493
20
586.777014
11
370.443672
21
588.809627
0
LINE
8
OBJECTS
10
370.443672
20
588.809627
11
370.903090
21
590.628780
0
LINE
8
OBJECTS
10
370.903090
20
590.628780
11
370.996890
21
592.240404
0
LINE
8
OBJECTS
10
370.996890
20
592.240404
11
370.753211
21
593.650430
0
LINE
8
OBJECTS
10
370.753211
20
593.650430
11
370.200197
21
594.864787
0
LINE
8
OBJECTS
10
370.200197
20
594.864787
11
369.365987
21
595.889406
0
LINE
8
OBJECTS
10
369.365987
20
595.889406
11
368.278725
21
596.730217
0
LINE
8
OBJECTS
10
368.278725
20
596.730217
11
366.966551
21
597.393151
0
LINE
8
OBJECTS
10
366.966551
20
597.393151
11
365.457606
21
597.884138
0
LINE
8
OBJECTS
10
365.457606
20
597.884138
11
363.780033
21
598.209108
0
LINE
8
OBJECTS
10
363.780033
20
598.209108
11
361.961972
21
598.373991
0
LINE
8
OBJECTS
10
361.961972
20
598.373991
11
358.016956
21
598.247220
0
LINE
8
OBJECTS
10
358.016956
20
598.247220
11
353.847688
21
597.551267
0
LINE
8
OBJECTS
10
353.847688
20
597.551267
11
349.679302
21
596.333574
0
LINE
8
OBJECTS
10
349.679302
20
596.333574
11
345.736929
21
594.641584
0
LINE
8
OBJECTS
10
345.736929
20
594.641584
11
343.920851
21
593.632554
0
LINE
8
OBJECTS
10
343.920851
20
593.632554
11
342.245701
21
592.522740
0
LINE
8
OBJECTS
10
342.245701
20
592.522740
11
340.739621
21
591.318073
0
LINE
8
OBJECTS
10
340.739621
20
591.318073
11
339.430751
21
590.024483
0
LINE
8
OBJECTS
10
339.430751
20
590.024483
11
338.347233
21
588.647901
0
LINE
8
OBJECTS
10
338.347233
20
588.647901
11
337.517210
21
587.194257
0
LINE
8
OBJECTS
10
337.517210
20
587.194257
11
336.968821
21
585.669481
0
LINE
8
OBJECTS
10
336.968821
20
585.669481
11
336.730210
21
584.079504
0
LINE
8
OBJECTS
10
336.730210
20
584.079504
11
336.829516
21
582.430255
0
LINE
8
OBJECTS
10
336.829516
20
582.430255
11
337.294883
21
580.727666
0
LINE
8
OBJECTS
10
337.294883
20
580.727666
11
338.154451
21
578.977666
0
LINE
8
OBJECTS
10
338.154451
20
578.977666
11
339.436362
21
577.186186
0
LINE
8
OBJECTS
10
339.436362
20
577.186186
11
339.240420
21
577.391375
0
LINE
8
OBJECTS
10
339.240420
20
577.391375
11
339.187401
21
577.709672
0
LINE
8
OBJECTS
10
339.187401
20
577.709672
11
339.481307
21
578.640975
0
LINE
8
OBJECTS
10
339.481307
20
578.640975
11
340.260436
21
579.890853
0
LINE
8
OBJECTS
10
340.260436
20
579.890853
11
341.467141
21
581.370065
0
LINE
8
OBJECTS
10
341.467141
20
581.370065
11
343.043776
21
582.989371
0
LINE
8
OBJECTS
10
343.043776
20
582.989371
11
344.932696
21
584.659530
0
LINE
8
OBJECTS
10
344.932696
20
584.659530
11
347.076253
21
586.291301
0
LINE
8
OBJECTS
10
347.076253
20
586.291301
11
349.416803
21
587.795442
0
LINE
8
OBJECTS
10
349.416803
20
587.795442
11
351.896699
21
589.082713
0
LINE
8
OBJECTS
10
351.896699
20
589.082713
11
354.458296
21
590.063874
0
LINE
8
OBJECTS
10
354.458296
20
590.063874
11
357.043947
21
590.649682
0
LINE
8
OBJECTS
10
357.043947
20
590.649682
11
359.596006
21
590.750897
0
LINE
8
OBJECTS
10
359.596006
20
590.750897
11
360.841425
21
590.591895
0
LINE
8
OBJECTS
10
360.841425
20
590.591895
11
362.056828
21
590.278279
0
LINE
8
OBJECTS
10
362.056828
20
590.278279
11
363.235011
21
589.798894
0
LINE
8
OBJECTS
10
363.235011
20
589.798894
11
364.368767
21
589.142586
0
LINE
8
OBJECTS
10
364.368767
20
589.142586
11
365.450891
21
588.298199
0
LINE
8
OBJECTS
10
365.450891
20
588.298199
11
366.474177
21
587.254577
0
LINE
8
OBJECTS
10
366.474177
20
587.254577
11
367.431419
21
586.000567
0
LINE
8
OBJECTS
10
367.431419
20
586.000567
11
368.315411
21
584.525012
0
LINE
8
OBJECTS
10
368.315411
20
584.525012
11
368.315411
21
584.525012
0
LINE
8
OBJECTS
10
385.225096
20
560.259928
11
386.010945
21
557.555414
0
LINE
8
OBJECTS
10
386.010945
20
557.555414
11
387.201411
21
554.849088
0
LINE
8
OBJECTS
10
387.201411
20
554.849088
11
388.731677
21
552.209205
0
LINE
8
OBJECTS
10
388.731677
20
552.209205
11
390.536924
21
549.704021
0
LINE
8
OBJECTS
10
390.536924
20
549.704021
11
392.552336
21
547.401789
0
LINE
8
OBJECTS
10
392.552336
20
547.401789
11
394.713093
21
545.370764
0
LINE
8
OBJECTS
10
394.713093
20
545.370764
11
396.954380
21
543.679201
0
LINE
8
OBJECTS
10
396.954380
20
543.679201
11
399.211376
21
542.395354
0
LINE
8
OBJECTS
10
399.211376
20
542.395354
11
401.419266
21
541.587479
0
LINE
8
OBJECTS
10
401.419266
20
541.587479
11
403.513231
21
541.323830
0
LINE
8
OBJECTS
10
403.513231
20
541.323830
11
404.497237
21
541.417420
0
LINE
8
OBJECTS
10
404.497237
20
541.417420
11
405.428454
21
541.672661
0
LINE
8
OBJECTS
10
405.428454
20
541.672661
11
406.298781
21
542.098087
0
LINE
8
OBJECTS
10
406.298781
20
542.098087
11
407.100116
21
542.702228
0
LINE
8
OBJECTS
10
407.100116
20
542.702228
11
407.824357
21
543.493616
0
LINE
8
OBJECTS
10
407.824357
20
543.493616
11
408.463400
21
544.480784
0
LINE
8
OBJECTS
10
408.463400
20
544.480784
11
409.009145
21
545.672263
0
LINE
8
OBJECTS
10
409.009145
20
545.672263
11
409.453489
21
547.076586
0
LINE
8
OBJECTS
10
409.453489
20
547.076586
11
409.788329
21
548.702282
0
LINE
8
OBJECTS
10
409.788329
20
548.702282
11
410.005564
21
550.557886
0
LINE
8
OBJECTS
10
410.005564
20
550.557886
11
410.054808
21
554.992940
0
LINE
8
OBJECTS
10
410.054808
20
554.992940
11
410.323533
21
557.512955
0
LINE
8
OBJECTS
10
410.323533
20
557.512955
11
410.379451
21
559.918396
0
LINE
8
OBJECTS
10
410.379451
20
559.918396
11
410.235750
21
562.216419
0
LINE
8
OBJECTS
10
410.235750
20
562.216419
11
409.905618
21
564.414177
0
LINE
8
OBJECTS
10
409.905618
20
564.414177
11
409.402240
21
566.518826
0
LINE
8
OBJECTS
10
409.402240
20
566.518826
11
408.738805
21
568.537520
0
LINE
8
OBJECTS
10
408.738805
20
568.537520
11
407.928500
21
570.477414
0
LINE
8
OBJECTS
10
407.928500
20
570.477414
11
406.984511
21
572.345662
0
LINE
8
OBJECTS
10
406.984511
20
572.345662
11
404.748233
21
575.895842
0
LINE
8
OBJECTS
10
404.748233
20
575.895842
11
402.135468
21
579.245296
0
LINE
8
OBJECTS
10
402.135468
20
579.245296
11
399.251715
21
582.451261
0
LINE
8
OBJECTS
10
399.251715
20
582.451261
11
396.202469
21
585.570976
0
LINE
8
OBJECTS
10
396.202469
20
585.570976
11
390.029494
21
591.780602
0
LINE
8
OBJECTS
10
390.029494
20
591.780602
11
387.116758
21
594.984988
0
LINE
8
OBJECTS
10
387.116758
20
594.984988
11
384.460522
21
598.332073
0
LINE
8
OBJECTS
10
384.460522
20
598.332073
11
382.166281
21
601.879094
0
LINE
8
OBJECTS
10
382.166281
20
601.879094
11
381.187877
21
603.745467
0
LINE
8
OBJECTS
10
381.187877
20
603.745467
11
380.339533
21
605.683288
0
LINE
8
OBJECTS
10
380.339533
20
605.683288
11
379.634437
21
607.699711
0
LINE
8
OBJECTS
10
379.634437
20
607.699711
11
379.085777
21
609.801892
0
LINE
8
OBJECTS
10
379.085777
20
609.801892
11
378.706738
21
611.996985
0
LINE
8
OBJECTS
10
378.706738
20
611.996985
11
378.510508
21
614.292145
0
LINE
8
OBJECTS
10
378.510508
20
614.292145
11
377.115660
21
614.858674
0
LINE
8
OBJECTS
10
377.115660
20
614.858674
11
375.696859
21
615.266006
0
LINE
8
OBJECTS
10
375.696859
20
615.266006
11
372.791644
21
615.639367
0
LINE
8
OBJECTS
10
372.791644
20
615.639367
11
369.803341
21
615.484803
0
LINE
8
OBJECTS
10
369.803341
20
615.484803
11
366.740429
21
614.874893
0
LINE
8
OBJECTS
10
366.740429
20
614.874893
11
363.611386
21
613.882214
0
LINE
8
OBJECTS
10
363.611386
20
613.882214
11
360.424693
21
612.579343
0
LINE
8
OBJECTS
10
360.424693
20
612.579343
11
353.912267
21
609.333333
0
LINE
8
OBJECTS
10
353.912267
20
609.333333
11
347.270980
21
605.717484
0
LINE
8
OBJECTS
10
347.270980
20
605.717484
11
340.568664
21
602.312412
0
LINE
8
OBJECTS
10
340.568664
20
602.312412
11
337.215816
21
600.870362
0
LINE
8
OBJECTS
10
337.215816
20
600.870362
11
333.873147
21
599.698737
0
LINE
8
OBJECTS
10
333.873147
20
599.698737
11
330.549136
21
598.870117
0
LINE
8
OBJECTS
10
330.549136
20
598.870117
11
327.252262
21
598.457077
0
LINE
8
OBJECTS
10
327.252262
20
598.457077
11
324.262249
21
596.116932
0
LINE
8
OBJECTS
10
324.262249
20
596.116932
11
321.801464
21
593.498165
0
LINE
8
OBJECTS
10
321.801464
20
593.498165
11
319.848217
21
590.643090
0
LINE
8
OBJECTS
10
319.848217
20
590.643090
11
318.380817
21
587.594017
0
LINE
8
OBJECTS
10
318.380817
20
587.594017
11
317.377574
21
584.393261
0
LINE
8
OBJECTS
10
317.377574
20
584.393261
11
316.816798
21
581.083131
0
LINE
8
OBJECTS
10
316.816798
20
581.083131
11
316.676799
21
577.705942
0
LINE
8
OBJECTS
10
316.676799
20
577.705942
11
316.935886
21
574.304005
0
LINE
8
OBJECTS
10
316.935886
20
574.304005
11
317.572369
21
570.919631
0
LINE
8
OBJECTS
10
317.572369
20
570.919631
11
318.564558
21
567.595135
0
LINE
8
OBJECTS
10
318.564558
20
567.595135
11
319.890762
21
564.372827
0
LINE
8
OBJECTS
10
319.890762
20
564.372827
11
321.529292
21
561.295019
0
LINE
8
OBJECTS
10
321.529292
20
561.295019
11
323.458456
21
558.404025
0
LINE
8
OBJECTS
10
323.458456
20
558.404025
11
325.656565
21
555.742156
0
LINE
8
OBJECTS
10
325.656565
20
555.742156
11
328.101929
21
553.351724
0
LINE
8
OBJECTS
10
328.101929
20
553.351724
11
330.772856
21
551.275041
0
LINE
8
OBJECTS
10
330.772856
20
551.275041
11
329.807179
21
553.736847
0
LINE
8
OBJECTS
10
329.807179
20
553.736847
11
329.035109
21
556.248391
0
LINE
8
OBJECTS
10
329.035109
20
556.248391
11
328.451784
21
558.798303
0
LINE
8
OBJECTS
10
328.451784
20
558.798303
11
328.052344
21
561.375209
0
LINE
8
OBJECTS
10
328.052344
20
561.375209
11
327.831930
21
563.967739
0
LINE
8
OBJECTS
10
327.831930
20
563.967739
11
327.785680
21
566.564521
0
LINE
8
OBJECTS
10
327.785680
20
566.564521
11
327.908735
21
569.154183
0
LINE
8
OBJECTS
10
327.908735
20
569.154183
11
328.196235
21
571.725354
0
LINE
8
OBJECTS
10
328.196235
20
571.725354
11
328.643318
21
574.266662
0
LINE
8
OBJECTS
10
328.643318
20
574.266662
11
329.245125
21
576.766736
0
LINE
8
OBJECTS
10
329.245125
20
576.766736
11
329.996795
21
579.214203
0
LINE
8
OBJECTS
10
329.996795
20
579.214203
11
330.893468
21
581.597693
0
LINE
8
OBJECTS
10
330.893468
20
581.597693
11
331.930283
21
583.905833
0
LINE
8
OBJECTS
10
331.930283
20
583.905833
11
333.102381
21
586.127252
0
LINE
8
OBJECTS
10
333.102381
20
586.127252
11
334.404901
21
588.250579
0
LINE
8
OBJECTS
10
334.404901
20
588.250579
11
335.832983
21
590.264441
0
LINE
8
OBJECTS
10
335.832983
20
590.264441
11
337.381766
21
592.157467
0
LINE
8
OBJECTS
10
337.381766
20
592.157467
11
339.046390
21
593.918285
0
LINE
8
OBJECTS
10
339.046390
20
593.918285
11
340.821995
21
595.535525
0
LINE
8
OBJECTS
10
340.821995
20
595.535525
11
342.703720
21
596.997813
0
LINE
8
OBJECTS
10
342.703720
20
596.997813
11
344.686706
21
598.293779
0
LINE
8
OBJECTS
10
344.686706
20
598.293779
11
346.766091
21
599.412051
0
LINE
8
OBJECTS
10
346.766091
20
599.412051
11
348.937016
21
600.341258
0
LINE
8
OBJECTS
10
348.937016
20
600.341258
11
351.194620
21
601.070027
0
LINE
8
OBJECTS
10
351.194620
20
601.070027
11
353.534043
21
601.586986
0
LINE
8
OBJECTS
10
353.534043
20
601.586986
11
355.950425
21
601.880766
0
LINE
8
OBJECTS
10
355.950425
20
601.880766
11
358.438904
21
601.939993
0
LINE
8
OBJECTS
10
358.438904
20
601.939993
11
360.994622
21
601.753296
0
LINE
8
OBJECTS
10
360.994622
20
601.753296
11
363.612718
21
601.309304
0
LINE
8
OBJECTS
10
363.612718
20
601.309304
11
366.288330
21
600.596645
0
LINE
8
OBJECTS
10
366.288330
20
600.596645
11
369.016600
21
599.603947
0
LINE
8
OBJECTS
10
369.016600
20
599.603947
11
371.792667
21
598.319838
0
LINE
8
OBJECTS
10
371.792667
20
598.319838
11
374.430810
21
596.795287
0
LINE
8
OBJECTS
10
374.430810
20
596.795287
11
376.570870
21
595.043787
0
LINE
8
OBJECTS
10
376.570870
20
595.043787
11
378.268190
21
593.089563
0
LINE
8
OBJECTS
10
378.268190
20
593.089563
11
379.578114
21
590.956842
0
LINE
8
OBJECTS
10
379.578114
20
590.956842
11
380.555983
21
588.669851
0
LINE
8
OBJECTS
10
380.555983
20
588.669851
11
381.257142
21
586.252816
0
LINE
8
OBJECTS
10
381.257142
20
586.252816
11
381.736932
21
583.729964
0
LINE
8
OBJECTS
10
381.736932
20
583.729964
11
382.050698
21
581.125522
0
LINE
8
OBJECTS
10
382.050698
20
581.125522
11
382.401528
21
575.768773
0
LINE
8
OBJECTS
10
382.401528
20
575.768773
11
382.752375
21
570.376383
0
LINE
8
OBJECTS
10
382.752375
20
570.376383
11
383.066162
21
567.727388
0
LINE
8
OBJECTS
10
383.066162
20
567.727388
11
383.545982
21
565.142163
0
LINE
8
OBJECTS
10
383.545982
20
565.142163
11
384.247179
21
562.644934
0
LINE
8
OBJECTS
10
384.247179
20
562.644934
11
385.225096
21
560.259928
0
LINE
8
OBJECTS
10
385.225096
20
560.259928
11
385.225096
21
560.259928
0
LINE
8
OBJECTS
10
411.256359
20
515.413779
11
412.617677
21
517.419110
0
LINE
8
OBJECTS
10
412.617677
20
517.419110
11
413.493639
21
519.608209
0
LINE
8
OBJECTS
10
413.493639
20
519.608209
11
413.933038
21
521.900474
0
LINE
8
OBJECTS
10
413.933038
20
521.900474
11
413.984668
21
524.215300
0
LINE
8
OBJECTS
10
413.984668
20
524.215300
11
413.697319
21
526.472086
0
LINE
8
OBJECTS
10
413.697319
20
526.472086
11
413.119787
21
528.590226
0
LINE
8
OBJECTS
10
413.119787
20
528.590226
11
412.300862
21
530.489120
0
LINE
8
OBJECTS
10
412.300862
20
530.489120
11
411.289339
21
532.088162
0
LINE
8
OBJECTS
10
411.289339
20
532.088162
11
410.134009
21
533.306750
0
LINE
8
OBJECTS
10
410.134009
20
533.306750
11
408.883666
21
534.064281
0
LINE
8
OBJECTS
10
408.883666
20
534.064281
11
407.587102
21
534.280151
0
LINE
8
OBJECTS
10
407.587102
20
534.280151
11
406.936736
21
534.159775
0
LINE
8
OBJECTS
10
406.936736
20
534.159775
11
406.293111
21
533.873757
0
LINE
8
OBJECTS
10
406.293111
20
533.873757
11
405.662327
21
533.412023
0
LINE
8
OBJECTS
10
405.662327
20
533.412023
11
405.050484
21
532.764497
0
LINE
8
OBJECTS
10
405.050484
20
532.764497
11
403.908015
21
530.871767
0
LINE
8
OBJECTS
10
403.908015
20
530.871767
11
402.914496
21
528.114963
0
LINE
8
OBJECTS
10
402.914496
20
528.114963
11
402.118720
21
524.413482
0
LINE
8
OBJECTS
10
402.118720
20
524.413482
11
400.849372
21
522.047939
0
LINE
8
OBJECTS
10
400.849372
20
522.047939
11
399.478325
21
519.846182
0
LINE
8
OBJECTS
10
399.478325
20
519.846182
11
398.010223
21
517.801258
0
LINE
8
OBJECTS
10
398.010223
20
517.801258
11
396.449711
21
515.906215
0
LINE
8
OBJECTS
10
396.449711
20
515.906215
11
394.801433
21
514.154099
0
LINE
8
OBJECTS
10
394.801433
20
514.154099
11
393.070034
21
512.537960
0
LINE
8
OBJECTS
10
393.070034
20
512.537960
11
389.376446
21
509.685798
0
LINE
8
OBJECTS
10
389.376446
20
509.685798
11
385.406101
21
507.294107
0
LINE
8
OBJECTS
10
385.406101
20
507.294107
11
381.196154
21
505.307268
0
LINE
8
OBJECTS
10
381.196154
20
505.307268
11
376.783757
21
503.669659
0
LINE
8
OBJECTS
10
376.783757
20
503.669659
11
372.206064
21
502.325660
0
LINE
8
OBJECTS
10
372.206064
20
502.325660
11
367.500230
21
501.219650
0
LINE
8
OBJECTS
10
367.500230
20
501.219650
11
362.703406
21
500.296010
0
LINE
8
OBJECTS
10
362.703406
20
500.296010
11
352.985409
21
498.773353
0
LINE
8
OBJECTS
10
352.985409
20
498.773353
11
343.349302
21
497.312725
0
LINE
8
OBJECTS
10
343.349302
20
497.312725
11
338.654841
21
496.466620
0
LINE
8
OBJECTS
10
338.654841
20
496.466620
11
334.092314
21
495.469161
0
LINE
8
OBJECTS
10
334.092314
20
495.469161
11
332.952473
21
494.739933
0
LINE
8
OBJECTS
10
332.952473
20
494.739933
11
331.669201
21
494.163340
0
LINE
8
OBJECTS
10
331.669201
20
494.163340
11
330.258402
21
493.726532
0
LINE
8
OBJECTS
10
330.258402
20
493.726532
11
328.735981
21
493.416657
0
LINE
8
OBJECTS
10
328.735981
20
493.416657
11
325.419885
21
493.126307
0
LINE
8
OBJECTS
10
325.419885
20
493.126307
11
321.848144
21
493.189487
0
LINE
8
OBJECTS
10
321.848144
20
493.189487
11
318.147989
21
493.503392
0
LINE
8
OBJECTS
10
318.147989
20
493.503392
11
314.446648
21
493.965220
0
LINE
8
OBJECTS
10
314.446648
20
493.965220
11
307.549338
21
494.921426
0
LINE
8
OBJECTS
10
307.549338
20
494.921426
11
304.607828
21
495.210198
0
LINE
8
OBJECTS
10
304.607828
20
495.210198
11
302.174057
21
495.235676
0
LINE
8
OBJECTS
10
302.174057
20
495.235676
11
300.375254
21
494.895058
0
LINE
8
OBJECTS
10
300.375254
20
494.895058
11
299.753726
21
494.555336
0
LINE
8
OBJECTS
10
299.753726
20
494.555336
11
299.338651
21
494.085539
0
LINE
8
OBJECTS
10
299.338651
20
494.085539
11
299.145933
21
493.472816
0
LINE
8
OBJECTS
10
299.145933
20
493.472816
11
299.191477
21
492.704316
0
LINE
8
OBJECTS
10
299.191477
20
492.704316
11
299.491185
21
491.767189
0
LINE
8
OBJECTS
10
299.491185
20
491.767189
11
300.060963
21
490.648585
0
LINE
8
OBJECTS
10
300.060963
20
490.648585
11
302.074340
21
487.815542
0
LINE
8
OBJECTS
10
302.074340
20
487.815542
11
305.358839
21
484.102384
0
LINE
8
OBJECTS
10
305.358839
20
484.102384
11
308.105509
21
481.015860
0
LINE
8
OBJECTS
10
308.105509
20
481.015860
11
311.064715
21
478.074850
0
LINE
8
OBJECTS
10
311.064715
20
478.074850
11
314.207299
21
475.325882
0
LINE
8
OBJECTS
10
314.207299
20
475.325882
11
317.504101
21
472.815483
0
LINE
8
OBJECTS
10
317.504101
20
472.815483
11
320.925963
21
470.590184
0
LINE
8
OBJECTS
10
320.925963
20
470.590184
11
324.443726
21
468.696512
0
LINE
8
OBJECTS
10
324.443726
20
468.696512
11
328.028232
21
467.180995
0
LINE
8
OBJECTS
10
328.028232
20
467.180995
11
331.650322
21
466.090162
0
LINE
8
OBJECTS
10
331.650322
20
466.090162
11
335.280837
21
465.470541
0
LINE
8
OBJECTS
10
335.280837
20
465.470541
11
338.890619
21
465.368661
0
LINE
8
OBJECTS
10
338.890619
20
465.368661
11
342.450509
21
465.831051
0
LINE
8
OBJECTS
10
342.450509
20
465.831051
11
344.202632
21
466.288386
0
LINE
8
OBJECTS
10
344.202632
20
466.288386
11
345.931347
21
466.904237
0
LINE
8
OBJECTS
10
345.931347
20
466.904237
11
347.633010
21
467.684420
0
LINE
8
OBJECTS
10
347.633010
20
467.684420
11
349.303976
21
468.634750
0
LINE
8
OBJECTS
10
349.303976
20
468.634750
11
350.940600
21
469.761044
0
LINE
8
OBJECTS
10
350.940600
20
469.761044
11
352.539237
21
471.069117
0
LINE
8
OBJECTS
10
352.539237
20
471.069117
11
354.096243
21
472.564786
0
LINE
8
OBJECTS
10
354.096243
20
472.564786
11
355.607971
21
474.253867
0
LINE
8
OBJECTS
10
355.607971
20
474.253867
11
357.070779
21
476.142176
0
LINE
8
OBJECTS
10
357.070779
20
476.142176
11
358.481020
21
478.235528
0
LINE
8
OBJECTS
10
358.481020
20
478.235528
11
364.847934
21
483.195893
0
LINE
8
OBJECTS
10
364.847934
20
483.195893
11
371.339437
21
487.987482
0
LINE
8
OBJECTS
10
371.339437
20
487.987482
11
384.578465
21
497.222980
0
LINE
8
OBJECTS
10
384.578465
20
497.222980
11
397.962605
21
506.259314
0
LINE
8
OBJECTS
10
397.962605
20
506.259314
11
411.256359
21
515.413779
0
LINE
8
OBJECTS
10
411.256359
20
515.413779
11
411.256359
21
515.413779
0
LINE
8
OBJECTS
10
389.861437
20
637.338777
11
385.370242
21
637.837023
0
LINE
8
OBJECTS
10
385.370242
20
637.837023
11
380.851057
21
638.675902
0
LINE
8
OBJECTS
10
380.851057
20
638.675902
11
376.311219
21
639.767794
0
LINE
8
OBJECTS
10
376.311219
20
639.767794
11
371.758063
21
641.025076
0
LINE
8
OBJECTS
10
371.758063
20
641.025076
11
362.641139
21
643.685327
0
LINE
8
OBJECTS
10
362.641139
20
643.685327
11
358.092042
21
644.913052
0
LINE
8
OBJECTS
10
358.092042
20
644.913052
11
353.558969
21
645.955682
0
LINE
8
OBJECTS
10
353.558969
20
645.955682
11
349.049256
21
646.725595
0
LINE
8
OBJECTS
10
349.049256
20
646.725595
11
344.570238
21
647.135170
0
LINE
8
OBJECTS
10
344.570238
20
647.135170
11
340.129251
21
647.096786
0
LINE
8
OBJECTS
10
340.129251
20
647.096786
11
335.733631
21
646.522820
0
LINE
8
OBJECTS
10
335.733631
20
646.522820
11
333.555126
21
646.007612
0
LINE
8
OBJECTS
10
333.555126
20
646.007612
11
331.390713
21
645.325651
0
LINE
8
OBJECTS
10
331.390713
20
645.325651
11
329.241310
21
644.465984
0
LINE
8
OBJECTS
10
329.241310
20
644.465984
11
327.107833
21
643.417659
0
LINE
8
OBJECTS
10
327.107833
20
643.417659
11
324.991199
21
642.169722
0
LINE
8
OBJECTS
10
324.991199
20
642.169722
11
322.892325
21
640.711220
0
LINE
8
OBJECTS
10
322.892325
20
640.711220
11
320.812129
21
639.031203
0
LINE
8
OBJECTS
10
320.812129
20
639.031203
11
318.751527
21
637.118715
0
LINE
8
OBJECTS
10
318.751527
20
637.118715
11
315.695530
21
633.804281
0
LINE
8
OBJECTS
10
315.695530
20
633.804281
11
312.593243
21
630.086894
0
LINE
8
OBJECTS
10
312.593243
20
630.086894
11
309.526204
21
626.026086
0
LINE
8
OBJECTS
10
309.526204
20
626.026086
11
306.575951
21
621.681390
0
LINE
8
OBJECTS
10
306.575951
20
621.681390
11
303.824019
21
617.112337
0
LINE
8
OBJECTS
10
303.824019
20
617.112337
11
301.351947
21
612.378460
0
LINE
8
OBJECTS
10
301.351947
20
612.378460
11
299.241270
21
607.539291
0
LINE
8
OBJECTS
10
299.241270
20
607.539291
11
297.573527
21
602.654362
0
LINE
8
OBJECTS
10
297.573527
20
602.654362
11
296.430253
21
597.783205
0
LINE
8
OBJECTS
10
296.430253
20
597.783205
11
296.080773
21
595.371395
0
LINE
8
OBJECTS
10
296.080773
20
595.371395
11
295.892987
21
592.985353
0
LINE
8
OBJECTS
10
295.892987
20
592.985353
11
295.877086
21
590.632519
0
LINE
8
OBJECTS
10
295.877086
20
590.632519
11
296.043264
21
588.320336
0
LINE
8
OBJECTS
10
296.043264
20
588.320336
11
296.401712
21
586.056246
0
LINE
8
OBJECTS
10
296.401712
20
586.056246
11
296.962622
21
583.847689
0
LINE
8
OBJECTS
10
296.962622
20
583.847689
11
297.736187
21
581.702107
0
LINE
8
OBJECTS
10
297.736187
20
581.702107
11
298.732599
21
579.626942
0
LINE
8
OBJECTS
10
298.732599
20
579.626942
11
299.962049
21
577.629635
0
LINE
8
OBJECTS
10
299.962049
20
577.629635
11
301.434730
21
575.717627
0
LINE
8
OBJECTS
10
301.434730
20
575.717627
11
303.160833
21
573.898361
0
LINE
8
OBJECTS
10
303.160833
20
573.898361
11
305.150552
21
572.179278
0
LINE
8
OBJECTS
10
305.150552
20
572.179278
11
307.414078
21
570.567819
0
LINE
8
OBJECTS
10
307.414078
20
570.567819
11
309.961604
21
569.071426
0
LINE
8
OBJECTS
10
309.961604
20
569.071426
11
308.805104
21
573.032378
0
LINE
8
OBJECTS
10
308.805104
20
573.032378
11
307.903168
21
577.082871
0
LINE
8
OBJECTS
10
307.903168
20
577.082871
11
307.269941
21
581.189466
0
LINE
8
OBJECTS
10
307.269941
20
581.189466
11
306.919569
21
585.318728
0
LINE
8
OBJECTS
10
306.919569
20
585.318728
11
306.866198
21
589.437218
0
LINE
8
OBJECTS
10
306.866198
20
589.437218
11
307.123972
21
593.511501
0
LINE
8
OBJECTS
10
307.123972
20
593.511501
11
307.707038
21
597.508140
0
LINE
8
OBJECTS
10
307.707038
20
597.508140
11
308.629541
21
601.393698
0
LINE
8
OBJECTS
10
308.629541
20
601.393698
11
309.905626
21
605.134737
0
LINE
8
OBJECTS
10
309.905626
20
605.134737
11
311.549439
21
608.697821
0
LINE
8
OBJECTS
10
311.549439
20
608.697821
11
313.575125
21
612.049514
0
LINE
8
OBJECTS
10
313.575125
20
612.049514
11
315.996830
21
615.156378
0
LINE
8
OBJECTS
10
315.996830
20
615.156378
11
318.828699
21
617.984976
0
LINE
8
OBJECTS
10
318.828699
20
617.984976
11
322.084878
21
620.501873
0
LINE
8
OBJECTS
10
322.084878
20
620.501873
11
325.779511
21
622.673630
0
LINE
8
OBJECTS
10
325.779511
20
622.673630
11
329.926746
21
624.466811
0
LINE
8
OBJECTS
10
329.926746
20
624.466811
11
355.371055
21
622.183174
0
LINE
8
OBJECTS
10
355.371055
20
622.183174
11
367.292600
21
621.364429
0
LINE
8
OBJECTS
10
367.292600
20
621.364429
11
379.532010
21
620.800662
0
LINE
8
OBJECTS
10
379.532010
20
620.800662
11
379.860669
21
618.546698
0
LINE
8
OBJECTS
10
379.860669
20
618.546698
11
380.332419
21
616.393271
0
LINE
8
OBJECTS
10
380.332419
20
616.393271
11
381.667695
21
612.360990
0
LINE
8
OBJECTS
10
381.667695
20
612.360990
11
383.462839
21
608.649748
0
LINE
8
OBJECTS
10
383.462839
20
608.649748
11
385.642849
21
605.205474
0
LINE
8
OBJECTS
10
385.642849
20
605.205474
11
388.132725
21
601.974096
0
LINE
8
OBJECTS
10
388.132725
20
601.974096
11
390.857467
21
598.901545
0
LINE
8
OBJECTS
10
390.857467
20
598.901545
11
396.711543
21
593.016637
0
LINE
8
OBJECTS
10
396.711543
20
593.016637
11
402.605074
21
587.118180
0
LINE
8
OBJECTS
10
402.605074
20
587.118180
11
405.379134
21
584.028694
0
LINE
8
OBJECTS
10
405.379134
20
584.028694
11
407.938055
21
580.773608
0
LINE
8
OBJECTS
10
407.938055
20
580.773608
11
410.206837
21
577.298851
0
LINE
8
OBJECTS
10
410.206837
20
577.298851
11
412.110480
21
573.550352
0
LINE
8
OBJECTS
10
412.110480
20
573.550352
11
413.573983
21
569.474040
0
LINE
8
OBJECTS
10
413.573983
20
569.474040
11
414.117244
21
567.296057
0
LINE
8
OBJECTS
10
414.117244
20
567.296057
11
414.522345
21
565.015845
0
LINE
8
OBJECTS
10
414.522345
20
565.015845
11
413.912274
21
561.984016
0
LINE
8
OBJECTS
10
413.912274
20
561.984016
11
413.414313
21
558.427986
0
LINE
8
OBJECTS
10
413.414313
20
558.427986
11
413.056429
21
554.486988
0
LINE
8
OBJECTS
10
413.056429
20
554.486988
11
412.866593
21
550.300253
0
LINE
8
OBJECTS
10
412.866593
20
550.300253
11
412.872773
21
546.007015
0
LINE
8
OBJECTS
10
412.872773
20
546.007015
11
413.102937
21
541.746505
0
LINE
8
OBJECTS
10
413.102937
20
541.746505
11
413.585055
21
537.657956
0
LINE
8
OBJECTS
10
413.585055
20
537.657956
11
414.347095
21
533.880600
0
LINE
8
OBJECTS
10
414.347095
20
533.880600
11
415.417026
21
530.553669
0
LINE
8
OBJECTS
10
415.417026
20
530.553669
11
416.076192
21
529.102624
0
LINE
8
OBJECTS
10
416.076192
20
529.102624
11
416.822818
21
527.816397
0
LINE
8
OBJECTS
10
416.822818
20
527.816397
11
417.660401
21
526.712393
0
LINE
8
OBJECTS
10
417.660401
20
526.712393
11
418.592438
21
525.808015
0
LINE
8
OBJECTS
10
418.592438
20
525.808015
11
419.622424
21
525.120668
0
LINE
8
OBJECTS
10
419.622424
20
525.120668
11
420.753856
21
524.667755
0
LINE
8
OBJECTS
10
420.753856
20
524.667755
11
421.990230
21
524.466682
0
LINE
8
OBJECTS
10
421.990230
20
524.466682
11
423.335041
21
524.534851
0
LINE
8
OBJECTS
10
423.335041
20
524.534851
11
424.791786
21
524.889667
0
LINE
8
OBJECTS
10
424.791786
20
524.889667
11
426.363961
21
525.548534
0
LINE
8
OBJECTS
10
426.363961
20
525.548534
11
428.055062
21
526.528855
0
LINE
8
OBJECTS
10
428.055062
20
526.528855
11
429.868585
21
527.848036
0
LINE
8
OBJECTS
10
429.868585
20
527.848036
11
431.808026
21
529.523480
0
LINE
8
OBJECTS
10
431.808026
20
529.523480
11
433.876882
21
531.572590
0
LINE
8
OBJECTS
10
433.876882
20
531.572590
11
435.520189
21
533.153820
0
LINE
8
OBJECTS
10
435.520189
20
533.153820
11
436.999605
21
534.781388
0
LINE
8
OBJECTS
10
436.999605
20
534.781388
11
439.486856
21
538.163349
0
LINE
8
OBJECTS
10
439.486856
20
538.163349
11
441.378810
21
541.694091
0
LINE
8
OBJECTS
10
441.378810
20
541.694091
11
442.715642
21
545.349232
0
LINE
8
OBJECTS
10
442.715642
20
545.349232
11
443.537526
21
549.104387
0
LINE
8
OBJECTS
10
443.537526
20
549.104387
11
443.884636
21
552.935177
0
LINE
8
OBJECTS
10
443.884636
20
552.935177
11
443.797146
21
556.817217
0
LINE
8
OBJECTS
10
443.797146
20
556.817217
11
443.315233
21
560.726125
0
LINE
8
OBJECTS
10
443.315233
20
560.726125
11
442.479069
21
564.637519
0
LINE
8
OBJECTS
10
442.479069
20
564.637519
11
441.328829
21
568.527016
0
LINE
8
OBJECTS
10
441.328829
20
568.527016
11
439.904688
21
572.370234
0
LINE
8
OBJECTS
10
439.904688
20
572.370234
11
438.246820
21
576.142790
0
LINE
8
OBJECTS
10
438.246820
20
576.142790
11
436.395400
21
579.820301
0
LINE
8
OBJECTS
10
436.395400
20
579.820301
11
434.390603
21
583.378386
0
LINE
8
OBJECTS
10
434.390603
20
583.378386
11
432.272601
21
586.792661
0
LINE
8
OBJECTS
10
432.272601
20
586.792661
11
430.081571
21
590.038745
0
LINE
8
OBJECTS
10
430.081571
20
590.038745
11
429.944014
21
596.528910
0
LINE
8
OBJECTS
10
429.944014
20
596.528910
11
429.679611
21
599.759042
0
LINE
8
OBJECTS
10
429.679611
20
599.759042
11
429.263024
21
602.940441
0
LINE
8
OBJECTS
10
429.263024
20
602.940441
11
428.677928
21
606.044033
0
LINE
8
OBJECTS
10
428.677928
20
606.044033
11
427.908000
21
609.040745
0
LINE
8
OBJECTS
10
427.908000
20
609.040745
11
426.936913
21
611.901502
0
LINE
8
OBJECTS
10
426.936913
20
611.901502
11
425.748344
21
614.597230
0
LINE
8
OBJECTS
10
425.748344
20
614.597230
11
424.325966
21
617.098856
0
LINE
8
OBJECTS
10
424.325966
20
617.098856
11
422.653455
21
619.377305
0
LINE
8
OBJECTS
10
422.653455
20
619.377305
11
420.714486
21
621.403503
0
LINE
8
OBJECTS
10
420.714486
20
621.403503
11
418.492734
21
623.148377
0
LINE
8
OBJECTS
10
418.492734
20
623.148377
11
415.971875
21
624.582852
0
LINE
8
OBJECTS
10
415.971875
20
624.582852
11
413.135582
21
625.677854
0
LINE
8
OBJECTS
10
413.135582
20
625.677854
11
409.967532
21
626.404309
0
LINE
8
OBJECTS
10
409.967532
20
626.404309
11
406.451399
21
626.733144
0
LINE
8
OBJECTS
10
406.451399
20
626.733144
11
405.090443
21
629.020470
0
LINE
8
OBJECTS
10
405.090443
20
629.020470
11
403.535811
21
631.200592
0
LINE
8
OBJECTS
10
403.535811
20
631.200592
11
401.782514
21
633.189738
0
LINE
8
OBJECTS
10
401.782514
20
633.189738
11
399.825563
21
634.904135
0
LINE
8
OBJECTS
10
399.825563
20
634.904135
11
397.659969
21
636.260010
0
LINE
8
OBJECTS
10
397.659969
20
636.260010
11
395.280743
21
637.173590
0
LINE
8
OBJECTS
10
395.280743
20
637.173590
11
394.009458
21
637.438341
0
LINE
8
OBJECTS
10
394.009458
20
637.438341
11
392.682895
21
637.561103
0
LINE
8
OBJECTS
10
392.682895
20
637.561103
11
391.300429
21
637.531406
0
LINE
8
OBJECTS
10
391.300429
20
637.531406
11
389.861437
21
637.338777
0
LINE
8
OBJECTS
10
389.861437
20
637.338777
11
389.861437
21
637.338777
0
LINE
8
OBJECTS
10
312.301576
20
535.077058
11
316.305842
21
536.054299
0
LINE
8
OBJECTS
10
316.305842
20
536.054299
11
319.568824
21
537.215909
0
LINE
8
OBJECTS
10
319.568824
20
537.215909
11
322.139612
21
538.549679
0
LINE
8
OBJECTS
10
322.139612
20
538.549679
11
324.067296
21
540.043401
0
LINE
8
OBJECTS
10
324.067296
20
540.043401
11
325.400967
21
541.684865
0
LINE
8
OBJECTS
10
325.400967
20
541.684865
11
326.189717
21
543.461861
0
LINE
8
OBJECTS
10
326.189717
20
543.461861
11
326.482636
21
545.362181
0
LINE
8
OBJECTS
10
326.482636
20
545.362181
11
326.328814
21
547.373615
0
LINE
8
OBJECTS
10
326.328814
20
547.373615
11
325.777343
21
549.483955
0
LINE
8
OBJECTS
10
325.777343
20
549.483955
11
324.877312
21
551.680991
0
LINE
8
OBJECTS
10
324.877312
20
551.680991
11
323.677814
21
553.952513
0
LINE
8
OBJECTS
10
323.677814
20
553.952513
11
322.227938
21
556.286313
0
LINE
8
OBJECTS
10
322.227938
20
556.286313
11
318.773417
21
561.091910
0
LINE
8
OBJECTS
10
318.773417
20
561.091910
11
314.906475
21
566.000107
0
LINE
8
OBJECTS
10
314.906475
20
566.000107
11
312.810605
21
558.417131
0
LINE
8
OBJECTS
10
312.810605
20
558.417131
11
311.949248
21
554.553939
0
LINE
8
OBJECTS
10
311.949248
20
554.553939
11
311.305388
21
550.661482
0
LINE
8
OBJECTS
10
311.305388
20
550.661482
11
310.948857
21
546.753662
0
LINE
8
OBJECTS
10
310.948857
20
546.753662
11
310.949490
21
542.844383
0
LINE
8
OBJECTS
10
310.949490
20
542.844383
11
311.377118
21
538.947547
0
LINE
8
OBJECTS
10
311.377118
20
538.947547
11
312.301576
21
535.077058
0
LINE
8
OBJECTS
10
312.301576
20
535.077058
11
312.301576
21
535.077058
0
LINE
8
OBJECTS
10
342.842524
20
547.514470
11
344.340837
21
548.594892
0
LINE
8
OBJECTS
10
344.340837
20
548.594892
11
345.675143
21
549.738670
0
LINE
8
OBJECTS
10
345.675143
20
549.738670
11
347.871206
21
552.183175
0
LINE
8
OBJECTS
10
347.871206
20
552.183175
11
349.469654
21
554.781744
0
LINE
8
OBJECTS
10
349.469654
20
554.781744
11
350.509431
21
557.468135
0
LINE
8
OBJECTS
10
350.509431
20
557.468135
11
351.029480
21
560.176107
0
LINE
8
OBJECTS
10
351.029480
20
560.176107
11
351.068743
21
562.839419
0
LINE
8
OBJECTS
10
351.068743
20
562.839419
11
350.666163
21
565.391830
0
LINE
8
OBJECTS
10
350.666163
20
565.391830
11
349.860684
21
567.767100
0
LINE
8
OBJECTS
10
349.860684
20
567.767100
11
348.691247
21
569.898986
0
LINE
8
OBJECTS
10
348.691247
20
569.898986
11
347.196796
21
571.721248
0
LINE
8
OBJECTS
10
347.196796
20
571.721248
11
345.416273
21
573.167645
0
LINE
8
OBJECTS
10
345.416273
20
573.167645
11
343.388622
21
574.171935
0
LINE
8
OBJECTS
10
343.388622
20
574.171935
11
341.152785
21
574.667878
0
LINE
8
OBJECTS
10
341.152785
20
574.667878
11
339.968966
21
574.704519
0
LINE
8
OBJECTS
10
339.968966
20
574.704519
11
338.747704
21
574.589232
0
LINE
8
OBJECTS
10
338.747704
20
574.589232
11
337.493867
21
574.313738
0
LINE
8
OBJECTS
10
337.493867
20
574.313738
11
336.212323
21
573.869757
0
LINE
8
OBJECTS
10
336.212323
20
573.869757
11
334.907940
21
573.249008
0
LINE
8
OBJECTS
10
334.907940
20
573.249008
11
333.585585
21
572.443211
0
LINE
8
OBJECTS
10
333.585585
20
572.443211
11
333.350406
21
570.702011
0
LINE
8
OBJECTS
10
333.350406
20
570.702011
11
333.272365
21
568.979284
0
LINE
8
OBJECTS
10
333.272365
20
568.979284
11
333.546005
21
565.594347
0
LINE
8
OBJECTS
10
333.546005
20
565.594347
11
334.323124
21
562.298593
0
LINE
8
OBJECTS
10
334.323124
20
562.298593
11
335.520338
21
559.102221
0
LINE
8
OBJECTS
10
335.520338
20
559.102221
11
337.054267
21
556.015426
0
LINE
8
OBJECTS
10
337.054267
20
556.015426
11
338.841529
21
553.048405
0
LINE
8
OBJECTS
10
338.841529
20
553.048405
11
340.798742
21
550.211354
0
LINE
8
OBJECTS
10
340.798742
20
550.211354
11
342.842524
21
547.514470
0
LINE
8
OBJECTS
10
342.842524
20
547.514470
11
342.842524
21
547.514470
0
LINE
8
OBJECTS
10
365.118719
20
582.116000
11
364.121059
21
583.569914
0
LINE
8
OBJECTS
10
364.121059
20
583.569914
11
363.072922
21
584.744407
0
LINE
8
OBJECTS
10
363.072922
20
584.744407
11
361.983424
21
585.657410
0
LINE
8
OBJECTS
10
361.983424
20
585.657410
11
360.861683
21
586.326855
0
LINE
8
OBJECTS
10
360.861683
20
586.326855
11
359.716814
21
586.770673
0
LINE
8
OBJECTS
10
359.716814
20
586.770673
11
358.557934
21
587.006797
0
LINE
8
OBJECTS
10
358.557934
20
587.006797
11
357.394159
21
587.053157
0
LINE
8
OBJECTS
10
357.394159
20
587.053157
11
356.234606
21
586.927687
0
LINE
8
OBJECTS
10
356.234606
20
586.927687
11
353.964629
21
586.232981
0
LINE
8
OBJECTS
10
353.964629
20
586.232981
11
351.820936
21
585.066133
0
LINE
8
OBJECTS
10
351.820936
20
585.066133
11
349.876455
21
583.570596
0
LINE
8
OBJECTS
10
349.876455
20
583.570596
11
348.204120
21
581.889826
0
LINE
8
OBJECTS
10
348.204120
20
581.889826
11
346.876860
21
580.167276
0
LINE
8
OBJECTS
10
346.876860
20
580.167276
11
345.967606
21
578.546401
0
LINE
8
OBJECTS
10
345.967606
20
578.546401
11
345.549290
21
577.170656
0
LINE
8
OBJECTS
10
345.549290
20
577.170656
11
345.547025
21
576.619536
0
LINE
8
OBJECTS
10
345.547025
20
576.619536
11
345.694843
21
576.183494
0
LINE
8
OBJECTS
10
345.694843
20
576.183494
11
346.001861
21
575.880461
0
LINE
8
OBJECTS
10
346.001861
20
575.880461
11
346.477195
21
575.728370
0
LINE
8
OBJECTS
10
346.477195
20
575.728370
11
347.129961
21
575.745151
0
LINE
8
OBJECTS
10
347.129961
20
575.745151
11
347.969277
21
575.948738
0
LINE
8
OBJECTS
10
347.969277
20
575.948738
11
350.244020
21
576.988053
0
LINE
8
OBJECTS
10
350.244020
20
576.988053
11
353.374356
21
578.989769
0
LINE
8
OBJECTS
10
353.374356
20
578.989769
11
354.565521
21
580.078235
0
LINE
8
OBJECTS
10
354.565521
20
580.078235
11
355.895878
21
580.887954
0
LINE
8
OBJECTS
10
355.895878
20
580.887954
11
357.335384
21
581.458631
0
LINE
8
OBJECTS
10
357.335384
20
581.458631
11
358.853999
21
581.829968
0
LINE
8
OBJECTS
10
358.853999
20
581.829968
11
362.008389
21
582.133441
0
LINE
8
OBJECTS
10
362.008389
20
582.133441
11
365.118719
21
582.116000
0
LINE
8
OBJECTS
10
365.118719
20
582.116000
11
365.118719
21
582.116000
0
LINE
8
OBJECTS
10
349.742558
20
618.832606
11
347.838664
21
619.958351
0
LINE
8
OBJECTS
10
347.838664
20
619.958351
11
345.906371
21
620.804858
0
LINE
8
OBJECTS
10
345.906371
20
620.804858
11
343.953347
21
621.387047
0
LINE
8
OBJECTS
10
343.953347
20
621.387047
11
341.987263
21
621.719843
0
LINE
8
OBJECTS
10
341.987263
20
621.719843
11
340.015792
21
621.818167
0
LINE
8
OBJECTS
10
340.015792
20
621.818167
11
338.046602
21
621.696941
0
LINE
8
OBJECTS
10
338.046602
20
621.696941
11
336.087366
21
621.371087
0
LINE
8
OBJECTS
10
336.087366
20
621.371087
11
334.145753
21
620.855528
0
LINE
8
OBJECTS
10
334.145753
20
620.855528
11
332.229435
21
620.165186
0
LINE
8
OBJECTS
10
332.229435
20
620.165186
11
330.346083
21
619.314984
0
LINE
8
OBJECTS
10
330.346083
20
619.314984
11
326.708956
21
617.194686
0
LINE
8
OBJECTS
10
326.708956
20
617.194686
11
323.295740
21
614.614011
0
LINE
8
OBJECTS
10
323.295740
20
614.614011
11
320.167800
21
611.692339
0
LINE
8
OBJECTS
10
320.167800
20
611.692339
11
317.386503
21
608.549046
0
LINE
8
OBJECTS
10
317.386503
20
608.549046
11
315.013215
21
605.303512
0
LINE
8
OBJECTS
10
315.013215
20
605.303512
11
313.109302
21
602.075113
0
LINE
8
OBJECTS
10
313.109302
20
602.075113
11
311.736129
21
598.983228
0
LINE
8
OBJECTS
10
311.736129
20
598.983228
11
310.955063
21
596.147235
0
LINE
8
OBJECTS
10
310.955063
20
596.147235
11
310.805748
21
594.862503
0
LINE
8
OBJECTS
10
310.805748
20
594.862503
11
310.827471
21
593.686512
0
LINE
8
OBJECTS
10
310.827471
20
593.686512
11
311.027904
21
592.634182
0
LINE
8
OBJECTS
10
311.027904
20
592.634182
11
311.414717
21
591.720436
0
LINE
8
OBJECTS
10
311.414717
20
591.720436
11
311.995582
21
590.960197
0
LINE
8
OBJECTS
10
311.995582
20
590.960197
11
312.778169
21
590.368386
0
LINE
8
OBJECTS
10
312.778169
20
590.368386
11
313.200558
21
592.160760
0
LINE
8
OBJECTS
10
313.200558
20
592.160760
11
313.831363
21
593.828871
0
LINE
8
OBJECTS
10
313.831363
20
593.828871
11
314.655195
21
595.379194
0
LINE
8
OBJECTS
10
314.655195
20
595.379194
11
315.656663
21
596.818206
0
LINE
8
OBJECTS
10
315.656663
20
596.818206
11
316.820375
21
598.152383
0
LINE
8
OBJECTS
10
316.820375
20
598.152383
11
318.130941
21
599.388200
0
LINE
8
OBJECTS
10
318.130941
20
599.388200
11
321.131071
21
601.590658
0
LINE
8
OBJECTS
10
321.131071
20
601.590658
11
324.533927
21
603.477387
0
LINE
8
OBJECTS
10
324.533927
20
603.477387
11
328.216383
21
605.100195
0
LINE
8
OBJECTS
10
328.216383
20
605.100195
11
332.055312
21
606.510887
0
LINE
8
OBJECTS
10
332.055312
20
606.510887
11
335.927588
21
607.761271
0
LINE
8
OBJECTS
10
335.927588
20
607.761271
11
343.279673
21
609.988340
0
LINE
8
OBJECTS
10
343.279673
20
609.988340
11
346.513229
21
611.068638
0
LINE
8
OBJECTS
10
346.513229
20
611.068638
11
349.287627
21
612.195855
0
LINE
8
OBJECTS
10
349.287627
20
612.195855
11
351.479739
21
613.421797
0
LINE
8
OBJECTS
10
351.479739
20
613.421797
11
352.318961
21
614.087980
0
LINE
8
OBJECTS
10
352.318961
20
614.087980
11
352.966439
21
614.798272
0
LINE
8
OBJECTS
10
352.966439
20
614.798272
11
353.406782
21
615.559148
0
LINE
8
OBJECTS
10
353.406782
20
615.559148
11
353.624600
21
616.377084
0
LINE
8
OBJECTS
10
353.624600
20
616.377084
11
353.604502
21
617.258557
0
LINE
8
OBJECTS
10
353.604502
20
617.258557
11
353.331097
21
618.210042
0
LINE
8
OBJECTS
10
353.331097
20
618.210042
11
349.742558
21
618.832606
0
LINE
8
OBJECTS
10
297.119698
20
462.124048
11
297.701380
21
460.432430
0
LINE
8
OBJECTS
10
297.701380
20
460.432430
11
298.451214
21
458.973585
0
LINE
8
OBJECTS
10
298.451214
20
458.973585
11
299.351942
21
457.737055
0
LINE
8
OBJECTS
10
299.351942
20
457.737055
11
300.386307
21
456.712380
0
LINE
8
OBJECTS
10
300.386307
20
456.712380
11
301.537049
21
455.889099
0
LINE
8
OBJECTS
10
301.537049
20
455.889099
11
302.786913
21
455.256755
0
LINE
8
OBJECTS
10
302.786913
20
455.256755
11
304.118639
21
454.804886
0
LINE
8
OBJECTS
10
304.118639
20
454.804886
11
305.514970
21
454.523034
0
LINE
8
OBJECTS
10
305.514970
20
454.523034
11
306.958648
21
454.400739
0
LINE
8
OBJECTS
10
306.958648
20
454.400739
11
308.432416
21
454.427541
0
LINE
8
OBJECTS
10
308.432416
20
454.427541
11
311.401188
21
454.886598
0
LINE
8
OBJECTS
10
311.401188
20
454.886598
11
314.283225
21
455.816531
0
LINE
8
OBJECTS
10
314.283225
20
455.816531
11
316.940463
21
457.133662
0
LINE
8
OBJECTS
10
316.940463
20
457.133662
11
319.234841
21
458.754314
0
LINE
8
OBJECTS
10
319.234841
20
458.754314
11
321.028296
21
460.594811
0
LINE
8
OBJECTS
10
321.028296
20
460.594811
11
321.694033
21
461.571353
0
LINE
8
OBJECTS
10
321.694033
20
461.571353
11
322.182766
21
462.571477
0
LINE
8
OBJECTS
10
322.182766
20
462.571477
11
322.477238
21
463.584724
0
LINE
8
OBJECTS
10
322.477238
20
463.584724
11
322.560189
21
464.600635
0
LINE
8
OBJECTS
10
322.560189
20
464.600635
11
322.414363
21
465.608750
0
LINE
8
OBJECTS
10
322.414363
20
465.608750
11
322.022502
21
466.598609
0
LINE
8
OBJECTS
10
322.022502
20
466.598609
11
321.367347
21
467.559753
0
LINE
8
OBJECTS
10
321.367347
20
467.559753
11
320.431642
21
468.481722
0
LINE
8
OBJECTS
10
320.431642
20
468.481722
11
319.198128
21
469.354056
0
LINE
8
OBJECTS
10
319.198128
20
469.354056
11
317.649548
21
470.166297
0
LINE
8
OBJECTS
10
317.649548
20
470.166297
11
315.768644
21
470.907984
0
LINE
8
OBJECTS
10
315.768644
20
470.907984
11
313.538157
21
471.568658
0
LINE
8
OBJECTS
10
313.538157
20
471.568658
11
311.057066
21
474.814731
0
LINE
8
OBJECTS
10
311.057066
20
474.814731
11
308.464274
21
477.819437
0
LINE
8
OBJECTS
10
308.464274
20
477.819437
11
305.770690
21
480.609276
0
LINE
8
OBJECTS
10
305.770690
20
480.609276
11
302.987222
21
483.210751
0
LINE
8
OBJECTS
10
302.987222
20
483.210751
11
300.124781
21
485.650364
0
LINE
8
OBJECTS
10
300.124781
20
485.650364
11
297.194273
21
487.954615
0
LINE
8
OBJECTS
10
297.194273
20
487.954615
11
291.172699
21
492.263042
0
LINE
8
OBJECTS
10
291.172699
20
492.263042
11
278.792757
21
500.421638
0
LINE
8
OBJECTS
10
278.792757
20
500.421638
11
272.608934
21
504.695834
0
LINE
8
OBJECTS
10
272.608934
20
504.695834
11
266.545571
21
509.382647
0
LINE
8
OBJECTS
10
266.545571
20
509.382647
11
264.582406
21
512.663517
0
LINE
8
OBJECTS
10
264.582406
20
512.663517
11
262.657937
21
516.210399
0
LINE
8
OBJECTS
10
262.657937
20
516.210399
11
258.800258
21
523.738140
0
LINE
8
OBJECTS
10
258.800258
20
523.738140
11
254.722882
21
531.237743
0
LINE
8
OBJECTS
10
254.722882
20
531.237743
11
252.523791
21
534.749453
0
LINE
8
OBJECTS
10
252.523791
20
534.749453
11
250.176155
21
537.981082
0
LINE
8
OBJECTS
10
250.176155
20
537.981082
11
247.648769
21
540.841612
0
LINE
8
OBJECTS
10
247.648769
20
540.841612
11
244.910425
21
543.240030
0
LINE
8
OBJECTS
10
244.910425
20
543.240030
11
243.452392
21
544.237503
0
LINE
8
OBJECTS
10
243.452392
20
544.237503
11
241.929917
21
545.085318
0
LINE
8
OBJECTS
10
241.929917
20
545.085318
11
240.339099
21
545.772096
0
LINE
8
OBJECTS
10
240.339099
20
545.772096
11
238.676038
21
546.286461
0
LINE
8
OBJECTS
10
238.676038
20
546.286461
11
236.936832
21
546.617036
0
LINE
8
OBJECTS
10
236.936832
20
546.617036
11
235.117582
21
546.752443
0
LINE
8
OBJECTS
10
235.117582
20
546.752443
11
233.214385
21
546.681307
0
LINE
8
OBJECTS
10
233.214385
20
546.681307
11
231.223341
21
546.392249
0
LINE
8
OBJECTS
10
231.223341
20
546.392249
11
229.140550
21
545.873894
0
LINE
8
OBJECTS
10
229.140550
20
545.873894
11
226.962110
21
545.114863
0
LINE
8
OBJECTS
10
226.962110
20
545.114863
11
224.684121
21
544.103780
0
LINE
8
OBJECTS
10
224.684121
20
544.103780
11
222.302682
21
542.829269
0
LINE
8
OBJECTS
10
222.302682
20
542.829269
11
224.251155
21
541.053245
0
LINE
8
OBJECTS
10
224.251155
20
541.053245
11
225.922794
21
539.229245
0
LINE
8
OBJECTS
10
225.922794
20
539.229245
11
227.334136
21
537.359928
0
LINE
8
OBJECTS
10
227.334136
20
537.359928
11
228.501721
21
535.447952
0
LINE
8
OBJECTS
10
228.501721
20
535.447952
11
229.442085
21
533.495975
0
LINE
8
OBJECTS
10
229.442085
20
533.495975
11
230.171768
21
531.506656
0
LINE
8
OBJECTS
10
230.171768
20
531.506656
11
230.707308
21
529.482654
0
LINE
8
OBJECTS
10
230.707308
20
529.482654
11
231.065243
21
527.426626
0
LINE
8
OBJECTS
10
231.065243
20
527.426626
11
231.262112
21
525.341232
0
LINE
8
OBJECTS
10
231.262112
20
525.341232
11
231.314453
21
523.229129
0
LINE
8
OBJECTS
10
231.314453
20
523.229129
11
231.051704
21
518.935435
0
LINE
8
OBJECTS
10
231.051704
20
518.935435
11
230.409304
21
514.566809
0
LINE
8
OBJECTS
10
230.409304
20
514.566809
11
229.519559
21
510.144522
0
LINE
8
OBJECTS
10
229.519559
20
510.144522
11
227.527263
21
501.224031
0
LINE
8
OBJECTS
10
227.527263
20
501.224031
11
226.689326
21
496.768364
0
LINE
8
OBJECTS
10
226.689326
20
496.768364
11
226.133273
21
492.344107
0
LINE
8
OBJECTS
10
226.133273
20
492.344107
11
225.991409
21
487.972526
0
LINE
8
OBJECTS
10
225.991409
20
487.972526
11
226.117144
21
485.813137
0
LINE
8
OBJECTS
10
226.117144
20
485.813137
11
226.396042
21
483.674892
0
LINE
8
OBJECTS
10
226.396042
20
483.674892
11
226.844641
21
481.560450
0
LINE
8
OBJECTS
10
226.844641
20
481.560450
11
227.479479
21
479.472470
0
LINE
8
OBJECTS
10
227.479479
20
479.472470
11
228.317095
21
477.413611
0
LINE
8
OBJECTS
10
228.317095
20
477.413611
11
229.374027
21
475.386530
0
LINE
8
OBJECTS
10
229.374027
20
475.386530
11
230.774559
21
473.482452
0
LINE
8
OBJECTS
10
230.774559
20
473.482452
11
232.258790
21
471.774806
0
LINE
8
OBJECTS
10
232.258790
20
471.774806
11
233.822335
21
470.254532
0
LINE
8
OBJECTS
10
233.822335
20
470.254532
11
235.460811
21
468.912568
0
LINE
8
OBJECTS
10
235.460811
20
468.912568
11
237.169836
21
467.739856
0
LINE
8
OBJECTS
10
237.169836
20
467.739856
11
238.945025
21
466.727334
0
LINE
8
OBJECTS
10
238.945025
20
466.727334
11
240.781996
21
465.865942
0
LINE
8
OBJECTS
10
240.781996
20
465.865942
11
242.676364
21
465.146619
0
LINE
8
OBJECTS
10
242.676364
20
465.146619
11
246.619761
21
464.097940
0
LINE
8
OBJECTS
10
246.619761
20
464.097940
11
250.740147
21
463.508814
0
LINE
8
OBJECTS
10
250.740147
20
463.508814
11
255.002457
21
463.306758
0
LINE
8
OBJECTS
10
255.002457
20
463.306758
11
259.371622
21
463.419287
0
LINE
8
OBJECTS
10
259.371622
20
463.419287
11
263.812576
21
463.773919
0
LINE
8
OBJECTS
10
263.812576
20
463.773919
11
268.290250
21
464.298170
0
LINE
8
OBJECTS
10
268.290250
20
464.298170
11
277.215494
21
465.565595
0
LINE
8
OBJECTS
10
277.215494
20
465.565595
11
285.866814
21
466.641695
0
LINE
8
OBJECTS
10
285.866814
20
466.641695
11
290.002084
21
466.926790
0
LINE
8
OBJECTS
10
290.002084
20
466.926790
11
293.963672
21
466.946602
0
LINE
8
OBJECTS
10
293.963672
20
466.946602
11
295.808186
21
465.155870
0
LINE
8
OBJECTS
10
295.808186
20
465.155870
11
297.119698
21
462.124048
0
LINE
8
OBJECTS
10
300.583195
20
519.191215
11
305.257258
21
516.532143
0
LINE
8
OBJECTS
10
305.257258
20
516.532143
11
309.934306
21
514.484521
0
LINE
8
OBJECTS
10
309.934306
20
514.484521
11
314.610045
21
513.009991
0
LINE
8
OBJECTS
10
314.610045
20
513.009991
11
319.280180
21
512.070195
0
LINE
8
OBJECTS
10
319.280180
20
512.070195
11
323.940414
21
511.626776
0
LINE
8
OBJECTS
10
323.940414
20
511.626776
11
328.586453
21
511.641377
0
LINE
8
OBJECTS
10
328.586453
20
511.641377
11
333.214001
21
512.075640
0
LINE
8
OBJECTS
10
333.214001
20
512.075640
11
337.818764
21
512.891208
0
LINE
8
OBJECTS
10
337.818764
20
512.891208
11
342.396446
21
514.049724
0
LINE
8
OBJECTS
10
342.396446
20
514.049724
11
346.942752
21
515.512831
0
LINE
8
OBJECTS
10
346.942752
20
515.512831
11
351.453387
21
517.242171
0
LINE
8
OBJECTS
10
351.453387
20
517.242171
11
355.924056
21
519.199386
0
LINE
8
OBJECTS
10
355.924056
20
519.199386
11
360.350463
21
521.346120
0
LINE
8
OBJECTS
10
360.350463
20
521.346120
11
364.728313
21
523.644015
0
LINE
8
OBJECTS
10
364.728313
20
523.644015
11
373.321163
21
528.539858
0
LINE
8
OBJECTS
10
373.321163
20
528.539858
11
376.276429
21
529.434793
0
LINE
8
OBJECTS
10
376.276429
20
529.434793
11
378.968165
21
530.418630
0
LINE
8
OBJECTS
10
378.968165
20
530.418630
11
381.386536
21
531.494756
0
LINE
8
OBJECTS
10
381.386536
20
531.494756
11
383.521710
21
532.666558
0
LINE
8
OBJECTS
10
383.521710
20
532.666558
11
385.363855
21
533.937422
0
LINE
8
OBJECTS
10
385.363855
20
533.937422
11
386.903137
21
535.310735
0
LINE
8
OBJECTS
10
386.903137
20
535.310735
11
388.129723
21
536.789884
0
LINE
8
OBJECTS
10
388.129723
20
536.789884
11
389.033781
21
538.378255
0
LINE
8
OBJECTS
10
389.033781
20
538.378255
11
389.605478
21
540.079235
0
LINE
8
OBJECTS
10
389.605478
20
540.079235
11
389.834980
21
541.896210
0
LINE
8
OBJECTS
10
389.834980
20
541.896210
11
389.712456
21
543.832567
0
LINE
8
OBJECTS
10
389.712456
20
543.832567
11
389.228071
21
545.891693
0
LINE
8
OBJECTS
10
389.228071
20
545.891693
11
388.371994
21
548.076974
0
LINE
8
OBJECTS
10
388.371994
20
548.076974
11
387.134391
21
550.391797
0
LINE
8
OBJECTS
10
387.134391
20
550.391797
11
385.505429
21
552.839549
0
LINE
8
OBJECTS
10
385.505429
20
552.839549
11
383.475276
21
555.423615
0
LINE
8
OBJECTS
10
383.475276
20
555.423615
11
382.843858
21
557.439768
0
LINE
8
OBJECTS
10
382.843858
20
557.439768
11
382.145691
21
559.105221
0
LINE
8
OBJECTS
10
382.145691
20
559.105221
11
381.383119
21
560.439550
0
LINE
8
OBJECTS
10
381.383119
20
560.439550
11
380.558487
21
561.462327
0
LINE
8
OBJECTS
10
380.558487
20
561.462327
11
379.674140
21
562.193128
0
LINE
8
OBJECTS
10
379.674140
20
562.193128
11
378.732422
21
562.651525
0
LINE
8
OBJECTS
10
378.732422
20
562.651525
11
377.735678
21
562.857092
0
LINE
8
OBJECTS
10
377.735678
20
562.857092
11
376.686254
21
562.829405
0
LINE
8
OBJECTS
10
376.686254
20
562.829405
11
375.586493
21
562.588035
0
LINE
8
OBJECTS
10
375.586493
20
562.588035
11
374.438742
21
562.152557
0
LINE
8
OBJECTS
10
374.438742
20
562.152557
11
372.008642
21
560.777574
0
LINE
8
OBJECTS
10
372.008642
20
560.777574
11
369.414715
21
558.861045
0
LINE
8
OBJECTS
10
369.414715
20
558.861045
11
366.675717
21
556.559562
0
LINE
8
OBJECTS
10
366.675717
20
556.559562
11
360.837544
21
551.428096
0
LINE
8
OBJECTS
10
360.837544
20
551.428096
11
357.775884
21
548.911294
0
LINE
8
OBJECTS
10
357.775884
20
548.911294
11
354.644187
21
546.635902
0
LINE
8
OBJECTS
10
354.644187
20
546.635902
11
351.461210
21
544.758509
0
LINE
8
OBJECTS
10
351.461210
20
544.758509
11
349.856353
21
544.017997
0
LINE
8
OBJECTS
10
349.856353
20
544.017997
11
348.245711
21
543.435706
0
LINE
8
OBJECTS
10
348.245711
20
543.435706
11
346.631628
21
543.031211
0
LINE
8
OBJECTS
10
346.631628
20
543.031211
11
345.016449
21
542.824085
0
LINE
8
OBJECTS
10
345.016449
20
542.824085
11
343.402519
21
542.833902
0
LINE
8
OBJECTS
10
343.402519
20
542.833902
11
341.792182
21
543.080236
0
LINE
8
OBJECTS
10
341.792182
20
543.080236
11
336.120057
21
541.162668
0
LINE
8
OBJECTS
10
336.120057
20
541.162668
11
330.552959
21
538.917018
0
LINE
8
OBJECTS
10
330.552959
20
538.917018
11
325.112805
21
536.354677
0
LINE
8
OBJECTS
10
325.112805
20
536.354677
11
319.821508
21
533.487032
0
LINE
8
OBJECTS
10
319.821508
20
533.487032
11
314.700983
21
530.325475
0
LINE
8
OBJECTS
10
314.700983
20
530.325475
11
309.773146
21
526.881393
0
LINE
8
OBJECTS
10
309.773146
20
526.881393
11
305.059912
21
523.166176
0
LINE
8
OBJECTS
10
305.059912
20
523.166176
11
300.583195
21
519.191215
0
LINE
8
OBJECTS
10
300.583195
20
519.191215
11
300.583195
21
519.191215
0
LINE
8
OBJECTS
10
237.787126
20
556.044520
11
240.051836
21
553.994063
0
LINE
8
OBJECTS
10
240.051836
20
553.994063
11
242.219152
21
551.785061
0
LINE
8
OBJECTS
10
242.219152
20
551.785061
11
246.356005
21
547.053240
0
LINE
8
OBJECTS
10
246.356005
20
547.053240
11
250.386490
21
542.172693
0
LINE
8
OBJECTS
10
250.386490
20
542.172693
11
254.499413
21
537.467054
0
LINE
8
OBJECTS
10
254.499413
20
537.467054
11
256.645790
21
535.280962
0
LINE
8
OBJECTS
10
256.645790
20
535.280962
11
258.883578
21
533.259961
0
LINE
8
OBJECTS
10
258.883578
20
533.259961
11
261.236378
21
531.444504
0
LINE
8
OBJECTS
10
261.236378
20
531.444504
11
263.727790
21
529.875048
0
LINE
8
OBJECTS
10
263.727790
20
529.875048
11
266.381416
21
528.592045
0
LINE
8
OBJECTS
10
266.381416
20
528.592045
11
269.220856
21
527.635951
0
LINE
8
OBJECTS
10
269.220856
20
527.635951
11
272.269710
21
527.047220
0
LINE
8
OBJECTS
10
272.269710
20
527.047220
11
275.551579
21
526.866307
0
LINE
8
OBJECTS
10
275.551579
20
526.866307
11
271.447485
21
534.449395
0
LINE
8
OBJECTS
10
271.447485
20
534.449395
11
267.281583
21
542.484091
0
LINE
8
OBJECTS
10
267.281583
20
542.484091
11
263.333248
21
550.899623
0
LINE
8
OBJECTS
10
263.333248
20
550.899623
11
261.527973
21
555.228085
0
LINE
8
OBJECTS
10
261.527973
20
555.228085
11
259.881856
21
559.625218
0
LINE
8
OBJECTS
10
259.881856
20
559.625218
11
258.429817
21
564.082173
0
LINE
8
OBJECTS
10
258.429817
20
564.082173
11
257.206779
21
568.590106
0
LINE
8
OBJECTS
10
257.206779
20
568.590106
11
256.247664
21
573.140168
0
LINE
8
OBJECTS
10
256.247664
20
573.140168
11
255.587394
21
577.723514
0
LINE
8
OBJECTS
10
255.587394
20
577.723514
11
255.260890
21
582.331297
0
LINE
8
OBJECTS
10
255.260890
20
582.331297
11
255.303075
21
586.954671
0
LINE
8
OBJECTS
10
255.303075
20
586.954671
11
255.748870
21
591.584789
0
LINE
8
OBJECTS
10
255.748870
20
591.584789
11
256.633196
21
596.212805
0
LINE
8
OBJECTS
10
256.633196
20
596.212805
11
254.277604
21
595.120124
0
LINE
8
OBJECTS
10
254.277604
20
595.120124
11
251.557985
21
593.586679
0
LINE
8
OBJECTS
10
251.557985
20
593.586679
11
248.564465
21
591.672435
0
LINE
8
OBJECTS
10
248.564465
20
591.672435
11
245.387172
21
589.437355
0
LINE
8
OBJECTS
10
245.387172
20
589.437355
11
242.116233
21
586.941406
0
LINE
8
OBJECTS
10
242.116233
20
586.941406
11
238.841775
21
584.244552
0
LINE
8
OBJECTS
10
238.841775
20
584.244552
11
235.653923
21
581.406759
0
LINE
8
OBJECTS
10
235.653923
20
581.406759
11
232.642806
21
578.487990
0
LINE
8
OBJECTS
10
232.642806
20
578.487990
11
229.898549
21
575.548212
0
LINE
8
OBJECTS
10
229.898549
20
575.548212
11
227.511281
21
572.647389
0
LINE
8
OBJECTS
10
227.511281
20
572.647389
11
225.571127
21
569.845486
0
LINE
8
OBJECTS
10
225.571127
20
569.845486
11
224.168215
21
567.202469
0
LINE
8
OBJECTS
10
224.168215
20
567.202469
11
223.392671
21
564.778301
0
LINE
8
OBJECTS
10
223.392671
20
564.778301
11
223.268327
21
563.667025
0
LINE
8
OBJECTS
10
223.268327
20
563.667025
11
223.334622
21
562.632949
0
LINE
8
OBJECTS
10
223.334622
20
562.632949
11
223.602824
21
561.683567
0
LINE
8
OBJECTS
10
223.602824
20
561.683567
11
224.084196
21
560.826376
0
LINE
8
OBJECTS
10
224.084196
20
560.826376
11
224.790006
21
560.068872
0
LINE
8
OBJECTS
10
224.790006
20
560.068872
11
225.731519
21
559.418549
0
LINE
8
OBJECTS
10
225.731519
20
559.418549
11
228.904472
21
559.286530
0
LINE
8
OBJECTS
10
228.904472
20
559.286530
11
232.003858
21
558.626692
0
LINE
8
OBJECTS
10
232.003858
20
558.626692
11
234.980976
21
557.519275
0
LINE
8
OBJECTS
10
234.980976
20
557.519275
11
237.787126
21
556.044520
0
LINE
8
OBJECTS
10
237.787126
20
556.044520
11
237.787126
21
556.044520
0
LINE
8
OBJECTS
10
258.724497
20
531.074624
11
260.867475
21
526.696625
0
LINE
8
OBJECTS
10
260.867475
20
526.696625
11
263.269245
21
522.648790
0
LINE
8
OBJECTS
10
263.269245
20
522.648790
11
265.918261
21
518.927964
0
LINE
8
OBJECTS
10
265.918261
20
518.927964
11
268.802976
21
515.530998
0
LINE
8
OBJECTS
10
268.802976
20
515.530998
11
271.911845
21
512.454736
0
LINE
8
OBJECTS
10
271.911845
20
512.454736
11
275.233321
21
509.696028
0
LINE
8
OBJECTS
10
275.233321
20
509.696028
11
278.755857
21
507.251721
0
LINE
8
OBJECTS
10
278.755857
20
507.251721
11
282.467908
21
505.118661
0
LINE
8
OBJECTS
10
282.467908
20
505.118661
11
286.357927
21
503.293698
0
LINE
8
OBJECTS
10
286.357927
20
503.293698
11
290.414368
21
501.773677
0
LINE
8
OBJECTS
10
290.414368
20
501.773677
11
294.625684
21
500.555447
0
LINE
8
OBJECTS
10
294.625684
20
500.555447
11
298.980330
21
499.635856
0
LINE
8
OBJECTS
10
298.980330
20
499.635856
11
303.466759
21
499.011750
0
LINE
8
OBJECTS
10
303.466759
20
499.011750
11
308.073424
21
498.679977
0
LINE
8
OBJECTS
10
308.073424
20
498.679977
11
312.788780
21
498.637385
0
LINE
8
OBJECTS
10
312.788780
20
498.637385
11
317.601279
21
498.880821
0
LINE
8
OBJECTS
10
317.601279
20
498.880821
11
321.795192
21
499.826453
0
LINE
8
OBJECTS
10
321.795192
20
499.826453
11
326.048378
21
500.627118
0
LINE
8
OBJECTS
10
326.048378
20
500.627118
11
334.687730
21
501.915750
0
LINE
8
OBJECTS
10
334.687730
20
501.915750
11
352.184477
21
504.097681
0
LINE
8
OBJECTS
10
352.184477
20
504.097681
11
360.862514
21
505.479811
0
LINE
8
OBJECTS
10
360.862514
20
505.479811
11
365.144713
21
506.350599
0
LINE
8
OBJECTS
10
365.144713
20
506.350599
11
369.374087
21
507.381938
0
LINE
8
OBJECTS
10
369.374087
20
507.381938
11
373.539426
21
508.604380
0
LINE
8
OBJECTS
10
373.539426
20
508.604380
11
377.629519
21
510.048477
0
LINE
8
OBJECTS
10
377.629519
20
510.048477
11
381.633157
21
511.744782
0
LINE
8
OBJECTS
10
381.633157
20
511.744782
11
385.539129
21
513.723845
0
LINE
8
OBJECTS
10
385.539129
20
513.723845
11
387.733784
21
515.063126
0
LINE
8
OBJECTS
10
387.733784
20
515.063126
11
389.958702
21
516.810449
0
LINE
8
OBJECTS
10
389.958702
20
516.810449
11
392.148900
21
518.870211
0
LINE
8
OBJECTS
10
392.148900
20
518.870211
11
394.239395
21
521.146808
0
LINE
8
OBJECTS
10
394.239395
20
521.146808
11
396.165203
21
523.544635
0
LINE
8
OBJECTS
10
396.165203
20
523.544635
11
397.861341
21
525.968089
0
LINE
8
OBJECTS
10
397.861341
20
525.968089
11
399.262824
21
528.321567
0
LINE
8
OBJECTS
10
399.262824
20
528.321567
11
400.304670
21
530.509463
0
LINE
8
OBJECTS
10
400.304670
20
530.509463
11
400.921894
21
532.436174
0
LINE
8
OBJECTS
10
400.921894
20
532.436174
11
401.049514
21
534.006096
0
LINE
8
OBJECTS
10
401.049514
20
534.006096
11
400.909414
21
534.627385
0
LINE
8
OBJECTS
10
400.909414
20
534.627385
11
400.622545
21
535.123626
0
LINE
8
OBJECTS
10
400.622545
20
535.123626
11
400.180782
21
535.482867
0
LINE
8
OBJECTS
10
400.180782
20
535.482867
11
399.576004
21
535.693158
0
LINE
8
OBJECTS
10
399.576004
20
535.693158
11
398.800086
21
535.742550
0
LINE
8
OBJECTS
10
398.800086
20
535.742550
11
397.844907
21
535.619090
0
LINE
8
OBJECTS
10
397.844907
20
535.619090
11
395.364271
21
534.805818
0
LINE
8
OBJECTS
10
395.364271
20
534.805818
11
392.069112
21
533.157736
0
LINE
8
OBJECTS
10
392.069112
20
533.157736
11
387.894447
21
530.579243
0
LINE
8
OBJECTS
10
387.894447
20
530.579243
11
383.266206
21
528.390344
0
LINE
8
OBJECTS
10
383.266206
20
528.390344
11
378.593359
21
525.972613
0
LINE
8
OBJECTS
10
378.593359
20
525.972613
11
369.116959
21
520.762798
0
LINE
8
OBJECTS
10
369.116959
20
520.762798
11
359.471473
21
515.574083
0
LINE
8
OBJECTS
10
359.471473
20
515.574083
11
354.587267
21
513.182727
0
LINE
8
OBJECTS
10
354.587267
20
513.182727
11
349.663123
21
511.030753
0
LINE
8
OBJECTS
10
349.663123
20
511.030753
11
344.699820
21
509.196197
0
LINE
8
OBJECTS
10
344.699820
20
509.196197
11
339.698134
21
507.757094
0
LINE
8
OBJECTS
10
339.698134
20
507.757094
11
334.658846
21
506.791480
0
LINE
8
OBJECTS
10
334.658846
20
506.791480
11
332.125343
21
506.510618
0
LINE
8
OBJECTS
10
332.125343
20
506.510618
11
329.582731
21
506.377391
0
LINE
8
OBJECTS
10
329.582731
20
506.377391
11
327.031107
21
506.401554
0
LINE
8
OBJECTS
10
327.031107
20
506.401554
11
324.470569
21
506.592862
0
LINE
8
OBJECTS
10
324.470569
20
506.592862
11
321.901213
21
506.961069
0
LINE
8
OBJECTS
10
321.901213
20
506.961069
11
319.323137
21
507.515930
0
LINE
8
OBJECTS
10
319.323137
20
507.515930
11
316.736438
21
508.267198
0
LINE
8
OBJECTS
10
316.736438
20
508.267198
11
314.141213
21
509.224629
0
LINE
8
OBJECTS
10
314.141213
20
509.224629
11
311.537560
21
510.397977
0
LINE
8
OBJECTS
10
311.537560
20
510.397977
11
308.925576
21
511.796995
0
LINE
8
OBJECTS
10
308.925576
20
511.796995
11
296.097127
21
515.921511
0
LINE
8
OBJECTS
10
296.097127
20
515.921511
11
283.382819
21
520.317702
0
LINE
8
OBJECTS
10
283.382819
20
520.317702
11
277.101896
21
522.707481
0
LINE
8
OBJECTS
10
277.101896
20
522.707481
11
270.889620
21
525.272947
0
LINE
8
OBJECTS
10
270.889620
20
525.272947
11
264.759364
21
528.050020
0
LINE
8
OBJECTS
10
264.759364
20
528.050020
11
258.724497
21
531.074624
0
LINE
8
OBJECTS
10
258.724497
20
531.074624
11
258.724497
21
531.074624
0
LINE
8
OBJECTS
10
279.069052
20
528.793919
11
280.582338
21
527.327717
0
LINE
8
OBJECTS
10
280.582338
20
527.327717
11
282.115989
21
526.081503
0
LINE
8
OBJECTS
10
282.115989
20
526.081503
11
283.663680
21
525.047315
0
LINE
8
OBJECTS
10
283.663680
20
525.047315
11
285.219085
21
524.217193
0
LINE
8
OBJECTS
10
285.219085
20
524.217193
11
286.775880
21
523.583177
0
LINE
8
OBJECTS
10
286.775880
20
523.583177
11
288.327741
21
523.137307
0
LINE
8
OBJECTS
10
288.327741
20
523.137307
11
289.868343
21
522.871623
0
LINE
8
OBJECTS
10
289.868343
20
522.871623
11
291.391361
21
522.778164
0
LINE
8
OBJECTS
10
291.391361
20
522.778164
11
292.890471
21
522.848970
0
LINE
8
OBJECTS
10
292.890471
20
522.848970
11
294.359349
21
523.076081
0
LINE
8
OBJECTS
10
294.359349
20
523.076081
11
297.181107
21
523.967379
0
LINE
8
OBJECTS
10
297.181107
20
523.967379
11
299.806039
21
525.388374
0
LINE
8
OBJECTS
10
299.806039
20
525.388374
11
302.183548
21
527.275385
0
LINE
8
OBJECTS
10
302.183548
20
527.275385
11
304.263038
21
529.564731
0
LINE
8
OBJECTS
10
304.263038
20
529.564731
11
305.993911
21
532.192730
0
LINE
8
OBJECTS
10
305.993911
20
532.192730
11
307.325572
21
535.095700
0
LINE
8
OBJECTS
10
307.325572
20
535.095700
11
308.207422
21
538.209961
0
LINE
8
OBJECTS
10
308.207422
20
538.209961
11
308.588866
21
541.471830
0
LINE
8
OBJECTS
10
308.588866
20
541.471830
11
308.419307
21
544.817625
0
LINE
8
OBJECTS
10
308.419307
20
544.817625
11
308.112090
21
546.502095
0
LINE
8
OBJECTS
10
308.112090
20
546.502095
11
307.648148
21
548.183666
0
LINE
8
OBJECTS
10
307.648148
20
548.183666
11
307.021157
21
549.854378
0
LINE
8
OBJECTS
10
307.021157
20
549.854378
11
306.224792
21
551.506271
0
LINE
8
OBJECTS
10
306.224792
20
551.506271
11
306.748125
21
553.561228
0
LINE
8
OBJECTS
10
306.748125
20
553.561228
11
307.012643
21
555.579133
0
LINE
8
OBJECTS
10
307.012643
20
555.579133
11
307.038908
21
557.562451
0
LINE
8
OBJECTS
10
307.038908
20
557.562451
11
306.847479
21
559.513643
0
LINE
8
OBJECTS
10
306.847479
20
559.513643
11
306.458918
21
561.435174
0
LINE
8
OBJECTS
10
306.458918
20
561.435174
11
305.893784
21
563.329507
0
LINE
8
OBJECTS
10
305.893784
20
563.329507
11
304.316043
21
567.046432
0
LINE
8
OBJECTS
10
304.316043
20
567.046432
11
302.278738
21
570.684125
0
LINE
8
OBJECTS
10
302.278738
20
570.684125
11
299.946356
21
574.262291
0
LINE
8
OBJECTS
10
299.946356
20
574.262291
11
295.054290
21
581.318871
0
LINE
8
OBJECTS
10
295.054290
20
581.318871
11
292.823575
21
584.836699
0
LINE
8
OBJECTS
10
292.823575
20
584.836699
11
290.955718
21
588.373827
0
LINE
8
OBJECTS
10
290.955718
20
588.373827
11
290.209262
21
590.155786
0
LINE
8
OBJECTS
10
290.209262
20
590.155786
11
289.615202
21
591.949961
0
LINE
8
OBJECTS
10
289.615202
20
591.949961
11
289.194098
21
593.758815
0
LINE
8
OBJECTS
10
289.194098
20
593.758815
11
288.966511
21
595.584810
0
LINE
8
OBJECTS
10
288.966511
20
595.584810
11
288.953002
21
597.430410
0
LINE
8
OBJECTS
10
288.953002
20
597.430410
11
289.174130
21
599.298078
0
LINE
8
OBJECTS
10
289.174130
20
599.298078
11
289.650457
21
601.190278
0
LINE
8
OBJECTS
10
289.650457
20
601.190278
11
290.402542
21
603.109473
0
LINE
8
OBJECTS
10
290.402542
20
603.109473
11
291.450947
21
605.058127
0
LINE
8
OBJECTS
10
291.450947
20
605.058127
11
292.816232
21
607.038702
0
LINE
8
OBJECTS
10
292.816232
20
607.038702
11
294.518958
21
609.053662
0
LINE
8
OBJECTS
10
294.518958
20
609.053662
11
296.579684
21
611.105470
0
LINE
8
OBJECTS
10
296.579684
20
611.105470
11
296.607074
21
612.778317
0
LINE
8
OBJECTS
10
296.607074
20
612.778317
11
296.867217
21
614.471898
0
LINE
8
OBJECTS
10
296.867217
20
614.471898
11
297.338180
21
616.182053
0
LINE
8
OBJECTS
10
297.338180
20
616.182053
11
297.998030
21
617.904624
0
LINE
8
OBJECTS
10
297.998030
20
617.904624
11
299.796660
21
621.370373
0
LINE
8
OBJECTS
10
299.796660
20
621.370373
11
302.087648
21
624.835870
0
LINE
8
OBJECTS
10
302.087648
20
624.835870
11
304.695532
21
628.267838
0
LINE
8
OBJECTS
10
304.695532
20
628.267838
11
307.444851
21
631.633004
0
LINE
8
OBJECTS
10
307.444851
20
631.633004
11
312.665950
21
638.029823
0
LINE
8
OBJECTS
10
312.665950
20
638.029823
11
314.786807
21
640.994925
0
LINE
8
OBJECTS
10
314.786807
20
640.994925
11
316.347256
21
643.760123
0
LINE
8
OBJECTS
10
316.347256
20
643.760123
11
316.862495
21
645.057358
0
LINE
8
OBJECTS
10
316.862495
20
645.057358
11
317.171834
21
646.292139
0
LINE
8
OBJECTS
10
317.171834
20
646.292139
11
317.253341
21
647.460306
0
LINE
8
OBJECTS
10
317.253341
20
647.460306
11
317.085082
21
648.557699
0
LINE
8
OBJECTS
10
317.085082
20
648.557699
11
316.645124
21
649.580159
0
LINE
8
OBJECTS
10
316.645124
20
649.580159
11
315.911536
21
650.523527
0
LINE
8
OBJECTS
10
315.911536
20
650.523527
11
314.862385
21
651.383643
0
LINE
8
OBJECTS
10
314.862385
20
651.383643
11
313.475738
21
652.156348
0
LINE
8
OBJECTS
10
313.475738
20
652.156348
11
311.729662
21
652.837482
0
LINE
8
OBJECTS
10
311.729662
20
652.837482
11
309.602225
21
653.422886
0
LINE
8
OBJECTS
10
309.602225
20
653.422886
11
307.071494
21
653.908401
0
LINE
8
OBJECTS
10
307.071494
20
653.908401
11
304.115537
21
654.289866
0
LINE
8
OBJECTS
10
304.115537
20
654.289866
11
301.415247
21
654.068239
0
LINE
8
OBJECTS
10
301.415247
20
654.068239
11
298.890984
21
653.642836
0
LINE
8
OBJECTS
10
298.890984
20
653.642836
11
296.534208
21
653.023733
0
LINE
8
OBJECTS
10
296.534208
20
653.023733
11
294.336381
21
652.221007
0
LINE
8
OBJECTS
10
294.336381
20
652.221007
11
292.288965
21
651.244735
0
LINE
8
OBJECTS
10
292.288965
20
651.244735
11
290.383420
21
650.104995
0
LINE
8
OBJECTS
10
290.383420
20
650.104995
11
288.611208
21
648.811862
0
LINE
8
OBJECTS
10
288.611208
20
648.811862
11
286.963791
21
647.375414
0
LINE
8
OBJECTS
10
286.963791
20
647.375414
11
285.432629
21
645.805728
0
LINE
8
OBJECTS
10
285.432629
20
645.805728
11
284.009184
21
644.112880
0
LINE
8
OBJECTS
10
284.009184
20
644.112880
11
281.451290
21
640.398007
0
LINE
8
OBJECTS
10
281.451290
20
640.398007
11
279.221800
21
636.311410
0
LINE
8
OBJECTS
10
279.221800
20
636.311410
11
277.252405
21
631.933703
0
LINE
8
OBJECTS
10
277.252405
20
631.933703
11
275.474795
21
627.345502
0
LINE
8
OBJECTS
10
275.474795
20
627.345502
11
273.820661
21
622.627421
0
LINE
8
OBJECTS
10
273.820661
20
622.627421
11
270.609584
21
613.124079
0
LINE
8
OBJECTS
10
270.609584
20
613.124079
11
268.916022
21
608.500048
0
LINE
8
OBJECTS
10
268.916022
20
608.500048
11
267.072699
21
604.068596
0
LINE
8
OBJECTS
10
267.072699
20
604.068596
11
265.011306
21
599.910338
0
LINE
8
OBJECTS
10
265.011306
20
599.910338
11
262.663532
21
596.105890
0
LINE
8
OBJECTS
10
262.663532
20
596.105890
11
261.642678
21
591.673902
0
LINE
8
OBJECTS
10
261.642678
20
591.673902
11
261.021435
21
587.249208
0
LINE
8
OBJECTS
10
261.021435
20
587.249208
11
260.772636
21
582.836673
0
LINE
8
OBJECTS
10
260.772636
20
582.836673
11
260.869111
21
578.441162
0
LINE
8
OBJECTS
10
260.869111
20
578.441162
11
261.283694
21
574.067542
0
LINE
8
OBJECTS
10
261.283694
20
574.067542
11
261.989215
21
569.720676
0
LINE
8
OBJECTS
10
261.989215
20
569.720676
11
262.958506
21
565.405430
0
LINE
8
OBJECTS
10
262.958506
20
565.405430
11
264.164400
21
561.126671
0
LINE
8
OBJECTS
10
264.164400
20
561.126671
11
265.579728
21
556.889262
0
LINE
8
OBJECTS
10
265.579728
20
556.889262
11
267.177322
21
552.698070
0
LINE
8
OBJECTS
10
267.177322
20
552.698070
11
270.810635
21
544.473796
0
LINE
8
OBJECTS
10
270.810635
20
544.473796
11
274.846993
21
536.492771
0
LINE
8
OBJECTS
10
274.846993
20
536.492771
11
279.069052
21
528.793919
0
LINE
8
OBJECTS
10
279.069052
20
528.793919
11
279.069052
21
528.793919
0
LINE
8
OBJECTS
10
326.702723
20
437.885184
11
328.506313
21
438.713360
0
LINE
8
OBJECTS
10
328.506313
20
438.713360
11
330.110617
21
439.637903
0
LINE
8
OBJECTS
10
330.110617
20
439.637903
11
331.522196
21
440.646741
0
LINE
8
OBJECTS
10
331.522196
20
440.646741
11
332.747610
21
441.727803
0
LINE
8
OBJECTS
10
332.747610
20
441.727803
11
333.793419
21
442.869017
0
LINE
8
OBJECTS
10
333.793419
20
442.869017
11
334.666183
21
444.058311
0
LINE
8
OBJECTS
10
334.666183
20
444.058311
11
335.372463
21
445.283614
0
LINE
8
OBJECTS
10
335.372463
20
445.283614
11
335.918818
21
446.532853
0
LINE
8
OBJECTS
10
335.918818
20
446.532853
11
336.557996
21
449.054855
0
LINE
8
OBJECTS
10
336.557996
20
449.054855
11
336.636199
21
451.527742
0
LINE
8
OBJECTS
10
336.636199
20
451.527742
11
336.205907
21
453.854941
0
LINE
8
OBJECTS
10
336.205907
20
453.854941
11
335.319602
21
455.939877
0
LINE
8
OBJECTS
10
335.319602
20
455.939877
11
334.029766
21
457.685977
0
LINE
8
OBJECTS
10
334.029766
20
457.685977
11
332.388880
21
458.996666
0
LINE
8
OBJECTS
10
332.388880
20
458.996666
11
331.453194
21
459.458552
0
LINE
8
OBJECTS
10
331.453194
20
459.458552
11
330.449425
21
459.775370
0
LINE
8
OBJECTS
10
330.449425
20
459.775370
11
329.384135
21
459.935048
0
LINE
8
OBJECTS
10
329.384135
20
459.935048
11
328.263883
21
459.925515
0
LINE
8
OBJECTS
10
328.263883
20
459.925515
11
327.095230
21
459.734698
0
LINE
8
OBJECTS
10
327.095230
20
459.734698
11
325.884735
21
459.350527
0
LINE
8
OBJECTS
10
325.884735
20
459.350527
11
324.638959
21
458.760929
0
LINE
8
OBJECTS
10
324.638959
20
458.760929
11
323.364463
21
457.953832
0
LINE
8
OBJECTS
10
323.364463
20
457.953832
11
322.067805
21
456.917165
0
LINE
8
OBJECTS
10
322.067805
20
456.917165
11
320.755547
21
455.638856
0
LINE
8
OBJECTS
10
320.755547
20
455.638856
11
319.434248
21
454.106833
0
LINE
8
OBJECTS
10
319.434248
20
454.106833
11
318.110469
21
452.309024
0
LINE
8
OBJECTS
10
318.110469
20
452.309024
11
314.760940
21
451.502231
0
LINE
8
OBJECTS
10
314.760940
20
451.502231
11
311.333645
21
451.138302
0
LINE
8
OBJECTS
10
311.333645
20
451.138302
11
307.866024
21
451.109141
0
LINE
8
OBJECTS
10
307.866024
20
451.109141
11
304.395515
21
451.306654
0
LINE
8
OBJECTS
10
304.395515
20
451.306654
11
297.595598
21
451.949313
0
LINE
8
OBJECTS
10
297.595598
20
451.949313
11
294.341068
21
452.178269
0
LINE
8
OBJECTS
10
294.341068
20
452.178269
11
291.233410
21
452.201514
0
LINE
8
OBJECTS
10
291.233410
20
452.201514
11
288.310065
21
451.910952
0
LINE
8
OBJECTS
10
288.310065
20
451.910952
11
285.608471
21
451.198488
0
LINE
8
OBJECTS
10
285.608471
20
451.198488
11
284.352530
21
450.650262
0
LINE
8
OBJECTS
10
284.352530
20
450.650262
11
283.166068
21
449.956025
0
LINE
8
OBJECTS
10
283.166068
20
449.956025
11
282.053763
21
449.102265
0
LINE
8
OBJECTS
10
282.053763
20
449.102265
11
281.020296
21
448.075468
0
LINE
8
OBJECTS
10
281.020296
20
448.075468
11
280.070347
21
446.862125
0
LINE
8
OBJECTS
10
280.070347
20
446.862125
11
279.208595
21
445.448722
0
LINE
8
OBJECTS
10
279.208595
20
445.448722
11
278.439721
21
443.821747
0
LINE
8
OBJECTS
10
278.439721
20
443.821747
11
277.768405
21
441.967689
0
LINE
8
OBJECTS
10
277.768405
20
441.967689
11
277.199326
21
439.873036
0
LINE
8
OBJECTS
10
277.199326
20
439.873036
11
276.737165
21
437.524275
0
LINE
8
OBJECTS
10
276.737165
20
437.524275
11
276.152315
21
432.010383
0
LINE
8
OBJECTS
10
276.152315
20
432.010383
11
276.039782
21
429.110200
0
LINE
8
OBJECTS
10
276.039782
20
429.110200
11
276.148562
21
426.217796
0
LINE
8
OBJECTS
10
276.148562
20
426.217796
11
276.460068
21
423.395168
0
LINE
8
OBJECTS
10
276.460068
20
423.395168
11
276.955716
21
420.704312
0
LINE
8
OBJECTS
10
276.955716
20
420.704312
11
277.616921
21
418.207226
0
LINE
8
OBJECTS
10
277.616921
20
418.207226
11
278.425097
21
415.965905
0
LINE
8
OBJECTS
10
278.425097
20
415.965905
11
279.361659
21
414.042347
0
LINE
8
OBJECTS
10
279.361659
20
414.042347
11
280.408023
21
412.498548
0
LINE
8
OBJECTS
10
280.408023
20
412.498548
11
281.545604
21
411.396504
0
LINE
8
OBJECTS
10
281.545604
20
411.396504
11
282.755816
21
410.798213
0
LINE
8
OBJECTS
10
282.755816
20
410.798213
11
283.382350
21
410.707349
0
LINE
8
OBJECTS
10
283.382350
20
410.707349
11
284.020073
21
410.765671
0
LINE
8
OBJECTS
10
284.020073
20
410.765671
11
285.319792
21
411.360875
0
LINE
8
OBJECTS
10
285.319792
20
411.360875
11
286.636387
21
412.645821
0
LINE
8
OBJECTS
10
286.636387
20
412.645821
11
287.951273
21
414.682506
0
LINE
8
OBJECTS
10
287.951273
20
414.682506
11
289.245865
21
417.532927
0
LINE
8
OBJECTS
10
289.245865
20
417.532927
11
290.501577
21
421.259079
0
LINE
8
OBJECTS
10
290.501577
20
421.259079
11
291.977410
21
423.827985
0
LINE
8
OBJECTS
10
291.977410
20
423.827985
11
293.672666
21
425.938871
0
LINE
8
OBJECTS
10
293.672666
20
425.938871
11
295.562805
21
427.646175
0
LINE
8
OBJECTS
10
295.562805
20
427.646175
11
297.623284
21
429.004338
0
LINE
8
OBJECTS
10
297.623284
20
429.004338
11
299.829564
21
430.067799
0
LINE
8
OBJECTS
10
299.829564
20
430.067799
11
302.157103
21
430.890997
0
LINE
8
OBJECTS
10
302.157103
20
430.890997
11
304.581360
21
431.528371
0
LINE
8
OBJECTS
10
304.581360
20
431.528371
11
307.077795
21
432.034361
0
LINE
8
OBJECTS
10
307.077795
20
432.034361
11
312.189031
21
432.869947
0
LINE
8
OBJECTS
10
312.189031
20
432.869947
11
317.294483
21
433.833269
0
LINE
8
OBJECTS
10
317.294483
20
433.833269
11
319.783687
21
434.498930
0
LINE
8
OBJECTS
10
319.783687
20
434.498930
11
322.197823
21
435.359843
0
LINE
8
OBJECTS
10
322.197823
20
435.359843
11
324.512348
21
436.470448
0
LINE
8
OBJECTS
10
324.512348
20
436.470448
11
326.702723
21
437.885184
0
LINE
8
OBJECTS
10
326.702723
20
437.885184
11
326.702723
21
437.885184
0
LINE
8
OBJECTS
10
479.826430
20
556.611117
11
477.457108
21
559.599944
0
LINE
8
OBJECTS
10
477.457108
20
559.599944
11
475.312703
21
562.638356
0
LINE
8
OBJECTS
10
475.312703
20
562.638356
11
473.381356
21
565.725168
0
LINE
8
OBJECTS
10
473.381356
20
565.725168
11
471.651205
21
568.859191
0
LINE
8
OBJECTS
10
471.651205
20
568.859191
11
470.110390
21
572.039238
0
LINE
8
OBJECTS
10
470.110390
20
572.039238
11
468.747050
21
575.264123
0
LINE
8
OBJECTS
10
468.747050
20
575.264123
11
467.549326
21
578.532657
0
LINE
8
OBJECTS
10
467.549326
20
578.532657
11
466.505357
21
581.843654
0
LINE
8
OBJECTS
10
466.505357
20
581.843654
11
464.831242
21
588.588288
0
LINE
8
OBJECTS
10
464.831242
20
588.588288
11
463.629820
21
595.488525
0
LINE
8
OBJECTS
10
463.629820
20
595.488525
11
462.806210
21
602.534870
0
LINE
8
OBJECTS
10
462.806210
20
602.534870
11
462.265527
21
609.717822
0
LINE
8
OBJECTS
10
462.265527
20
609.717822
11
460.031970
21
611.557800
0
LINE
8
OBJECTS
10
460.031970
20
611.557800
11
457.853018
21
613.038927
0
LINE
8
OBJECTS
10
457.853018
20
613.038927
11
455.734364
21
614.178366
0
LINE
8
OBJECTS
10
455.734364
20
614.178366
11
453.681705
21
614.993278
0
LINE
8
OBJECTS
10
453.681705
20
614.993278
11
451.700737
21
615.500827
0
LINE
8
OBJECTS
10
451.700737
20
615.500827
11
449.797154
21
615.718173
0
LINE
8
OBJECTS
10
449.797154
20
615.718173
11
447.976652
21
615.662480
0
LINE
8
OBJECTS
10
447.976652
20
615.662480
11
446.244926
21
615.350910
0
LINE
8
OBJECTS
10
446.244926
20
615.350910
11
444.607673
21
614.800624
0
LINE
8
OBJECTS
10
444.607673
20
614.800624
11
443.070586
21
614.028786
0
LINE
8
OBJECTS
10
443.070586
20
614.028786
11
441.639363
21
613.052556
0
LINE
8
OBJECTS
10
441.639363
20
613.052556
11
440.319697
21
611.889097
0
LINE
8
OBJECTS
10
440.319697
20
611.889097
11
439.117285
21
610.555572
0
LINE
8
OBJECTS
10
439.117285
20
610.555572
11
438.037822
21
609.069143
0
LINE
8
OBJECTS
10
438.037822
20
609.069143
11
437.087004
21
607.446971
0
LINE
8
OBJECTS
10
437.087004
20
607.446971
11
436.270525
21
605.706220
0
LINE
8
OBJECTS
10
436.270525
20
605.706220
11
435.594082
21
603.864050
0
LINE
8
OBJECTS
10
435.594082
20
603.864050
11
435.063369
21
601.937625
0
LINE
8
OBJECTS
10
435.063369
20
601.937625
11
434.684083
21
599.944106
0
LINE
8
OBJECTS
10
434.684083
20
599.944106
11
434.461918
21
597.900656
0
LINE
8
OBJECTS
10
434.461918
20
597.900656
11
434.402570
21
595.824437
0
LINE
8
OBJECTS
10
434.402570
20
595.824437
11
434.511735
21
593.732611
0
LINE
8
OBJECTS
10
434.511735
20
593.732611
11
434.795108
21
591.642340
0
LINE
8
OBJECTS
10
434.795108
20
591.642340
11
435.258383
21
589.570787
0
LINE
8
OBJECTS
10
435.258383
20
589.570787
11
435.907258
21
587.535113
0
LINE
8
OBJECTS
10
435.907258
20
587.535113
11
436.747427
21
585.552480
0
LINE
8
OBJECTS
10
436.747427
20
585.552480
11
437.784585
21
583.640052
0
LINE
8
OBJECTS
10
437.784585
20
583.640052
11
439.024429
21
581.814990
0
LINE
8
OBJECTS
10
439.024429
20
581.814990
11
440.472653
21
580.094456
0
LINE
8
OBJECTS
10
440.472653
20
580.094456
11
442.134953
21
578.495613
0
LINE
8
OBJECTS
10
442.134953
20
578.495613
11
444.017024
21
577.035622
0
LINE
8
OBJECTS
10
444.017024
20
577.035622
11
446.124562
21
575.731647
0
LINE
8
OBJECTS
10
446.124562
20
575.731647
11
447.494435
21
574.272075
0
LINE
8
OBJECTS
10
447.494435
20
574.272075
11
448.642915
21
572.783124
0
LINE
8
OBJECTS
10
448.642915
20
572.783124
11
449.582982
21
571.267657
0
LINE
8
OBJECTS
10
449.582982
20
571.267657
11
450.327614
21
569.728539
0
LINE
8
OBJECTS
10
450.327614
20
569.728539
11
450.889792
21
568.168633
0
LINE
8
OBJECTS
10
450.889792
20
568.168633
11
451.282495
21
566.590805
0
LINE
8
OBJECTS
10
451.282495
20
566.590805
11
451.611391
21
563.392836
0
LINE
8
OBJECTS
10
451.611391
20
563.392836
11
451.418137
21
560.157545
0
LINE
8
OBJECTS
10
451.418137
20
560.157545
11
450.806569
21
556.907844
0
LINE
8
OBJECTS
10
450.806569
20
556.907844
11
449.880521
21
553.666648
0
LINE
8
OBJECTS
10
449.880521
20
553.666648
11
448.743828
21
550.456869
0
LINE
8
OBJECTS
10
448.743828
20
550.456869
11
446.253846
21
544.223215
0
LINE
8
OBJECTS
10
446.253846
20
544.223215
11
445.108227
21
541.245167
0
LINE
8
OBJECTS
10
445.108227
20
541.245167
11
444.167303
21
538.390189
0
LINE
8
OBJECTS
10
444.167303
20
538.390189
11
443.534908
21
535.681195
0
LINE
8
OBJECTS
10
443.534908
20
535.681195
11
443.314877
21
533.141097
0
LINE
8
OBJECTS
10
443.314877
20
533.141097
11
443.391947
21
531.941544
0
LINE
8
OBJECTS
10
443.391947
20
531.941544
11
443.611046
21
530.792809
0
LINE
8
OBJECTS
10
443.611046
20
530.792809
11
443.985153
21
529.697753
0
LINE
8
OBJECTS
10
443.985153
20
529.697753
11
444.527248
21
528.659243
0
LINE
8
OBJECTS
10
444.527248
20
528.659243
11
446.270660
21
527.657218
0
LINE
8
OBJECTS
10
446.270660
20
527.657218
11
448.039489
21
526.829365
0
LINE
8
OBJECTS
10
448.039489
20
526.829365
11
449.827062
21
526.170369
0
LINE
8
OBJECTS
10
449.827062
20
526.170369
11
451.626705
21
525.674910
0
LINE
8
OBJECTS
10
451.626705
20
525.674910
11
453.431747
21
525.337673
0
LINE
8
OBJECTS
10
453.431747
20
525.337673
11
455.235515
21
525.153341
0
LINE
8
OBJECTS
10
455.235515
20
525.153341
11
458.812535
21
525.222119
0
LINE
8
OBJECTS
10
458.812535
20
525.222119
11
462.304386
21
525.838709
0
LINE
8
OBJECTS
10
462.304386
20
525.838709
11
465.657686
21
526.960573
0
LINE
8
OBJECTS
10
465.657686
20
526.960573
11
468.819052
21
528.545174
0
LINE
8
OBJECTS
10
468.819052
20
528.545174
11
471.735105
21
530.549974
0
LINE
8
OBJECTS
10
471.735105
20
530.549974
11
474.352461
21
532.932438
0
LINE
8
OBJECTS
10
474.352461
20
532.932438
11
476.617740
21
535.650026
0
LINE
8
OBJECTS
10
476.617740
20
535.650026
11
478.477561
21
538.660204
0
LINE
8
OBJECTS
10
478.477561
20
538.660204
11
479.878541
21
541.920432
0
LINE
8
OBJECTS
10
479.878541
20
541.920432
11
480.767300
21
545.388175
0
LINE
8
OBJECTS
10
480.767300
20
545.388175
11
481.002914
21
547.186571
0
LINE
8
OBJECTS
10
481.002914
20
547.186571
11
481.090455
21
549.020895
0
LINE
8
OBJECTS
10
481.090455
20
549.020895
11
481.023250
21
550.885828
0
LINE
8
OBJECTS
10
481.023250
20
550.885828
11
480.794625
21
552.776054
0
LINE
8
OBJECTS
10
480.794625
20
552.776054
11
480.397910
21
554.686256
0
LINE
8
OBJECTS
10
480.397910
20
554.686256
11
479.826430
21
556.611117
0
LINE
8
OBJECTS
10
479.826430
20
556.611117
11
479.826430
21
556.611117
0
LINE
8
OBJECTS
10
450.447557
20
404.128891
11
442.419499
21
399.192995
0
LINE
8
OBJECTS
10
442.419499
20
399.192995
11
434.194083
21
394.370085
0
LINE
8
OBJECTS
10
434.194083
20
394.370085
11
425.929857
21
389.513016
0
LINE
8
OBJECTS
10
425.929857
20
389.513016
11
417.785368
21
384.474641
0
LINE
8
OBJECTS
10
417.785368
20
384.474641
11
409.919161
21
379.107815
0
LINE
8
OBJECTS
10
409.919161
20
379.107815
11
406.139960
21
376.255250
0
LINE
8
OBJECTS
10
406.139960
20
376.255250
11
402.489786
21
373.265393
0
LINE
8
OBJECTS
10
402.489786
20
373.265393
11
398.988455
21
370.119850
0
LINE
8
OBJECTS
10
398.988455
20
370.119850
11
395.655787
21
366.800228
0
LINE
8
OBJECTS
10
395.655787
20
366.800228
11
392.511601
21
363.288135
0
LINE
8
OBJECTS
10
392.511601
20
363.288135
11
389.575713
21
359.565177
0
LINE
8
OBJECTS
10
389.575713
20
359.565177
11
388.681130
21
357.976932
0
LINE
8
OBJECTS
10
388.681130
20
357.976932
11
387.980793
21
356.367152
0
LINE
8
OBJECTS
10
387.980793
20
356.367152
11
387.461254
21
354.738074
0
LINE
8
OBJECTS
10
387.461254
20
354.738074
11
387.109064
21
353.091935
0
LINE
8
OBJECTS
10
387.109064
20
353.091935
11
386.852940
21
349.757426
0
LINE
8
OBJECTS
10
386.852940
20
349.757426
11
387.104833
21
346.381525
0
LINE
8
OBJECTS
10
387.104833
20
346.381525
11
387.757155
21
342.982135
0
LINE
8
OBJECTS
10
387.757155
20
342.982135
11
388.702319
21
339.577156
0
LINE
8
OBJECTS
10
388.702319
20
339.577156
11
391.040822
21
332.822036
0
LINE
8
OBJECTS
10
391.040822
20
332.822036
11
393.259639
21
326.259375
0
LINE
8
OBJECTS
10
393.259639
20
326.259375
11
394.055197
21
323.094968
0
LINE
8
OBJECTS
10
394.055197
20
323.094968
11
394.498071
21
320.032380
0
LINE
8
OBJECTS
10
394.498071
20
320.032380
11
394.480673
21
317.089510
0
LINE
8
OBJECTS
10
394.480673
20
317.089510
11
394.265751
21
315.668564
0
LINE
8
OBJECTS
10
394.265751
20
315.668564
11
393.895415
21
314.284261
0
LINE
8
OBJECTS
10
393.895415
20
314.284261
11
393.356218
21
312.938837
0
LINE
8
OBJECTS
10
393.356218
20
312.938837
11
392.634711
21
311.634532
0
LINE
8
OBJECTS
10
392.634711
20
311.634532
11
391.717444
21
310.373582
0
LINE
8
OBJECTS
10
391.717444
20
310.373582
11
390.590971
21
309.158226
0
LINE
8
OBJECTS
10
390.590971
20
309.158226
11
389.808522
21
309.392803
0
LINE
8
OBJECTS
10
389.808522
20
309.392803
11
389.076468
21
309.811022
0
LINE
8
OBJECTS
10
389.076468
20
309.811022
11
388.392504
21
310.403077
0
LINE
8
OBJECTS
10
388.392504
20
310.403077
11
387.754329
21
311.159159
0
LINE
8
OBJECTS
10
387.754329
20
311.159159
11
386.606134
21
313.124174
0
LINE
8
OBJECTS
10
386.606134
20
313.124174
11
385.613460
21
315.627607
0
LINE
8
OBJECTS
10
385.613460
20
315.627607
11
384.757884
21
318.590995
0
LINE
8
OBJECTS
10
384.757884
20
318.590995
11
384.020985
21
321.935879
0
LINE
8
OBJECTS
10
384.020985
20
321.935879
11
382.829528
21
329.456286
0
LINE
8
OBJECTS
10
382.829528
20
329.456286
11
381.891711
21
337.561138
0
LINE
8
OBJECTS
10
381.891711
20
337.561138
11
381.060157
21
345.622745
0
LINE
8
OBJECTS
10
381.060157
20
345.622745
11
380.187487
21
353.013417
0
LINE
8
OBJECTS
10
380.187487
20
353.013417
11
379.126325
21
359.105464
0
LINE
8
OBJECTS
10
379.126325
20
359.105464
11
377.800787
21
368.763022
0
LINE
8
OBJECTS
10
377.800787
20
368.763022
11
376.954245
21
378.465035
0
LINE
8
OBJECTS
10
376.954245
20
378.465035
11
376.419157
21
388.186317
0
LINE
8
OBJECTS
10
376.419157
20
388.186317
11
376.027979
21
397.901682
0
LINE
8
OBJECTS
10
376.027979
20
397.901682
11
375.613167
21
407.585943
0
LINE
8
OBJECTS
10
375.613167
20
407.585943
11
375.007177
21
417.213914
0
LINE
8
OBJECTS
10
375.007177
20
417.213914
11
374.042466
21
426.760409
0
LINE
8
OBJECTS
10
374.042466
20
426.760409
11
373.373233
21
431.495231
0
LINE
8
OBJECTS
10
373.373233
20
431.495231
11
372.551491
21
436.200240
0
LINE
8
OBJECTS
10
372.551491
20
436.200240
11
382.752908
21
432.272514
0
LINE
8
OBJECTS
10
382.752908
20
432.272514
11
388.093092
21
430.583692
0
LINE
8
OBJECTS
10
388.093092
20
430.583692
11
390.684093
21
430.021770
0
LINE
8
OBJECTS
10
390.684093
20
430.021770
11
393.169432
21
429.729597
0
LINE
8
OBJECTS
10
393.169432
20
429.729597
11
395.509404
21
429.768236
0
LINE
8
OBJECTS
10
395.509404
20
429.768236
11
397.664309
21
430.198755
0
LINE
8
OBJECTS
10
397.664309
20
430.198755
11
399.594442
21
431.082218
0
LINE
8
OBJECTS
10
399.594442
20
431.082218
11
400.462813
21
431.712888
0
LINE
8
OBJECTS
10
400.462813
20
431.712888
11
401.260102
21
432.479692
0
LINE
8
OBJECTS
10
401.260102
20
432.479692
11
401.981348
21
433.390266
0
LINE
8
OBJECTS
10
401.981348
20
433.390266
11
402.621586
21
434.452243
0
LINE
8
OBJECTS
10
402.621586
20
434.452243
11
403.639193
21
437.060935
0
LINE
8
OBJECTS
10
403.639193
20
437.060935
11
404.273218
21
440.366834
0
LINE
8
OBJECTS
10
404.273218
20
440.366834
11
404.483960
21
444.431007
0
LINE
8
OBJECTS
10
404.483960
20
444.431007
11
404.313055
21
447.020237
0
LINE
8
OBJECTS
10
404.313055
20
447.020237
11
404.301172
21
449.495546
0
LINE
8
OBJECTS
10
404.301172
20
449.495546
11
404.441975
21
451.861148
0
LINE
8
OBJECTS
10
404.441975
20
451.861148
11
404.729133
21
454.121254
0
LINE
8
OBJECTS
10
404.729133
20
454.121254
11
405.156311
21
456.280076
0
LINE
8
OBJECTS
10
405.156311
20
456.280076
11
405.717175
21
458.341828
0
LINE
8
OBJECTS
10
405.717175
20
458.341828
11
407.214630
21
462.190965
0
LINE
8
OBJECTS
10
407.214630
20
462.190965
11
409.170829
21
465.702364
0
LINE
8
OBJECTS
10
409.170829
20
465.702364
11
411.535104
21
468.909721
0
LINE
8
OBJECTS
10
411.535104
20
468.909721
11
414.256786
21
471.846734
0
LINE
8
OBJECTS
10
414.256786
20
471.846734
11
417.285207
21
474.547100
0
LINE
8
OBJECTS
10
417.285207
20
474.547100
11
420.569697
21
477.044516
0
LINE
8
OBJECTS
10
420.569697
20
477.044516
11
424.059590
21
479.372681
0
LINE
8
OBJECTS
10
424.059590
20
479.372681
11
427.704216
21
481.565292
0
LINE
8
OBJECTS
10
427.704216
20
481.565292
11
431.452907
21
483.656045
0
LINE
8
OBJECTS
10
431.452907
20
483.656045
11
439.059809
21
487.666769
0
LINE
8
OBJECTS
10
439.059809
20
487.666769
11
446.474949
21
491.674434
0
LINE
8
OBJECTS
10
446.474949
20
491.674434
11
448.089569
21
493.560048
0
LINE
8
OBJECTS
10
448.089569
20
493.560048
11
449.432957
21
495.485611
0
LINE
8
OBJECTS
10
449.432957
20
495.485611
11
450.516196
21
497.439852
0
LINE
8
OBJECTS
10
450.516196
20
497.439852
11
451.350367
21
499.411501
0
LINE
8
OBJECTS
10
451.350367
20
499.411501
11
451.946553
21
501.389286
0
LINE
8
OBJECTS
10
451.946553
20
501.389286
11
452.315836
21
503.361937
0
LINE
8
OBJECTS
10
452.315836
20
503.361937
11
452.469297
21
505.318181
0
LINE
8
OBJECTS
10
452.469297
20
505.318181
11
452.418020
21
507.246749
0
LINE
8
OBJECTS
10
452.418020
20
507.246749
11
452.173085
21
509.136368
0
LINE
8
OBJECTS
10
452.173085
20
509.136368
11
451.745576
21
510.975769
0
LINE
8
OBJECTS
10
451.745576
20
510.975769
11
451.146573
21
512.753678
0
LINE
8
OBJECTS
10
451.146573
20
512.753678
11
450.387160
21
514.458827
0
LINE
8
OBJECTS
10
450.387160
20
514.458827
11
449.478418
21
516.079943
0
LINE
8
OBJECTS
10
449.478418
20
516.079943
11
448.431430
21
517.605755
0
LINE
8
OBJECTS
10
448.431430
20
517.605755
11
447.257277
21
519.024992
0
LINE
8
OBJECTS
10
447.257277
20
519.024992
11
445.967042
21
520.326384
0
LINE
8
OBJECTS
10
445.967042
20
520.326384
11
444.571807
21
521.498658
0
LINE
8
OBJECTS
10
444.571807
20
521.498658
11
443.082653
21
522.530545
0
LINE
8
OBJECTS
10
443.082653
20
522.530545
11
441.510664
21
523.410772
0
LINE
8
OBJECTS
10
441.510664
20
523.410772
11
439.866920
21
524.128068
0
LINE
8
OBJECTS
10
439.866920
20
524.128068
11
438.162504
21
524.671164
0
LINE
8
OBJECTS
10
438.162504
20
524.671164
11
436.408499
21
525.028786
0
LINE
8
OBJECTS
10
436.408499
20
525.028786
11
434.615986
21
525.189665
0
LINE
8
OBJECTS
10
434.615986
20
525.189665
11
432.796047
21
525.142529
0
LINE
8
OBJECTS
10
432.796047
20
525.142529
11
430.959764
21
524.876108
0
LINE
8
OBJECTS
10
430.959764
20
524.876108
11
429.118220
21
524.379129
0
LINE
8
OBJECTS
10
429.118220
20
524.379129
11
427.282497
21
523.640322
0
LINE
8
OBJECTS
10
427.282497
20
523.640322
11
425.463677
21
522.648416
0
LINE
8
OBJECTS
10
425.463677
20
522.648416
11
423.672841
21
521.392139
0
LINE
8
OBJECTS
10
423.672841
20
521.392139
11
421.921072
21
519.860221
0
LINE
8
OBJECTS
10
421.921072
20
519.860221
11
420.219452
21
518.041391
0
LINE
8
OBJECTS
10
420.219452
20
518.041391
11
418.579064
21
515.924377
0
LINE
8
OBJECTS
10
418.579064
20
515.924377
11
409.717808
21
509.125679
0
LINE
8
OBJECTS
10
409.717808
20
509.125679
11
400.592623
21
502.650626
0
LINE
8
OBJECTS
10
400.592623
20
502.650626
11
382.043459
21
490.078879
0
LINE
8
OBJECTS
10
382.043459
20
490.078879
11
372.865977
21
483.685898
0
LINE
8
OBJECTS
10
372.865977
20
483.685898
11
363.917561
21
477.023989
0
LINE
8
OBJECTS
10
363.917561
20
477.023989
11
359.567768
21
473.545891
0
LINE
8
OBJECTS
10
359.567768
20
473.545891
11
355.321459
21
469.945007
0
LINE
8
OBJECTS
10
355.321459
20
469.945007
11
351.194041
21
466.202820
0
LINE
8
OBJECTS
10
351.194041
20
466.202820
11
347.200920
21
462.300811
0
LINE
8
OBJECTS
10
347.200920
20
462.300811
11
347.573476
21
458.769404
0
LINE
8
OBJECTS
10
347.573476
20
458.769404
11
348.453599
21
455.438631
0
LINE
8
OBJECTS
10
348.453599
20
455.438631
11
349.761078
21
452.273030
0
LINE
8
OBJECTS
10
349.761078
20
452.273030
11
351.415702
21
449.237137
0
LINE
8
OBJECTS
10
351.415702
20
449.237137
11
353.337261
21
446.295490
0
LINE
8
OBJECTS
10
353.337261
20
446.295490
11
355.445544
21
443.412625
0
LINE
8
OBJECTS
10
355.445544
20
443.412625
11
359.901437
21
437.681390
0
LINE
8
OBJECTS
10
359.901437
20
437.681390
11
362.088625
21
434.762093
0
LINE
8
OBJECTS
10
362.088625
20
434.762093
11
364.141694
21
431.759727
0
LINE
8
OBJECTS
10
364.141694
20
431.759727
11
365.980432
21
428.638827
0
LINE
8
OBJECTS
10
365.980432
20
428.638827
11
367.524629
21
425.363931
0
LINE
8
OBJECTS
10
367.524629
20
425.363931
11
368.694073
21
421.899575
0
LINE
8
OBJECTS
10
368.694073
20
421.899575
11
369.408555
21
418.210298
0
LINE
8
OBJECTS
10
369.408555
20
418.210298
11
369.570118
21
416.270230
0
LINE
8
OBJECTS
10
369.570118
20
416.270230
11
369.587862
21
414.260634
0
LINE
8
OBJECTS
10
369.587862
20
414.260634
11
369.451759
21
412.177076
0
LINE
8
OBJECTS
10
369.451759
20
412.177076
11
369.151784
21
410.015122
0
LINE
8
OBJECTS
10
369.151784
20
410.015122
11
369.602677
21
404.439083
0
LINE
8
OBJECTS
10
369.602677
20
404.439083
11
369.826442
21
399.200793
0
LINE
8
OBJECTS
10
369.826442
20
399.200793
11
369.625910
21
394.546229
0
LINE
8
OBJECTS
10
369.625910
20
394.546229
11
369.304917
21
392.514711
0
LINE
8
OBJECTS
10
369.304917
20
392.514711
11
368.803911
21
390.721366
0
LINE
8
OBJECTS
10
368.803911
20
390.721366
11
368.098245
21
389.196940
0
LINE
8
OBJECTS
10
368.098245
20
389.196940
11
367.163273
21
387.972179
0
LINE
8
OBJECTS
10
367.163273
20
387.972179
11
365.974349
21
387.077832
0
LINE
8
OBJECTS
10
365.974349
20
387.077832
11
364.506827
21
386.544644
0
LINE
8
OBJECTS
10
364.506827
20
386.544644
11
362.736060
21
386.403363
0
LINE
8
OBJECTS
10
362.736060
20
386.403363
11
360.637403
21
386.684736
0
LINE
8
OBJECTS
10
360.637403
20
386.684736
11
358.186208
21
387.419509
0
LINE
8
OBJECTS
10
358.186208
20
387.419509
11
355.357829
21
388.638430
0
LINE
8
OBJECTS
10
355.357829
20
388.638430
11
358.363696
21
386.187483
0
LINE
8
OBJECTS
10
358.363696
20
386.187483
11
360.935029
21
383.496342
0
LINE
8
OBJECTS
10
360.935029
20
383.496342
11
363.112862
21
380.588804
0
LINE
8
OBJECTS
10
363.112862
20
380.588804
11
364.938233
21
377.488667
0
LINE
8
OBJECTS
10
364.938233
20
377.488667
11
366.452180
21
374.219729
0
LINE
8
OBJECTS
10
366.452180
20
374.219729
11
367.695738
21
370.805789
0
LINE
8
OBJECTS
10
367.695738
20
370.805789
11
368.709945
21
367.270643
0
LINE
8
OBJECTS
10
368.709945
20
367.270643
11
369.535836
21
363.638091
0
LINE
8
OBJECTS
10
369.535836
20
363.638091
11
370.786823
21
356.175959
0
LINE
8
OBJECTS
10
370.786823
20
356.175959
11
371.776992
21
348.609776
0
LINE
8
OBJECTS
10
371.776992
20
348.609776
11
372.834638
21
341.129925
0
LINE
8
OBJECTS
10
372.834638
20
341.129925
11
373.491357
21
337.481870
0
LINE
8
OBJECTS
10
373.491357
20
337.481870
11
374.288055
21
333.926793
0
LINE
8
OBJECTS
10
374.288055
20
333.926793
11
376.310820
21
322.707398
0
LINE
8
OBJECTS
10
376.310820
20
322.707398
11
377.442665
21
316.093512
0
LINE
8
OBJECTS
10
377.442665
20
316.093512
11
378.350565
21
309.424849
0
LINE
8
OBJECTS
10
378.350565
20
309.424849
11
378.806329
21
303.162424
0
LINE
8
OBJECTS
10
378.806329
20
303.162424
11
378.793350
21
300.327617
0
LINE
8
OBJECTS
10
378.793350
20
300.327617
11
378.581767
21
297.767248
0
LINE
8
OBJECTS
10
378.581767
20
297.767248
11
378.143054
21
295.538946
0
LINE
8
OBJECTS
10
378.143054
20
295.538946
11
377.448689
21
293.700335
0
LINE
8
OBJECTS
10
377.448689
20
293.700335
11
376.470148
21
292.309044
0
LINE
8
OBJECTS
10
376.470148
20
292.309044
11
375.865397
21
291.799151
0
LINE
8
OBJECTS
10
375.865397
20
291.799151
11
375.178906
21
291.422698
0
LINE
8
OBJECTS
10
375.178906
20
291.422698
11
372.663985
21
293.365315
0
LINE
8
OBJECTS
10
372.663985
20
293.365315
11
370.883272
21
294.291890
0
LINE
8
OBJECTS
10
370.883272
20
294.291890
11
370.237411
21
294.408656
0
LINE
8
OBJECTS
10
370.237411
20
294.408656
11
369.738102
21
294.312805
0
LINE
8
OBJECTS
10
369.738102
20
294.312805
11
369.373012
21
294.018135
0
LINE
8
OBJECTS
10
369.373012
20
294.018135
11
369.129808
21
293.538442
0
LINE
8
OBJECTS
10
369.129808
20
293.538442
11
368.959722
21
292.079181
0
LINE
8
OBJECTS
10
368.959722
20
292.079181
11
369.129180
21
290.045404
0
LINE
8
OBJECTS
10
369.129180
20
290.045404
11
370.092056
21
284.695824
0
LINE
8
OBJECTS
10
370.092056
20
284.695824
11
371.229104
21
278.372752
0
LINE
8
OBJECTS
10
371.229104
20
278.372752
11
371.616277
21
275.122109
0
LINE
8
OBJECTS
10
371.616277
20
275.122109
11
371.750993
21
271.959237
0
LINE
8
OBJECTS
10
371.750993
20
271.959237
11
371.534585
21
268.994516
0
LINE
8
OBJECTS
10
371.534585
20
268.994516
11
370.868389
21
266.338328
0
LINE
8
OBJECTS
10
370.868389
20
266.338328
11
370.335786
21
265.160428
0
LINE
8
OBJECTS
10
370.335786
20
265.160428
11
369.653736
21
264.101054
0
LINE
8
OBJECTS
10
369.653736
20
264.101054
11
368.809905
21
263.174004
0
LINE
8
OBJECTS
10
368.809905
20
263.174004
11
367.791960
21
262.393075
0
LINE
8
OBJECTS
10
367.791960
20
262.393075
11
365.944497
21
257.396191
0
LINE
8
OBJECTS
10
365.944497
20
257.396191
11
363.281479
21
251.724808
0
LINE
8
OBJECTS
10
363.281479
20
251.724808
11
361.740236
21
248.901213
0
LINE
8
OBJECTS
10
361.740236
20
248.901213
11
360.110423
21
246.227033
0
LINE
8
OBJECTS
10
360.110423
20
246.227033
11
358.430480
21
243.808284
0
LINE
8
OBJECTS
10
358.430480
20
243.808284
11
356.738846
21
241.750977
0
LINE
8
OBJECTS
10
356.738846
20
241.750977
11
355.073962
21
240.161127
0
LINE
8
OBJECTS
10
355.073962
20
240.161127
11
353.474267
21
239.144748
0
LINE
8
OBJECTS
10
353.474267
20
239.144748
11
352.710878
21
238.884739
0
LINE
8
OBJECTS
10
352.710878
20
238.884739
11
351.978201
21
238.807852
0
LINE
8
OBJECTS
10
351.978201
20
238.807852
11
351.281041
21
238.927340
0
LINE
8
OBJECTS
10
351.281041
20
238.927340
11
350.624203
21
239.256455
0
LINE
8
OBJECTS
10
350.624203
20
239.256455
11
350.012493
21
239.808447
0
LINE
8
OBJECTS
10
350.012493
20
239.808447
11
349.450714
21
240.596568
0
LINE
8
OBJECTS
10
349.450714
20
240.596568
11
348.943672
21
241.634071
0
LINE
8
OBJECTS
10
348.943672
20
241.634071
11
348.496172
21
242.934207
0
LINE
8
OBJECTS
10
348.496172
20
242.934207
11
347.799018
21
246.375383
0
LINE
8
OBJECTS
10
347.799018
20
246.375383
11
347.397691
21
251.026113
0
LINE
8
OBJECTS
10
347.397691
20
251.026113
11
348.685209
21
256.138961
0
LINE
8
OBJECTS
10
348.685209
20
256.138961
11
349.508396
21
261.205993
0
LINE
8
OBJECTS
10
349.508396
20
261.205993
11
349.876266
21
266.206678
0
LINE
8
OBJECTS
10
349.876266
20
266.206678
11
349.797832
21
271.120484
0
LINE
8
OBJECTS
10
349.797832
20
271.120484
11
349.282108
21
275.926882
0
LINE
8
OBJECTS
10
349.282108
20
275.926882
11
348.338108
21
280.605339
0
LINE
8
OBJECTS
10
348.338108
20
280.605339
11
346.974846
21
285.135326
0
LINE
8
OBJECTS
10
346.974846
20
285.135326
11
345.201334
21
289.496312
0
LINE
8
OBJECTS
10
345.201334
20
289.496312
11
343.026588
21
293.667766
0
LINE
8
OBJECTS
10
343.026588
20
293.667766
11
340.459620
21
297.629157
0
LINE
8
OBJECTS
10
340.459620
20
297.629157
11
337.509444
21
301.359954
0
LINE
8
OBJECTS
10
337.509444
20
301.359954
11
334.185074
21
304.839627
0
LINE
8
OBJECTS
10
334.185074
20
304.839627
11
330.495524
21
308.047645
0
LINE
8
OBJECTS
10
330.495524
20
308.047645
11
326.449807
21
310.963477
0
LINE
8
OBJECTS
10
326.449807
20
310.963477
11
322.056937
21
313.566592
0
LINE
8
OBJECTS
10
322.056937
20
313.566592
11
317.325928
21
315.836459
0
LINE
8
OBJECTS
10
317.325928
20
315.836459
11
315.282465
21
316.664468
0
LINE
8
OBJECTS
10
315.282465
20
316.664468
11
312.981768
21
317.896802
0
LINE
8
OBJECTS
10
312.981768
20
317.896802
11
307.847178
21
321.143556
0
LINE
8
OBJECTS
10
307.847178
20
321.143556
11
302.399160
21
324.714946
0
LINE
8
OBJECTS
10
302.399160
20
324.714946
11
299.706679
21
326.353075
0
LINE
8
OBJECTS
10
299.706679
20
326.353075
11
297.114717
21
327.749196
0
LINE
8
OBJECTS
10
297.114717
20
327.749196
11
294.682899
21
328.795589
0
LINE
8
OBJECTS
10
294.682899
20
328.795589
11
292.470851
21
329.384531
0
LINE
8
OBJECTS
10
292.470851
20
329.384531
11
291.465874
21
329.473795
0
LINE
8
OBJECTS
10
291.465874
20
329.473795
11
290.538199
21
329.408300
0
LINE
8
OBJECTS
10
290.538199
20
329.408300
11
289.695278
21
329.174582
0
LINE
8
OBJECTS
10
289.695278
20
329.174582
11
288.944567
21
328.759174
0
LINE
8
OBJECTS
10
288.944567
20
328.759174
11
288.293516
21
328.148613
0
LINE
8
OBJECTS
10
288.293516
20
328.148613
11
287.749580
21
327.329432
0
LINE
8
OBJECTS
10
287.749580
20
327.329432
11
287.320212
21
326.288166
0
LINE
8
OBJECTS
10
287.320212
20
326.288166
11
287.012865
21
325.011350
0
LINE
8
OBJECTS
10
287.012865
20
325.011350
11
286.834992
21
323.485519
0
LINE
8
OBJECTS
10
286.834992
20
323.485519
11
286.794047
21
321.697208
0
LINE
8
OBJECTS
10
286.794047
20
321.697208
11
287.152750
21
317.279283
0
LINE
8
OBJECTS
10
287.152750
20
317.279283
11
286.472831
21
312.354305
0
LINE
8
OBJECTS
10
286.472831
20
312.354305
11
286.131624
21
307.328418
0
LINE
8
OBJECTS
10
286.131624
20
307.328418
11
286.136988
21
302.249777
0
LINE
8
OBJECTS
10
286.136988
20
302.249777
11
286.496777
21
297.166536
0
LINE
8
OBJECTS
10
286.496777
20
297.166536
11
287.218848
21
292.126849
0
LINE
8
OBJECTS
10
287.218848
20
292.126849
11
288.311058
21
287.178870
0
LINE
8
OBJECTS
10
288.311058
20
287.178870
11
289.781263
21
282.370753
0
LINE
8
OBJECTS
10
289.781263
20
282.370753
11
291.637320
21
277.750653
0
LINE
8
OBJECTS
10
291.637320
20
277.750653
11
293.887083
21
273.366723
0
LINE
8
OBJECTS
10
293.887083
20
273.366723
11
296.538411
21
269.267117
0
LINE
8
OBJECTS
10
296.538411
20
269.267117
11
299.599159
21
265.499990
0
LINE
8
OBJECTS
10
299.599159
20
265.499990
11
303.077183
21
262.113496
0
LINE
8
OBJECTS
10
303.077183
20
262.113496
11
304.975129
21
260.578034
0
LINE
8
OBJECTS
10
304.975129
20
260.578034
11
306.980340
21
259.155788
0
LINE
8
OBJECTS
10
306.980340
20
259.155788
11
309.093799
21
257.852778
0
LINE
8
OBJECTS
10
309.093799
20
257.852778
11
311.316487
21
256.675022
0
LINE
8
OBJECTS
10
311.316487
20
256.675022
11
313.649386
21
255.628540
0
LINE
8
OBJECTS
10
313.649386
20
255.628540
11
316.093479
21
254.719350
0
LINE
8
OBJECTS
10
316.093479
20
254.719350
11
318.649747
21
253.953473
0
LINE
8
OBJECTS
10
318.649747
20
253.953473
11
321.319173
21
253.336928
0
LINE
8
OBJECTS
10
321.319173
20
253.336928
11
324.066142
21
253.211324
0
LINE
8
OBJECTS
10
324.066142
20
253.211324
11
326.651695
21
252.888659
0
LINE
8
OBJECTS
10
326.651695
20
252.888659
11
329.078278
21
252.378121
0
LINE
8
OBJECTS
10
329.078278
20
252.378121
11
331.348337
21
251.688898
0
LINE
8
OBJECTS
10
331.348337
20
251.688898
11
333.464316
21
250.830178
0
LINE
8
OBJECTS
10
333.464316
20
250.830178
11
335.428662
21
249.811148
0
LINE
8
OBJECTS
10
335.428662
20
249.811148
11
337.243821
21
248.640997
0
LINE
8
OBJECTS
10
337.243821
20
248.640997
11
338.912237
21
247.328912
0
LINE
8
OBJECTS
10
338.912237
20
247.328912
11
340.436357
21
245.884081
0
LINE
8
OBJECTS
10
340.436357
20
245.884081
11
341.818626
21
244.315692
0
LINE
8
OBJECTS
10
341.818626
20
244.315692
11
343.061490
21
242.632933
0
LINE
8
OBJECTS
10
343.061490
20
242.632933
11
344.167395
21
240.844992
0
LINE
8
OBJECTS
10
344.167395
20
240.844992
11
345.138786
21
238.961056
0
LINE
8
OBJECTS
10
345.138786
20
238.961056
11
345.978109
21
236.990314
0
LINE
8
OBJECTS
10
345.978109
20
236.990314
11
347.270334
21
232.825160
0
LINE
8
OBJECTS
10
347.270334
20
232.825160
11
348.063633
21
228.423035
0
LINE
8
OBJECTS
10
348.063633
20
228.423035
11
348.377574
21
223.857440
0
LINE
8
OBJECTS
10
348.377574
20
223.857440
11
348.231720
21
219.201878
0
LINE
8
OBJECTS
10
348.231720
20
219.201878
11
347.645637
21
214.529853
0
LINE
8
OBJECTS
10
347.645637
20
214.529853
11
346.638891
21
209.914867
0
LINE
8
OBJECTS
10
346.638891
20
209.914867
11
345.231046
21
205.430423
0
LINE
8
OBJECTS
10
345.231046
20
205.430423
11
343.441668
21
201.150023
0
LINE
8
OBJECTS
10
343.441668
20
201.150023
11
341.290321
21
197.147171
0
LINE
8
OBJECTS
10
341.290321
20
197.147171
11
338.206511
21
186.811675
0
LINE
8
OBJECTS
10
338.206511
20
186.811675
11
335.384592
21
176.363398
0
LINE
8
OBJECTS
10
335.384592
20
176.363398
11
332.943219
21
165.817990
0
LINE
8
OBJECTS
10
332.943219
20
165.817990
11
331.001046
21
155.191097
0
LINE
8
OBJECTS
10
331.001046
20
155.191097
11
330.254238
21
149.851985
0
LINE
8
OBJECTS
10
330.254238
20
149.851985
11
329.676726
21
144.498370
0
LINE
8
OBJECTS
10
329.676726
20
144.498370
11
329.283342
21
139.132208
0
LINE
8
OBJECTS
10
329.283342
20
139.132208
11
329.088916
21
133.755455
0
LINE
8
OBJECTS
10
329.088916
20
133.755455
11
329.108281
21
128.370068
0
LINE
8
OBJECTS
10
329.108281
20
128.370068
11
329.356268
21
122.978002
0
LINE
8
OBJECTS
10
329.356268
20
122.978002
11
329.847710
21
117.581214
0
LINE
8
OBJECTS
10
329.847710
20
117.581214
11
330.597437
21
112.181659
0
LINE
8
OBJECTS
10
330.597437
20
112.181659
11
332.394283
21
92.737561
0
LINE
8
OBJECTS
10
332.394283
20
92.737561
11
333.038337
21
82.942655
0
LINE
8
OBJECTS
10
333.038337
20
82.942655
11
333.276406
21
73.154883
0
LINE
8
OBJECTS
10
333.276406
20
73.154883
11
333.187788
21
68.276728
0
LINE
8
OBJECTS
10
333.187788
20
68.276728
11
332.931184
21
63.416024
0
LINE
8
OBJECTS
10
332.931184
20
63.416024
11
332.484431
21
58.577993
0
LINE
8
OBJECTS
10
332.484431
20
58.577993
11
331.825365
21
53.767858
0
LINE
8
OBJECTS
10
331.825365
20
53.767858
11
330.931823
21
48.990841
0
LINE
8
OBJECTS
10
330.931823
20
48.990841
11
329.781643
21
44.252165
0
LINE
8
OBJECTS
10
329.781643
20
44.252165
11
328.352660
21
39.557051
0
LINE
8
OBJECTS
10
328.352660
20
39.557051
11
326.622713
21
34.910723
0
LINE
8
OBJECTS
10
326.622713
20
34.910723
11
328.825920
21
33.990442
0
LINE
8
OBJECTS
10
328.825920
20
33.990442
11
330.834633
21
33.379386
0
LINE
8
OBJECTS
10
330.834633
20
33.379386
11
332.657323
21
33.062185
0
LINE
8
OBJECTS
10
332.657323
20
33.062185
11
334.302462
21
33.023469
0
LINE
8
OBJECTS
10
334.302462
20
33.023469
11
335.778521
21
33.247868
0
LINE
8
OBJECTS
10
335.778521
20
33.247868
11
337.093972
21
33.720012
0
LINE
8
OBJECTS
10
337.093972
20
33.720012
11
338.257287
21
34.424530
0
LINE
8
OBJECTS
10
338.257287
20
34.424530
11
339.276937
21
35.346053
0
LINE
8
OBJECTS
10
339.276937
20
35.346053
11
340.161394
21
36.469210
0
LINE
8
OBJECTS
10
340.161394
20
36.469210
11
340.919130
21
37.778632
0
LINE
8
OBJECTS
10
340.919130
20
37.778632
11
341.558615
21
39.258948
0
LINE
8
OBJECTS
10
341.558615
20
39.258948
11
342.088322
21
40.894787
0
LINE
8
OBJECTS
10
342.088322
20
40.894787
11
342.852289
21
44.571559
0
LINE
8
OBJECTS
10
342.852289
20
44.571559
11
343.278801
21
48.685986
0
LINE
8
OBJECTS
10
343.278801
20
48.685986
11
343.435634
21
53.115106
0
LINE
8
OBJECTS
10
343.435634
20
53.115106
11
343.390558
21
57.735960
0
LINE
8
OBJECTS
10
343.390558
20
57.735960
11
342.965777
21
67.061025
0
LINE
8
OBJECTS
10
342.965777
20
67.061025
11
342.546641
21
75.677493
0
LINE
8
OBJECTS
10
342.546641
20
75.677493
11
342.508622
21
79.412601
0
LINE
8
OBJECTS
10
342.508622
20
79.412601
11
342.675334
21
82.601676
0
LINE
8
OBJECTS
10
342.675334
20
82.601676
11
342.447033
21
87.088717
0
LINE
8
OBJECTS
10
342.447033
20
87.088717
11
342.079201
21
91.679548
0
LINE
8
OBJECTS
10
342.079201
20
91.679548
11
341.147757
21
101.075814
0
LINE
8
OBJECTS
10
341.147757
20
101.075814
11
340.326630
21
110.596930
0
LINE
8
OBJECTS
10
340.326630
20
110.596930
11
340.096693
21
115.343826
0
LINE
8
OBJECTS
10
340.096693
20
115.343826
11
340.061446
21
120.049355
0
LINE
8
OBJECTS
10
340.061446
20
120.049355
11
340.276591
21
124.689327
0
LINE
8
OBJECTS
10
340.276591
20
124.689327
11
340.797831
21
129.239547
0
LINE
8
OBJECTS
10
340.797831
20
129.239547
11
341.680871
21
133.675823
0
LINE
8
OBJECTS
10
341.680871
20
133.675823
11
342.981413
21
137.973963
0
LINE
8
OBJECTS
10
342.981413
20
137.973963
11
344.755162
21
142.109773
0
LINE
8
OBJECTS
10
344.755162
20
142.109773
11
347.057819
21
146.059060
0
LINE
8
OBJECTS
10
347.057819
20
146.059060
11
348.424896
21
147.956198
0
LINE
8
OBJECTS
10
348.424896
20
147.956198
11
349.945089
21
149.797632
0
LINE
8
OBJECTS
10
349.945089
20
149.797632
11
351.625361
21
151.580340
0
LINE
8
OBJECTS
10
351.625361
20
151.580340
11
353.472675
21
153.301297
0
LINE
8
OBJECTS
10
353.472675
20
153.301297
11
355.528186
21
155.159083
0
LINE
8
OBJECTS
10
355.528186
20
155.159083
11
356.551044
21
156.269806
0
LINE
8
OBJECTS
10
356.551044
20
156.269806
11
356.719289
21
156.584613
0
LINE
8
OBJECTS
10
356.719289
20
156.584613
11
356.682242
21
156.760166
0
LINE
8
OBJECTS
10
356.682242
20
156.760166
11
356.062775
21
156.756863
0
LINE
8
OBJECTS
10
356.062775
20
156.756863
11
353.135817
21
155.776064
0
LINE
8
OBJECTS
10
353.135817
20
155.776064
11
348.898121
21
154.341005
0
LINE
8
OBJECTS
10
348.898121
20
154.341005
11
346.640231
21
153.769878
0
LINE
8
OBJECTS
10
346.640231
20
153.769878
11
344.477637
21
153.465283
0
LINE
8
OBJECTS
10
344.477637
20
153.465283
11
342.551334
21
153.553922
0
LINE
8
OBJECTS
10
342.551334
20
153.553922
11
341.720852
21
153.785297
0
LINE
8
OBJECTS
10
341.720852
20
153.785297
11
341.002315
21
154.162493
0
LINE
8
OBJECTS
10
341.002315
20
154.162493
11
340.413348
21
154.701347
0
LINE
8
OBJECTS
10
340.413348
20
154.701347
11
339.971575
21
155.417697
0
LINE
8
OBJECTS
10
339.971575
20
155.417697
11
339.694619
21
156.327379
0
LINE
8
OBJECTS
10
339.694619
20
156.327379
11
339.600106
21
157.446232
0
LINE
8
OBJECTS
10
339.600106
20
157.446232
11
339.705659
21
158.790093
0
LINE
8
OBJECTS
10
339.705659
20
158.790093
11
340.028903
21
160.374798
0
LINE
8
OBJECTS
10
340.028903
20
160.374798
11
340.587461
21
162.216187
0
LINE
8
OBJECTS
10
340.587461
20
162.216187
11
341.398959
21
164.330095
0
LINE
8
OBJECTS
10
341.398959
20
164.330095
11
342.498924
21
171.739971
0
LINE
8
OBJECTS
10
342.498924
20
171.739971
11
343.841035
21
179.083621
0
LINE
8
OBJECTS
10
343.841035
20
179.083621
11
345.411041
21
186.363708
0
LINE
8
OBJECTS
10
345.411041
20
186.363708
11
347.194696
21
193.582899
0
LINE
8
OBJECTS
10
347.194696
20
193.582899
11
349.177750
21
200.743858
0
LINE
8
OBJECTS
10
349.177750
20
200.743858
11
351.345956
21
207.849250
0
LINE
8
OBJECTS
10
351.345956
20
207.849250
11
353.685065
21
214.901739
0
LINE
8
OBJECTS
10
353.685065
20
214.901739
11
356.180828
21
221.903991
0
LINE
8
OBJECTS
10
356.180828
20
221.903991
11
361.585323
21
235.768441
0
LINE
8
OBJECTS
10
361.585323
20
235.768441
11
367.445455
21
249.463917
0
LINE
8
OBJECTS
10
367.445455
20
249.463917
11
373.647237
21
263.011739
0
LINE
8
OBJECTS
10
373.647237
20
263.011739
11
380.076681
21
276.433224
0
LINE
8
OBJECTS
10
380.076681
20
276.433224
11
380.811726
21
280.885952
0
LINE
8
OBJECTS
10
380.811726
20
280.885952
11
381.864032
21
285.168782
0
LINE
8
OBJECTS
10
381.864032
20
285.168782
11
383.223211
21
289.272138
0
LINE
8
OBJECTS
10
383.223211
20
289.272138
11
384.878876
21
293.186443
0
LINE
8
OBJECTS
10
384.878876
20
293.186443
11
386.820639
21
296.902119
0
LINE
8
OBJECTS
10
386.820639
20
296.902119
11
389.038113
21
300.409592
0
LINE
8
OBJECTS
10
389.038113
20
300.409592
11
391.520910
21
303.699283
0
LINE
8
OBJECTS
10
391.520910
20
303.699283
11
394.258644
21
306.761616
0
LINE
8
OBJECTS
10
394.258644
20
306.761616
11
397.240926
21
309.587015
0
LINE
8
OBJECTS
10
397.240926
20
309.587015
11
400.457370
21
312.165903
0
LINE
8
OBJECTS
10
400.457370
20
312.165903
11
403.897588
21
314.488704
0
LINE
8
OBJECTS
10
403.897588
20
314.488704
11
407.551193
21
316.545840
0
LINE
8
OBJECTS
10
407.551193
20
316.545840
11
411.407796
21
318.327735
0
LINE
8
OBJECTS
10
411.407796
20
318.327735
11
415.457012
21
319.824812
0
LINE
8
OBJECTS
10
415.457012
20
319.824812
11
419.688452
21
321.027495
0
LINE
8
OBJECTS
10
419.688452
20
321.027495
11
424.091730
21
321.926207
0
LINE
8
OBJECTS
10
424.091730
20
321.926207
11
427.035810
21
323.232344
0
LINE
8
OBJECTS
10
427.035810
20
323.232344
11
429.784836
21
324.691568
0
LINE
8
OBJECTS
10
429.784836
20
324.691568
11
432.344633
21
326.296718
0
LINE
8
OBJECTS
10
432.344633
20
326.296718
11
434.721025
21
328.040630
0
LINE
8
OBJECTS
10
434.721025
20
328.040630
11
436.919839
21
329.916143
0
LINE
8
OBJECTS
10
436.919839
20
329.916143
11
438.946899
21
331.916094
0
LINE
8
OBJECTS
10
438.946899
20
331.916094
11
440.808029
21
334.033321
0
LINE
8
OBJECTS
10
440.808029
20
334.033321
11
442.509056
21
336.260662
0
LINE
8
OBJECTS
10
442.509056
20
336.260662
11
444.055804
21
338.590954
0
LINE
8
OBJECTS
10
444.055804
20
338.590954
11
445.454098
21
341.017035
0
LINE
8
OBJECTS
10
445.454098
20
341.017035
11
446.709763
21
343.531742
0
LINE
8
OBJECTS
10
446.709763
20
343.531742
11
447.828624
21
346.127914
0
LINE
8
OBJECTS
10
447.828624
20
346.127914
11
449.679234
21
351.536002
0
LINE
8
OBJECTS
10
449.679234
20
351.536002
11
451.052529
21
357.183999
0
LINE
8
OBJECTS
10
451.052529
20
357.183999
11
451.995109
21
363.014607
0
LINE
8
OBJECTS
10
451.995109
20
363.014607
11
452.553574
21
368.970528
0
LINE
8
OBJECTS
10
452.553574
20
368.970528
11
452.774524
21
374.994462
0
LINE
8
OBJECTS
10
452.774524
20
374.994462
11
452.704559
21
381.029111
0
LINE
8
OBJECTS
10
452.704559
20
381.029111
11
452.390280
21
387.017178
0
LINE
8
OBJECTS
10
452.390280
20
387.017178
11
451.878287
21
392.901362
0
LINE
8
OBJECTS
10
451.878287
20
392.901362
11
450.447557
21
404.128891
0
LINE
8
OBJECTS
10
450.447557
20
404.128891
11
450.447557
21
404.128891
0
LINE
8
OBJECTS
10
361.668319
20
440.800439
11
362.235579
21
440.573260
0
LINE
8
OBJECTS
10
362.235579
20
440.573260
11
362.695278
21
440.163788
0
LINE
8
OBJECTS
10
362.695278
20
440.163788
11
363.319360
21
438.980180
0
LINE
8
OBJECTS
10
363.319360
20
438.980180
11
363.595294
21
437.614044
0
LINE
8
OBJECTS
10
363.595294
20
437.614044
11
363.577811
21
436.429809
0
LINE
8
OBJECTS
10
363.577811
20
436.429809
11
363.321641
21
435.791902
0
LINE
8
OBJECTS
10
363.321641
20
435.791902
11
363.121152
21
435.791706
0
LINE
8
OBJECTS
10
363.121152
20
435.791706
11
362.881516
21
436.064753
0
LINE
8
OBJECTS
10
362.881516
20
436.064753
11
362.312165
21
437.612789
0
LINE
8
OBJECTS
10
362.312165
20
437.612789
11
361.668319
21
440.800439
0
LINE
8
OBJECTS
10
361.668319
20
440.800439
11
361.668319
21
440.800439
0
LINE
8
OBJECTS
10
367.602016
20
423.673452
11
368.916947
21
417.525441
0
LINE
8
OBJECTS
10
368.916947
20
417.525441
11
369.526692
21
413.785036
0
LINE
8
OBJECTS
10
369.526692
20
413.785036
11
369.540575
21
413.371208
0
LINE
8
OBJECTS
10
369.540575
20
413.371208
11
369.346309
21
414.223507
0
LINE
8
OBJECTS
10
369.346309
20
414.223507
11
368.290858
21
420.612121
0
LINE
8
OBJECTS
10
368.290858
20
420.612121
11
367.602016
21
423.673452
0
LINE
8
OBJECTS
10
324.755101
20
271.381964
11
322.652692
21
274.025810
0
LINE
8
OBJECTS
10
322.652692
20
274.025810
11
320.356860
21
277.239071
0
LINE
8
OBJECTS
10
320.356860
20
277.239071
11
315.376054
21
284.932710
0
LINE
8
OBJECTS
10
315.376054
20
284.932710
11
310.194937
21
293.580610
0
LINE
8
OBJECTS
10
310.194937
20
293.580610
11
305.195763
21
302.300502
0
LINE
8
OBJECTS
10
305.195763
20
302.300502
11
297.272259
21
316.427184
0
LINE
8
OBJECTS
10
297.272259
20
316.427184
11
295.112437
21
320.069435
0
LINE
8
OBJECTS
10
295.112437
20
320.069435
11
294.650244
21
320.649294
0
LINE
8
OBJECTS
10
294.650244
20
320.649294
11
294.663574
21
320.254599
0
LINE
8
OBJECTS
10
294.663574
20
320.254599
11
298.940941
21
313.453309
0
LINE
8
OBJECTS
10
298.940941
20
313.453309
11
303.942838
21
305.905942
0
LINE
8
OBJECTS
10
303.942838
20
305.905942
11
314.838556
21
290.047022
0
LINE
8
OBJECTS
10
314.838556
20
290.047022
11
324.787412
21
275.625933
0
LINE
8
OBJECTS
10
324.787412
20
275.625933
11
328.605729
21
269.875856
0
LINE
8
OBJECTS
10
328.605729
20
269.875856
11
331.226087
21
265.590772
0
LINE
8
OBJECTS
10
331.226087
20
265.590772
11
324.755101
21
271.381964
0
LINE
8
OBJECTS
10
324.755101
20
271.381964
11
324.755101
21
271.381964
0
LINE
8
OBJECTS
10
409.512677
20
338.266774
11
408.148714
21
337.360946
0
LINE
8
OBJECTS
10
408.148714
20
337.360946
11
406.815571
21
336.060337
0
LINE
8
OBJECTS
10
406.815571
20
336.060337
11
405.530263
21
334.459980
0
LINE
8
OBJECTS
10
405.530263
20
334.459980
11
404.309806
21
332.654910
0
LINE
8
OBJECTS
10
404.309806
20
332.654910
11
402.131504
21
328.810758
0
LINE
8
OBJECTS
10
402.131504
20
328.810758
11
400.416787
21
325.288148
0
LINE
8
OBJECTS
10
400.416787
20
325.288148
11
399.301775
21
322.847344
0
LINE
8
OBJECTS
10
399.301775
20
322.847344
11
399.011697
21
322.270203
0
LINE
8
OBJECTS
10
399.011697
20
322.270203
11
398.922591
21
322.248613
0
LINE
8
OBJECTS
10
398.922591
20
322.248613
11
400.916191
21
329.618429
0
LINE
8
OBJECTS
10
400.916191
20
329.618429
11
406.813537
21
337.269716
0
LINE
8
OBJECTS
10
406.813537
20
337.269716
11
412.579540
21
345.028237
0
LINE
8
OBJECTS
10
412.579540
20
345.028237
11
423.806929
21
360.789901
0
LINE
8
OBJECTS
10
423.806929
20
360.789901
11
434.777199
21
376.749264
0
LINE
8
OBJECTS
10
434.777199
20
376.749264
11
445.669188
21
392.752166
0
LINE
8
OBJECTS
10
445.669188
20
392.752166
11
442.386645
21
385.229715
0
LINE
8
OBJECTS
10
442.386645
20
385.229715
11
438.720744
21
377.868337
0
LINE
8
OBJECTS
10
438.720744
20
377.868337
11
434.686448
21
370.689178
0
LINE
8
OBJECTS
10
434.686448
20
370.689178
11
430.298718
21
363.713385
0
LINE
8
OBJECTS
10
430.298718
20
363.713385
11
425.572515
21
356.962102
0
LINE
8
OBJECTS
10
425.572515
20
356.962102
11
420.522799
21
350.456476
0
LINE
8
OBJECTS
10
420.522799
20
350.456476
11
415.164533
21
344.217651
0
LINE
8
OBJECTS
10
415.164533
20
344.217651
11
409.512677
21
338.266774
0
LINE
8
OBJECTS
10
409.512677
20
338.266774
11
409.512677
21
338.266774
 0 
ENDSEC
 0 
EOF