999
"DXF R12 Output" (www.mydxf.blogspot.com)
 0 
SECTION
 2 
HEADER
 9 
$ACADVER
 1 
AC1009
 9 
$EXTMIN
 10 
 0 
 20 
 0 
 9 
$EXTMAX
 10 
 8.5 
 20 
 11 
 0 
ENDSEC
 0 
SECTION
 2 
ENTITIES
0
LINE
8
BACKGROUND
10
0.000000
20
-0.000873
11
705.554000
21
-0.000873
0
LINE
8
BACKGROUND
10
705.554000
20
-0.000873
11
705.554000
21
705.553127
0
LINE
8
BACKGROUND
10
705.554000
20
705.553127
11
0.000000
21
705.553127
0
LINE
8
BACKGROUND
10
0.000000
20
705.553127
11
0.000000
21
-0.000873
0
LINE
8
OBJECTS
10
322.903000
20
649.198000
11
326.749177
21
650.042795
0
LINE
8
OBJECTS
10
326.749177
20
650.042795
11
330.636186
21
650.663849
0
LINE
8
OBJECTS
10
330.636186
20
650.663849
11
334.551646
21
651.061355
0
LINE
8
OBJECTS
10
334.551646
20
651.061355
11
338.483176
21
651.235508
0
LINE
8
OBJECTS
10
338.483176
20
651.235508
11
342.418393
21
651.186501
0
LINE
8
OBJECTS
10
342.418393
20
651.186501
11
346.344916
21
650.914530
0
LINE
8
OBJECTS
10
346.344916
20
650.914530
11
350.250363
21
650.419789
0
LINE
8
OBJECTS
10
350.250363
20
650.419789
11
354.122353
21
649.702471
0
LINE
8
OBJECTS
10
354.122353
20
649.702471
11
357.909062
21
648.774756
0
LINE
8
OBJECTS
10
357.909062
20
648.774756
11
361.636503
21
647.632728
0
LINE
8
OBJECTS
10
361.636503
20
647.632728
11
365.321921
21
646.268143
0
LINE
8
OBJECTS
10
365.321921
20
646.268143
11
368.964740
21
644.792168
0
LINE
8
OBJECTS
10
368.964740
20
644.792168
11
372.529204
21
643.390387
0
LINE
8
OBJECTS
10
372.529204
20
643.390387
11
376.178104
21
642.178443
0
LINE
8
OBJECTS
10
376.178104
20
642.178443
11
379.912662
21
641.342737
0
LINE
8
OBJECTS
10
379.912662
20
641.342737
11
381.812445
21
641.124222
0
LINE
8
OBJECTS
10
381.812445
20
641.124222
11
383.734102
21
641.069665
0
LINE
8
OBJECTS
10
383.734102
20
641.069665
11
385.845665
21
641.235614
0
LINE
8
OBJECTS
10
385.845665
20
641.235614
11
387.917376
21
641.616205
0
LINE
8
OBJECTS
10
387.917376
20
641.616205
11
391.979206
21
642.784514
0
LINE
8
OBJECTS
10
391.979206
20
642.784514
11
396.056603
21
644.059627
0
LINE
8
OBJECTS
10
396.056603
20
644.059627
11
398.133930
21
644.538599
0
LINE
8
OBJECTS
10
398.133930
20
644.538599
11
400.252532
21
644.806632
0
LINE
8
OBJECTS
10
400.252532
20
644.806632
11
400.540001
21
644.953078
0
LINE
8
OBJECTS
10
400.540001
20
644.953078
11
400.606015
21
645.270181
0
LINE
8
OBJECTS
10
400.606015
20
645.270181
11
400.171120
21
647.210456
0
LINE
8
OBJECTS
10
400.171120
20
647.210456
11
399.493417
21
649.074738
0
LINE
8
OBJECTS
10
399.493417
20
649.074738
11
398.592232
21
650.842430
0
LINE
8
OBJECTS
10
398.592232
20
650.842430
11
397.486893
21
652.492937
0
LINE
8
OBJECTS
10
397.486893
20
652.492937
11
396.196726
21
654.005663
0
LINE
8
OBJECTS
10
396.196726
20
654.005663
11
394.741059
21
655.360011
0
LINE
8
OBJECTS
10
394.741059
20
655.360011
11
393.139217
21
656.535385
0
LINE
8
OBJECTS
10
393.139217
20
656.535385
11
391.410530
21
657.511190
0
LINE
8
OBJECTS
10
391.410530
20
657.511190
11
389.411860
21
658.311509
0
LINE
8
OBJECTS
10
389.411860
20
658.311509
11
387.346186
21
658.825549
0
LINE
8
OBJECTS
10
387.346186
20
658.825549
11
385.228917
21
659.085193
0
LINE
8
OBJECTS
10
385.228917
20
659.085193
11
383.075467
21
659.122323
0
LINE
8
OBJECTS
10
383.075467
20
659.122323
11
378.230604
21
658.702297
0
LINE
8
OBJECTS
10
378.230604
20
658.702297
11
373.391033
21
658.212158
0
LINE
8
OBJECTS
10
373.391033
20
658.212158
11
371.032625
21
658.181841
0
LINE
8
OBJECTS
10
371.032625
20
658.181841
11
368.715724
21
658.411477
0
LINE
8
OBJECTS
10
368.715724
20
658.411477
11
366.464240
21
658.966020
0
LINE
8
OBJECTS
10
366.464240
20
658.966020
11
364.302087
21
659.910426
0
LINE
8
OBJECTS
10
364.302087
20
659.910426
11
362.405657
21
661.091970
0
LINE
8
OBJECTS
10
362.405657
20
661.091970
11
360.596076
21
662.403457
0
LINE
8
OBJECTS
10
360.596076
20
662.403457
11
356.950919
21
664.990415
0
LINE
8
OBJECTS
10
356.950919
20
664.990415
11
354.974712
21
666.031344
0
LINE
8
OBJECTS
10
354.974712
20
666.031344
11
352.897468
21
666.776305
0
LINE
8
OBJECTS
10
352.897468
20
666.776305
11
350.735226
21
667.216135
0
LINE
8
OBJECTS
10
350.735226
20
667.216135
11
348.504027
21
667.341674
0
LINE
8
OBJECTS
10
348.504027
20
667.341674
11
346.265828
21
667.167578
0
LINE
8
OBJECTS
10
346.265828
20
667.167578
11
344.064108
21
666.732075
0
LINE
8
OBJECTS
10
344.064108
20
666.732075
11
341.919736
21
666.062152
0
LINE
8
OBJECTS
10
341.919736
20
666.062152
11
339.853582
21
665.184795
0
LINE
8
OBJECTS
10
339.853582
20
665.184795
11
337.759063
21
664.044262
0
LINE
8
OBJECTS
10
337.759063
20
664.044262
11
335.790192
21
662.720935
0
LINE
8
OBJECTS
10
335.790192
20
662.720935
11
333.934471
21
661.242000
0
LINE
8
OBJECTS
10
333.934471
20
661.242000
11
332.179404
21
659.634643
0
LINE
8
OBJECTS
10
332.179404
20
659.634643
11
328.921238
21
656.143407
0
LINE
8
OBJECTS
10
328.921238
20
656.143407
11
325.915716
21
652.464715
0
LINE
8
OBJECTS
10
325.915716
20
652.464715
11
324.460158
21
650.600641
0
LINE
8
OBJECTS
10
324.460158
20
650.600641
11
324.383605
21
650.295489
0
LINE
8
OBJECTS
10
324.383605
20
650.295489
11
322.708267
21
649.904612
0
LINE
8
OBJECTS
10
322.708267
20
649.904612
11
322.481371
21
649.729712
0
LINE
8
OBJECTS
10
322.481371
20
649.729712
11
322.462337
21
649.465317
0
LINE
8
OBJECTS
10
322.462337
20
649.465317
11
322.614952
21
649.243916
0
LINE
8
OBJECTS
10
322.614952
20
649.243916
11
322.903000
21
649.198000
0
LINE
8
OBJECTS
10
355.338000
20
570.549000
11
362.617201
21
577.481421
0
LINE
8
OBJECTS
10
362.617201
20
577.481421
11
361.839680
21
579.406878
0
LINE
8
OBJECTS
10
361.839680
20
579.406878
11
358.247661
21
577.631042
0
LINE
8
OBJECTS
10
358.247661
20
577.631042
11
356.501674
21
576.677723
0
LINE
8
OBJECTS
10
356.501674
20
576.677723
11
354.867043
21
575.579247
0
LINE
8
OBJECTS
10
354.867043
20
575.579247
11
354.711549
21
575.334889
0
LINE
8
OBJECTS
10
354.711549
20
575.334889
11
354.660784
21
574.943984
0
LINE
8
OBJECTS
10
354.660784
20
574.943984
11
354.786477
21
573.795960
0
LINE
8
OBJECTS
10
354.786477
20
573.795960
11
355.338000
21
570.549000
0
LINE
8
OBJECTS
10
351.401000
20
552.166000
11
351.409467
21
552.192458
0
LINE
8
OBJECTS
10
351.409467
20
552.192458
11
355.071026
21
553.870026
0
LINE
8
OBJECTS
10
355.071026
20
553.870026
11
358.522895
21
555.693660
0
LINE
8
OBJECTS
10
358.522895
20
555.693660
11
361.773599
21
557.670983
0
LINE
8
OBJECTS
10
361.773599
20
557.670983
11
364.831661
21
559.809619
0
LINE
8
OBJECTS
10
364.831661
20
559.809619
11
367.705607
21
562.117191
0
LINE
8
OBJECTS
10
367.705607
20
562.117191
11
370.403961
21
564.601323
0
LINE
8
OBJECTS
10
370.403961
20
564.601323
11
372.935248
21
567.269637
0
LINE
8
OBJECTS
10
372.935248
20
567.269637
11
375.307992
21
570.129758
0
LINE
8
OBJECTS
10
375.307992
20
570.129758
11
376.399743
21
571.871445
0
LINE
8
OBJECTS
10
376.399743
20
571.871445
11
377.165032
21
573.823173
0
LINE
8
OBJECTS
10
377.165032
20
573.823173
11
377.606042
21
575.927921
0
LINE
8
OBJECTS
10
377.606042
20
575.927921
11
377.724955
21
578.128667
0
LINE
8
OBJECTS
10
377.724955
20
578.128667
11
377.523955
21
580.368390
0
LINE
8
OBJECTS
10
377.523955
20
580.368390
11
377.005224
21
582.590067
0
LINE
8
OBJECTS
10
377.005224
20
582.590067
11
376.170945
21
584.736677
0
LINE
8
OBJECTS
10
376.170945
20
584.736677
11
375.023301
21
586.751199
0
LINE
8
OBJECTS
10
375.023301
20
586.751199
11
373.752377
21
584.345127
0
LINE
8
OBJECTS
10
373.752377
20
584.345127
11
372.557389
21
581.841954
0
LINE
8
OBJECTS
10
372.557389
20
581.841954
11
370.144472
21
579.902568
0
LINE
8
OBJECTS
10
370.144472
20
579.902568
11
367.545751
21
578.160329
0
LINE
8
OBJECTS
10
367.545751
20
578.160329
11
364.936315
21
576.431518
0
LINE
8
OBJECTS
10
364.936315
20
576.431518
11
362.491251
21
574.532415
0
LINE
8
OBJECTS
10
362.491251
20
574.532415
11
361.038751
21
573.130881
0
LINE
8
OBJECTS
10
361.038751
20
573.130881
11
359.707322
21
571.626326
0
LINE
8
OBJECTS
10
359.707322
20
571.626326
11
357.372985
21
568.360405
0
LINE
8
OBJECTS
10
357.372985
20
568.360405
11
355.418854
21
564.839161
0
LINE
8
OBJECTS
10
355.418854
20
564.839161
11
353.775542
21
561.167105
0
LINE
8
OBJECTS
10
353.775542
20
561.167105
11
351.476494
21
554.789603
0
LINE
8
OBJECTS
10
351.476494
20
554.789603
11
350.039634
21
551.616726
0
LINE
8
OBJECTS
10
350.039634
20
551.616726
11
350.862310
21
551.962448
0
LINE
8
OBJECTS
10
350.862310
20
551.962448
11
351.170548
21
551.930477
0
LINE
8
OBJECTS
10
351.170548
20
551.930477
11
351.401000
21
552.166000
0
LINE
8
OBJECTS
10
368.316000
20
584.524000
11
369.491850
21
586.585188
0
LINE
8
OBJECTS
10
369.491850
20
586.585188
11
370.221349
21
588.436297
0
LINE
8
OBJECTS
10
370.221349
20
588.436297
11
370.998869
21
589.710351
0
LINE
8
OBJECTS
10
370.998869
20
589.710351
11
371.554140
21
591.093413
0
LINE
8
OBJECTS
10
371.554140
20
591.093413
11
371.776048
21
592.433856
0
LINE
8
OBJECTS
10
371.776048
20
592.433856
11
371.676818
21
593.757232
0
LINE
8
OBJECTS
10
371.676818
20
593.757232
11
371.269482
21
595.021078
0
LINE
8
OBJECTS
10
371.269482
20
595.021078
11
370.567070
21
596.182927
0
LINE
8
OBJECTS
10
370.567070
20
596.182927
11
369.599789
21
597.198263
0
LINE
8
OBJECTS
10
369.599789
20
597.198263
11
368.460727
21
597.987381
0
LINE
8
OBJECTS
10
368.460727
20
597.987381
11
367.188977
21
598.544725
0
LINE
8
OBJECTS
10
367.188977
20
598.544725
11
365.823630
21
598.864738
0
LINE
8
OBJECTS
10
365.823630
20
598.864738
11
364.250135
21
598.951119
0
LINE
8
OBJECTS
10
364.250135
20
598.951119
11
362.695028
21
598.787171
0
LINE
8
OBJECTS
10
362.695028
20
598.787171
11
361.171670
21
598.413740
0
LINE
8
OBJECTS
10
361.171670
20
598.413740
11
359.693425
21
597.871671
0
LINE
8
OBJECTS
10
359.693425
20
597.871671
11
356.629909
21
596.563926
0
LINE
8
OBJECTS
10
356.629909
20
596.563926
11
355.001667
21
596.132700
0
LINE
8
OBJECTS
10
355.001667
20
596.132700
11
353.323683
21
595.976905
0
LINE
8
OBJECTS
10
353.323683
20
595.976905
11
349.772630
21
595.951153
0
LINE
8
OBJECTS
10
349.772630
20
595.951153
11
348.194702
21
595.695874
0
LINE
8
OBJECTS
10
348.194702
20
595.695874
11
346.669956
21
595.213849
0
LINE
8
OBJECTS
10
346.669956
20
595.213849
11
343.986073
21
593.908927
0
LINE
8
OBJECTS
10
343.986073
20
593.908927
11
341.505654
21
592.246289
0
LINE
8
OBJECTS
10
341.505654
20
592.246289
11
339.467396
21
590.444039
0
LINE
8
OBJECTS
10
339.467396
20
590.444039
11
338.572456
21
589.419850
0
LINE
8
OBJECTS
10
338.572456
20
589.419850
11
337.790559
21
588.305769
0
LINE
8
OBJECTS
10
337.790559
20
588.305769
11
337.090919
21
586.950637
0
LINE
8
OBJECTS
10
337.090919
20
586.950637
11
336.620442
21
585.511202
0
LINE
8
OBJECTS
10
336.620442
20
585.511202
11
336.404823
21
584.015610
0
LINE
8
OBJECTS
10
336.404823
20
584.015610
11
336.469762
21
582.492004
0
LINE
8
OBJECTS
10
336.469762
20
582.492004
11
336.828167
21
580.978900
0
LINE
8
OBJECTS
10
336.828167
20
580.978900
11
337.456876
21
579.560251
0
LINE
8
OBJECTS
10
337.456876
20
579.560251
11
338.333830
21
578.280773
0
LINE
8
OBJECTS
10
338.333830
20
578.280773
11
339.436969
21
577.185180
0
LINE
8
OBJECTS
10
339.436969
20
577.185180
11
339.721980
21
577.099268
0
LINE
8
OBJECTS
10
339.721980
20
577.099268
11
339.968692
21
577.221252
0
LINE
8
OBJECTS
10
339.968692
20
577.221252
11
340.079012
21
577.454757
0
LINE
8
OBJECTS
10
340.079012
20
577.454757
11
339.954846
21
577.703409
0
LINE
8
OBJECTS
10
339.954846
20
577.703409
11
338.563846
21
579.195656
0
LINE
8
OBJECTS
10
338.563846
20
579.195656
11
339.333738
21
578.334483
0
LINE
8
OBJECTS
10
339.333738
20
578.334483
11
340.347839
21
577.463521
0
LINE
8
OBJECTS
10
340.347839
20
577.463521
11
341.128582
21
579.857384
0
LINE
8
OBJECTS
10
341.128582
20
579.857384
11
342.126629
21
581.967188
0
LINE
8
OBJECTS
10
342.126629
20
581.967188
11
343.337864
21
583.810797
0
LINE
8
OBJECTS
10
343.337864
20
583.810797
11
344.758169
21
585.406075
0
LINE
8
OBJECTS
10
344.758169
20
585.406075
11
346.383427
21
586.770884
0
LINE
8
OBJECTS
10
346.383427
20
586.770884
11
348.209519
21
587.923089
0
LINE
8
OBJECTS
10
348.209519
20
587.923089
11
350.232329
21
588.880553
0
LINE
8
OBJECTS
10
350.232329
20
588.880553
11
352.447738
21
589.661139
0
LINE
8
OBJECTS
10
352.447738
20
589.661139
11
354.855527
21
590.228925
0
LINE
8
OBJECTS
10
354.855527
20
590.228925
11
357.129557
21
590.439607
0
LINE
8
OBJECTS
10
357.129557
20
590.439607
11
359.276100
21
590.298891
0
LINE
8
OBJECTS
10
359.276100
20
590.298891
11
361.301426
21
589.812480
0
LINE
8
OBJECTS
10
361.301426
20
589.812480
11
363.211808
21
588.986081
0
LINE
8
OBJECTS
10
363.211808
20
588.986081
11
365.013517
21
587.825397
0
LINE
8
OBJECTS
10
365.013517
20
587.825397
11
366.712824
21
586.336136
0
LINE
8
OBJECTS
10
366.712824
20
586.336136
11
368.316000
21
584.524000
0
LINE
8
OBJECTS
10
385.225000
20
560.259000
11
386.311315
21
557.400617
0
LINE
8
OBJECTS
10
386.311315
20
557.400617
11
387.664095
21
554.758953
0
LINE
8
OBJECTS
10
387.664095
20
554.758953
11
389.240306
21
552.298214
0
LINE
8
OBJECTS
10
389.240306
20
552.298214
11
390.996917
21
549.982606
0
LINE
8
OBJECTS
10
390.996917
20
549.982606
11
394.879211
21
545.643614
0
LINE
8
OBJECTS
10
394.879211
20
545.643614
11
398.966722
21
541.455633
0
LINE
8
OBJECTS
10
398.966722
20
541.455633
11
400.076785
21
540.519869
0
LINE
8
OBJECTS
10
400.076785
20
540.519869
11
401.229280
21
539.931036
0
LINE
8
OBJECTS
10
401.229280
20
539.931036
11
402.391399
21
539.677916
0
LINE
8
OBJECTS
10
402.391399
20
539.677916
11
403.530334
21
539.749295
0
LINE
8
OBJECTS
10
403.530334
20
539.749295
11
404.613277
21
540.133956
0
LINE
8
OBJECTS
10
404.613277
20
540.133956
11
405.607419
21
540.820684
0
LINE
8
OBJECTS
10
405.607419
20
540.820684
11
406.479952
21
541.798263
0
LINE
8
OBJECTS
10
406.479952
20
541.798263
11
407.198068
21
543.055477
0
LINE
8
OBJECTS
10
407.198068
20
543.055477
11
408.705732
21
547.047327
0
LINE
8
OBJECTS
10
408.705732
20
547.047327
11
409.644174
21
551.029069
0
LINE
8
OBJECTS
10
409.644174
20
551.029069
11
410.054700
21
554.992018
0
LINE
8
OBJECTS
10
410.054700
20
554.992018
11
409.978612
21
558.927487
0
LINE
8
OBJECTS
10
409.978612
20
558.927487
11
409.457216
21
562.826791
0
LINE
8
OBJECTS
10
409.457216
20
562.826791
11
408.531813
21
566.681245
0
LINE
8
OBJECTS
10
408.531813
20
566.681245
11
407.243709
21
570.482161
0
LINE
8
OBJECTS
10
407.243709
20
570.482161
11
405.634208
21
574.220855
0
LINE
8
OBJECTS
10
405.634208
20
574.220855
11
403.340149
21
578.539794
0
LINE
8
OBJECTS
10
403.340149
20
578.539794
11
400.551617
21
582.700644
0
LINE
8
OBJECTS
10
400.551617
20
582.700644
11
398.981857
21
584.624718
0
LINE
8
OBJECTS
10
398.981857
20
584.624718
11
397.300397
21
586.392786
0
LINE
8
OBJECTS
10
397.300397
20
586.392786
11
395.511210
21
587.966023
0
LINE
8
OBJECTS
10
395.511210
20
587.966023
11
393.618270
21
589.305600
0
LINE
8
OBJECTS
10
393.618270
20
589.305600
11
390.989432
21
591.020932
0
LINE
8
OBJECTS
10
390.989432
20
591.020932
11
388.603485
21
592.785596
0
LINE
8
OBJECTS
10
388.603485
20
592.785596
11
386.476142
21
594.654018
0
LINE
8
OBJECTS
10
386.476142
20
594.654018
11
384.623118
21
596.680624
0
LINE
8
OBJECTS
10
384.623118
20
596.680624
11
383.060127
21
598.919838
0
LINE
8
OBJECTS
10
383.060127
20
598.919838
11
381.802881
21
601.426086
0
LINE
8
OBJECTS
10
381.802881
20
601.426086
11
380.867095
21
604.253794
0
LINE
8
OBJECTS
10
380.867095
20
604.253794
11
380.268483
21
607.457388
0
LINE
8
OBJECTS
10
380.268483
20
607.457388
11
379.561588
21
611.320669
0
LINE
8
OBJECTS
10
379.561588
20
611.320669
11
379.079528
21
612.916725
0
LINE
8
OBJECTS
10
379.079528
20
612.916725
11
378.510424
21
614.291169
0
LINE
8
OBJECTS
10
378.510424
20
614.291169
11
377.853300
21
615.445581
0
LINE
8
OBJECTS
10
377.853300
20
615.445581
11
377.107176
21
616.381543
0
LINE
8
OBJECTS
10
377.107176
20
616.381543
11
376.271077
21
617.100637
0
LINE
8
OBJECTS
10
376.271077
20
617.100637
11
375.344025
21
617.604445
0
LINE
8
OBJECTS
10
375.344025
20
617.604445
11
374.325043
21
617.894548
0
LINE
8
OBJECTS
10
374.325043
20
617.894548
11
373.213153
21
617.972530
0
LINE
8
OBJECTS
10
373.213153
20
617.972530
11
372.007379
21
617.839970
0
LINE
8
OBJECTS
10
372.007379
20
617.839970
11
370.706744
21
617.498452
0
LINE
8
OBJECTS
10
370.706744
20
617.498452
11
367.816978
21
616.194866
0
LINE
8
OBJECTS
10
367.816978
20
616.194866
11
364.536040
21
614.074426
0
LINE
8
OBJECTS
10
364.536040
20
614.074426
11
361.931463
21
612.273904
0
LINE
8
OBJECTS
10
361.931463
20
612.273904
11
359.273693
21
610.619019
0
LINE
8
OBJECTS
10
359.273693
20
610.619019
11
356.557624
21
609.114020
0
LINE
8
OBJECTS
10
356.557624
20
609.114020
11
353.778150
21
607.763157
0
LINE
8
OBJECTS
10
353.778150
20
607.763157
11
350.930165
21
606.570680
0
LINE
8
OBJECTS
10
350.930165
20
606.570680
11
348.008564
21
605.540838
0
LINE
8
OBJECTS
10
348.008564
20
605.540838
11
345.008242
21
604.677882
0
LINE
8
OBJECTS
10
345.008242
20
604.677882
11
341.924093
21
603.986062
0
LINE
8
OBJECTS
10
341.924093
20
603.986062
11
337.633001
21
602.932890
0
LINE
8
OBJECTS
10
337.633001
20
602.932890
11
333.416523
21
601.580476
0
LINE
8
OBJECTS
10
333.416523
20
601.580476
11
330.160751
21
600.202377
0
LINE
8
OBJECTS
10
330.160751
20
600.202377
11
327.252220
21
598.456114
0
LINE
8
OBJECTS
10
327.252220
20
598.456114
11
324.690344
21
596.386593
0
LINE
8
OBJECTS
10
324.690344
20
596.386593
11
322.474538
21
594.038721
0
LINE
8
OBJECTS
10
322.474538
20
594.038721
11
320.604214
21
591.457403
0
LINE
8
OBJECTS
10
320.604214
20
591.457403
11
319.078787
21
588.687548
0
LINE
8
OBJECTS
10
319.078787
20
588.687548
11
317.897672
21
585.774062
0
LINE
8
OBJECTS
10
317.897672
20
585.774062
11
317.060282
21
582.761851
0
LINE
8
OBJECTS
10
317.060282
20
582.761851
11
316.566030
21
579.695822
0
LINE
8
OBJECTS
10
316.566030
20
579.695822
11
316.414332
21
576.620883
0
LINE
8
OBJECTS
10
316.414332
20
576.620883
11
316.604600
21
573.581939
0
LINE
8
OBJECTS
10
316.604600
20
573.581939
11
317.136250
21
570.623897
0
LINE
8
OBJECTS
10
317.136250
20
570.623897
11
318.008694
21
567.791664
0
LINE
8
OBJECTS
10
318.008694
20
567.791664
11
319.221348
21
565.130148
0
LINE
8
OBJECTS
10
319.221348
20
565.130148
11
320.773624
21
562.684253
0
LINE
8
OBJECTS
10
320.773624
20
562.684253
11
322.664938
21
560.498888
0
LINE
8
OBJECTS
10
322.664938
20
560.498888
11
324.536503
21
558.402864
0
LINE
8
OBJECTS
10
324.536503
20
558.402864
11
326.232351
21
556.129304
0
LINE
8
OBJECTS
10
326.232351
20
556.129304
11
329.501051
21
551.457567
0
LINE
8
OBJECTS
10
329.501051
20
551.457567
11
330.772812
21
551.274123
0
LINE
8
OBJECTS
10
330.772812
20
551.274123
11
329.930777
21
557.716801
0
LINE
8
OBJECTS
10
329.930777
20
557.716801
11
329.453056
21
560.924712
0
LINE
8
OBJECTS
10
329.453056
20
560.924712
11
328.814899
21
564.094392
0
LINE
8
OBJECTS
10
328.814899
20
564.094392
11
328.372444
21
566.519240
0
LINE
8
OBJECTS
10
328.372444
20
566.519240
11
328.172186
21
569.019564
0
LINE
8
OBJECTS
10
328.172186
20
569.019564
11
328.203392
21
571.572005
0
LINE
8
OBJECTS
10
328.203392
20
571.572005
11
328.455326
21
574.153210
0
LINE
8
OBJECTS
10
328.455326
20
574.153210
11
328.917254
21
576.739823
0
LINE
8
OBJECTS
10
328.917254
20
576.739823
11
329.578442
21
579.308487
0
LINE
8
OBJECTS
10
329.578442
20
579.308487
11
330.428154
21
581.835847
0
LINE
8
OBJECTS
10
330.428154
20
581.835847
11
331.455656
21
584.298548
0
LINE
8
OBJECTS
10
331.455656
20
584.298548
11
332.650213
21
586.673233
0
LINE
8
OBJECTS
10
332.650213
20
586.673233
11
334.001090
21
588.936548
0
LINE
8
OBJECTS
10
334.001090
20
588.936548
11
335.497553
21
591.065137
0
LINE
8
OBJECTS
10
335.497553
20
591.065137
11
337.128867
21
593.035643
0
LINE
8
OBJECTS
10
337.128867
20
593.035643
11
338.884297
21
594.824712
0
LINE
8
OBJECTS
10
338.884297
20
594.824712
11
340.753108
21
596.408988
0
LINE
8
OBJECTS
10
340.753108
20
596.408988
11
342.724566
21
597.765115
0
LINE
8
OBJECTS
10
342.724566
20
597.765115
11
344.787936
21
598.869737
0
LINE
8
OBJECTS
10
344.787936
20
598.869737
11
347.431222
21
599.924304
0
LINE
8
OBJECTS
10
347.431222
20
599.924304
11
350.089221
21
600.673976
0
LINE
8
OBJECTS
10
350.089221
20
600.673976
11
352.758688
21
601.143398
0
LINE
8
OBJECTS
10
352.758688
20
601.143398
11
355.436378
21
601.357212
0
LINE
8
OBJECTS
10
355.436378
20
601.357212
11
358.119045
21
601.340061
0
LINE
8
OBJECTS
10
358.119045
20
601.340061
11
360.803444
21
601.116590
0
LINE
8
OBJECTS
10
360.803444
20
601.116590
11
363.486331
21
600.711442
0
LINE
8
OBJECTS
10
363.486331
20
600.711442
11
366.164459
21
600.149259
0
LINE
8
OBJECTS
10
366.164459
20
600.149259
11
368.980931
21
599.378265
0
LINE
8
OBJECTS
10
368.980931
20
599.378265
11
371.792575
21
598.318876
0
LINE
8
OBJECTS
10
371.792575
20
598.318876
11
374.329449
21
596.915529
0
LINE
8
OBJECTS
10
374.329449
20
596.915529
11
375.410492
21
596.067508
0
LINE
8
OBJECTS
10
375.410492
20
596.067508
11
376.321614
21
595.112662
0
LINE
8
OBJECTS
10
376.321614
20
595.112662
11
377.922466
21
592.960332
0
LINE
8
OBJECTS
10
377.922466
20
592.960332
11
379.334434
21
590.693739
0
LINE
8
OBJECTS
10
379.334434
20
590.693739
11
380.532579
21
588.322313
0
LINE
8
OBJECTS
10
380.532579
20
588.322313
11
381.491958
21
585.855485
0
LINE
8
OBJECTS
10
381.491958
20
585.855485
11
382.187631
21
583.302684
0
LINE
8
OBJECTS
10
382.187631
20
583.302684
11
382.594656
21
580.673340
0
LINE
8
OBJECTS
10
382.594656
20
580.673340
11
382.688093
21
577.976882
0
LINE
8
OBJECTS
10
382.688093
20
577.976882
11
382.443001
21
575.222742
0
LINE
8
OBJECTS
10
382.443001
20
575.222742
11
382.258220
21
573.200621
0
LINE
8
OBJECTS
10
382.258220
20
573.200621
11
382.305395
21
571.255142
0
LINE
8
OBJECTS
10
382.305395
20
571.255142
11
382.544625
21
569.369649
0
LINE
8
OBJECTS
10
382.544625
20
569.369649
11
382.936006
21
567.527485
0
LINE
8
OBJECTS
10
382.936006
20
567.527485
11
384.015614
21
563.906521
0
LINE
8
OBJECTS
10
384.015614
20
563.906521
11
385.225000
21
560.259000
0
LINE
8
OBJECTS
10
411.258000
20
515.413000
11
412.516560
21
516.501119
0
LINE
8
OBJECTS
10
412.516560
20
516.501119
11
413.673420
21
517.895492
0
LINE
8
OBJECTS
10
413.673420
20
517.895492
11
414.465884
21
519.350190
0
LINE
8
OBJECTS
10
414.465884
20
519.350190
11
414.643374
21
520.023308
0
LINE
8
OBJECTS
10
414.643374
20
520.023308
11
414.631254
21
520.619283
0
LINE
8
OBJECTS
10
414.631254
20
520.619283
11
413.618464
21
524.580401
0
LINE
8
OBJECTS
10
413.618464
20
524.580401
11
412.379125
21
528.492604
0
LINE
8
OBJECTS
10
412.379125
20
528.492604
11
409.696256
21
536.273057
0
LINE
8
OBJECTS
10
409.696256
20
536.273057
11
407.921082
21
535.949208
0
LINE
8
OBJECTS
10
407.921082
20
535.949208
11
405.077876
21
530.149598
0
LINE
8
OBJECTS
10
405.077876
20
530.149598
11
402.120370
21
524.412694
0
LINE
8
OBJECTS
10
402.120370
20
524.412694
11
399.835301
21
520.289922
0
LINE
8
OBJECTS
10
399.835301
20
520.289922
11
398.534265
21
518.356941
0
LINE
8
OBJECTS
10
398.534265
20
518.356941
11
397.018156
21
516.660067
0
LINE
8
OBJECTS
10
397.018156
20
516.660067
11
393.007714
21
513.125851
0
LINE
8
OBJECTS
10
393.007714
20
513.125851
11
388.852896
21
509.916563
0
LINE
8
OBJECTS
10
388.852896
20
509.916563
11
384.530506
21
507.070093
0
LINE
8
OBJECTS
10
384.530506
20
507.070093
11
380.017348
21
504.624330
0
LINE
8
OBJECTS
10
380.017348
20
504.624330
11
375.290225
21
502.617162
0
LINE
8
OBJECTS
10
375.290225
20
502.617162
11
370.325941
21
501.086478
0
LINE
8
OBJECTS
10
370.325941
20
501.086478
11
365.101299
21
500.070168
0
LINE
8
OBJECTS
10
365.101299
20
500.070168
11
362.384095
21
499.766744
0
LINE
8
OBJECTS
10
362.384095
20
499.766744
11
359.593103
21
499.606121
0
LINE
8
OBJECTS
10
359.593103
20
499.606121
11
353.140167
21
499.214147
0
LINE
8
OBJECTS
10
353.140167
20
499.214147
11
346.680450
21
498.415014
0
LINE
8
OBJECTS
10
346.680450
20
498.415014
11
340.302292
21
497.177003
0
LINE
8
OBJECTS
10
340.302292
20
497.177003
11
334.094028
21
495.468400
0
LINE
8
OBJECTS
10
334.094028
20
495.468400
11
330.933239
21
494.540781
0
LINE
8
OBJECTS
10
330.933239
20
494.540781
11
327.816329
21
493.814823
0
LINE
8
OBJECTS
10
327.816329
20
493.814823
11
324.728804
21
493.308437
0
LINE
8
OBJECTS
10
324.728804
20
493.308437
11
321.656170
21
493.039530
0
LINE
8
OBJECTS
10
321.656170
20
493.039530
11
318.583933
21
493.026011
0
LINE
8
OBJECTS
10
318.583933
20
493.026011
11
315.497598
21
493.285790
0
LINE
8
OBJECTS
10
315.497598
20
493.285790
11
312.382673
21
493.836776
0
LINE
8
OBJECTS
10
312.382673
20
493.836776
11
309.224661
21
494.696876
0
LINE
8
OBJECTS
10
309.224661
20
494.696876
11
306.442948
21
495.356613
0
LINE
8
OBJECTS
10
306.442948
20
495.356613
11
303.554212
21
495.713139
0
LINE
8
OBJECTS
10
303.554212
20
495.713139
11
297.640875
21
496.216640
0
LINE
8
OBJECTS
10
297.640875
20
496.216640
11
297.595014
21
494.882878
0
LINE
8
OBJECTS
10
297.595014
20
494.882878
11
297.659220
21
494.314819
0
LINE
8
OBJECTS
10
297.659220
20
494.314819
11
301.320243
21
488.975172
0
LINE
8
OBJECTS
10
301.320243
20
488.975172
11
305.360562
21
484.101632
0
LINE
8
OBJECTS
10
305.360562
20
484.101632
11
309.758200
21
479.670567
0
LINE
8
OBJECTS
10
309.758200
20
479.670567
11
314.491181
21
475.658339
0
LINE
8
OBJECTS
10
314.491181
20
475.658339
11
319.537526
21
472.041316
0
LINE
8
OBJECTS
10
319.537526
20
472.041316
11
324.875260
21
468.795862
0
LINE
8
OBJECTS
10
324.875260
20
468.795862
11
330.482405
21
465.898343
0
LINE
8
OBJECTS
10
330.482405
20
465.898343
11
336.336985
21
463.325123
0
LINE
8
OBJECTS
10
336.336985
20
463.325123
11
337.026142
21
463.168692
0
LINE
8
OBJECTS
10
337.026142
20
463.168692
11
337.821509
21
463.188097
0
LINE
8
OBJECTS
10
337.821509
20
463.188097
11
339.595983
21
463.648135
0
LINE
8
OBJECTS
10
339.595983
20
463.648135
11
341.390631
21
464.492677
0
LINE
8
OBJECTS
10
341.390631
20
464.492677
11
342.935678
21
465.509166
0
LINE
8
OBJECTS
10
342.935678
20
465.509166
11
349.200160
21
470.539964
0
LINE
8
OBJECTS
10
349.200160
20
470.539964
11
355.383415
21
475.677786
0
LINE
8
OBJECTS
10
355.383415
20
475.677786
11
361.607415
21
480.756077
0
LINE
8
OBJECTS
10
361.607415
20
480.756077
11
367.994134
21
485.608282
0
LINE
8
OBJECTS
10
367.994134
20
485.608282
11
378.730048
21
493.169991
0
LINE
8
OBJECTS
10
378.730048
20
493.169991
11
389.570372
21
500.586576
0
LINE
8
OBJECTS
10
389.570372
20
500.586576
11
411.258000
21
515.413000
0
LINE
8
OBJECTS
10
389.861000
20
637.338000
11
386.623283
21
637.163634
0
LINE
8
OBJECTS
10
386.623283
20
637.163634
11
383.489506
21
637.301107
0
LINE
8
OBJECTS
10
383.489506
20
637.301107
11
380.443388
21
637.718534
0
LINE
8
OBJECTS
10
380.443388
20
637.718534
11
377.468650
21
638.384028
0
LINE
8
OBJECTS
10
377.468650
20
638.384028
11
374.549011
21
639.265702
0
LINE
8
OBJECTS
10
374.549011
20
639.265702
11
371.668191
21
640.331671
0
LINE
8
OBJECTS
10
371.668191
20
640.331671
11
365.957889
21
642.888946
0
LINE
8
OBJECTS
10
365.957889
20
642.888946
11
362.539408
21
644.504725
0
LINE
8
OBJECTS
10
362.539408
20
644.504725
11
359.001700
21
645.959738
0
LINE
8
OBJECTS
10
359.001700
20
645.959738
11
355.401880
21
647.039902
0
LINE
8
OBJECTS
10
355.401880
20
647.039902
11
353.596528
21
647.372516
0
LINE
8
OBJECTS
10
353.596528
20
647.372516
11
351.797067
21
647.531139
0
LINE
8
OBJECTS
10
351.797067
20
647.531139
11
346.592202
21
647.481017
0
LINE
8
OBJECTS
10
346.592202
20
647.481017
11
341.520001
21
646.959508
0
LINE
8
OBJECTS
10
341.520001
20
646.959508
11
336.597669
21
645.961948
0
LINE
8
OBJECTS
10
336.597669
20
645.961948
11
331.842413
21
644.483675
0
LINE
8
OBJECTS
10
331.842413
20
644.483675
11
327.271438
21
642.520024
0
LINE
8
OBJECTS
10
327.271438
20
642.520024
11
322.901952
21
640.066333
0
LINE
8
OBJECTS
10
322.901952
20
640.066333
11
318.751160
21
637.117939
0
LINE
8
OBJECTS
10
318.751160
20
637.117939
11
314.836268
21
633.670178
0
LINE
8
OBJECTS
10
314.836268
20
633.670178
11
313.296248
21
632.031039
0
LINE
8
OBJECTS
10
313.296248
20
632.031039
11
311.874727
21
630.262297
0
LINE
8
OBJECTS
10
311.874727
20
630.262297
11
309.314162
21
626.433663
0
LINE
8
OBJECTS
10
309.314162
20
626.433663
11
307.008521
21
622.379605
0
LINE
8
OBJECTS
10
307.008521
20
622.379605
11
304.811757
21
618.295450
0
LINE
8
OBJECTS
10
304.811757
20
618.295450
11
303.053478
21
614.570307
0
LINE
8
OBJECTS
10
303.053478
20
614.570307
11
301.521979
21
610.719256
0
LINE
8
OBJECTS
10
301.521979
20
610.719256
11
299.949007
21
606.898962
0
LINE
8
OBJECTS
10
299.949007
20
606.898962
11
298.066308
21
603.266092
0
LINE
8
OBJECTS
10
298.066308
20
603.266092
11
296.935726
21
601.124204
0
LINE
8
OBJECTS
10
296.935726
20
601.124204
11
296.076996
21
598.872384
0
LINE
8
OBJECTS
10
296.076996
20
598.872384
11
295.485408
21
596.534322
0
LINE
8
OBJECTS
10
295.485408
20
596.534322
11
295.156250
21
594.133709
0
LINE
8
OBJECTS
10
295.156250
20
594.133709
11
295.084813
21
591.694236
0
LINE
8
OBJECTS
10
295.084813
20
591.694236
11
295.266386
21
589.239593
0
LINE
8
OBJECTS
10
295.266386
20
589.239593
11
295.696257
21
586.793470
0
LINE
8
OBJECTS
10
295.696257
20
586.793470
11
296.369715
21
584.379558
0
LINE
8
OBJECTS
10
296.369715
20
584.379558
11
297.282051
21
582.021547
0
LINE
8
OBJECTS
10
297.282051
20
582.021547
11
298.428552
21
579.743128
0
LINE
8
OBJECTS
10
298.428552
20
579.743128
11
299.804509
21
577.567992
0
LINE
8
OBJECTS
10
299.804509
20
577.567992
11
301.405210
21
575.519828
0
LINE
8
OBJECTS
10
301.405210
20
575.519828
11
303.225945
21
573.622328
0
LINE
8
OBJECTS
10
303.225945
20
573.622328
11
305.262002
21
571.899181
0
LINE
8
OBJECTS
10
305.262002
20
571.899181
11
307.508672
21
570.374079
0
LINE
8
OBJECTS
10
307.508672
20
570.374079
11
309.961243
21
569.070712
0
LINE
8
OBJECTS
10
309.961243
20
569.070712
11
309.767634
21
573.006716
0
LINE
8
OBJECTS
10
309.767634
20
573.006716
11
309.676287
21
576.777522
0
LINE
8
OBJECTS
10
309.676287
20
576.777522
11
309.345096
21
580.303390
0
LINE
8
OBJECTS
10
309.345096
20
580.303390
11
308.982650
21
581.949555
0
LINE
8
OBJECTS
10
308.982650
20
581.949555
11
308.431955
21
583.504583
0
LINE
8
OBJECTS
10
308.431955
20
583.504583
11
307.092492
21
587.002085
0
LINE
8
OBJECTS
10
307.092492
20
587.002085
11
306.228013
21
590.334588
0
LINE
8
OBJECTS
10
306.228013
20
590.334588
11
305.858089
21
593.527291
0
LINE
8
OBJECTS
10
305.858089
20
593.527291
11
306.002291
21
596.605397
0
LINE
8
OBJECTS
10
306.002291
20
596.605397
11
306.680189
21
599.594108
0
LINE
8
OBJECTS
10
306.680189
20
599.594108
11
307.911355
21
602.518623
0
LINE
8
OBJECTS
10
307.911355
20
602.518623
11
309.715359
21
605.404146
0
LINE
8
OBJECTS
10
309.715359
20
605.404146
11
312.111771
21
608.275878
0
LINE
8
OBJECTS
10
312.111771
20
608.275878
11
314.239546
21
610.874566
0
LINE
8
OBJECTS
10
314.239546
20
610.874566
11
316.019129
21
613.725930
0
LINE
8
OBJECTS
10
316.019129
20
613.725930
11
317.030679
21
615.437994
0
LINE
8
OBJECTS
10
317.030679
20
615.437994
11
318.140970
21
617.014305
0
LINE
8
OBJECTS
10
318.140970
20
617.014305
11
319.344572
21
618.452598
0
LINE
8
OBJECTS
10
319.344572
20
618.452598
11
320.636054
21
619.750611
0
LINE
8
OBJECTS
10
320.636054
20
619.750611
11
322.009987
21
620.906080
0
LINE
8
OBJECTS
10
322.009987
20
620.906080
11
323.460941
21
621.916742
0
LINE
8
OBJECTS
10
323.460941
20
621.916742
11
324.983485
21
622.780333
0
LINE
8
OBJECTS
10
324.983485
20
622.780333
11
326.572189
21
623.494590
0
LINE
8
OBJECTS
10
326.572189
20
623.494590
11
328.221623
21
624.057249
0
LINE
8
OBJECTS
10
328.221623
20
624.057249
11
329.926357
21
624.466046
0
LINE
8
OBJECTS
10
329.926357
20
624.466046
11
331.680960
21
624.718720
0
LINE
8
OBJECTS
10
331.680960
20
624.718720
11
333.480003
21
624.813005
0
LINE
8
OBJECTS
10
333.480003
20
624.813005
11
335.318056
21
624.746640
0
LINE
8
OBJECTS
10
335.318056
20
624.746640
11
337.189688
21
624.517359
0
LINE
8
OBJECTS
10
337.189688
20
624.517359
11
339.089469
21
624.122900
0
LINE
8
OBJECTS
10
339.089469
20
624.122900
11
341.011969
21
623.561000
0
LINE
8
OBJECTS
10
341.011969
20
623.561000
11
343.349734
21
622.758256
0
LINE
8
OBJECTS
10
343.349734
20
622.758256
11
344.485113
21
622.550558
0
LINE
8
OBJECTS
10
344.485113
20
622.550558
11
345.456253
21
622.695285
0
LINE
8
OBJECTS
10
345.456253
20
622.695285
11
347.746154
21
623.506488
0
LINE
8
OBJECTS
10
347.746154
20
623.506488
11
349.909269
21
623.879822
0
LINE
8
OBJECTS
10
349.909269
20
623.879822
11
351.956035
21
623.845501
0
LINE
8
OBJECTS
10
351.956035
20
623.845501
11
353.896884
21
623.433736
0
LINE
8
OBJECTS
10
353.896884
20
623.433736
11
355.742252
21
622.674739
0
LINE
8
OBJECTS
10
355.742252
20
622.674739
11
357.502574
21
621.598722
0
LINE
8
OBJECTS
10
357.502574
20
621.598722
11
359.188283
21
620.235897
0
LINE
8
OBJECTS
10
359.188283
20
620.235897
11
360.809814
21
618.616477
0
LINE
8
OBJECTS
10
360.809814
20
618.616477
11
363.258439
21
619.945036
0
LINE
8
OBJECTS
10
363.258439
20
619.945036
11
365.347570
21
621.026443
0
LINE
8
OBJECTS
10
365.347570
20
621.026443
11
367.330214
21
621.888316
0
LINE
8
OBJECTS
10
367.330214
20
621.888316
11
369.207820
21
622.529985
0
LINE
8
OBJECTS
10
369.207820
20
622.529985
11
370.981836
21
622.950784
0
LINE
8
OBJECTS
10
370.981836
20
622.950784
11
372.653708
21
623.150044
0
LINE
8
OBJECTS
10
372.653708
20
623.150044
11
374.224884
21
623.127098
0
LINE
8
OBJECTS
10
374.224884
20
623.127098
11
375.696811
21
622.881278
0
LINE
8
OBJECTS
10
375.696811
20
622.881278
11
377.070938
21
622.411917
0
LINE
8
OBJECTS
10
377.070938
20
622.411917
11
378.348710
21
621.718347
0
LINE
8
OBJECTS
10
378.348710
20
621.718347
11
379.531577
21
620.799900
0
LINE
8
OBJECTS
10
379.531577
20
620.799900
11
380.620985
21
619.655908
0
LINE
8
OBJECTS
10
380.620985
20
619.655908
11
381.618382
21
618.285705
0
LINE
8
OBJECTS
10
381.618382
20
618.285705
11
382.525215
21
616.688622
0
LINE
8
OBJECTS
10
382.525215
20
616.688622
11
383.342932
21
614.863991
0
LINE
8
OBJECTS
10
383.342932
20
614.863991
11
384.072979
21
612.811146
0
LINE
8
OBJECTS
10
384.072979
20
612.811146
11
384.716806
21
610.529417
0
LINE
8
OBJECTS
10
384.716806
20
610.529417
11
385.243987
21
608.489573
0
LINE
8
OBJECTS
10
385.243987
20
608.489573
11
385.429046
21
607.464359
0
LINE
8
OBJECTS
10
385.429046
20
607.464359
11
385.477746
21
606.446024
0
LINE
8
OBJECTS
10
385.477746
20
606.446024
11
385.562405
21
604.339408
0
LINE
8
OBJECTS
10
385.562405
20
604.339408
11
385.976027
21
602.500037
0
LINE
8
OBJECTS
10
385.976027
20
602.500037
11
386.688206
21
600.892242
0
LINE
8
OBJECTS
10
386.688206
20
600.892242
11
387.668535
21
599.480354
0
LINE
8
OBJECTS
10
387.668535
20
599.480354
11
388.886609
21
598.228704
0
LINE
8
OBJECTS
10
388.886609
20
598.228704
11
390.312020
21
597.101622
0
LINE
8
OBJECTS
10
390.312020
20
597.101622
11
393.663231
21
595.078490
0
LINE
8
OBJECTS
10
393.663231
20
595.078490
11
396.477129
21
593.374798
0
LINE
8
OBJECTS
10
396.477129
20
593.374798
11
399.152220
21
591.376096
0
LINE
8
OBJECTS
10
399.152220
20
591.376096
11
401.644419
21
589.143238
0
LINE
8
OBJECTS
10
401.644419
20
589.143238
11
403.909638
21
586.737078
0
LINE
8
OBJECTS
10
403.909638
20
586.737078
11
406.129432
21
583.967748
0
LINE
8
OBJECTS
10
406.129432
20
583.967748
11
408.106930
21
581.082609
0
LINE
8
OBJECTS
10
408.106930
20
581.082609
11
409.846758
21
578.084385
0
LINE
8
OBJECTS
10
409.846758
20
578.084385
11
411.353542
21
574.975802
0
LINE
8
OBJECTS
10
411.353542
20
574.975802
11
412.631909
21
571.759583
0
LINE
8
OBJECTS
10
412.631909
20
571.759583
11
413.686484
21
568.438453
0
LINE
8
OBJECTS
10
413.686484
20
568.438453
11
414.521893
21
565.015136
0
LINE
8
OBJECTS
10
414.521893
20
565.015136
11
415.142764
21
561.492356
0
LINE
8
OBJECTS
10
415.142764
20
561.492356
11
415.082439
21
558.076769
0
LINE
8
OBJECTS
10
415.082439
20
558.076769
11
414.845674
21
555.849746
0
LINE
8
OBJECTS
10
414.845674
20
555.849746
11
414.445020
21
553.643773
0
LINE
8
OBJECTS
10
414.445020
20
553.643773
11
413.398590
21
549.266075
0
LINE
8
OBJECTS
10
413.398590
20
549.266075
11
412.436231
21
544.885864
0
LINE
8
OBJECTS
10
412.436231
20
544.885864
11
412.140667
21
542.676750
0
LINE
8
OBJECTS
10
412.140667
20
542.676750
11
412.051026
21
540.445328
0
LINE
8
OBJECTS
10
412.051026
20
540.445328
11
412.234542
21
538.381714
0
LINE
8
OBJECTS
10
412.234542
20
538.381714
11
412.708735
21
536.409118
0
LINE
8
OBJECTS
10
412.708735
20
536.409118
11
413.454323
21
534.520791
0
LINE
8
OBJECTS
10
413.454323
20
534.520791
11
414.452026
21
532.709986
0
LINE
8
OBJECTS
10
414.452026
20
532.709986
11
416.602246
21
529.560481
0
LINE
8
OBJECTS
10
416.602246
20
529.560481
11
417.421488
21
527.810774
0
LINE
8
OBJECTS
10
417.421488
20
527.810774
11
417.609122
21
526.915911
0
LINE
8
OBJECTS
10
417.609122
20
526.915911
11
417.588567
21
526.016748
0
LINE
8
OBJECTS
10
417.588567
20
526.016748
11
417.664789
21
524.869165
0
LINE
8
OBJECTS
10
417.664789
20
524.869165
11
418.194902
21
523.874510
0
LINE
8
OBJECTS
10
418.194902
20
523.874510
11
418.604785
21
523.510268
0
LINE
8
OBJECTS
10
418.604785
20
523.510268
11
419.097681
21
523.275142
0
LINE
8
OBJECTS
10
419.097681
20
523.275142
11
419.663436
21
523.199427
0
LINE
8
OBJECTS
10
419.663436
20
523.199427
11
420.291897
21
523.313418
0
LINE
8
OBJECTS
10
420.291897
20
523.313418
11
423.294616
21
524.467651
0
LINE
8
OBJECTS
10
423.294616
20
524.467651
11
426.174255
21
525.882974
0
LINE
8
OBJECTS
10
426.174255
20
525.882974
11
428.910986
21
527.547029
0
LINE
8
OBJECTS
10
428.910986
20
527.547029
11
431.484982
21
529.447460
0
LINE
8
OBJECTS
10
431.484982
20
529.447460
11
433.876416
21
531.571910
0
LINE
8
OBJECTS
10
433.876416
20
531.571910
11
436.065460
21
533.908022
0
LINE
8
OBJECTS
10
436.065460
20
533.908022
11
438.032289
21
536.443440
0
LINE
8
OBJECTS
10
438.032289
20
536.443440
11
439.757073
21
539.165805
0
LINE
8
OBJECTS
10
439.757073
20
539.165805
11
441.323612
21
542.305053
0
LINE
8
OBJECTS
10
441.323612
20
542.305053
11
442.551216
21
545.589593
0
LINE
8
OBJECTS
10
442.551216
20
545.589593
11
443.437268
21
548.983448
0
LINE
8
OBJECTS
10
443.437268
20
548.983448
11
443.979153
21
552.450638
0
LINE
8
OBJECTS
10
443.979153
20
552.450638
11
444.174251
21
555.955183
0
LINE
8
OBJECTS
10
444.174251
20
555.955183
11
444.019948
21
559.461105
0
LINE
8
OBJECTS
10
444.019948
20
559.461105
11
443.513625
21
562.932424
0
LINE
8
OBJECTS
10
443.513625
20
562.932424
11
442.652667
21
566.333162
0
LINE
8
OBJECTS
10
442.652667
20
566.333162
11
441.464921
21
569.501169
0
LINE
8
OBJECTS
10
441.464921
20
569.501169
11
439.983810
21
572.514284
0
LINE
8
OBJECTS
10
439.983810
20
572.514284
11
438.301203
21
575.420680
0
LINE
8
OBJECTS
10
438.301203
20
575.420680
11
436.508967
21
578.268534
0
LINE
8
OBJECTS
10
436.508967
20
578.268534
11
432.963084
21
583.981311
0
LINE
8
OBJECTS
10
432.963084
20
583.981311
11
431.393173
21
586.942584
0
LINE
8
OBJECTS
10
431.393173
20
586.942584
11
430.081106
21
590.038013
0
LINE
8
OBJECTS
10
430.081106
20
590.038013
11
429.551010
21
591.733897
0
LINE
8
OBJECTS
10
429.551010
20
591.733897
11
429.164161
21
593.455778
0
LINE
8
OBJECTS
10
429.164161
20
593.455778
11
428.724855
21
596.959172
0
LINE
8
OBJECTS
10
428.724855
20
596.959172
11
428.572488
21
600.511490
0
LINE
8
OBJECTS
10
428.572488
20
600.511490
11
428.516363
21
604.076024
0
LINE
8
OBJECTS
10
428.516363
20
604.076024
11
428.365783
21
607.616067
0
LINE
8
OBJECTS
10
428.365783
20
607.616067
11
427.930048
21
611.094913
0
LINE
8
OBJECTS
10
427.930048
20
611.094913
11
427.545655
21
612.799917
0
LINE
8
OBJECTS
10
427.545655
20
612.799917
11
427.018461
21
614.475856
0
LINE
8
OBJECTS
10
427.018461
20
614.475856
11
426.324630
21
616.118142
0
LINE
8
OBJECTS
10
426.324630
20
616.118142
11
425.440324
21
617.722188
0
LINE
8
OBJECTS
10
425.440324
20
617.722188
11
424.453819
21
619.118369
0
LINE
8
OBJECTS
10
424.453819
20
619.118369
11
423.355605
21
620.331128
0
LINE
8
OBJECTS
10
423.355605
20
620.331128
11
422.149996
21
621.366385
0
LINE
8
OBJECTS
10
422.149996
20
621.366385
11
420.841303
21
622.230060
0
LINE
8
OBJECTS
10
420.841303
20
622.230060
11
419.433838
21
622.928074
0
LINE
8
OBJECTS
10
419.433838
20
622.928074
11
417.931912
21
623.466345
0
LINE
8
OBJECTS
10
417.931912
20
623.466345
11
416.339839
21
623.850795
0
LINE
8
OBJECTS
10
416.339839
20
623.850795
11
414.661929
21
624.087343
0
LINE
8
OBJECTS
10
414.661929
20
624.087343
11
411.958025
21
624.176684
0
LINE
8
OBJECTS
10
411.958025
20
624.176684
11
409.091933
21
624.236921
0
LINE
8
OBJECTS
10
409.091933
20
624.236921
11
407.709466
21
625.409474
0
LINE
8
OBJECTS
10
407.709466
20
625.409474
11
406.450956
21
626.732377
0
LINE
8
OBJECTS
10
406.450956
20
626.732377
11
405.358736
21
628.147222
0
LINE
8
OBJECTS
10
405.358736
20
628.147222
11
404.475140
21
629.595603
0
LINE
8
OBJECTS
10
404.475140
20
629.595603
11
403.152644
21
631.739082
0
LINE
8
OBJECTS
10
403.152644
20
631.739082
11
401.660613
21
633.516747
0
LINE
8
OBJECTS
10
401.660613
20
633.516747
11
400.011776
21
634.943550
0
LINE
8
OBJECTS
10
400.011776
20
634.943550
11
398.218860
21
636.034445
0
LINE
8
OBJECTS
10
398.218860
20
636.034445
11
396.294596
21
636.804384
0
LINE
8
OBJECTS
10
396.294596
20
636.804384
11
394.251712
21
637.268321
0
LINE
8
OBJECTS
10
394.251712
20
637.268321
11
392.102937
21
637.441209
0
LINE
8
OBJECTS
10
392.102937
20
637.441209
11
389.861000
21
637.338000
0
LINE
8
OBJECTS
10
312.301000
20
535.076000
11
329.589190
21
544.273249
0
LINE
8
OBJECTS
10
329.589190
20
544.273249
11
314.905905
21
565.999021
0
LINE
8
OBJECTS
10
314.905905
20
565.999021
11
312.792578
21
558.302314
0
LINE
8
OBJECTS
10
312.792578
20
558.302314
11
311.932097
21
554.495668
0
LINE
8
OBJECTS
10
311.932097
20
554.495668
11
311.292719
21
550.690042
0
LINE
8
OBJECTS
10
311.292719
20
550.690042
11
310.942184
21
546.865351
0
LINE
8
OBJECTS
10
310.942184
20
546.865351
11
310.948227
21
543.001505
0
LINE
8
OBJECTS
10
310.948227
20
543.001505
11
311.378587
21
539.078417
0
LINE
8
OBJECTS
10
311.378587
20
539.078417
11
312.301000
21
535.076000
0
LINE
8
OBJECTS
10
342.842000
20
547.514000
11
345.384684
21
550.578089
0
LINE
8
OBJECTS
10
345.384684
20
550.578089
11
346.468487
21
551.987615
0
LINE
8
OBJECTS
10
346.468487
20
551.987615
11
347.332851
21
553.442417
0
LINE
8
OBJECTS
10
347.332851
20
553.442417
11
348.428626
21
556.070408
0
LINE
8
OBJECTS
10
348.428626
20
556.070408
11
349.374945
21
558.774201
0
LINE
8
OBJECTS
10
349.374945
20
558.774201
11
350.371071
21
561.442408
0
LINE
8
OBJECTS
10
350.371071
20
561.442408
11
351.616270
21
563.963639
0
LINE
8
OBJECTS
10
351.616270
20
563.963639
11
352.340074
21
565.405719
0
LINE
8
OBJECTS
10
352.340074
20
565.405719
11
352.664855
21
566.608116
0
LINE
8
OBJECTS
10
352.664855
20
566.608116
11
352.632912
21
567.604692
0
LINE
8
OBJECTS
10
352.632912
20
567.604692
11
352.286546
21
568.429310
0
LINE
8
OBJECTS
10
352.286546
20
568.429310
11
351.668056
21
569.115833
0
LINE
8
OBJECTS
10
351.668056
20
569.115833
11
350.819743
21
569.698123
0
LINE
8
OBJECTS
10
350.819743
20
569.698123
11
348.602848
21
570.685452
0
LINE
8
OBJECTS
10
348.602848
20
570.685452
11
334.562677
21
576.166548
0
LINE
8
OBJECTS
10
334.562677
20
576.166548
11
333.986401
21
574.291593
0
LINE
8
OBJECTS
10
333.986401
20
574.291593
11
333.585062
21
572.442717
0
LINE
8
OBJECTS
10
333.585062
20
572.442717
11
333.352422
21
570.616735
0
LINE
8
OBJECTS
10
333.352422
20
570.616735
11
333.282245
21
568.810464
0
LINE
8
OBJECTS
10
333.282245
20
568.810464
11
333.368293
21
567.020722
0
LINE
8
OBJECTS
10
333.368293
20
567.020722
11
333.604331
21
565.244324
0
LINE
8
OBJECTS
10
333.604331
20
565.244324
11
334.501426
21
561.718830
0
LINE
8
OBJECTS
10
334.501426
20
561.718830
11
335.923634
21
558.208517
0
LINE
8
OBJECTS
10
335.923634
20
558.208517
11
337.821063
21
554.687919
0
LINE
8
OBJECTS
10
337.821063
20
554.687919
11
340.143816
21
551.131568
0
LINE
8
OBJECTS
10
340.143816
20
551.131568
11
342.842000
21
547.514000
0
LINE
8
OBJECTS
10
365.120000
20
582.116000
11
363.941047
21
583.649446
0
LINE
8
OBJECTS
10
363.941047
20
583.649446
11
362.698495
21
584.826375
0
LINE
8
OBJECTS
10
362.698495
20
584.826375
11
361.392112
21
585.673815
0
LINE
8
OBJECTS
10
361.392112
20
585.673815
11
360.021667
21
586.218797
0
LINE
8
OBJECTS
10
360.021667
20
586.218797
11
358.586928
21
586.488347
0
LINE
8
OBJECTS
10
358.586928
20
586.488347
11
357.087665
21
586.509496
0
LINE
8
OBJECTS
10
357.087665
20
586.509496
11
355.523644
21
586.309271
0
LINE
8
OBJECTS
10
355.523644
20
586.309271
11
353.894636
21
585.914703
0
LINE
8
OBJECTS
10
353.894636
20
585.914703
11
350.438711
21
584.696068
0
LINE
8
OBJECTS
10
350.438711
20
584.696068
11
348.878035
21
583.898644
0
LINE
8
OBJECTS
10
348.878035
20
583.898644
11
347.466245
21
582.919361
0
LINE
8
OBJECTS
10
347.466245
20
582.919361
11
346.231362
21
581.715878
0
LINE
8
OBJECTS
10
346.231362
20
581.715878
11
345.201406
21
580.245852
0
LINE
8
OBJECTS
10
345.201406
20
580.245852
11
344.404399
21
578.466942
0
LINE
8
OBJECTS
10
344.404399
20
578.466942
11
343.868361
21
576.336807
0
LINE
8
OBJECTS
10
343.868361
20
576.336807
11
351.123220
21
574.784941
0
LINE
8
OBJECTS
10
351.123220
20
574.784941
11
352.104190
21
577.171571
0
LINE
8
OBJECTS
10
352.104190
20
577.171571
11
353.375651
21
578.989773
0
LINE
8
OBJECTS
10
353.375651
20
578.989773
11
354.902162
21
580.313726
0
LINE
8
OBJECTS
10
354.902162
20
580.313726
11
356.648281
21
581.217609
0
LINE
8
OBJECTS
10
356.648281
20
581.217609
11
358.578566
21
581.775600
0
LINE
8
OBJECTS
10
358.578566
20
581.775600
11
360.657575
21
582.061876
0
LINE
8
OBJECTS
10
360.657575
20
582.061876
11
365.120000
21
582.116000
0
LINE
8
OBJECTS
10
349.742000
20
618.832000
11
347.108724
21
619.009921
0
LINE
8
OBJECTS
10
347.108724
20
619.009921
11
344.456827
21
619.082207
0
LINE
8
OBJECTS
10
344.456827
20
619.082207
11
341.835821
21
619.250405
0
LINE
8
OBJECTS
10
341.835821
20
619.250405
11
339.295215
21
619.716059
0
LINE
8
OBJECTS
10
339.295215
20
619.716059
11
336.595864
21
620.259939
0
LINE
8
OBJECTS
10
336.595864
20
620.259939
11
333.967687
21
620.397001
0
LINE
8
OBJECTS
10
333.967687
20
620.397001
11
331.433535
21
620.130501
0
LINE
8
OBJECTS
10
331.433535
20
620.130501
11
329.016263
21
619.463691
0
LINE
8
OBJECTS
10
329.016263
20
619.463691
11
326.738724
21
618.399825
0
LINE
8
OBJECTS
10
326.738724
20
618.399825
11
324.623770
21
616.942157
0
LINE
8
OBJECTS
10
324.623770
20
616.942157
11
322.694257
21
615.093940
0
LINE
8
OBJECTS
10
322.694257
20
615.093940
11
320.973036
21
612.858427
0
LINE
8
OBJECTS
10
320.973036
20
612.858427
11
317.387851
21
607.834838
0
LINE
8
OBJECTS
10
317.387851
20
607.834838
11
313.520622
21
603.019477
0
LINE
8
OBJECTS
10
313.520622
20
603.019477
11
312.214506
21
601.257585
0
LINE
8
OBJECTS
10
312.214506
20
601.257585
11
311.211917
21
599.448651
0
LINE
8
OBJECTS
10
311.211917
20
599.448651
11
310.496267
21
597.586908
0
LINE
8
OBJECTS
10
310.496267
20
597.586908
11
310.050972
21
595.666590
0
LINE
8
OBJECTS
10
310.050972
20
595.666590
11
309.859444
21
593.681928
0
LINE
8
OBJECTS
10
309.859444
20
593.681928
11
309.905098
21
591.627155
0
LINE
8
OBJECTS
10
309.905098
20
591.627155
11
310.171348
21
589.496505
0
LINE
8
OBJECTS
10
310.171348
20
589.496505
11
310.641608
21
587.284211
0
LINE
8
OBJECTS
10
310.641608
20
587.284211
11
314.683234
21
593.075677
0
LINE
8
OBJECTS
10
314.683234
20
593.075677
11
317.998530
21
597.499729
0
LINE
8
OBJECTS
10
317.998530
20
597.499729
11
320.978369
21
600.827317
0
LINE
8
OBJECTS
10
320.978369
20
600.827317
11
322.464638
21
602.164609
0
LINE
8
OBJECTS
10
322.464638
20
602.164609
11
324.013621
21
603.329391
0
LINE
8
OBJECTS
10
324.013621
20
603.329391
11
325.674174
21
604.355532
0
LINE
8
OBJECTS
10
325.674174
20
604.355532
11
327.495158
21
605.276899
0
LINE
8
OBJECTS
10
327.495158
20
605.276899
11
331.813851
21
606.940791
0
LINE
8
OBJECTS
10
331.813851
20
606.940791
11
337.360572
21
608.592016
0
LINE
8
OBJECTS
10
337.360572
20
608.592016
11
344.526192
21
610.501524
0
LINE
8
OBJECTS
10
344.526192
20
610.501524
11
347.673216
21
611.472085
0
LINE
8
OBJECTS
10
347.673216
20
611.472085
11
350.769110
21
612.637015
0
LINE
8
OBJECTS
10
350.769110
20
612.637015
11
356.925245
21
615.102442
0
LINE
8
OBJECTS
10
356.925245
20
615.102442
11
356.901609
21
617.433945
0
LINE
8
OBJECTS
10
356.901609
20
617.433945
11
353.330536
21
618.209437
0
LINE
8
OBJECTS
10
353.330536
20
618.209437
11
349.742000
21
618.832000
0
LINE
8
OBJECTS
10
297.119000
20
462.123000
11
297.598287
21
460.778819
0
LINE
8
OBJECTS
10
297.598287
20
460.778819
11
298.213675
21
459.542779
0
LINE
8
OBJECTS
10
298.213675
20
459.542779
11
298.953033
21
458.418842
0
LINE
8
OBJECTS
10
298.953033
20
458.418842
11
299.804228
21
457.410969
0
LINE
8
OBJECTS
10
299.804228
20
457.410969
11
300.755130
21
456.523121
0
LINE
8
OBJECTS
10
300.755130
20
456.523121
11
301.793607
21
455.759260
0
LINE
8
OBJECTS
10
301.793607
20
455.759260
11
304.084758
21
454.619345
0
LINE
8
OBJECTS
10
304.084758
20
454.619345
11
306.580631
21
454.022916
0
LINE
8
OBJECTS
10
306.580631
20
454.022916
11
309.184172
21
454.001666
0
LINE
8
OBJECTS
10
309.184172
20
454.001666
11
310.495989
21
454.216636
0
LINE
8
OBJECTS
10
310.495989
20
454.216636
11
311.798329
21
454.587285
0
LINE
8
OBJECTS
10
311.798329
20
454.587285
11
313.079060
21
455.117575
0
LINE
8
OBJECTS
10
313.079060
20
455.117575
11
314.326051
21
455.811467
0
LINE
8
OBJECTS
10
314.326051
20
455.811467
11
316.896346
21
457.550558
0
LINE
8
OBJECTS
10
316.896346
20
457.550558
11
319.423282
21
459.424256
0
LINE
8
OBJECTS
10
319.423282
20
459.424256
11
324.625023
21
463.402169
0
LINE
8
OBJECTS
10
324.625023
20
463.402169
11
321.099017
21
465.984144
0
LINE
8
OBJECTS
10
321.099017
20
465.984144
11
313.537446
21
471.567601
0
LINE
8
OBJECTS
10
313.537446
20
471.567601
11
309.921671
21
474.529824
0
LINE
8
OBJECTS
10
309.921671
20
474.529824
11
306.450966
21
477.638750
0
LINE
8
OBJECTS
10
306.450966
20
477.638750
11
303.151628
21
480.919158
0
LINE
8
OBJECTS
10
303.151628
20
480.919158
11
300.049954
21
484.395829
0
LINE
8
OBJECTS
10
300.049954
20
484.395829
11
297.172241
21
488.093543
0
LINE
8
OBJECTS
10
297.172241
20
488.093543
11
294.544786
21
492.037078
0
LINE
8
OBJECTS
10
294.544786
20
492.037078
11
293.293762
21
493.767235
0
LINE
8
OBJECTS
10
293.293762
20
493.767235
11
291.889610
21
495.034669
0
LINE
8
OBJECTS
10
291.889610
20
495.034669
11
290.221934
21
495.892859
0
LINE
8
OBJECTS
10
290.221934
20
495.892859
11
288.180336
21
496.395286
0
LINE
8
OBJECTS
10
288.180336
20
496.395286
11
284.345487
21
497.152151
0
LINE
8
OBJECTS
10
284.345487
20
497.152151
11
280.748775
21
498.241952
0
LINE
8
OBJECTS
10
280.748775
20
498.241952
11
277.396132
21
499.684591
0
LINE
8
OBJECTS
10
277.396132
20
499.684591
11
274.293490
21
501.499969
0
LINE
8
OBJECTS
10
274.293490
20
501.499969
11
271.446783
21
503.707988
0
LINE
8
OBJECTS
10
271.446783
20
503.707988
11
268.861943
21
506.328549
0
LINE
8
OBJECTS
10
268.861943
20
506.328549
11
266.544901
21
509.381554
0
LINE
8
OBJECTS
10
266.544901
20
509.381554
11
264.501591
21
512.886905
0
LINE
8
OBJECTS
10
264.501591
20
512.886905
11
260.571408
21
520.137387
0
LINE
8
OBJECTS
10
260.571408
20
520.137387
11
256.392351
21
527.260804
0
LINE
8
OBJECTS
10
256.392351
20
527.260804
11
252.152506
21
534.355116
0
LINE
8
OBJECTS
10
252.152506
20
534.355116
11
248.039958
21
541.518286
0
LINE
8
OBJECTS
10
248.039958
20
541.518286
11
247.183238
21
542.890993
0
LINE
8
OBJECTS
10
247.183238
20
542.890993
11
246.246605
21
544.041694
0
LINE
8
OBJECTS
10
246.246605
20
544.041694
11
245.226083
21
544.971395
0
LINE
8
OBJECTS
10
245.226083
20
544.971395
11
244.117695
21
545.681099
0
LINE
8
OBJECTS
10
244.117695
20
545.681099
11
242.917464
21
546.171811
0
LINE
8
OBJECTS
10
242.917464
20
546.171811
11
241.621412
21
546.444536
0
LINE
8
OBJECTS
10
241.621412
20
546.444536
11
240.225563
21
546.500278
0
LINE
8
OBJECTS
10
240.225563
20
546.500278
11
238.725940
21
546.340042
0
LINE
8
OBJECTS
10
238.725940
20
546.340042
11
230.764821
21
544.727234
0
LINE
8
OBJECTS
10
230.764821
20
544.727234
11
222.302054
21
542.828147
0
LINE
8
OBJECTS
10
222.302054
20
542.828147
11
224.118086
21
540.925841
0
LINE
8
OBJECTS
10
224.118086
20
540.925841
11
225.700462
21
539.013315
0
LINE
8
OBJECTS
10
225.700462
20
539.013315
11
227.061634
21
537.091875
0
LINE
8
OBJECTS
10
227.061634
20
537.091875
11
228.214054
21
535.162827
0
LINE
8
OBJECTS
10
228.214054
20
535.162827
11
229.170174
21
533.227476
0
LINE
8
OBJECTS
10
229.170174
20
533.227476
11
229.942444
21
531.287128
0
LINE
8
OBJECTS
10
229.942444
20
531.287128
11
230.543318
21
529.343090
0
LINE
8
OBJECTS
10
230.543318
20
529.343090
11
230.985246
21
527.396667
0
LINE
8
OBJECTS
10
230.985246
20
527.396667
11
231.442074
21
523.501890
0
LINE
8
OBJECTS
10
231.442074
20
523.501890
11
231.412541
21
519.613243
0
LINE
8
OBJECTS
10
231.412541
20
519.613243
11
230.996262
21
515.741175
0
LINE
8
OBJECTS
10
230.996262
20
515.741175
11
230.292850
21
511.896131
0
LINE
8
OBJECTS
10
230.292850
20
511.896131
11
228.423083
21
504.328904
0
LINE
8
OBJECTS
10
228.423083
20
504.328904
11
226.600151
21
496.995139
0
LINE
8
OBJECTS
10
226.600151
20
496.995139
11
225.955283
21
493.441921
0
LINE
8
OBJECTS
10
225.955283
20
493.441921
11
225.620965
21
489.978410
0
LINE
8
OBJECTS
10
225.620965
20
489.978410
11
225.696812
21
486.615051
0
LINE
8
OBJECTS
10
225.696812
20
486.615051
11
226.282437
21
483.362292
0
LINE
8
OBJECTS
10
226.282437
20
483.362292
11
227.120756
21
480.647304
0
LINE
8
OBJECTS
10
227.120756
20
480.647304
11
228.150303
21
477.971904
0
LINE
8
OBJECTS
10
228.150303
20
477.971904
11
229.373392
21
475.385469
0
LINE
8
OBJECTS
10
229.373392
20
475.385469
11
230.792338
21
472.937379
0
LINE
8
OBJECTS
10
230.792338
20
472.937379
11
231.721709
21
471.647184
0
LINE
8
OBJECTS
10
231.721709
20
471.647184
11
232.774179
21
470.468911
0
LINE
8
OBJECTS
10
232.774179
20
470.468911
11
233.943033
21
469.398564
0
LINE
8
OBJECTS
10
233.943033
20
469.398564
11
235.221555
21
468.432148
0
LINE
8
OBJECTS
10
235.221555
20
468.432148
11
238.080742
21
466.795130
0
LINE
8
OBJECTS
10
238.080742
20
466.795130
11
241.298015
21
465.525898
0
LINE
8
OBJECTS
10
241.298015
20
465.525898
11
244.819649
21
464.592492
0
LINE
8
OBJECTS
10
244.819649
20
464.592492
11
248.591919
21
463.962951
0
LINE
8
OBJECTS
10
248.591919
20
463.962951
11
252.561101
21
463.605317
0
LINE
8
OBJECTS
10
252.561101
20
463.605317
11
256.673470
21
463.487630
0
LINE
8
OBJECTS
10
256.673470
20
463.487630
11
260.875300
21
463.577929
0
LINE
8
OBJECTS
10
260.875300
20
463.577929
11
265.112868
21
463.844255
0
LINE
8
OBJECTS
10
265.112868
20
463.844255
11
273.480317
21
464.777151
0
LINE
8
OBJECTS
10
273.480317
20
464.777151
11
281.346018
21
466.030638
0
LINE
8
OBJECTS
10
281.346018
20
466.030638
11
288.280172
21
467.349038
0
LINE
8
OBJECTS
10
288.280172
20
467.349038
11
289.980932
21
467.602811
0
LINE
8
OBJECTS
10
289.980932
20
467.602811
11
291.486761
21
467.631514
0
LINE
8
OBJECTS
10
291.486761
20
467.631514
11
292.809994
21
467.418107
0
LINE
8
OBJECTS
10
292.809994
20
467.418107
11
293.962969
21
466.945550
0
LINE
8
OBJECTS
10
293.962969
20
466.945550
11
294.958020
21
466.196801
0
LINE
8
OBJECTS
10
294.958020
20
466.196801
11
295.807485
21
465.154821
0
LINE
8
OBJECTS
10
295.807485
20
465.154821
11
296.523700
21
463.802567
0
LINE
8
OBJECTS
10
296.523700
20
463.802567
11
297.119000
21
462.123000
0
LINE
8
OBJECTS
10
300.583000
20
519.190000
11
310.996757
21
515.799328
0
LINE
8
OBJECTS
10
310.996757
20
515.799328
11
315.871633
21
514.154312
0
LINE
8
OBJECTS
10
315.871633
20
514.154312
11
320.600625
21
512.395162
0
LINE
8
OBJECTS
10
320.600625
20
512.395162
11
323.169281
21
511.493077
0
LINE
8
OBJECTS
10
323.169281
20
511.493077
11
325.729656
21
510.833407
0
LINE
8
OBJECTS
10
325.729656
20
510.833407
11
328.279389
21
510.426927
0
LINE
8
OBJECTS
10
328.279389
20
510.426927
11
330.816121
21
510.284409
0
LINE
8
OBJECTS
10
330.816121
20
510.284409
11
333.337491
21
510.416628
0
LINE
8
OBJECTS
10
333.337491
20
510.416628
11
335.841137
21
510.834355
0
LINE
8
OBJECTS
10
335.841137
20
510.834355
11
338.324701
21
511.548366
0
LINE
8
OBJECTS
10
338.324701
20
511.548366
11
340.785820
21
512.569434
0
LINE
8
OBJECTS
10
340.785820
20
512.569434
11
366.908471
21
525.356718
0
LINE
8
OBJECTS
10
366.908471
20
525.356718
11
392.097940
21
537.859312
0
LINE
8
OBJECTS
10
392.097940
20
537.859312
11
378.484275
21
565.587584
0
LINE
8
OBJECTS
10
378.484275
20
565.587584
11
377.989726
21
565.224003
0
LINE
8
OBJECTS
10
377.989726
20
565.224003
11
377.322934
21
564.611450
0
LINE
8
OBJECTS
10
377.322934
20
564.611450
11
373.642938
21
560.658845
0
LINE
8
OBJECTS
10
373.642938
20
560.658845
11
369.713027
21
557.114007
0
LINE
8
OBJECTS
10
369.713027
20
557.114007
11
365.549390
21
553.953203
0
LINE
8
OBJECTS
10
365.549390
20
553.953203
11
361.168216
21
551.152699
0
LINE
8
OBJECTS
10
361.168216
20
551.152699
11
356.585696
21
548.688760
0
LINE
8
OBJECTS
10
356.585696
20
548.688760
11
351.818016
21
546.537653
0
LINE
8
OBJECTS
10
351.818016
20
546.537653
11
346.881368
21
544.675645
0
LINE
8
OBJECTS
10
346.881368
20
544.675645
11
341.791940
21
543.079000
0
LINE
8
OBJECTS
10
341.791940
20
543.079000
11
337.280419
21
541.645423
0
LINE
8
OBJECTS
10
337.280419
20
541.645423
11
332.896502
21
539.971795
0
LINE
8
OBJECTS
10
332.896502
20
539.971795
11
328.627960
21
538.080433
0
LINE
8
OBJECTS
10
328.627960
20
538.080433
11
324.462563
21
535.993650
0
LINE
8
OBJECTS
10
324.462563
20
535.993650
11
320.388084
21
533.733765
0
LINE
8
OBJECTS
10
320.388084
20
533.733765
11
316.392293
21
531.323092
0
LINE
8
OBJECTS
10
316.392293
20
531.323092
11
308.587863
21
526.138649
0
LINE
8
OBJECTS
10
308.587863
20
526.138649
11
306.667180
21
524.663341
0
LINE
8
OBJECTS
10
306.667180
20
524.663341
11
304.770639
21
523.002593
0
LINE
8
OBJECTS
10
304.770639
20
523.002593
11
300.583000
21
519.190000
0
LINE
8
OBJECTS
10
237.787000
20
556.044000
11
239.678873
21
554.786589
0
LINE
8
OBJECTS
10
239.678873
20
554.786589
11
241.455104
21
553.390119
0
LINE
8
OBJECTS
10
241.455104
20
553.390119
11
244.705266
21
550.255062
0
LINE
8
OBJECTS
10
244.705266
20
550.255062
11
247.626750
21
546.788945
0
LINE
8
OBJECTS
10
247.626750
20
546.788945
11
250.308820
21
543.141887
0
LINE
8
OBJECTS
10
250.308820
20
543.141887
11
255.223356
21
536.020025
0
LINE
8
OBJECTS
10
255.223356
20
536.020025
11
255.609294
21
535.265082
0
LINE
8
OBJECTS
10
255.609294
20
535.265082
11
255.719008
21
535.321879
0
LINE
8
OBJECTS
10
255.719008
20
535.321879
11
255.800852
21
535.207226
0
LINE
8
OBJECTS
10
255.800852
20
535.207226
11
255.923618
21
535.034366
0
LINE
8
OBJECTS
10
255.923618
20
535.034366
11
256.256287
21
534.565878
0
LINE
8
OBJECTS
10
256.256287
20
534.565878
11
256.553105
21
534.407393
0
LINE
8
OBJECTS
10
256.553105
20
534.407393
11
256.846483
21
534.515078
0
LINE
8
OBJECTS
10
256.846483
20
534.515078
11
260.960954
21
532.373038
0
LINE
8
OBJECTS
10
260.960954
20
532.373038
11
265.185161
21
530.460259
0
LINE
8
OBJECTS
10
265.185161
20
530.460259
11
269.507661
21
528.781636
0
LINE
8
OBJECTS
10
269.507661
20
528.781636
11
273.917009
21
527.342063
0
LINE
8
OBJECTS
10
273.917009
20
527.342063
11
275.289665
21
526.537732
0
LINE
8
OBJECTS
10
275.289665
20
526.537732
11
275.063887
21
527.007631
0
LINE
8
OBJECTS
10
275.063887
20
527.007631
11
275.551425
21
526.865814
0
LINE
8
OBJECTS
10
275.551425
20
526.865814
11
275.837935
21
526.905772
0
LINE
8
OBJECTS
10
275.837935
20
526.905772
11
275.990103
21
527.125150
0
LINE
8
OBJECTS
10
275.990103
20
527.125150
11
275.971616
21
527.391424
0
LINE
8
OBJECTS
10
275.971616
20
527.391424
11
275.746158
21
527.572074
0
LINE
8
OBJECTS
10
275.746158
20
527.572074
11
274.637733
21
527.895218
0
LINE
8
OBJECTS
10
274.637733
20
527.895218
11
266.472356
21
544.344459
0
LINE
8
OBJECTS
10
266.472356
20
544.344459
11
262.802847
21
552.179201
0
LINE
8
OBJECTS
10
262.802847
20
552.179201
11
261.146020
21
556.092907
0
LINE
8
OBJECTS
10
261.146020
20
556.092907
11
259.636243
21
560.039905
0
LINE
8
OBJECTS
10
259.636243
20
560.039905
11
258.306183
21
564.067112
0
LINE
8
OBJECTS
10
258.306183
20
564.067112
11
257.202060
21
568.163334
0
LINE
8
OBJECTS
10
257.202060
20
568.163334
11
256.341717
21
572.334086
0
LINE
8
OBJECTS
10
256.341717
20
572.334086
11
255.742997
21
576.584882
0
LINE
8
OBJECTS
10
255.742997
20
576.584882
11
255.423742
21
580.921237
0
LINE
8
OBJECTS
10
255.423742
20
580.921237
11
255.401795
21
585.348667
0
LINE
8
OBJECTS
10
255.401795
20
585.348667
11
255.695000
21
589.872686
0
LINE
8
OBJECTS
10
255.695000
20
589.872686
11
256.321198
21
594.498810
0
LINE
8
OBJECTS
10
256.321198
20
594.498810
11
256.431661
21
594.690191
0
LINE
8
OBJECTS
10
256.431661
20
594.690191
11
256.392106
21
594.919673
0
LINE
8
OBJECTS
10
256.392106
20
594.919673
11
256.633053
21
596.212248
0
LINE
8
OBJECTS
10
256.633053
20
596.212248
11
255.319664
21
595.013159
0
LINE
8
OBJECTS
10
255.319664
20
595.013159
11
252.989489
21
594.296740
0
LINE
8
OBJECTS
10
252.989489
20
594.296740
11
250.785289
21
593.264840
0
LINE
8
OBJECTS
10
250.785289
20
593.264840
11
248.697571
21
591.994881
0
LINE
8
OBJECTS
10
248.697571
20
591.994881
11
246.716844
21
590.564288
0
LINE
8
OBJECTS
10
246.716844
20
590.564288
11
242.745545
21
587.338451
0
LINE
8
OBJECTS
10
242.745545
20
587.338451
11
238.882725
21
583.982175
0
LINE
8
OBJECTS
10
238.882725
20
583.982175
11
235.186240
21
580.611225
0
LINE
8
OBJECTS
10
235.186240
20
580.611225
11
231.652208
21
577.057515
0
LINE
8
OBJECTS
10
231.652208
20
577.057515
11
228.385405
21
573.267268
0
LINE
8
OBJECTS
10
228.385405
20
573.267268
11
225.490605
21
569.186707
0
LINE
8
OBJECTS
10
225.490605
20
569.186707
11
224.100283
21
566.795469
0
LINE
8
OBJECTS
10
224.100283
20
566.795469
11
222.893152
21
564.309345
0
LINE
8
OBJECTS
10
222.893152
20
564.309345
11
221.889022
21
561.735842
0
LINE
8
OBJECTS
10
221.889022
20
561.735842
11
221.107703
21
559.082468
0
LINE
8
OBJECTS
10
221.107703
20
559.082468
11
221.206393
21
558.726119
0
LINE
8
OBJECTS
10
221.206393
20
558.726119
11
221.558552
21
558.631972
0
LINE
8
OBJECTS
10
221.558552
20
558.631972
11
223.633772
21
559.171371
0
LINE
8
OBJECTS
10
223.633772
20
559.171371
11
225.731403
21
559.418025
0
LINE
8
OBJECTS
10
225.731403
20
559.418025
11
227.833573
21
559.395037
0
LINE
8
OBJECTS
10
227.833573
20
559.395037
11
229.922410
21
559.125507
0
LINE
8
OBJECTS
10
229.922410
20
559.125507
11
231.980043
21
558.632537
0
LINE
8
OBJECTS
10
231.980043
20
558.632537
11
233.988600
21
557.939228
0
LINE
8
OBJECTS
10
233.988600
20
557.939228
11
235.930210
21
557.068682
0
LINE
8
OBJECTS
10
235.930210
20
557.068682
11
237.787000
21
556.044000
0
LINE
8
OBJECTS
10
258.725000
20
531.074000
11
259.613816
21
530.180780
0
LINE
8
OBJECTS
10
259.613816
20
530.180780
11
260.490428
21
528.993939
0
LINE
8
OBJECTS
10
260.490428
20
528.993939
11
262.320150
21
526.196858
0
LINE
8
OBJECTS
10
262.320150
20
526.196858
11
265.927913
21
521.379379
0
LINE
8
OBJECTS
10
265.927913
20
521.379379
11
267.668029
21
518.944827
0
LINE
8
OBJECTS
10
267.668029
20
518.944827
11
269.146738
21
516.382249
0
LINE
8
OBJECTS
10
269.146738
20
516.382249
11
270.244641
21
514.310735
0
LINE
8
OBJECTS
10
270.244641
20
514.310735
11
271.431609
21
512.413870
0
LINE
8
OBJECTS
10
271.431609
20
512.413870
11
272.705858
21
510.686019
0
LINE
8
OBJECTS
10
272.705858
20
510.686019
11
274.065602
21
509.121553
0
LINE
8
OBJECTS
10
274.065602
20
509.121553
11
275.509055
21
507.714837
0
LINE
8
OBJECTS
10
275.509055
20
507.714837
11
277.034432
21
506.460241
0
LINE
8
OBJECTS
10
277.034432
20
506.460241
11
278.639947
21
505.352131
0
LINE
8
OBJECTS
10
278.639947
20
505.352131
11
280.323816
21
504.384877
0
LINE
8
OBJECTS
10
280.323816
20
504.384877
11
282.084252
21
503.552844
0
LINE
8
OBJECTS
10
282.084252
20
503.552844
11
283.919471
21
502.850402
0
LINE
8
OBJECTS
10
283.919471
20
502.850402
11
287.807115
21
501.811760
0
LINE
8
OBJECTS
10
287.807115
20
501.811760
11
291.972462
21
501.223892
0
LINE
8
OBJECTS
10
291.972462
20
501.223892
11
296.401231
21
501.041741
0
LINE
8
OBJECTS
10
296.401231
20
501.041741
11
300.758049
21
500.795128
0
LINE
8
OBJECTS
10
300.758049
20
500.795128
11
305.114205
21
500.220565
0
LINE
8
OBJECTS
10
305.114205
20
500.220565
11
309.474463
21
499.581840
0
LINE
8
OBJECTS
10
309.474463
20
499.581840
11
313.843584
21
499.142743
0
LINE
8
OBJECTS
10
313.843584
20
499.142743
11
317.601723
21
498.880227
0
LINE
8
OBJECTS
10
317.601723
20
498.880227
11
321.406991
21
498.702874
0
LINE
8
OBJECTS
10
321.406991
20
498.702874
11
325.106227
21
498.891769
0
LINE
8
OBJECTS
10
325.106227
20
498.891769
11
326.868220
21
499.211400
0
LINE
8
OBJECTS
10
326.868220
20
499.211400
11
328.546271
21
499.728000
0
LINE
8
OBJECTS
10
328.546271
20
499.728000
11
332.354028
21
501.063656
0
LINE
8
OBJECTS
10
332.354028
20
501.063656
11
336.188463
21
502.170242
0
LINE
8
OBJECTS
10
336.188463
20
502.170242
11
340.047479
21
503.073909
0
LINE
8
OBJECTS
10
340.047479
20
503.073909
11
343.928980
21
503.800810
0
LINE
8
OBJECTS
10
343.928980
20
503.800810
11
351.751055
21
504.828924
0
LINE
8
OBJECTS
10
351.751055
20
504.828924
11
359.637919
21
505.463801
0
LINE
8
OBJECTS
10
359.637919
20
505.463801
11
363.358982
21
505.805620
0
LINE
8
OBJECTS
10
363.358982
20
505.805620
11
366.941197
21
506.344671
0
LINE
8
OBJECTS
10
366.941197
20
506.344671
11
370.384936
21
507.080996
0
LINE
8
OBJECTS
10
370.384936
20
507.080996
11
373.690570
21
508.014638
0
LINE
8
OBJECTS
10
373.690570
20
508.014638
11
376.858473
21
509.145640
0
LINE
8
OBJECTS
10
376.858473
20
509.145640
11
379.889017
21
510.474045
0
LINE
8
OBJECTS
10
379.889017
20
510.474045
11
382.782572
21
511.999896
0
LINE
8
OBJECTS
10
382.782572
20
511.999896
11
385.539512
21
513.723237
0
LINE
8
OBJECTS
10
385.539512
20
513.723237
11
388.160208
21
515.644108
0
LINE
8
OBJECTS
10
388.160208
20
515.644108
11
390.645033
21
517.762555
0
LINE
8
OBJECTS
10
390.645033
20
517.762555
11
392.994358
21
520.078618
0
LINE
8
OBJECTS
10
392.994358
20
520.078618
11
395.208556
21
522.592342
0
LINE
8
OBJECTS
10
395.208556
20
522.592342
11
397.287999
21
525.303770
0
LINE
8
OBJECTS
10
397.287999
20
525.303770
11
399.233058
21
528.212943
0
LINE
8
OBJECTS
10
399.233058
20
528.212943
11
401.044107
21
531.319906
0
LINE
8
OBJECTS
10
401.044107
20
531.319906
11
402.721516
21
534.624701
0
LINE
8
OBJECTS
10
402.721516
20
534.624701
11
401.774310
21
536.301097
0
LINE
8
OBJECTS
10
401.774310
20
536.301097
11
392.500772
21
532.527044
0
LINE
8
OBJECTS
10
392.500772
20
532.527044
11
387.894828
21
530.578618
0
LINE
8
OBJECTS
10
387.894828
20
530.578618
11
383.373814
21
528.460628
0
LINE
8
OBJECTS
10
383.373814
20
528.460628
11
375.527354
21
524.368062
0
LINE
8
OBJECTS
10
375.527354
20
524.368062
11
367.746807
21
520.141617
0
LINE
8
OBJECTS
10
367.746807
20
520.141617
11
359.940530
21
515.974174
0
LINE
8
OBJECTS
10
359.940530
20
515.974174
11
352.016878
21
512.058614
0
LINE
8
OBJECTS
10
352.016878
20
512.058614
11
348.024983
21
510.288128
0
LINE
8
OBJECTS
10
348.024983
20
510.288128
11
343.997160
21
508.729320
0
LINE
8
OBJECTS
10
343.997160
20
508.729320
11
339.921587
21
507.462868
0
LINE
8
OBJECTS
10
339.921587
20
507.462868
11
335.786446
21
506.569448
0
LINE
8
OBJECTS
10
335.786446
20
506.569448
11
331.579917
21
506.129738
0
LINE
8
OBJECTS
10
331.579917
20
506.129738
11
327.290181
21
506.224416
0
LINE
8
OBJECTS
10
327.290181
20
506.224416
11
325.110417
21
506.497361
0
LINE
8
OBJECTS
10
325.110417
20
506.497361
11
322.905419
21
506.934157
0
LINE
8
OBJECTS
10
322.905419
20
506.934157
11
320.673709
21
507.544888
0
LINE
8
OBJECTS
10
320.673709
20
507.544888
11
318.413810
21
508.339639
0
LINE
8
OBJECTS
10
318.413810
20
508.339639
11
308.926021
21
511.796391
0
LINE
8
OBJECTS
10
308.926021
20
511.796391
11
299.326149
21
514.965673
0
LINE
8
OBJECTS
10
299.326149
20
514.965673
11
289.705176
21
518.085478
0
LINE
8
OBJECTS
10
289.705176
20
518.085478
11
280.154086
21
521.393799
0
LINE
8
OBJECTS
10
280.154086
20
521.393799
11
274.712578
21
523.584043
0
LINE
8
OBJECTS
10
274.712578
20
523.584043
11
269.361491
21
526.021043
0
LINE
8
OBJECTS
10
269.361491
20
526.021043
11
258.725000
21
531.074000
0
LINE
8
OBJECTS
10
279.069000
20
528.793000
11
280.143708
21
527.417181
0
LINE
8
OBJECTS
10
280.143708
20
527.417181
11
281.592899
21
526.234573
0
LINE
8
OBJECTS
10
281.592899
20
526.234573
11
283.240197
21
525.208731
0
LINE
8
OBJECTS
10
283.240197
20
525.208731
11
284.909223
21
524.303207
0
LINE
8
OBJECTS
10
284.909223
20
524.303207
11
287.419128
21
523.178348
0
LINE
8
OBJECTS
10
287.419128
20
523.178348
11
289.839381
21
522.507004
0
LINE
8
OBJECTS
10
289.839381
20
522.507004
11
292.171412
21
522.289164
0
LINE
8
OBJECTS
10
292.171412
20
522.289164
11
294.416652
21
522.524814
0
LINE
8
OBJECTS
10
294.416652
20
522.524814
11
296.576530
21
523.213943
0
LINE
8
OBJECTS
10
296.576530
20
523.213943
11
298.652478
21
524.356537
0
LINE
8
OBJECTS
10
298.652478
20
524.356537
11
300.645926
21
525.952585
0
LINE
8
OBJECTS
10
300.645926
20
525.952585
11
302.558304
21
528.002074
0
LINE
8
OBJECTS
10
302.558304
20
528.002074
11
303.984487
21
529.462212
0
LINE
8
OBJECTS
10
303.984487
20
529.462212
11
305.626273
21
530.781560
0
LINE
8
OBJECTS
10
305.626273
20
530.781560
11
309.204622
21
533.433781
0
LINE
8
OBJECTS
10
309.204622
20
533.433781
11
307.943213
21
537.008817
0
LINE
8
OBJECTS
10
307.943213
20
537.008817
11
307.046333
21
540.604718
0
LINE
8
OBJECTS
10
307.046333
20
540.604718
11
306.482165
21
544.220256
0
LINE
8
OBJECTS
10
306.482165
20
544.220256
11
306.218894
21
547.854203
0
LINE
8
OBJECTS
10
306.218894
20
547.854203
11
306.224704
21
551.505331
0
LINE
8
OBJECTS
10
306.224704
20
551.505331
11
306.467778
21
555.172413
0
LINE
8
OBJECTS
10
306.467778
20
555.172413
11
306.916301
21
558.854220
0
LINE
8
OBJECTS
10
306.916301
20
558.854220
11
307.538457
21
562.549526
0
LINE
8
OBJECTS
10
307.538457
20
562.549526
11
307.498968
21
563.554069
0
LINE
8
OBJECTS
10
307.498968
20
563.554069
11
307.116447
21
564.644933
0
LINE
8
OBJECTS
10
307.116447
20
564.644933
11
306.518689
21
565.715291
0
LINE
8
OBJECTS
10
306.518689
20
565.715291
11
305.833485
21
566.658319
0
LINE
8
OBJECTS
10
305.833485
20
566.658319
11
302.414283
21
570.671136
0
LINE
8
OBJECTS
10
302.414283
20
570.671136
11
298.917822
21
574.626405
0
LINE
8
OBJECTS
10
298.917822
20
574.626405
11
295.524283
21
578.647688
0
LINE
8
OBJECTS
10
295.524283
20
578.647688
11
292.413848
21
582.858545
0
LINE
8
OBJECTS
10
292.413848
20
582.858545
11
290.758014
21
585.767582
0
LINE
8
OBJECTS
10
290.758014
20
585.767582
11
289.657414
21
588.691067
0
LINE
8
OBJECTS
10
289.657414
20
588.691067
11
289.091057
21
591.623045
0
LINE
8
OBJECTS
10
289.091057
20
591.623045
11
289.037949
21
594.557556
0
LINE
8
OBJECTS
10
289.037949
20
594.557556
11
289.477097
21
597.488644
0
LINE
8
OBJECTS
10
289.477097
20
597.488644
11
290.387508
21
600.410352
0
LINE
8
OBJECTS
10
290.387508
20
600.410352
11
291.748190
21
603.316723
0
LINE
8
OBJECTS
10
291.748190
20
603.316723
11
293.538149
21
606.201799
0
LINE
8
OBJECTS
10
293.538149
20
606.201799
11
295.126648
21
608.590182
0
LINE
8
OBJECTS
10
295.126648
20
608.590182
11
296.579616
21
611.104473
0
LINE
8
OBJECTS
10
296.579616
20
611.104473
11
297.757417
21
613.713683
0
LINE
8
OBJECTS
10
297.757417
20
613.713683
11
298.520418
21
616.386824
0
LINE
8
OBJECTS
10
298.520418
20
616.386824
11
299.293705
21
619.790416
0
LINE
8
OBJECTS
10
299.293705
20
619.790416
11
302.062123
21
624.464656
0
LINE
8
OBJECTS
10
302.062123
20
624.464656
11
304.977648
21
629.049930
0
LINE
8
OBJECTS
10
304.977648
20
629.049930
11
308.066211
21
633.518788
0
LINE
8
OBJECTS
10
308.066211
20
633.518788
11
311.353740
21
637.843779
0
LINE
8
OBJECTS
10
311.353740
20
637.843779
11
315.409970
21
642.601727
0
LINE
8
OBJECTS
10
315.409970
20
642.601727
11
319.773116
21
647.079481
0
LINE
8
OBJECTS
10
319.773116
20
647.079481
11
319.878817
21
647.338551
0
LINE
8
OBJECTS
10
319.878817
20
647.338551
11
319.773116
21
647.597358
0
LINE
8
OBJECTS
10
319.773116
20
647.597358
11
318.124801
21
649.017515
0
LINE
8
OBJECTS
10
318.124801
20
649.017515
11
316.358631
21
650.278915
0
LINE
8
OBJECTS
10
316.358631
20
650.278915
11
314.489407
21
651.377546
0
LINE
8
OBJECTS
10
314.489407
20
651.377546
11
312.531927
21
652.309400
0
LINE
8
OBJECTS
10
312.531927
20
652.309400
11
310.500992
21
653.070465
0
LINE
8
OBJECTS
10
310.500992
20
653.070465
11
308.411403
21
653.656732
0
LINE
8
OBJECTS
10
308.411403
20
653.656732
11
306.277960
21
654.064191
0
LINE
8
OBJECTS
10
306.277960
20
654.064191
11
304.115461
21
654.288832
0
LINE
8
OBJECTS
10
304.115461
20
654.288832
11
301.984268
21
654.322556
0
LINE
8
OBJECTS
10
301.984268
20
654.322556
11
299.870198
21
654.167107
0
LINE
8
OBJECTS
10
299.870198
20
654.167107
11
297.785381
21
653.826492
0
LINE
8
OBJECTS
10
297.785381
20
653.826492
11
295.741947
21
653.304716
0
LINE
8
OBJECTS
10
295.741947
20
653.304716
11
293.752024
21
652.605786
0
LINE
8
OBJECTS
10
293.752024
20
652.605786
11
291.827742
21
651.733706
0
LINE
8
OBJECTS
10
291.827742
20
651.733706
11
289.981232
21
650.692484
0
LINE
8
OBJECTS
10
289.981232
20
650.692484
11
288.224621
21
649.486126
0
LINE
8
OBJECTS
10
288.224621
20
649.486126
11
286.625075
21
648.176338
0
LINE
8
OBJECTS
10
286.625075
20
648.176338
11
285.136053
21
646.743235
0
LINE
8
OBJECTS
10
285.136053
20
646.743235
11
283.767409
21
645.196220
0
LINE
8
OBJECTS
10
283.767409
20
645.196220
11
282.528993
21
643.544699
0
LINE
8
OBJECTS
10
282.528993
20
643.544699
11
281.430657
21
641.798078
0
LINE
8
OBJECTS
10
281.430657
20
641.798078
11
280.482252
21
639.965760
0
LINE
8
OBJECTS
10
280.482252
20
639.965760
11
279.693631
21
638.057152
0
LINE
8
OBJECTS
10
279.693631
20
638.057152
11
279.074644
21
636.081658
0
LINE
8
OBJECTS
10
279.074644
20
636.081658
11
278.532834
21
633.630078
0
LINE
8
OBJECTS
10
278.532834
20
633.630078
11
278.121265
21
631.153099
0
LINE
8
OBJECTS
10
278.121265
20
631.153099
11
277.247260
21
626.208135
0
LINE
8
OBJECTS
10
277.247260
20
626.208135
11
276.565518
21
623.804004
0
LINE
8
OBJECTS
10
276.565518
20
623.804004
11
275.585327
21
621.507029
0
LINE
8
OBJECTS
10
275.585327
20
621.507029
11
274.351534
21
619.449148
0
LINE
8
OBJECTS
10
274.351534
20
619.449148
11
272.939147
21
617.507949
0
LINE
8
OBJECTS
10
272.939147
20
617.507949
11
269.951611
21
613.711054
0
LINE
8
OBJECTS
10
269.951611
20
613.711054
11
268.542426
21
611.755804
0
LINE
8
OBJECTS
10
268.542426
20
611.755804
11
267.281309
21
609.691116
0
LINE
8
OBJECTS
10
267.281309
20
609.691116
11
266.268999
21
607.642253
0
LINE
8
OBJECTS
10
266.268999
20
607.642253
11
265.422219
21
605.519175
0
LINE
8
OBJECTS
10
265.422219
20
605.519175
11
264.745631
21
603.335772
0
LINE
8
OBJECTS
10
264.745631
20
603.335772
11
264.243899
21
601.105935
0
LINE
8
OBJECTS
10
264.243899
20
601.105935
11
262.663497
21
596.104908
0
LINE
8
OBJECTS
10
262.663497
20
596.104908
11
261.510098
21
591.081821
0
LINE
8
OBJECTS
10
261.510098
20
591.081821
11
260.848889
21
585.989744
0
LINE
8
OBJECTS
10
260.848889
20
585.989744
11
260.723227
21
583.403168
0
LINE
8
OBJECTS
10
260.723227
20
583.403168
11
260.745057
21
580.781746
0
LINE
8
OBJECTS
10
260.745057
20
580.781746
11
260.969040
21
577.208837
0
LINE
8
OBJECTS
10
260.969040
20
577.208837
11
261.365597
21
573.695870
0
LINE
8
OBJECTS
10
261.365597
20
573.695870
11
261.924069
21
570.239247
0
LINE
8
OBJECTS
10
261.924069
20
570.239247
11
262.633798
21
566.835369
0
LINE
8
OBJECTS
10
262.633798
20
566.835369
11
264.464394
21
560.171453
0
LINE
8
OBJECTS
10
264.464394
20
560.171453
11
266.772120
21
553.675332
0
LINE
8
OBJECTS
10
266.772120
20
553.675332
11
269.471709
21
547.318216
0
LINE
8
OBJECTS
10
269.471709
20
547.318216
11
272.477896
21
541.071315
0
LINE
8
OBJECTS
10
272.477896
20
541.071315
11
275.705415
21
534.905840
0
LINE
8
OBJECTS
10
275.705415
20
534.905840
11
279.069000
21
528.793000
0
LINE
8
OBJECTS
10
326.702000
20
437.885000
11
329.144167
21
439.629469
0
LINE
8
OBJECTS
10
329.144167
20
439.629469
11
331.197508
21
441.382888
0
LINE
8
OBJECTS
10
331.197508
20
441.382888
11
332.893935
21
443.128492
0
LINE
8
OBJECTS
10
332.893935
20
443.128492
11
334.265357
21
444.849518
0
LINE
8
OBJECTS
10
334.265357
20
444.849518
11
335.343686
21
446.529201
0
LINE
8
OBJECTS
10
335.343686
20
446.529201
11
336.160831
21
448.150776
0
LINE
8
OBJECTS
10
336.160831
20
448.150776
11
336.748705
21
449.697479
0
LINE
8
OBJECTS
10
336.748705
20
449.697479
11
337.139216
21
451.152546
0
LINE
8
OBJECTS
10
337.139216
20
451.152546
11
337.455797
21
453.720715
0
LINE
8
OBJECTS
10
337.455797
20
453.720715
11
337.365859
21
455.721168
0
LINE
8
OBJECTS
10
337.365859
20
455.721168
11
336.987566
21
457.482468
0
LINE
8
OBJECTS
10
336.987566
20
457.482468
11
335.011890
21
458.831786
0
LINE
8
OBJECTS
10
335.011890
20
458.831786
11
333.141161
21
459.768496
0
LINE
8
OBJECTS
10
333.141161
20
459.768496
11
331.364641
21
460.296541
0
LINE
8
OBJECTS
10
331.364641
20
460.296541
11
329.671589
21
460.419866
0
LINE
8
OBJECTS
10
329.671589
20
460.419866
11
328.051263
21
460.142413
0
LINE
8
OBJECTS
10
328.051263
20
460.142413
11
326.492925
21
459.468128
0
LINE
8
OBJECTS
10
326.492925
20
459.468128
11
324.985832
21
458.400955
0
LINE
8
OBJECTS
10
324.985832
20
458.400955
11
323.519246
21
456.944836
0
LINE
8
OBJECTS
10
323.519246
20
456.944836
11
321.994059
21
455.549911
0
LINE
8
OBJECTS
10
321.994059
20
455.549911
11
320.384469
21
454.223514
0
LINE
8
OBJECTS
10
320.384469
20
454.223514
11
318.109758
21
452.308828
0
LINE
8
OBJECTS
10
318.109758
20
452.308828
11
315.855386
21
450.788701
0
LINE
8
OBJECTS
10
315.855386
20
450.788701
11
313.604520
21
449.664125
0
LINE
8
OBJECTS
10
313.604520
20
449.664125
11
311.340326
21
448.936092
0
LINE
8
OBJECTS
10
311.340326
20
448.936092
11
309.606427
21
448.649637
0
LINE
8
OBJECTS
10
309.606427
20
448.649637
11
306.930222
21
448.652597
0
LINE
8
OBJECTS
10
306.930222
20
448.652597
11
304.172029
21
449.184227
0
LINE
8
OBJECTS
10
304.172029
20
449.184227
11
301.306350
21
450.247601
0
LINE
8
OBJECTS
10
301.306350
20
450.247601
11
298.307685
21
451.845797
0
LINE
8
OBJECTS
10
298.307685
20
451.845797
11
296.490883
21
452.686112
0
LINE
8
OBJECTS
10
296.490883
20
452.686112
11
294.851027
21
454.059599
0
LINE
8
OBJECTS
10
294.851027
20
454.059599
11
293.636256
21
455.242819
0
LINE
8
OBJECTS
10
293.636256
20
455.242819
11
292.622331
21
456.385331
0
LINE
8
OBJECTS
10
292.622331
20
456.385331
11
290.522811
21
455.297505
0
LINE
8
OBJECTS
10
290.522811
20
455.297505
11
288.309190
21
453.843595
0
LINE
8
OBJECTS
10
288.309190
20
453.843595
11
285.684795
21
451.699350
0
LINE
8
OBJECTS
10
285.684795
20
451.699350
11
282.923478
21
448.802021
0
LINE
8
OBJECTS
10
282.923478
20
448.802021
11
281.577053
21
447.051340
0
LINE
8
OBJECTS
10
281.577053
20
447.051340
11
280.299091
21
445.088855
0
LINE
8
OBJECTS
10
280.299091
20
445.088855
11
279.123825
21
442.906723
0
LINE
8
OBJECTS
10
279.123825
20
442.906723
11
278.085486
21
440.497101
0
LINE
8
OBJECTS
10
278.085486
20
440.497101
11
277.218305
21
437.852143
0
LINE
8
OBJECTS
10
277.218305
20
437.852143
11
276.556513
21
434.964006
0
LINE
8
OBJECTS
10
276.556513
20
434.964006
11
276.151633
21
432.010199
0
LINE
8
OBJECTS
10
276.151633
20
432.010199
11
276.010627
21
429.179773
0
LINE
8
OBJECTS
10
276.010627
20
429.179773
11
276.100690
21
426.481997
0
LINE
8
OBJECTS
10
276.100690
20
426.481997
11
276.389016
21
423.926143
0
LINE
8
OBJECTS
10
276.389016
20
423.926143
11
276.842799
21
421.521482
0
LINE
8
OBJECTS
10
276.842799
20
421.521482
11
277.429233
21
419.277284
0
LINE
8
OBJECTS
10
277.429233
20
419.277284
11
278.868834
21
415.307360
0
LINE
8
OBJECTS
10
278.868834
20
415.307360
11
280.445373
21
412.090538
0
LINE
8
OBJECTS
10
280.445373
20
412.090538
11
281.896405
21
409.700984
0
LINE
8
OBJECTS
10
281.896405
20
409.700984
11
283.372165
21
407.700342
0
LINE
8
OBJECTS
10
283.372165
20
407.700342
11
283.668834
21
408.864186
0
LINE
8
OBJECTS
10
283.668834
20
408.864186
11
284.168040
21
410.293331
0
LINE
8
OBJECTS
10
284.168040
20
410.293331
11
285.015268
21
412.264482
0
LINE
8
OBJECTS
10
285.015268
20
412.264482
11
286.296097
21
414.760532
0
LINE
8
OBJECTS
10
286.296097
20
414.760532
11
288.096108
21
417.764375
0
LINE
8
OBJECTS
10
288.096108
20
417.764375
11
290.500881
21
421.258902
0
LINE
8
OBJECTS
10
290.500881
20
421.258902
11
293.595995
21
425.227008
0
LINE
8
OBJECTS
10
293.595995
20
425.227008
11
295.337057
21
427.112829
0
LINE
8
OBJECTS
10
295.337057
20
427.112829
11
297.095235
21
428.606411
0
LINE
8
OBJECTS
10
297.095235
20
428.606411
11
298.876234
21
429.760529
0
LINE
8
OBJECTS
10
298.876234
20
429.760529
11
300.685760
21
430.627958
0
LINE
8
OBJECTS
10
300.685760
20
430.627958
11
302.529519
21
431.261471
0
LINE
8
OBJECTS
10
302.529519
20
431.261471
11
304.413215
21
431.713842
0
LINE
8
OBJECTS
10
304.413215
20
431.713842
11
308.323244
21
432.286253
0
LINE
8
OBJECTS
10
308.323244
20
432.286253
11
312.461493
21
432.767383
0
LINE
8
OBJECTS
10
312.461493
20
432.767383
11
316.873605
21
433.579423
0
LINE
8
OBJECTS
10
316.873605
20
433.579423
11
319.196624
21
434.241469
0
LINE
8
OBJECTS
10
319.196624
20
434.241469
11
321.605226
21
435.144565
0
LINE
8
OBJECTS
10
321.605226
20
435.144565
11
324.105116
21
436.341484
0
LINE
8
OBJECTS
10
324.105116
20
436.341484
11
326.702000
21
437.885000
0
LINE
8
OBJECTS
10
479.827000
20
556.610000
11
478.452669
21
560.006729
0
LINE
8
OBJECTS
10
478.452669
20
560.006729
11
476.699059
21
563.183222
0
LINE
8
OBJECTS
10
476.699059
20
563.183222
11
474.684900
21
566.208333
0
LINE
8
OBJECTS
10
474.684900
20
566.208333
11
472.528926
21
569.150914
0
LINE
8
OBJECTS
10
472.528926
20
569.150914
11
470.349866
21
572.079819
0
LINE
8
OBJECTS
10
470.349866
20
572.079819
11
468.266454
21
575.063903
0
LINE
8
OBJECTS
10
468.266454
20
575.063903
11
466.397419
21
578.172018
0
LINE
8
OBJECTS
10
466.397419
20
578.172018
11
464.861494
21
581.473017
0
LINE
8
OBJECTS
10
464.861494
20
581.473017
11
464.222844
21
583.551093
0
LINE
8
OBJECTS
10
464.222844
20
583.551093
11
463.884214
21
585.628830
0
LINE
8
OBJECTS
10
463.884214
20
585.628830
11
463.787081
21
587.708369
0
LINE
8
OBJECTS
10
463.787081
20
587.708369
11
463.872925
21
589.791852
0
LINE
8
OBJECTS
10
463.872925
20
589.791852
11
464.359448
21
593.979216
0
LINE
8
OBJECTS
10
464.359448
20
593.979216
11
464.875605
21
598.208053
0
LINE
8
OBJECTS
10
464.875605
20
598.208053
11
464.970051
21
600.286292
0
LINE
8
OBJECTS
10
464.970051
20
600.286292
11
464.874133
21
602.326344
0
LINE
8
OBJECTS
10
464.874133
20
602.326344
11
464.571817
21
604.308808
0
LINE
8
OBJECTS
10
464.571817
20
604.308808
11
464.047064
21
606.214283
0
LINE
8
OBJECTS
10
464.047064
20
606.214283
11
463.283840
21
608.023367
0
LINE
8
OBJECTS
10
463.283840
20
608.023367
11
462.266108
21
609.716658
0
LINE
8
OBJECTS
10
462.266108
20
609.716658
11
460.977832
21
611.274756
0
LINE
8
OBJECTS
10
460.977832
20
611.274756
11
459.402976
21
612.678260
0
LINE
8
OBJECTS
10
459.402976
20
612.678260
11
457.679679
21
613.818257
0
LINE
8
OBJECTS
10
457.679679
20
613.818257
11
455.833462
21
614.707488
0
LINE
8
OBJECTS
10
455.833462
20
614.707488
11
453.894468
21
615.343927
0
LINE
8
OBJECTS
10
453.894468
20
615.343927
11
451.892838
21
615.725547
0
LINE
8
OBJECTS
10
451.892838
20
615.725547
11
449.858714
21
615.850324
0
LINE
8
OBJECTS
10
449.858714
20
615.850324
11
447.822238
21
615.716232
0
LINE
8
OBJECTS
10
447.822238
20
615.716232
11
445.813551
21
615.321244
0
LINE
8
OBJECTS
10
445.813551
20
615.321244
11
443.862796
21
614.663336
0
LINE
8
OBJECTS
10
443.862796
20
614.663336
11
442.030742
21
613.766755
0
LINE
8
OBJECTS
10
442.030742
20
613.766755
11
440.325650
21
612.655941
0
LINE
8
OBJECTS
10
440.325650
20
612.655941
11
438.758827
21
611.354156
0
LINE
8
OBJECTS
10
438.758827
20
611.354156
11
437.341581
21
609.884663
0
LINE
8
OBJECTS
10
437.341581
20
609.884663
11
436.085217
21
608.270724
0
LINE
8
OBJECTS
10
436.085217
20
608.270724
11
435.001043
21
606.535602
0
LINE
8
OBJECTS
10
435.001043
20
606.535602
11
434.100366
21
604.702559
0
LINE
8
OBJECTS
10
434.100366
20
604.702559
11
433.394491
21
602.794859
0
LINE
8
OBJECTS
10
433.394491
20
602.794859
11
433.172513
21
600.767399
0
LINE
8
OBJECTS
10
433.172513
20
600.767399
11
433.195428
21
598.804291
0
LINE
8
OBJECTS
10
433.195428
20
598.804291
11
433.439835
21
596.901343
0
LINE
8
OBJECTS
10
433.439835
20
596.901343
11
433.882332
21
595.054364
0
LINE
8
OBJECTS
10
433.882332
20
595.054364
11
434.499518
21
593.259163
0
LINE
8
OBJECTS
10
434.499518
20
593.259163
11
435.267991
21
591.511548
0
LINE
8
OBJECTS
10
435.267991
20
591.511548
11
437.165192
21
588.142311
0
LINE
8
OBJECTS
10
437.165192
20
588.142311
11
439.386722
21
584.913120
0
LINE
8
OBJECTS
10
439.386722
20
584.913120
11
441.745368
21
581.790445
0
LINE
8
OBJECTS
10
441.745368
20
581.790445
11
444.053916
21
578.740753
0
LINE
8
OBJECTS
10
444.053916
20
578.740753
11
446.125155
21
575.730513
0
LINE
8
OBJECTS
10
446.125155
20
575.730513
11
447.855436
21
572.581157
0
LINE
8
OBJECTS
10
447.855436
20
572.581157
11
449.202329
21
569.266602
0
LINE
8
OBJECTS
10
449.202329
20
569.266602
11
450.168868
21
565.826470
0
LINE
8
OBJECTS
10
450.168868
20
565.826470
11
450.758087
21
562.300381
0
LINE
8
OBJECTS
10
450.758087
20
562.300381
11
450.973021
21
558.727957
0
LINE
8
OBJECTS
10
450.973021
20
558.727957
11
450.816703
21
555.148820
0
LINE
8
OBJECTS
10
450.816703
20
555.148820
11
450.292169
21
551.602590
0
LINE
8
OBJECTS
10
450.292169
20
551.602590
11
449.402453
21
548.128888
0
LINE
8
OBJECTS
10
449.402453
20
548.128888
11
447.974423
21
544.346639
0
LINE
8
OBJECTS
10
447.974423
20
544.346639
11
446.113337
21
540.775031
0
LINE
8
OBJECTS
10
446.113337
20
540.775031
11
443.822304
21
537.466617
0
LINE
8
OBJECTS
10
443.822304
20
537.466617
11
441.104433
21
534.473949
0
LINE
8
OBJECTS
10
441.104433
20
534.473949
11
440.510025
21
533.623238
0
LINE
8
OBJECTS
10
440.510025
20
533.623238
11
440.349402
21
532.701950
0
LINE
8
OBJECTS
10
440.349402
20
532.701950
11
440.602982
21
531.797330
0
LINE
8
OBJECTS
10
440.602982
20
531.797330
11
441.251188
21
530.996626
0
LINE
8
OBJECTS
10
441.251188
20
530.996626
11
442.842369
21
529.751308
0
LINE
8
OBJECTS
10
442.842369
20
529.751308
11
444.527841
21
528.658151
0
LINE
8
OBJECTS
10
444.527841
20
528.658151
11
446.295111
21
527.717768
0
LINE
8
OBJECTS
10
446.295111
20
527.717768
11
448.131684
21
526.930772
0
LINE
8
OBJECTS
10
448.131684
20
526.930772
11
450.025069
21
526.297775
0
LINE
8
OBJECTS
10
450.025069
20
526.297775
11
451.962771
21
525.819391
0
LINE
8
OBJECTS
10
451.962771
20
525.819391
11
453.932297
21
525.496231
0
LINE
8
OBJECTS
10
453.932297
20
525.496231
11
455.921155
21
525.328911
0
LINE
8
OBJECTS
10
455.921155
20
525.328911
11
457.916850
21
525.318041
0
LINE
8
OBJECTS
10
457.916850
20
525.318041
11
459.906890
21
525.464235
0
LINE
8
OBJECTS
10
459.906890
20
525.464235
11
461.878781
21
525.768106
0
LINE
8
OBJECTS
10
461.878781
20
525.768106
11
463.820030
21
526.230267
0
LINE
8
OBJECTS
10
463.820030
20
526.230267
11
465.718144
21
526.851330
0
LINE
8
OBJECTS
10
465.718144
20
526.851330
11
467.560630
21
527.631909
0
LINE
8
OBJECTS
10
467.560630
20
527.631909
11
469.334993
21
528.572616
0
LINE
8
OBJECTS
10
469.334993
20
528.572616
11
471.028742
21
529.674065
0
LINE
8
OBJECTS
10
471.028742
20
529.674065
11
472.518528
21
530.843579
0
LINE
8
OBJECTS
10
472.518528
20
530.843579
11
473.898287
21
532.132077
0
LINE
8
OBJECTS
10
473.898287
20
532.132077
11
475.164741
21
533.528746
0
LINE
8
OBJECTS
10
475.164741
20
533.528746
11
476.314614
21
535.022776
0
LINE
8
OBJECTS
10
476.314614
20
535.022776
11
478.251510
21
538.259674
0
LINE
8
OBJECTS
10
478.251510
20
538.259674
11
479.682758
21
541.756280
0
LINE
8
OBJECTS
10
479.682758
20
541.756280
11
480.582146
21
545.426106
0
LINE
8
OBJECTS
10
480.582146
20
545.426106
11
480.923458
21
549.182661
0
LINE
8
OBJECTS
10
480.923458
20
549.182661
11
480.876644
21
551.066434
0
LINE
8
OBJECTS
10
480.876644
20
551.066434
11
480.680481
21
552.939455
0
LINE
8
OBJECTS
10
480.680481
20
552.939455
11
480.331692
21
554.790914
0
LINE
8
OBJECTS
10
480.331692
20
554.790914
11
479.827000
21
556.610000
0
LINE
8
OBJECTS
10
450.448832
20
404.128055
11
442.435646
21
399.508484
0
LINE
8
OBJECTS
10
442.435646
20
399.508484
11
434.033610
21
394.490636
0
LINE
8
OBJECTS
10
434.033610
20
394.490636
11
424.136342
21
388.339961
0
LINE
8
OBJECTS
10
424.136342
20
388.339961
11
413.820141
21
381.560869
0
LINE
8
OBJECTS
10
413.820141
20
381.560869
11
408.841283
21
378.093294
0
LINE
8
OBJECTS
10
408.841283
20
378.093294
11
404.161304
21
374.657770
0
LINE
8
OBJECTS
10
404.161304
20
374.657770
11
399.914740
21
371.317346
0
LINE
8
OBJECTS
10
399.914740
20
371.317346
11
396.236128
21
368.135075
0
LINE
8
OBJECTS
10
396.236128
20
368.135075
11
393.260007
21
365.174007
0
LINE
8
OBJECTS
10
393.260007
20
365.174007
11
391.120913
21
362.497194
0
LINE
8
OBJECTS
10
391.120913
20
362.497194
11
390.280736
21
361.079321
0
LINE
8
OBJECTS
10
390.280736
20
361.079321
11
389.577056
21
359.564393
0
LINE
8
OBJECTS
10
389.577056
20
359.564393
11
388.550380
21
356.280635
0
LINE
8
OBJECTS
10
388.550380
20
356.280635
11
387.983265
21
352.720454
0
LINE
8
OBJECTS
10
387.983265
20
352.720454
11
387.818093
21
348.958384
0
LINE
8
OBJECTS
10
387.818093
20
348.958384
11
387.997247
21
345.068959
0
LINE
8
OBJECTS
10
387.997247
20
345.068959
11
388.463109
21
341.126713
0
LINE
8
OBJECTS
10
388.463109
20
341.126713
11
389.158060
21
337.206179
0
LINE
8
OBJECTS
10
389.158060
20
337.206179
11
390.024482
21
333.381891
0
LINE
8
OBJECTS
10
390.024482
20
333.381891
11
392.041268
21
326.320188
0
LINE
8
OBJECTS
10
392.041268
20
326.320188
11
394.052523
21
320.537875
0
LINE
8
OBJECTS
10
394.052523
20
320.537875
11
396.214660
21
315.196501
0
LINE
8
OBJECTS
10
396.214660
20
315.196501
11
387.774823
21
306.131190
0
LINE
8
OBJECTS
10
387.774823
20
306.131190
11
384.427057
21
323.445530
0
LINE
8
OBJECTS
10
384.427057
20
323.445530
11
381.841356
21
338.019778
0
LINE
8
OBJECTS
10
381.841356
20
338.019778
11
380.786928
21
344.724475
0
LINE
8
OBJECTS
10
380.786928
20
344.724475
11
380.069115
21
350.255479
0
LINE
8
OBJECTS
10
380.069115
20
350.255479
11
376.303220
21
385.652065
0
LINE
8
OBJECTS
10
376.303220
20
385.652065
11
375.378945
21
394.338493
0
LINE
8
OBJECTS
10
375.378945
20
394.338493
11
375.746538
21
398.077929
0
LINE
8
OBJECTS
10
375.746538
20
398.077929
11
376.112059
21
403.536591
0
LINE
8
OBJECTS
10
376.112059
20
403.536591
11
376.056365
21
409.026275
0
LINE
8
OBJECTS
10
376.056365
20
409.026275
11
375.733838
21
414.535406
0
LINE
8
OBJECTS
10
375.733838
20
414.535406
11
375.298864
21
420.052409
0
LINE
8
OBJECTS
10
375.298864
20
420.052409
11
373.607431
21
424.346631
0
LINE
8
OBJECTS
10
373.607431
20
424.346631
11
372.385632
21
428.741659
0
LINE
8
OBJECTS
10
372.385632
20
428.741659
11
372.054275
21
430.594659
0
LINE
8
OBJECTS
10
372.054275
20
430.594659
11
371.898535
21
432.529911
0
LINE
8
OBJECTS
10
371.898535
20
432.529911
11
372.028147
21
434.435463
0
LINE
8
OBJECTS
10
372.028147
20
434.435463
11
372.552848
21
436.199365
0
LINE
8
OBJECTS
10
372.552848
20
436.199365
11
374.041964
21
436.532739
0
LINE
8
OBJECTS
10
374.041964
20
436.532739
11
375.513353
21
436.522156
0
LINE
8
OBJECTS
10
375.513353
20
436.522156
11
377.510605
21
436.010144
0
LINE
8
OBJECTS
10
377.510605
20
436.010144
11
379.387241
21
435.072948
0
LINE
8
OBJECTS
10
379.387241
20
435.072948
11
382.865578
21
432.734742
0
LINE
8
OBJECTS
10
382.865578
20
432.734742
11
384.882029
21
431.474848
0
LINE
8
OBJECTS
10
384.882029
20
431.474848
11
386.976136
21
430.391994
0
LINE
8
OBJECTS
10
386.976136
20
430.391994
11
389.167344
21
429.535688
0
LINE
8
OBJECTS
10
389.167344
20
429.535688
11
391.475101
21
428.955442
0
LINE
8
OBJECTS
10
391.475101
20
428.955442
11
393.627757
21
428.633119
0
LINE
8
OBJECTS
10
393.627757
20
428.633119
11
395.918063
21
428.585864
0
LINE
8
OBJECTS
10
395.918063
20
428.585864
11
397.015140
21
428.763871
0
LINE
8
OBJECTS
10
397.015140
20
428.763871
11
398.026997
21
429.128826
0
LINE
8
OBJECTS
10
398.026997
20
429.128826
11
398.913755
21
429.720124
0
LINE
8
OBJECTS
10
398.913755
20
429.720124
11
399.635538
21
430.577158
0
LINE
8
OBJECTS
10
399.635538
20
430.577158
11
400.728370
21
432.667394
0
LINE
8
OBJECTS
10
400.728370
20
432.667394
11
401.620218
21
434.949123
0
LINE
8
OBJECTS
10
401.620218
20
434.949123
11
403.079700
21
439.543338
0
LINE
8
OBJECTS
10
403.079700
20
439.543338
11
404.485296
21
444.430137
0
LINE
8
OBJECTS
10
404.485296
20
444.430137
11
405.613345
21
449.388638
0
LINE
8
OBJECTS
10
405.613345
20
449.388638
11
406.391527
21
453.918736
0
LINE
8
OBJECTS
10
406.391527
20
453.918736
11
406.947195
21
458.478996
0
LINE
8
OBJECTS
10
406.947195
20
458.478996
11
407.614541
21
461.215756
0
LINE
8
OBJECTS
10
407.614541
20
461.215756
11
408.438140
21
463.875018
0
LINE
8
OBJECTS
10
408.438140
20
463.875018
11
409.443409
21
466.436037
0
LINE
8
OBJECTS
10
409.443409
20
466.436037
11
410.655763
21
468.878068
0
LINE
8
OBJECTS
10
410.655763
20
468.878068
11
412.100619
21
471.180367
0
LINE
8
OBJECTS
10
412.100619
20
471.180367
11
413.803393
21
473.322188
0
LINE
8
OBJECTS
10
413.803393
20
473.322188
11
415.789503
21
475.282786
0
LINE
8
OBJECTS
10
415.789503
20
475.282786
11
418.084364
21
477.041416
0
LINE
8
OBJECTS
10
418.084364
20
477.041416
11
420.856753
21
478.677584
0
LINE
8
OBJECTS
10
420.856753
20
478.677584
11
423.760657
21
480.029250
0
LINE
8
OBJECTS
10
423.760657
20
480.029250
11
429.795326
21
482.242319
0
LINE
8
OBJECTS
10
429.795326
20
482.242319
11
435.853014
21
484.407102
0
LINE
8
OBJECTS
10
435.853014
20
484.407102
11
438.785691
21
485.698411
0
LINE
8
OBJECTS
10
438.785691
20
485.698411
11
441.598363
21
487.250077
0
LINE
8
OBJECTS
10
441.598363
20
487.250077
11
444.196700
21
489.230465
0
LINE
8
OBJECTS
10
444.196700
20
489.230465
11
446.476227
21
491.673520
0
LINE
8
OBJECTS
10
446.476227
20
491.673520
11
448.404810
21
494.485099
0
LINE
8
OBJECTS
10
448.404810
20
494.485099
11
449.950314
21
497.571053
0
LINE
8
OBJECTS
10
449.950314
20
497.571053
11
451.080605
21
500.837238
0
LINE
8
OBJECTS
10
451.080605
20
500.837238
11
451.763549
21
504.189508
0
LINE
8
OBJECTS
10
451.763549
20
504.189508
11
451.967011
21
507.533716
0
LINE
8
OBJECTS
10
451.967011
20
507.533716
11
451.658857
21
510.775717
0
LINE
8
OBJECTS
10
451.658857
20
510.775717
11
450.979987
21
513.453173
0
LINE
8
OBJECTS
10
450.979987
20
513.453173
11
449.976243
21
516.062962
0
LINE
8
OBJECTS
10
449.976243
20
516.062962
11
448.723725
21
518.568241
0
LINE
8
OBJECTS
10
448.723725
20
518.568241
11
447.298533
21
520.932167
0
LINE
8
OBJECTS
10
447.298533
20
520.932167
11
445.455274
21
523.492269
0
LINE
8
OBJECTS
10
445.455274
20
523.492269
11
442.269234
21
524.356386
0
LINE
8
OBJECTS
10
442.269234
20
524.356386
11
438.997602
21
524.800543
0
LINE
8
OBJECTS
10
438.997602
20
524.800543
11
435.654665
21
524.780622
0
LINE
8
OBJECTS
10
435.654665
20
524.780622
11
432.254711
21
524.252504
0
LINE
8
OBJECTS
10
432.254711
20
524.252504
11
430.035396
21
523.639091
0
LINE
8
OBJECTS
10
430.035396
20
523.639091
11
427.884906
21
522.858594
0
LINE
8
OBJECTS
10
427.884906
20
522.858594
11
425.801687
21
521.925829
0
LINE
8
OBJECTS
10
425.801687
20
521.925829
11
423.784182
21
520.855614
0
LINE
8
OBJECTS
10
423.784182
20
520.855614
11
421.295385
21
518.236862
0
LINE
8
OBJECTS
10
421.295385
20
518.236862
11
418.580369
21
515.923439
0
LINE
8
OBJECTS
10
418.580369
20
515.923439
11
411.052813
21
510.369671
0
LINE
8
OBJECTS
10
411.052813
20
510.369671
11
411.019652
21
510.334746
0
LINE
8
OBJECTS
10
411.019652
20
510.334746
11
410.496484
21
509.965741
0
LINE
8
OBJECTS
10
410.496484
20
509.965741
11
398.605826
21
501.402349
0
LINE
8
OBJECTS
10
398.605826
20
501.402349
11
386.624946
21
492.960699
0
LINE
8
OBJECTS
10
386.624946
20
492.960699
11
362.521634
21
476.276596
0
LINE
8
OBJECTS
10
362.521634
20
476.276596
11
358.657949
21
473.420370
0
LINE
8
OBJECTS
10
358.657949
20
473.420370
11
355.018993
21
470.357703
0
LINE
8
OBJECTS
10
355.018993
20
470.357703
11
351.574308
21
467.105331
0
LINE
8
OBJECTS
10
351.574308
20
467.105331
11
348.293432
21
463.679987
0
LINE
8
OBJECTS
10
348.293432
20
463.679987
11
347.623509
21
463.172121
0
LINE
8
OBJECTS
10
347.623509
20
463.172121
11
347.202293
21
462.299924
0
LINE
8
OBJECTS
10
347.202293
20
462.299924
11
346.614535
21
460.500730
0
LINE
8
OBJECTS
10
346.614535
20
460.500730
11
346.366250
21
458.716299
0
LINE
8
OBJECTS
10
346.366250
20
458.716299
11
346.430032
21
456.953787
0
LINE
8
OBJECTS
10
346.430032
20
456.953787
11
346.778475
21
455.220351
0
LINE
8
OBJECTS
10
346.778475
20
455.220351
11
347.384176
21
453.523146
0
LINE
8
OBJECTS
10
347.384176
20
453.523146
11
348.219729
21
451.869328
0
LINE
8
OBJECTS
10
348.219729
20
451.869328
11
349.257730
21
450.266053
0
LINE
8
OBJECTS
10
349.257730
20
450.266053
11
350.470772
21
448.720479
0
LINE
8
OBJECTS
10
350.470772
20
448.720479
11
352.021932
21
446.909322
0
LINE
8
OBJECTS
10
352.021932
20
446.909322
11
353.973572
21
445.099669
0
LINE
8
OBJECTS
10
353.973572
20
445.099669
11
356.083101
21
443.553045
0
LINE
8
OBJECTS
10
356.083101
20
443.553045
11
358.329949
21
442.250168
0
LINE
8
OBJECTS
10
358.329949
20
442.250168
11
360.693544
21
441.171756
0
LINE
8
OBJECTS
10
360.693544
20
441.171756
11
363.503312
21
434.516231
0
LINE
8
OBJECTS
10
363.503312
20
434.516231
11
365.785626
21
427.675754
0
LINE
8
OBJECTS
10
365.785626
20
427.675754
11
367.535815
21
420.688252
0
LINE
8
OBJECTS
10
367.535815
20
420.688252
11
368.749207
21
413.591651
0
LINE
8
OBJECTS
10
368.749207
20
413.591651
11
369.421130
21
406.423877
0
LINE
8
OBJECTS
10
369.421130
20
406.423877
11
369.546913
21
399.222856
0
LINE
8
OBJECTS
10
369.546913
20
399.222856
11
369.121884
21
392.026515
0
LINE
8
OBJECTS
10
369.121884
20
392.026515
11
368.141372
21
384.872781
0
LINE
8
OBJECTS
10
368.141372
20
384.872781
11
366.278004
21
385.868670
0
LINE
8
OBJECTS
10
366.278004
20
385.868670
11
365.184119
21
386.856076
0
LINE
8
OBJECTS
10
365.184119
20
386.856076
11
363.981817
21
387.700239
0
LINE
8
OBJECTS
10
363.981817
20
387.700239
11
362.688159
21
388.393118
0
LINE
8
OBJECTS
10
362.688159
20
388.393118
11
361.320208
21
388.926673
0
LINE
8
OBJECTS
10
361.320208
20
388.926673
11
359.895024
21
389.292863
0
LINE
8
OBJECTS
10
359.895024
20
389.292863
11
358.429669
21
389.483648
0
LINE
8
OBJECTS
10
358.429669
20
389.483648
11
356.941204
21
389.490985
0
LINE
8
OBJECTS
10
356.941204
20
389.490985
11
355.446691
21
389.306835
0
LINE
8
OBJECTS
10
355.446691
20
389.306835
11
355.258496
21
389.198400
0
LINE
8
OBJECTS
10
355.258496
20
389.198400
11
355.188370
21
389.009267
0
LINE
8
OBJECTS
10
355.188370
20
389.009267
11
355.359203
21
388.637617
0
LINE
8
OBJECTS
10
355.359203
20
388.637617
11
358.342081
21
386.336767
0
LINE
8
OBJECTS
10
358.342081
20
386.336767
11
360.991155
21
383.765810
0
LINE
8
OBJECTS
10
360.991155
20
383.765810
11
363.332850
21
380.955473
0
LINE
8
OBJECTS
10
363.332850
20
380.955473
11
365.393592
21
377.936479
0
LINE
8
OBJECTS
10
365.393592
20
377.936479
11
367.175292
21
372.118922
0
LINE
8
OBJECTS
10
367.175292
20
372.118922
11
368.600335
21
366.202411
0
LINE
8
OBJECTS
10
368.600335
20
366.202411
11
370.267603
21
357.537546
0
LINE
8
OBJECTS
10
370.267603
20
357.537546
11
371.747811
21
348.838021
0
LINE
8
OBJECTS
10
371.747811
20
348.838021
11
374.862479
21
330.563820
0
LINE
8
OBJECTS
10
374.862479
20
330.563820
11
378.248433
21
310.700711
0
LINE
8
OBJECTS
10
378.248433
20
310.700711
11
378.535946
21
308.488093
0
LINE
8
OBJECTS
10
378.535946
20
308.488093
11
378.741218
21
305.145664
0
LINE
8
OBJECTS
10
378.741218
20
305.145664
11
378.779009
21
301.792386
0
LINE
8
OBJECTS
10
378.779009
20
301.792386
11
378.613695
21
298.524431
0
LINE
8
OBJECTS
10
378.613695
20
298.524431
11
378.214258
21
295.283694
0
LINE
8
OBJECTS
10
378.214258
20
295.283694
11
377.558770
21
292.088268
0
LINE
8
OBJECTS
10
377.558770
20
292.088268
11
376.625306
21
288.956242
0
LINE
8
OBJECTS
10
376.625306
20
288.956242
11
375.974361
21
290.233402
0
LINE
8
OBJECTS
10
375.974361
20
290.233402
11
375.180249
21
291.421977
0
LINE
8
OBJECTS
10
375.180249
20
291.421977
11
374.255837
21
292.509679
0
LINE
8
OBJECTS
10
374.255837
20
292.509679
11
373.213996
21
293.484223
0
LINE
8
OBJECTS
10
373.213996
20
293.484223
11
372.067596
21
294.333321
0
LINE
8
OBJECTS
10
372.067596
20
294.333321
11
370.829505
21
295.044688
0
LINE
8
OBJECTS
10
370.829505
20
295.044688
11
369.512593
21
295.606036
0
LINE
8
OBJECTS
10
369.512593
20
295.606036
11
368.129730
21
296.005079
0
LINE
8
OBJECTS
10
368.129730
20
296.005079
11
367.749304
21
295.871906
0
LINE
8
OBJECTS
10
367.749304
20
295.871906
11
367.716275
21
295.466742
0
LINE
8
OBJECTS
10
367.716275
20
295.466742
11
369.092870
21
292.091803
0
LINE
8
OBJECTS
10
369.092870
20
292.091803
11
370.160849
21
288.610510
0
LINE
8
OBJECTS
10
370.160849
20
288.610510
11
370.920135
21
285.049627
0
LINE
8
OBJECTS
10
370.920135
20
285.049627
11
371.370648
21
281.435918
0
LINE
8
OBJECTS
10
371.370648
20
281.435918
11
371.512311
21
277.796149
0
LINE
8
OBJECTS
10
371.512311
20
277.796149
11
371.345044
21
274.157082
0
LINE
8
OBJECTS
10
371.345044
20
274.157082
11
370.868770
21
270.545482
0
LINE
8
OBJECTS
10
370.868770
20
270.545482
11
370.083409
21
266.988113
0
LINE
8
OBJECTS
10
370.083409
20
266.988113
11
370.072473
21
266.958479
0
LINE
8
OBJECTS
10
370.072473
20
266.958479
11
365.502247
21
257.829449
0
LINE
8
OBJECTS
10
365.502247
20
257.829449
11
361.140512
21
248.655703
0
LINE
8
OBJECTS
10
361.140512
20
248.655703
11
360.468472
21
247.201556
0
LINE
8
OBJECTS
10
360.468472
20
247.201556
11
359.632743
21
245.876173
0
LINE
8
OBJECTS
10
359.632743
20
245.876173
11
357.120133
21
241.561137
0
LINE
8
OBJECTS
10
357.120133
20
241.561137
11
354.867079
21
237.118837
0
LINE
8
OBJECTS
10
354.867079
20
237.118837
11
353.936343
21
237.014365
0
LINE
8
OBJECTS
10
353.936343
20
237.014365
11
352.999125
21
237.182910
0
LINE
8
OBJECTS
10
352.999125
20
237.182910
11
352.066140
21
237.667962
0
LINE
8
OBJECTS
10
352.066140
20
237.667962
11
351.148104
21
238.513012
0
LINE
8
OBJECTS
10
351.148104
20
238.513012
11
350.388205
21
239.532928
0
LINE
8
OBJECTS
10
350.388205
20
239.532928
11
349.752297
21
240.642241
0
LINE
8
OBJECTS
10
349.752297
20
240.642241
11
348.659967
21
242.951652
0
LINE
8
OBJECTS
10
348.659967
20
242.951652
11
346.845635
21
246.568674
0
LINE
8
OBJECTS
10
346.845635
20
246.568674
11
347.921886
21
255.511158
0
LINE
8
OBJECTS
10
347.921886
20
255.511158
11
348.726510
21
264.529742
0
LINE
8
OBJECTS
10
348.726510
20
264.529742
11
348.933686
21
269.042612
0
LINE
8
OBJECTS
10
348.933686
20
269.042612
11
348.961024
21
273.544556
0
LINE
8
OBJECTS
10
348.961024
20
273.544556
11
348.771214
21
278.025589
0
LINE
8
OBJECTS
10
348.771214
20
278.025589
11
348.326946
21
282.475729
0
LINE
8
OBJECTS
10
348.326946
20
282.475729
11
347.631016
21
286.330120
0
LINE
8
OBJECTS
10
347.631016
20
286.330120
11
346.501501
21
290.072561
0
LINE
8
OBJECTS
10
346.501501
20
290.072561
11
345.744611
21
291.867228
0
LINE
8
OBJECTS
10
345.744611
20
291.867228
11
344.843879
21
293.592421
0
LINE
8
OBJECTS
10
344.843879
20
293.592421
11
343.787490
21
295.234312
0
LINE
8
OBJECTS
10
343.787490
20
295.234312
11
342.563628
21
296.779072
0
LINE
8
OBJECTS
10
342.563628
20
296.779072
11
340.967891
21
298.392553
0
LINE
8
OBJECTS
10
340.967891
20
298.392553
11
339.227196
21
299.858727
0
LINE
8
OBJECTS
10
339.227196
20
299.858727
11
335.581466
21
302.582254
0
LINE
8
OBJECTS
10
335.581466
20
302.582254
11
331.840618
21
305.373425
0
LINE
8
OBJECTS
10
331.840618
20
305.373425
11
329.312831
21
307.517451
0
LINE
8
OBJECTS
10
329.312831
20
307.517451
11
326.547633
21
309.650898
0
LINE
8
OBJECTS
10
326.547633
20
309.650898
11
320.504907
21
313.825229
0
LINE
8
OBJECTS
10
320.504907
20
313.825229
11
314.112245
21
317.774756
0
LINE
8
OBJECTS
10
314.112245
20
317.774756
11
307.769453
21
321.377815
0
LINE
8
OBJECTS
10
307.769453
20
321.377815
11
301.876336
21
324.512745
0
LINE
8
OBJECTS
10
301.876336
20
324.512745
11
296.832699
21
327.057883
0
LINE
8
OBJECTS
10
296.832699
20
327.057883
11
290.893087
21
329.892132
0
LINE
8
OBJECTS
10
290.893087
20
329.892132
11
290.009733
21
330.357445
0
LINE
8
OBJECTS
10
290.009733
20
330.357445
11
289.691881
21
330.368734
0
LINE
8
OBJECTS
10
289.691881
20
330.368734
11
289.681650
21
330.416359
0
LINE
8
OBJECTS
10
289.681650
20
330.416359
11
289.664364
21
330.357798
0
LINE
8
OBJECTS
10
289.664364
20
330.357798
11
289.478804
21
330.052999
0
LINE
8
OBJECTS
10
289.478804
20
330.052999
11
289.474570
21
329.676938
0
LINE
8
OBJECTS
10
289.474570
20
329.676938
11
288.836747
21
327.083613
0
LINE
8
OBJECTS
10
288.836747
20
327.083613
11
287.987637
21
322.865911
0
LINE
8
OBJECTS
10
287.987637
20
322.865911
11
287.154171
21
317.278523
0
LINE
8
OBJECTS
10
287.154171
20
317.278523
11
286.563278
21
310.576136
0
LINE
8
OBJECTS
10
286.563278
20
310.576136
11
286.429712
21
306.886410
0
LINE
8
OBJECTS
10
286.429712
20
306.886410
11
286.441887
21
303.013443
0
LINE
8
OBJECTS
10
286.441887
20
303.013443
11
286.628170
21
298.989072
0
LINE
8
OBJECTS
10
286.628170
20
298.989072
11
287.016927
21
294.845132
0
LINE
8
OBJECTS
10
287.016927
20
294.845132
11
287.636525
21
290.613460
0
LINE
8
OBJECTS
10
287.636525
20
290.613460
11
288.515328
21
286.325893
0
LINE
8
OBJECTS
10
288.515328
20
286.325893
11
289.681704
21
282.014267
0
LINE
8
OBJECTS
10
289.681704
20
282.014267
11
291.164019
21
277.710417
0
LINE
8
OBJECTS
10
291.164019
20
277.710417
11
292.145256
21
275.409923
0
LINE
8
OBJECTS
10
292.145256
20
275.409923
11
293.257154
21
273.251421
0
LINE
8
OBJECTS
10
293.257154
20
273.251421
11
294.490525
21
271.229165
0
LINE
8
OBJECTS
10
294.490525
20
271.229165
11
295.836183
21
269.337406
0
LINE
8
OBJECTS
10
295.836183
20
269.337406
11
297.284941
21
267.570396
0
LINE
8
OBJECTS
10
297.284941
20
267.570396
11
298.827610
21
265.922388
0
LINE
8
OBJECTS
10
298.827610
20
265.922388
11
302.157934
21
262.960386
0
LINE
8
OBJECTS
10
302.157934
20
262.960386
11
305.753658
21
260.405418
0
LINE
8
OBJECTS
10
305.753658
20
260.405418
11
309.541282
21
258.211501
0
LINE
8
OBJECTS
10
309.541282
20
258.211501
11
313.447308
21
256.332654
0
LINE
8
OBJECTS
10
313.447308
20
256.332654
11
317.398237
21
254.722894
0
LINE
8
OBJECTS
10
317.398237
20
254.722894
11
321.320570
21
253.336240
0
LINE
8
OBJECTS
10
321.320570
20
253.336240
11
325.140809
21
252.126708
0
LINE
8
OBJECTS
10
325.140809
20
252.126708
11
332.181010
21
250.055087
0
LINE
8
OBJECTS
10
332.181010
20
250.055087
11
335.253974
21
249.101032
0
LINE
8
OBJECTS
10
335.253974
20
249.101032
11
337.930848
21
248.140173
0
LINE
8
OBJECTS
10
337.930848
20
248.140173
11
340.138135
21
247.126526
0
LINE
8
OBJECTS
10
340.138135
20
247.126526
11
341.802335
21
246.014109
0
LINE
8
OBJECTS
10
341.802335
20
246.014109
11
341.805158
21
246.038451
0
LINE
8
OBJECTS
10
341.805158
20
246.038451
11
343.409852
21
243.271576
0
LINE
8
OBJECTS
10
343.409852
20
243.271576
11
344.824576
21
240.402838
0
LINE
8
OBJECTS
10
344.824576
20
240.402838
11
346.556446
21
235.996196
0
LINE
8
OBJECTS
10
346.556446
20
235.996196
11
347.848051
21
231.438378
0
LINE
8
OBJECTS
10
347.848051
20
231.438378
11
348.690130
21
226.776512
0
LINE
8
OBJECTS
10
348.690130
20
226.776512
11
349.073422
21
222.057728
0
LINE
8
OBJECTS
10
349.073422
20
222.057728
11
349.071658
21
222.045734
0
LINE
8
OBJECTS
10
349.071658
20
222.045734
11
345.806354
21
211.697859
0
LINE
8
OBJECTS
10
345.806354
20
211.697859
11
342.629950
21
201.340194
0
LINE
8
OBJECTS
10
342.629950
20
201.340194
11
337.213765
21
184.548714
0
LINE
8
OBJECTS
10
337.213765
20
184.548714
11
335.824529
21
177.308672
0
LINE
8
OBJECTS
10
335.824529
20
177.308672
11
334.870327
21
172.524969
0
LINE
8
OBJECTS
10
334.870327
20
172.524969
11
333.768385
21
167.739132
0
LINE
8
OBJECTS
10
333.768385
20
167.739132
11
331.476068
21
158.151998
0
LINE
8
OBJECTS
10
331.476068
20
158.151998
11
330.463087
21
153.346170
0
LINE
8
OBJECTS
10
330.463087
20
153.346170
11
329.657155
21
148.529146
0
LINE
8
OBJECTS
10
329.657155
20
148.529146
11
329.146968
21
143.698661
0
LINE
8
OBJECTS
10
329.146968
20
143.698661
11
329.021225
21
138.852451
0
LINE
8
OBJECTS
10
329.021225
20
138.852451
11
329.347896
21
125.766188
0
LINE
8
OBJECTS
10
329.347896
20
125.766188
11
330.120478
21
118.986872
0
LINE
8
OBJECTS
10
330.120478
20
118.986872
11
330.598843
21
112.181098
0
LINE
8
OBJECTS
10
330.598843
20
112.181098
11
330.977376
21
106.570110
0
LINE
8
OBJECTS
10
330.977376
20
106.570110
11
331.491457
21
100.958898
0
LINE
8
OBJECTS
10
331.491457
20
100.958898
11
332.621402
21
89.739013
0
LINE
8
OBJECTS
10
332.621402
20
89.739013
11
333.084833
21
84.131944
0
LINE
8
OBJECTS
10
333.084833
20
84.131944
11
333.378947
21
78.527859
0
LINE
8
OBJECTS
10
333.378947
20
78.527859
11
333.427528
21
72.927562
0
LINE
8
OBJECTS
10
333.427528
20
72.927562
11
333.154360
21
67.331853
0
LINE
8
OBJECTS
10
333.154360
20
67.331853
11
332.381856
21
59.123675
0
LINE
8
OBJECTS
10
332.381856
20
59.123675
11
331.215850
21
50.849185
0
LINE
8
OBJECTS
10
331.215850
20
50.849185
11
330.400970
21
46.750274
0
LINE
8
OBJECTS
10
330.400970
20
46.750274
11
329.386536
21
42.710626
0
LINE
8
OBJECTS
10
329.386536
20
42.710626
11
328.138823
21
38.755519
0
LINE
8
OBJECTS
10
328.138823
20
38.755519
11
326.624105
21
34.910235
0
LINE
8
OBJECTS
10
326.624105
20
34.910235
11
329.723295
21
34.263138
0
LINE
8
OBJECTS
10
329.723295
20
34.263138
11
332.744962
21
33.348977
0
LINE
8
OBJECTS
10
332.744962
20
33.348977
11
335.673232
21
32.170961
0
LINE
8
OBJECTS
10
335.673232
20
32.170961
11
338.492229
21
30.732297
0
LINE
8
OBJECTS
10
338.492229
20
30.732297
11
339.900823
21
33.795945
0
LINE
8
OBJECTS
10
339.900823
20
33.795945
11
340.980012
21
37.018078
0
LINE
8
OBJECTS
10
340.980012
20
37.018078
11
341.942024
21
44.383830
0
LINE
8
OBJECTS
10
341.942024
20
44.383830
11
342.652881
21
51.774387
0
LINE
8
OBJECTS
10
342.652881
20
51.774387
11
343.135138
21
59.183994
0
LINE
8
OBJECTS
10
343.135138
20
59.183994
11
343.411351
21
66.606896
0
LINE
8
OBJECTS
10
343.411351
20
66.606896
11
342.879011
21
79.407410
0
LINE
8
OBJECTS
10
342.879011
20
79.407410
11
341.987896
21
92.145482
0
LINE
8
OBJECTS
10
341.987896
20
92.145482
11
340.674507
21
109.364395
0
LINE
8
OBJECTS
10
340.674507
20
109.364395
11
340.113261
21
119.686909
0
LINE
8
OBJECTS
10
340.113261
20
119.686909
11
340.035515
21
123.810234
0
LINE
8
OBJECTS
10
340.035515
20
123.810234
11
340.161217
21
126.683055
0
LINE
8
OBJECTS
10
340.161217
20
126.683055
11
340.561902
21
129.482802
0
LINE
8
OBJECTS
10
340.561902
20
129.482802
11
341.120456
21
132.263552
0
LINE
8
OBJECTS
10
341.120456
20
132.263552
11
341.846351
21
135.003366
0
LINE
8
OBJECTS
10
341.846351
20
135.003366
11
342.749057
21
137.680305
0
LINE
8
OBJECTS
10
342.749057
20
137.680305
11
343.838045
21
140.272428
0
LINE
8
OBJECTS
10
343.838045
20
140.272428
11
345.122788
21
142.757797
0
LINE
8
OBJECTS
10
345.122788
20
142.757797
11
346.612756
21
145.114471
0
LINE
8
OBJECTS
10
346.612756
20
145.114471
11
348.317421
21
147.320510
0
LINE
8
OBJECTS
10
348.317421
20
147.320510
11
349.092472
21
148.459274
0
LINE
8
OBJECTS
10
349.092472
20
148.459274
11
351.169987
21
150.981685
0
LINE
8
OBJECTS
10
351.169987
20
150.981685
11
353.474051
21
153.300697
0
LINE
8
OBJECTS
10
353.474051
20
153.300697
11
358.425540
21
157.576443
0
LINE
8
OBJECTS
10
358.425540
20
157.576443
11
358.550864
21
157.809165
0
LINE
8
OBJECTS
10
358.550864
20
157.809165
11
358.463729
21
158.029849
0
LINE
8
OBJECTS
10
358.463729
20
158.029849
11
358.246550
21
158.167587
0
LINE
8
OBJECTS
10
358.246550
20
158.167587
11
357.981747
21
158.151469
0
LINE
8
OBJECTS
10
357.981747
20
158.151469
11
347.745922
21
153.587946
0
LINE
8
OBJECTS
10
347.745922
20
153.587946
11
346.583026
21
153.010671
0
LINE
8
OBJECTS
10
346.583026
20
153.010671
11
345.146220
21
152.380479
0
LINE
8
OBJECTS
10
345.146220
20
152.380479
11
343.707430
21
152.099668
0
LINE
8
OBJECTS
10
343.707430
20
152.099668
11
343.072268
21
152.215999
0
LINE
8
OBJECTS
10
343.072268
20
152.215999
11
342.538581
21
152.570537
0
LINE
8
OBJECTS
10
342.538581
20
152.570537
11
342.223386
21
153.035712
0
LINE
8
OBJECTS
10
342.223386
20
153.035712
11
342.034198
21
153.580494
0
LINE
8
OBJECTS
10
342.034198
20
153.580494
11
341.854194
21
154.712952
0
LINE
8
OBJECTS
10
341.854194
20
154.712952
11
341.537753
21
157.473432
0
LINE
8
OBJECTS
10
341.537753
20
157.473432
11
341.243184
21
161.105624
0
LINE
8
OBJECTS
10
341.243184
20
161.105624
11
341.400346
21
164.329477
0
LINE
8
OBJECTS
10
341.400346
20
164.329477
11
341.826324
21
167.521579
0
LINE
8
OBJECTS
10
341.826324
20
167.521579
11
343.854875
21
177.802637
0
LINE
8
OBJECTS
10
343.854875
20
177.802637
11
346.126014
21
188.057434
0
LINE
8
OBJECTS
10
346.126014
20
188.057434
11
348.658363
21
198.272279
0
LINE
8
OBJECTS
10
348.658363
20
198.272279
11
351.470542
21
208.433481
0
LINE
8
OBJECTS
10
351.470542
20
208.433481
11
354.060256
21
216.660610
0
LINE
8
OBJECTS
10
354.060256
20
216.660610
11
356.975539
21
224.830688
0
LINE
8
OBJECTS
10
356.975539
20
224.830688
11
360.166649
21
232.938523
0
LINE
8
OBJECTS
10
360.166649
20
232.938523
11
363.583846
21
240.978923
0
LINE
8
OBJECTS
10
363.583846
20
240.978923
11
366.540832
21
247.437340
0
LINE
8
OBJECTS
10
366.540832
20
247.437340
11
369.644191
21
253.857168
0
LINE
8
OBJECTS
10
369.644191
20
253.857168
11
375.852107
21
266.694602
0
LINE
8
OBJECTS
10
375.852107
20
266.694602
11
378.737706
21
273.168977
0
LINE
8
OBJECTS
10
378.737706
20
273.168977
11
381.331759
21
279.718302
0
LINE
8
OBJECTS
10
381.331759
20
279.718302
11
383.524787
21
286.370964
0
LINE
8
OBJECTS
10
383.524787
20
286.370964
11
384.436705
21
289.744916
0
LINE
8
OBJECTS
10
384.436705
20
289.744916
11
385.207312
21
293.155347
0
LINE
8
OBJECTS
10
385.207312
20
293.155347
11
387.109486
21
299.083059
0
LINE
8
OBJECTS
10
387.109486
20
299.083059
11
390.180635
21
303.249559
0
LINE
8
OBJECTS
10
390.180635
20
303.249559
11
393.526720
21
307.174396
0
LINE
8
OBJECTS
10
393.526720
20
307.174396
11
397.226353
21
310.755077
0
LINE
8
OBJECTS
10
397.226353
20
310.755077
11
399.233317
21
312.384330
0
LINE
8
OBJECTS
10
399.233317
20
312.384330
11
401.358149
21
313.889109
0
LINE
8
OBJECTS
10
401.358149
20
313.889109
11
401.951519
21
314.265170
0
LINE
8
OBJECTS
10
401.951519
20
314.265170
11
407.837738
21
315.988104
0
LINE
8
OBJECTS
10
407.837738
20
315.988104
11
414.208817
21
318.000455
0
LINE
8
OBJECTS
10
414.208817
20
318.000455
11
420.798929
21
320.468542
0
LINE
8
OBJECTS
10
420.798929
20
320.468542
11
424.093052
21
321.925460
0
LINE
8
OBJECTS
10
424.093052
20
321.925460
11
427.342247
21
323.558683
0
LINE
8
OBJECTS
10
427.342247
20
323.558683
11
430.513288
21
325.388999
0
LINE
8
OBJECTS
10
430.513288
20
325.388999
11
433.572944
21
327.437198
0
LINE
8
OBJECTS
10
433.572944
20
327.437198
11
436.487989
21
329.724070
0
LINE
8
OBJECTS
10
436.487989
20
329.724070
11
439.225193
21
332.270406
0
LINE
8
OBJECTS
10
439.225193
20
332.270406
11
441.751329
21
335.096995
0
LINE
8
OBJECTS
10
441.751329
20
335.096995
11
444.033167
21
338.224627
0
LINE
8
OBJECTS
10
444.033167
20
338.224627
11
446.037479
21
341.674091
0
LINE
8
OBJECTS
10
446.037479
20
341.674091
11
447.731038
21
345.466179
0
LINE
8
OBJECTS
10
447.731038
20
345.466179
11
449.302335
21
350.131063
0
LINE
8
OBJECTS
10
449.302335
20
350.131063
11
450.532190
21
354.966294
0
LINE
8
OBJECTS
10
450.532190
20
354.966294
11
451.453729
21
359.906841
0
LINE
8
OBJECTS
10
451.453729
20
359.906841
11
452.100076
21
364.887671
0
LINE
8
OBJECTS
10
452.100076
20
364.887671
11
452.504358
21
369.843753
0
LINE
8
OBJECTS
10
452.504358
20
369.843753
11
452.699697
21
374.710053
0
LINE
8
OBJECTS
10
452.699697
20
374.710053
11
452.719221
21
379.421541
0
LINE
8
OBJECTS
10
452.719221
20
379.421541
11
452.596053
21
383.913183
0
LINE
8
OBJECTS
10
452.596053
20
383.913183
11
452.054144
21
391.976805
0
LINE
8
OBJECTS
10
452.054144
20
391.976805
11
451.338971
21
398.380662
0
LINE
8
OBJECTS
10
451.338971
20
398.380662
11
450.448832
21
404.128055
0
LINE
8
OBJECTS
10
361.669678
20
440.799577
11
362.136402
21
440.631655
0
LINE
8
OBJECTS
10
362.136402
20
440.631655
11
363.568324
21
436.361995
0
LINE
8
OBJECTS
10
363.568324
20
436.361995
11
361.669678
21
440.799577
0
LINE
8
OBJECTS
10
367.603387
20
423.672606
11
368.539437
21
419.821251
0
LINE
8
OBJECTS
10
368.539437
20
419.821251
11
369.246622
21
415.948201
0
LINE
8
OBJECTS
10
369.246622
20
415.948201
11
369.750740
21
411.319061
0
LINE
8
OBJECTS
10
369.750740
20
411.319061
11
368.879999
21
417.529965
0
LINE
8
OBJECTS
10
368.879999
20
417.529965
11
367.603387
21
423.672606
0
LINE
8
OBJECTS
10
324.756504
20
271.381245
11
323.257154
21
272.965869
0
LINE
8
OBJECTS
10
323.257154
20
272.965869
11
321.386972
21
275.340588
0
LINE
8
OBJECTS
10
321.386972
20
275.340588
11
316.794646
21
281.969609
0
LINE
8
OBJECTS
10
316.794646
20
281.969609
11
311.500598
21
290.286908
0
LINE
8
OBJECTS
10
311.500598
20
290.286908
11
306.025897
21
299.311085
0
LINE
8
OBJECTS
10
306.025897
20
299.311085
11
296.618823
21
315.554476
0
LINE
8
OBJECTS
10
296.618823
20
315.554476
11
293.728591
21
320.810891
0
LINE
8
OBJECTS
10
293.728591
20
320.810891
11
292.741991
21
322.848587
0
LINE
8
OBJECTS
10
292.741991
20
322.848587
11
293.320041
21
322.205381
0
LINE
8
OBJECTS
10
293.320041
20
322.205381
11
294.665006
21
320.253846
0
LINE
8
OBJECTS
10
294.665006
20
320.253846
11
299.035047
21
313.542065
0
LINE
8
OBJECTS
10
299.035047
20
313.542065
11
304.610859
21
304.945793
0
LINE
8
OBJECTS
10
304.610859
20
304.945793
11
310.151183
21
296.697581
0
LINE
8
OBJECTS
10
310.151183
20
296.697581
11
314.862167
21
290.443550
0
LINE
8
OBJECTS
10
314.862167
20
290.443550
11
316.829252
21
287.156727
0
LINE
8
OBJECTS
10
316.829252
20
287.156727
11
320.765317
21
281.154976
0
LINE
8
OBJECTS
10
320.765317
20
281.154976
11
324.905375
21
275.292924
0
LINE
8
OBJECTS
10
324.905375
20
275.292924
11
333.273599
21
263.628617
0
LINE
8
OBJECTS
10
333.273599
20
263.628617
11
329.099321
21
267.531654
0
LINE
8
OBJECTS
10
329.099321
20
267.531654
11
324.756504
21
271.381245
0
LINE
8
OBJECTS
10
409.514000
20
338.266000
11
407.815550
21
336.638255
0
LINE
8
OBJECTS
10
407.815550
20
336.638255
11
406.067066
21
334.719345
0
LINE
8
OBJECTS
10
406.067066
20
334.719345
11
404.348950
21
332.564742
0
LINE
8
OBJECTS
10
404.348950
20
332.564742
11
402.741608
21
330.229916
0
LINE
8
OBJECTS
10
402.741608
20
330.229916
11
401.325443
21
327.770340
0
LINE
8
OBJECTS
10
401.325443
20
327.770340
11
400.180860
21
325.241484
0
LINE
8
OBJECTS
10
400.180860
20
325.241484
11
399.388263
21
322.698821
0
LINE
8
OBJECTS
10
399.388263
20
322.698821
11
399.028056
21
320.197820
0
LINE
8
OBJECTS
10
399.028056
20
320.197820
11
398.846351
21
321.410766
0
LINE
8
OBJECTS
10
398.846351
20
321.410766
11
398.823969
21
322.632042
0
LINE
8
OBJECTS
10
398.823969
20
322.632042
11
399.177325
21
325.062659
0
LINE
8
OBJECTS
10
399.177325
20
325.062659
11
399.928415
21
327.415820
0
LINE
8
OBJECTS
10
399.928415
20
327.415820
11
400.917530
21
329.617672
0
LINE
8
OBJECTS
10
400.917530
20
329.617672
11
402.037988
21
331.648736
0
LINE
8
OBJECTS
10
402.037988
20
331.648736
11
403.304199
21
333.589544
0
LINE
8
OBJECTS
10
403.304199
20
333.589544
11
406.212360
21
337.203436
0
LINE
8
OBJECTS
10
406.212360
20
337.203436
11
411.287559
21
343.224611
0
LINE
8
OBJECTS
10
411.287559
20
343.224611
11
416.141401
21
349.689889
0
LINE
8
OBJECTS
10
416.141401
20
349.689889
11
425.460579
21
363.051054
0
LINE
8
OBJECTS
10
425.460579
20
363.051054
11
431.618246
21
372.111563
0
LINE
8
OBJECTS
10
431.618246
20
372.111563
11
438.145999
21
381.912144
0
LINE
8
OBJECTS
10
438.145999
20
381.912144
11
443.383513
21
389.707253
0
LINE
8
OBJECTS
10
443.383513
20
389.707253
11
444.999581
21
391.994774
0
LINE
8
OBJECTS
10
444.999581
20
391.994774
11
445.670468
21
392.751349
0
LINE
8
OBJECTS
10
445.670468
20
392.751349
11
443.847925
21
388.272458
0
LINE
8
OBJECTS
10
443.847925
20
388.272458
11
441.814084
21
383.819732
0
LINE
8
OBJECTS
10
441.814084
20
383.819732
11
439.601728
21
379.418238
0
LINE
8
OBJECTS
10
439.601728
20
379.418238
11
437.243645
21
375.093041
0
LINE
8
OBJECTS
10
437.243645
20
375.093041
11
432.221439
21
366.771808
0
LINE
8
OBJECTS
10
432.221439
20
366.771808
11
427.009755
21
359.056560
0
LINE
8
OBJECTS
10
427.009755
20
359.056560
11
421.870881
21
352.147826
0
LINE
8
OBJECTS
10
421.870881
20
352.147826
11
417.067104
21
346.246135
0
LINE
8
OBJECTS
10
417.067104
20
346.246135
11
412.860715
21
341.552017
0
LINE
8
OBJECTS
10
412.860715
20
341.552017
11
409.514000
21
338.266000
 0 
ENDSEC
 0 
EOF