ISO-10303-21;
HEADER;
/* Generated by software containing ST-Developer
 * from STEP Tools, Inc. (www.steptools.com) 
 */
/* OPTION: strings as raw bytes, not using required /X/ escapes */

FILE_DESCRIPTION(
/* description */ ('Unknown'),
/* implementation_level */ '2;1');

FILE_NAME(
/* name */ 'Part1',
/* time_stamp */ '2023-05-19T18:27:57+01:00',
/* author */ ('Unknown'),
/* organization */ ('Unknown'),
/* preprocessor_version */ 'ST-DEVELOPER v18.102',
/* originating_system */ 'Solid Edge',
/* authorisation */ 'Unknown');

FILE_SCHEMA (('AUTOMOTIVE_DESIGN {1 0 10303 214 3 1 1}'));
ENDSEC;

DATA;
#10=PROPERTY_DEFINITION_REPRESENTATION(#14,#12);
#11=PROPERTY_DEFINITION_REPRESENTATION(#15,#13);
#12=REPRESENTATION('',(#16),#3515);
#13=REPRESENTATION('',(#17),#3515);
#14=PROPERTY_DEFINITION('pmi validation property','',#3520);
#15=PROPERTY_DEFINITION('pmi validation property','',#3520);
#16=VALUE_REPRESENTATION_ITEM('number of annotations',COUNT_MEASURE(0.));
#17=VALUE_REPRESENTATION_ITEM('number of views',COUNT_MEASURE(0.));
#18=SHAPE_REPRESENTATION_RELATIONSHIP('','',#1590,#19);
#19=ADVANCED_BREP_SHAPE_REPRESENTATION('',(#1588),#3515);
#20=PLANE('',#1598);
#21=PLANE('',#1602);
#22=PLANE('',#1603);
#23=PLANE('',#1604);
#24=PLANE('',#1605);
#25=PLANE('',#1606);
#26=PLANE('',#1607);
#27=PLANE('',#1608);
#28=PLANE('',#1609);
#29=PLANE('',#1610);
#30=PLANE('',#1611);
#31=PLANE('',#1612);
#32=PLANE('',#1613);
#33=PLANE('',#1614);
#34=PLANE('',#1615);
#35=PLANE('',#1619);
#36=PLANE('',#1624);
#37=PLANE('',#1630);
#38=PLANE('',#1631);
#39=PLANE('',#1632);
#40=PLANE('',#1633);
#41=PLANE('',#1634);
#42=PLANE('',#1635);
#43=PLANE('',#1636);
#44=PLANE('',#1637);
#45=PLANE('',#1638);
#46=PLANE('',#1639);
#47=PLANE('',#1640);
#48=PLANE('',#1641);
#49=PLANE('',#1642);
#50=PLANE('',#1644);
#51=PLANE('',#1647);
#52=PLANE('',#1648);
#53=PLANE('',#1649);
#54=PLANE('',#1650);
#55=PLANE('',#1651);
#56=PLANE('',#1652);
#57=PLANE('',#1653);
#58=PLANE('',#1654);
#59=PLANE('',#1655);
#60=CIRCLE('',#1593,3948.61837390739);
#61=CIRCLE('',#1594,3948.61837390739);
#62=CIRCLE('',#1596,0.186808086146552);
#63=CIRCLE('',#1597,0.186808086146552);
#64=CIRCLE('',#1600,0.36997699354041);
#65=CIRCLE('',#1601,0.36997699354041);
#66=CIRCLE('',#1617,442.917760966991);
#67=CIRCLE('',#1618,442.917760966991);
#68=CIRCLE('',#1620,442.917760966991);
#69=CIRCLE('',#1621,3948.61837390739);
#70=CIRCLE('',#1622,0.186808086146552);
#71=CIRCLE('',#1623,0.36997699354041);
#72=CIRCLE('',#1625,0.36997699354041);
#73=CIRCLE('',#1626,0.186808086146552);
#74=CIRCLE('',#1627,3948.61837390739);
#75=CIRCLE('',#1628,442.917760966991);
#76=CYLINDRICAL_SURFACE('',#1592,3948.61837390739);
#77=CYLINDRICAL_SURFACE('',#1595,0.186808086146552);
#78=CYLINDRICAL_SURFACE('',#1599,0.36997699354041);
#79=CYLINDRICAL_SURFACE('',#1616,442.917760966991);
#80=CYLINDRICAL_SURFACE('',#1629,442.917760966991);
#81=CYLINDRICAL_SURFACE('',#1643,0.36997699354041);
#82=CYLINDRICAL_SURFACE('',#1645,0.186808086146552);
#83=CYLINDRICAL_SURFACE('',#1646,3948.61837390739);
#84=LINE('',#1965,#235);
#85=LINE('',#1974,#236);
#86=LINE('',#1983,#237);
#87=LINE('',#1988,#238);
#88=LINE('',#1992,#239);
#89=LINE('',#1998,#240);
#90=LINE('',#2000,#241);
#91=LINE('',#2002,#242);
#92=LINE('',#2004,#243);
#93=LINE('',#2010,#244);
#94=LINE('',#2043,#245);
#95=LINE('',#2068,#246);
#96=LINE('',#2129,#247);
#97=LINE('',#2131,#248);
#98=LINE('',#2133,#249);
#99=LINE('',#2135,#250);
#100=LINE('',#2166,#251);
#101=LINE('',#2183,#252);
#102=LINE('',#2235,#253);
#103=LINE('',#2237,#254);
#104=LINE('',#2239,#255);
#105=LINE('',#2241,#256);
#106=LINE('',#2243,#257);
#107=LINE('',#2245,#258);
#108=LINE('',#2247,#259);
#109=LINE('',#2249,#260);
#110=LINE('',#2251,#261);
#111=LINE('',#2253,#262);
#112=LINE('',#2255,#263);
#113=LINE('',#2257,#264);
#114=LINE('',#2308,#265);
#115=LINE('',#2383,#266);
#116=LINE('',#2404,#267);
#117=LINE('',#2419,#268);
#118=LINE('',#2428,#269);
#119=LINE('',#2430,#270);
#120=LINE('',#2432,#271);
#121=LINE('',#2434,#272);
#122=LINE('',#2436,#273);
#123=LINE('',#2438,#274);
#124=LINE('',#2440,#275);
#125=LINE('',#2442,#276);
#126=LINE('',#2444,#277);
#127=LINE('',#2446,#278);
#128=LINE('',#2448,#279);
#129=LINE('',#2450,#280);
#130=LINE('',#2513,#281);
#131=LINE('',#2588,#282);
#132=LINE('',#2590,#283);
#133=LINE('',#2592,#284);
#134=LINE('',#2594,#285);
#135=LINE('',#2613,#286);
#136=LINE('',#2615,#287);
#137=LINE('',#2618,#288);
#138=LINE('',#2620,#289);
#139=LINE('',#2622,#290);
#140=LINE('',#2641,#291);
#141=LINE('',#2656,#292);
#142=LINE('',#2663,#293);
#143=LINE('',#2665,#294);
#144=LINE('',#2667,#295);
#145=LINE('',#2669,#296);
#146=LINE('',#2688,#297);
#147=LINE('',#2703,#298);
#148=LINE('',#2710,#299);
#149=LINE('',#2712,#300);
#150=LINE('',#2714,#301);
#151=LINE('',#2716,#302);
#152=LINE('',#2735,#303);
#153=LINE('',#2753,#304);
#154=LINE('',#2754,#305);
#155=LINE('',#2760,#306);
#156=LINE('',#2772,#307);
#157=LINE('',#2790,#308);
#158=LINE('',#2802,#309);
#159=LINE('',#2804,#310);
#160=LINE('',#2806,#311);
#161=LINE('',#2808,#312);
#162=LINE('',#2824,#313);
#163=LINE('',#2826,#314);
#164=LINE('',#2828,#315);
#165=LINE('',#2830,#316);
#166=LINE('',#2855,#317);
#167=LINE('',#2867,#318);
#168=LINE('',#2874,#319);
#169=LINE('',#2881,#320);
#170=LINE('',#2893,#321);
#171=LINE('',#2895,#322);
#172=LINE('',#2897,#323);
#173=LINE('',#2899,#324);
#174=LINE('',#2901,#325);
#175=LINE('',#2907,#326);
#176=LINE('',#2932,#327);
#177=LINE('',#2934,#328);
#178=LINE('',#2936,#329);
#179=LINE('',#2938,#330);
#180=LINE('',#2939,#331);
#181=LINE('',#3002,#332);
#182=LINE('',#3004,#333);
#183=LINE('',#3006,#334);
#184=LINE('',#3008,#335);
#185=LINE('',#3059,#336);
#186=LINE('',#3123,#337);
#187=LINE('',#3128,#338);
#188=LINE('',#3141,#339);
#189=LINE('',#3148,#340);
#190=LINE('',#3165,#341);
#191=LINE('',#3167,#342);
#192=LINE('',#3169,#343);
#193=LINE('',#3170,#344);
#194=LINE('',#3179,#345);
#195=LINE('',#3180,#346);
#196=LINE('',#3189,#347);
#197=LINE('',#3191,#348);
#198=LINE('',#3208,#349);
#199=LINE('',#3210,#350);
#200=LINE('',#3235,#351);
#201=LINE('',#3237,#352);
#202=LINE('',#3286,#353);
#203=LINE('',#3329,#354);
#204=LINE('',#3331,#355);
#205=LINE('',#3333,#356);
#206=LINE('',#3335,#357);
#207=LINE('',#3381,#358);
#208=LINE('',#3387,#359);
#209=LINE('',#3389,#360);
#210=LINE('',#3391,#361);
#211=LINE('',#3393,#362);
#212=LINE('',#3395,#363);
#213=LINE('',#3432,#364);
#214=LINE('',#3433,#365);
#215=LINE('',#3435,#366);
#216=LINE('',#3437,#367);
#217=LINE('',#3456,#368);
#218=LINE('',#3462,#369);
#219=LINE('',#3481,#370);
#220=LINE('',#3483,#371);
#221=LINE('',#3485,#372);
#222=LINE('',#3487,#373);
#223=LINE('',#3490,#374);
#224=LINE('',#3492,#375);
#225=LINE('',#3494,#376);
#226=LINE('',#3496,#377);
#227=LINE('',#3498,#378);
#228=LINE('',#3500,#379);
#229=LINE('',#3502,#380);
#230=LINE('',#3504,#381);
#231=LINE('',#3506,#382);
#232=LINE('',#3508,#383);
#233=LINE('',#3510,#384);
#234=LINE('',#3512,#385);
#235=VECTOR('',#1658,1000.);
#236=VECTOR('',#1659,1000.);
#237=VECTOR('',#1660,1000.);
#238=VECTOR('',#1665,1000.);
#239=VECTOR('',#1668,1000.);
#240=VECTOR('',#1675,1000.);
#241=VECTOR('',#1678,1000.);
#242=VECTOR('',#1679,1000.);
#243=VECTOR('',#1680,1000.);
#244=VECTOR('',#1687,1000.);
#245=VECTOR('',#1688,1000.);
#246=VECTOR('',#1689,1000.);
#247=VECTOR('',#1690,1000.);
#248=VECTOR('',#1693,1000.);
#249=VECTOR('',#1694,1000.);
#250=VECTOR('',#1695,1000.);
#251=VECTOR('',#1696,1000.);
#252=VECTOR('',#1697,1000.);
#253=VECTOR('',#1700,1000.);
#254=VECTOR('',#1701,1000.);
#255=VECTOR('',#1702,1000.);
#256=VECTOR('',#1705,1000.);
#257=VECTOR('',#1706,1000.);
#258=VECTOR('',#1707,1000.);
#259=VECTOR('',#1710,1000.);
#260=VECTOR('',#1711,1000.);
#261=VECTOR('',#1712,1000.);
#262=VECTOR('',#1715,1000.);
#263=VECTOR('',#1716,1000.);
#264=VECTOR('',#1717,1000.);
#265=VECTOR('',#1718,1000.);
#266=VECTOR('',#1719,1000.);
#267=VECTOR('',#1720,1000.);
#268=VECTOR('',#1721,1000.);
#269=VECTOR('',#1724,1000.);
#270=VECTOR('',#1725,1000.);
#271=VECTOR('',#1726,1000.);
#272=VECTOR('',#1729,1000.);
#273=VECTOR('',#1730,1000.);
#274=VECTOR('',#1731,1000.);
#275=VECTOR('',#1734,1000.);
#276=VECTOR('',#1735,1000.);
#277=VECTOR('',#1736,1000.);
#278=VECTOR('',#1739,1000.);
#279=VECTOR('',#1740,1000.);
#280=VECTOR('',#1741,1000.);
#281=VECTOR('',#1742,1000.);
#282=VECTOR('',#1743,1000.);
#283=VECTOR('',#1746,1000.);
#284=VECTOR('',#1747,1000.);
#285=VECTOR('',#1748,1000.);
#286=VECTOR('',#1749,1000.);
#287=VECTOR('',#1752,1000.);
#288=VECTOR('',#1753,1000.);
#289=VECTOR('',#1754,1000.);
#290=VECTOR('',#1755,1000.);
#291=VECTOR('',#1756,1000.);
#292=VECTOR('',#1757,1000.);
#293=VECTOR('',#1758,1000.);
#294=VECTOR('',#1761,1000.);
#295=VECTOR('',#1762,1000.);
#296=VECTOR('',#1763,1000.);
#297=VECTOR('',#1764,1000.);
#298=VECTOR('',#1765,1000.);
#299=VECTOR('',#1766,1000.);
#300=VECTOR('',#1769,1000.);
#301=VECTOR('',#1770,1000.);
#302=VECTOR('',#1771,1000.);
#303=VECTOR('',#1772,1000.);
#304=VECTOR('',#1775,1000.);
#305=VECTOR('',#1776,1000.);
#306=VECTOR('',#1783,1000.);
#307=VECTOR('',#1792,1000.);
#308=VECTOR('',#1795,1000.);
#309=VECTOR('',#1796,1000.);
#310=VECTOR('',#1797,1000.);
#311=VECTOR('',#1798,1000.);
#312=VECTOR('',#1799,1000.);
#313=VECTOR('',#1800,1000.);
#314=VECTOR('',#1801,1000.);
#315=VECTOR('',#1802,1000.);
#316=VECTOR('',#1803,1000.);
#317=VECTOR('',#1804,1000.);
#318=VECTOR('',#1805,1000.);
#319=VECTOR('',#1806,1000.);
#320=VECTOR('',#1807,1000.);
#321=VECTOR('',#1810,1000.);
#322=VECTOR('',#1811,1000.);
#323=VECTOR('',#1812,1000.);
#324=VECTOR('',#1813,1000.);
#325=VECTOR('',#1814,1000.);
#326=VECTOR('',#1815,1000.);
#327=VECTOR('',#1816,1000.);
#328=VECTOR('',#1817,1000.);
#329=VECTOR('',#1818,1000.);
#330=VECTOR('',#1819,1000.);
#331=VECTOR('',#1820,1000.);
#332=VECTOR('',#1821,1000.);
#333=VECTOR('',#1822,1000.);
#334=VECTOR('',#1823,1000.);
#335=VECTOR('',#1824,1000.);
#336=VECTOR('',#1825,1000.);
#337=VECTOR('',#1828,1000.);
#338=VECTOR('',#1833,1000.);
#339=VECTOR('',#1836,1000.);
#340=VECTOR('',#1837,1000.);
#341=VECTOR('',#1838,1000.);
#342=VECTOR('',#1841,1000.);
#343=VECTOR('',#1844,1000.);
#344=VECTOR('',#1845,1000.);
#345=VECTOR('',#1846,1000.);
#346=VECTOR('',#1847,1000.);
#347=VECTOR('',#1848,1000.);
#348=VECTOR('',#1851,1000.);
#349=VECTOR('',#1852,1000.);
#350=VECTOR('',#1855,1000.);
#351=VECTOR('',#1856,1000.);
#352=VECTOR('',#1859,1000.);
#353=VECTOR('',#1860,1000.);
#354=VECTOR('',#1861,1000.);
#355=VECTOR('',#1864,1000.);
#356=VECTOR('',#1867,1000.);
#357=VECTOR('',#1870,1000.);
#358=VECTOR('',#1873,1000.);
#359=VECTOR('',#1874,1000.);
#360=VECTOR('',#1877,1000.);
#361=VECTOR('',#1880,1000.);
#362=VECTOR('',#1883,1000.);
#363=VECTOR('',#1886,1000.);
#364=VECTOR('',#1887,1000.);
#365=VECTOR('',#1888,1000.);
#366=VECTOR('',#1891,1000.);
#367=VECTOR('',#1892,1000.);
#368=VECTOR('',#1893,1000.);
#369=VECTOR('',#1894,1000.);
#370=VECTOR('',#1895,1000.);
#371=VECTOR('',#1898,1000.);
#372=VECTOR('',#1901,1000.);
#373=VECTOR('',#1904,1000.);
#374=VECTOR('',#1909,1000.);
#375=VECTOR('',#1912,1000.);
#376=VECTOR('',#1915,1000.);
#377=VECTOR('',#1916,1000.);
#378=VECTOR('',#1919,1000.);
#379=VECTOR('',#1920,1000.);
#380=VECTOR('',#1923,1000.);
#381=VECTOR('',#1924,1000.);
#382=VECTOR('',#1927,1000.);
#383=VECTOR('',#1928,1000.);
#384=VECTOR('',#1931,1000.);
#385=VECTOR('',#1934,1000.);
#386=ORIENTED_EDGE('',*,*,#848,.F.);
#387=ORIENTED_EDGE('',*,*,#849,.T.);
#388=ORIENTED_EDGE('',*,*,#850,.T.);
#389=ORIENTED_EDGE('',*,*,#851,.F.);
#390=ORIENTED_EDGE('',*,*,#852,.F.);
#391=ORIENTED_EDGE('',*,*,#853,.T.);
#392=ORIENTED_EDGE('',*,*,#854,.F.);
#393=ORIENTED_EDGE('',*,*,#855,.F.);
#394=ORIENTED_EDGE('',*,*,#856,.T.);
#395=ORIENTED_EDGE('',*,*,#857,.T.);
#396=ORIENTED_EDGE('',*,*,#858,.F.);
#397=ORIENTED_EDGE('',*,*,#857,.F.);
#398=ORIENTED_EDGE('',*,*,#859,.T.);
#399=ORIENTED_EDGE('',*,*,#860,.T.);
#400=ORIENTED_EDGE('',*,*,#861,.F.);
#401=ORIENTED_EDGE('',*,*,#860,.F.);
#402=ORIENTED_EDGE('',*,*,#862,.T.);
#403=ORIENTED_EDGE('',*,*,#863,.T.);
#404=ORIENTED_EDGE('',*,*,#864,.F.);
#405=ORIENTED_EDGE('',*,*,#863,.F.);
#406=ORIENTED_EDGE('',*,*,#865,.T.);
#407=ORIENTED_EDGE('',*,*,#866,.T.);
#408=ORIENTED_EDGE('',*,*,#867,.F.);
#409=ORIENTED_EDGE('',*,*,#866,.F.);
#410=ORIENTED_EDGE('',*,*,#868,.T.);
#411=ORIENTED_EDGE('',*,*,#869,.T.);
#412=ORIENTED_EDGE('',*,*,#870,.F.);
#413=ORIENTED_EDGE('',*,*,#871,.T.);
#414=ORIENTED_EDGE('',*,*,#872,.F.);
#415=ORIENTED_EDGE('',*,*,#869,.F.);
#416=ORIENTED_EDGE('',*,*,#873,.T.);
#417=ORIENTED_EDGE('',*,*,#874,.T.);
#418=ORIENTED_EDGE('',*,*,#875,.F.);
#419=ORIENTED_EDGE('',*,*,#874,.F.);
#420=ORIENTED_EDGE('',*,*,#876,.T.);
#421=ORIENTED_EDGE('',*,*,#877,.T.);
#422=ORIENTED_EDGE('',*,*,#878,.F.);
#423=ORIENTED_EDGE('',*,*,#879,.F.);
#424=ORIENTED_EDGE('',*,*,#877,.F.);
#425=ORIENTED_EDGE('',*,*,#880,.T.);
#426=ORIENTED_EDGE('',*,*,#881,.T.);
#427=ORIENTED_EDGE('',*,*,#882,.F.);
#428=ORIENTED_EDGE('',*,*,#883,.F.);
#429=ORIENTED_EDGE('',*,*,#881,.F.);
#430=ORIENTED_EDGE('',*,*,#884,.T.);
#431=ORIENTED_EDGE('',*,*,#885,.T.);
#432=ORIENTED_EDGE('',*,*,#886,.F.);
#433=ORIENTED_EDGE('',*,*,#885,.F.);
#434=ORIENTED_EDGE('',*,*,#887,.T.);
#435=ORIENTED_EDGE('',*,*,#888,.T.);
#436=ORIENTED_EDGE('',*,*,#889,.F.);
#437=ORIENTED_EDGE('',*,*,#888,.F.);
#438=ORIENTED_EDGE('',*,*,#890,.T.);
#439=ORIENTED_EDGE('',*,*,#891,.T.);
#440=ORIENTED_EDGE('',*,*,#892,.F.);
#441=ORIENTED_EDGE('',*,*,#891,.F.);
#442=ORIENTED_EDGE('',*,*,#893,.T.);
#443=ORIENTED_EDGE('',*,*,#894,.T.);
#444=ORIENTED_EDGE('',*,*,#895,.F.);
#445=ORIENTED_EDGE('',*,*,#896,.T.);
#446=ORIENTED_EDGE('',*,*,#897,.F.);
#447=ORIENTED_EDGE('',*,*,#894,.F.);
#448=ORIENTED_EDGE('',*,*,#898,.T.);
#449=ORIENTED_EDGE('',*,*,#899,.T.);
#450=ORIENTED_EDGE('',*,*,#900,.F.);
#451=ORIENTED_EDGE('',*,*,#901,.F.);
#452=ORIENTED_EDGE('',*,*,#899,.F.);
#453=ORIENTED_EDGE('',*,*,#902,.T.);
#454=ORIENTED_EDGE('',*,*,#903,.T.);
#455=ORIENTED_EDGE('',*,*,#904,.F.);
#456=ORIENTED_EDGE('',*,*,#905,.F.);
#457=ORIENTED_EDGE('',*,*,#903,.F.);
#458=ORIENTED_EDGE('',*,*,#906,.T.);
#459=ORIENTED_EDGE('',*,*,#907,.T.);
#460=ORIENTED_EDGE('',*,*,#908,.F.);
#461=ORIENTED_EDGE('',*,*,#907,.F.);
#462=ORIENTED_EDGE('',*,*,#909,.T.);
#463=ORIENTED_EDGE('',*,*,#910,.T.);
#464=ORIENTED_EDGE('',*,*,#911,.F.);
#465=ORIENTED_EDGE('',*,*,#910,.F.);
#466=ORIENTED_EDGE('',*,*,#912,.T.);
#467=ORIENTED_EDGE('',*,*,#913,.T.);
#468=ORIENTED_EDGE('',*,*,#914,.F.);
#469=ORIENTED_EDGE('',*,*,#913,.F.);
#470=ORIENTED_EDGE('',*,*,#915,.T.);
#471=ORIENTED_EDGE('',*,*,#916,.T.);
#472=ORIENTED_EDGE('',*,*,#917,.F.);
#473=ORIENTED_EDGE('',*,*,#916,.F.);
#474=ORIENTED_EDGE('',*,*,#918,.T.);
#475=ORIENTED_EDGE('',*,*,#919,.T.);
#476=ORIENTED_EDGE('',*,*,#920,.F.);
#477=ORIENTED_EDGE('',*,*,#919,.F.);
#478=ORIENTED_EDGE('',*,*,#921,.T.);
#479=ORIENTED_EDGE('',*,*,#922,.T.);
#480=ORIENTED_EDGE('',*,*,#923,.F.);
#481=ORIENTED_EDGE('',*,*,#922,.F.);
#482=ORIENTED_EDGE('',*,*,#924,.T.);
#483=ORIENTED_EDGE('',*,*,#925,.T.);
#484=ORIENTED_EDGE('',*,*,#926,.F.);
#485=ORIENTED_EDGE('',*,*,#925,.F.);
#486=ORIENTED_EDGE('',*,*,#927,.T.);
#487=ORIENTED_EDGE('',*,*,#928,.T.);
#488=ORIENTED_EDGE('',*,*,#929,.F.);
#489=ORIENTED_EDGE('',*,*,#930,.F.);
#490=ORIENTED_EDGE('',*,*,#931,.T.);
#491=ORIENTED_EDGE('',*,*,#932,.T.);
#492=ORIENTED_EDGE('',*,*,#933,.F.);
#493=ORIENTED_EDGE('',*,*,#932,.F.);
#494=ORIENTED_EDGE('',*,*,#934,.T.);
#495=ORIENTED_EDGE('',*,*,#935,.T.);
#496=ORIENTED_EDGE('',*,*,#936,.F.);
#497=ORIENTED_EDGE('',*,*,#937,.F.);
#498=ORIENTED_EDGE('',*,*,#938,.T.);
#499=ORIENTED_EDGE('',*,*,#939,.T.);
#500=ORIENTED_EDGE('',*,*,#940,.F.);
#501=ORIENTED_EDGE('',*,*,#939,.F.);
#502=ORIENTED_EDGE('',*,*,#941,.T.);
#503=ORIENTED_EDGE('',*,*,#942,.T.);
#504=ORIENTED_EDGE('',*,*,#943,.F.);
#505=ORIENTED_EDGE('',*,*,#942,.F.);
#506=ORIENTED_EDGE('',*,*,#944,.T.);
#507=ORIENTED_EDGE('',*,*,#945,.T.);
#508=ORIENTED_EDGE('',*,*,#946,.F.);
#509=ORIENTED_EDGE('',*,*,#947,.F.);
#510=ORIENTED_EDGE('',*,*,#948,.T.);
#511=ORIENTED_EDGE('',*,*,#949,.T.);
#512=ORIENTED_EDGE('',*,*,#950,.F.);
#513=ORIENTED_EDGE('',*,*,#949,.F.);
#514=ORIENTED_EDGE('',*,*,#951,.T.);
#515=ORIENTED_EDGE('',*,*,#952,.T.);
#516=ORIENTED_EDGE('',*,*,#953,.F.);
#517=ORIENTED_EDGE('',*,*,#952,.F.);
#518=ORIENTED_EDGE('',*,*,#954,.T.);
#519=ORIENTED_EDGE('',*,*,#955,.T.);
#520=ORIENTED_EDGE('',*,*,#956,.F.);
#521=ORIENTED_EDGE('',*,*,#945,.F.);
#522=ORIENTED_EDGE('',*,*,#957,.T.);
#523=ORIENTED_EDGE('',*,*,#937,.T.);
#524=ORIENTED_EDGE('',*,*,#958,.F.);
#525=ORIENTED_EDGE('',*,*,#955,.F.);
#526=ORIENTED_EDGE('',*,*,#959,.T.);
#527=ORIENTED_EDGE('',*,*,#947,.T.);
#528=ORIENTED_EDGE('',*,*,#960,.F.);
#529=ORIENTED_EDGE('',*,*,#935,.F.);
#530=ORIENTED_EDGE('',*,*,#961,.T.);
#531=ORIENTED_EDGE('',*,*,#962,.T.);
#532=ORIENTED_EDGE('',*,*,#931,.F.);
#533=ORIENTED_EDGE('',*,*,#963,.T.);
#534=ORIENTED_EDGE('',*,*,#964,.T.);
#535=ORIENTED_EDGE('',*,*,#961,.F.);
#536=ORIENTED_EDGE('',*,*,#934,.F.);
#537=ORIENTED_EDGE('',*,*,#948,.F.);
#538=ORIENTED_EDGE('',*,*,#959,.F.);
#539=ORIENTED_EDGE('',*,*,#954,.F.);
#540=ORIENTED_EDGE('',*,*,#951,.F.);
#541=ORIENTED_EDGE('',*,*,#938,.F.);
#542=ORIENTED_EDGE('',*,*,#957,.F.);
#543=ORIENTED_EDGE('',*,*,#944,.F.);
#544=ORIENTED_EDGE('',*,*,#941,.F.);
#545=ORIENTED_EDGE('',*,*,#856,.F.);
#546=ORIENTED_EDGE('',*,*,#965,.T.);
#547=ORIENTED_EDGE('',*,*,#966,.T.);
#548=ORIENTED_EDGE('',*,*,#967,.T.);
#549=ORIENTED_EDGE('',*,*,#968,.T.);
#550=ORIENTED_EDGE('',*,*,#969,.T.);
#551=ORIENTED_EDGE('',*,*,#970,.T.);
#552=ORIENTED_EDGE('',*,*,#971,.T.);
#553=ORIENTED_EDGE('',*,*,#972,.T.);
#554=ORIENTED_EDGE('',*,*,#973,.T.);
#555=ORIENTED_EDGE('',*,*,#974,.T.);
#556=ORIENTED_EDGE('',*,*,#975,.T.);
#557=ORIENTED_EDGE('',*,*,#976,.T.);
#558=ORIENTED_EDGE('',*,*,#977,.T.);
#559=ORIENTED_EDGE('',*,*,#852,.T.);
#560=ORIENTED_EDGE('',*,*,#978,.T.);
#561=ORIENTED_EDGE('',*,*,#979,.T.);
#562=ORIENTED_EDGE('',*,*,#980,.T.);
#563=ORIENTED_EDGE('',*,*,#981,.T.);
#564=ORIENTED_EDGE('',*,*,#982,.T.);
#565=ORIENTED_EDGE('',*,*,#983,.T.);
#566=ORIENTED_EDGE('',*,*,#984,.T.);
#567=ORIENTED_EDGE('',*,*,#985,.T.);
#568=ORIENTED_EDGE('',*,*,#927,.F.);
#569=ORIENTED_EDGE('',*,*,#924,.F.);
#570=ORIENTED_EDGE('',*,*,#921,.F.);
#571=ORIENTED_EDGE('',*,*,#918,.F.);
#572=ORIENTED_EDGE('',*,*,#915,.F.);
#573=ORIENTED_EDGE('',*,*,#912,.F.);
#574=ORIENTED_EDGE('',*,*,#909,.F.);
#575=ORIENTED_EDGE('',*,*,#906,.F.);
#576=ORIENTED_EDGE('',*,*,#902,.F.);
#577=ORIENTED_EDGE('',*,*,#898,.F.);
#578=ORIENTED_EDGE('',*,*,#893,.F.);
#579=ORIENTED_EDGE('',*,*,#890,.F.);
#580=ORIENTED_EDGE('',*,*,#887,.F.);
#581=ORIENTED_EDGE('',*,*,#884,.F.);
#582=ORIENTED_EDGE('',*,*,#880,.F.);
#583=ORIENTED_EDGE('',*,*,#876,.F.);
#584=ORIENTED_EDGE('',*,*,#873,.F.);
#585=ORIENTED_EDGE('',*,*,#868,.F.);
#586=ORIENTED_EDGE('',*,*,#865,.F.);
#587=ORIENTED_EDGE('',*,*,#862,.F.);
#588=ORIENTED_EDGE('',*,*,#859,.F.);
#589=ORIENTED_EDGE('',*,*,#986,.T.);
#590=ORIENTED_EDGE('',*,*,#987,.T.);
#591=ORIENTED_EDGE('',*,*,#988,.T.);
#592=ORIENTED_EDGE('',*,*,#989,.T.);
#593=ORIENTED_EDGE('',*,*,#990,.T.);
#594=ORIENTED_EDGE('',*,*,#991,.T.);
#595=ORIENTED_EDGE('',*,*,#992,.T.);
#596=ORIENTED_EDGE('',*,*,#993,.T.);
#597=ORIENTED_EDGE('',*,*,#850,.F.);
#598=ORIENTED_EDGE('',*,*,#994,.F.);
#599=ORIENTED_EDGE('',*,*,#995,.F.);
#600=ORIENTED_EDGE('',*,*,#996,.F.);
#601=ORIENTED_EDGE('',*,*,#997,.F.);
#602=ORIENTED_EDGE('',*,*,#998,.F.);
#603=ORIENTED_EDGE('',*,*,#904,.T.);
#604=ORIENTED_EDGE('',*,*,#905,.T.);
#605=ORIENTED_EDGE('',*,*,#908,.T.);
#606=ORIENTED_EDGE('',*,*,#911,.T.);
#607=ORIENTED_EDGE('',*,*,#914,.T.);
#608=ORIENTED_EDGE('',*,*,#917,.T.);
#609=ORIENTED_EDGE('',*,*,#920,.T.);
#610=ORIENTED_EDGE('',*,*,#923,.T.);
#611=ORIENTED_EDGE('',*,*,#926,.T.);
#612=ORIENTED_EDGE('',*,*,#999,.F.);
#613=ORIENTED_EDGE('',*,*,#1000,.F.);
#614=ORIENTED_EDGE('',*,*,#1001,.F.);
#615=ORIENTED_EDGE('',*,*,#1002,.F.);
#616=ORIENTED_EDGE('',*,*,#1003,.F.);
#617=ORIENTED_EDGE('',*,*,#1004,.F.);
#618=ORIENTED_EDGE('',*,*,#1005,.F.);
#619=ORIENTED_EDGE('',*,*,#1006,.F.);
#620=ORIENTED_EDGE('',*,*,#1007,.F.);
#621=ORIENTED_EDGE('',*,*,#1008,.F.);
#622=ORIENTED_EDGE('',*,*,#1009,.F.);
#623=ORIENTED_EDGE('',*,*,#1010,.F.);
#624=ORIENTED_EDGE('',*,*,#1011,.F.);
#625=ORIENTED_EDGE('',*,*,#1012,.F.);
#626=ORIENTED_EDGE('',*,*,#1013,.F.);
#627=ORIENTED_EDGE('',*,*,#1014,.F.);
#628=ORIENTED_EDGE('',*,*,#1015,.F.);
#629=ORIENTED_EDGE('',*,*,#1016,.F.);
#630=ORIENTED_EDGE('',*,*,#1017,.F.);
#631=ORIENTED_EDGE('',*,*,#1018,.F.);
#632=ORIENTED_EDGE('',*,*,#1019,.F.);
#633=ORIENTED_EDGE('',*,*,#1020,.F.);
#634=ORIENTED_EDGE('',*,*,#854,.T.);
#635=ORIENTED_EDGE('',*,*,#858,.T.);
#636=ORIENTED_EDGE('',*,*,#861,.T.);
#637=ORIENTED_EDGE('',*,*,#864,.T.);
#638=ORIENTED_EDGE('',*,*,#867,.T.);
#639=ORIENTED_EDGE('',*,*,#872,.T.);
#640=ORIENTED_EDGE('',*,*,#1021,.F.);
#641=ORIENTED_EDGE('',*,*,#882,.T.);
#642=ORIENTED_EDGE('',*,*,#883,.T.);
#643=ORIENTED_EDGE('',*,*,#886,.T.);
#644=ORIENTED_EDGE('',*,*,#889,.T.);
#645=ORIENTED_EDGE('',*,*,#892,.T.);
#646=ORIENTED_EDGE('',*,*,#897,.T.);
#647=ORIENTED_EDGE('',*,*,#1022,.F.);
#648=ORIENTED_EDGE('',*,*,#929,.T.);
#649=ORIENTED_EDGE('',*,*,#933,.T.);
#650=ORIENTED_EDGE('',*,*,#960,.T.);
#651=ORIENTED_EDGE('',*,*,#1023,.F.);
#652=ORIENTED_EDGE('',*,*,#946,.T.);
#653=ORIENTED_EDGE('',*,*,#950,.T.);
#654=ORIENTED_EDGE('',*,*,#953,.T.);
#655=ORIENTED_EDGE('',*,*,#958,.T.);
#656=ORIENTED_EDGE('',*,*,#936,.T.);
#657=ORIENTED_EDGE('',*,*,#940,.T.);
#658=ORIENTED_EDGE('',*,*,#943,.T.);
#659=ORIENTED_EDGE('',*,*,#956,.T.);
#660=ORIENTED_EDGE('',*,*,#1024,.F.);
#661=ORIENTED_EDGE('',*,*,#1025,.F.);
#662=ORIENTED_EDGE('',*,*,#1026,.F.);
#663=ORIENTED_EDGE('',*,*,#1027,.F.);
#664=ORIENTED_EDGE('',*,*,#1028,.F.);
#665=ORIENTED_EDGE('',*,*,#1029,.F.);
#666=ORIENTED_EDGE('',*,*,#1030,.F.);
#667=ORIENTED_EDGE('',*,*,#1031,.F.);
#668=ORIENTED_EDGE('',*,*,#1023,.T.);
#669=ORIENTED_EDGE('',*,*,#962,.F.);
#670=ORIENTED_EDGE('',*,*,#964,.F.);
#671=ORIENTED_EDGE('',*,*,#1032,.T.);
#672=ORIENTED_EDGE('',*,*,#1025,.T.);
#673=ORIENTED_EDGE('',*,*,#1033,.F.);
#674=ORIENTED_EDGE('',*,*,#989,.F.);
#675=ORIENTED_EDGE('',*,*,#1034,.T.);
#676=ORIENTED_EDGE('',*,*,#1029,.T.);
#677=ORIENTED_EDGE('',*,*,#1035,.F.);
#678=ORIENTED_EDGE('',*,*,#993,.F.);
#679=ORIENTED_EDGE('',*,*,#1036,.T.);
#680=ORIENTED_EDGE('',*,*,#1026,.T.);
#681=ORIENTED_EDGE('',*,*,#1034,.F.);
#682=ORIENTED_EDGE('',*,*,#988,.F.);
#683=ORIENTED_EDGE('',*,*,#1037,.T.);
#684=ORIENTED_EDGE('',*,*,#1027,.T.);
#685=ORIENTED_EDGE('',*,*,#1037,.F.);
#686=ORIENTED_EDGE('',*,*,#987,.F.);
#687=ORIENTED_EDGE('',*,*,#1038,.T.);
#688=ORIENTED_EDGE('',*,*,#1024,.T.);
#689=ORIENTED_EDGE('',*,*,#1038,.F.);
#690=ORIENTED_EDGE('',*,*,#986,.F.);
#691=ORIENTED_EDGE('',*,*,#1033,.T.);
#692=ORIENTED_EDGE('',*,*,#1030,.T.);
#693=ORIENTED_EDGE('',*,*,#1036,.F.);
#694=ORIENTED_EDGE('',*,*,#992,.F.);
#695=ORIENTED_EDGE('',*,*,#1039,.T.);
#696=ORIENTED_EDGE('',*,*,#1031,.T.);
#697=ORIENTED_EDGE('',*,*,#1039,.F.);
#698=ORIENTED_EDGE('',*,*,#991,.F.);
#699=ORIENTED_EDGE('',*,*,#1040,.T.);
#700=ORIENTED_EDGE('',*,*,#1028,.T.);
#701=ORIENTED_EDGE('',*,*,#1040,.F.);
#702=ORIENTED_EDGE('',*,*,#990,.F.);
#703=ORIENTED_EDGE('',*,*,#1035,.T.);
#704=ORIENTED_EDGE('',*,*,#1022,.T.);
#705=ORIENTED_EDGE('',*,*,#1032,.F.);
#706=ORIENTED_EDGE('',*,*,#963,.F.);
#707=ORIENTED_EDGE('',*,*,#930,.T.);
#708=ORIENTED_EDGE('',*,*,#999,.T.);
#709=ORIENTED_EDGE('',*,*,#928,.F.);
#710=ORIENTED_EDGE('',*,*,#985,.F.);
#711=ORIENTED_EDGE('',*,*,#1041,.T.);
#712=ORIENTED_EDGE('',*,*,#1000,.T.);
#713=ORIENTED_EDGE('',*,*,#1041,.F.);
#714=ORIENTED_EDGE('',*,*,#984,.F.);
#715=ORIENTED_EDGE('',*,*,#1042,.T.);
#716=ORIENTED_EDGE('',*,*,#1001,.T.);
#717=ORIENTED_EDGE('',*,*,#1042,.F.);
#718=ORIENTED_EDGE('',*,*,#983,.F.);
#719=ORIENTED_EDGE('',*,*,#1043,.T.);
#720=ORIENTED_EDGE('',*,*,#1002,.T.);
#721=ORIENTED_EDGE('',*,*,#1043,.F.);
#722=ORIENTED_EDGE('',*,*,#982,.F.);
#723=ORIENTED_EDGE('',*,*,#1044,.T.);
#724=ORIENTED_EDGE('',*,*,#1003,.T.);
#725=ORIENTED_EDGE('',*,*,#1044,.F.);
#726=ORIENTED_EDGE('',*,*,#981,.F.);
#727=ORIENTED_EDGE('',*,*,#1045,.T.);
#728=ORIENTED_EDGE('',*,*,#1004,.T.);
#729=ORIENTED_EDGE('',*,*,#1045,.F.);
#730=ORIENTED_EDGE('',*,*,#980,.F.);
#731=ORIENTED_EDGE('',*,*,#1046,.T.);
#732=ORIENTED_EDGE('',*,*,#1005,.T.);
#733=ORIENTED_EDGE('',*,*,#1046,.F.);
#734=ORIENTED_EDGE('',*,*,#979,.F.);
#735=ORIENTED_EDGE('',*,*,#1047,.T.);
#736=ORIENTED_EDGE('',*,*,#1006,.T.);
#737=ORIENTED_EDGE('',*,*,#1047,.F.);
#738=ORIENTED_EDGE('',*,*,#978,.F.);
#739=ORIENTED_EDGE('',*,*,#851,.T.);
#740=ORIENTED_EDGE('',*,*,#1048,.F.);
#741=ORIENTED_EDGE('',*,*,#1049,.F.);
#742=ORIENTED_EDGE('',*,*,#853,.F.);
#743=ORIENTED_EDGE('',*,*,#977,.F.);
#744=ORIENTED_EDGE('',*,*,#1050,.T.);
#745=ORIENTED_EDGE('',*,*,#1008,.T.);
#746=ORIENTED_EDGE('',*,*,#1009,.T.);
#747=ORIENTED_EDGE('',*,*,#1050,.F.);
#748=ORIENTED_EDGE('',*,*,#976,.F.);
#749=ORIENTED_EDGE('',*,*,#1051,.T.);
#750=ORIENTED_EDGE('',*,*,#1010,.T.);
#751=ORIENTED_EDGE('',*,*,#1051,.F.);
#752=ORIENTED_EDGE('',*,*,#975,.F.);
#753=ORIENTED_EDGE('',*,*,#1052,.T.);
#754=ORIENTED_EDGE('',*,*,#1011,.T.);
#755=ORIENTED_EDGE('',*,*,#1052,.F.);
#756=ORIENTED_EDGE('',*,*,#974,.F.);
#757=ORIENTED_EDGE('',*,*,#1053,.T.);
#758=ORIENTED_EDGE('',*,*,#1012,.T.);
#759=ORIENTED_EDGE('',*,*,#1053,.F.);
#760=ORIENTED_EDGE('',*,*,#973,.F.);
#761=ORIENTED_EDGE('',*,*,#1054,.T.);
#762=ORIENTED_EDGE('',*,*,#1055,.F.);
#763=ORIENTED_EDGE('',*,*,#1056,.T.);
#764=ORIENTED_EDGE('',*,*,#1013,.T.);
#765=ORIENTED_EDGE('',*,*,#1054,.F.);
#766=ORIENTED_EDGE('',*,*,#972,.F.);
#767=ORIENTED_EDGE('',*,*,#1057,.T.);
#768=ORIENTED_EDGE('',*,*,#1058,.F.);
#769=ORIENTED_EDGE('',*,*,#1057,.F.);
#770=ORIENTED_EDGE('',*,*,#971,.F.);
#771=ORIENTED_EDGE('',*,*,#1059,.T.);
#772=ORIENTED_EDGE('',*,*,#1060,.F.);
#773=ORIENTED_EDGE('',*,*,#1061,.F.);
#774=ORIENTED_EDGE('',*,*,#1059,.F.);
#775=ORIENTED_EDGE('',*,*,#970,.F.);
#776=ORIENTED_EDGE('',*,*,#1062,.T.);
#777=ORIENTED_EDGE('',*,*,#1015,.T.);
#778=ORIENTED_EDGE('',*,*,#1016,.T.);
#779=ORIENTED_EDGE('',*,*,#1062,.F.);
#780=ORIENTED_EDGE('',*,*,#969,.F.);
#781=ORIENTED_EDGE('',*,*,#1063,.T.);
#782=ORIENTED_EDGE('',*,*,#1017,.T.);
#783=ORIENTED_EDGE('',*,*,#1063,.F.);
#784=ORIENTED_EDGE('',*,*,#968,.F.);
#785=ORIENTED_EDGE('',*,*,#1064,.T.);
#786=ORIENTED_EDGE('',*,*,#1018,.T.);
#787=ORIENTED_EDGE('',*,*,#1064,.F.);
#788=ORIENTED_EDGE('',*,*,#967,.F.);
#789=ORIENTED_EDGE('',*,*,#1065,.T.);
#790=ORIENTED_EDGE('',*,*,#1019,.T.);
#791=ORIENTED_EDGE('',*,*,#1065,.F.);
#792=ORIENTED_EDGE('',*,*,#966,.F.);
#793=ORIENTED_EDGE('',*,*,#1066,.T.);
#794=ORIENTED_EDGE('',*,*,#1020,.T.);
#795=ORIENTED_EDGE('',*,*,#1066,.F.);
#796=ORIENTED_EDGE('',*,*,#965,.F.);
#797=ORIENTED_EDGE('',*,*,#855,.T.);
#798=ORIENTED_EDGE('',*,*,#1014,.T.);
#799=ORIENTED_EDGE('',*,*,#871,.F.);
#800=ORIENTED_EDGE('',*,*,#1067,.F.);
#801=ORIENTED_EDGE('',*,*,#1060,.T.);
#802=ORIENTED_EDGE('',*,*,#1021,.T.);
#803=ORIENTED_EDGE('',*,*,#896,.F.);
#804=ORIENTED_EDGE('',*,*,#1068,.F.);
#805=ORIENTED_EDGE('',*,*,#878,.T.);
#806=ORIENTED_EDGE('',*,*,#998,.T.);
#807=ORIENTED_EDGE('',*,*,#1069,.F.);
#808=ORIENTED_EDGE('',*,*,#1070,.F.);
#809=ORIENTED_EDGE('',*,*,#900,.T.);
#810=ORIENTED_EDGE('',*,*,#997,.T.);
#811=ORIENTED_EDGE('',*,*,#1071,.F.);
#812=ORIENTED_EDGE('',*,*,#1072,.F.);
#813=ORIENTED_EDGE('',*,*,#1069,.T.);
#814=ORIENTED_EDGE('',*,*,#996,.T.);
#815=ORIENTED_EDGE('',*,*,#1073,.F.);
#816=ORIENTED_EDGE('',*,*,#1074,.F.);
#817=ORIENTED_EDGE('',*,*,#1071,.T.);
#818=ORIENTED_EDGE('',*,*,#995,.T.);
#819=ORIENTED_EDGE('',*,*,#1075,.F.);
#820=ORIENTED_EDGE('',*,*,#1076,.F.);
#821=ORIENTED_EDGE('',*,*,#1073,.T.);
#822=ORIENTED_EDGE('',*,*,#994,.T.);
#823=ORIENTED_EDGE('',*,*,#849,.F.);
#824=ORIENTED_EDGE('',*,*,#1077,.F.);
#825=ORIENTED_EDGE('',*,*,#1075,.T.);
#826=ORIENTED_EDGE('',*,*,#1007,.T.);
#827=ORIENTED_EDGE('',*,*,#1056,.F.);
#828=ORIENTED_EDGE('',*,*,#1078,.F.);
#829=ORIENTED_EDGE('',*,*,#1048,.T.);
#830=ORIENTED_EDGE('',*,*,#1061,.T.);
#831=ORIENTED_EDGE('',*,*,#1067,.T.);
#832=ORIENTED_EDGE('',*,*,#870,.T.);
#833=ORIENTED_EDGE('',*,*,#875,.T.);
#834=ORIENTED_EDGE('',*,*,#879,.T.);
#835=ORIENTED_EDGE('',*,*,#1068,.T.);
#836=ORIENTED_EDGE('',*,*,#895,.T.);
#837=ORIENTED_EDGE('',*,*,#901,.T.);
#838=ORIENTED_EDGE('',*,*,#1070,.T.);
#839=ORIENTED_EDGE('',*,*,#1072,.T.);
#840=ORIENTED_EDGE('',*,*,#1074,.T.);
#841=ORIENTED_EDGE('',*,*,#1076,.T.);
#842=ORIENTED_EDGE('',*,*,#1077,.T.);
#843=ORIENTED_EDGE('',*,*,#848,.T.);
#844=ORIENTED_EDGE('',*,*,#1049,.T.);
#845=ORIENTED_EDGE('',*,*,#1078,.T.);
#846=ORIENTED_EDGE('',*,*,#1055,.T.);
#847=ORIENTED_EDGE('',*,*,#1058,.T.);
#848=EDGE_CURVE('',#1079,#1080,#1233,.T.);
#849=EDGE_CURVE('',#1079,#1081,#84,.T.);
#850=EDGE_CURVE('',#1081,#1082,#1234,.T.);
#851=EDGE_CURVE('',#1083,#1082,#85,.T.);
#852=EDGE_CURVE('',#1084,#1083,#1235,.T.);
#853=EDGE_CURVE('',#1084,#1080,#86,.T.);
#854=EDGE_CURVE('',#1085,#1086,#60,.T.);
#855=EDGE_CURVE('',#1087,#1085,#87,.T.);
#856=EDGE_CURVE('',#1087,#1088,#61,.T.);
#857=EDGE_CURVE('',#1088,#1086,#88,.T.);
#858=EDGE_CURVE('',#1086,#1089,#62,.T.);
#859=EDGE_CURVE('',#1088,#1090,#63,.T.);
#860=EDGE_CURVE('',#1090,#1089,#89,.T.);
#861=EDGE_CURVE('',#1089,#1091,#90,.T.);
#862=EDGE_CURVE('',#1090,#1092,#91,.T.);
#863=EDGE_CURVE('',#1092,#1091,#92,.T.);
#864=EDGE_CURVE('',#1091,#1093,#64,.T.);
#865=EDGE_CURVE('',#1092,#1094,#65,.T.);
#866=EDGE_CURVE('',#1094,#1093,#93,.T.);
#867=EDGE_CURVE('',#1093,#1095,#1236,.T.);
#868=EDGE_CURVE('',#1094,#1096,#1237,.T.);
#869=EDGE_CURVE('',#1096,#1095,#94,.T.);
#870=EDGE_CURVE('',#1097,#1098,#1238,.T.);
#871=EDGE_CURVE('',#1097,#1099,#95,.T.);
#872=EDGE_CURVE('',#1095,#1099,#1239,.T.);
#873=EDGE_CURVE('',#1096,#1100,#1240,.T.);
#874=EDGE_CURVE('',#1100,#1098,#96,.T.);
#875=EDGE_CURVE('',#1098,#1101,#97,.T.);
#876=EDGE_CURVE('',#1100,#1102,#98,.T.);
#877=EDGE_CURVE('',#1102,#1101,#99,.T.);
#878=EDGE_CURVE('',#1103,#1104,#100,.T.);
#879=EDGE_CURVE('',#1101,#1103,#1241,.T.);
#880=EDGE_CURVE('',#1102,#1105,#1242,.T.);
#881=EDGE_CURVE('',#1105,#1106,#101,.T.);
#882=EDGE_CURVE('',#1104,#1106,#1243,.T.);
#883=EDGE_CURVE('',#1106,#1107,#102,.T.);
#884=EDGE_CURVE('',#1105,#1108,#103,.T.);
#885=EDGE_CURVE('',#1108,#1107,#104,.T.);
#886=EDGE_CURVE('',#1107,#1109,#105,.T.);
#887=EDGE_CURVE('',#1108,#1110,#106,.T.);
#888=EDGE_CURVE('',#1110,#1109,#107,.T.);
#889=EDGE_CURVE('',#1109,#1111,#108,.T.);
#890=EDGE_CURVE('',#1110,#1112,#109,.T.);
#891=EDGE_CURVE('',#1112,#1111,#110,.T.);
#892=EDGE_CURVE('',#1111,#1113,#111,.T.);
#893=EDGE_CURVE('',#1112,#1114,#112,.T.);
#894=EDGE_CURVE('',#1114,#1113,#113,.T.);
#895=EDGE_CURVE('',#1115,#1116,#1244,.T.);
#896=EDGE_CURVE('',#1115,#1117,#114,.T.);
#897=EDGE_CURVE('',#1113,#1117,#1245,.T.);
#898=EDGE_CURVE('',#1114,#1118,#1246,.T.);
#899=EDGE_CURVE('',#1118,#1116,#115,.T.);
#900=EDGE_CURVE('',#1119,#1120,#116,.T.);
#901=EDGE_CURVE('',#1116,#1119,#1247,.T.);
#902=EDGE_CURVE('',#1118,#1121,#1248,.T.);
#903=EDGE_CURVE('',#1121,#1122,#117,.T.);
#904=EDGE_CURVE('',#1120,#1122,#1249,.T.);
#905=EDGE_CURVE('',#1122,#1123,#118,.T.);
#906=EDGE_CURVE('',#1121,#1124,#119,.T.);
#907=EDGE_CURVE('',#1124,#1123,#120,.T.);
#908=EDGE_CURVE('',#1123,#1125,#121,.T.);
#909=EDGE_CURVE('',#1124,#1126,#122,.T.);
#910=EDGE_CURVE('',#1126,#1125,#123,.T.);
#911=EDGE_CURVE('',#1125,#1127,#124,.T.);
#912=EDGE_CURVE('',#1126,#1128,#125,.T.);
#913=EDGE_CURVE('',#1128,#1127,#126,.T.);
#914=EDGE_CURVE('',#1127,#1129,#127,.T.);
#915=EDGE_CURVE('',#1128,#1130,#128,.T.);
#916=EDGE_CURVE('',#1130,#1129,#129,.T.);
#917=EDGE_CURVE('',#1129,#1131,#1250,.T.);
#918=EDGE_CURVE('',#1130,#1132,#1251,.T.);
#919=EDGE_CURVE('',#1132,#1131,#130,.T.);
#920=EDGE_CURVE('',#1131,#1133,#1252,.T.);
#921=EDGE_CURVE('',#1132,#1134,#1253,.T.);
#922=EDGE_CURVE('',#1134,#1133,#131,.T.);
#923=EDGE_CURVE('',#1133,#1135,#132,.T.);
#924=EDGE_CURVE('',#1134,#1136,#133,.T.);
#925=EDGE_CURVE('',#1136,#1135,#134,.T.);
#926=EDGE_CURVE('',#1135,#1137,#1254,.T.);
#927=EDGE_CURVE('',#1136,#1138,#1255,.T.);
#928=EDGE_CURVE('',#1138,#1137,#135,.T.);
#929=EDGE_CURVE('',#1139,#1140,#136,.T.);
#930=EDGE_CURVE('',#1141,#1139,#137,.T.);
#931=EDGE_CURVE('',#1141,#1142,#138,.T.);
#932=EDGE_CURVE('',#1142,#1140,#139,.T.);
#933=EDGE_CURVE('',#1140,#1143,#1256,.T.);
#934=EDGE_CURVE('',#1142,#1144,#1257,.T.);
#935=EDGE_CURVE('',#1144,#1143,#140,.T.);
#936=EDGE_CURVE('',#1145,#1146,#1258,.T.);
#937=EDGE_CURVE('',#1147,#1145,#141,.T.);
#938=EDGE_CURVE('',#1147,#1148,#1259,.T.);
#939=EDGE_CURVE('',#1148,#1146,#142,.T.);
#940=EDGE_CURVE('',#1146,#1149,#143,.T.);
#941=EDGE_CURVE('',#1148,#1150,#144,.T.);
#942=EDGE_CURVE('',#1150,#1149,#145,.T.);
#943=EDGE_CURVE('',#1149,#1151,#1260,.T.);
#944=EDGE_CURVE('',#1150,#1152,#1261,.T.);
#945=EDGE_CURVE('',#1152,#1151,#146,.T.);
#946=EDGE_CURVE('',#1153,#1154,#1262,.T.);
#947=EDGE_CURVE('',#1155,#1153,#147,.T.);
#948=EDGE_CURVE('',#1155,#1156,#1263,.T.);
#949=EDGE_CURVE('',#1156,#1154,#148,.T.);
#950=EDGE_CURVE('',#1154,#1157,#149,.T.);
#951=EDGE_CURVE('',#1156,#1158,#150,.T.);
#952=EDGE_CURVE('',#1158,#1157,#151,.T.);
#953=EDGE_CURVE('',#1157,#1159,#1264,.T.);
#954=EDGE_CURVE('',#1158,#1160,#1265,.T.);
#955=EDGE_CURVE('',#1160,#1159,#152,.T.);
#956=EDGE_CURVE('',#1151,#1145,#1266,.T.);
#957=EDGE_CURVE('',#1152,#1147,#1267,.T.);
#958=EDGE_CURVE('',#1159,#1153,#153,.T.);
#959=EDGE_CURVE('',#1160,#1155,#154,.T.);
#960=EDGE_CURVE('',#1143,#1161,#66,.T.);
#961=EDGE_CURVE('',#1144,#1162,#67,.T.);
#962=EDGE_CURVE('',#1162,#1161,#155,.T.);
#963=EDGE_CURVE('',#1141,#1163,#1268,.T.);
#964=EDGE_CURVE('',#1163,#1162,#68,.T.);
#965=EDGE_CURVE('',#1087,#1164,#69,.T.);
#966=EDGE_CURVE('',#1164,#1165,#70,.T.);
#967=EDGE_CURVE('',#1165,#1166,#156,.T.);
#968=EDGE_CURVE('',#1166,#1167,#71,.T.);
#969=EDGE_CURVE('',#1167,#1168,#1269,.T.);
#970=EDGE_CURVE('',#1168,#1169,#1270,.T.);
#971=EDGE_CURVE('',#1169,#1170,#157,.T.);
#972=EDGE_CURVE('',#1170,#1171,#1271,.T.);
#973=EDGE_CURVE('',#1171,#1172,#158,.T.);
#974=EDGE_CURVE('',#1172,#1173,#159,.T.);
#975=EDGE_CURVE('',#1173,#1174,#160,.T.);
#976=EDGE_CURVE('',#1174,#1175,#161,.T.);
#977=EDGE_CURVE('',#1175,#1084,#1272,.T.);
#978=EDGE_CURVE('',#1083,#1176,#162,.T.);
#979=EDGE_CURVE('',#1176,#1177,#163,.T.);
#980=EDGE_CURVE('',#1177,#1178,#164,.T.);
#981=EDGE_CURVE('',#1178,#1179,#165,.T.);
#982=EDGE_CURVE('',#1179,#1180,#1273,.T.);
#983=EDGE_CURVE('',#1180,#1181,#1274,.T.);
#984=EDGE_CURVE('',#1181,#1182,#166,.T.);
#985=EDGE_CURVE('',#1182,#1138,#1275,.T.);
#986=EDGE_CURVE('',#1183,#1184,#1276,.T.);
#987=EDGE_CURVE('',#1184,#1185,#167,.T.);
#988=EDGE_CURVE('',#1185,#1186,#1277,.T.);
#989=EDGE_CURVE('',#1186,#1183,#168,.T.);
#990=EDGE_CURVE('',#1187,#1188,#1278,.T.);
#991=EDGE_CURVE('',#1188,#1189,#169,.T.);
#992=EDGE_CURVE('',#1189,#1190,#1279,.T.);
#993=EDGE_CURVE('',#1190,#1187,#1280,.T.);
#994=EDGE_CURVE('',#1191,#1081,#170,.T.);
#995=EDGE_CURVE('',#1192,#1191,#171,.T.);
#996=EDGE_CURVE('',#1193,#1192,#172,.T.);
#997=EDGE_CURVE('',#1194,#1193,#173,.T.);
#998=EDGE_CURVE('',#1120,#1194,#174,.T.);
#999=EDGE_CURVE('',#1195,#1137,#1281,.T.);
#1000=EDGE_CURVE('',#1196,#1195,#175,.T.);
#1001=EDGE_CURVE('',#1197,#1196,#1282,.T.);
#1002=EDGE_CURVE('',#1198,#1197,#1283,.T.);
#1003=EDGE_CURVE('',#1199,#1198,#176,.T.);
#1004=EDGE_CURVE('',#1200,#1199,#177,.T.);
#1005=EDGE_CURVE('',#1201,#1200,#178,.T.);
#1006=EDGE_CURVE('',#1082,#1201,#179,.T.);
#1007=EDGE_CURVE('',#1202,#1203,#180,.T.);
#1008=EDGE_CURVE('',#1204,#1202,#1284,.F.);
#1009=EDGE_CURVE('',#1205,#1204,#181,.T.);
#1010=EDGE_CURVE('',#1206,#1205,#182,.T.);
#1011=EDGE_CURVE('',#1207,#1206,#183,.T.);
#1012=EDGE_CURVE('',#1208,#1207,#184,.T.);
#1013=EDGE_CURVE('',#1203,#1208,#1285,.F.);
#1014=EDGE_CURVE('',#1209,#1099,#185,.T.);
#1015=EDGE_CURVE('',#1210,#1209,#1286,.F.);
#1016=EDGE_CURVE('',#1211,#1210,#1287,.T.);
#1017=EDGE_CURVE('',#1212,#1211,#72,.T.);
#1018=EDGE_CURVE('',#1213,#1212,#186,.T.);
#1019=EDGE_CURVE('',#1214,#1213,#73,.T.);
#1020=EDGE_CURVE('',#1085,#1214,#74,.T.);
#1021=EDGE_CURVE('',#1104,#1117,#187,.T.);
#1022=EDGE_CURVE('',#1139,#1215,#1288,.T.);
#1023=EDGE_CURVE('',#1215,#1161,#75,.T.);
#1024=EDGE_CURVE('',#1216,#1217,#1289,.T.);
#1025=EDGE_CURVE('',#1218,#1216,#188,.T.);
#1026=EDGE_CURVE('',#1219,#1218,#1290,.T.);
#1027=EDGE_CURVE('',#1217,#1219,#189,.T.);
#1028=EDGE_CURVE('',#1220,#1221,#1291,.T.);
#1029=EDGE_CURVE('',#1222,#1220,#1292,.T.);
#1030=EDGE_CURVE('',#1223,#1222,#1293,.T.);
#1031=EDGE_CURVE('',#1221,#1223,#190,.T.);
#1032=EDGE_CURVE('',#1163,#1215,#191,.T.);
#1033=EDGE_CURVE('',#1183,#1216,#192,.T.);
#1034=EDGE_CURVE('',#1186,#1218,#193,.T.);
#1035=EDGE_CURVE('',#1187,#1220,#194,.T.);
#1036=EDGE_CURVE('',#1190,#1222,#195,.T.);
#1037=EDGE_CURVE('',#1185,#1219,#196,.T.);
#1038=EDGE_CURVE('',#1184,#1217,#197,.T.);
#1039=EDGE_CURVE('',#1189,#1223,#198,.T.);
#1040=EDGE_CURVE('',#1188,#1221,#199,.T.);
#1041=EDGE_CURVE('',#1182,#1195,#200,.T.);
#1042=EDGE_CURVE('',#1181,#1196,#201,.T.);
#1043=EDGE_CURVE('',#1180,#1197,#202,.T.);
#1044=EDGE_CURVE('',#1179,#1198,#203,.T.);
#1045=EDGE_CURVE('',#1178,#1199,#204,.T.);
#1046=EDGE_CURVE('',#1177,#1200,#205,.T.);
#1047=EDGE_CURVE('',#1176,#1201,#206,.T.);
#1048=EDGE_CURVE('',#1224,#1202,#207,.T.);
#1049=EDGE_CURVE('',#1080,#1224,#1294,.T.);
#1050=EDGE_CURVE('',#1175,#1204,#208,.T.);
#1051=EDGE_CURVE('',#1174,#1205,#209,.T.);
#1052=EDGE_CURVE('',#1173,#1206,#210,.T.);
#1053=EDGE_CURVE('',#1172,#1207,#211,.T.);
#1054=EDGE_CURVE('',#1171,#1208,#212,.T.);
#1055=EDGE_CURVE('',#1225,#1226,#1295,.T.);
#1056=EDGE_CURVE('',#1225,#1203,#213,.T.);
#1057=EDGE_CURVE('',#1170,#1226,#214,.T.);
#1058=EDGE_CURVE('',#1226,#1227,#215,.T.);
#1059=EDGE_CURVE('',#1169,#1227,#216,.T.);
#1060=EDGE_CURVE('',#1228,#1209,#217,.T.);
#1061=EDGE_CURVE('',#1227,#1228,#1296,.T.);
#1062=EDGE_CURVE('',#1168,#1210,#218,.T.);
#1063=EDGE_CURVE('',#1167,#1211,#219,.T.);
#1064=EDGE_CURVE('',#1166,#1212,#220,.T.);
#1065=EDGE_CURVE('',#1165,#1213,#221,.T.);
#1066=EDGE_CURVE('',#1164,#1214,#222,.T.);
#1067=EDGE_CURVE('',#1228,#1097,#223,.T.);
#1068=EDGE_CURVE('',#1103,#1115,#224,.T.);
#1069=EDGE_CURVE('',#1229,#1194,#225,.T.);
#1070=EDGE_CURVE('',#1119,#1229,#226,.T.);
#1071=EDGE_CURVE('',#1230,#1193,#227,.T.);
#1072=EDGE_CURVE('',#1229,#1230,#228,.T.);
#1073=EDGE_CURVE('',#1231,#1192,#229,.T.);
#1074=EDGE_CURVE('',#1230,#1231,#230,.T.);
#1075=EDGE_CURVE('',#1232,#1191,#231,.T.);
#1076=EDGE_CURVE('',#1231,#1232,#232,.T.);
#1077=EDGE_CURVE('',#1232,#1079,#233,.T.);
#1078=EDGE_CURVE('',#1224,#1225,#234,.T.);
#1079=VERTEX_POINT('',#1963);
#1080=VERTEX_POINT('',#1964);
#1081=VERTEX_POINT('',#1966);
#1082=VERTEX_POINT('',#1973);
#1083=VERTEX_POINT('',#1975);
#1084=VERTEX_POINT('',#1982);
#1085=VERTEX_POINT('',#1986);
#1086=VERTEX_POINT('',#1987);
#1087=VERTEX_POINT('',#1989);
#1088=VERTEX_POINT('',#1991);
#1089=VERTEX_POINT('',#1995);
#1090=VERTEX_POINT('',#1997);
#1091=VERTEX_POINT('',#2001);
#1092=VERTEX_POINT('',#2003);
#1093=VERTEX_POINT('',#2007);
#1094=VERTEX_POINT('',#2009);
#1095=VERTEX_POINT('',#2035);
#1096=VERTEX_POINT('',#2042);
#1097=VERTEX_POINT('',#2066);
#1098=VERTEX_POINT('',#2067);
#1099=VERTEX_POINT('',#2069);
#1100=VERTEX_POINT('',#2128);
#1101=VERTEX_POINT('',#2132);
#1102=VERTEX_POINT('',#2134);
#1103=VERTEX_POINT('',#2167);
#1104=VERTEX_POINT('',#2168);
#1105=VERTEX_POINT('',#2182);
#1106=VERTEX_POINT('',#2184);
#1107=VERTEX_POINT('',#2236);
#1108=VERTEX_POINT('',#2238);
#1109=VERTEX_POINT('',#2242);
#1110=VERTEX_POINT('',#2244);
#1111=VERTEX_POINT('',#2248);
#1112=VERTEX_POINT('',#2250);
#1113=VERTEX_POINT('',#2254);
#1114=VERTEX_POINT('',#2256);
#1115=VERTEX_POINT('',#2306);
#1116=VERTEX_POINT('',#2307);
#1117=VERTEX_POINT('',#2309);
#1118=VERTEX_POINT('',#2382);
#1119=VERTEX_POINT('',#2405);
#1120=VERTEX_POINT('',#2406);
#1121=VERTEX_POINT('',#2418);
#1122=VERTEX_POINT('',#2420);
#1123=VERTEX_POINT('',#2429);
#1124=VERTEX_POINT('',#2431);
#1125=VERTEX_POINT('',#2435);
#1126=VERTEX_POINT('',#2437);
#1127=VERTEX_POINT('',#2441);
#1128=VERTEX_POINT('',#2443);
#1129=VERTEX_POINT('',#2447);
#1130=VERTEX_POINT('',#2449);
#1131=VERTEX_POINT('',#2502);
#1132=VERTEX_POINT('',#2512);
#1133=VERTEX_POINT('',#2574);
#1134=VERTEX_POINT('',#2587);
#1135=VERTEX_POINT('',#2591);
#1136=VERTEX_POINT('',#2593);
#1137=VERTEX_POINT('',#2607);
#1138=VERTEX_POINT('',#2612);
#1139=VERTEX_POINT('',#2616);
#1140=VERTEX_POINT('',#2617);
#1141=VERTEX_POINT('',#2619);
#1142=VERTEX_POINT('',#2621);
#1143=VERTEX_POINT('',#2635);
#1144=VERTEX_POINT('',#2640);
#1145=VERTEX_POINT('',#2654);
#1146=VERTEX_POINT('',#2655);
#1147=VERTEX_POINT('',#2657);
#1148=VERTEX_POINT('',#2662);
#1149=VERTEX_POINT('',#2666);
#1150=VERTEX_POINT('',#2668);
#1151=VERTEX_POINT('',#2682);
#1152=VERTEX_POINT('',#2687);
#1153=VERTEX_POINT('',#2701);
#1154=VERTEX_POINT('',#2702);
#1155=VERTEX_POINT('',#2704);
#1156=VERTEX_POINT('',#2709);
#1157=VERTEX_POINT('',#2713);
#1158=VERTEX_POINT('',#2715);
#1159=VERTEX_POINT('',#2729);
#1160=VERTEX_POINT('',#2734);
#1161=VERTEX_POINT('',#2757);
#1162=VERTEX_POINT('',#2759);
#1163=VERTEX_POINT('',#2766);
#1164=VERTEX_POINT('',#2769);
#1165=VERTEX_POINT('',#2771);
#1166=VERTEX_POINT('',#2773);
#1167=VERTEX_POINT('',#2775);
#1168=VERTEX_POINT('',#2782);
#1169=VERTEX_POINT('',#2789);
#1170=VERTEX_POINT('',#2791);
#1171=VERTEX_POINT('',#2801);
#1172=VERTEX_POINT('',#2803);
#1173=VERTEX_POINT('',#2805);
#1174=VERTEX_POINT('',#2807);
#1175=VERTEX_POINT('',#2809);
#1176=VERTEX_POINT('',#2825);
#1177=VERTEX_POINT('',#2827);
#1178=VERTEX_POINT('',#2829);
#1179=VERTEX_POINT('',#2831);
#1180=VERTEX_POINT('',#2841);
#1181=VERTEX_POINT('',#2854);
#1182=VERTEX_POINT('',#2856);
#1183=VERTEX_POINT('',#2865);
#1184=VERTEX_POINT('',#2866);
#1185=VERTEX_POINT('',#2868);
#1186=VERTEX_POINT('',#2873);
#1187=VERTEX_POINT('',#2879);
#1188=VERTEX_POINT('',#2880);
#1189=VERTEX_POINT('',#2882);
#1190=VERTEX_POINT('',#2887);
#1191=VERTEX_POINT('',#2894);
#1192=VERTEX_POINT('',#2896);
#1193=VERTEX_POINT('',#2898);
#1194=VERTEX_POINT('',#2900);
#1195=VERTEX_POINT('',#2906);
#1196=VERTEX_POINT('',#2908);
#1197=VERTEX_POINT('',#2921);
#1198=VERTEX_POINT('',#2931);
#1199=VERTEX_POINT('',#2933);
#1200=VERTEX_POINT('',#2935);
#1201=VERTEX_POINT('',#2937);
#1202=VERTEX_POINT('',#2940);
#1203=VERTEX_POINT('',#2941);
#1204=VERTEX_POINT('',#3001);
#1205=VERTEX_POINT('',#3003);
#1206=VERTEX_POINT('',#3005);
#1207=VERTEX_POINT('',#3007);
#1208=VERTEX_POINT('',#3009);
#1209=VERTEX_POINT('',#3060);
#1210=VERTEX_POINT('',#3113);
#1211=VERTEX_POINT('',#3120);
#1212=VERTEX_POINT('',#3122);
#1213=VERTEX_POINT('',#3124);
#1214=VERTEX_POINT('',#3126);
#1215=VERTEX_POINT('',#3133);
#1216=VERTEX_POINT('',#3139);
#1217=VERTEX_POINT('',#3140);
#1218=VERTEX_POINT('',#3142);
#1219=VERTEX_POINT('',#3147);
#1220=VERTEX_POINT('',#3153);
#1221=VERTEX_POINT('',#3154);
#1222=VERTEX_POINT('',#3159);
#1223=VERTEX_POINT('',#3164);
#1224=VERTEX_POINT('',#3382);
#1225=VERTEX_POINT('',#3430);
#1226=VERTEX_POINT('',#3431);
#1227=VERTEX_POINT('',#3436);
#1228=VERTEX_POINT('',#3457);
#1229=VERTEX_POINT('',#3495);
#1230=VERTEX_POINT('',#3499);
#1231=VERTEX_POINT('',#3503);
#1232=VERTEX_POINT('',#3507);
#1233=B_SPLINE_CURVE_WITH_KNOTS('',3,(#1958,#1959,#1960,#1961,#1962),
 .UNSPECIFIED.,.F.,.F.,(4,1,4),(0.,0.812119574254516,1.),.UNSPECIFIED.);
#1234=B_SPLINE_CURVE_WITH_KNOTS('',3,(#1967,#1968,#1969,#1970,#1971,#1972),
 .UNSPECIFIED.,.F.,.F.,(4,1,1,4),(0.,0.0773947985627431,0.47764008481685,
1.),.UNSPECIFIED.);
#1235=B_SPLINE_CURVE_WITH_KNOTS('',3,(#1976,#1977,#1978,#1979,#1980,#1981),
 .UNSPECIFIED.,.F.,.F.,(4,1,1,4),(0.,0.0773947985627431,0.47764008481685,
1.),.UNSPECIFIED.);
#1236=B_SPLINE_CURVE_WITH_KNOTS('',3,(#2029,#2030,#2031,#2032,#2033,#2034),
 .UNSPECIFIED.,.F.,.F.,(4,1,1,4),(0.,0.317576574189964,0.673717748703001,
1.),.UNSPECIFIED.);
#1237=B_SPLINE_CURVE_WITH_KNOTS('',3,(#2036,#2037,#2038,#2039,#2040,#2041),
 .UNSPECIFIED.,.F.,.F.,(4,1,1,4),(0.,0.317576574189964,0.673717748703001,
1.),.UNSPECIFIED.);
#1238=B_SPLINE_CURVE_WITH_KNOTS('',3,(#2062,#2063,#2064,#2065),
 .UNSPECIFIED.,.F.,.F.,(4,4),(0.,1.),.UNSPECIFIED.);
#1239=B_SPLINE_CURVE_WITH_KNOTS('',3,(#2070,#2071,#2072,#2073,#2074,#2075,
#2076,#2077,#2078,#2079,#2080,#2081,#2082,#2083,#2084,#2085,#2086,#2087,
#2088,#2089,#2090,#2091,#2092,#2093,#2094,#2095,#2096,#2097,#2098,#2099,
#2100,#2101,#2102,#2103,#2104,#2105,#2106,#2107,#2108,#2109,#2110,#2111,
#2112,#2113,#2114,#2115,#2116,#2117,#2118,#2119,#2120,#2121),
 .UNSPECIFIED.,.F.,.F.,(4,1,1,1,1,1,1,1,1,1,1,1,1,1,1,1,1,1,1,1,1,1,1,1,
1,1,1,1,1,1,1,1,1,1,1,1,1,1,1,1,1,1,1,1,1,1,1,1,1,4),(0.,0.0291179476617666,
0.0582358953235333,0.0873538429852999,0.101912816816183,0.116471790647067,
0.123751277562508,0.13103076447795,0.138310251393392,0.145589738308833,
0.1747076859706,0.203825633632366,0.232943581294133,0.247502555125016,0.2620615289559,
0.276620502786783,0.291179476617666,0.3494153719412,0.363974345772083,0.371253832687525,
0.374893576145245,0.378533319602966,0.39309229343385,0.407651267264733,
0.4367692149265,0.465887162588266,0.495005110250033,0.5241230579118,0.553241005573566,
0.567799979404449,0.582358953235333,0.596917927066216,0.611476900897099,
0.618756387812541,0.626035874727983,0.633315361643425,0.640594848558866,
0.65515382238975,0.669712796220633,0.698830743882399,0.727948691544166,
0.742507665375049,0.749787152290491,0.757066639205933,0.771625613036816,
0.786184586867699,0.815302534529466,0.873538429852999,0.902656377514766,
0.931774325176533),.UNSPECIFIED.);
#1240=B_SPLINE_CURVE_WITH_KNOTS('',3,(#2122,#2123,#2124,#2125,#2126,#2127),
 .UNSPECIFIED.,.F.,.F.,(4,1,1,4),(0.,0.514211770619007,0.849985878047205,
1.),.UNSPECIFIED.);
#1241=B_SPLINE_CURVE_WITH_KNOTS('',3,(#2169,#2170,#2171,#2172),
 .UNSPECIFIED.,.F.,.F.,(4,4),(0.,1.),.UNSPECIFIED.);
#1242=B_SPLINE_CURVE_WITH_KNOTS('',3,(#2173,#2174,#2175,#2176,#2177,#2178,
#2179,#2180,#2181),.UNSPECIFIED.,.F.,.F.,(4,1,1,1,1,1,4),(0.,0.160390244022843,
0.344181972763015,0.553192816820446,0.659935430911705,0.813745363579952,
1.),.UNSPECIFIED.);
#1243=B_SPLINE_CURVE_WITH_KNOTS('',3,(#2185,#2186,#2187,#2188,#2189,#2190,
#2191,#2192,#2193,#2194,#2195,#2196,#2197,#2198,#2199,#2200,#2201,#2202,
#2203,#2204,#2205,#2206,#2207,#2208,#2209,#2210,#2211,#2212,#2213,#2214,
#2215,#2216,#2217,#2218,#2219,#2220,#2221,#2222,#2223,#2224,#2225,#2226,
#2227,#2228,#2229,#2230,#2231,#2232,#2233),.UNSPECIFIED.,.F.,.F.,(4,1,1,
1,1,1,1,1,1,1,1,1,1,1,1,1,1,1,1,1,1,1,1,1,1,1,1,1,1,1,1,1,1,1,1,1,1,1,1,
1,1,1,1,1,1,1,4),(0.043316679524901,0.0582648564073244,0.0620019006279303,
0.0657389448485361,0.0732130332897478,0.0881612101721713,0.103109387054595,
0.118057563937018,0.133005740819442,0.162902094584288,0.222694802113982,
0.252591155878829,0.282487509643676,0.342280217173369,0.357228394055793,
0.372176570938216,0.402072924703063,0.43196927846791,0.439443366909122,
0.446917455350333,0.461865632232757,0.491761985997604,0.506710162880027,
0.52165833976245,0.551554693527297,0.566502870409721,0.581451047292144,
0.596399224174568,0.611347401056991,0.626295577939414,0.641243754821838,
0.671140108586685,0.686088285469108,0.701036462351532,0.730932816116378,
0.745880992998802,0.760829169881225,0.790725523646072,0.805673700528496,
0.820621877410919,0.850518231175766,0.880414584940613,0.91031093870546,
0.940207292470306,0.95515546935273,0.970103646235153,1.),.UNSPECIFIED.);
#1244=B_SPLINE_CURVE_WITH_KNOTS('',3,(#2302,#2303,#2304,#2305),
 .UNSPECIFIED.,.F.,.F.,(4,4),(0.,1.),.UNSPECIFIED.);
#1245=B_SPLINE_CURVE_WITH_KNOTS('',3,(#2310,#2311,#2312,#2313,#2314,#2315,
#2316,#2317,#2318,#2319,#2320,#2321,#2322,#2323,#2324,#2325,#2326,#2327,
#2328,#2329,#2330,#2331,#2332,#2333,#2334,#2335,#2336,#2337,#2338,#2339,
#2340,#2341,#2342,#2343,#2344,#2345,#2346,#2347,#2348,#2349,#2350,#2351,
#2352,#2353,#2354,#2355,#2356,#2357,#2358,#2359,#2360,#2361,#2362,#2363,
#2364,#2365,#2366,#2367),.UNSPECIFIED.,.F.,.F.,(4,1,1,1,1,1,1,1,1,1,1,1,
1,1,1,1,1,1,1,1,1,1,1,1,1,1,1,1,1,1,1,1,1,1,1,1,1,1,1,1,1,1,1,1,1,1,1,1,
1,1,1,1,1,1,1,4),(0.,0.0300400545481338,0.0600801090962676,0.0901201636444015,
0.120160218192535,0.150200272740669,0.180240327288803,0.19526035456287,
0.210280381836937,0.240320436385071,0.255340463659137,0.270360490933204,
0.300400545481338,0.315420572755405,0.330440600029472,0.360480654577606,
0.39052070912574,0.420560763673874,0.450600818222007,0.480640872770141,
0.495660900044208,0.510680927318275,0.525700954592342,0.533210968229375,
0.540720981866409,0.555741009140476,0.563251022777509,0.570761036414543,
0.600801090962676,0.63084114551081,0.645861172784877,0.660881200058944,
0.675901227333011,0.683411240970045,0.687166247788561,0.690921254607078,
0.698431268244111,0.705941281881145,0.720961309155212,0.735981336429279,
0.743491350066312,0.751001363703345,0.758511377340379,0.766021390977412,
0.781041418251479,0.796061445525546,0.811081472799613,0.82610150007368,
0.841121527347747,0.871161581895881,0.901201636444015,0.916221663718082,
0.931241690992149,0.938751704629182,0.946261718266215,0.961281745540282),
 .UNSPECIFIED.);
#1246=B_SPLINE_CURVE_WITH_KNOTS('',3,(#2368,#2369,#2370,#2371,#2372,#2373,
#2374,#2375,#2376,#2377,#2378,#2379,#2380,#2381),.UNSPECIFIED.,.F.,.F.,
(4,1,1,1,1,1,1,1,1,1,1,4),(0.,0.191927835868749,0.327583313301769,0.390250998774243,
0.42811357365693,0.451009054374751,0.488742835854502,0.549031806574129,
0.657863871043281,0.72359207164403,0.899955366355268,1.),.UNSPECIFIED.);
#1247=B_SPLINE_CURVE_WITH_KNOTS('',3,(#2407,#2408,#2409,#2410,#2411),
 .UNSPECIFIED.,.F.,.F.,(4,1,4),(0.,0.187880425523327,1.),.UNSPECIFIED.);
#1248=B_SPLINE_CURVE_WITH_KNOTS('',3,(#2412,#2413,#2414,#2415,#2416,#2417),
 .UNSPECIFIED.,.F.,.F.,(4,1,1,4),(0.,0.0773947985627431,0.47764008481685,
1.),.UNSPECIFIED.);
#1249=B_SPLINE_CURVE_WITH_KNOTS('',3,(#2421,#2422,#2423,#2424,#2425,#2426),
 .UNSPECIFIED.,.F.,.F.,(4,1,1,4),(0.,0.0773947985627431,0.47764008481685,
1.),.UNSPECIFIED.);
#1250=B_SPLINE_CURVE_WITH_KNOTS('',3,(#2493,#2494,#2495,#2496,#2497,#2498,
#2499,#2500,#2501),.UNSPECIFIED.,.F.,.F.,(4,1,1,3,4),(0.,0.0373902503462937,
0.411955314611764,0.584846846007882,1.),.UNSPECIFIED.);
#1251=B_SPLINE_CURVE_WITH_KNOTS('',3,(#2503,#2504,#2505,#2506,#2507,#2508,
#2509,#2510,#2511),.UNSPECIFIED.,.F.,.F.,(4,1,1,3,4),(0.,0.0373902503462937,
0.411955314611764,0.584846846007882,1.),.UNSPECIFIED.);
#1252=B_SPLINE_CURVE_WITH_KNOTS('',3,(#2562,#2563,#2564,#2565,#2566,#2567,
#2568,#2569,#2570,#2571,#2572,#2573),.UNSPECIFIED.,.F.,.F.,(4,1,1,1,1,1,
3,4),(0.,0.104252844387911,0.261748336174582,0.397411035456563,0.536538779703997,
0.70539514460929,0.824795740289733,1.),.UNSPECIFIED.);
#1253=B_SPLINE_CURVE_WITH_KNOTS('',3,(#2575,#2576,#2577,#2578,#2579,#2580,
#2581,#2582,#2583,#2584,#2585,#2586),.UNSPECIFIED.,.F.,.F.,(4,1,1,1,1,1,
3,4),(0.,0.104252844387911,0.261748336174582,0.397411035456563,0.536538779703997,
0.70539514460929,0.824795740289733,1.),.UNSPECIFIED.);
#1254=B_SPLINE_CURVE_WITH_KNOTS('',3,(#2603,#2604,#2605,#2606),
 .UNSPECIFIED.,.F.,.F.,(4,4),(0.,1.),.UNSPECIFIED.);
#1255=B_SPLINE_CURVE_WITH_KNOTS('',3,(#2608,#2609,#2610,#2611),
 .UNSPECIFIED.,.F.,.F.,(4,4),(0.,1.),.UNSPECIFIED.);
#1256=B_SPLINE_CURVE_WITH_KNOTS('',3,(#2631,#2632,#2633,#2634),
 .UNSPECIFIED.,.F.,.F.,(4,4),(0.,1.),.UNSPECIFIED.);
#1257=B_SPLINE_CURVE_WITH_KNOTS('',3,(#2636,#2637,#2638,#2639),
 .UNSPECIFIED.,.F.,.F.,(4,4),(0.,1.),.UNSPECIFIED.);
#1258=B_SPLINE_CURVE_WITH_KNOTS('',3,(#2650,#2651,#2652,#2653),
 .UNSPECIFIED.,.F.,.F.,(4,4),(0.,1.),.UNSPECIFIED.);
#1259=B_SPLINE_CURVE_WITH_KNOTS('',3,(#2658,#2659,#2660,#2661),
 .UNSPECIFIED.,.F.,.F.,(4,4),(0.,1.),.UNSPECIFIED.);
#1260=B_SPLINE_CURVE_WITH_KNOTS('',3,(#2678,#2679,#2680,#2681),
 .UNSPECIFIED.,.F.,.F.,(4,4),(0.,1.),.UNSPECIFIED.);
#1261=B_SPLINE_CURVE_WITH_KNOTS('',3,(#2683,#2684,#2685,#2686),
 .UNSPECIFIED.,.F.,.F.,(4,4),(0.,1.),.UNSPECIFIED.);
#1262=B_SPLINE_CURVE_WITH_KNOTS('',3,(#2697,#2698,#2699,#2700),
 .UNSPECIFIED.,.F.,.F.,(4,4),(0.,1.),.UNSPECIFIED.);
#1263=B_SPLINE_CURVE_WITH_KNOTS('',3,(#2705,#2706,#2707,#2708),
 .UNSPECIFIED.,.F.,.F.,(4,4),(0.,1.),.UNSPECIFIED.);
#1264=B_SPLINE_CURVE_WITH_KNOTS('',3,(#2725,#2726,#2727,#2728),
 .UNSPECIFIED.,.F.,.F.,(4,4),(0.,1.),.UNSPECIFIED.);
#1265=B_SPLINE_CURVE_WITH_KNOTS('',3,(#2730,#2731,#2732,#2733),
 .UNSPECIFIED.,.F.,.F.,(4,4),(0.,1.),.UNSPECIFIED.);
#1266=B_SPLINE_CURVE_WITH_KNOTS('',3,(#2744,#2745,#2746,#2747),
 .UNSPECIFIED.,.F.,.F.,(4,4),(0.,1.),.UNSPECIFIED.);
#1267=B_SPLINE_CURVE_WITH_KNOTS('',3,(#2748,#2749,#2750,#2751),
 .UNSPECIFIED.,.F.,.F.,(4,4),(0.,1.),.UNSPECIFIED.);
#1268=B_SPLINE_CURVE_WITH_KNOTS('',3,(#2762,#2763,#2764,#2765),
 .UNSPECIFIED.,.F.,.F.,(4,4),(0.,1.),.UNSPECIFIED.);
#1269=B_SPLINE_CURVE_WITH_KNOTS('',3,(#2776,#2777,#2778,#2779,#2780,#2781),
 .UNSPECIFIED.,.F.,.F.,(4,1,1,4),(0.,0.317576574189964,0.673717748703001,
1.),.UNSPECIFIED.);
#1270=B_SPLINE_CURVE_WITH_KNOTS('',3,(#2783,#2784,#2785,#2786,#2787,#2788),
 .UNSPECIFIED.,.F.,.F.,(4,1,1,4),(0.,0.514211770619007,0.849985878047205,
1.),.UNSPECIFIED.);
#1271=B_SPLINE_CURVE_WITH_KNOTS('',3,(#2792,#2793,#2794,#2795,#2796,#2797,
#2798,#2799,#2800),.UNSPECIFIED.,.F.,.F.,(4,1,1,1,1,1,4),(0.,0.160390244022843,
0.344181972763015,0.553192816820446,0.659935430911705,0.813745363579952,
1.),.UNSPECIFIED.);
#1272=B_SPLINE_CURVE_WITH_KNOTS('',3,(#2810,#2811,#2812,#2813,#2814,#2815,
#2816,#2817,#2818,#2819,#2820,#2821,#2822,#2823),.UNSPECIFIED.,.F.,.F.,
(4,1,1,1,1,1,1,1,1,1,1,4),(0.,0.191927835868749,0.327583313301769,0.390250998774243,
0.42811357365693,0.451009054374751,0.488742835854502,0.549031806574129,
0.657863871043281,0.72359207164403,0.899955366355268,1.),.UNSPECIFIED.);
#1273=B_SPLINE_CURVE_WITH_KNOTS('',3,(#2832,#2833,#2834,#2835,#2836,#2837,
#2838,#2839,#2840),.UNSPECIFIED.,.F.,.F.,(4,1,1,3,4),(0.,0.0373902503462937,
0.411955314611764,0.584846846007882,1.),.UNSPECIFIED.);
#1274=B_SPLINE_CURVE_WITH_KNOTS('',3,(#2842,#2843,#2844,#2845,#2846,#2847,
#2848,#2849,#2850,#2851,#2852,#2853),.UNSPECIFIED.,.F.,.F.,(4,1,1,1,1,1,
3,4),(0.,0.104252844387911,0.261748336174582,0.397411035456563,0.536538779703997,
0.70539514460929,0.824795740289733,1.),.UNSPECIFIED.);
#1275=B_SPLINE_CURVE_WITH_KNOTS('',3,(#2857,#2858,#2859,#2860),
 .UNSPECIFIED.,.F.,.F.,(4,4),(0.,1.),.UNSPECIFIED.);
#1276=B_SPLINE_CURVE_WITH_KNOTS('',3,(#2861,#2862,#2863,#2864),
 .UNSPECIFIED.,.F.,.F.,(4,4),(0.,1.),.UNSPECIFIED.);
#1277=B_SPLINE_CURVE_WITH_KNOTS('',3,(#2869,#2870,#2871,#2872),
 .UNSPECIFIED.,.F.,.F.,(4,4),(0.,1.),.UNSPECIFIED.);
#1278=B_SPLINE_CURVE_WITH_KNOTS('',3,(#2875,#2876,#2877,#2878),
 .UNSPECIFIED.,.F.,.F.,(4,4),(0.,1.),.UNSPECIFIED.);
#1279=B_SPLINE_CURVE_WITH_KNOTS('',3,(#2883,#2884,#2885,#2886),
 .UNSPECIFIED.,.F.,.F.,(4,4),(0.,1.),.UNSPECIFIED.);
#1280=B_SPLINE_CURVE_WITH_KNOTS('',3,(#2888,#2889,#2890,#2891),
 .UNSPECIFIED.,.F.,.F.,(4,4),(0.,1.),.UNSPECIFIED.);
#1281=B_SPLINE_CURVE_WITH_KNOTS('',3,(#2902,#2903,#2904,#2905),
 .UNSPECIFIED.,.F.,.F.,(4,4),(0.,1.),.UNSPECIFIED.);
#1282=B_SPLINE_CURVE_WITH_KNOTS('',3,(#2909,#2910,#2911,#2912,#2913,#2914,
#2915,#2916,#2917,#2918,#2919,#2920),.UNSPECIFIED.,.F.,.F.,(4,1,1,1,1,1,
3,4),(0.,0.104252844387911,0.261748336174582,0.397411035456563,0.536538779703997,
0.70539514460929,0.824795740289733,1.),.UNSPECIFIED.);
#1283=B_SPLINE_CURVE_WITH_KNOTS('',3,(#2922,#2923,#2924,#2925,#2926,#2927,
#2928,#2929,#2930),.UNSPECIFIED.,.F.,.F.,(4,1,1,3,4),(0.,0.0373902503462937,
0.411955314611764,0.584846846007882,1.),.UNSPECIFIED.);
#1284=B_SPLINE_CURVE_WITH_KNOTS('',3,(#2942,#2943,#2944,#2945,#2946,#2947,
#2948,#2949,#2950,#2951,#2952,#2953,#2954,#2955,#2956,#2957,#2958,#2959,
#2960,#2961,#2962,#2963,#2964,#2965,#2966,#2967,#2968,#2969,#2970,#2971,
#2972,#2973,#2974,#2975,#2976,#2977,#2978,#2979,#2980,#2981,#2982,#2983,
#2984,#2985,#2986,#2987,#2988,#2989,#2990,#2991,#2992,#2993,#2994,#2995,
#2996,#2997,#2998,#2999,#3000),.UNSPECIFIED.,.F.,.F.,(4,1,1,1,1,1,1,1,1,
1,1,1,1,1,1,1,1,1,1,1,1,1,1,1,1,1,1,1,1,1,1,1,1,1,1,1,1,1,1,1,1,1,1,1,1,
1,1,1,1,1,1,1,1,1,1,1,4),(0.0387283380030289,0.0537482077217316,0.0612581425810829,
0.0687680774404343,0.083787947159137,0.0988078168778396,0.128847556315245,
0.15888729575265,0.173907165471353,0.188927035190056,0.203946904908758,
0.218966774627461,0.233986644346164,0.241496579205515,0.249006514064866,
0.256516448924218,0.264026383783569,0.279046253502272,0.294066123220974,
0.301576058080326,0.309085992939677,0.312840960369353,0.316595927799028,
0.32410586265838,0.339125732377082,0.354145602095785,0.369165471814488,
0.399205211251893,0.429244950689298,0.43675488554865,0.444264820408001,
0.459284690126704,0.466794624986055,0.474304559845406,0.489324429564109,
0.504344299282812,0.519364169001514,0.54940390843892,0.579443647876325,
0.609483387313731,0.639523126751136,0.654542996469839,0.669562866188541,
0.684582735907244,0.699602605625947,0.729642345063352,0.744662214782055,
0.759682084500757,0.789721823938163,0.804741693656865,0.819761563375568,
0.849801302812973,0.879841042250379,0.909880781687784,0.939920521125189,
0.969960260562595,1.),.UNSPECIFIED.);
#1285=B_SPLINE_CURVE_WITH_KNOTS('',3,(#3010,#3011,#3012,#3013,#3014,#3015,
#3016,#3017,#3018,#3019,#3020,#3021,#3022,#3023,#3024,#3025,#3026,#3027,
#3028,#3029,#3030,#3031,#3032,#3033,#3034,#3035,#3036,#3037,#3038,#3039,
#3040,#3041,#3042,#3043,#3044,#3045,#3046,#3047,#3048,#3049,#3050,#3051,
#3052,#3053,#3054,#3055,#3056,#3057,#3058),.UNSPECIFIED.,.F.,.F.,(4,1,1,
1,1,1,1,1,1,1,1,1,1,1,1,1,1,1,1,1,1,1,1,1,1,1,1,1,1,1,1,1,1,1,1,1,1,1,1,
1,1,1,1,1,1,1,4),(0.,0.0298966864644976,0.0448450296967464,0.0597933729289952,
0.0896900593934928,0.11958674585799,0.149483432322488,0.179380118786986,
0.194328462019234,0.209276805251483,0.239173491715981,0.25412183494823,
0.269070178180478,0.298966864644976,0.313915207877225,0.328863551109474,
0.358760237573971,0.37370858080622,0.388656924038469,0.403605267270718,
0.418553610502966,0.433501953735215,0.448450296967464,0.478346983431962,
0.49329532666421,0.508243669896459,0.538140356360957,0.553088699593206,
0.56056287120933,0.568037042825454,0.597933729289952,0.62783041575445,0.642778758986698,
0.657727102218947,0.717520475147942,0.74741716161244,0.777313848076938,
0.837107221005933,0.867003907470431,0.881952250702679,0.896900593934928,
0.911848937167177,0.926797280399426,0.93427145201555,0.938008537823612,
0.941745623631675,0.956693966863923),.UNSPECIFIED.);
#1286=B_SPLINE_CURVE_WITH_KNOTS('',3,(#3061,#3062,#3063,#3064,#3065,#3066,
#3067,#3068,#3069,#3070,#3071,#3072,#3073,#3074,#3075,#3076,#3077,#3078,
#3079,#3080,#3081,#3082,#3083,#3084,#3085,#3086,#3087,#3088,#3089,#3090,
#3091,#3092,#3093,#3094,#3095,#3096,#3097,#3098,#3099,#3100,#3101,#3102,
#3103,#3104,#3105,#3106,#3107,#3108,#3109,#3110,#3111,#3112),
 .UNSPECIFIED.,.F.,.F.,(4,1,1,1,1,1,1,1,1,1,1,1,1,1,1,1,1,1,1,1,1,1,1,1,
1,1,1,1,1,1,1,1,1,1,1,1,1,1,1,1,1,1,1,1,1,1,1,1,1,4),(0.0682314171641952,
0.0973491853778141,0.126466953591433,0.184702490018671,0.21382025823229,
0.228379142339099,0.242938026445909,0.250217468499313,0.257496910552718,
0.272055794659528,0.301173562873146,0.330291331086765,0.344850215193575,
0.359409099300384,0.366688541353789,0.373967983407194,0.381247425460598,
0.388526867514003,0.403085751620813,0.417644635727622,0.432203519834431,
0.446762403941241,0.47588017215486,0.504997940368479,0.534115708582098,
0.563233476795716,0.592351245009335,0.606910129116145,0.621469013222954,
0.625108734249657,0.628748455276359,0.636027897329764,0.650586781436573,
0.708822317863811,0.72338120197062,0.73794008607743,0.752498970184239,0.767057854291049,
0.796175622504668,0.825293390718287,0.854411158931906,0.86169060098531,
0.868970043038715,0.87624948509212,0.883528927145524,0.898087811252334,
0.912646695359143,0.941764463572762,0.970882231786381,1.),.UNSPECIFIED.);
#1287=B_SPLINE_CURVE_WITH_KNOTS('',3,(#3114,#3115,#3116,#3117,#3118,#3119),
 .UNSPECIFIED.,.F.,.F.,(4,1,1,4),(0.,0.317576574189964,0.673717748703001,
1.),.UNSPECIFIED.);
#1288=B_SPLINE_CURVE_WITH_KNOTS('',3,(#3129,#3130,#3131,#3132),
 .UNSPECIFIED.,.F.,.F.,(4,4),(0.,1.),.UNSPECIFIED.);
#1289=B_SPLINE_CURVE_WITH_KNOTS('',3,(#3135,#3136,#3137,#3138),
 .UNSPECIFIED.,.F.,.F.,(4,4),(0.,1.),.UNSPECIFIED.);
#1290=B_SPLINE_CURVE_WITH_KNOTS('',3,(#3143,#3144,#3145,#3146),
 .UNSPECIFIED.,.F.,.F.,(4,4),(0.,1.),.UNSPECIFIED.);
#1291=B_SPLINE_CURVE_WITH_KNOTS('',3,(#3149,#3150,#3151,#3152),
 .UNSPECIFIED.,.F.,.F.,(4,4),(0.,1.),.UNSPECIFIED.);
#1292=B_SPLINE_CURVE_WITH_KNOTS('',3,(#3155,#3156,#3157,#3158),
 .UNSPECIFIED.,.F.,.F.,(4,4),(0.,1.),.UNSPECIFIED.);
#1293=B_SPLINE_CURVE_WITH_KNOTS('',3,(#3160,#3161,#3162,#3163),
 .UNSPECIFIED.,.F.,.F.,(4,4),(0.,1.),.UNSPECIFIED.);
#1294=B_SPLINE_CURVE_WITH_KNOTS('',3,(#3383,#3384,#3385,#3386),
 .UNSPECIFIED.,.F.,.F.,(4,4),(0.,1.),.UNSPECIFIED.);
#1295=B_SPLINE_CURVE_WITH_KNOTS('',3,(#3426,#3427,#3428,#3429),
 .UNSPECIFIED.,.F.,.F.,(4,4),(0.,1.),.UNSPECIFIED.);
#1296=B_SPLINE_CURVE_WITH_KNOTS('',3,(#3458,#3459,#3460,#3461),
 .UNSPECIFIED.,.F.,.F.,(4,4),(0.,1.),.UNSPECIFIED.);
#1297=EDGE_LOOP('',(#386,#387,#388,#389,#390,#391));
#1298=EDGE_LOOP('',(#392,#393,#394,#395));
#1299=EDGE_LOOP('',(#396,#397,#398,#399));
#1300=EDGE_LOOP('',(#400,#401,#402,#403));
#1301=EDGE_LOOP('',(#404,#405,#406,#407));
#1302=EDGE_LOOP('',(#408,#409,#410,#411));
#1303=EDGE_LOOP('',(#412,#413,#414,#415,#416,#417));
#1304=EDGE_LOOP('',(#418,#419,#420,#421));
#1305=EDGE_LOOP('',(#422,#423,#424,#425,#426,#427));
#1306=EDGE_LOOP('',(#428,#429,#430,#431));
#1307=EDGE_LOOP('',(#432,#433,#434,#435));
#1308=EDGE_LOOP('',(#436,#437,#438,#439));
#1309=EDGE_LOOP('',(#440,#441,#442,#443));
#1310=EDGE_LOOP('',(#444,#445,#446,#447,#448,#449));
#1311=EDGE_LOOP('',(#450,#451,#452,#453,#454,#455));
#1312=EDGE_LOOP('',(#456,#457,#458,#459));
#1313=EDGE_LOOP('',(#460,#461,#462,#463));
#1314=EDGE_LOOP('',(#464,#465,#466,#467));
#1315=EDGE_LOOP('',(#468,#469,#470,#471));
#1316=EDGE_LOOP('',(#472,#473,#474,#475));
#1317=EDGE_LOOP('',(#476,#477,#478,#479));
#1318=EDGE_LOOP('',(#480,#481,#482,#483));
#1319=EDGE_LOOP('',(#484,#485,#486,#487));
#1320=EDGE_LOOP('',(#488,#489,#490,#491));
#1321=EDGE_LOOP('',(#492,#493,#494,#495));
#1322=EDGE_LOOP('',(#496,#497,#498,#499));
#1323=EDGE_LOOP('',(#500,#501,#502,#503));
#1324=EDGE_LOOP('',(#504,#505,#506,#507));
#1325=EDGE_LOOP('',(#508,#509,#510,#511));
#1326=EDGE_LOOP('',(#512,#513,#514,#515));
#1327=EDGE_LOOP('',(#516,#517,#518,#519));
#1328=EDGE_LOOP('',(#520,#521,#522,#523));
#1329=EDGE_LOOP('',(#524,#525,#526,#527));
#1330=EDGE_LOOP('',(#528,#529,#530,#531));
#1331=EDGE_LOOP('',(#532,#533,#534,#535,#536));
#1332=EDGE_LOOP('',(#537,#538,#539,#540));
#1333=EDGE_LOOP('',(#541,#542,#543,#544));
#1334=EDGE_LOOP('',(#545,#546,#547,#548,#549,#550,#551,#552,#553,#554,#555,
#556,#557,#558,#559,#560,#561,#562,#563,#564,#565,#566,#567,#568,#569,#570,
#571,#572,#573,#574,#575,#576,#577,#578,#579,#580,#581,#582,#583,#584,#585,
#586,#587,#588));
#1335=EDGE_LOOP('',(#589,#590,#591,#592));
#1336=EDGE_LOOP('',(#593,#594,#595,#596));
#1337=EDGE_LOOP('',(#597,#598,#599,#600,#601,#602,#603,#604,#605,#606,#607,
#608,#609,#610,#611,#612,#613,#614,#615,#616,#617,#618,#619));
#1338=EDGE_LOOP('',(#620,#621,#622,#623,#624,#625,#626));
#1339=EDGE_LOOP('',(#627,#628,#629,#630,#631,#632,#633,#634,#635,#636,#637,
#638,#639));
#1340=EDGE_LOOP('',(#640,#641,#642,#643,#644,#645,#646));
#1341=EDGE_LOOP('',(#647,#648,#649,#650,#651));
#1342=EDGE_LOOP('',(#652,#653,#654,#655));
#1343=EDGE_LOOP('',(#656,#657,#658,#659));
#1344=EDGE_LOOP('',(#660,#661,#662,#663));
#1345=EDGE_LOOP('',(#664,#665,#666,#667));
#1346=EDGE_LOOP('',(#668,#669,#670,#671));
#1347=EDGE_LOOP('',(#672,#673,#674,#675));
#1348=EDGE_LOOP('',(#676,#677,#678,#679));
#1349=EDGE_LOOP('',(#680,#681,#682,#683));
#1350=EDGE_LOOP('',(#684,#685,#686,#687));
#1351=EDGE_LOOP('',(#688,#689,#690,#691));
#1352=EDGE_LOOP('',(#692,#693,#694,#695));
#1353=EDGE_LOOP('',(#696,#697,#698,#699));
#1354=EDGE_LOOP('',(#700,#701,#702,#703));
#1355=EDGE_LOOP('',(#704,#705,#706,#707));
#1356=EDGE_LOOP('',(#708,#709,#710,#711));
#1357=EDGE_LOOP('',(#712,#713,#714,#715));
#1358=EDGE_LOOP('',(#716,#717,#718,#719));
#1359=EDGE_LOOP('',(#720,#721,#722,#723));
#1360=EDGE_LOOP('',(#724,#725,#726,#727));
#1361=EDGE_LOOP('',(#728,#729,#730,#731));
#1362=EDGE_LOOP('',(#732,#733,#734,#735));
#1363=EDGE_LOOP('',(#736,#737,#738,#739));
#1364=EDGE_LOOP('',(#740,#741,#742,#743,#744,#745));
#1365=EDGE_LOOP('',(#746,#747,#748,#749));
#1366=EDGE_LOOP('',(#750,#751,#752,#753));
#1367=EDGE_LOOP('',(#754,#755,#756,#757));
#1368=EDGE_LOOP('',(#758,#759,#760,#761));
#1369=EDGE_LOOP('',(#762,#763,#764,#765,#766,#767));
#1370=EDGE_LOOP('',(#768,#769,#770,#771));
#1371=EDGE_LOOP('',(#772,#773,#774,#775,#776,#777));
#1372=EDGE_LOOP('',(#778,#779,#780,#781));
#1373=EDGE_LOOP('',(#782,#783,#784,#785));
#1374=EDGE_LOOP('',(#786,#787,#788,#789));
#1375=EDGE_LOOP('',(#790,#791,#792,#793));
#1376=EDGE_LOOP('',(#794,#795,#796,#797));
#1377=EDGE_LOOP('',(#798,#799,#800,#801));
#1378=EDGE_LOOP('',(#802,#803,#804,#805));
#1379=EDGE_LOOP('',(#806,#807,#808,#809));
#1380=EDGE_LOOP('',(#810,#811,#812,#813));
#1381=EDGE_LOOP('',(#814,#815,#816,#817));
#1382=EDGE_LOOP('',(#818,#819,#820,#821));
#1383=EDGE_LOOP('',(#822,#823,#824,#825));
#1384=EDGE_LOOP('',(#826,#827,#828,#829));
#1385=EDGE_LOOP('',(#830,#831,#832,#833,#834,#835,#836,#837,#838,#839,#840,
#841,#842,#843,#844,#845,#846,#847));
#1386=FACE_BOUND('',#1297,.T.);
#1387=FACE_BOUND('',#1298,.T.);
#1388=FACE_BOUND('',#1299,.T.);
#1389=FACE_BOUND('',#1300,.T.);
#1390=FACE_BOUND('',#1301,.T.);
#1391=FACE_BOUND('',#1302,.T.);
#1392=FACE_BOUND('',#1303,.T.);
#1393=FACE_BOUND('',#1304,.T.);
#1394=FACE_BOUND('',#1305,.T.);
#1395=FACE_BOUND('',#1306,.T.);
#1396=FACE_BOUND('',#1307,.T.);
#1397=FACE_BOUND('',#1308,.T.);
#1398=FACE_BOUND('',#1309,.T.);
#1399=FACE_BOUND('',#1310,.T.);
#1400=FACE_BOUND('',#1311,.T.);
#1401=FACE_BOUND('',#1312,.T.);
#1402=FACE_BOUND('',#1313,.T.);
#1403=FACE_BOUND('',#1314,.T.);
#1404=FACE_BOUND('',#1315,.T.);
#1405=FACE_BOUND('',#1316,.T.);
#1406=FACE_BOUND('',#1317,.T.);
#1407=FACE_BOUND('',#1318,.T.);
#1408=FACE_BOUND('',#1319,.T.);
#1409=FACE_BOUND('',#1320,.T.);
#1410=FACE_BOUND('',#1321,.T.);
#1411=FACE_BOUND('',#1322,.T.);
#1412=FACE_BOUND('',#1323,.T.);
#1413=FACE_BOUND('',#1324,.T.);
#1414=FACE_BOUND('',#1325,.T.);
#1415=FACE_BOUND('',#1326,.T.);
#1416=FACE_BOUND('',#1327,.T.);
#1417=FACE_BOUND('',#1328,.T.);
#1418=FACE_BOUND('',#1329,.T.);
#1419=FACE_BOUND('',#1330,.T.);
#1420=FACE_BOUND('',#1331,.T.);
#1421=FACE_BOUND('',#1332,.T.);
#1422=FACE_BOUND('',#1333,.T.);
#1423=FACE_BOUND('',#1334,.T.);
#1424=FACE_BOUND('',#1335,.T.);
#1425=FACE_BOUND('',#1336,.T.);
#1426=FACE_BOUND('',#1337,.T.);
#1427=FACE_BOUND('',#1338,.T.);
#1428=FACE_BOUND('',#1339,.T.);
#1429=FACE_BOUND('',#1340,.T.);
#1430=FACE_BOUND('',#1341,.T.);
#1431=FACE_BOUND('',#1342,.T.);
#1432=FACE_BOUND('',#1343,.T.);
#1433=FACE_BOUND('',#1344,.T.);
#1434=FACE_BOUND('',#1345,.T.);
#1435=FACE_BOUND('',#1346,.T.);
#1436=FACE_BOUND('',#1347,.T.);
#1437=FACE_BOUND('',#1348,.T.);
#1438=FACE_BOUND('',#1349,.T.);
#1439=FACE_BOUND('',#1350,.T.);
#1440=FACE_BOUND('',#1351,.T.);
#1441=FACE_BOUND('',#1352,.T.);
#1442=FACE_BOUND('',#1353,.T.);
#1443=FACE_BOUND('',#1354,.T.);
#1444=FACE_BOUND('',#1355,.T.);
#1445=FACE_BOUND('',#1356,.T.);
#1446=FACE_BOUND('',#1357,.T.);
#1447=FACE_BOUND('',#1358,.T.);
#1448=FACE_BOUND('',#1359,.T.);
#1449=FACE_BOUND('',#1360,.T.);
#1450=FACE_BOUND('',#1361,.T.);
#1451=FACE_BOUND('',#1362,.T.);
#1452=FACE_BOUND('',#1363,.T.);
#1453=FACE_BOUND('',#1364,.T.);
#1454=FACE_BOUND('',#1365,.T.);
#1455=FACE_BOUND('',#1366,.T.);
#1456=FACE_BOUND('',#1367,.T.);
#1457=FACE_BOUND('',#1368,.T.);
#1458=FACE_BOUND('',#1369,.T.);
#1459=FACE_BOUND('',#1370,.T.);
#1460=FACE_BOUND('',#1371,.T.);
#1461=FACE_BOUND('',#1372,.T.);
#1462=FACE_BOUND('',#1373,.T.);
#1463=FACE_BOUND('',#1374,.T.);
#1464=FACE_BOUND('',#1375,.T.);
#1465=FACE_BOUND('',#1376,.T.);
#1466=FACE_BOUND('',#1377,.T.);
#1467=FACE_BOUND('',#1378,.T.);
#1468=FACE_BOUND('',#1379,.T.);
#1469=FACE_BOUND('',#1380,.T.);
#1470=FACE_BOUND('',#1381,.T.);
#1471=FACE_BOUND('',#1382,.T.);
#1472=FACE_BOUND('',#1383,.T.);
#1473=FACE_BOUND('',#1384,.T.);
#1474=FACE_BOUND('',#1385,.T.);
#1475=B_SPLINE_SURFACE_WITH_KNOTS('',3,1,((#1938,#1939),(#1940,#1941),(#1942,
#1943),(#1944,#1945),(#1946,#1947),(#1948,#1949),(#1950,#1951),(#1952,#1953),
(#1954,#1955),(#1956,#1957)),.SURF_OF_LINEAR_EXTRUSION.,.F.,.F.,.F.,(4,
1,1,1,1,1,1,4),(2,2),(0.,0.0625,0.125,0.25,0.375,0.5,0.75,1.),(0.,1.),
 .UNSPECIFIED.);
#1476=B_SPLINE_SURFACE_WITH_KNOTS('',3,1,((#2011,#2012),(#2013,#2014),(#2015,
#2016),(#2017,#2018),(#2019,#2020),(#2021,#2022),(#2023,#2024),(#2025,#2026),
(#2027,#2028)),.SURF_OF_LINEAR_EXTRUSION.,.F.,.F.,.F.,(4,1,1,1,1,1,4),(2,
2),(0.,0.25,0.375,0.5,0.625,0.75,1.),(0.,1.),.UNSPECIFIED.);
#1477=B_SPLINE_SURFACE_WITH_KNOTS('',3,1,((#2044,#2045),(#2046,#2047),(#2048,
#2049),(#2050,#2051),(#2052,#2053),(#2054,#2055),(#2056,#2057),(#2058,#2059),
(#2060,#2061)),.SURF_OF_LINEAR_EXTRUSION.,.F.,.F.,.F.,(4,1,1,1,1,1,4),(2,
2),(0.,0.25,0.5,0.625,0.75,0.875,1.),(0.,1.),.UNSPECIFIED.);
#1478=B_SPLINE_SURFACE_WITH_KNOTS('',3,1,((#2136,#2137),(#2138,#2139),(#2140,
#2141),(#2142,#2143),(#2144,#2145),(#2146,#2147),(#2148,#2149),(#2150,#2151),
(#2152,#2153),(#2154,#2155),(#2156,#2157),(#2158,#2159),(#2160,#2161),(#2162,
#2163),(#2164,#2165)),.SURF_OF_LINEAR_EXTRUSION.,.F.,.F.,.F.,(4,1,1,1,1,
1,1,1,1,1,1,1,4),(2,2),(0.,0.125,0.1875,0.25,0.375,0.5,0.5625,0.625,0.6875,
0.75,0.8125,0.875,1.),(0.,1.),.UNSPECIFIED.);
#1479=B_SPLINE_SURFACE_WITH_KNOTS('',3,1,((#2258,#2259),(#2260,#2261),(#2262,
#2263),(#2264,#2265),(#2266,#2267),(#2268,#2269),(#2270,#2271),(#2272,#2273),
(#2274,#2275),(#2276,#2277),(#2278,#2279),(#2280,#2281),(#2282,#2283),(#2284,
#2285),(#2286,#2287),(#2288,#2289),(#2290,#2291),(#2292,#2293),(#2294,#2295),
(#2296,#2297),(#2298,#2299),(#2300,#2301)),.SURF_OF_LINEAR_EXTRUSION.,.F.,
 .F.,.F.,(4,1,1,1,1,1,1,1,1,1,1,1,1,1,1,1,1,1,1,4),(2,2),(0.,0.0625,0.125,
0.1875,0.25,0.28125,0.3125,0.34375,0.375,0.40625,0.4375,0.46875,0.5,0.5625,
0.625,0.6875,0.75,0.875,0.9375,1.),(0.,1.),.UNSPECIFIED.);
#1480=B_SPLINE_SURFACE_WITH_KNOTS('',3,1,((#2384,#2385),(#2386,#2387),(#2388,
#2389),(#2390,#2391),(#2392,#2393),(#2394,#2395),(#2396,#2397),(#2398,#2399),
(#2400,#2401),(#2402,#2403)),.SURF_OF_LINEAR_EXTRUSION.,.F.,.F.,.F.,(4,
1,1,1,1,1,1,4),(2,2),(0.,0.0625,0.125,0.25,0.375,0.5,0.75,1.),(0.,1.),
 .UNSPECIFIED.);
#1481=B_SPLINE_SURFACE_WITH_KNOTS('',3,1,((#2451,#2452),(#2453,#2454),(#2455,
#2456),(#2457,#2458),(#2459,#2460),(#2461,#2462),(#2463,#2464),(#2465,#2466),
(#2467,#2468),(#2469,#2470),(#2471,#2472),(#2473,#2474),(#2475,#2476),(#2477,
#2478),(#2479,#2480),(#2481,#2482),(#2483,#2484),(#2485,#2486),(#2487,#2488),
(#2489,#2490),(#2491,#2492)),.SURF_OF_LINEAR_EXTRUSION.,.F.,.F.,.F.,(4,
1,1,1,1,1,1,1,1,1,1,1,1,1,1,1,1,1,4),(2,2),(0.,0.0625,0.125,0.25,0.375,
0.4375,0.5,0.53125,0.5625,0.578125,0.5859375,0.59375,0.609375,0.625,0.6875,
0.75,0.8125,0.875,1.),(0.,1.),.UNSPECIFIED.);
#1482=B_SPLINE_SURFACE_WITH_KNOTS('',3,1,((#2514,#2515),(#2516,#2517),(#2518,
#2519),(#2520,#2521),(#2522,#2523),(#2524,#2525),(#2526,#2527),(#2528,#2529),
(#2530,#2531),(#2532,#2533),(#2534,#2535),(#2536,#2537),(#2538,#2539),(#2540,
#2541),(#2542,#2543),(#2544,#2545),(#2546,#2547),(#2548,#2549),(#2550,#2551),
(#2552,#2553),(#2554,#2555),(#2556,#2557),(#2558,#2559),(#2560,#2561)),
 .SURF_OF_LINEAR_EXTRUSION.,.F.,.F.,.F.,(4,1,1,1,1,1,1,1,1,1,1,1,1,1,1,
1,1,1,1,1,1,4),(2,2),(0.,0.125,0.25,0.375,0.4375,0.5,0.5625,0.625,0.6875,
0.71875,0.75,0.78125,0.796875,0.8125,0.8203125,0.82421875,0.828125,0.8359375,
0.84375,0.875,0.9375,1.),(0.,1.),.UNSPECIFIED.);
#1483=B_SPLINE_SURFACE_WITH_KNOTS('',3,1,((#2595,#2596),(#2597,#2598),(#2599,
#2600),(#2601,#2602)),.SURF_OF_LINEAR_EXTRUSION.,.F.,.F.,.F.,(4,4),(2,2),
(0.,1.),(0.,1.),.PIECEWISE_BEZIER_KNOTS.);
#1484=B_SPLINE_SURFACE_WITH_KNOTS('',3,1,((#2623,#2624),(#2625,#2626),(#2627,
#2628),(#2629,#2630)),.SURF_OF_LINEAR_EXTRUSION.,.F.,.F.,.F.,(4,4),(2,2),
(0.,1.),(0.,1.),.PIECEWISE_BEZIER_KNOTS.);
#1485=B_SPLINE_SURFACE_WITH_KNOTS('',3,1,((#2642,#2643),(#2644,#2645),(#2646,
#2647),(#2648,#2649)),.SURF_OF_LINEAR_EXTRUSION.,.F.,.F.,.F.,(4,4),(2,2),
(0.,1.),(0.,1.),.PIECEWISE_BEZIER_KNOTS.);
#1486=B_SPLINE_SURFACE_WITH_KNOTS('',3,1,((#2670,#2671),(#2672,#2673),(#2674,
#2675),(#2676,#2677)),.SURF_OF_LINEAR_EXTRUSION.,.F.,.F.,.F.,(4,4),(2,2),
(0.,1.),(0.,1.),.PIECEWISE_BEZIER_KNOTS.);
#1487=B_SPLINE_SURFACE_WITH_KNOTS('',3,1,((#2689,#2690),(#2691,#2692),(#2693,
#2694),(#2695,#2696)),.SURF_OF_LINEAR_EXTRUSION.,.F.,.F.,.F.,(4,4),(2,2),
(0.,1.),(0.,1.),.PIECEWISE_BEZIER_KNOTS.);
#1488=B_SPLINE_SURFACE_WITH_KNOTS('',3,1,((#2717,#2718),(#2719,#2720),(#2721,
#2722),(#2723,#2724)),.SURF_OF_LINEAR_EXTRUSION.,.F.,.F.,.F.,(4,4),(2,2),
(0.,1.),(0.,1.),.PIECEWISE_BEZIER_KNOTS.);
#1489=B_SPLINE_SURFACE_WITH_KNOTS('',3,1,((#2736,#2737),(#2738,#2739),(#2740,
#2741),(#2742,#2743)),.SURF_OF_LINEAR_EXTRUSION.,.F.,.F.,.F.,(4,4),(2,2),
(0.,1.),(0.,1.),.PIECEWISE_BEZIER_KNOTS.);
#1490=B_SPLINE_SURFACE_WITH_KNOTS('',3,1,((#3171,#3172),(#3173,#3174),(#3175,
#3176),(#3177,#3178)),.SURF_OF_LINEAR_EXTRUSION.,.F.,.F.,.F.,(4,4),(2,2),
(0.,1.),(0.,1.),.PIECEWISE_BEZIER_KNOTS.);
#1491=B_SPLINE_SURFACE_WITH_KNOTS('',3,1,((#3181,#3182),(#3183,#3184),(#3185,
#3186),(#3187,#3188)),.SURF_OF_LINEAR_EXTRUSION.,.F.,.F.,.F.,(4,4),(2,2),
(0.,1.),(0.,1.),.PIECEWISE_BEZIER_KNOTS.);
#1492=B_SPLINE_SURFACE_WITH_KNOTS('',3,1,((#3192,#3193),(#3194,#3195),(#3196,
#3197),(#3198,#3199)),.SURF_OF_LINEAR_EXTRUSION.,.F.,.F.,.F.,(4,4),(2,2),
(0.,1.),(0.,1.),.PIECEWISE_BEZIER_KNOTS.);
#1493=B_SPLINE_SURFACE_WITH_KNOTS('',3,1,((#3200,#3201),(#3202,#3203),(#3204,
#3205),(#3206,#3207)),.SURF_OF_LINEAR_EXTRUSION.,.F.,.F.,.F.,(4,4),(2,2),
(0.,1.),(0.,1.),.PIECEWISE_BEZIER_KNOTS.);
#1494=B_SPLINE_SURFACE_WITH_KNOTS('',3,1,((#3211,#3212),(#3213,#3214),(#3215,
#3216),(#3217,#3218)),.SURF_OF_LINEAR_EXTRUSION.,.F.,.F.,.F.,(4,4),(2,2),
(0.,1.),(0.,1.),.PIECEWISE_BEZIER_KNOTS.);
#1495=B_SPLINE_SURFACE_WITH_KNOTS('',3,1,((#3219,#3220),(#3221,#3222),(#3223,
#3224),(#3225,#3226)),.SURF_OF_LINEAR_EXTRUSION.,.F.,.F.,.F.,(4,4),(2,2),
(0.,1.),(0.,1.),.PIECEWISE_BEZIER_KNOTS.);
#1496=B_SPLINE_SURFACE_WITH_KNOTS('',3,1,((#3227,#3228),(#3229,#3230),(#3231,
#3232),(#3233,#3234)),.SURF_OF_LINEAR_EXTRUSION.,.F.,.F.,.F.,(4,4),(2,2),
(0.,1.),(0.,1.),.PIECEWISE_BEZIER_KNOTS.);
#1497=B_SPLINE_SURFACE_WITH_KNOTS('',3,1,((#3238,#3239),(#3240,#3241),(#3242,
#3243),(#3244,#3245),(#3246,#3247),(#3248,#3249),(#3250,#3251),(#3252,#3253),
(#3254,#3255),(#3256,#3257),(#3258,#3259),(#3260,#3261),(#3262,#3263),(#3264,
#3265),(#3266,#3267),(#3268,#3269),(#3270,#3271),(#3272,#3273),(#3274,#3275),
(#3276,#3277),(#3278,#3279),(#3280,#3281),(#3282,#3283),(#3284,#3285)),
 .SURF_OF_LINEAR_EXTRUSION.,.F.,.F.,.F.,(4,1,1,1,1,1,1,1,1,1,1,1,1,1,1,
1,1,1,1,1,1,4),(2,2),(0.,0.125,0.25,0.375,0.4375,0.5,0.5625,0.625,0.6875,
0.71875,0.75,0.78125,0.796875,0.8125,0.8203125,0.82421875,0.828125,0.8359375,
0.84375,0.875,0.9375,1.),(0.,1.),.UNSPECIFIED.);
#1498=B_SPLINE_SURFACE_WITH_KNOTS('',3,1,((#3287,#3288),(#3289,#3290),(#3291,
#3292),(#3293,#3294),(#3295,#3296),(#3297,#3298),(#3299,#3300),(#3301,#3302),
(#3303,#3304),(#3305,#3306),(#3307,#3308),(#3309,#3310),(#3311,#3312),(#3313,
#3314),(#3315,#3316),(#3317,#3318),(#3319,#3320),(#3321,#3322),(#3323,#3324),
(#3325,#3326),(#3327,#3328)),.SURF_OF_LINEAR_EXTRUSION.,.F.,.F.,.F.,(4,
1,1,1,1,1,1,1,1,1,1,1,1,1,1,1,1,1,4),(2,2),(0.,0.0625,0.125,0.25,0.375,
0.4375,0.5,0.53125,0.5625,0.578125,0.5859375,0.59375,0.609375,0.625,0.6875,
0.75,0.8125,0.875,1.),(0.,1.),.UNSPECIFIED.);
#1499=B_SPLINE_SURFACE_WITH_KNOTS('',3,1,((#3337,#3338),(#3339,#3340),(#3341,
#3342),(#3343,#3344),(#3345,#3346),(#3347,#3348),(#3349,#3350),(#3351,#3352),
(#3353,#3354),(#3355,#3356),(#3357,#3358),(#3359,#3360),(#3361,#3362),(#3363,
#3364),(#3365,#3366),(#3367,#3368),(#3369,#3370),(#3371,#3372),(#3373,#3374),
(#3375,#3376),(#3377,#3378),(#3379,#3380)),.SURF_OF_LINEAR_EXTRUSION.,.F.,
 .F.,.F.,(4,1,1,1,1,1,1,1,1,1,1,1,1,1,1,1,1,1,1,4),(2,2),(0.,0.0625,0.125,
0.1875,0.25,0.28125,0.3125,0.34375,0.375,0.40625,0.4375,0.46875,0.5,0.5625,
0.625,0.6875,0.75,0.875,0.9375,1.),(0.,1.),.UNSPECIFIED.);
#1500=B_SPLINE_SURFACE_WITH_KNOTS('',3,1,((#3396,#3397),(#3398,#3399),(#3400,
#3401),(#3402,#3403),(#3404,#3405),(#3406,#3407),(#3408,#3409),(#3410,#3411),
(#3412,#3413),(#3414,#3415),(#3416,#3417),(#3418,#3419),(#3420,#3421),(#3422,
#3423),(#3424,#3425)),.SURF_OF_LINEAR_EXTRUSION.,.F.,.F.,.F.,(4,1,1,1,1,
1,1,1,1,1,1,1,4),(2,2),(0.,0.125,0.1875,0.25,0.375,0.5,0.5625,0.625,0.6875,
0.75,0.8125,0.875,1.),(0.,1.),.UNSPECIFIED.);
#1501=B_SPLINE_SURFACE_WITH_KNOTS('',3,1,((#3438,#3439),(#3440,#3441),(#3442,
#3443),(#3444,#3445),(#3446,#3447),(#3448,#3449),(#3450,#3451),(#3452,#3453),
(#3454,#3455)),.SURF_OF_LINEAR_EXTRUSION.,.F.,.F.,.F.,(4,1,1,1,1,1,4),(2,
2),(0.,0.25,0.5,0.625,0.75,0.875,1.),(0.,1.),.UNSPECIFIED.);
#1502=B_SPLINE_SURFACE_WITH_KNOTS('',3,1,((#3463,#3464),(#3465,#3466),(#3467,
#3468),(#3469,#3470),(#3471,#3472),(#3473,#3474),(#3475,#3476),(#3477,#3478),
(#3479,#3480)),.SURF_OF_LINEAR_EXTRUSION.,.F.,.F.,.F.,(4,1,1,1,1,1,4),(2,
2),(0.,0.25,0.375,0.5,0.625,0.75,1.),(0.,1.),.UNSPECIFIED.);
#1503=ADVANCED_FACE('',(#1386),#1475,.F.);
#1504=ADVANCED_FACE('',(#1387),#76,.F.);
#1505=ADVANCED_FACE('',(#1388),#77,.F.);
#1506=ADVANCED_FACE('',(#1389),#20,.T.);
#1507=ADVANCED_FACE('',(#1390),#78,.F.);
#1508=ADVANCED_FACE('',(#1391),#1476,.T.);
#1509=ADVANCED_FACE('',(#1392),#1477,.T.);
#1510=ADVANCED_FACE('',(#1393),#21,.T.);
#1511=ADVANCED_FACE('',(#1394),#1478,.T.);
#1512=ADVANCED_FACE('',(#1395),#22,.T.);
#1513=ADVANCED_FACE('',(#1396),#23,.T.);
#1514=ADVANCED_FACE('',(#1397),#24,.T.);
#1515=ADVANCED_FACE('',(#1398),#25,.T.);
#1516=ADVANCED_FACE('',(#1399),#1479,.T.);
#1517=ADVANCED_FACE('',(#1400),#1480,.T.);
#1518=ADVANCED_FACE('',(#1401),#26,.T.);
#1519=ADVANCED_FACE('',(#1402),#27,.T.);
#1520=ADVANCED_FACE('',(#1403),#28,.T.);
#1521=ADVANCED_FACE('',(#1404),#29,.T.);
#1522=ADVANCED_FACE('',(#1405),#1481,.T.);
#1523=ADVANCED_FACE('',(#1406),#1482,.T.);
#1524=ADVANCED_FACE('',(#1407),#30,.T.);
#1525=ADVANCED_FACE('',(#1408),#1483,.T.);
#1526=ADVANCED_FACE('',(#1409),#31,.T.);
#1527=ADVANCED_FACE('',(#1410),#1484,.T.);
#1528=ADVANCED_FACE('',(#1411),#1485,.T.);
#1529=ADVANCED_FACE('',(#1412),#32,.T.);
#1530=ADVANCED_FACE('',(#1413),#1486,.T.);
#1531=ADVANCED_FACE('',(#1414),#1487,.T.);
#1532=ADVANCED_FACE('',(#1415),#33,.T.);
#1533=ADVANCED_FACE('',(#1416),#1488,.T.);
#1534=ADVANCED_FACE('',(#1417),#1489,.T.);
#1535=ADVANCED_FACE('',(#1418),#34,.T.);
#1536=ADVANCED_FACE('',(#1419),#79,.T.);
#1537=ADVANCED_FACE('',(#1420,#1421,#1422,#1423,#1424,#1425),#35,.T.);
#1538=ADVANCED_FACE('',(#1426,#1427,#1428,#1429,#1430,#1431,#1432,#1433,
#1434),#36,.F.);
#1539=ADVANCED_FACE('',(#1435),#80,.T.);
#1540=ADVANCED_FACE('',(#1436),#37,.T.);
#1541=ADVANCED_FACE('',(#1437),#1490,.F.);
#1542=ADVANCED_FACE('',(#1438),#1491,.F.);
#1543=ADVANCED_FACE('',(#1439),#38,.T.);
#1544=ADVANCED_FACE('',(#1440),#1492,.F.);
#1545=ADVANCED_FACE('',(#1441),#1493,.F.);
#1546=ADVANCED_FACE('',(#1442),#39,.T.);
#1547=ADVANCED_FACE('',(#1443),#1494,.F.);
#1548=ADVANCED_FACE('',(#1444),#1495,.F.);
#1549=ADVANCED_FACE('',(#1445),#1496,.F.);
#1550=ADVANCED_FACE('',(#1446),#40,.T.);
#1551=ADVANCED_FACE('',(#1447),#1497,.F.);
#1552=ADVANCED_FACE('',(#1448),#1498,.F.);
#1553=ADVANCED_FACE('',(#1449),#41,.T.);
#1554=ADVANCED_FACE('',(#1450),#42,.T.);
#1555=ADVANCED_FACE('',(#1451),#43,.T.);
#1556=ADVANCED_FACE('',(#1452),#44,.T.);
#1557=ADVANCED_FACE('',(#1453),#1499,.F.);
#1558=ADVANCED_FACE('',(#1454),#45,.T.);
#1559=ADVANCED_FACE('',(#1455),#46,.T.);
#1560=ADVANCED_FACE('',(#1456),#47,.T.);
#1561=ADVANCED_FACE('',(#1457),#48,.T.);
#1562=ADVANCED_FACE('',(#1458),#1500,.F.);
#1563=ADVANCED_FACE('',(#1459),#49,.T.);
#1564=ADVANCED_FACE('',(#1460),#1501,.F.);
#1565=ADVANCED_FACE('',(#1461),#1502,.F.);
#1566=ADVANCED_FACE('',(#1462),#81,.F.);
#1567=ADVANCED_FACE('',(#1463),#50,.T.);
#1568=ADVANCED_FACE('',(#1464),#82,.F.);
#1569=ADVANCED_FACE('',(#1465),#83,.F.);
#1570=ADVANCED_FACE('',(#1466),#51,.F.);
#1571=ADVANCED_FACE('',(#1467),#52,.F.);
#1572=ADVANCED_FACE('',(#1468),#53,.F.);
#1573=ADVANCED_FACE('',(#1469),#54,.F.);
#1574=ADVANCED_FACE('',(#1470),#55,.F.);
#1575=ADVANCED_FACE('',(#1471),#56,.F.);
#1576=ADVANCED_FACE('',(#1472),#57,.F.);
#1577=ADVANCED_FACE('',(#1473),#58,.F.);
#1578=ADVANCED_FACE('',(#1474),#59,.T.);
#1579=CLOSED_SHELL('',(#1503,#1504,#1505,#1506,#1507,#1508,#1509,#1510,
#1511,#1512,#1513,#1514,#1515,#1516,#1517,#1518,#1519,#1520,#1521,#1522,
#1523,#1524,#1525,#1526,#1527,#1528,#1529,#1530,#1531,#1532,#1533,#1534,
#1535,#1536,#1537,#1538,#1539,#1540,#1541,#1542,#1543,#1544,#1545,#1546,
#1547,#1548,#1549,#1550,#1551,#1552,#1553,#1554,#1555,#1556,#1557,#1558,
#1559,#1560,#1561,#1562,#1563,#1564,#1565,#1566,#1567,#1568,#1569,#1570,
#1571,#1572,#1573,#1574,#1575,#1576,#1577,#1578));
#1580=STYLED_ITEM('',(#1581),#1588);
#1581=PRESENTATION_STYLE_ASSIGNMENT((#1582));
#1582=SURFACE_STYLE_USAGE(.BOTH.,#1583);
#1583=SURFACE_SIDE_STYLE('',(#1584));
#1584=SURFACE_STYLE_FILL_AREA(#1585);
#1585=FILL_AREA_STYLE('',(#1586));
#1586=FILL_AREA_STYLE_COLOUR('',#1587);
#1587=COLOUR_RGB('',0.506983280181885,0.531564235687256,0.550000011920929);
#1588=MANIFOLD_SOLID_BREP('',#1579);
#1589=SHAPE_DEFINITION_REPRESENTATION(#3520,#1590);
#1590=SHAPE_REPRESENTATION('Part1',(#1591),#3515);
#1591=AXIS2_PLACEMENT_3D('',#1937,#1656,#1657);
#1592=AXIS2_PLACEMENT_3D('',#1984,#1661,#1662);
#1593=AXIS2_PLACEMENT_3D('',#1985,#1663,#1664);
#1594=AXIS2_PLACEMENT_3D('',#1990,#1666,#1667);
#1595=AXIS2_PLACEMENT_3D('',#1993,#1669,#1670);
#1596=AXIS2_PLACEMENT_3D('',#1994,#1671,#1672);
#1597=AXIS2_PLACEMENT_3D('',#1996,#1673,#1674);
#1598=AXIS2_PLACEMENT_3D('',#1999,#1676,#1677);
#1599=AXIS2_PLACEMENT_3D('',#2005,#1681,#1682);
#1600=AXIS2_PLACEMENT_3D('',#2006,#1683,#1684);
#1601=AXIS2_PLACEMENT_3D('',#2008,#1685,#1686);
#1602=AXIS2_PLACEMENT_3D('',#2130,#1691,#1692);
#1603=AXIS2_PLACEMENT_3D('',#2234,#1698,#1699);
#1604=AXIS2_PLACEMENT_3D('',#2240,#1703,#1704);
#1605=AXIS2_PLACEMENT_3D('',#2246,#1708,#1709);
#1606=AXIS2_PLACEMENT_3D('',#2252,#1713,#1714);
#1607=AXIS2_PLACEMENT_3D('',#2427,#1722,#1723);
#1608=AXIS2_PLACEMENT_3D('',#2433,#1727,#1728);
#1609=AXIS2_PLACEMENT_3D('',#2439,#1732,#1733);
#1610=AXIS2_PLACEMENT_3D('',#2445,#1737,#1738);
#1611=AXIS2_PLACEMENT_3D('',#2589,#1744,#1745);
#1612=AXIS2_PLACEMENT_3D('',#2614,#1750,#1751);
#1613=AXIS2_PLACEMENT_3D('',#2664,#1759,#1760);
#1614=AXIS2_PLACEMENT_3D('',#2711,#1767,#1768);
#1615=AXIS2_PLACEMENT_3D('',#2752,#1773,#1774);
#1616=AXIS2_PLACEMENT_3D('',#2755,#1777,#1778);
#1617=AXIS2_PLACEMENT_3D('',#2756,#1779,#1780);
#1618=AXIS2_PLACEMENT_3D('',#2758,#1781,#1782);
#1619=AXIS2_PLACEMENT_3D('',#2761,#1784,#1785);
#1620=AXIS2_PLACEMENT_3D('',#2767,#1786,#1787);
#1621=AXIS2_PLACEMENT_3D('',#2768,#1788,#1789);
#1622=AXIS2_PLACEMENT_3D('',#2770,#1790,#1791);
#1623=AXIS2_PLACEMENT_3D('',#2774,#1793,#1794);
#1624=AXIS2_PLACEMENT_3D('',#2892,#1808,#1809);
#1625=AXIS2_PLACEMENT_3D('',#3121,#1826,#1827);
#1626=AXIS2_PLACEMENT_3D('',#3125,#1829,#1830);
#1627=AXIS2_PLACEMENT_3D('',#3127,#1831,#1832);
#1628=AXIS2_PLACEMENT_3D('',#3134,#1834,#1835);
#1629=AXIS2_PLACEMENT_3D('',#3166,#1839,#1840);
#1630=AXIS2_PLACEMENT_3D('',#3168,#1842,#1843);
#1631=AXIS2_PLACEMENT_3D('',#3190,#1849,#1850);
#1632=AXIS2_PLACEMENT_3D('',#3209,#1853,#1854);
#1633=AXIS2_PLACEMENT_3D('',#3236,#1857,#1858);
#1634=AXIS2_PLACEMENT_3D('',#3330,#1862,#1863);
#1635=AXIS2_PLACEMENT_3D('',#3332,#1865,#1866);
#1636=AXIS2_PLACEMENT_3D('',#3334,#1868,#1869);
#1637=AXIS2_PLACEMENT_3D('',#3336,#1871,#1872);
#1638=AXIS2_PLACEMENT_3D('',#3388,#1875,#1876);
#1639=AXIS2_PLACEMENT_3D('',#3390,#1878,#1879);
#1640=AXIS2_PLACEMENT_3D('',#3392,#1881,#1882);
#1641=AXIS2_PLACEMENT_3D('',#3394,#1884,#1885);
#1642=AXIS2_PLACEMENT_3D('',#3434,#1889,#1890);
#1643=AXIS2_PLACEMENT_3D('',#3482,#1896,#1897);
#1644=AXIS2_PLACEMENT_3D('',#3484,#1899,#1900);
#1645=AXIS2_PLACEMENT_3D('',#3486,#1902,#1903);
#1646=AXIS2_PLACEMENT_3D('',#3488,#1905,#1906);
#1647=AXIS2_PLACEMENT_3D('',#3489,#1907,#1908);
#1648=AXIS2_PLACEMENT_3D('',#3491,#1910,#1911);
#1649=AXIS2_PLACEMENT_3D('',#3493,#1913,#1914);
#1650=AXIS2_PLACEMENT_3D('',#3497,#1917,#1918);
#1651=AXIS2_PLACEMENT_3D('',#3501,#1921,#1922);
#1652=AXIS2_PLACEMENT_3D('',#3505,#1925,#1926);
#1653=AXIS2_PLACEMENT_3D('',#3509,#1929,#1930);
#1654=AXIS2_PLACEMENT_3D('',#3511,#1932,#1933);
#1655=AXIS2_PLACEMENT_3D('',#3513,#1935,#1936);
#1656=DIRECTION('',(0.,0.,1.));
#1657=DIRECTION('',(1.,0.,0.));
#1658=DIRECTION('',(-1.,0.,0.));
#1659=DIRECTION('',(-1.,0.,0.));
#1660=DIRECTION('',(-1.,0.,0.));
#1661=DIRECTION('',(-1.,0.,0.));
#1662=DIRECTION('',(0.,0.,1.));
#1663=DIRECTION('',(1.,-6.12303176911189E-17,0.));
#1664=DIRECTION('',(6.12303176911189E-17,1.,0.));
#1665=DIRECTION('',(-1.,0.,0.));
#1666=DIRECTION('',(1.,-6.12303176911189E-17,0.));
#1667=DIRECTION('',(6.12303176911189E-17,1.,0.));
#1668=DIRECTION('',(-1.,0.,0.));
#1669=DIRECTION('',(-1.,0.,0.));
#1670=DIRECTION('',(0.,0.,1.));
#1671=DIRECTION('',(1.,-6.12303176911189E-17,0.));
#1672=DIRECTION('',(6.12303176911189E-17,1.,0.));
#1673=DIRECTION('',(1.,-6.12303176911189E-17,0.));
#1674=DIRECTION('',(6.12303176911189E-17,1.,0.));
#1675=DIRECTION('',(-1.,0.,0.));
#1676=DIRECTION('',(0.,1.,0.));
#1677=DIRECTION('',(0.,0.,1.));
#1678=DIRECTION('',(0.,0.,-1.));
#1679=DIRECTION('',(0.,0.,-1.));
#1680=DIRECTION('',(-1.,0.,0.));
#1681=DIRECTION('',(-1.,0.,0.));
#1682=DIRECTION('',(0.,0.,1.));
#1683=DIRECTION('',(1.,-6.12303176911189E-17,0.));
#1684=DIRECTION('',(6.12303176911189E-17,1.,0.));
#1685=DIRECTION('',(1.,-6.12303176911189E-17,0.));
#1686=DIRECTION('',(6.12303176911189E-17,1.,0.));
#1687=DIRECTION('',(-1.,0.,0.));
#1688=DIRECTION('',(-1.,0.,0.));
#1689=DIRECTION('',(-1.,0.,0.));
#1690=DIRECTION('',(-1.,0.,0.));
#1691=DIRECTION('',(0.,-0.175033334717502,-0.984562507785905));
#1692=DIRECTION('',(0.,0.984562507785905,-0.175033334717502));
#1693=DIRECTION('',(-6.02850751384957E-17,-0.984562507785905,0.175033334717502));
#1694=DIRECTION('',(-6.02850751384957E-17,-0.984562507785905,0.175033334717502));
#1695=DIRECTION('',(-1.,0.,0.));
#1696=DIRECTION('',(-1.,0.,0.));
#1697=DIRECTION('',(-1.,0.,0.));
#1698=DIRECTION('',(0.,-1.,0.));
#1699=DIRECTION('',(0.,0.,-1.));
#1700=DIRECTION('',(0.,0.,1.));
#1701=DIRECTION('',(0.,0.,1.));
#1702=DIRECTION('',(-1.,0.,0.));
#1703=DIRECTION('',(0.,0.322025653241419,-0.946730943116595));
#1704=DIRECTION('',(0.,0.946730943116595,0.322025653241419));
#1705=DIRECTION('',(-5.79686364150417E-17,-0.946730943116595,-0.322025653241419));
#1706=DIRECTION('',(-5.79686364150417E-17,-0.946730943116595,-0.322025653241419));
#1707=DIRECTION('',(-1.,0.,0.));
#1708=DIRECTION('',(0.,0.999757606545931,0.0220165427247663));
#1709=DIRECTION('',(0.,-0.0220165427247663,0.999757606545931));
#1710=DIRECTION('',(1.34807990549753E-18,0.0220165427247663,-0.999757606545931));
#1711=DIRECTION('',(1.34807990549753E-18,0.0220165427247663,-0.999757606545931));
#1712=DIRECTION('',(-1.,0.,0.));
#1713=DIRECTION('',(0.,0.292392390744118,0.956298431366976));
#1714=DIRECTION('',(0.,-0.956298431366976,0.292392390744118));
#1715=DIRECTION('',(5.85544567601186E-17,0.956298431366976,-0.292392390744118));
#1716=DIRECTION('',(5.85544567601186E-17,0.956298431366976,-0.292392390744118));
#1717=DIRECTION('',(-1.,0.,0.));
#1718=DIRECTION('',(-1.,0.,0.));
#1719=DIRECTION('',(-1.,0.,0.));
#1720=DIRECTION('',(-1.,0.,0.));
#1721=DIRECTION('',(-1.,0.,0.));
#1722=DIRECTION('',(0.,-0.431092658802731,-0.90230766345321));
#1723=DIRECTION('',(0.,0.90230766345321,-0.431092658802731));
#1724=DIRECTION('',(-5.52485848883712E-17,-0.90230766345321,0.431092658802731));
#1725=DIRECTION('',(-5.52485848883712E-17,-0.90230766345321,0.431092658802731));
#1726=DIRECTION('',(-1.,0.,0.));
#1727=DIRECTION('',(0.,-0.483077342911335,-0.875577684026794));
#1728=DIRECTION('',(0.,0.875577684026794,-0.483077342911335));
#1729=DIRECTION('',(-5.36118997562147E-17,-0.875577684026794,0.483077342911335));
#1730=DIRECTION('',(-5.36118997562147E-17,-0.875577684026794,0.483077342911335));
#1731=DIRECTION('',(-1.,0.,0.));
#1732=DIRECTION('',(0.,-0.999766916320484,-0.0215896510168881));
#1733=DIRECTION('',(0.,0.0215896510168881,-0.999766916320484));
#1734=DIRECTION('',(-1.32194119060444E-18,-0.0215896510168881,0.999766916320484));
#1735=DIRECTION('',(-1.32194119060444E-18,-0.0215896510168881,0.999766916320484));
#1736=DIRECTION('',(-1.,0.,0.));
#1737=DIRECTION('',(0.,0.,-1.));
#1738=DIRECTION('',(-1.,0.,0.));
#1739=DIRECTION('',(-6.12303176911189E-17,-1.,0.));
#1740=DIRECTION('',(-6.12303176911189E-17,-1.,0.));
#1741=DIRECTION('',(-1.,0.,0.));
#1742=DIRECTION('',(-1.,0.,0.));
#1743=DIRECTION('',(-1.,0.,0.));
#1744=DIRECTION('',(0.,-0.996179442949279,0.0873299344169181));
#1745=DIRECTION('',(0.,-0.0873299344169181,-0.99617944294928));
#1746=DIRECTION('',(5.34723962829247E-18,0.0873299344169181,0.99617944294928));
#1747=DIRECTION('',(5.34723962829247E-18,0.0873299344169181,0.99617944294928));
#1748=DIRECTION('',(-1.,0.,0.));
#1749=DIRECTION('',(-1.,0.,0.));
#1750=DIRECTION('',(0.,0.,-1.));
#1751=DIRECTION('',(-1.,0.,0.));
#1752=DIRECTION('',(-6.12303176911189E-17,-1.,0.));
#1753=DIRECTION('',(-1.,0.,0.));
#1754=DIRECTION('',(-6.12303176911189E-17,-1.,0.));
#1755=DIRECTION('',(-1.,0.,0.));
#1756=DIRECTION('',(-1.,0.,0.));
#1757=DIRECTION('',(-1.,0.,0.));
#1758=DIRECTION('',(-1.,0.,0.));
#1759=DIRECTION('',(0.,1.,5.28844633522423E-15));
#1760=DIRECTION('',(0.,-5.28844633522423E-15,1.));
#1761=DIRECTION('',(3.23813249198213E-31,5.28844633522423E-15,-1.));
#1762=DIRECTION('',(3.23813249198213E-31,5.28844633522423E-15,-1.));
#1763=DIRECTION('',(-1.,0.,0.));
#1764=DIRECTION('',(-1.,0.,0.));
#1765=DIRECTION('',(-1.,0.,0.));
#1766=DIRECTION('',(-1.,0.,0.));
#1767=DIRECTION('',(0.,0.,1.));
#1768=DIRECTION('',(1.,0.,0.));
#1769=DIRECTION('',(6.12303176911189E-17,1.,0.));
#1770=DIRECTION('',(6.12303176911189E-17,1.,0.));
#1771=DIRECTION('',(-1.,0.,0.));
#1772=DIRECTION('',(-1.,0.,0.));
#1773=DIRECTION('',(0.,0.,-1.));
#1774=DIRECTION('',(-1.,0.,0.));
#1775=DIRECTION('',(-6.12303176911189E-17,-1.,0.));
#1776=DIRECTION('',(-6.12303176911189E-17,-1.,0.));
#1777=DIRECTION('',(-1.,0.,0.));
#1778=DIRECTION('',(0.,0.,1.));
#1779=DIRECTION('',(-1.,6.12303176911189E-17,0.));
#1780=DIRECTION('',(6.12303176911189E-17,1.,0.));
#1781=DIRECTION('',(-1.,6.12303176911189E-17,0.));
#1782=DIRECTION('',(6.12303176911189E-17,1.,0.));
#1783=DIRECTION('',(-1.,0.,0.));
#1784=DIRECTION('',(1.,-6.12303176911189E-17,0.));
#1785=DIRECTION('',(6.12303176911189E-17,1.,0.));
#1786=DIRECTION('',(1.,6.12303176911189E-17,5.9162311392653E-32));
#1787=DIRECTION('',(6.12303176911189E-17,-1.,-9.66225778724552E-16));
#1788=DIRECTION('',(-1.,-6.12303176911189E-17,-5.9162311392653E-32));
#1789=DIRECTION('',(6.12303176911189E-17,-1.,-9.66225778724552E-16));
#1790=DIRECTION('',(-1.,-6.12303176911189E-17,-5.9162311392653E-32));
#1791=DIRECTION('',(6.12303176911189E-17,-1.,-9.66225778724552E-16));
#1792=DIRECTION('',(0.,9.66225778724552E-16,-1.));
#1793=DIRECTION('',(-1.,-6.12303176911189E-17,-5.9162311392653E-32));
#1794=DIRECTION('',(6.12303176911189E-17,-1.,-9.66225778724552E-16));
#1795=DIRECTION('',(-6.02850751384957E-17,0.984562507785905,0.175033334717503));
#1796=DIRECTION('',(0.,-9.66225778724552E-16,1.));
#1797=DIRECTION('',(-5.79686364150417E-17,0.946730943116595,-0.322025653241418));
#1798=DIRECTION('',(1.34807990549753E-18,-0.0220165427247653,-0.999757606545931));
#1799=DIRECTION('',(5.85544567601186E-17,-0.956298431366976,-0.292392390744119));
#1800=DIRECTION('',(-5.52485848883712E-17,0.90230766345321,0.431092658802732));
#1801=DIRECTION('',(-5.36118997562147E-17,0.875577684026794,0.483077342911336));
#1802=DIRECTION('',(-1.32194119060444E-18,0.0215896510168871,0.999766916320484));
#1803=DIRECTION('',(-6.12303176911189E-17,1.,9.66225778724552E-16));
#1804=DIRECTION('',(5.34723962829247E-18,-0.087329934416919,0.996179442949279));
#1805=DIRECTION('',(6.12303176911189E-17,-1.,-9.66225778724552E-16));
#1806=DIRECTION('',(-6.12303176911189E-17,1.,9.66225778724552E-16));
#1807=DIRECTION('',(3.23813249198213E-31,-4.32222055649967E-15,-1.));
#1808=DIRECTION('',(1.,-6.12303176911189E-17,0.));
#1809=DIRECTION('',(6.12303176911189E-17,1.,0.));
#1810=DIRECTION('',(-6.12303176911189E-17,-1.,0.));
#1811=DIRECTION('',(0.,0.,1.));
#1812=DIRECTION('',(6.12303176911189E-17,1.,0.));
#1813=DIRECTION('',(0.,0.,-1.));
#1814=DIRECTION('',(-6.12303176911189E-17,-1.,0.));
#1815=DIRECTION('',(5.34723962829247E-18,-0.087329934416919,0.996179442949279));
#1816=DIRECTION('',(-6.12303176911189E-17,1.,9.66225778724552E-16));
#1817=DIRECTION('',(-1.32194119060444E-18,0.0215896510168871,0.999766916320484));
#1818=DIRECTION('',(-5.36118997562147E-17,0.875577684026794,0.483077342911336));
#1819=DIRECTION('',(-5.52485848883712E-17,0.90230766345321,0.431092658802732));
#1820=DIRECTION('',(-6.12303176911189E-17,-1.,0.));
#1821=DIRECTION('',(5.85544567601186E-17,-0.956298431366976,-0.292392390744119));
#1822=DIRECTION('',(1.34807990549753E-18,-0.0220165427247653,-0.999757606545931));
#1823=DIRECTION('',(-5.79686364150417E-17,0.946730943116595,-0.322025653241418));
#1824=DIRECTION('',(0.,-9.66225778724552E-16,1.));
#1825=DIRECTION('',(-6.12303176911189E-17,-1.,-1.71268291984615E-11));
#1826=DIRECTION('',(-1.,-6.12303176911189E-17,-5.9162311392653E-32));
#1827=DIRECTION('',(6.12303176911189E-17,-1.,-9.66225778724552E-16));
#1828=DIRECTION('',(0.,9.66225778724552E-16,-1.));
#1829=DIRECTION('',(-1.,-6.12303176911189E-17,-5.9162311392653E-32));
#1830=DIRECTION('',(6.12303176911189E-17,-1.,-9.66225778724552E-16));
#1831=DIRECTION('',(-1.,-6.12303176911189E-17,-5.9162311392653E-32));
#1832=DIRECTION('',(6.12303176911189E-17,-1.,-9.66225778724552E-16));
#1833=DIRECTION('',(-6.12303176911189E-17,-1.,0.));
#1834=DIRECTION('',(1.,6.12303176911189E-17,5.9162311392653E-32));
#1835=DIRECTION('',(6.12303176911189E-17,-1.,-9.66225778724552E-16));
#1836=DIRECTION('',(-6.12303176911189E-17,1.,9.66225778724552E-16));
#1837=DIRECTION('',(6.12303176911189E-17,-1.,-9.66225778724552E-16));
#1838=DIRECTION('',(3.23813249198213E-31,-4.32222055649967E-15,-1.));
#1839=DIRECTION('',(-1.,0.,0.));
#1840=DIRECTION('',(0.,-9.66225778724552E-16,1.));
#1841=DIRECTION('',(-1.,0.,0.));
#1842=DIRECTION('',(0.,9.66225778724552E-16,-1.));
#1843=DIRECTION('',(-1.,0.,0.));
#1844=DIRECTION('',(-1.,0.,0.));
#1845=DIRECTION('',(-1.,0.,0.));
#1846=DIRECTION('',(-1.,0.,0.));
#1847=DIRECTION('',(-1.,0.,0.));
#1848=DIRECTION('',(-1.,0.,0.));
#1849=DIRECTION('',(0.,-9.66225778724552E-16,1.));
#1850=DIRECTION('',(1.,0.,0.));
#1851=DIRECTION('',(-1.,0.,0.));
#1852=DIRECTION('',(-1.,0.,0.));
#1853=DIRECTION('',(0.,-1.,4.32222055649967E-15));
#1854=DIRECTION('',(0.,4.32222055649967E-15,1.));
#1855=DIRECTION('',(-1.,0.,0.));
#1856=DIRECTION('',(-1.,0.,0.));
#1857=DIRECTION('',(0.,0.996179442949279,0.087329934416919));
#1858=DIRECTION('',(0.,0.087329934416919,-0.99617944294928));
#1859=DIRECTION('',(-1.,0.,0.));
#1860=DIRECTION('',(-1.,0.,0.));
#1861=DIRECTION('',(-1.,0.,0.));
#1862=DIRECTION('',(0.,9.66225778724552E-16,-1.));
#1863=DIRECTION('',(-1.,0.,0.));
#1864=DIRECTION('',(-1.,0.,0.));
#1865=DIRECTION('',(0.,0.999766916320484,-0.0215896510168871));
#1866=DIRECTION('',(0.,-0.0215896510168871,-0.999766916320484));
#1867=DIRECTION('',(-1.,0.,0.));
#1868=DIRECTION('',(0.,0.483077342911336,-0.875577684026793));
#1869=DIRECTION('',(0.,-0.875577684026794,-0.483077342911336));
#1870=DIRECTION('',(-1.,0.,0.));
#1871=DIRECTION('',(0.,0.431092658802732,-0.90230766345321));
#1872=DIRECTION('',(0.,-0.90230766345321,-0.431092658802732));
#1873=DIRECTION('',(-1.,0.,0.));
#1874=DIRECTION('',(-1.,0.,0.));
#1875=DIRECTION('',(0.,-0.292392390744119,0.956298431366976));
#1876=DIRECTION('',(0.,0.956298431366976,0.292392390744119));
#1877=DIRECTION('',(-1.,0.,0.));
#1878=DIRECTION('',(0.,-0.999757606545931,0.0220165427247653));
#1879=DIRECTION('',(0.,0.0220165427247653,0.999757606545931));
#1880=DIRECTION('',(-1.,0.,0.));
#1881=DIRECTION('',(0.,-0.322025653241418,-0.946730943116595));
#1882=DIRECTION('',(0.,-0.946730943116595,0.322025653241418));
#1883=DIRECTION('',(-1.,0.,0.));
#1884=DIRECTION('',(0.,1.,9.66225778724552E-16));
#1885=DIRECTION('',(0.,9.66225778724552E-16,-1.));
#1886=DIRECTION('',(-1.,0.,0.));
#1887=DIRECTION('',(-1.,0.,0.));
#1888=DIRECTION('',(-1.,0.,0.));
#1889=DIRECTION('',(0.,0.175033334717503,-0.984562507785905));
#1890=DIRECTION('',(0.,-0.984562507785905,-0.175033334717503));
#1891=DIRECTION('',(-6.02850751384957E-17,-0.984562507785905,-0.175033334717502));
#1892=DIRECTION('',(-1.,0.,0.));
#1893=DIRECTION('',(-1.,0.,0.));
#1894=DIRECTION('',(-1.,0.,0.));
#1895=DIRECTION('',(-1.,0.,0.));
#1896=DIRECTION('',(-1.,0.,0.));
#1897=DIRECTION('',(0.,-9.66225778724552E-16,1.));
#1898=DIRECTION('',(-1.,0.,0.));
#1899=DIRECTION('',(0.,-1.,-9.66225778724552E-16));
#1900=DIRECTION('',(0.,-9.66225778724552E-16,1.));
#1901=DIRECTION('',(-1.,0.,0.));
#1902=DIRECTION('',(-1.,0.,0.));
#1903=DIRECTION('',(0.,-9.66225778724552E-16,1.));
#1904=DIRECTION('',(-1.,0.,0.));
#1905=DIRECTION('',(-1.,0.,0.));
#1906=DIRECTION('',(0.,-9.66225778724552E-16,1.));
#1907=DIRECTION('',(0.,1.71268291984615E-11,-1.));
#1908=DIRECTION('',(0.,1.,1.71268291984615E-11));
#1909=DIRECTION('',(-6.12303176911189E-17,-1.,-1.71268291984615E-11));
#1910=DIRECTION('',(0.,0.,-1.));
#1911=DIRECTION('',(-1.,0.,0.));
#1912=DIRECTION('',(-6.12303176911189E-17,-1.,0.));
#1913=DIRECTION('',(0.,0.,-1.));
#1914=DIRECTION('',(-1.,0.,0.));
#1915=DIRECTION('',(-1.,0.,0.));
#1916=DIRECTION('',(-6.12303176911189E-17,-1.,0.));
#1917=DIRECTION('',(0.,1.,0.));
#1918=DIRECTION('',(0.,0.,1.));
#1919=DIRECTION('',(-1.,0.,0.));
#1920=DIRECTION('',(0.,0.,-1.));
#1921=DIRECTION('',(0.,0.,1.));
#1922=DIRECTION('',(1.,0.,0.));
#1923=DIRECTION('',(-1.,0.,0.));
#1924=DIRECTION('',(6.12303176911189E-17,1.,0.));
#1925=DIRECTION('',(0.,-1.,0.));
#1926=DIRECTION('',(0.,0.,-1.));
#1927=DIRECTION('',(-1.,0.,0.));
#1928=DIRECTION('',(0.,0.,1.));
#1929=DIRECTION('',(0.,0.,-1.));
#1930=DIRECTION('',(-1.,0.,0.));
#1931=DIRECTION('',(-6.12303176911189E-17,-1.,0.));
#1932=DIRECTION('',(0.,0.,-1.));
#1933=DIRECTION('',(-1.,0.,0.));
#1934=DIRECTION('',(-6.12303176911189E-17,-1.,0.));
#1935=DIRECTION('',(1.,-6.12303176911189E-17,0.));
#1936=DIRECTION('',(6.12303176911189E-17,1.,0.));
#1937=CARTESIAN_POINT('',(0.,0.,0.));
#1938=CARTESIAN_POINT('',(2.5,5.34915716498783,73.6033756069748));
#1939=CARTESIAN_POINT('',(-8.67361737988404E-16,5.34915716498783,73.6033756069748));
#1940=CARTESIAN_POINT('',(2.5,5.65174155305886,73.6437500271956));
#1941=CARTESIAN_POINT('',(-8.67361737988404E-16,5.65174155305886,73.6437500271956));
#1942=CARTESIAN_POINT('',(2.5,6.1843395852901,73.7139643774213));
#1943=CARTESIAN_POINT('',(-8.67361737988404E-16,6.1843395852901,73.7139643774213));
#1944=CARTESIAN_POINT('',(2.5,7.23065653365393,73.9116231063457));
#1945=CARTESIAN_POINT('',(-4.33680868994202E-16,7.23065653365393,73.9116231063457));
#1946=CARTESIAN_POINT('',(2.5,8.57450686587563,74.2768747721584));
#1947=CARTESIAN_POINT('',(-8.67361737988404E-16,8.57450686587563,74.2768747721584));
#1948=CARTESIAN_POINT('',(2.5,10.1843366591499,74.8247548396458));
#1949=CARTESIAN_POINT('',(-4.33680868994202E-16,10.1843366591499,74.8247548396458));
#1950=CARTESIAN_POINT('',(2.5,12.2808726769986,75.6044397425752));
#1951=CARTESIAN_POINT('',(-1.30104260698261E-15,12.2808726769986,75.6044397425752));
#1952=CARTESIAN_POINT('',(2.5,14.7472645246163,76.5324303955999));
#1953=CARTESIAN_POINT('',(-8.67361737988404E-16,14.7472645246163,76.5324303955999));
#1954=CARTESIAN_POINT('',(2.5,16.8247712859293,77.3643662234455));
#1955=CARTESIAN_POINT('',(-8.67361737988404E-16,16.8247712859293,77.3643662234455));
#1956=CARTESIAN_POINT('',(2.5,17.9524105265878,77.8327978986416));
#1957=CARTESIAN_POINT('',(-1.30104260698261E-15,17.9524105265878,77.8327978986416));
#1958=CARTESIAN_POINT('',(1.,10.6469105258564,75.));
#1959=CARTESIAN_POINT('',(1.,9.23721760518629,74.4860995102267));
#1960=CARTESIAN_POINT('',(1.,7.43260751493604,73.8807353014098));
#1961=CARTESIAN_POINT('',(1.,5.72385248919572,73.6533719288961));
#1962=CARTESIAN_POINT('',(1.,5.3491571649879,73.6033756069748));
#1963=CARTESIAN_POINT('',(0.999999999999971,10.6469105263908,74.999999998534));
#1964=CARTESIAN_POINT('',(1.,5.3491571649879,73.6033756069748));
#1965=CARTESIAN_POINT('',(1.,10.6469105258564,75.));
#1966=CARTESIAN_POINT('',(-6.51913713959833E-16,10.6469105263908,74.999999998534));
#1967=CARTESIAN_POINT('',(-3.27530592591934E-16,5.34915716498783,73.6033756069748));
#1968=CARTESIAN_POINT('',(-3.50473306330555E-16,5.72385248919565,73.6533719288961));
#1969=CARTESIAN_POINT('',(-4.71788960912021E-16,7.7051529161092,73.9169996228838));
#1970=CARTESIAN_POINT('',(-7.42299095438355E-16,12.1230645769786,75.5329165681736));
#1971=CARTESIAN_POINT('',(-9.54964957188164E-16,15.5962763741576,76.8540381781434));
#1972=CARTESIAN_POINT('',(-1.09923179986436E-15,17.9524105265878,77.8327978986416));
#1973=CARTESIAN_POINT('',(-1.09923179986436E-15,17.9524105265878,77.8327978986416));
#1974=CARTESIAN_POINT('',(1.5,17.9524105265878,77.8327978986416));
#1975=CARTESIAN_POINT('',(2.5,17.9524105265878,77.8327978986416));
#1976=CARTESIAN_POINT('',(2.5,5.34915716498783,73.6033756069748));
#1977=CARTESIAN_POINT('',(2.5,5.72385248919565,73.6533719288961));
#1978=CARTESIAN_POINT('',(2.5,7.7051529161092,73.9169996228838));
#1979=CARTESIAN_POINT('',(2.5,12.1230645769786,75.5329165681736));
#1980=CARTESIAN_POINT('',(2.5,15.5962763741576,76.8540381781434));
#1981=CARTESIAN_POINT('',(2.5,17.9524105265878,77.8327978986416));
#1982=CARTESIAN_POINT('',(2.5,5.34915716498783,73.6033756069748));
#1983=CARTESIAN_POINT('',(1.5,5.34915716498783,73.6033756069748));
#1984=CARTESIAN_POINT('',(1.50000000000001,111.443166381582,-3842.22328452674));
#1985=CARTESIAN_POINT('',(6.82370048204848E-15,111.443166381582,-3842.22328452674));
#1986=CARTESIAN_POINT('',(-1.07852076885685E-29,-1.80411241501588E-13,104.822127351099));
#1987=CARTESIAN_POINT('',(-1.07292025003137E-15,-17.5226961167146,104.288449786124));
#1988=CARTESIAN_POINT('',(1.5,-1.80411241501588E-13,104.822127351099));
#1989=CARTESIAN_POINT('',(2.5,7.91293998742078E-14,104.822127351099));
#1990=CARTESIAN_POINT('',(2.50000000000001,111.443166381582,-3842.22328452674));
#1991=CARTESIAN_POINT('',(2.5,-17.5226961167146,104.288449786124));
#1992=CARTESIAN_POINT('',(1.5,-17.5226961167146,104.288449786124));
#1993=CARTESIAN_POINT('',(1.5,-17.5165436380496,104.101743042657));
#1994=CARTESIAN_POINT('',(-1.07254353180812E-15,-17.5165436380496,104.101743042657));
#1995=CARTESIAN_POINT('',(-1.08398185027015E-15,-17.7033517241961,104.101743042657));
#1996=CARTESIAN_POINT('',(2.5,-17.5165436380496,104.101743042657));
#1997=CARTESIAN_POINT('',(2.5,-17.7033517241961,104.101743042657));
#1998=CARTESIAN_POINT('',(1.5,-17.7033517241961,104.101743042657));
#1999=CARTESIAN_POINT('',(1.5,-17.7033517241961,104.101743042657));
#2000=CARTESIAN_POINT('',(-1.08398185027015E-15,-17.7033517241961,104.101743042657));
#2001=CARTESIAN_POINT('',(-1.08398185027015E-15,-17.7033517241961,103.114490356445));
#2002=CARTESIAN_POINT('',(2.5,-17.7033517241961,104.101743042657));
#2003=CARTESIAN_POINT('',(2.5,-17.7033517241961,103.114490356445));
#2004=CARTESIAN_POINT('',(1.5,-17.7033517241961,103.114490356445));
#2005=CARTESIAN_POINT('',(1.5,-17.3333747306557,103.114490356445));
#2006=CARTESIAN_POINT('',(-1.06132804141726E-15,-17.3333747306557,103.114490356445));
#2007=CARTESIAN_POINT('',(-1.06711418336637E-15,-17.4278727206595,102.756785022917));
#2008=CARTESIAN_POINT('',(2.5,-17.3333747306557,103.114490356445));
#2009=CARTESIAN_POINT('',(2.5,-17.4278727206595,102.756785022917));
#2010=CARTESIAN_POINT('',(1.5,-17.4278727206595,102.756785022917));
#2011=CARTESIAN_POINT('',(2.5,-17.4278727206595,102.756785022917));
#2012=CARTESIAN_POINT('',(-8.67361737988404E-16,-17.4278727206595,102.756785022917));
#2013=CARTESIAN_POINT('',(2.5,-16.2215016286852,102.438087948244));
#2014=CARTESIAN_POINT('',(-4.33680868994202E-16,-16.2215016286852,102.438087948244));
#2015=CARTESIAN_POINT('',(2.5,-14.6210190525163,102.020882529654));
#2016=CARTESIAN_POINT('',(-4.33680868994202E-16,-14.6210190525163,102.020882529654));
#2017=CARTESIAN_POINT('',(2.5,-12.4212363351887,101.54223301658));
#2018=CARTESIAN_POINT('',(-8.67361737988404E-16,-12.4212363351887,101.54223301658));
#2019=CARTESIAN_POINT('',(2.5,-10.6979437354445,101.21748764635));
#2020=CARTESIAN_POINT('',(8.67361737988404E-16,-10.6979437354445,101.21748764635));
#2021=CARTESIAN_POINT('',(2.5,-8.96969227282482,100.930481474174));
#2022=CARTESIAN_POINT('',(-4.33680868994202E-16,-8.96969227282482,100.930481474174));
#2023=CARTESIAN_POINT('',(2.5,-6.7515517232772,100.605497990793));
#2024=CARTESIAN_POINT('',(4.33680868994202E-16,-6.7515517232772,100.605497990793));
#2025=CARTESIAN_POINT('',(2.5,-5.10016268000611,100.404571242836));
#2026=CARTESIAN_POINT('',(0.,-5.10016268000611,100.404571242836));
#2027=CARTESIAN_POINT('',(2.5,-3.83884319113318,100.255971846199));
#2028=CARTESIAN_POINT('',(0.,-3.83884319113318,100.255971846199));
#2029=CARTESIAN_POINT('',(-1.06711418336637E-15,-17.4278727206595,102.756785022917));
#2030=CARTESIAN_POINT('',(-9.73281122078272E-16,-15.8954119262955,102.351942122201));
#2031=CARTESIAN_POINT('',(-8.02773359357341E-16,-13.1107168740655,101.631072964185));
#2032=CARTESIAN_POINT('',(-5.12299631428908E-16,-8.36676422312952,100.804928207227));
#2033=CARTESIAN_POINT('',(-3.35849997241111E-16,-5.48502784087014,100.449913228904));
#2034=CARTESIAN_POINT('',(-2.35053588159473E-16,-3.83884319113318,100.255971846199));
#2035=CARTESIAN_POINT('',(-2.35053588159473E-16,-3.83884319113318,100.255971846199));
#2036=CARTESIAN_POINT('',(2.5,-17.4278727206595,102.756785022917));
#2037=CARTESIAN_POINT('',(2.5,-15.8954119262955,102.351942122201));
#2038=CARTESIAN_POINT('',(2.5,-13.1107168740655,101.631072964185));
#2039=CARTESIAN_POINT('',(2.5,-8.36676422312952,100.804928207227));
#2040=CARTESIAN_POINT('',(2.5,-5.48502784087014,100.449913228904));
#2041=CARTESIAN_POINT('',(2.5,-3.83884319113318,100.255971846199));
#2042=CARTESIAN_POINT('',(2.5,-3.83884319113318,100.255971846199));
#2043=CARTESIAN_POINT('',(1.5,-3.83884319113318,100.255971846199));
#2044=CARTESIAN_POINT('',(2.5,-3.83884319113318,100.255971846199));
#2045=CARTESIAN_POINT('',(-4.33680868994202E-16,-3.83884319113318,100.255971846199));
#2046=CARTESIAN_POINT('',(2.5,-3.73197614615764,97.7620159513825));
#2047=CARTESIAN_POINT('',(-4.33680868994202E-16,-3.73197614615764,97.7620159513825));
#2048=CARTESIAN_POINT('',(2.5,-3.51976764100241,93.19358523982));
#2049=CARTESIAN_POINT('',(-4.33680868994202E-16,-3.51976764100241,93.19358523982));
#2050=CARTESIAN_POINT('',(2.5,-3.27295114138143,87.810725389435));
#2051=CARTESIAN_POINT('',(-4.33680868994202E-16,-3.27295114138143,87.810725389435));
#2052=CARTESIAN_POINT('',(2.5,-3.0997094955245,83.2492479793361));
#2053=CARTESIAN_POINT('',(4.33680868994202E-16,-3.0997094955245,83.2492479793361));
#2054=CARTESIAN_POINT('',(2.5,-2.94581905926591,79.7898578646814));
#2055=CARTESIAN_POINT('',(-4.33680868994202E-16,-2.94581905926591,79.7898578646814));
#2056=CARTESIAN_POINT('',(2.5,-2.72362022246031,76.4661242699798));
#2057=CARTESIAN_POINT('',(0.,-2.72362022246031,76.4661242699798));
#2058=CARTESIAN_POINT('',(2.5,-2.50810305744884,74.3087241868278));
#2059=CARTESIAN_POINT('',(-4.33680868994202E-16,-2.50810305744884,74.3087241868278));
#2060=CARTESIAN_POINT('',(2.5,-2.38597553048289,73.0665913397437));
#2061=CARTESIAN_POINT('',(-4.33680868994202E-16,-2.38597553048289,73.0665913397437));
#2062=CARTESIAN_POINT('',(1.,-2.57390276160879,75.));
#2063=CARTESIAN_POINT('',(1.,-2.51254957125541,74.3554051344596));
#2064=CARTESIAN_POINT('',(1.,-2.44990716088012,73.7109355810411));
#2065=CARTESIAN_POINT('',(1.,-2.38597553048292,73.0665913397445));
#2066=CARTESIAN_POINT('',(0.999999999999971,-2.57390276160054,75.0000000000006));
#2067=CARTESIAN_POINT('',(1.,-2.38597553048289,73.0665913397437));
#2068=CARTESIAN_POINT('',(1.,-2.57390276160882,75.));
#2069=CARTESIAN_POINT('',(-1.8722047288999E-16,-2.57389969278634,74.9999997151219));
#2070=CARTESIAN_POINT('',(-2.35053588159473E-16,-3.83884319113319,100.255971846199));
#2071=CARTESIAN_POINT('',(-2.34389412199249E-16,-3.82799601631409,100.002831361325));
#2072=CARTESIAN_POINT('',(-2.33018291351346E-16,-3.80560317401628,99.4845225729686));
#2073=CARTESIAN_POINT('',(-2.30825278402841E-16,-3.76978737179279,98.6680923795292));
#2074=CARTESIAN_POINT('',(-2.28904220117608E-16,-3.73841307295407,97.9624702636155));
#2075=CARTESIAN_POINT('',(-2.27267108073923E-16,-3.71167612130301,97.3669548451026));
#2076=CARTESIAN_POINT('',(-2.26295759556917E-16,-3.69581227225515,97.0154751320823));
#2077=CARTESIAN_POINT('',(-2.25321079162132E-16,-3.67989400771659,96.6645404959534));
#2078=CARTESIAN_POINT('',(-2.25078088470652E-16,-3.67592553751029,96.5773240513899));
#2079=CARTESIAN_POINT('',(-2.24765940876087E-16,-3.67082761206527,96.4654361024948));
#2080=CARTESIAN_POINT('',(-2.24089805888483E-16,-3.65978512505719,96.2235767023502));
#2081=CARTESIAN_POINT('',(-2.22813982945374E-16,-3.63894866705374,95.7686233480819));
#2082=CARTESIAN_POINT('',(-2.20534682131258E-16,-3.60172363050217,94.9584578062769));
#2083=CARTESIAN_POINT('',(-2.18258123307762E-16,-3.5645433755347,94.1506766324363));
#2084=CARTESIAN_POINT('',(-2.15969363749316E-16,-3.52716386086365,93.3395593517409));
#2085=CARTESIAN_POINT('',(-2.1463530109687E-16,-3.50537624481415,92.8667218920301));
#2086=CARTESIAN_POINT('',(-2.13374681161839E-16,-3.4847880789746,92.4184739278599));
#2087=CARTESIAN_POINT('',(-2.10980144200566E-16,-3.4456810311662,91.564710474689));
#2088=CARTESIAN_POINT('',(-2.08894212201923E-16,-3.41161405132185,90.8142314505134));
#2089=CARTESIAN_POINT('',(-2.07315387748023E-16,-3.38582903968984,90.2395502168712));
#2090=CARTESIAN_POINT('',(-2.06811889903678E-16,-3.37760602430574,90.0554032791835));
#2091=CARTESIAN_POINT('',(-2.06580816920615E-16,-3.37383219147625,89.9707251037656));
#2092=CARTESIAN_POINT('',(-2.05967877869614E-16,-3.36382180652135,89.7456636631257));
#2093=CARTESIAN_POINT('',(-2.05162859180426E-16,-3.35067441941731,89.4483667121997));
#2094=CARTESIAN_POINT('',(-2.03698455537408E-16,-3.32675810315047,88.9030842163313));
#2095=CARTESIAN_POINT('',(-2.01961600489003E-16,-3.29839217081664,88.2469018163101));
#2096=CARTESIAN_POINT('',(-2.00022886690217E-16,-3.26672952603725,87.5001983158342));
#2097=CARTESIAN_POINT('',(-1.98079139212372E-16,-3.2349846723252,86.7334307587723));
#2098=CARTESIAN_POINT('',(-1.96736868758212E-16,-3.21306300827421,86.189674661823));
#2099=CARTESIAN_POINT('',(-1.94989071419188E-16,-3.18451836887119,85.4709978693008));
#2100=CARTESIAN_POINT('',(-1.93280340787765E-16,-3.15661175829243,84.7613569861011));
#2101=CARTESIAN_POINT('',(-1.92147741177296E-16,-3.13811439206636,84.2939560420622));
#2102=CARTESIAN_POINT('',(-1.91131454024447E-16,-3.12151661516155,83.8780253332969));
#2103=CARTESIAN_POINT('',(-1.90396432246861E-16,-3.10951240212947,83.5802670424169));
#2104=CARTESIAN_POINT('',(-1.89855966163144E-16,-3.10068562964,83.3637494822425));
#2105=CARTESIAN_POINT('',(-1.89521504280433E-16,-3.09522327217849,83.2304829968546));
#2106=CARTESIAN_POINT('',(-1.88864873350077E-16,-3.0844993211177,82.9723191290746));
#2107=CARTESIAN_POINT('',(-1.88104757767477E-16,-3.07208528161469,82.6783603445665));
#2108=CARTESIAN_POINT('',(-1.87119920731589E-16,-3.05600114106103,82.3052989694007));
#2109=CARTESIAN_POINT('',(-1.85575952805651E-16,-3.03078539853089,81.7383501919631));
#2110=CARTESIAN_POINT('',(-1.83647787171884E-16,-2.99929502404855,81.0638609009946));
#2111=CARTESIAN_POINT('',(-1.81774039308335E-16,-2.96869338854829,80.4515138820954));
#2112=CARTESIAN_POINT('',(-1.80417798815276E-16,-2.94654356891318,80.0338905626776));
#2113=CARTESIAN_POINT('',(-1.79733357891638E-16,-2.93536543119567,79.8286249841723));
#2114=CARTESIAN_POINT('',(-1.78723961146587E-16,-2.91888018690633,79.5329293467319));
#2115=CARTESIAN_POINT('',(-1.77526833807366E-16,-2.89932896809248,79.1963814595233));
#2116=CARTESIAN_POINT('',(-1.75495732671656E-16,-2.8661574737691,78.6522454120928));
#2117=CARTESIAN_POINT('',(-1.71808003046944E-16,-2.80593028952817,77.7350588628742));
#2118=CARTESIAN_POINT('',(-1.67163888914136E-16,-2.73008364512183,76.7391771465155));
#2119=CARTESIAN_POINT('',(-1.62270085227469E-16,-2.65015912617102,75.8219486597374));
#2120=CARTESIAN_POINT('',(-1.59229886663816E-16,-2.60050727593908,75.2820141800416));
#2121=CARTESIAN_POINT('',(-1.5760051128288E-16,-2.57389667775215,74.9999999998097));
#2122=CARTESIAN_POINT('',(2.5,-3.83884319113318,100.255971846199));
#2123=CARTESIAN_POINT('',(2.5,-3.61903402146241,95.1262859401217));
#2124=CARTESIAN_POINT('',(2.5,-3.26017813313011,88.1174529622915));
#2125=CARTESIAN_POINT('',(2.5,-2.93874039979031,78.6527937845312));
#2126=CARTESIAN_POINT('',(2.5,-2.5325423602754,74.5572910869761));
#2127=CARTESIAN_POINT('',(2.5,-2.38597553048289,73.0665913397437));
#2128=CARTESIAN_POINT('',(2.5,-2.38597553048289,73.0665913397437));
#2129=CARTESIAN_POINT('',(1.5,-2.38597553048289,73.0665913397437));
#2130=CARTESIAN_POINT('',(1.5,-4.25394823703326,73.3986753764638));
#2131=CARTESIAN_POINT('',(1.,-2.38597553048289,73.0665913397437));
#2132=CARTESIAN_POINT('',(1.,-4.25394823703326,73.3986753764638));
#2133=CARTESIAN_POINT('',(2.5,-4.25394823703326,73.3986753764638));
#2134=CARTESIAN_POINT('',(2.5,-4.25394823703326,73.3986753764638));
#2135=CARTESIAN_POINT('',(1.5,-4.25394823703326,73.3986753764638));
#2136=CARTESIAN_POINT('',(2.5,-4.25394823703326,73.3986753764638));
#2137=CARTESIAN_POINT('',(-4.33680868994202E-16,-4.25394823703326,73.3986753764638));
#2138=CARTESIAN_POINT('',(2.5,-4.34459561713273,74.8952567919096));
#2139=CARTESIAN_POINT('',(-4.33680868994202E-16,-4.34459561713273,74.8952567919096));
#2140=CARTESIAN_POINT('',(2.5,-4.46828715101997,76.8648545679695));
#2141=CARTESIAN_POINT('',(-4.33680868994202E-16,-4.46828715101997,76.8648545679695));
#2142=CARTESIAN_POINT('',(2.5,-4.76167123770553,79.4796189709897));
#2143=CARTESIAN_POINT('',(-4.33680868994202E-16,-4.76167123770553,79.4796189709897));
#2144=CARTESIAN_POINT('',(2.5,-5.16373176559827,82.1756678933384));
#2145=CARTESIAN_POINT('',(-4.33680868994202E-16,-5.16373176559827,82.1756678933384));
#2146=CARTESIAN_POINT('',(2.5,-5.79412495383906,85.5798800655246));
#2147=CARTESIAN_POINT('',(-1.30104260698261E-15,-5.79412495383906,85.5798800655246));
#2148=CARTESIAN_POINT('',(2.5,-6.5784707281268,88.8843972253893));
#2149=CARTESIAN_POINT('',(-4.33680868994202E-16,-6.5784707281268,88.8843972253893));
#2150=CARTESIAN_POINT('',(2.5,-7.49144838016319,91.4584591610771));
#2151=CARTESIAN_POINT('',(-1.73472347597681E-15,-7.49144838016319,91.4584591610771));
#2152=CARTESIAN_POINT('',(2.5,-8.3618545409844,93.3354231995376));
#2153=CARTESIAN_POINT('',(-4.33680868994202E-16,-8.3618545409844,93.3354231995376));
#2154=CARTESIAN_POINT('',(2.5,-9.60399981443368,94.9675967196309));
#2155=CARTESIAN_POINT('',(-1.73472347597681E-15,-9.60399981443368,94.9675967196309));
#2156=CARTESIAN_POINT('',(2.5,-11.2246972943599,96.2806645993781));
#2157=CARTESIAN_POINT('',(-1.30104260698261E-15,-11.2246972943599,96.2806645993781));
#2158=CARTESIAN_POINT('',(2.5,-13.0176741692783,97.3294671076478));
#2159=CARTESIAN_POINT('',(-8.67361737988404E-16,-13.0176741692783,97.3294671076478));
#2160=CARTESIAN_POINT('',(2.5,-15.4139575676074,98.4139265054372));
#2161=CARTESIAN_POINT('',(-2.16840434497101E-15,-15.4139575676074,98.4139265054372));
#2162=CARTESIAN_POINT('',(2.5,-17.3348176685203,98.994601067531));
#2163=CARTESIAN_POINT('',(-1.30104260698261E-15,-17.3348176685203,98.994601067531));
#2164=CARTESIAN_POINT('',(2.5,-18.7826248435362,99.384251249809));
#2165=CARTESIAN_POINT('',(-1.30104260698261E-15,-18.7826248435362,99.384251249809));
#2166=CARTESIAN_POINT('',(1.,-4.35437742159367,75.));
#2167=CARTESIAN_POINT('',(0.999999999999971,-4.35437742158837,75.0000000000003));
#2168=CARTESIAN_POINT('',(-2.41842765994525E-16,-4.35444990965055,75.0000047838512));
#2169=CARTESIAN_POINT('',(1.,-4.25394823703323,73.3986753764638));
#2170=CARTESIAN_POINT('',(1.,-4.2858893063325,73.9325465409454));
#2171=CARTESIAN_POINT('',(1.,-4.31936570118598,74.4663214154575));
#2172=CARTESIAN_POINT('',(1.,-4.35437742159367,75.));
#2173=CARTESIAN_POINT('',(2.5,-4.25394823703326,73.3986753764638));
#2174=CARTESIAN_POINT('',(2.5,-4.37025988034674,75.318971843851));
#2175=CARTESIAN_POINT('',(2.5,-4.59383608232835,78.8010325706882));
#2176=CARTESIAN_POINT('',(2.5,-5.62239868781691,84.8766316655041));
#2177=CARTESIAN_POINT('',(2.5,-6.83170738813185,90.1617249430176));
#2178=CARTESIAN_POINT('',(2.5,-9.08662576351855,94.8630830470872));
#2179=CARTESIAN_POINT('',(2.5,-13.3632623236441,97.7540572315382));
#2180=CARTESIAN_POINT('',(2.5,-16.6253384516248,98.8036580255595));
#2181=CARTESIAN_POINT('',(2.5,-18.7826248435362,99.384251249809));
#2182=CARTESIAN_POINT('',(2.5,-18.7826248435362,99.384251249809));
#2183=CARTESIAN_POINT('',(1.5,-18.7826248435362,99.384251249809));
#2184=CARTESIAN_POINT('',(-1.15006608624282E-15,-18.7826248435362,99.384251249809));
#2185=CARTESIAN_POINT('',(-2.66628789635025E-16,-4.35452239493603,75.0000000208315));
#2186=CARTESIAN_POINT('',(-2.67242382406395E-16,-4.36454345630739,75.1518395797206));
#2187=CARTESIAN_POINT('',(-2.68017264312452E-16,-4.37719865613776,75.3389671080625));
#2188=CARTESIAN_POINT('',(-2.68739459960368E-16,-4.3889933956581,75.5087186403124));
#2189=CARTESIAN_POINT('',(-2.69516745505218E-16,-4.40168785118539,75.6885423888397));
#2190=CARTESIAN_POINT('',(-2.70836024166639E-16,-4.42323401836476,75.9853722209905));
#2191=CARTESIAN_POINT('',(-2.72777936266578E-16,-4.45494889709096,76.4004602684354));
#2192=CARTESIAN_POINT('',(-2.75164708785399E-16,-4.49392913774333,76.8744583391539));
#2193=CARTESIAN_POINT('',(-2.77550705008934E-16,-4.53289670011284,77.3153256290731));
#2194=CARTESIAN_POINT('',(-2.81083137519229E-16,-4.59058760624396,77.9201383781493));
#2195=CARTESIAN_POINT('',(-2.88539069503898E-16,-4.71235623763142,79.0452083086526));
#2196=CARTESIAN_POINT('',(-2.9850974718968E-16,-4.87519513936766,80.2574967316818));
#2197=CARTESIAN_POINT('',(-3.11346574170908E-16,-5.08484335719962,81.5974707949468));
#2198=CARTESIAN_POINT('',(-3.24209437099805E-16,-5.2949167883679,82.8368405908997));
#2199=CARTESIAN_POINT('',(-3.38090004656985E-16,-5.52161114633614,84.0549370613538));
#2200=CARTESIAN_POINT('',(-3.49804992445175E-16,-5.71293773469859,85.0158941327414));
#2201=CARTESIAN_POINT('',(-3.57288843047695E-16,-5.83516232677521,85.6148606146369));
#2202=CARTESIAN_POINT('',(-3.6888782647542E-16,-6.02459435759106,86.4977405874346));
#2203=CARTESIAN_POINT('',(-3.78662908004173E-16,-6.18423882617049,87.1760774184211));
#2204=CARTESIAN_POINT('',(-3.85356036277685E-16,-6.29354951613423,87.6162365016881));
#2205=CARTESIAN_POINT('',(-3.90670711878352E-16,-6.38034762205743,87.956444540908));
#2206=CARTESIAN_POINT('',(-3.99809131157497E-16,-6.52959426365165,88.5165897065094));
#2207=CARTESIAN_POINT('',(-4.1056229919265E-16,-6.70521262463087,89.1248963677529));
#2208=CARTESIAN_POINT('',(-4.22327499638991E-16,-6.89735927501562,89.7359765902305));
#2209=CARTESIAN_POINT('',(-4.35557355249638E-16,-7.11342634945715,90.3822248455432));
#2210=CARTESIAN_POINT('',(-4.49057081852855E-16,-7.33390089723458,90.9819559620143));
#2211=CARTESIAN_POINT('',(-4.63569794200403E-16,-7.57091930404343,91.5732000626327));
#2212=CARTESIAN_POINT('',(-4.76116451312241E-16,-7.77582853177486,92.0468098293033));
#2213=CARTESIAN_POINT('',(-4.88129183105326E-16,-7.97201780934295,92.4652574091434));
#2214=CARTESIAN_POINT('',(-5.02663977918332E-16,-8.20939686209143,92.9254484094595));
#2215=CARTESIAN_POINT('',(-5.16715166986787E-16,-8.43887777282809,93.3275028362924));
#2216=CARTESIAN_POINT('',(-5.39152310656586E-16,-8.80531623854024,93.9021132533354));
#2217=CARTESIAN_POINT('',(-5.61905958129223E-16,-9.176923774327,94.3887761151237));
#2218=CARTESIAN_POINT('',(-5.90016497065427E-16,-9.63601887616869,94.8889906705543));
#2219=CARTESIAN_POINT('',(-6.17094157883922E-16,-10.0782452411386,95.3203250247396));
#2220=CARTESIAN_POINT('',(-6.47421947559925E-16,-10.573551991448,95.7423577338908));
#2221=CARTESIAN_POINT('',(-6.82143342859171E-16,-11.1406141366161,96.161527366993));
#2222=CARTESIAN_POINT('',(-7.14055431296345E-16,-11.6617953037326,96.5160702814567));
#2223=CARTESIAN_POINT('',(-7.47405919794336E-16,-12.2064681023653,96.850130969673));
#2224=CARTESIAN_POINT('',(-7.84432702586802E-16,-12.8111813259558,97.1838803281795));
#2225=CARTESIAN_POINT('',(-8.1995520329298E-16,-13.391326947368,97.4833819212442));
#2226=CARTESIAN_POINT('',(-8.62770020384996E-16,-14.090569066411,97.8135024736669));
#2227=CARTESIAN_POINT('',(-9.17775375597472E-16,-14.9889043566173,98.1872175902881));
#2228=CARTESIAN_POINT('',(-9.69467333664299E-16,-15.8331259778016,98.4988560350701));
#2229=CARTESIAN_POINT('',(-1.02038245485744E-15,-16.6646604710569,98.7729491856901));
#2230=CARTESIAN_POINT('',(-1.05523868382347E-15,-17.2339246898359,98.9467619106846));
#2231=CARTESIAN_POINT('',(-1.0946744420797E-15,-17.8779807676627,99.1361952833589));
#2232=CARTESIAN_POINT('',(-1.12701351336265E-15,-18.4061353241373,99.2829261476884));
#2233=CARTESIAN_POINT('',(-1.15006608624282E-15,-18.7826248435362,99.3842512498091));
#2234=CARTESIAN_POINT('',(1.5,-18.7826248435362,106.60707904847));
#2235=CARTESIAN_POINT('',(-1.15006608624282E-15,-18.7826248435362,106.60707904847));
#2236=CARTESIAN_POINT('',(-1.15006608624282E-15,-18.7826248435362,106.60707904847));
#2237=CARTESIAN_POINT('',(2.5,-18.7826248435362,106.60707904847));
#2238=CARTESIAN_POINT('',(2.5,-18.7826248435362,106.60707904847));
#2239=CARTESIAN_POINT('',(1.5,-18.7826248435362,106.60707904847));
#2240=CARTESIAN_POINT('',(1.5,-19.496091652031,106.364396988967));
#2241=CARTESIAN_POINT('',(-1.19375188558903E-15,-19.496091652031,106.364396988967));
#2242=CARTESIAN_POINT('',(-1.19375188558903E-15,-19.496091652031,106.364396988967));
#2243=CARTESIAN_POINT('',(2.5,-19.496091652031,106.364396988967));
#2244=CARTESIAN_POINT('',(2.5,-19.496091652031,106.364396988967));
#2245=CARTESIAN_POINT('',(1.5,-19.496091652031,106.364396988967));
#2246=CARTESIAN_POINT('',(1.5,-18.9031194433201,79.4378952425265));
#2247=CARTESIAN_POINT('',(-1.15744400886766E-15,-18.9031194433201,79.4378952425265));
#2248=CARTESIAN_POINT('',(-1.15744400886766E-15,-18.9031194433201,79.4378952425265));
#2249=CARTESIAN_POINT('',(2.5,-18.9031194433201,79.4378952425265));
#2250=CARTESIAN_POINT('',(2.5,-18.9031194433201,79.4378952425265));
#2251=CARTESIAN_POINT('',(1.5,-18.9031194433201,79.4378952425265));
#2252=CARTESIAN_POINT('',(1.5,-17.7175976789693,79.0754168240874));
#2253=CARTESIAN_POINT('',(-1.08485413460672E-15,-17.7175976789693,79.0754168240874));
#2254=CARTESIAN_POINT('',(-1.08485413460672E-15,-17.7175976789693,79.0754168240874));
#2255=CARTESIAN_POINT('',(2.5,-17.7175976789693,79.0754168240874));
#2256=CARTESIAN_POINT('',(2.5,-17.7175976789693,79.0754168240874));
#2257=CARTESIAN_POINT('',(1.5,-17.7175976789693,79.0754168240874));
#2258=CARTESIAN_POINT('',(2.5,-17.7175976789693,79.0754168240874));
#2259=CARTESIAN_POINT('',(-8.67361737988404E-16,-17.7175976789693,79.0754168240874));
#2260=CARTESIAN_POINT('',(2.5,-17.5743508646349,79.8093845879473));
#2261=CARTESIAN_POINT('',(-8.67361737988404E-16,-17.5743508646349,79.8093845879473));
#2262=CARTESIAN_POINT('',(2.5,-17.2799615720822,81.2214363921004));
#2263=CARTESIAN_POINT('',(-4.33680868994202E-16,-17.2799615720822,81.2214363921004));
#2264=CARTESIAN_POINT('',(2.5,-16.7724311283595,83.2274133465482));
#2265=CARTESIAN_POINT('',(-4.33680868994202E-16,-16.7724311283595,83.2274133465482));
#2266=CARTESIAN_POINT('',(2.5,-16.1564835630166,85.1759066021226));
#2267=CARTESIAN_POINT('',(-1.30104260698261E-15,-16.1564835630166,85.1759066021226));
#2268=CARTESIAN_POINT('',(2.5,-15.5180698617731,86.7999844276591));
#2269=CARTESIAN_POINT('',(-8.67361737988404E-16,-15.5180698617731,86.7999844276591));
#2270=CARTESIAN_POINT('',(2.5,-14.9005268719708,88.0840963630307));
#2271=CARTESIAN_POINT('',(-8.67361737988404E-16,-14.9005268719708,88.0840963630307));
#2272=CARTESIAN_POINT('',(2.5,-14.374042809292,89.0289778619784));
#2273=CARTESIAN_POINT('',(0.,-14.374042809292,89.0289778619784));
#2274=CARTESIAN_POINT('',(2.5,-13.7823862568917,89.9719648715066));
#2275=CARTESIAN_POINT('',(-4.33680868994202E-16,-13.7823862568917,89.9719648715066));
#2276=CARTESIAN_POINT('',(2.5,-13.0796161922925,90.7991573501906));
#2277=CARTESIAN_POINT('',(-8.67361737988404E-16,-13.0796161922925,90.7991573501906));
#2278=CARTESIAN_POINT('',(2.5,-12.0962440910984,91.2684035552775));
#2279=CARTESIAN_POINT('',(4.33680868994202E-16,-12.0962440910984,91.2684035552775));
#2280=CARTESIAN_POINT('',(2.5,-10.9823705564445,91.2055389873673));
#2281=CARTESIAN_POINT('',(4.33680868994202E-16,-10.9823705564445,91.2055389873673));
#2282=CARTESIAN_POINT('',(2.5,-10.0239063953686,90.7032327766833));
#2283=CARTESIAN_POINT('',(4.33680868994202E-16,-10.0239063953686,90.7032327766833));
#2284=CARTESIAN_POINT('',(2.5,-8.94838409230299,89.7620482347587));
#2285=CARTESIAN_POINT('',(0.,-8.94838409230299,89.7620482347587));
#2286=CARTESIAN_POINT('',(2.5,-8.04231105446105,88.1932728641646));
#2287=CARTESIAN_POINT('',(0.,-8.04231105446105,88.1932728641646));
#2288=CARTESIAN_POINT('',(2.5,-7.24630266244714,86.2121668325));
#2289=CARTESIAN_POINT('',(4.33680868994202E-16,-7.24630266244714,86.2121668325));
#2290=CARTESIAN_POINT('',(2.5,-6.73976942702653,84.1468730376069));
#2291=CARTESIAN_POINT('',(4.33680868994202E-16,-6.73976942702653,84.1468730376069));
#2292=CARTESIAN_POINT('',(2.5,-6.21671007419138,81.347937476682));
#2293=CARTESIAN_POINT('',(4.33680868994202E-16,-6.21671007419138,81.347937476682));
#2294=CARTESIAN_POINT('',(2.5,-5.69297358538479,78.4875559766646));
#2295=CARTESIAN_POINT('',(8.67361737988404E-16,-5.69297358538479,78.4875559766646));
#2296=CARTESIAN_POINT('',(2.5,-5.44571569954706,75.7909305337742));
#2297=CARTESIAN_POINT('',(-4.33680868994202E-16,-5.44571569954706,75.7909305337742));
#2298=CARTESIAN_POINT('',(2.5,-5.38409454546034,74.3830559885702));
#2299=CARTESIAN_POINT('',(0.,-5.38409454546034,74.3830559885702));
#2300=CARTESIAN_POINT('',(2.5,-5.3491571649879,73.6033756069748));
#2301=CARTESIAN_POINT('',(0.,-5.3491571649879,73.6033756069748));
#2302=CARTESIAN_POINT('',(1.,-5.41540569581189,75.0000000000001));
#2303=CARTESIAN_POINT('',(1.,-5.39137239169947,74.5345510552672));
#2304=CARTESIAN_POINT('',(1.,-5.3692895480915,74.0690095909254));
#2305=CARTESIAN_POINT('',(1.,-5.34915716498796,73.6033756069749));
#2306=CARTESIAN_POINT('',(0.999999999999971,-5.41540569580759,75.0000000000002));
#2307=CARTESIAN_POINT('',(0.999999999999971,-5.3491571649879,73.6033756069748));
#2308=CARTESIAN_POINT('',(1.,-5.41540569581183,75.));
#2309=CARTESIAN_POINT('',(-2.74373937685743E-16,-5.41541658074876,75.000000572643));
#2310=CARTESIAN_POINT('',(-1.08485413460672E-15,-17.7175976789693,79.0754168240873));
#2311=CARTESIAN_POINT('',(-1.08036977330969E-15,-17.6443600825281,79.450671486051));
#2312=CARTESIAN_POINT('',(-1.07134325105464E-15,-17.4969409183717,80.1774174859325));
#2313=CARTESIAN_POINT('',(-1.05887145296685E-15,-17.2932542716569,81.1122749080614));
#2314=CARTESIAN_POINT('',(-1.04374348734055E-15,-17.0461876844376,82.1437855691726));
#2315=CARTESIAN_POINT('',(-1.02884980146712E-15,-16.8029473023026,83.0617394266064));
#2316=CARTESIAN_POINT('',(-1.01130766377366E-15,-16.5164529910702,84.0349248655994));
#2317=CARTESIAN_POINT('',(-9.96045958976113E-16,-16.2672022052988,84.7944010252494));
#2318=CARTESIAN_POINT('',(-9.82223014119146E-16,-16.0414489285201,85.4307611434688));
#2319=CARTESIAN_POINT('',(-9.67127959634764E-16,-15.7949198387883,86.0868523266834));
#2320=CARTESIAN_POINT('',(-9.52015547952375E-16,-15.5481072751393,86.6889300286669));
#2321=CARTESIAN_POINT('',(-9.35667698128807E-16,-15.2811178091359,87.2862181532914));
#2322=CARTESIAN_POINT('',(-9.16669418575167E-16,-14.9708421112459,87.9356246106961));
#2323=CARTESIAN_POINT('',(-8.9710597173955E-16,-14.6513362263621,88.5380450468944));
#2324=CARTESIAN_POINT('',(-8.76620613246436E-16,-14.316773884281,89.1110160534102));
#2325=CARTESIAN_POINT('',(-8.52843529602773E-16,-13.9284518154064,89.7323606051874));
#2326=CARTESIAN_POINT('',(-8.22057330170049E-16,-13.4256584183832,90.4397785524416));
#2327=CARTESIAN_POINT('',(-7.73566497519293E-16,-12.633716869176,91.0838238297212));
#2328=CARTESIAN_POINT('',(-7.08329493047681E-16,-11.568280547243,91.307900497685));
#2329=CARTESIAN_POINT('',(-6.47486942078527E-16,-10.5746134675444,91.0198997089408));
#2330=CARTESIAN_POINT('',(-6.03134741531449E-16,-9.85026314209261,90.5586978531028));
#2331=CARTESIAN_POINT('',(-5.71814728771424E-16,-9.33875162392573,90.0839730866625));
#2332=CARTESIAN_POINT('',(-5.52447110311107E-16,-9.02244396473608,89.7166520104211));
#2333=CARTESIAN_POINT('',(-5.36872810349837E-16,-8.76808794391911,89.3649573233466));
#2334=CARTESIAN_POINT('',(-5.24920400356986E-16,-8.57288382864495,89.0579680380165));
#2335=CARTESIAN_POINT('',(-5.15130450137592E-16,-8.41299652789994,88.7893757736578));
#2336=CARTESIAN_POINT('',(-5.04865400807583E-16,-8.24535001360625,88.4844326005194));
#2337=CARTESIAN_POINT('',(-4.94498120533122E-16,-8.07603388614864,88.148720808235));
#2338=CARTESIAN_POINT('',(-4.81832042907036E-16,-7.86917430900284,87.7178946546543));
#2339=CARTESIAN_POINT('',(-4.63278735324815E-16,-7.5661657948904,87.0075611105545));
#2340=CARTESIAN_POINT('',(-4.45769355528975E-16,-7.28020647839347,86.1732470657529));
#2341=CARTESIAN_POINT('',(-4.34132412276894E-16,-7.09015449612575,85.5242456150067));
#2342=CARTESIAN_POINT('',(-4.2623723110232E-16,-6.96121214416208,85.0343119590963));
#2343=CARTESIAN_POINT('',(-4.20451958060705E-16,-6.86672834496321,84.6341885985944));
#2344=CARTESIAN_POINT('',(-4.16487237930759E-16,-6.80197741308088,84.3432263678324));
#2345=CARTESIAN_POINT('',(-4.13797375023693E-16,-6.75804716727305,84.1379848616027));
#2346=CARTESIAN_POINT('',(-4.12745422669948E-16,-6.74086691419883,84.0560124902577));
#2347=CARTESIAN_POINT('',(-4.10869509747436E-16,-6.71022991943468,83.9079533493974));
#2348=CARTESIAN_POINT('',(-4.07705395998621E-16,-6.65855431381758,83.6521888898649));
#2349=CARTESIAN_POINT('',(-4.02979428294513E-16,-6.58137085499661,83.261884830234));
#2350=CARTESIAN_POINT('',(-3.97305465518295E-16,-6.48870495042233,82.7830650560551));
#2351=CARTESIAN_POINT('',(-3.92270453096504E-16,-6.406474241655,82.3533281813207));
#2352=CARTESIAN_POINT('',(-3.88009749334626E-16,-6.33688937058877,81.98747995131));
#2353=CARTESIAN_POINT('',(-3.84881342608423E-16,-6.28579692416408,81.7164269430254));
#2354=CARTESIAN_POINT('',(-3.80559353193693E-16,-6.21521114937627,81.3379658795517));
#2355=CARTESIAN_POINT('',(-3.75675684649253E-16,-6.13545215532572,80.9026119179734));
#2356=CARTESIAN_POINT('',(-3.70213574548171E-16,-6.04624618176478,80.4008444120703));
#2357=CARTESIAN_POINT('',(-3.65878118623264E-16,-5.97544047491252,79.9909441719551));
#2358=CARTESIAN_POINT('',(-3.60187685784943E-16,-5.88250558492833,79.427769666865));
#2359=CARTESIAN_POINT('',(-3.53670176857099E-16,-5.77606307125853,78.7385778318864));
#2360=CARTESIAN_POINT('',(-3.46960331937474E-16,-5.66647936872945,77.9584792600467));
#2361=CARTESIAN_POINT('',(-3.41025634276347E-16,-5.56955519970806,77.1098127759047));
#2362=CARTESIAN_POINT('',(-3.37599558987614E-16,-5.51360129618569,76.4909029686678));
#2363=CARTESIAN_POINT('',(-3.35645670037878E-16,-5.48169081419878,76.0792308504187));
#2364=CARTESIAN_POINT('',(-3.3420354309068E-16,-5.45813831599887,75.7323097508671));
#2365=CARTESIAN_POINT('',(-3.33077360832931E-16,-5.43974575655753,75.4391248076653));
#2366=CARTESIAN_POINT('',(-3.32172333162694E-16,-5.42496504490411,75.1795557755816));
#2367=CARTESIAN_POINT('',(-3.31588344143073E-16,-5.41542746545585,74.9999999988429));
#2368=CARTESIAN_POINT('',(2.5,-17.7175976789693,79.0754168240874));
#2369=CARTESIAN_POINT('',(2.5,-17.2777088618447,81.3293183363284));
#2370=CARTESIAN_POINT('',(2.5,-16.4634101650782,84.7267631605773));
#2371=CARTESIAN_POINT('',(2.5,-14.6555020341603,88.7866774153437));
#2372=CARTESIAN_POINT('',(2.5,-12.9680590730671,91.0749248496403));
#2373=CARTESIAN_POINT('',(2.5,-11.4724186529239,91.3059603500812));
#2374=CARTESIAN_POINT('',(2.5,-10.4054233353573,90.9359602255612));
#2375=CARTESIAN_POINT('',(2.5,-9.25374211167054,90.1416301674885));
#2376=CARTESIAN_POINT('',(2.5,-7.94221059712524,88.1415424028645));
#2377=CARTESIAN_POINT('',(2.5,-7.03654769088576,85.6096114799481));
#2378=CARTESIAN_POINT('',(2.5,-6.27979780540632,81.711467748926));
#2379=CARTESIAN_POINT('',(2.5,-5.53655027073065,77.780173639661));
#2380=CARTESIAN_POINT('',(2.5,-5.40508192386585,74.8514210171619));
#2381=CARTESIAN_POINT('',(2.5,-5.3491571649879,73.6033756069748));
#2382=CARTESIAN_POINT('',(2.5,-5.3491571649879,73.6033756069748));
#2383=CARTESIAN_POINT('',(1.5,-5.3491571649879,73.6033756069748));
#2384=CARTESIAN_POINT('',(2.5,-5.3491571649879,73.6033756069748));
#2385=CARTESIAN_POINT('',(-8.67361737988404E-16,-5.3491571649879,73.6033756069748));
#2386=CARTESIAN_POINT('',(2.5,-5.65174155305893,73.6437500271956));
#2387=CARTESIAN_POINT('',(-8.67361737988404E-16,-5.65174155305893,73.6437500271956));
#2388=CARTESIAN_POINT('',(2.5,-6.18433958529017,73.7139643774213));
#2389=CARTESIAN_POINT('',(-1.30104260698261E-15,-6.18433958529017,73.7139643774213));
#2390=CARTESIAN_POINT('',(2.5,-7.230656533654,73.9116231063457));
#2391=CARTESIAN_POINT('',(-1.30104260698261E-15,-7.230656533654,73.9116231063457));
#2392=CARTESIAN_POINT('',(2.5,-8.5745068658757,74.2768747721584));
#2393=CARTESIAN_POINT('',(-4.33680868994202E-16,-8.5745068658757,74.2768747721584));
#2394=CARTESIAN_POINT('',(2.5,-10.18433665915,74.8247548396458));
#2395=CARTESIAN_POINT('',(-8.67361737988404E-16,-10.18433665915,74.8247548396458));
#2396=CARTESIAN_POINT('',(2.5,-12.2808726769987,75.6044397425751));
#2397=CARTESIAN_POINT('',(-4.33680868994202E-16,-12.2808726769987,75.6044397425751));
#2398=CARTESIAN_POINT('',(2.5,-14.7472645246164,76.5324303955999));
#2399=CARTESIAN_POINT('',(-4.33680868994202E-16,-14.7472645246164,76.5324303955999));
#2400=CARTESIAN_POINT('',(2.5,-16.8247712859294,77.3643662234454));
#2401=CARTESIAN_POINT('',(-1.30104260698261E-15,-16.8247712859294,77.3643662234454));
#2402=CARTESIAN_POINT('',(2.5,-17.9524105265878,77.8327978986416));
#2403=CARTESIAN_POINT('',(-1.73472347597681E-15,-17.9524105265878,77.8327978986416));
#2404=CARTESIAN_POINT('',(0.999999999999999,-10.6469105328322,75.));
#2405=CARTESIAN_POINT('',(0.999999999999999,-10.6469105328322,75.));
#2406=CARTESIAN_POINT('',(-6.51913714354268E-16,-10.6469105328327,75.0000000008823));
#2407=CARTESIAN_POINT('',(1.,-5.3491571649879,73.6033756069748));
#2408=CARTESIAN_POINT('',(1.,-5.72385248919572,73.6533719288961));
#2409=CARTESIAN_POINT('',(1.,-7.43260751695653,73.8807353016786));
#2410=CARTESIAN_POINT('',(0.999999999999999,-9.23721760945397,74.4860995116583));
#2411=CARTESIAN_POINT('',(0.999999999999999,-10.6469105328322,75.));
#2412=CARTESIAN_POINT('',(2.5,-5.3491571649879,73.6033756069748));
#2413=CARTESIAN_POINT('',(2.5,-5.72385248919572,73.6533719288961));
#2414=CARTESIAN_POINT('',(2.5,-7.70515291610927,73.9169996228838));
#2415=CARTESIAN_POINT('',(2.5,-12.1230645769787,75.5329165681736));
#2416=CARTESIAN_POINT('',(2.5,-15.5962763741576,76.8540381781434));
#2417=CARTESIAN_POINT('',(2.5,-17.9524105265878,77.8327978986416));
#2418=CARTESIAN_POINT('',(2.5,-17.9524105265878,77.8327978986416));
#2419=CARTESIAN_POINT('',(1.5,-17.9524105265878,77.8327978986416));
#2420=CARTESIAN_POINT('',(-1.09923179986436E-15,-17.9524105265878,77.8327978986416));
#2421=CARTESIAN_POINT('',(-3.27530592591934E-16,-5.3491571649879,73.6033756069748));
#2422=CARTESIAN_POINT('',(-3.50473306330555E-16,-5.72385248919572,73.6533719288961));
#2423=CARTESIAN_POINT('',(-4.71788960912021E-16,-7.70515291610927,73.9169996228838));
#2424=CARTESIAN_POINT('',(-7.42299095438355E-16,-12.1230645769787,75.5329165681736));
#2425=CARTESIAN_POINT('',(-9.54964957188164E-16,-15.5962763741576,76.8540381781434));
#2426=CARTESIAN_POINT('',(-1.09923179986436E-15,-17.9524105265878,77.8327978986416));
#2427=CARTESIAN_POINT('',(1.5,-18.8775054038775,78.2747775320288));
#2428=CARTESIAN_POINT('',(-1.15587565309523E-15,-18.8775054038775,78.2747775320288));
#2429=CARTESIAN_POINT('',(-1.15587565309523E-15,-18.8775054038775,78.2747775320288));
#2430=CARTESIAN_POINT('',(2.5,-18.8775054038775,78.2747775320288));
#2431=CARTESIAN_POINT('',(2.5,-18.8775054038775,78.2747775320288));
#2432=CARTESIAN_POINT('',(1.5,-18.8775054038775,78.2747775320288));
#2433=CARTESIAN_POINT('',(1.5,-20.8035928168539,79.3374464495331));
#2434=CARTESIAN_POINT('',(-1.27381059729264E-15,-20.8035928168539,79.3374464495331));
#2435=CARTESIAN_POINT('',(-1.27381059729264E-15,-20.8035928168539,79.3374464495331));
#2436=CARTESIAN_POINT('',(2.5,-20.8035928168539,79.3374464495331));
#2437=CARTESIAN_POINT('',(2.5,-20.8035928168539,79.3374464495331));
#2438=CARTESIAN_POINT('',(1.5,-20.8035928168539,79.3374464495331));
#2439=CARTESIAN_POINT('',(1.5,-21.23530206459,99.3289054600811));
#2440=CARTESIAN_POINT('',(-1.30024429168172E-15,-21.23530206459,99.3289054600811));
#2441=CARTESIAN_POINT('',(-1.30024429168172E-15,-21.23530206459,99.3289054600811));
#2442=CARTESIAN_POINT('',(2.5,-21.23530206459,99.3289054600811));
#2443=CARTESIAN_POINT('',(2.5,-21.23530206459,99.3289054600811));
#2444=CARTESIAN_POINT('',(1.5,-21.23530206459,99.3289054600811));
#2445=CARTESIAN_POINT('',(1.5,-22.0987205600622,99.3289054600811));
#2446=CARTESIAN_POINT('',(-1.35311168045987E-15,-22.0987205600622,99.3289054600811));
#2447=CARTESIAN_POINT('',(-1.35311168045987E-15,-22.0987205600622,99.3289054600811));
#2448=CARTESIAN_POINT('',(2.5,-22.0987205600622,99.3289054600811));
#2449=CARTESIAN_POINT('',(2.5,-22.0987205600622,99.3289054600811));
#2450=CARTESIAN_POINT('',(1.5,-22.0987205600622,99.3289054600811));
#2451=CARTESIAN_POINT('',(2.5,-22.0987205600622,99.3289054600811));
#2452=CARTESIAN_POINT('',(-1.30104260698261E-15,-22.0987205600622,99.3289054600811));
#2453=CARTESIAN_POINT('',(2.5,-22.1620590650246,99.6541276090413));
#2454=CARTESIAN_POINT('',(-1.30104260698261E-15,-22.1620590650246,99.6541276090413));
#2455=CARTESIAN_POINT('',(2.5,-22.2599288903092,100.190139596305));
#2456=CARTESIAN_POINT('',(-1.30104260698261E-15,-22.2599288903092,100.190139596305));
#2457=CARTESIAN_POINT('',(2.5,-22.4377023074364,101.373011847309));
#2458=CARTESIAN_POINT('',(-1.30104260698261E-15,-22.4377023074364,101.373011847309));
#2459=CARTESIAN_POINT('',(2.5,-22.5680568402286,102.883261035163));
#2460=CARTESIAN_POINT('',(-1.73472347597681E-15,-22.5680568402286,102.883261035163));
#2461=CARTESIAN_POINT('',(2.5,-22.5099510107145,104.427241133503));
#2462=CARTESIAN_POINT('',(-8.67361737988404E-16,-22.5099510107145,104.427241133503));
#2463=CARTESIAN_POINT('',(2.5,-22.3055899816292,105.649115248735));
#2464=CARTESIAN_POINT('',(-1.73472347597681E-15,-22.3055899816292,105.649115248735));
#2465=CARTESIAN_POINT('',(2.5,-22.1010720751272,106.394376873729));
#2466=CARTESIAN_POINT('',(-8.67361737988404E-16,-22.1010720751272,106.394376873729));
#2467=CARTESIAN_POINT('',(2.5,-21.8836705187882,106.958878172689));
#2468=CARTESIAN_POINT('',(-1.30104260698261E-15,-21.8836705187882,106.958878172689));
#2469=CARTESIAN_POINT('',(2.5,-21.7218091505968,107.297903575611));
#2470=CARTESIAN_POINT('',(-1.30104260698261E-15,-21.7218091505968,107.297903575611));
#2471=CARTESIAN_POINT('',(2.5,-21.5980408752529,107.520050725402));
#2472=CARTESIAN_POINT('',(-1.73472347597681E-15,-21.5980408752529,107.520050725402));
#2473=CARTESIAN_POINT('',(2.5,-21.5182083244952,107.651161664096));
#2474=CARTESIAN_POINT('',(-1.30104260698261E-15,-21.5182083244952,107.651161664096));
#2475=CARTESIAN_POINT('',(2.5,-21.4824342645165,107.707442722719));
#2476=CARTESIAN_POINT('',(-8.67361737988404E-16,-21.4824342645165,107.707442722719));
#2477=CARTESIAN_POINT('',(2.5,-21.4206906747205,107.801803821143));
#2478=CARTESIAN_POINT('',(-1.73472347597681E-15,-21.4206906747205,107.801803821143));
#2479=CARTESIAN_POINT('',(2.5,-21.2799007579412,108.003526545863));
#2480=CARTESIAN_POINT('',(-8.67361737988404E-16,-21.2799007579412,108.003526545863));
#2481=CARTESIAN_POINT('',(2.5,-21.0439654004772,108.301447632844));
#2482=CARTESIAN_POINT('',(-2.16840434497101E-15,-21.0439654004772,108.301447632844));
#2483=CARTESIAN_POINT('',(2.5,-20.6930933592771,108.675275122908));
#2484=CARTESIAN_POINT('',(-4.33680868994202E-16,-20.6930933592771,108.675275122908));
#2485=CARTESIAN_POINT('',(2.5,-20.304224621296,109.042275705719));
#2486=CARTESIAN_POINT('',(-1.30104260698261E-15,-20.304224621296,109.042275705719));
#2487=CARTESIAN_POINT('',(2.5,-19.7392963035406,109.533891844309));
#2488=CARTESIAN_POINT('',(-1.30104260698261E-15,-19.7392963035406,109.533891844309));
#2489=CARTESIAN_POINT('',(2.5,-19.2661885322919,109.921150697632));
#2490=CARTESIAN_POINT('',(-1.30104260698261E-15,-19.2661885322919,109.921150697632));
#2491=CARTESIAN_POINT('',(2.5,-18.9317227900835,110.201135872491));
#2492=CARTESIAN_POINT('',(-1.30104260698261E-15,-18.9317227900835,110.201135872491));
#2493=CARTESIAN_POINT('',(-1.35311168045987E-15,-22.0987205600622,99.3289054600811));
#2494=CARTESIAN_POINT('',(-1.35543181236612E-15,-22.1366124409758,99.5234676611656));
#2495=CARTESIAN_POINT('',(-1.37664509744799E-15,-22.483063119035,101.367983657276));
#2496=CARTESIAN_POINT('',(-1.39455849985566E-15,-22.7756208434296,104.321830467993));
#2497=CARTESIAN_POINT('',(-1.34430034917785E-15,-21.9548158472617,106.943729590688));
#2498=CARTESIAN_POINT('',(-1.31818682000169E-15,-21.5283354669396,107.634342801517));
#2499=CARTESIAN_POINT('',(-1.28234589891938E-15,-20.9429894744019,108.582212138548));
#2500=CARTESIAN_POINT('',(-1.22721224587078E-15,-20.0425588523245,109.271242045179));
#2501=CARTESIAN_POINT('',(-1.15919540087701E-15,-18.9317227900835,110.201135872491));
#2502=CARTESIAN_POINT('',(-1.15919540087701E-15,-18.9317227900835,110.201135872491));
#2503=CARTESIAN_POINT('',(2.5,-22.0987205600622,99.3289054600811));
#2504=CARTESIAN_POINT('',(2.5,-22.1366124409758,99.5234676611656));
#2505=CARTESIAN_POINT('',(2.5,-22.483063119035,101.367983657276));
#2506=CARTESIAN_POINT('',(2.5,-22.7756208434296,104.321830467993));
#2507=CARTESIAN_POINT('',(2.5,-21.9548158472617,106.943729590688));
#2508=CARTESIAN_POINT('',(2.5,-21.5283354669396,107.634342801517));
#2509=CARTESIAN_POINT('',(2.5,-20.9429894744019,108.582212138548));
#2510=CARTESIAN_POINT('',(2.5,-20.0425588523245,109.271242045179));
#2511=CARTESIAN_POINT('',(2.5,-18.9317227900835,110.201135872491));
#2512=CARTESIAN_POINT('',(2.5,-18.9317227900835,110.201135872491));
#2513=CARTESIAN_POINT('',(1.5,-18.9317227900835,110.201135872491));
#2514=CARTESIAN_POINT('',(2.5,-18.9317227900835,110.201135872491));
#2515=CARTESIAN_POINT('',(-8.67361737988404E-16,-18.9317227900835,110.201135872491));
#2516=CARTESIAN_POINT('',(2.5,-18.8255177825166,111.243293956799));
#2517=CARTESIAN_POINT('',(-8.67361737988404E-16,-18.8255177825166,111.243293956799));
#2518=CARTESIAN_POINT('',(2.5,-18.3510942413494,113.405958713283));
#2519=CARTESIAN_POINT('',(-4.33680868994202E-16,-18.3510942413494,113.405958713283));
#2520=CARTESIAN_POINT('',(2.5,-17.2779938202114,116.423794382615));
#2521=CARTESIAN_POINT('',(-8.67361737988404E-16,-17.2779938202114,116.423794382615));
#2522=CARTESIAN_POINT('',(2.5,-16.0677356239042,118.868754745939));
#2523=CARTESIAN_POINT('',(-8.67361737988404E-16,-16.0677356239042,118.868754745939));
#2524=CARTESIAN_POINT('',(2.5,-14.7263917261423,120.550554018944));
#2525=CARTESIAN_POINT('',(-8.67361737988404E-16,-14.7263917261423,120.550554018944));
#2526=CARTESIAN_POINT('',(2.5,-13.5537000488913,121.672036654366));
#2527=CARTESIAN_POINT('',(-8.67361737988404E-16,-13.5537000488913,121.672036654366));
#2528=CARTESIAN_POINT('',(2.5,-12.2998082375279,122.703934925878));
#2529=CARTESIAN_POINT('',(0.,-12.2998082375279,122.703934925878));
#2530=CARTESIAN_POINT('',(2.5,-10.9933247169888,123.652768796512));
#2531=CARTESIAN_POINT('',(-2.16840434497101E-15,-10.9933247169888,123.652768796512));
#2532=CARTESIAN_POINT('',(2.5,-9.83661736905487,124.342694305735));
#2533=CARTESIAN_POINT('',(-4.33680868994202E-16,-9.83661736905487,124.342694305735));
#2534=CARTESIAN_POINT('',(2.5,-8.85940173153018,124.81940546687));
#2535=CARTESIAN_POINT('',(4.33680868994202E-16,-8.85940173153018,124.81940546687));
#2536=CARTESIAN_POINT('',(2.5,-8.10318947262328,125.135506735995));
#2537=CARTESIAN_POINT('',(-8.67361737988404E-16,-8.10318947262328,125.135506735995));
#2538=CARTESIAN_POINT('',(2.5,-7.46214210637658,125.362379133987));
#2539=CARTESIAN_POINT('',(4.33680868994202E-16,-7.46214210637658,125.362379133987));
#2540=CARTESIAN_POINT('',(2.5,-6.95114674389612,125.519649906107));
#2541=CARTESIAN_POINT('',(-1.30104260698261E-15,-6.95114674389612,125.519649906107));
#2542=CARTESIAN_POINT('',(2.5,-6.62653298226562,125.609207137664));
#2543=CARTESIAN_POINT('',(1.30104260698261E-15,-6.62653298226562,125.609207137664));
#2544=CARTESIAN_POINT('',(2.5,-6.41236527585864,125.663584842876));
#2545=CARTESIAN_POINT('',(-2.60208521396521E-15,-6.41236527585864,125.663584842876));
#2546=CARTESIAN_POINT('',(2.5,-6.27144493855135,125.697481384529));
#2547=CARTESIAN_POINT('',(0.,-6.27144493855135,125.697481384529));
#2548=CARTESIAN_POINT('',(2.5,-6.20179695715481,125.713721959393));
#2549=CARTESIAN_POINT('',(-4.33680868994202E-16,-6.20179695715481,125.713721959393));
#2550=CARTESIAN_POINT('',(2.5,-6.10637070372874,125.735504204803));
#2551=CARTESIAN_POINT('',(-4.33680868994202E-16,-6.10637070372874,125.735504204803));
#2552=CARTESIAN_POINT('',(2.5,-5.8844600352889,125.784004937525));
#2553=CARTESIAN_POINT('',(-4.33680868994202E-16,-5.8844600352889,125.784004937525));
#2554=CARTESIAN_POINT('',(2.5,-5.39854045326397,125.880092050517));
#2555=CARTESIAN_POINT('',(0.,-5.39854045326397,125.880092050517));
#2556=CARTESIAN_POINT('',(2.5,-4.62503977485771,126.002327003312));
#2557=CARTESIAN_POINT('',(-8.67361737988404E-16,-4.62503977485771,126.002327003312));
#2558=CARTESIAN_POINT('',(2.5,-3.92159157501763,126.099730671262));
#2559=CARTESIAN_POINT('',(0.,-3.92159157501763,126.099730671262));
#2560=CARTESIAN_POINT('',(2.5,-3.53572980187458,126.154742510652));
#2561=CARTESIAN_POINT('',(0.,-3.53572980187458,126.154742510652));
#2562=CARTESIAN_POINT('',(-1.15919540087701E-15,-18.9317227900835,110.201135872491));
#2563=CARTESIAN_POINT('',(-1.15377177896234E-15,-18.8431453970668,111.070319429219));
#2564=CARTESIAN_POINT('',(-1.12558439261625E-15,-18.382795240331,113.329629625722));
#2565=CARTESIAN_POINT('',(-1.05679242975848E-15,-17.2593001246466,116.541889873367));
#2566=CARTESIAN_POINT('',(-9.49444150295484E-16,-15.5061117775843,119.883616083332));
#2567=CARTESIAN_POINT('',(-7.7570474803789E-16,-12.6686383035116,122.508904064819));
#2568=CARTESIAN_POINT('',(-5.90982665688122E-16,-9.65179812832886,124.61547751878));
#2569=CARTESIAN_POINT('',(-4.43022972213759E-16,-7.23535315378605,125.469742209756));
#2570=CARTESIAN_POINT('',(-3.83687740508272E-16,-6.26630327877466,125.698600946196));
#2571=CARTESIAN_POINT('',(-3.32479465583369E-16,-5.4299810636389,125.896113633983));
#2572=CARTESIAN_POINT('',(-2.82725102984286E-16,-4.61740382289889,126.000529573123));
#2573=CARTESIAN_POINT('',(-2.16493859038737E-16,-3.53572980187458,126.154742510652));
#2574=CARTESIAN_POINT('',(-2.16493859038737E-16,-3.53572980187458,126.154742510652));
#2575=CARTESIAN_POINT('',(2.5,-18.9317227900835,110.201135872491));
#2576=CARTESIAN_POINT('',(2.5,-18.8431453970668,111.070319429219));
#2577=CARTESIAN_POINT('',(2.5,-18.382795240331,113.329629625722));
#2578=CARTESIAN_POINT('',(2.5,-17.2593001246466,116.541889873367));
#2579=CARTESIAN_POINT('',(2.5,-15.5061117775843,119.883616083332));
#2580=CARTESIAN_POINT('',(2.5,-12.6686383035116,122.508904064819));
#2581=CARTESIAN_POINT('',(2.5,-9.65179812832886,124.61547751878));
#2582=CARTESIAN_POINT('',(2.5,-7.23535315378605,125.469742209756));
#2583=CARTESIAN_POINT('',(2.5,-6.26630327877466,125.698600946196));
#2584=CARTESIAN_POINT('',(2.5,-5.4299810636389,125.896113633983));
#2585=CARTESIAN_POINT('',(2.5,-4.61740382289889,126.000529573123));
#2586=CARTESIAN_POINT('',(2.5,-3.53572980187458,126.154742510652));
#2587=CARTESIAN_POINT('',(2.5,-3.53572980187458,126.154742510652));
#2588=CARTESIAN_POINT('',(1.5,-3.53572980187458,126.154742510652));
#2589=CARTESIAN_POINT('',(1.5,-3.53572980187458,126.154742510652));
#2590=CARTESIAN_POINT('',(-2.16493859038737E-16,-3.53572980187458,126.154742510652));
#2591=CARTESIAN_POINT('',(-2.16229879881265E-16,-3.53141855268584,126.203921269848));
#2592=CARTESIAN_POINT('',(2.5,-3.53572980187458,126.154742510652));
#2593=CARTESIAN_POINT('',(2.5,-3.53141855268584,126.203921269848));
#2594=CARTESIAN_POINT('',(1.5,-3.53141855268584,126.203921269848));
#2595=CARTESIAN_POINT('',(2.5,-3.53141855268584,126.203921269848));
#2596=CARTESIAN_POINT('',(0.,-3.53141855268584,126.203921269848));
#2597=CARTESIAN_POINT('',(2.5,-2.70650485949944,126.917683714125));
#2598=CARTESIAN_POINT('',(0.,-2.70650485949944,126.917683714125));
#2599=CARTESIAN_POINT('',(2.5,-1.46770220688445,127.201062092126));
#2600=CARTESIAN_POINT('',(4.33680868994202E-16,-1.46770220688445,127.201062092126));
#2601=CARTESIAN_POINT('',(2.5,-9.18485099360515E-15,127.086701592997));
#2602=CARTESIAN_POINT('',(4.33680868994202E-16,-9.18485099360515E-15,127.086701592997));
#2603=CARTESIAN_POINT('',(-2.16229879881265E-16,-3.53141855268584,126.203921269848));
#2604=CARTESIAN_POINT('',(-1.65720152379707E-16,-2.70650485949944,126.917683714125));
#2605=CARTESIAN_POINT('',(-8.98678724034912E-17,-1.46770220688445,127.201062092126));
#2606=CARTESIAN_POINT('',(-5.62391344284032E-31,-9.18485099360515E-15,127.086701592997));
#2607=CARTESIAN_POINT('',(-5.62391344284032E-31,-1.13609596218623E-13,127.086701592997));
#2608=CARTESIAN_POINT('',(2.5,-3.53141855268584,126.203921269848));
#2609=CARTESIAN_POINT('',(2.5,-2.70650485949944,126.917683714125));
#2610=CARTESIAN_POINT('',(2.5,-1.46770220688445,127.201062092126));
#2611=CARTESIAN_POINT('',(2.5,-9.18485099360515E-15,127.086701592997));
#2612=CARTESIAN_POINT('',(2.5,-9.18485099360515E-15,127.086701592997));
#2613=CARTESIAN_POINT('',(1.5,-9.18485099360515E-15,127.086701592997));
#2614=CARTESIAN_POINT('',(1.5,-3.73855381204372,108.074890490773));
#2615=CARTESIAN_POINT('',(-2.2891283761678E-16,-3.73855381204372,108.074890490773));
#2616=CARTESIAN_POINT('',(-2.2891283761678E-16,3.73855381204361,108.074890490773));
#2617=CARTESIAN_POINT('',(-2.2891283761678E-16,-3.73855381204372,108.074890490773));
#2618=CARTESIAN_POINT('',(1.5,3.73855381204361,108.074890490773));
#2619=CARTESIAN_POINT('',(2.5,3.73855381204361,108.074890490773));
#2620=CARTESIAN_POINT('',(2.5,-3.73855381204372,108.074890490773));
#2621=CARTESIAN_POINT('',(2.5,-3.73855381204372,108.074890490773));
#2622=CARTESIAN_POINT('',(1.5,-3.73855381204372,108.074890490773));
#2623=CARTESIAN_POINT('',(2.5,-3.73855381204372,108.074890490773));
#2624=CARTESIAN_POINT('',(0.,-3.73855381204372,108.074890490773));
#2625=CARTESIAN_POINT('',(2.5,-3.7345998905228,107.833737753404));
#2626=CARTESIAN_POINT('',(0.,-3.7345998905228,107.833737753404));
#2627=CARTESIAN_POINT('',(2.5,-3.7305244686681,107.590698800539));
#2628=CARTESIAN_POINT('',(0.,-3.7305244686681,107.590698800539));
#2629=CARTESIAN_POINT('',(2.5,-3.7263321254302,107.345774440226));
#2630=CARTESIAN_POINT('',(0.,-3.7263321254302,107.345774440226));
#2631=CARTESIAN_POINT('',(-2.2891283761678E-16,-3.73855381204372,108.074890490773));
#2632=CARTESIAN_POINT('',(-2.28670737745929E-16,-3.7345998905228,107.833737753404));
#2633=CARTESIAN_POINT('',(-2.2842119837104E-16,-3.7305244686681,107.590698800539));
#2634=CARTESIAN_POINT('',(-2.28164499862713E-16,-3.7263321254302,107.345774440226));
#2635=CARTESIAN_POINT('',(-2.28164499862713E-16,-3.7263321254302,107.345774440226));
#2636=CARTESIAN_POINT('',(2.5,-3.73855381204372,108.074890490773));
#2637=CARTESIAN_POINT('',(2.5,-3.7345998905228,107.833737753404));
#2638=CARTESIAN_POINT('',(2.5,-3.7305244686681,107.590698800539));
#2639=CARTESIAN_POINT('',(2.5,-3.7263321254302,107.345774440226));
#2640=CARTESIAN_POINT('',(2.5,-3.7263321254302,107.345774440226));
#2641=CARTESIAN_POINT('',(1.5,-3.7263321254302,107.345774440226));
#2642=CARTESIAN_POINT('',(2.5,-4.26988827079534,108.053637112399));
#2643=CARTESIAN_POINT('',(0.,-4.26988827079534,108.053637112399));
#2644=CARTESIAN_POINT('',(2.5,-7.43912711601777,107.915265877396));
#2645=CARTESIAN_POINT('',(0.,-7.43912711601777,107.915265877396));
#2646=CARTESIAN_POINT('',(2.5,-12.1001823198153,107.674698683825));
#2647=CARTESIAN_POINT('',(0.,-12.1001823198153,107.674698683825));
#2648=CARTESIAN_POINT('',(2.5,-18.4430950846488,107.361942037241));
#2649=CARTESIAN_POINT('',(-8.67361737988404E-16,-18.4430950846488,107.361942037241));
#2650=CARTESIAN_POINT('',(-2.61446615326381E-16,-4.26988827079534,108.053637112399));
#2651=CARTESIAN_POINT('',(-4.55500116658385E-16,-7.43912711601777,107.915265877396));
#2652=CARTESIAN_POINT('',(-7.4089800756275E-16,-12.1001823198153,107.674698683825));
#2653=CARTESIAN_POINT('',(-1.12927657124056E-15,-18.4430950846488,107.361942037241));
#2654=CARTESIAN_POINT('',(-2.61446615326381E-16,-4.26988827079534,108.053637112399));
#2655=CARTESIAN_POINT('',(-1.12927657124056E-15,-18.4430950846488,107.361942037241));
#2656=CARTESIAN_POINT('',(1.5,-4.26988827079534,108.053637112399));
#2657=CARTESIAN_POINT('',(2.5,-4.26988827079534,108.053637112399));
#2658=CARTESIAN_POINT('',(2.5,-4.26988827079534,108.053637112399));
#2659=CARTESIAN_POINT('',(2.5,-7.43912711601777,107.915265877396));
#2660=CARTESIAN_POINT('',(2.5,-12.1001823198153,107.674698683825));
#2661=CARTESIAN_POINT('',(2.5,-18.4430950846488,107.361942037241));
#2662=CARTESIAN_POINT('',(2.5,-18.4430950846488,107.361942037241));
#2663=CARTESIAN_POINT('',(1.5,-18.4430950846488,107.361942037241));
#2664=CARTESIAN_POINT('',(1.5,-18.4430950846488,106.705899273066));
#2665=CARTESIAN_POINT('',(-1.12927657124056E-15,-18.4430950846488,106.705899273066));
#2666=CARTESIAN_POINT('',(-1.12927657124056E-15,-18.4430950846488,106.705899273066));
#2667=CARTESIAN_POINT('',(2.5,-18.4430950846488,106.705899273066));
#2668=CARTESIAN_POINT('',(2.5,-18.4430950846488,106.705899273066));
#2669=CARTESIAN_POINT('',(1.5,-18.4430950846488,106.705899273066));
#2670=CARTESIAN_POINT('',(2.5,-18.4430950846488,106.705899273066));
#2671=CARTESIAN_POINT('',(-8.67361737988404E-16,-18.4430950846488,106.705899273066));
#2672=CARTESIAN_POINT('',(2.5,-16.5680175520858,107.178429108499));
#2673=CARTESIAN_POINT('',(-8.67361737988404E-16,-16.5680175520858,107.178429108499));
#2674=CARTESIAN_POINT('',(2.5,-11.8387505577088,107.392864345437));
#2675=CARTESIAN_POINT('',(0.,-11.8387505577088,107.392864345437));
#2676=CARTESIAN_POINT('',(2.5,-4.25529410151432,107.349204983881));
#2677=CARTESIAN_POINT('',(0.,-4.25529410151432,107.349204983881));
#2678=CARTESIAN_POINT('',(-1.12927657124056E-15,-18.4430950846488,106.705899273066));
#2679=CARTESIAN_POINT('',(-1.01446497822625E-15,-16.5680175520858,107.178429108499));
#2680=CARTESIAN_POINT('',(-7.24890457714423E-16,-11.8387505577088,107.392864345437));
#2681=CARTESIAN_POINT('',(-2.60553009704866E-16,-4.25529410151432,107.349204983881));
#2682=CARTESIAN_POINT('',(-2.60553009704866E-16,-4.25529410151432,107.349204983881));
#2683=CARTESIAN_POINT('',(2.5,-18.4430950846488,106.705899273066));
#2684=CARTESIAN_POINT('',(2.5,-16.5680175520858,107.178429108499));
#2685=CARTESIAN_POINT('',(2.5,-11.8387505577088,107.392864345437));
#2686=CARTESIAN_POINT('',(2.5,-4.25529410151432,107.349204983881));
#2687=CARTESIAN_POINT('',(2.5,-4.25529410151432,107.349204983881));
#2688=CARTESIAN_POINT('',(1.5,-4.25529410151432,107.349204983881));
#2689=CARTESIAN_POINT('',(2.5,-4.32878525567845,125.366084710387));
#2690=CARTESIAN_POINT('',(0.,-4.32878525567845,125.366084710387));
#2691=CARTESIAN_POINT('',(2.5,-4.45683947168723,122.223910966677));
#2692=CARTESIAN_POINT('',(0.,-4.45683947168723,122.223910966677));
#2693=CARTESIAN_POINT('',(2.5,-4.44057945812605,116.620433177181));
#2694=CARTESIAN_POINT('',(0.,-4.44057945812605,116.620433177181));
#2695=CARTESIAN_POINT('',(2.5,-4.28000521499491,108.555651341898));
#2696=CARTESIAN_POINT('',(0.,-4.28000521499491,108.555651341898));
#2697=CARTESIAN_POINT('',(-2.65052896421823E-16,-4.32878525567845,125.366084710387));
#2698=CARTESIAN_POINT('',(-2.72893696749727E-16,-4.45683947168723,122.223910966677));
#2699=CARTESIAN_POINT('',(-2.71898090953714E-16,-4.44057945812605,116.620433177181));
#2700=CARTESIAN_POINT('',(-2.62066079033784E-16,-4.28000521499491,108.555651341898));
#2701=CARTESIAN_POINT('',(-2.65052896421823E-16,-4.32878525567845,125.366084710387));
#2702=CARTESIAN_POINT('',(-2.62066079033784E-16,-4.28000521499491,108.555651341898));
#2703=CARTESIAN_POINT('',(1.5,-4.32878525567845,125.366084710387));
#2704=CARTESIAN_POINT('',(2.5,-4.32878525567845,125.366084710387));
#2705=CARTESIAN_POINT('',(2.5,-4.32878525567845,125.366084710387));
#2706=CARTESIAN_POINT('',(2.5,-4.45683947168723,122.223910966677));
#2707=CARTESIAN_POINT('',(2.5,-4.44057945812605,116.620433177181));
#2708=CARTESIAN_POINT('',(2.5,-4.28000521499491,108.555651341898));
#2709=CARTESIAN_POINT('',(2.5,-4.28000521499491,108.555651341898));
#2710=CARTESIAN_POINT('',(1.5,-4.28000521499491,108.555651341898));
#2711=CARTESIAN_POINT('',(1.5,-3.74631371135783,108.555651341898));
#2712=CARTESIAN_POINT('',(-2.29387978717034E-16,-3.74631371135783,108.555651341898));
#2713=CARTESIAN_POINT('',(-2.29387978717034E-16,-3.74631371135783,108.555651341898));
#2714=CARTESIAN_POINT('',(2.5,-3.74631371135783,108.555651341898));
#2715=CARTESIAN_POINT('',(2.5,-3.74631371135783,108.555651341898));
#2716=CARTESIAN_POINT('',(1.5,-3.74631371135783,108.555651341898));
#2717=CARTESIAN_POINT('',(2.5,-3.74631371135783,108.555651341898));
#2718=CARTESIAN_POINT('',(0.,-3.74631371135783,108.555651341898));
#2719=CARTESIAN_POINT('',(2.5,-3.86464146334494,116.006888975858));
#2720=CARTESIAN_POINT('',(0.,-3.86464146334494,116.006888975858));
#2721=CARTESIAN_POINT('',(2.5,-3.8615257733906,121.618566768797));
#2722=CARTESIAN_POINT('',(0.,-3.8615257733906,121.618566768797));
#2723=CARTESIAN_POINT('',(2.5,-3.59756641796551,125.366084710387));
#2724=CARTESIAN_POINT('',(0.,-3.59756641796551,125.366084710387));
#2725=CARTESIAN_POINT('',(-2.29387978717034E-16,-3.74631371135783,108.555651341898));
#2726=CARTESIAN_POINT('',(-2.36633224562881E-16,-3.86464146334494,116.006888975858));
#2727=CARTESIAN_POINT('',(-2.3644244987715E-16,-3.8615257733906,121.618566768797));
#2728=CARTESIAN_POINT('',(-2.20280134686929E-16,-3.59756641796551,125.366084710387));
#2729=CARTESIAN_POINT('',(-2.20280134686929E-16,-3.59756641796551,125.366084710387));
#2730=CARTESIAN_POINT('',(2.5,-3.74631371135783,108.555651341898));
#2731=CARTESIAN_POINT('',(2.5,-3.86464146334494,116.006888975858));
#2732=CARTESIAN_POINT('',(2.5,-3.8615257733906,121.618566768797));
#2733=CARTESIAN_POINT('',(2.5,-3.59756641796551,125.366084710387));
#2734=CARTESIAN_POINT('',(2.5,-3.59756641796551,125.366084710387));
#2735=CARTESIAN_POINT('',(1.5,-3.59756641796551,125.366084710387));
#2736=CARTESIAN_POINT('',(2.5,-4.25529410151432,107.349204983881));
#2737=CARTESIAN_POINT('',(0.,-4.25529410151432,107.349204983881));
#2738=CARTESIAN_POINT('',(2.5,-4.26027611558492,107.586016111204));
#2739=CARTESIAN_POINT('',(0.,-4.26027611558492,107.586016111204));
#2740=CARTESIAN_POINT('',(2.5,-4.26514083867859,107.82082682071));
#2741=CARTESIAN_POINT('',(0.,-4.26514083867859,107.82082682071));
#2742=CARTESIAN_POINT('',(2.5,-4.26988827079534,108.053637112399));
#2743=CARTESIAN_POINT('',(0.,-4.26988827079534,108.053637112399));
#2744=CARTESIAN_POINT('',(-2.60553009704866E-16,-4.25529410151432,107.349204983881));
#2745=CARTESIAN_POINT('',(-2.6085806000915E-16,-4.26027611558492,107.586016111204));
#2746=CARTESIAN_POINT('',(-2.61155928549655E-16,-4.26514083867859,107.82082682071));
#2747=CARTESIAN_POINT('',(-2.61446615326381E-16,-4.26988827079534,108.053637112399));
#2748=CARTESIAN_POINT('',(2.5,-4.25529410151432,107.349204983881));
#2749=CARTESIAN_POINT('',(2.5,-4.26027611558492,107.586016111204));
#2750=CARTESIAN_POINT('',(2.5,-4.26514083867859,107.82082682071));
#2751=CARTESIAN_POINT('',(2.5,-4.26988827079534,108.053637112399));
#2752=CARTESIAN_POINT('',(1.5,-4.32878525567845,125.366084710387));
#2753=CARTESIAN_POINT('',(-2.65052896421823E-16,-4.32878525567845,125.366084710387));
#2754=CARTESIAN_POINT('',(2.5,-4.32878525567845,125.366084710387));
#2755=CARTESIAN_POINT('',(1.5,-7.01977763557024,-335.55974166528));
#2756=CARTESIAN_POINT('',(-4.29823214746977E-16,-7.01977763557024,-335.55974166528));
#2757=CARTESIAN_POINT('',(-1.84889274661175E-29,1.9816355162261E-13,107.302387785817));
#2758=CARTESIAN_POINT('',(2.5,-7.01977763557024,-335.55974166528));
#2759=CARTESIAN_POINT('',(2.5,-3.01841884819964E-13,107.302387785817));
#2760=CARTESIAN_POINT('',(1.5,-3.01841884819964E-13,107.302387785817));
#2761=CARTESIAN_POINT('',(2.50000000000001,111.443166381582,-3842.22328452674));
#2762=CARTESIAN_POINT('',(2.5,3.73855381204361,108.074890490773));
#2763=CARTESIAN_POINT('',(2.5,3.73459989052269,107.833737753404));
#2764=CARTESIAN_POINT('',(2.5,3.730524468668,107.590698800539));
#2765=CARTESIAN_POINT('',(2.5,3.7263321254301,107.345774440226));
#2766=CARTESIAN_POINT('',(2.5,3.7263321254301,107.345774440226));
#2767=CARTESIAN_POINT('',(2.5,7.01977763557056,-335.55974166528));
#2768=CARTESIAN_POINT('',(2.50000000000001,-111.443166381578,-3842.22328452674));
#2769=CARTESIAN_POINT('',(2.5,17.5226961167145,104.288449786124));
#2770=CARTESIAN_POINT('',(2.5,17.5165436380495,104.101743042657));
#2771=CARTESIAN_POINT('',(2.5,17.703351724196,104.101743042657));
#2772=CARTESIAN_POINT('',(2.5,17.703351724196,104.101743042657));
#2773=CARTESIAN_POINT('',(2.5,17.703351724196,103.114490356445));
#2774=CARTESIAN_POINT('',(2.5,17.3333747306556,103.114490356445));
#2775=CARTESIAN_POINT('',(2.5,17.4278727206594,102.756785022917));
#2776=CARTESIAN_POINT('',(2.5,17.4278727206594,102.756785022917));
#2777=CARTESIAN_POINT('',(2.5,15.8954119262954,102.351942122201));
#2778=CARTESIAN_POINT('',(2.5,13.1107168740654,101.631072964185));
#2779=CARTESIAN_POINT('',(2.5,8.36676422312943,100.804928207227));
#2780=CARTESIAN_POINT('',(2.5,5.48502784087005,100.449913228904));
#2781=CARTESIAN_POINT('',(2.5,3.83884319113308,100.255971846199));
#2782=CARTESIAN_POINT('',(2.5,3.83884319113308,100.255971846199));
#2783=CARTESIAN_POINT('',(2.5,3.83884319113308,100.255971846199));
#2784=CARTESIAN_POINT('',(2.5,3.61903402146232,95.1262859401217));
#2785=CARTESIAN_POINT('',(2.5,3.26017813313002,88.1174529622915));
#2786=CARTESIAN_POINT('',(2.5,2.93874039979023,78.6527937845312));
#2787=CARTESIAN_POINT('',(2.5,2.53254236027533,74.5572910869761));
#2788=CARTESIAN_POINT('',(2.5,2.38597553048281,73.0665913397437));
#2789=CARTESIAN_POINT('',(2.5,2.38597553048281,73.0665913397437));
#2790=CARTESIAN_POINT('',(2.5,4.25394823703319,73.3986753764638));
#2791=CARTESIAN_POINT('',(2.5,4.25394823703319,73.3986753764638));
#2792=CARTESIAN_POINT('',(2.5,4.25394823703319,73.3986753764638));
#2793=CARTESIAN_POINT('',(2.5,4.37025988034667,75.318971843851));
#2794=CARTESIAN_POINT('',(2.5,4.59383608232827,78.8010325706882));
#2795=CARTESIAN_POINT('',(2.5,5.62239868781683,84.8766316655041));
#2796=CARTESIAN_POINT('',(2.5,6.83170738813176,90.1617249430176));
#2797=CARTESIAN_POINT('',(2.5,9.08662576351846,94.8630830470873));
#2798=CARTESIAN_POINT('',(2.5,13.363262323644,97.7540572315383));
#2799=CARTESIAN_POINT('',(2.5,16.6253384516248,98.8036580255595));
#2800=CARTESIAN_POINT('',(2.5,18.7826248435361,99.384251249809));
#2801=CARTESIAN_POINT('',(2.5,18.7826248435361,99.384251249809));
#2802=CARTESIAN_POINT('',(2.5,18.7826248435361,106.60707904847));
#2803=CARTESIAN_POINT('',(2.5,18.7826248435361,106.60707904847));
#2804=CARTESIAN_POINT('',(2.5,19.4960916520309,106.364396988967));
#2805=CARTESIAN_POINT('',(2.5,19.4960916520309,106.364396988967));
#2806=CARTESIAN_POINT('',(2.5,18.9031194433201,79.4378952425265));
#2807=CARTESIAN_POINT('',(2.5,18.9031194433201,79.4378952425265));
#2808=CARTESIAN_POINT('',(2.5,17.7175976789692,79.0754168240874));
#2809=CARTESIAN_POINT('',(2.5,17.7175976789692,79.0754168240874));
#2810=CARTESIAN_POINT('',(2.5,17.7175976789692,79.0754168240874));
#2811=CARTESIAN_POINT('',(2.5,17.2777088618446,81.3293183363284));
#2812=CARTESIAN_POINT('',(2.5,16.4634101650781,84.7267631605774));
#2813=CARTESIAN_POINT('',(2.5,14.6555020341602,88.7866774153437));
#2814=CARTESIAN_POINT('',(2.5,12.968059073067,91.0749248496403));
#2815=CARTESIAN_POINT('',(2.5,11.4724186529238,91.3059603500812));
#2816=CARTESIAN_POINT('',(2.5,10.4054233353573,90.9359602255612));
#2817=CARTESIAN_POINT('',(2.5,9.25374211167045,90.1416301674885));
#2818=CARTESIAN_POINT('',(2.5,7.94221059712516,88.1415424028645));
#2819=CARTESIAN_POINT('',(2.5,7.03654769088568,85.6096114799481));
#2820=CARTESIAN_POINT('',(2.5,6.27979780540624,81.711467748926));
#2821=CARTESIAN_POINT('',(2.5,5.53655027073058,77.780173639661));
#2822=CARTESIAN_POINT('',(2.5,5.40508192386578,74.8514210171619));
#2823=CARTESIAN_POINT('',(2.5,5.34915716498783,73.6033756069748));
#2824=CARTESIAN_POINT('',(2.5,18.8775054038775,78.2747775320289));
#2825=CARTESIAN_POINT('',(2.5,18.8775054038775,78.2747775320289));
#2826=CARTESIAN_POINT('',(2.5,20.8035928168538,79.3374464495331));
#2827=CARTESIAN_POINT('',(2.5,20.8035928168538,79.3374464495331));
#2828=CARTESIAN_POINT('',(2.5,21.2353020645899,99.3289054600811));
#2829=CARTESIAN_POINT('',(2.5,21.2353020645899,99.3289054600811));
#2830=CARTESIAN_POINT('',(2.5,22.0987205600621,99.3289054600811));
#2831=CARTESIAN_POINT('',(2.5,22.0987205600621,99.3289054600811));
#2832=CARTESIAN_POINT('',(2.5,22.0987205600621,99.3289054600811));
#2833=CARTESIAN_POINT('',(2.5,22.1366124409757,99.5234676611656));
#2834=CARTESIAN_POINT('',(2.5,22.4830631190349,101.367983657276));
#2835=CARTESIAN_POINT('',(2.5,22.7756208434295,104.321830467993));
#2836=CARTESIAN_POINT('',(2.5,21.9548158472616,106.943729590688));
#2837=CARTESIAN_POINT('',(2.5,21.5283354669395,107.634342801517));
#2838=CARTESIAN_POINT('',(2.5,20.9429894744018,108.582212138548));
#2839=CARTESIAN_POINT('',(2.5,20.0425588523244,109.271242045179));
#2840=CARTESIAN_POINT('',(2.5,18.9317227900834,110.201135872491));
#2841=CARTESIAN_POINT('',(2.5,18.9317227900834,110.201135872491));
#2842=CARTESIAN_POINT('',(2.5,18.9317227900834,110.201135872491));
#2843=CARTESIAN_POINT('',(2.5,18.8431453970667,111.070319429219));
#2844=CARTESIAN_POINT('',(2.5,18.3827952403309,113.329629625722));
#2845=CARTESIAN_POINT('',(2.5,17.2593001246464,116.541889873367));
#2846=CARTESIAN_POINT('',(2.5,15.5061117775841,119.883616083332));
#2847=CARTESIAN_POINT('',(2.5,12.6686383035114,122.508904064819));
#2848=CARTESIAN_POINT('',(2.5,9.65179812832874,124.61547751878));
#2849=CARTESIAN_POINT('',(2.5,7.23535315378593,125.469742209756));
#2850=CARTESIAN_POINT('',(2.5,6.26630327877454,125.698600946196));
#2851=CARTESIAN_POINT('',(2.5,5.42998106363878,125.896113633983));
#2852=CARTESIAN_POINT('',(2.5,4.61740382289877,126.000529573123));
#2853=CARTESIAN_POINT('',(2.5,3.53572980187446,126.154742510652));
#2854=CARTESIAN_POINT('',(2.5,3.53572980187446,126.154742510652));
#2855=CARTESIAN_POINT('',(2.5,3.53572980187446,126.154742510652));
#2856=CARTESIAN_POINT('',(2.5,3.53141855268572,126.203921269848));
#2857=CARTESIAN_POINT('',(2.5,3.53141855268572,126.203921269848));
#2858=CARTESIAN_POINT('',(2.5,2.70650485949931,126.917683714125));
#2859=CARTESIAN_POINT('',(2.5,1.46770220688433,127.201062092126));
#2860=CARTESIAN_POINT('',(2.5,-1.13609596218623E-13,127.086701592997));
#2861=CARTESIAN_POINT('',(2.5,4.32878525567833,125.366084710387));
#2862=CARTESIAN_POINT('',(2.5,4.45683947168711,122.223910966677));
#2863=CARTESIAN_POINT('',(2.5,4.44057945812593,116.620433177181));
#2864=CARTESIAN_POINT('',(2.5,4.2800052149948,108.555651341898));
#2865=CARTESIAN_POINT('',(2.5,4.32878525567833,125.366084710387));
#2866=CARTESIAN_POINT('',(2.5,4.2800052149948,108.555651341898));
#2867=CARTESIAN_POINT('',(2.5,3.74631371135772,108.555651341898));
#2868=CARTESIAN_POINT('',(2.5,3.74631371135772,108.555651341898));
#2869=CARTESIAN_POINT('',(2.5,3.74631371135772,108.555651341898));
#2870=CARTESIAN_POINT('',(2.5,3.86464146334483,116.006888975858));
#2871=CARTESIAN_POINT('',(2.5,3.86152577339048,121.618566768797));
#2872=CARTESIAN_POINT('',(2.5,3.59756641796539,125.366084710387));
#2873=CARTESIAN_POINT('',(2.5,3.59756641796539,125.366084710387));
#2874=CARTESIAN_POINT('',(2.5,4.32878525567833,125.366084710387));
#2875=CARTESIAN_POINT('',(2.5,4.26988827079524,108.053637112399));
#2876=CARTESIAN_POINT('',(2.5,7.43912711601766,107.915265877396));
#2877=CARTESIAN_POINT('',(2.5,12.1001823198152,107.674698683825));
#2878=CARTESIAN_POINT('',(2.5,18.4430950846487,107.361942037241));
#2879=CARTESIAN_POINT('',(2.5,4.26988827079524,108.053637112399));
#2880=CARTESIAN_POINT('',(2.5,18.4430950846487,107.361942037241));
#2881=CARTESIAN_POINT('',(2.5,18.4430950846487,106.705899273066));
#2882=CARTESIAN_POINT('',(2.5,18.4430950846487,106.705899273066));
#2883=CARTESIAN_POINT('',(2.5,18.4430950846487,106.705899273066));
#2884=CARTESIAN_POINT('',(2.5,16.5680175520857,107.178429108499));
#2885=CARTESIAN_POINT('',(2.5,11.8387505577087,107.392864345437));
#2886=CARTESIAN_POINT('',(2.5,4.25529410151421,107.349204983881));
#2887=CARTESIAN_POINT('',(2.5,4.25529410151421,107.349204983881));
#2888=CARTESIAN_POINT('',(2.5,4.25529410151421,107.349204983881));
#2889=CARTESIAN_POINT('',(2.5,4.26027611558481,107.586016111204));
#2890=CARTESIAN_POINT('',(2.5,4.26514083867849,107.82082682071));
#2891=CARTESIAN_POINT('',(2.5,4.26988827079524,108.053637112399));
#2892=CARTESIAN_POINT('',(6.82370048204848E-15,111.443166381582,-3842.22328452674));
#2893=CARTESIAN_POINT('',(9.18454765366783E-16,15.,75.));
#2894=CARTESIAN_POINT('',(9.18454765366783E-16,15.,75.));
#2895=CARTESIAN_POINT('',(9.18454765366783E-16,15.,-75.));
#2896=CARTESIAN_POINT('',(9.18454765366783E-16,15.,-75.));
#2897=CARTESIAN_POINT('',(-9.18454765366783E-16,-15.,-75.));
#2898=CARTESIAN_POINT('',(-9.18454765366783E-16,-15.,-75.));
#2899=CARTESIAN_POINT('',(-9.18454765366783E-16,-15.,75.));
#2900=CARTESIAN_POINT('',(-9.18454765366783E-16,-15.,75.));
#2901=CARTESIAN_POINT('',(-6.51913714354236E-16,-10.6469105328322,75.));
#2902=CARTESIAN_POINT('',(-2.16229879881265E-16,3.53141855268572,126.203921269848));
#2903=CARTESIAN_POINT('',(-1.65720152379707E-16,2.70650485949931,126.917683714125));
#2904=CARTESIAN_POINT('',(-8.98678724034912E-17,1.46770220688433,127.201062092126));
#2905=CARTESIAN_POINT('',(-5.62391344284032E-31,-1.13609596218623E-13,127.086701592997));
#2906=CARTESIAN_POINT('',(-2.16229879881265E-16,3.53141855268572,126.203921269848));
#2907=CARTESIAN_POINT('',(-2.16493859038737E-16,3.53572980187446,126.154742510652));
#2908=CARTESIAN_POINT('',(-2.16493859038737E-16,3.53572980187446,126.154742510652));
#2909=CARTESIAN_POINT('',(-1.15919540087701E-15,18.9317227900834,110.201135872491));
#2910=CARTESIAN_POINT('',(-1.15377177896234E-15,18.8431453970667,111.070319429219));
#2911=CARTESIAN_POINT('',(-1.12558439261625E-15,18.3827952403309,113.329629625722));
#2912=CARTESIAN_POINT('',(-1.05679242975848E-15,17.2593001246464,116.541889873367));
#2913=CARTESIAN_POINT('',(-9.49444150295484E-16,15.5061117775841,119.883616083332));
#2914=CARTESIAN_POINT('',(-7.7570474803789E-16,12.6686383035114,122.508904064819));
#2915=CARTESIAN_POINT('',(-5.90982665688122E-16,9.65179812832874,124.61547751878));
#2916=CARTESIAN_POINT('',(-4.43022972213759E-16,7.23535315378593,125.469742209756));
#2917=CARTESIAN_POINT('',(-3.83687740508272E-16,6.26630327877454,125.698600946196));
#2918=CARTESIAN_POINT('',(-3.32479465583369E-16,5.42998106363878,125.896113633983));
#2919=CARTESIAN_POINT('',(-2.82725102984286E-16,4.61740382289877,126.000529573123));
#2920=CARTESIAN_POINT('',(-2.16493859038737E-16,3.53572980187446,126.154742510652));
#2921=CARTESIAN_POINT('',(-1.15919540087701E-15,18.9317227900834,110.201135872491));
#2922=CARTESIAN_POINT('',(-1.35311168045987E-15,22.0987205600621,99.3289054600811));
#2923=CARTESIAN_POINT('',(-1.35543181236612E-15,22.1366124409757,99.5234676611656));
#2924=CARTESIAN_POINT('',(-1.37664509744799E-15,22.4830631190349,101.367983657276));
#2925=CARTESIAN_POINT('',(-1.39455849985566E-15,22.7756208434295,104.321830467993));
#2926=CARTESIAN_POINT('',(-1.34430034917785E-15,21.9548158472616,106.943729590688));
#2927=CARTESIAN_POINT('',(-1.31818682000169E-15,21.5283354669395,107.634342801517));
#2928=CARTESIAN_POINT('',(-1.28234589891938E-15,20.9429894744018,108.582212138548));
#2929=CARTESIAN_POINT('',(-1.22721224587078E-15,20.0425588523244,109.271242045179));
#2930=CARTESIAN_POINT('',(-1.15919540087701E-15,18.9317227900834,110.201135872491));
#2931=CARTESIAN_POINT('',(-1.35311168045987E-15,22.0987205600621,99.3289054600811));
#2932=CARTESIAN_POINT('',(-1.35311168045987E-15,22.0987205600621,99.3289054600811));
#2933=CARTESIAN_POINT('',(-1.30024429168172E-15,21.2353020645899,99.3289054600811));
#2934=CARTESIAN_POINT('',(-1.30024429168172E-15,21.2353020645899,99.3289054600811));
#2935=CARTESIAN_POINT('',(-1.27381059729264E-15,20.8035928168538,79.3374464495331));
#2936=CARTESIAN_POINT('',(-1.27381059729264E-15,20.8035928168538,79.3374464495331));
#2937=CARTESIAN_POINT('',(-1.15587565309523E-15,18.8775054038775,78.2747775320289));
#2938=CARTESIAN_POINT('',(-1.15587565309523E-15,18.8775054038775,78.2747775320289));
#2939=CARTESIAN_POINT('',(3.31587011180853E-16,5.41540569581183,75.));
#2940=CARTESIAN_POINT('',(5.73739232760599E-17,5.4154160653789,74.9999994478332));
#2941=CARTESIAN_POINT('',(2.48941066497211E-17,4.35444874341052,74.9999953132656));
#2942=CARTESIAN_POINT('',(3.31588281049221E-16,5.41542643502102,74.9999988970007));
#2943=CARTESIAN_POINT('',(3.3217170060049E-16,5.42495471403816,75.1793726303427));
#2944=CARTESIAN_POINT('',(3.33076176452333E-16,5.43972641351562,75.4387794046802));
#2945=CARTESIAN_POINT('',(3.34205130613809E-16,5.45816424307535,75.732687586689));
#2946=CARTESIAN_POINT('',(3.35644626856921E-16,5.48167377719819,76.0790437326451));
#2947=CARTESIAN_POINT('',(3.3759905718807E-16,5.51359310090656,76.4907336192809));
#2948=CARTESIAN_POINT('',(3.41025585479466E-16,5.56955440276819,77.1099174869858));
#2949=CARTESIAN_POINT('',(3.46963269857669E-16,5.66652735019198,77.9588304775587));
#2950=CARTESIAN_POINT('',(3.53666965914369E-16,5.77601063085233,78.7382400478424));
#2951=CARTESIAN_POINT('',(3.60187057192864E-16,5.8824953189016,79.427683331855));
#2952=CARTESIAN_POINT('',(3.65881905159733E-16,5.97550231578826,79.9913166973785));
#2953=CARTESIAN_POINT('',(3.70211430171273E-16,6.04621116027576,80.400659116215));
#2954=CARTESIAN_POINT('',(3.75673296970764E-16,6.13541316028894,80.9024026857236));
#2955=CARTESIAN_POINT('',(3.80558281210294E-16,6.21519364198058,81.3378659046985));
#2956=CARTESIAN_POINT('',(3.84881948374261E-16,6.28580681739768,81.7164742926526));
#2957=CARTESIAN_POINT('',(3.88014161717885E-16,6.33696143265582,81.9878582296377));
#2958=CARTESIAN_POINT('',(3.92271722913849E-16,6.40649498003087,82.3534441634772));
#2959=CARTESIAN_POINT('',(3.97302905261875E-16,6.48866313688099,82.7828575956719));
#2960=CARTESIAN_POINT('',(4.02974668277036E-16,6.58129311544443,83.2614890485717));
#2961=CARTESIAN_POINT('',(4.07700682574496E-16,6.65847733521771,83.6517949419983));
#2962=CARTESIAN_POINT('',(4.10867810239847E-16,6.71020216345278,83.9078012626806));
#2963=CARTESIAN_POINT('',(4.12743565926696E-16,6.74083659027891,84.0558589738227));
#2964=CARTESIAN_POINT('',(4.13802156111173E-16,6.75812525093584,84.138353713866));
#2965=CARTESIAN_POINT('',(4.16485232918616E-16,6.80194466766624,84.3430912780251));
#2966=CARTESIAN_POINT('',(4.20446888542058E-16,6.86664555070637,84.6338383631072));
#2967=CARTESIAN_POINT('',(4.26240022725889E-16,6.96125773634051,85.0344456515723));
#2968=CARTESIAN_POINT('',(4.34125627922268E-16,7.09004369554718,85.5238900975008));
#2969=CARTESIAN_POINT('',(4.45771637014974E-16,7.28024373911799,86.1733221386001));
#2970=CARTESIAN_POINT('',(4.63271517631217E-16,7.56604791711562,87.007278862456));
#2971=CARTESIAN_POINT('',(4.81821758845075E-16,7.86900635197848,87.7174894116471));
#2972=CARTESIAN_POINT('',(4.94506908199802E-16,8.07617740437639,88.149007182186));
#2973=CARTESIAN_POINT('',(5.0485426139317E-16,8.24516808715492,88.4841036953506));
#2974=CARTESIAN_POINT('',(5.15115110946906E-16,8.41274601163176,88.788927290951));
#2975=CARTESIAN_POINT('',(5.24927145594719E-16,8.57299399037507,89.0581275673324));
#2976=CARTESIAN_POINT('',(5.36863515789511E-16,8.76793614721649,89.364772979168));
#2977=CARTESIAN_POINT('',(5.52433570179799E-16,9.0222228303076,89.7163031916642));
#2978=CARTESIAN_POINT('',(5.71816587542721E-16,9.33878198096724,90.0840841552043));
#2979=CARTESIAN_POINT('',(6.03113430904614E-16,9.84991510165057,90.5582927030393));
#2980=CARTESIAN_POINT('',(6.47457260478605E-16,10.5741287142221,91.0198781105576));
#2981=CARTESIAN_POINT('',(7.08430495297051E-16,11.5699300936308,91.3082790195822));
#2982=CARTESIAN_POINT('',(7.73604899968313E-16,12.634344049476,91.0823140737651));
#2983=CARTESIAN_POINT('',(8.13803070478198E-16,13.2908516755293,90.5513416239018));
#2984=CARTESIAN_POINT('',(8.40830594733076E-16,13.732259221236,90.0080143201448));
#2985=CARTESIAN_POINT('',(8.5870305279523E-16,14.0241482516394,89.5790732733444));
#2986=CARTESIAN_POINT('',(8.76633969998467E-16,14.3169920237996,89.110699080158));
#2987=CARTESIAN_POINT('',(8.97090285810925E-16,14.6510800472466,88.5384917194791));
#2988=CARTESIAN_POINT('',(9.16653641559336E-16,14.9705844445143,87.936137397007));
#2989=CARTESIAN_POINT('',(9.3566841825646E-16,15.2811295701014,87.2861668605234));
#2990=CARTESIAN_POINT('',(9.52009700163598E-16,15.5480117703469,86.6891951030694));
#2991=CARTESIAN_POINT('',(9.67113777218304E-16,15.7946882147008,86.0874391134248));
#2992=CARTESIAN_POINT('',(9.82220663409638E-16,16.0414105372526,85.4308420620315));
#2993=CARTESIAN_POINT('',(9.96044224538058E-16,16.2671738788402,84.7945227551658));
#2994=CARTESIAN_POINT('',(1.01129391412293E-15,16.5162284348169,84.0356214706274));
#2995=CARTESIAN_POINT('',(1.02885413277752E-15,16.8030180403058,83.0615164819119));
#2996=CARTESIAN_POINT('',(1.04373027149702E-15,17.0459718462053,82.1446229997492));
#2997=CARTESIAN_POINT('',(1.05887593749068E-15,17.2933275119078,81.1119769055413));
#2998=CARTESIAN_POINT('',(1.07133683242118E-15,17.4968360906704,80.1779339495344));
#2999=CARTESIAN_POINT('',(1.08036743242998E-15,17.6443218517985,79.4508673725924));
#3000=CARTESIAN_POINT('',(1.08485413460672E-15,17.7175976789692,79.0754168240873));
#3001=CARTESIAN_POINT('',(-1.08485413460672E-15,17.7175976789692,79.0754168240874));
#3002=CARTESIAN_POINT('',(-1.08485413460672E-15,17.7175976789692,79.0754168240874));
#3003=CARTESIAN_POINT('',(-1.15744400886766E-15,18.9031194433201,79.4378952425265));
#3004=CARTESIAN_POINT('',(-1.15744400886766E-15,18.9031194433201,79.4378952425265));
#3005=CARTESIAN_POINT('',(-1.19375188558903E-15,19.4960916520309,106.364396988967));
#3006=CARTESIAN_POINT('',(-1.19375188558903E-15,19.4960916520309,106.364396988967));
#3007=CARTESIAN_POINT('',(-1.15006608624282E-15,18.7826248435361,106.60707904847));
#3008=CARTESIAN_POINT('',(-1.15006608624282E-15,18.7826248435361,106.60707904847));
#3009=CARTESIAN_POINT('',(-1.15006608624282E-15,18.7826248435361,99.384251249809));
#3010=CARTESIAN_POINT('',(1.15006608624282E-15,18.7826248435361,99.3842512498091));
#3011=CARTESIAN_POINT('',(1.12702498246421E-15,18.4063226349662,99.2829765588895));
#3012=CARTESIAN_POINT('',(1.09469349682098E-15,17.878291965481,99.1362779568255));
#3013=CARTESIAN_POINT('',(1.05525612585448E-15,17.234209549227,98.9468397439916));
#3014=CARTESIAN_POINT('',(1.02037044190396E-15,16.6644642781587,98.7728866676647));
#3015=CARTESIAN_POINT('',(9.69516480290055E-16,15.8339286296187,98.499141045693));
#3016=CARTESIAN_POINT('',(9.17763771853548E-16,14.9887148468391,98.1871300250142));
#3017=CARTESIAN_POINT('',(8.62808874108568E-16,14.0912036168271,97.8137965080595));
#3018=CARTESIAN_POINT('',(8.1996625821169E-16,13.3915074938542,97.4834499428962));
#3019=CARTESIAN_POINT('',(7.84434414743295E-16,12.8112092885168,97.1839092784771));
#3020=CARTESIAN_POINT('',(7.47437995287616E-16,12.2069919522242,96.8504390669258));
#3021=CARTESIAN_POINT('',(7.14074121365797E-16,11.6621005458113,96.5162427241543));
#3022=CARTESIAN_POINT('',(6.82137023881284E-16,11.1405109364674,96.1614690556887));
#3023=CARTESIAN_POINT('',(6.47448796127625E-16,10.5739904763149,95.7427114895355));
#3024=CARTESIAN_POINT('',(6.17115994479299E-16,10.0786018715825,95.3206130962518));
#3025=CARTESIAN_POINT('',(5.90006018356014E-16,9.6358477402052,94.8888365866102));
#3026=CARTESIAN_POINT('',(5.61935661649692E-16,9.17740888565072,94.3892740278472));
#3027=CARTESIAN_POINT('',(5.39177345233962E-16,8.80572509771848,93.9027956002985));
#3028=CARTESIAN_POINT('',(5.16703742620867E-16,8.4386911926118,93.3271628066401));
#3029=CARTESIAN_POINT('',(5.02683922672428E-16,8.20972259540211,92.9260712892815));
#3030=CARTESIAN_POINT('',(4.88121054875524E-16,7.97188506089235,92.4649636243189));
#3031=CARTESIAN_POINT('',(4.76130880781653E-16,7.77606419067646,92.0473545769909));
#3032=CARTESIAN_POINT('',(4.63567801081766E-16,7.57088675287085,91.5731001944619));
#3033=CARTESIAN_POINT('',(4.49061692073092E-16,7.33397619033138,90.9821946134549));
#3034=CARTESIAN_POINT('',(4.35568681147911E-16,7.11361132152165,90.3827471161807));
#3035=CARTESIAN_POINT('',(4.22326471683334E-16,6.89734248667126,89.7358982841817));
#3036=CARTESIAN_POINT('',(4.10563392355424E-16,6.70523047792343,89.1250001575264));
#3037=CARTESIAN_POINT('',(3.99816231196485E-16,6.52971021991734,88.5169976520466));
#3038=CARTESIAN_POINT('',(3.90674206416907E-16,6.38040469408788,87.9566426018165));
#3039=CARTESIAN_POINT('',(3.85352500192682E-16,6.29349176557636,87.615999597285));
#3040=CARTESIAN_POINT('',(3.78665493102552E-16,6.18428104542525,87.1762802282922));
#3041=CARTESIAN_POINT('',(3.68895384632593E-16,6.02471779574156,86.4982961547297));
#3042=CARTESIAN_POINT('',(3.57283242350088E-16,5.83507085742116,85.6144202203516));
#3043=CARTESIAN_POINT('',(3.49808968606122E-16,5.71300267247936,85.0162298578895));
#3044=CARTESIAN_POINT('',(3.38093726818577E-16,5.52167193585563,84.0552339894165));
#3045=CARTESIAN_POINT('',(3.24215790194158E-16,5.29502054569909,82.8374641772769));
#3046=CARTESIAN_POINT('',(3.11342199263179E-16,5.08477190717463,81.5970237189866));
#3047=CARTESIAN_POINT('',(2.98515597151638E-16,4.87529067965191,80.2581022376876));
#3048=CARTESIAN_POINT('',(2.88540322063865E-16,4.71237669416364,79.0454940115263));
#3049=CARTESIAN_POINT('',(2.81083055601095E-16,4.59058626837509,77.9200612570852));
#3050=CARTESIAN_POINT('',(2.77549587182617E-16,4.53287844402077,77.3151644517598));
#3051=CARTESIAN_POINT('',(2.75165769896938E-16,4.49394646758216,76.8746875592998));
#3052=CARTESIAN_POINT('',(2.72778823820365E-16,4.454963392423,76.400636523068));
#3053=CARTESIAN_POINT('',(2.70836436766426E-16,4.42324075685319,75.9854385824967));
#3054=CARTESIAN_POINT('',(2.69515551437401E-16,4.40166834993399,75.6882518555389));
#3055=CARTESIAN_POINT('',(2.68738346767218E-16,4.38897521523389,75.5084615443811));
#3056=CARTESIAN_POINT('',(2.68016792431322E-16,4.37719094947954,75.3388732385029));
#3057=CARTESIAN_POINT('',(2.67242124220648E-16,4.36453923967488,75.1518022273083));
#3058=CARTESIAN_POINT('',(2.66628646904445E-16,4.35452006389178,74.9999906062975));
#3059=CARTESIAN_POINT('',(1.57600883799356E-16,2.57390276160882,75.0000000000882));
#3060=CARTESIAN_POINT('',(-2.96199426025619E-17,2.57390003004437,75.0000002575398));
#3061=CARTESIAN_POINT('',(1.57600549291977E-16,2.57389729850832,75.0000005152915));
#3062=CARTESIAN_POINT('',(1.59228456632605E-16,2.60048392098577,75.2817538810648));
#3063=CARTESIAN_POINT('',(1.62266916521864E-16,2.65010737557221,75.8213791027452));
#3064=CARTESIAN_POINT('',(1.67167002990198E-16,2.73013450352299,76.7397619200624));
#3065=CARTESIAN_POINT('',(1.71805916976619E-16,2.80589622028921,77.7345718705184));
#3066=CARTESIAN_POINT('',(1.75494569024575E-16,2.86613846934244,78.6519703497685));
#3067=CARTESIAN_POINT('',(1.77526217640693E-16,2.89931890499472,79.1962494036887));
#3068=CARTESIAN_POINT('',(1.78723858394036E-16,2.91887850877441,79.5329247555164));
#3069=CARTESIAN_POINT('',(1.79733859874076E-16,2.93537362946176,79.8287721188796));
#3070=CARTESIAN_POINT('',(1.8041766418453E-16,2.9465413701536,80.0338297136326));
#3071=CARTESIAN_POINT('',(1.81773515299788E-16,2.96868483055663,80.4513087981468));
#3072=CARTESIAN_POINT('',(1.83646743514846E-16,2.99927797927271,81.0634828763258));
#3073=CARTESIAN_POINT('',(1.8557498700426E-16,3.03076962527627,81.7380051172425));
#3074=CARTESIAN_POINT('',(1.87119253358896E-16,3.05599024167789,82.3050651283361));
#3075=CARTESIAN_POINT('',(1.88104449949264E-16,3.07208025439571,82.6782593315914));
#3076=CARTESIAN_POINT('',(1.88864803711329E-16,3.08449818379308,82.9723025978699));
#3077=CARTESIAN_POINT('',(1.89521976491427E-16,3.09523098422395,83.2306707158373));
#3078=CARTESIAN_POINT('',(1.89855764525184E-16,3.10068233653345,83.3636644736503));
#3079=CARTESIAN_POINT('',(1.90395966211329E-16,3.10950479094026,83.5800717012728));
#3080=CARTESIAN_POINT('',(1.91130747300823E-16,3.12150507310768,83.8777321863449));
#3081=CARTESIAN_POINT('',(1.92147106791219E-16,3.13810403141332,84.2936931587442));
#3082=CARTESIAN_POINT('',(1.9328051485524E-16,3.15661460112387,84.7614298206776));
#3083=CARTESIAN_POINT('',(1.94989015205963E-16,3.18451745080927,85.4709726008533));
#3084=CARTESIAN_POINT('',(1.96736204087597E-16,3.2130521530208,86.1893955401279));
#3085=CARTESIAN_POINT('',(1.98079555692049E-16,3.23499147417912,86.7336010971967));
#3086=CARTESIAN_POINT('',(2.00021762240413E-16,3.26671116177183,87.4997706150686));
#3087=CARTESIAN_POINT('',(2.01960379644086E-16,3.2983722322476,88.2464389125758));
#3088=CARTESIAN_POINT('',(2.03697446457077E-16,3.32674162307379,88.9026998566496));
#3089=CARTESIAN_POINT('',(2.05162349504508E-16,3.35066609550298,89.4481715086858));
#3090=CARTESIAN_POINT('',(2.05967761405681E-16,3.36381990445813,89.7456170829538));
#3091=CARTESIAN_POINT('',(2.06580997825772E-16,3.37383514597926,89.9707916606841));
#3092=CARTESIAN_POINT('',(2.06811794494158E-16,3.37760446609856,90.055369984965));
#3093=CARTESIAN_POINT('',(2.07315062848459E-16,3.38582373350203,90.2394356020599));
#3094=CARTESIAN_POINT('',(2.08893101211569E-16,3.41159590687323,90.8138351350215));
#3095=CARTESIAN_POINT('',(2.10978928122093E-16,3.44566117044163,91.5642767721676));
#3096=CARTESIAN_POINT('',(2.13373995032127E-16,3.48477687325596,92.4182289478866));
#3097=CARTESIAN_POINT('',(2.14634973702116E-16,3.50537089787545,92.8666048516235));
#3098=CARTESIAN_POINT('',(2.15969679362503E-16,3.5271690153884,93.3396714101015));
#3099=CARTESIAN_POINT('',(2.18258121290137E-16,3.56454334258327,94.1506784716946));
#3100=CARTESIAN_POINT('',(2.20534721846712E-16,3.60172427912618,94.9584758518728));
#3101=CARTESIAN_POINT('',(2.22813949066973E-16,3.63894811375918,95.7686155070891));
#3102=CARTESIAN_POINT('',(2.24089781277435E-16,3.659784723115,96.223570917395));
#3103=CARTESIAN_POINT('',(2.24765945306682E-16,3.67082768442474,96.4654393388068));
#3104=CARTESIAN_POINT('',(2.25078086034351E-16,3.67592549772115,96.5773239744909));
#3105=CARTESIAN_POINT('',(2.2532116916777E-16,3.67989547766876,96.664572724829));
#3106=CARTESIAN_POINT('',(2.26295627960012E-16,3.69581012304357,97.0154241336813));
#3107=CARTESIAN_POINT('',(2.27266858117699E-16,3.71167203907327,97.3668584894189));
#3108=CARTESIAN_POINT('',(2.2890378446152E-16,3.7384059579152,97.9623036694655));
#3109=CARTESIAN_POINT('',(2.30824771680801E-16,3.76977909612055,98.667898934926));
#3110=CARTESIAN_POINT('',(2.33017908591522E-16,3.80559692286751,99.4843766439657));
#3111=CARTESIAN_POINT('',(2.34389260384752E-16,3.82799353691331,100.002773499559));
#3112=CARTESIAN_POINT('',(2.35053588159468E-16,3.83884319113309,100.255971846199));
#3113=CARTESIAN_POINT('',(-2.35053588159473E-16,3.83884319113308,100.255971846199));
#3114=CARTESIAN_POINT('',(-1.06711418336637E-15,17.4278727206594,102.756785022917));
#3115=CARTESIAN_POINT('',(-9.73281122078272E-16,15.8954119262954,102.351942122201));
#3116=CARTESIAN_POINT('',(-8.02773359357341E-16,13.1107168740654,101.631072964185));
#3117=CARTESIAN_POINT('',(-5.12299631428908E-16,8.36676422312943,100.804928207227));
#3118=CARTESIAN_POINT('',(-3.35849997241111E-16,5.48502784087005,100.449913228904));
#3119=CARTESIAN_POINT('',(-2.35053588159473E-16,3.83884319113308,100.255971846199));
#3120=CARTESIAN_POINT('',(-1.06711418336637E-15,17.4278727206594,102.756785022917));
#3121=CARTESIAN_POINT('',(-1.06132804141726E-15,17.3333747306556,103.114490356445));
#3122=CARTESIAN_POINT('',(-1.08398185027015E-15,17.703351724196,103.114490356445));
#3123=CARTESIAN_POINT('',(-1.08398185027015E-15,17.703351724196,104.101743042657));
#3124=CARTESIAN_POINT('',(-1.08398185027015E-15,17.703351724196,104.101743042657));
#3125=CARTESIAN_POINT('',(-1.07254353180812E-15,17.5165436380495,104.101743042657));
#3126=CARTESIAN_POINT('',(-1.07292025003137E-15,17.5226961167145,104.288449786124));
#3127=CARTESIAN_POINT('',(6.82370048204848E-15,-111.443166381578,-3842.22328452674));
#3128=CARTESIAN_POINT('',(-2.66619912871219E-16,-4.35437742159373,75.));
#3129=CARTESIAN_POINT('',(-2.2891283761678E-16,3.73855381204361,108.074890490773));
#3130=CARTESIAN_POINT('',(-2.28670737745929E-16,3.73459989052269,107.833737753404));
#3131=CARTESIAN_POINT('',(-2.2842119837104E-16,3.730524468668,107.590698800539));
#3132=CARTESIAN_POINT('',(-2.28164499862713E-16,3.7263321254301,107.345774440226));
#3133=CARTESIAN_POINT('',(-2.28164499862713E-16,3.7263321254301,107.345774440226));
#3134=CARTESIAN_POINT('',(-4.29823214746977E-16,7.01977763557056,-335.55974166528));
#3135=CARTESIAN_POINT('',(-2.65052896421823E-16,4.32878525567833,125.366084710387));
#3136=CARTESIAN_POINT('',(-2.72893696749727E-16,4.45683947168711,122.223910966677));
#3137=CARTESIAN_POINT('',(-2.71898090953714E-16,4.44057945812593,116.620433177181));
#3138=CARTESIAN_POINT('',(-2.62066079033784E-16,4.2800052149948,108.555651341898));
#3139=CARTESIAN_POINT('',(-2.65052896421823E-16,4.32878525567833,125.366084710387));
#3140=CARTESIAN_POINT('',(-2.62066079033784E-16,4.2800052149948,108.555651341898));
#3141=CARTESIAN_POINT('',(-2.65052896421823E-16,4.32878525567833,125.366084710387));
#3142=CARTESIAN_POINT('',(-2.20280134686929E-16,3.59756641796539,125.366084710387));
#3143=CARTESIAN_POINT('',(-2.29387978717034E-16,3.74631371135772,108.555651341898));
#3144=CARTESIAN_POINT('',(-2.36633224562881E-16,3.86464146334483,116.006888975858));
#3145=CARTESIAN_POINT('',(-2.3644244987715E-16,3.86152577339048,121.618566768797));
#3146=CARTESIAN_POINT('',(-2.20280134686929E-16,3.59756641796539,125.366084710387));
#3147=CARTESIAN_POINT('',(-2.29387978717034E-16,3.74631371135772,108.555651341898));
#3148=CARTESIAN_POINT('',(-2.29387978717034E-16,3.74631371135772,108.555651341898));
#3149=CARTESIAN_POINT('',(-2.61446615326381E-16,4.26988827079524,108.053637112399));
#3150=CARTESIAN_POINT('',(-4.55500116658385E-16,7.43912711601766,107.915265877396));
#3151=CARTESIAN_POINT('',(-7.4089800756275E-16,12.1001823198152,107.674698683825));
#3152=CARTESIAN_POINT('',(-1.12927657124056E-15,18.4430950846487,107.361942037241));
#3153=CARTESIAN_POINT('',(-2.61446615326381E-16,4.26988827079524,108.053637112399));
#3154=CARTESIAN_POINT('',(-1.12927657124056E-15,18.4430950846487,107.361942037241));
#3155=CARTESIAN_POINT('',(-2.60553009704866E-16,4.25529410151421,107.349204983881));
#3156=CARTESIAN_POINT('',(-2.6085806000915E-16,4.26027611558481,107.586016111204));
#3157=CARTESIAN_POINT('',(-2.61155928549655E-16,4.26514083867849,107.82082682071));
#3158=CARTESIAN_POINT('',(-2.61446615326381E-16,4.26988827079524,108.053637112399));
#3159=CARTESIAN_POINT('',(-2.60553009704866E-16,4.25529410151421,107.349204983881));
#3160=CARTESIAN_POINT('',(-1.12927657124056E-15,18.4430950846487,106.705899273066));
#3161=CARTESIAN_POINT('',(-1.01446497822625E-15,16.5680175520857,107.178429108499));
#3162=CARTESIAN_POINT('',(-7.24890457714423E-16,11.8387505577087,107.392864345437));
#3163=CARTESIAN_POINT('',(-2.60553009704866E-16,4.25529410151421,107.349204983881));
#3164=CARTESIAN_POINT('',(-1.12927657124056E-15,18.4430950846487,106.705899273066));
#3165=CARTESIAN_POINT('',(-1.12927657124056E-15,18.4430950846487,106.705899273066));
#3166=CARTESIAN_POINT('',(1.5,7.01977763557056,-335.55974166528));
#3167=CARTESIAN_POINT('',(1.5,3.7263321254301,107.345774440226));
#3168=CARTESIAN_POINT('',(1.5,4.32878525567833,125.366084710387));
#3169=CARTESIAN_POINT('',(1.5,4.32878525567833,125.366084710387));
#3170=CARTESIAN_POINT('',(1.5,3.59756641796539,125.366084710387));
#3171=CARTESIAN_POINT('',(2.5,4.25529410151421,107.349204983881));
#3172=CARTESIAN_POINT('',(-4.33680868994202E-16,4.25529410151421,107.349204983881));
#3173=CARTESIAN_POINT('',(2.5,4.26027611558481,107.586016111204));
#3174=CARTESIAN_POINT('',(-4.33680868994202E-16,4.26027611558481,107.586016111204));
#3175=CARTESIAN_POINT('',(2.5,4.26514083867849,107.82082682071));
#3176=CARTESIAN_POINT('',(-4.33680868994202E-16,4.26514083867849,107.82082682071));
#3177=CARTESIAN_POINT('',(2.5,4.26988827079524,108.053637112399));
#3178=CARTESIAN_POINT('',(-4.33680868994202E-16,4.26988827079524,108.053637112399));
#3179=CARTESIAN_POINT('',(1.5,4.26988827079524,108.053637112399));
#3180=CARTESIAN_POINT('',(1.5,4.25529410151421,107.349204983881));
#3181=CARTESIAN_POINT('',(2.5,3.74631371135772,108.555651341898));
#3182=CARTESIAN_POINT('',(-4.33680868994202E-16,3.74631371135772,108.555651341898));
#3183=CARTESIAN_POINT('',(2.5,3.86464146334483,116.006888975858));
#3184=CARTESIAN_POINT('',(-4.33680868994202E-16,3.86464146334483,116.006888975858));
#3185=CARTESIAN_POINT('',(2.5,3.86152577339048,121.618566768797));
#3186=CARTESIAN_POINT('',(-4.33680868994202E-16,3.86152577339048,121.618566768797));
#3187=CARTESIAN_POINT('',(2.5,3.59756641796539,125.366084710387));
#3188=CARTESIAN_POINT('',(-4.33680868994202E-16,3.59756641796539,125.366084710387));
#3189=CARTESIAN_POINT('',(1.5,3.74631371135772,108.555651341898));
#3190=CARTESIAN_POINT('',(1.5,3.74631371135772,108.555651341898));
#3191=CARTESIAN_POINT('',(1.5,4.2800052149948,108.555651341898));
#3192=CARTESIAN_POINT('',(2.5,4.32878525567833,125.366084710387));
#3193=CARTESIAN_POINT('',(-4.33680868994202E-16,4.32878525567833,125.366084710387));
#3194=CARTESIAN_POINT('',(2.5,4.45683947168711,122.223910966677));
#3195=CARTESIAN_POINT('',(-4.33680868994202E-16,4.45683947168711,122.223910966677));
#3196=CARTESIAN_POINT('',(2.5,4.44057945812593,116.620433177181));
#3197=CARTESIAN_POINT('',(-4.33680868994202E-16,4.44057945812593,116.620433177181));
#3198=CARTESIAN_POINT('',(2.5,4.2800052149948,108.555651341898));
#3199=CARTESIAN_POINT('',(-4.33680868994202E-16,4.2800052149948,108.555651341898));
#3200=CARTESIAN_POINT('',(2.5,18.4430950846487,106.705899273066));
#3201=CARTESIAN_POINT('',(-8.67361737988404E-16,18.4430950846487,106.705899273066));
#3202=CARTESIAN_POINT('',(2.5,16.5680175520857,107.178429108499));
#3203=CARTESIAN_POINT('',(-8.67361737988404E-16,16.5680175520857,107.178429108499));
#3204=CARTESIAN_POINT('',(2.5,11.8387505577087,107.392864345437));
#3205=CARTESIAN_POINT('',(-8.67361737988404E-16,11.8387505577087,107.392864345437));
#3206=CARTESIAN_POINT('',(2.5,4.25529410151421,107.349204983881));
#3207=CARTESIAN_POINT('',(0.,4.25529410151421,107.349204983881));
#3208=CARTESIAN_POINT('',(1.5,18.4430950846487,106.705899273066));
#3209=CARTESIAN_POINT('',(1.5,18.4430950846487,106.705899273066));
#3210=CARTESIAN_POINT('',(1.5,18.4430950846487,107.361942037241));
#3211=CARTESIAN_POINT('',(2.5,4.26988827079524,108.053637112399));
#3212=CARTESIAN_POINT('',(0.,4.26988827079524,108.053637112399));
#3213=CARTESIAN_POINT('',(2.5,7.43912711601766,107.915265877396));
#3214=CARTESIAN_POINT('',(-4.33680868994202E-16,7.43912711601766,107.915265877396));
#3215=CARTESIAN_POINT('',(2.5,12.1001823198152,107.674698683825));
#3216=CARTESIAN_POINT('',(-8.67361737988404E-16,12.1001823198152,107.674698683825));
#3217=CARTESIAN_POINT('',(2.5,18.4430950846487,107.361942037241));
#3218=CARTESIAN_POINT('',(-8.67361737988404E-16,18.4430950846487,107.361942037241));
#3219=CARTESIAN_POINT('',(2.5,3.73855381204361,108.074890490773));
#3220=CARTESIAN_POINT('',(0.,3.73855381204361,108.074890490773));
#3221=CARTESIAN_POINT('',(2.5,3.73459989052269,107.833737753404));
#3222=CARTESIAN_POINT('',(0.,3.73459989052269,107.833737753404));
#3223=CARTESIAN_POINT('',(2.5,3.730524468668,107.590698800539));
#3224=CARTESIAN_POINT('',(0.,3.730524468668,107.590698800539));
#3225=CARTESIAN_POINT('',(2.5,3.7263321254301,107.345774440226));
#3226=CARTESIAN_POINT('',(0.,3.7263321254301,107.345774440226));
#3227=CARTESIAN_POINT('',(2.5,3.53141855268572,126.203921269848));
#3228=CARTESIAN_POINT('',(-4.33680868994202E-16,3.53141855268572,126.203921269848));
#3229=CARTESIAN_POINT('',(2.5,2.70650485949931,126.917683714125));
#3230=CARTESIAN_POINT('',(-4.33680868994202E-16,2.70650485949931,126.917683714125));
#3231=CARTESIAN_POINT('',(2.5,1.46770220688433,127.201062092126));
#3232=CARTESIAN_POINT('',(0.,1.46770220688433,127.201062092126));
#3233=CARTESIAN_POINT('',(2.5,-1.13609596218623E-13,127.086701592997));
#3234=CARTESIAN_POINT('',(0.,-1.13609596218623E-13,127.086701592997));
#3235=CARTESIAN_POINT('',(1.5,3.53141855268572,126.203921269848));
#3236=CARTESIAN_POINT('',(1.5,3.53572980187446,126.154742510652));
#3237=CARTESIAN_POINT('',(1.5,3.53572980187446,126.154742510652));
#3238=CARTESIAN_POINT('',(2.5,18.9317227900834,110.201135872491));
#3239=CARTESIAN_POINT('',(-8.67361737988404E-16,18.9317227900834,110.201135872491));
#3240=CARTESIAN_POINT('',(2.5,18.8255177825165,111.243293956799));
#3241=CARTESIAN_POINT('',(-8.67361737988404E-16,18.8255177825165,111.243293956799));
#3242=CARTESIAN_POINT('',(2.5,18.3510942413493,113.405958713283));
#3243=CARTESIAN_POINT('',(0.,18.3510942413493,113.405958713283));
#3244=CARTESIAN_POINT('',(2.5,17.2779938202113,116.423794382615));
#3245=CARTESIAN_POINT('',(-1.73472347597681E-15,17.2779938202113,116.423794382615));
#3246=CARTESIAN_POINT('',(2.5,16.0677356239041,118.868754745939));
#3247=CARTESIAN_POINT('',(0.,16.0677356239041,118.868754745939));
#3248=CARTESIAN_POINT('',(2.5,14.7263917261422,120.550554018944));
#3249=CARTESIAN_POINT('',(-8.67361737988404E-16,14.7263917261422,120.550554018944));
#3250=CARTESIAN_POINT('',(2.5,13.5537000488912,121.672036654366));
#3251=CARTESIAN_POINT('',(-4.33680868994202E-16,13.5537000488912,121.672036654366));
#3252=CARTESIAN_POINT('',(2.5,12.2998082375277,122.703934925878));
#3253=CARTESIAN_POINT('',(4.33680868994202E-16,12.2998082375277,122.703934925878));
#3254=CARTESIAN_POINT('',(2.5,10.9933247169887,123.652768796512));
#3255=CARTESIAN_POINT('',(0.,10.9933247169887,123.652768796512));
#3256=CARTESIAN_POINT('',(2.5,9.83661736905475,124.342694305735));
#3257=CARTESIAN_POINT('',(0.,9.83661736905475,124.342694305735));
#3258=CARTESIAN_POINT('',(2.5,8.85940173153006,124.81940546687));
#3259=CARTESIAN_POINT('',(4.33680868994202E-16,8.85940173153006,124.81940546687));
#3260=CARTESIAN_POINT('',(2.5,8.10318947262316,125.135506735995));
#3261=CARTESIAN_POINT('',(-4.33680868994202E-16,8.10318947262316,125.135506735995));
#3262=CARTESIAN_POINT('',(2.5,7.46214210637646,125.362379133987));
#3263=CARTESIAN_POINT('',(4.33680868994202E-16,7.46214210637646,125.362379133987));
#3264=CARTESIAN_POINT('',(2.5,6.951146743896,125.519649906107));
#3265=CARTESIAN_POINT('',(0.,6.951146743896,125.519649906107));
#3266=CARTESIAN_POINT('',(2.5,6.6265329822655,125.609207137664));
#3267=CARTESIAN_POINT('',(-1.30104260698261E-15,6.6265329822655,125.609207137664));
#3268=CARTESIAN_POINT('',(2.5,6.41236527585852,125.663584842876));
#3269=CARTESIAN_POINT('',(8.67361737988404E-16,6.41236527585852,125.663584842876));
#3270=CARTESIAN_POINT('',(2.5,6.27144493855123,125.697481384529));
#3271=CARTESIAN_POINT('',(-4.33680868994202E-16,6.27144493855123,125.697481384529));
#3272=CARTESIAN_POINT('',(2.5,6.20179695715469,125.713721959393));
#3273=CARTESIAN_POINT('',(4.33680868994202E-16,6.20179695715469,125.713721959393));
#3274=CARTESIAN_POINT('',(2.5,6.10637070372862,125.735504204803));
#3275=CARTESIAN_POINT('',(-4.33680868994202E-16,6.10637070372862,125.735504204803));
#3276=CARTESIAN_POINT('',(2.5,5.88446003528878,125.784004937525));
#3277=CARTESIAN_POINT('',(8.67361737988404E-16,5.88446003528878,125.784004937525));
#3278=CARTESIAN_POINT('',(2.5,5.39854045326385,125.880092050517));
#3279=CARTESIAN_POINT('',(0.,5.39854045326385,125.880092050517));
#3280=CARTESIAN_POINT('',(2.5,4.62503977485759,126.002327003312));
#3281=CARTESIAN_POINT('',(0.,4.62503977485759,126.002327003312));
#3282=CARTESIAN_POINT('',(2.5,3.92159157501751,126.099730671262));
#3283=CARTESIAN_POINT('',(0.,3.92159157501751,126.099730671262));
#3284=CARTESIAN_POINT('',(2.5,3.53572980187446,126.154742510652));
#3285=CARTESIAN_POINT('',(0.,3.53572980187446,126.154742510652));
#3286=CARTESIAN_POINT('',(1.5,18.9317227900834,110.201135872491));
#3287=CARTESIAN_POINT('',(2.5,22.0987205600621,99.3289054600811));
#3288=CARTESIAN_POINT('',(-1.30104260698261E-15,22.0987205600621,99.3289054600811));
#3289=CARTESIAN_POINT('',(2.5,22.1620590650245,99.6541276090413));
#3290=CARTESIAN_POINT('',(-1.30104260698261E-15,22.1620590650245,99.6541276090413));
#3291=CARTESIAN_POINT('',(2.5,22.2599288903091,100.190139596305));
#3292=CARTESIAN_POINT('',(-1.30104260698261E-15,22.2599288903091,100.190139596305));
#3293=CARTESIAN_POINT('',(2.5,22.4377023074363,101.373011847309));
#3294=CARTESIAN_POINT('',(-8.67361737988404E-16,22.4377023074363,101.373011847309));
#3295=CARTESIAN_POINT('',(2.5,22.5680568402285,102.883261035163));
#3296=CARTESIAN_POINT('',(-1.73472347597681E-15,22.5680568402285,102.883261035163));
#3297=CARTESIAN_POINT('',(2.5,22.5099510107144,104.427241133503));
#3298=CARTESIAN_POINT('',(-4.33680868994202E-16,22.5099510107144,104.427241133503));
#3299=CARTESIAN_POINT('',(2.5,22.3055899816291,105.649115248735));
#3300=CARTESIAN_POINT('',(-1.73472347597681E-15,22.3055899816291,105.649115248735));
#3301=CARTESIAN_POINT('',(2.5,22.1010720751272,106.394376873729));
#3302=CARTESIAN_POINT('',(-1.30104260698261E-15,22.1010720751272,106.394376873729));
#3303=CARTESIAN_POINT('',(2.5,21.8836705187881,106.958878172689));
#3304=CARTESIAN_POINT('',(-1.30104260698261E-15,21.8836705187881,106.958878172689));
#3305=CARTESIAN_POINT('',(2.5,21.7218091505967,107.297903575611));
#3306=CARTESIAN_POINT('',(-1.30104260698261E-15,21.7218091505967,107.297903575611));
#3307=CARTESIAN_POINT('',(2.5,21.5980408752528,107.520050725402));
#3308=CARTESIAN_POINT('',(-1.30104260698261E-15,21.5980408752528,107.520050725402));
#3309=CARTESIAN_POINT('',(2.5,21.5182083244951,107.651161664096));
#3310=CARTESIAN_POINT('',(-1.30104260698261E-15,21.5182083244951,107.651161664096));
#3311=CARTESIAN_POINT('',(2.5,21.4824342645164,107.707442722719));
#3312=CARTESIAN_POINT('',(-1.30104260698261E-15,21.4824342645164,107.707442722719));
#3313=CARTESIAN_POINT('',(2.5,21.4206906747204,107.801803821143));
#3314=CARTESIAN_POINT('',(-1.30104260698261E-15,21.4206906747204,107.801803821143));
#3315=CARTESIAN_POINT('',(2.5,21.2799007579411,108.003526545863));
#3316=CARTESIAN_POINT('',(-4.33680868994202E-16,21.2799007579411,108.003526545863));
#3317=CARTESIAN_POINT('',(2.5,21.0439654004771,108.301447632844));
#3318=CARTESIAN_POINT('',(-1.73472347597681E-15,21.0439654004771,108.301447632844));
#3319=CARTESIAN_POINT('',(2.5,20.693093359277,108.675275122908));
#3320=CARTESIAN_POINT('',(-4.33680868994202E-16,20.693093359277,108.675275122908));
#3321=CARTESIAN_POINT('',(2.5,20.3042246212959,109.042275705719));
#3322=CARTESIAN_POINT('',(-1.30104260698261E-15,20.3042246212959,109.042275705719));
#3323=CARTESIAN_POINT('',(2.5,19.7392963035405,109.533891844309));
#3324=CARTESIAN_POINT('',(-4.33680868994202E-16,19.7392963035405,109.533891844309));
#3325=CARTESIAN_POINT('',(2.5,19.2661885322918,109.921150697632));
#3326=CARTESIAN_POINT('',(-8.67361737988404E-16,19.2661885322918,109.921150697632));
#3327=CARTESIAN_POINT('',(2.5,18.9317227900834,110.201135872491));
#3328=CARTESIAN_POINT('',(-8.67361737988404E-16,18.9317227900834,110.201135872491));
#3329=CARTESIAN_POINT('',(1.5,22.0987205600621,99.3289054600811));
#3330=CARTESIAN_POINT('',(1.5,22.0987205600621,99.3289054600811));
#3331=CARTESIAN_POINT('',(1.5,21.2353020645899,99.3289054600811));
#3332=CARTESIAN_POINT('',(1.5,21.2353020645899,99.3289054600811));
#3333=CARTESIAN_POINT('',(1.5,20.8035928168538,79.3374464495331));
#3334=CARTESIAN_POINT('',(1.5,20.8035928168538,79.3374464495331));
#3335=CARTESIAN_POINT('',(1.5,18.8775054038775,78.2747775320289));
#3336=CARTESIAN_POINT('',(1.5,18.8775054038775,78.2747775320289));
#3337=CARTESIAN_POINT('',(2.5,17.7175976789692,79.0754168240874));
#3338=CARTESIAN_POINT('',(-8.67361737988404E-16,17.7175976789692,79.0754168240874));
#3339=CARTESIAN_POINT('',(2.5,17.5743508646349,79.8093845879473));
#3340=CARTESIAN_POINT('',(-8.67361737988404E-16,17.5743508646349,79.8093845879473));
#3341=CARTESIAN_POINT('',(2.5,17.2799615720821,81.2214363921004));
#3342=CARTESIAN_POINT('',(-8.67361737988404E-16,17.2799615720821,81.2214363921004));
#3343=CARTESIAN_POINT('',(2.5,16.7724311283594,83.2274133465482));
#3344=CARTESIAN_POINT('',(0.,16.7724311283594,83.2274133465482));
#3345=CARTESIAN_POINT('',(2.5,16.1564835630166,85.1759066021226));
#3346=CARTESIAN_POINT('',(-8.67361737988404E-16,16.1564835630166,85.1759066021226));
#3347=CARTESIAN_POINT('',(2.5,15.518069861773,86.7999844276591));
#3348=CARTESIAN_POINT('',(-1.30104260698261E-15,15.518069861773,86.7999844276591));
#3349=CARTESIAN_POINT('',(2.5,14.9005268719707,88.0840963630307));
#3350=CARTESIAN_POINT('',(1.30104260698261E-15,14.9005268719707,88.0840963630307));
#3351=CARTESIAN_POINT('',(2.5,14.3740428092919,89.0289778619784));
#3352=CARTESIAN_POINT('',(-1.73472347597681E-15,14.3740428092919,89.0289778619784));
#3353=CARTESIAN_POINT('',(2.5,13.7823862568916,89.9719648715066));
#3354=CARTESIAN_POINT('',(-4.33680868994202E-16,13.7823862568916,89.9719648715066));
#3355=CARTESIAN_POINT('',(2.5,13.0796161922925,90.7991573501907));
#3356=CARTESIAN_POINT('',(-4.33680868994202E-16,13.0796161922925,90.7991573501907));
#3357=CARTESIAN_POINT('',(2.5,12.0962440910983,91.2684035552774));
#3358=CARTESIAN_POINT('',(-4.33680868994202E-16,12.0962440910983,91.2684035552774));
#3359=CARTESIAN_POINT('',(2.5,10.9823705564444,91.2055389873674));
#3360=CARTESIAN_POINT('',(4.33680868994202E-16,10.9823705564444,91.2055389873674));
#3361=CARTESIAN_POINT('',(2.5,10.0239063953685,90.7032327766833));
#3362=CARTESIAN_POINT('',(0.,10.0239063953685,90.7032327766833));
#3363=CARTESIAN_POINT('',(2.5,8.9483840923029,89.7620482347587));
#3364=CARTESIAN_POINT('',(4.33680868994202E-16,8.9483840923029,89.7620482347587));
#3365=CARTESIAN_POINT('',(2.5,8.04231105446096,88.1932728641647));
#3366=CARTESIAN_POINT('',(-4.33680868994202E-16,8.04231105446096,88.1932728641647));
#3367=CARTESIAN_POINT('',(2.5,7.24630266244705,86.2121668325));
#3368=CARTESIAN_POINT('',(0.,7.24630266244705,86.2121668325));
#3369=CARTESIAN_POINT('',(2.5,6.73976942702645,84.1468730376069));
#3370=CARTESIAN_POINT('',(8.67361737988404E-16,6.73976942702645,84.1468730376069));
#3371=CARTESIAN_POINT('',(2.5,6.2167100741913,81.347937476682));
#3372=CARTESIAN_POINT('',(-8.67361737988404E-16,6.2167100741913,81.347937476682));
#3373=CARTESIAN_POINT('',(2.5,5.69297358538471,78.4875559766646));
#3374=CARTESIAN_POINT('',(8.67361737988404E-16,5.69297358538471,78.4875559766646));
#3375=CARTESIAN_POINT('',(2.5,5.44571569954698,75.7909305337742));
#3376=CARTESIAN_POINT('',(0.,5.44571569954698,75.7909305337742));
#3377=CARTESIAN_POINT('',(2.5,5.38409454546027,74.3830559885702));
#3378=CARTESIAN_POINT('',(0.,5.38409454546027,74.3830559885702));
#3379=CARTESIAN_POINT('',(2.5,5.34915716498783,73.6033756069748));
#3380=CARTESIAN_POINT('',(0.,5.34915716498783,73.6033756069748));
#3381=CARTESIAN_POINT('',(1.,5.41540569581186,74.9999999999999));
#3382=CARTESIAN_POINT('',(0.999999999999971,5.41540569580751,75.0000000000001));
#3383=CARTESIAN_POINT('',(1.,5.34915716498796,73.6033756069748));
#3384=CARTESIAN_POINT('',(1.,5.3692895480915,74.0690095909252));
#3385=CARTESIAN_POINT('',(1.,5.39137239169947,74.5345510552669));
#3386=CARTESIAN_POINT('',(1.,5.41540569581189,74.9999999999999));
#3387=CARTESIAN_POINT('',(1.5,17.7175976789692,79.0754168240874));
#3388=CARTESIAN_POINT('',(1.5,17.7175976789692,79.0754168240874));
#3389=CARTESIAN_POINT('',(1.5,18.9031194433201,79.4378952425265));
#3390=CARTESIAN_POINT('',(1.5,18.9031194433201,79.4378952425265));
#3391=CARTESIAN_POINT('',(1.5,19.4960916520309,106.364396988967));
#3392=CARTESIAN_POINT('',(1.5,19.4960916520309,106.364396988967));
#3393=CARTESIAN_POINT('',(1.5,18.7826248435361,106.60707904847));
#3394=CARTESIAN_POINT('',(1.5,18.7826248435361,106.60707904847));
#3395=CARTESIAN_POINT('',(1.5,18.7826248435361,99.384251249809));
#3396=CARTESIAN_POINT('',(2.5,4.25394823703319,73.3986753764638));
#3397=CARTESIAN_POINT('',(-4.33680868994202E-16,4.25394823703319,73.3986753764638));
#3398=CARTESIAN_POINT('',(2.5,4.34459561713266,74.8952567919096));
#3399=CARTESIAN_POINT('',(-4.33680868994202E-16,4.34459561713266,74.8952567919096));
#3400=CARTESIAN_POINT('',(2.5,4.4682871510199,76.8648545679695));
#3401=CARTESIAN_POINT('',(4.33680868994202E-16,4.4682871510199,76.8648545679695));
#3402=CARTESIAN_POINT('',(2.5,4.76167123770545,79.4796189709897));
#3403=CARTESIAN_POINT('',(-1.30104260698261E-15,4.76167123770545,79.4796189709897));
#3404=CARTESIAN_POINT('',(2.5,5.16373176559819,82.1756678933384));
#3405=CARTESIAN_POINT('',(-4.33680868994202E-16,5.16373176559819,82.1756678933384));
#3406=CARTESIAN_POINT('',(2.5,5.79412495383897,85.5798800655246));
#3407=CARTESIAN_POINT('',(-1.30104260698261E-15,5.79412495383897,85.5798800655246));
#3408=CARTESIAN_POINT('',(2.5,6.57847072812671,88.8843972253893));
#3409=CARTESIAN_POINT('',(-8.67361737988404E-16,6.57847072812671,88.8843972253893));
#3410=CARTESIAN_POINT('',(2.5,7.4914483801631,91.4584591610771));
#3411=CARTESIAN_POINT('',(-4.33680868994202E-16,7.4914483801631,91.4584591610771));
#3412=CARTESIAN_POINT('',(2.5,8.36185454098431,93.3354231995376));
#3413=CARTESIAN_POINT('',(-1.30104260698261E-15,8.36185454098431,93.3354231995376));
#3414=CARTESIAN_POINT('',(2.5,9.60399981443358,94.9675967196309));
#3415=CARTESIAN_POINT('',(-4.33680868994202E-16,9.60399981443358,94.9675967196309));
#3416=CARTESIAN_POINT('',(2.5,11.2246972943598,96.2806645993781));
#3417=CARTESIAN_POINT('',(-8.67361737988404E-16,11.2246972943598,96.2806645993781));
#3418=CARTESIAN_POINT('',(2.5,13.0176741692783,97.3294671076478));
#3419=CARTESIAN_POINT('',(0.,13.0176741692783,97.3294671076478));
#3420=CARTESIAN_POINT('',(2.5,15.4139575676073,98.4139265054373));
#3421=CARTESIAN_POINT('',(-1.73472347597681E-15,15.4139575676073,98.4139265054373));
#3422=CARTESIAN_POINT('',(2.5,17.3348176685202,98.9946010675311));
#3423=CARTESIAN_POINT('',(-1.30104260698261E-15,17.3348176685202,98.9946010675311));
#3424=CARTESIAN_POINT('',(2.5,18.7826248435361,99.384251249809));
#3425=CARTESIAN_POINT('',(-1.30104260698261E-15,18.7826248435361,99.384251249809));
#3426=CARTESIAN_POINT('',(1.,4.35437742159367,75.));
#3427=CARTESIAN_POINT('',(1.,4.31936570118568,74.4663214154527));
#3428=CARTESIAN_POINT('',(1.,4.28588930633219,73.9325465409405));
#3429=CARTESIAN_POINT('',(1.,4.25394823703318,73.3986753764635));
#3430=CARTESIAN_POINT('',(0.999999999999971,4.3543774215883,75.0000000000004));
#3431=CARTESIAN_POINT('',(1.,4.25394823703319,73.3986753764638));
#3432=CARTESIAN_POINT('',(1.,4.35437742159373,75.));
#3433=CARTESIAN_POINT('',(1.5,4.25394823703319,73.3986753764638));
#3434=CARTESIAN_POINT('',(1.5,4.25394823703319,73.3986753764638));
#3435=CARTESIAN_POINT('',(1.,2.38597553048289,73.0665913397437));
#3436=CARTESIAN_POINT('',(1.,2.38597553048289,73.0665913397437));
#3437=CARTESIAN_POINT('',(1.5,2.38597553048281,73.0665913397437));
#3438=CARTESIAN_POINT('',(2.5,3.83884319113308,100.255971846199));
#3439=CARTESIAN_POINT('',(-4.33680868994202E-16,3.83884319113308,100.255971846199));
#3440=CARTESIAN_POINT('',(2.5,3.73197614615755,97.7620159513825));
#3441=CARTESIAN_POINT('',(-4.33680868994202E-16,3.73197614615755,97.7620159513825));
#3442=CARTESIAN_POINT('',(2.5,3.51976764100232,93.19358523982));
#3443=CARTESIAN_POINT('',(-4.33680868994202E-16,3.51976764100232,93.19358523982));
#3444=CARTESIAN_POINT('',(2.5,3.27295114138134,87.810725389435));
#3445=CARTESIAN_POINT('',(-4.33680868994202E-16,3.27295114138134,87.810725389435));
#3446=CARTESIAN_POINT('',(2.5,3.09970949552442,83.2492479793361));
#3447=CARTESIAN_POINT('',(-4.33680868994202E-16,3.09970949552442,83.2492479793361));
#3448=CARTESIAN_POINT('',(2.5,2.94581905926584,79.7898578646814));
#3449=CARTESIAN_POINT('',(4.33680868994202E-16,2.94581905926584,79.7898578646814));
#3450=CARTESIAN_POINT('',(2.5,2.72362022246024,76.4661242699798));
#3451=CARTESIAN_POINT('',(-8.67361737988404E-16,2.72362022246024,76.4661242699798));
#3452=CARTESIAN_POINT('',(2.5,2.50810305744877,74.3087241868278));
#3453=CARTESIAN_POINT('',(-4.33680868994202E-16,2.50810305744877,74.3087241868278));
#3454=CARTESIAN_POINT('',(2.5,2.38597553048281,73.0665913397437));
#3455=CARTESIAN_POINT('',(-4.33680868994202E-16,2.38597553048281,73.0665913397437));
#3456=CARTESIAN_POINT('',(1.,2.57390276160882,75.0000000000882));
#3457=CARTESIAN_POINT('',(0.999999999999971,2.57390276160873,75.000000000088));
#3458=CARTESIAN_POINT('',(1.,2.38597553048286,73.0665913397437));
#3459=CARTESIAN_POINT('',(1.,2.44990716088417,73.7109355810642));
#3460=CARTESIAN_POINT('',(1.,2.51254957125948,74.3554051345124));
#3461=CARTESIAN_POINT('',(1.,2.57390276160879,75.0000000000882));
#3462=CARTESIAN_POINT('',(1.5,3.83884319113308,100.255971846199));
#3463=CARTESIAN_POINT('',(2.5,17.4278727206594,102.756785022917));
#3464=CARTESIAN_POINT('',(-8.67361737988404E-16,17.4278727206594,102.756785022917));
#3465=CARTESIAN_POINT('',(2.5,16.2215016286851,102.438087948244));
#3466=CARTESIAN_POINT('',(-4.33680868994202E-16,16.2215016286851,102.438087948244));
#3467=CARTESIAN_POINT('',(2.5,14.6210190525162,102.020882529654));
#3468=CARTESIAN_POINT('',(0.,14.6210190525162,102.020882529654));
#3469=CARTESIAN_POINT('',(2.5,12.4212363351887,101.54223301658));
#3470=CARTESIAN_POINT('',(-8.67361737988404E-16,12.4212363351887,101.54223301658));
#3471=CARTESIAN_POINT('',(2.5,10.6979437354444,101.21748764635));
#3472=CARTESIAN_POINT('',(8.67361737988404E-16,10.6979437354444,101.21748764635));
#3473=CARTESIAN_POINT('',(2.5,8.96969227282473,100.930481474174));
#3474=CARTESIAN_POINT('',(0.,8.96969227282473,100.930481474174));
#3475=CARTESIAN_POINT('',(2.5,6.7515517232771,100.605497990793));
#3476=CARTESIAN_POINT('',(0.,6.7515517232771,100.605497990793));
#3477=CARTESIAN_POINT('',(2.5,5.10016268000602,100.404571242836));
#3478=CARTESIAN_POINT('',(0.,5.10016268000602,100.404571242836));
#3479=CARTESIAN_POINT('',(2.5,3.83884319113308,100.255971846199));
#3480=CARTESIAN_POINT('',(0.,3.83884319113308,100.255971846199));
#3481=CARTESIAN_POINT('',(1.5,17.4278727206594,102.756785022917));
#3482=CARTESIAN_POINT('',(1.5,17.3333747306556,103.114490356445));
#3483=CARTESIAN_POINT('',(1.5,17.703351724196,103.114490356445));
#3484=CARTESIAN_POINT('',(1.5,17.703351724196,104.101743042657));
#3485=CARTESIAN_POINT('',(1.5,17.703351724196,104.101743042657));
#3486=CARTESIAN_POINT('',(1.5,17.5165436380495,104.101743042657));
#3487=CARTESIAN_POINT('',(1.5,17.5226961167145,104.288449786124));
#3488=CARTESIAN_POINT('',(1.50000000000001,-111.443166381578,-3842.22328452674));
#3489=CARTESIAN_POINT('',(1.,2.57390276160882,75.0000000000882));
#3490=CARTESIAN_POINT('',(1.,2.57390276160882,75.0000000000882));
#3491=CARTESIAN_POINT('',(1.,-4.35437742159373,75.));
#3492=CARTESIAN_POINT('',(1.,-4.35437742159373,75.));
#3493=CARTESIAN_POINT('',(0.999999999999999,-10.6469105328322,75.));
#3494=CARTESIAN_POINT('',(0.999999999999999,-15.,75.));
#3495=CARTESIAN_POINT('',(0.999999999999999,-15.,75.));
#3496=CARTESIAN_POINT('',(0.999999999999999,-10.6469105328322,75.));
#3497=CARTESIAN_POINT('',(0.999999999999999,-15.,75.));
#3498=CARTESIAN_POINT('',(0.999999999999999,-15.,-75.));
#3499=CARTESIAN_POINT('',(0.999999999999999,-15.,-75.));
#3500=CARTESIAN_POINT('',(0.999999999999999,-15.,75.));
#3501=CARTESIAN_POINT('',(0.999999999999999,-15.,-75.));
#3502=CARTESIAN_POINT('',(1.,15.,-75.));
#3503=CARTESIAN_POINT('',(1.,15.,-75.));
#3504=CARTESIAN_POINT('',(0.999999999999999,-15.,-75.));
#3505=CARTESIAN_POINT('',(1.,15.,-75.));
#3506=CARTESIAN_POINT('',(1.,15.,75.));
#3507=CARTESIAN_POINT('',(1.,15.,75.));
#3508=CARTESIAN_POINT('',(1.,15.,-75.));
#3509=CARTESIAN_POINT('',(1.,15.,75.));
#3510=CARTESIAN_POINT('',(1.,15.,75.));
#3511=CARTESIAN_POINT('',(1.,5.41540569581183,75.));
#3512=CARTESIAN_POINT('',(1.,5.41540569581183,75.));
#3513=CARTESIAN_POINT('',(0.999999999999971,-480.766904171936,121.004866180475));
#3514=MECHANICAL_DESIGN_GEOMETRIC_PRESENTATION_REPRESENTATION('',(#1580),
#3515);
#3515=(
GEOMETRIC_REPRESENTATION_CONTEXT(3)
GLOBAL_UNCERTAINTY_ASSIGNED_CONTEXT((#3516))
GLOBAL_UNIT_ASSIGNED_CONTEXT((#3519,#3518,#3517))
REPRESENTATION_CONTEXT('Part1','TOP_LEVEL_ASSEMBLY_PART')
);
#3516=UNCERTAINTY_MEASURE_WITH_UNIT(LENGTH_MEASURE(0.005),#3519,
'DISTANCE_ACCURACY_VALUE','Maximum Tolerance applied to model');
#3517=(
NAMED_UNIT(*)
SI_UNIT($,.STERADIAN.)
SOLID_ANGLE_UNIT()
);
#3518=(
NAMED_UNIT(*)
PLANE_ANGLE_UNIT()
SI_UNIT($,.RADIAN.)
);
#3519=(
LENGTH_UNIT()
NAMED_UNIT(*)
SI_UNIT(.MILLI.,.METRE.)
);
#3520=PRODUCT_DEFINITION_SHAPE('','',#3521);
#3521=PRODUCT_DEFINITION('','',#3523,#3522);
#3522=PRODUCT_DEFINITION_CONTEXT('',#3529,'design');
#3523=PRODUCT_DEFINITION_FORMATION_WITH_SPECIFIED_SOURCE('','',#3525,
 .NOT_KNOWN.);
#3524=PRODUCT_RELATED_PRODUCT_CATEGORY('','',(#3525));
#3525=PRODUCT('Part1','Part1','Part1',(#3527));
#3526=PRODUCT_CATEGORY('','');
#3527=PRODUCT_CONTEXT('',#3529,'mechanical');
#3528=APPLICATION_PROTOCOL_DEFINITION('international standard',
'automotive_design',2010,#3529);
#3529=APPLICATION_CONTEXT(
'core data for automotive mechanical design processes');
ENDSEC;
END-ISO-10303-21;
