ISO-10303-21;
HEADER;
/* Generated by software containing ST-Developer
 * from STEP Tools, Inc. (www.steptools.com) 
 */
/* OPTION: strings as raw bytes, not using required /X/ escapes */

FILE_DESCRIPTION(
/* description */ ('Unknown'),
/* implementation_level */ '2;1');

FILE_NAME(
/* name */ 'Lego_half1',
/* time_stamp */ '2023-06-05T18:57:37+01:00',
/* author */ ('Unknown'),
/* organization */ ('Unknown'),
/* preprocessor_version */ 'ST-DEVELOPER v18.102',
/* originating_system */ 'Solid Edge',
/* authorisation */ 'Unknown');

FILE_SCHEMA (('AUTOMOTIVE_DESIGN {1 0 10303 214 3 1 1}'));
ENDSEC;

DATA;
#10=PROPERTY_DEFINITION_REPRESENTATION(#14,#12);
#11=PROPERTY_DEFINITION_REPRESENTATION(#15,#13);
#12=REPRESENTATION('',(#16),#2559);
#13=REPRESENTATION('',(#17),#2559);
#14=PROPERTY_DEFINITION('pmi validation property','',#2564);
#15=PROPERTY_DEFINITION('pmi validation property','',#2564);
#16=VALUE_REPRESENTATION_ITEM('number of annotations',COUNT_MEASURE(0.));
#17=VALUE_REPRESENTATION_ITEM('number of views',COUNT_MEASURE(0.));
#18=SHAPE_REPRESENTATION_RELATIONSHIP('','',#1329,#19);
#19=ADVANCED_BREP_SHAPE_REPRESENTATION('',(#1327),#2559);
#20=B_SPLINE_SURFACE_WITH_KNOTS('',3,1,((#2309,#2310),(#2311,#2312),(#2313,
#2314),(#2315,#2316)),.SURF_OF_LINEAR_EXTRUSION.,.F.,.F.,.F.,(4,4),(2,2),
(0.,1.),(0.,1.),.PIECEWISE_BEZIER_KNOTS.);
#21=B_SPLINE_SURFACE_WITH_KNOTS('',3,1,((#2329,#2330),(#2331,#2332),(#2333,
#2334),(#2335,#2336),(#2337,#2338),(#2339,#2340),(#2341,#2342),(#2343,#2344),
(#2345,#2346),(#2347,#2348),(#2349,#2350),(#2351,#2352),(#2353,#2354),(#2355,
#2356),(#2357,#2358),(#2359,#2360),(#2361,#2362),(#2363,#2364)),
 .SURF_OF_LINEAR_EXTRUSION.,.F.,.F.,.F.,(4,1,1,1,1,1,1,1,1,1,1,1,1,1,1,
4),(2,2),(0.539349319592523,0.568139987117991,0.582535320880724,0.596930654643458,
0.625721322168925,0.654511989694393,0.68330265721986,0.712093324745327,
0.769674659796262,0.827255994847196,0.856046662372664,0.884837329898131,
0.913627997423598,0.942418664949065,0.971209332474533,1.),(0.,1.),
 .UNSPECIFIED.);
#22=B_SPLINE_SURFACE_WITH_KNOTS('',3,1,((#2391,#2392),(#2393,#2394),(#2395,
#2396),(#2397,#2398),(#2399,#2400),(#2401,#2402),(#2403,#2404),(#2405,#2406)),
 .SURF_OF_LINEAR_EXTRUSION.,.F.,.F.,.F.,(4,1,1,1,1,4),(2,2),(0.379506061543035,
0.398718146430215,0.417930231317395,0.456354401091755,0.494778570866115,
0.533202740640475),(0.,1.),.UNSPECIFIED.);
#23=B_SPLINE_SURFACE_WITH_KNOTS('',3,1,((#2433,#2434),(#2435,#2436),(#2437,
#2438),(#2439,#2440),(#2441,#2442),(#2443,#2444),(#2445,#2446),(#2447,#2448),
(#2449,#2450),(#2451,#2452),(#2453,#2454),(#2455,#2456)),
 .SURF_OF_LINEAR_EXTRUSION.,.F.,.F.,.F.,(4,1,1,1,1,1,1,1,1,4),(2,2),(0.,
0.0439964178995737,0.0659946268493605,0.0879928357991473,0.131989253698721,
0.175985671598295,0.219982089497868,0.263978507397442,0.307974925297016,
0.351971343196589),(0.,1.),.UNSPECIFIED.);
#24=B_SPLINE_SURFACE_WITH_KNOTS('',3,1,((#2485,#2486),(#2487,#2488),(#2489,
#2490),(#2491,#2492)),.SURF_OF_LINEAR_EXTRUSION.,.F.,.F.,.F.,(4,4),(2,2),
(0.559367931712434,1.),(0.,1.),.PIECEWISE_BEZIER_KNOTS.);
#25=B_SPLINE_SURFACE_WITH_KNOTS('',3,1,((#2499,#2500),(#2501,#2502),(#2503,
#2504),(#2505,#2506)),.SURF_OF_LINEAR_EXTRUSION.,.F.,.F.,.F.,(4,4),(2,2),
(0.,0.313323777096072),(0.,1.),.PIECEWISE_BEZIER_KNOTS.);
#26=B_SPLINE_CURVE_WITH_KNOTS('',3,(#2220,#2221,#2222,#2223),
 .UNSPECIFIED.,.F.,.F.,(4,4),(0.,1.),.UNSPECIFIED.);
#27=B_SPLINE_CURVE_WITH_KNOTS('',3,(#2228,#2229,#2230,#2231),
 .UNSPECIFIED.,.F.,.F.,(4,4),(0.,1.),.UNSPECIFIED.);
#28=B_SPLINE_CURVE_WITH_KNOTS('',3,(#2233,#2234,#2235,#2236),
 .UNSPECIFIED.,.F.,.F.,(4,4),(0.,1.),.UNSPECIFIED.);
#29=B_SPLINE_CURVE_WITH_KNOTS('',3,(#2240,#2241,#2242,#2243,#2244,#2245,
#2246,#2247,#2248,#2249,#2250,#2251,#2252,#2253,#2254,#2255,#2256,#2257,
#2258,#2259),.UNSPECIFIED.,.F.,.F.,(4,1,1,1,1,1,1,1,1,1,1,1,1,1,1,1,1,4),
(0.,0.0634975539374972,0.15061639521015,0.203686908184937,0.245642832583398,
0.336231552158578,0.397450933952669,0.455587363012824,0.516885781297326,
0.552565162339569,0.58400393007559,0.641518369364029,0.717094880594866,
0.785314380153975,0.84540482940053,0.902250948141262,0.95162779031232,1.),
 .UNSPECIFIED.);
#30=B_SPLINE_CURVE_WITH_KNOTS('',3,(#2263,#2264,#2265,#2266,#2267,#2268,
#2269,#2270,#2271,#2272,#2273,#2274,#2275,#2276,#2277,#2278,#2279,#2280,
#2281,#2282),.UNSPECIFIED.,.F.,.F.,(4,1,1,1,1,1,1,1,1,1,1,1,1,1,1,1,1,4),
(0.,0.0634975539374972,0.15061639521015,0.203686908184937,0.245642832583398,
0.336231552158578,0.397450933952669,0.455587363012824,0.516885781297326,
0.552565162339569,0.58400393007559,0.641518369364029,0.717094880594866,
0.785314380153975,0.84540482940053,0.902250948141262,0.95162779031232,1.),
 .UNSPECIFIED.);
#31=B_SPLINE_CURVE_WITH_KNOTS('',3,(#2286,#2287,#2288,#2289,#2290,#2291,
#2292,#2293,#2294,#2295,#2296,#2297,#2298,#2299,#2300,#2301,#2302,#2303,
#2304,#2305),.UNSPECIFIED.,.F.,.F.,(4,1,1,1,1,1,1,1,1,1,1,1,1,1,1,1,1,4),
(0.,0.0634975539374972,0.15061639521015,0.203686908184937,0.245642832583398,
0.336231552158578,0.397450933952669,0.455587363012824,0.516885781297326,
0.552565162339569,0.58400393007559,0.641518369364029,0.717094880594866,
0.785314380153975,0.84540482940053,0.902250948141262,0.95162779031232,1.),
 .UNSPECIFIED.);
#32=B_SPLINE_CURVE_WITH_KNOTS('',3,(#2319,#2320,#2321,#2322),
 .UNSPECIFIED.,.F.,.F.,(4,4),(0.,1.),.UNSPECIFIED.);
#33=B_SPLINE_CURVE_WITH_KNOTS('',3,(#2365,#2366,#2367,#2368,#2369,#2370,
#2371,#2372,#2373,#2374,#2375,#2376,#2377,#2378,#2379,#2380,#2381,#2382,
#2383,#2384),.UNSPECIFIED.,.F.,.F.,(4,1,1,1,1,1,1,1,1,1,1,1,1,1,1,1,1,4),
(0.,0.0634975539374972,0.15061639521015,0.203686908184937,0.245642832583398,
0.336231552158578,0.397450933952669,0.455587363012824,0.516885781297326,
0.552565162339569,0.58400393007559,0.641518369364029,0.717094880594866,
0.785314380153975,0.84540482940053,0.902250948141262,0.95162779031232,1.),
 .UNSPECIFIED.);
#34=B_SPLINE_CURVE_WITH_KNOTS('',3,(#2407,#2408,#2409,#2410,#2411,#2412,
#2413,#2414,#2415,#2416,#2417,#2418,#2419,#2420,#2421,#2422,#2423,#2424,
#2425,#2426),.UNSPECIFIED.,.F.,.F.,(4,1,1,1,1,1,1,1,1,1,1,1,1,1,1,1,1,4),
(0.,0.0634975539374972,0.15061639521015,0.203686908184937,0.245642832583398,
0.336231552158578,0.397450933952669,0.455587363012824,0.516885781297326,
0.552565162339569,0.58400393007559,0.641518369364029,0.717094880594866,
0.785314380153975,0.84540482940053,0.902250948141262,0.95162779031232,1.),
 .UNSPECIFIED.);
#35=B_SPLINE_CURVE_WITH_KNOTS('',3,(#2457,#2458,#2459,#2460,#2461,#2462,
#2463,#2464,#2465,#2466,#2467,#2468,#2469,#2470,#2471,#2472,#2473,#2474,
#2475,#2476),.UNSPECIFIED.,.F.,.F.,(4,1,1,1,1,1,1,1,1,1,1,1,1,1,1,1,1,4),
(0.,0.0634975539374972,0.15061639521015,0.203686908184937,0.245642832583398,
0.336231552158578,0.397450933952669,0.455587363012824,0.516885781297326,
0.552565162339569,0.58400393007559,0.641518369364029,0.717094880594866,
0.785314380153975,0.84540482940053,0.902250948141262,0.95162779031232,1.),
 .UNSPECIFIED.);
#36=B_SPLINE_CURVE_WITH_KNOTS('',3,(#2493,#2494,#2495,#2496),
 .UNSPECIFIED.,.F.,.F.,(4,4),(0.,1.),.UNSPECIFIED.);
#37=B_SPLINE_CURVE_WITH_KNOTS('',3,(#2509,#2510,#2511,#2512),
 .UNSPECIFIED.,.F.,.F.,(4,4),(0.,1.),.UNSPECIFIED.);
#38=CYLINDRICAL_SURFACE('',#1428,2.5);
#39=CYLINDRICAL_SURFACE('',#1430,2.5);
#40=CYLINDRICAL_SURFACE('',#1432,2.5);
#41=CYLINDRICAL_SURFACE('',#1434,2.5);
#42=CYLINDRICAL_SURFACE('',#1436,2.5);
#43=CYLINDRICAL_SURFACE('',#1438,2.5);
#44=CYLINDRICAL_SURFACE('',#1440,2.5);
#45=CYLINDRICAL_SURFACE('',#1442,2.5);
#46=CYLINDRICAL_SURFACE('',#1444,2.5);
#47=CYLINDRICAL_SURFACE('',#1446,2.5);
#48=CYLINDRICAL_SURFACE('',#1448,2.5);
#49=CYLINDRICAL_SURFACE('',#1450,2.5);
#50=CYLINDRICAL_SURFACE('',#1452,2.5);
#51=CYLINDRICAL_SURFACE('',#1454,2.5);
#52=CYLINDRICAL_SURFACE('',#1456,2.5);
#53=CYLINDRICAL_SURFACE('',#1458,2.5);
#54=CYLINDRICAL_SURFACE('',#1460,2.5);
#55=CYLINDRICAL_SURFACE('',#1462,2.5);
#56=CYLINDRICAL_SURFACE('',#1464,2.5);
#57=CYLINDRICAL_SURFACE('',#1466,2.5);
#58=CYLINDRICAL_SURFACE('',#1468,2.5);
#59=CYLINDRICAL_SURFACE('',#1470,2.5);
#60=CYLINDRICAL_SURFACE('',#1472,2.5);
#61=CYLINDRICAL_SURFACE('',#1474,2.5);
#62=CYLINDRICAL_SURFACE('',#1476,2.5);
#63=CYLINDRICAL_SURFACE('',#1478,2.5);
#64=CYLINDRICAL_SURFACE('',#1480,2.5);
#65=CYLINDRICAL_SURFACE('',#1482,2.5);
#66=CYLINDRICAL_SURFACE('',#1484,2.5);
#67=CYLINDRICAL_SURFACE('',#1486,2.5);
#68=CYLINDRICAL_SURFACE('',#1488,2.5);
#69=CYLINDRICAL_SURFACE('',#1490,2.5);
#70=CYLINDRICAL_SURFACE('',#1498,2.5);
#71=CYLINDRICAL_SURFACE('',#1500,2.5);
#72=CYLINDRICAL_SURFACE('',#1502,50.);
#73=CYLINDRICAL_SURFACE('',#1505,2.5);
#74=CYLINDRICAL_SURFACE('',#1507,2.5);
#75=CYLINDRICAL_SURFACE('',#1509,2.5);
#76=CYLINDRICAL_SURFACE('',#1511,2.5);
#77=CYLINDRICAL_SURFACE('',#1513,2.5);
#78=CYLINDRICAL_SURFACE('',#1515,2.5);
#79=CYLINDRICAL_SURFACE('',#1517,2.5);
#80=CYLINDRICAL_SURFACE('',#1519,2.5);
#81=CYLINDRICAL_SURFACE('',#1521,2.5);
#82=CYLINDRICAL_SURFACE('',#1523,2.5);
#83=CYLINDRICAL_SURFACE('',#1525,2.5);
#84=CYLINDRICAL_SURFACE('',#1527,2.5);
#85=CYLINDRICAL_SURFACE('',#1529,2.5);
#86=CYLINDRICAL_SURFACE('',#1533,2.5);
#87=LINE('',#2075,#107);
#88=LINE('',#2116,#108);
#89=LINE('',#2118,#109);
#90=LINE('',#2120,#110);
#91=LINE('',#2122,#111);
#92=LINE('',#2238,#112);
#93=LINE('',#2308,#113);
#94=LINE('',#2317,#114);
#95=LINE('',#2324,#115);
#96=LINE('',#2326,#116);
#97=LINE('',#2328,#117);
#98=LINE('',#2386,#118);
#99=LINE('',#2388,#119);
#100=LINE('',#2428,#120);
#101=LINE('',#2430,#121);
#102=LINE('',#2478,#122);
#103=LINE('',#2482,#123);
#104=LINE('',#2484,#124);
#105=LINE('',#2498,#125);
#106=LINE('',#2507,#126);
#107=VECTOR('',#1678,1000.);
#108=VECTOR('',#1733,1000.);
#109=VECTOR('',#1734,1000.);
#110=VECTOR('',#1735,1000.);
#111=VECTOR('',#1736,1000.);
#112=VECTOR('',#1869,1000.);
#113=VECTOR('',#1876,1000.);
#114=VECTOR('',#1877,1000.);
#115=VECTOR('',#1878,1000.);
#116=VECTOR('',#1881,1000.);
#117=VECTOR('',#1882,1000.);
#118=VECTOR('',#1883,1000.);
#119=VECTOR('',#1886,1000.);
#120=VECTOR('',#1889,1000.);
#121=VECTOR('',#1892,1000.);
#122=VECTOR('',#1895,1000.);
#123=VECTOR('',#1902,1000.);
#124=VECTOR('',#1903,1000.);
#125=VECTOR('',#1904,1000.);
#126=VECTOR('',#1905,1000.);
#127=ORIENTED_EDGE('',*,*,#395,.F.);
#128=ORIENTED_EDGE('',*,*,#396,.F.);
#129=ORIENTED_EDGE('',*,*,#397,.F.);
#130=ORIENTED_EDGE('',*,*,#398,.F.);
#131=ORIENTED_EDGE('',*,*,#399,.F.);
#132=ORIENTED_EDGE('',*,*,#400,.F.);
#133=ORIENTED_EDGE('',*,*,#401,.F.);
#134=ORIENTED_EDGE('',*,*,#402,.F.);
#135=ORIENTED_EDGE('',*,*,#403,.F.);
#136=ORIENTED_EDGE('',*,*,#404,.F.);
#137=ORIENTED_EDGE('',*,*,#405,.F.);
#138=ORIENTED_EDGE('',*,*,#406,.F.);
#139=ORIENTED_EDGE('',*,*,#407,.F.);
#140=ORIENTED_EDGE('',*,*,#408,.F.);
#141=ORIENTED_EDGE('',*,*,#409,.F.);
#142=ORIENTED_EDGE('',*,*,#410,.F.);
#143=ORIENTED_EDGE('',*,*,#411,.F.);
#144=ORIENTED_EDGE('',*,*,#412,.F.);
#145=ORIENTED_EDGE('',*,*,#413,.F.);
#146=ORIENTED_EDGE('',*,*,#414,.F.);
#147=ORIENTED_EDGE('',*,*,#415,.F.);
#148=ORIENTED_EDGE('',*,*,#416,.F.);
#149=ORIENTED_EDGE('',*,*,#417,.F.);
#150=ORIENTED_EDGE('',*,*,#418,.F.);
#151=ORIENTED_EDGE('',*,*,#419,.F.);
#152=ORIENTED_EDGE('',*,*,#420,.F.);
#153=ORIENTED_EDGE('',*,*,#421,.F.);
#154=ORIENTED_EDGE('',*,*,#422,.F.);
#155=ORIENTED_EDGE('',*,*,#423,.F.);
#156=ORIENTED_EDGE('',*,*,#424,.F.);
#157=ORIENTED_EDGE('',*,*,#425,.F.);
#158=ORIENTED_EDGE('',*,*,#426,.F.);
#159=ORIENTED_EDGE('',*,*,#427,.F.);
#160=ORIENTED_EDGE('',*,*,#428,.F.);
#161=ORIENTED_EDGE('',*,*,#429,.T.);
#162=ORIENTED_EDGE('',*,*,#430,.T.);
#163=ORIENTED_EDGE('',*,*,#431,.F.);
#164=ORIENTED_EDGE('',*,*,#432,.F.);
#165=ORIENTED_EDGE('',*,*,#433,.F.);
#166=ORIENTED_EDGE('',*,*,#434,.F.);
#167=ORIENTED_EDGE('',*,*,#435,.F.);
#168=ORIENTED_EDGE('',*,*,#436,.F.);
#169=ORIENTED_EDGE('',*,*,#437,.F.);
#170=ORIENTED_EDGE('',*,*,#438,.F.);
#171=ORIENTED_EDGE('',*,*,#439,.F.);
#172=ORIENTED_EDGE('',*,*,#440,.F.);
#173=ORIENTED_EDGE('',*,*,#441,.F.);
#174=ORIENTED_EDGE('',*,*,#442,.F.);
#175=ORIENTED_EDGE('',*,*,#443,.F.);
#176=ORIENTED_EDGE('',*,*,#444,.F.);
#177=ORIENTED_EDGE('',*,*,#445,.F.);
#178=ORIENTED_EDGE('',*,*,#446,.T.);
#179=ORIENTED_EDGE('',*,*,#447,.T.);
#180=ORIENTED_EDGE('',*,*,#430,.F.);
#181=ORIENTED_EDGE('',*,*,#395,.T.);
#182=ORIENTED_EDGE('',*,*,#448,.F.);
#183=ORIENTED_EDGE('',*,*,#396,.T.);
#184=ORIENTED_EDGE('',*,*,#449,.F.);
#185=ORIENTED_EDGE('',*,*,#397,.T.);
#186=ORIENTED_EDGE('',*,*,#450,.F.);
#187=ORIENTED_EDGE('',*,*,#398,.T.);
#188=ORIENTED_EDGE('',*,*,#451,.F.);
#189=ORIENTED_EDGE('',*,*,#399,.T.);
#190=ORIENTED_EDGE('',*,*,#452,.F.);
#191=ORIENTED_EDGE('',*,*,#400,.T.);
#192=ORIENTED_EDGE('',*,*,#453,.F.);
#193=ORIENTED_EDGE('',*,*,#401,.T.);
#194=ORIENTED_EDGE('',*,*,#454,.F.);
#195=ORIENTED_EDGE('',*,*,#402,.T.);
#196=ORIENTED_EDGE('',*,*,#455,.F.);
#197=ORIENTED_EDGE('',*,*,#403,.T.);
#198=ORIENTED_EDGE('',*,*,#456,.F.);
#199=ORIENTED_EDGE('',*,*,#404,.T.);
#200=ORIENTED_EDGE('',*,*,#457,.F.);
#201=ORIENTED_EDGE('',*,*,#405,.T.);
#202=ORIENTED_EDGE('',*,*,#458,.F.);
#203=ORIENTED_EDGE('',*,*,#406,.T.);
#204=ORIENTED_EDGE('',*,*,#459,.F.);
#205=ORIENTED_EDGE('',*,*,#407,.T.);
#206=ORIENTED_EDGE('',*,*,#460,.F.);
#207=ORIENTED_EDGE('',*,*,#408,.T.);
#208=ORIENTED_EDGE('',*,*,#461,.F.);
#209=ORIENTED_EDGE('',*,*,#409,.T.);
#210=ORIENTED_EDGE('',*,*,#462,.F.);
#211=ORIENTED_EDGE('',*,*,#410,.T.);
#212=ORIENTED_EDGE('',*,*,#463,.F.);
#213=ORIENTED_EDGE('',*,*,#411,.T.);
#214=ORIENTED_EDGE('',*,*,#464,.F.);
#215=ORIENTED_EDGE('',*,*,#412,.T.);
#216=ORIENTED_EDGE('',*,*,#465,.F.);
#217=ORIENTED_EDGE('',*,*,#413,.T.);
#218=ORIENTED_EDGE('',*,*,#466,.F.);
#219=ORIENTED_EDGE('',*,*,#414,.T.);
#220=ORIENTED_EDGE('',*,*,#467,.F.);
#221=ORIENTED_EDGE('',*,*,#415,.T.);
#222=ORIENTED_EDGE('',*,*,#468,.F.);
#223=ORIENTED_EDGE('',*,*,#416,.T.);
#224=ORIENTED_EDGE('',*,*,#469,.F.);
#225=ORIENTED_EDGE('',*,*,#417,.T.);
#226=ORIENTED_EDGE('',*,*,#470,.F.);
#227=ORIENTED_EDGE('',*,*,#418,.T.);
#228=ORIENTED_EDGE('',*,*,#471,.F.);
#229=ORIENTED_EDGE('',*,*,#419,.T.);
#230=ORIENTED_EDGE('',*,*,#472,.F.);
#231=ORIENTED_EDGE('',*,*,#420,.T.);
#232=ORIENTED_EDGE('',*,*,#473,.F.);
#233=ORIENTED_EDGE('',*,*,#421,.T.);
#234=ORIENTED_EDGE('',*,*,#474,.F.);
#235=ORIENTED_EDGE('',*,*,#422,.T.);
#236=ORIENTED_EDGE('',*,*,#475,.F.);
#237=ORIENTED_EDGE('',*,*,#423,.T.);
#238=ORIENTED_EDGE('',*,*,#476,.F.);
#239=ORIENTED_EDGE('',*,*,#424,.T.);
#240=ORIENTED_EDGE('',*,*,#477,.F.);
#241=ORIENTED_EDGE('',*,*,#425,.T.);
#242=ORIENTED_EDGE('',*,*,#478,.F.);
#243=ORIENTED_EDGE('',*,*,#426,.T.);
#244=ORIENTED_EDGE('',*,*,#479,.F.);
#245=ORIENTED_EDGE('',*,*,#479,.T.);
#246=ORIENTED_EDGE('',*,*,#478,.T.);
#247=ORIENTED_EDGE('',*,*,#477,.T.);
#248=ORIENTED_EDGE('',*,*,#476,.T.);
#249=ORIENTED_EDGE('',*,*,#475,.T.);
#250=ORIENTED_EDGE('',*,*,#474,.T.);
#251=ORIENTED_EDGE('',*,*,#473,.T.);
#252=ORIENTED_EDGE('',*,*,#472,.T.);
#253=ORIENTED_EDGE('',*,*,#471,.T.);
#254=ORIENTED_EDGE('',*,*,#470,.T.);
#255=ORIENTED_EDGE('',*,*,#469,.T.);
#256=ORIENTED_EDGE('',*,*,#468,.T.);
#257=ORIENTED_EDGE('',*,*,#467,.T.);
#258=ORIENTED_EDGE('',*,*,#466,.T.);
#259=ORIENTED_EDGE('',*,*,#465,.T.);
#260=ORIENTED_EDGE('',*,*,#464,.T.);
#261=ORIENTED_EDGE('',*,*,#463,.T.);
#262=ORIENTED_EDGE('',*,*,#462,.T.);
#263=ORIENTED_EDGE('',*,*,#461,.T.);
#264=ORIENTED_EDGE('',*,*,#460,.T.);
#265=ORIENTED_EDGE('',*,*,#459,.T.);
#266=ORIENTED_EDGE('',*,*,#458,.T.);
#267=ORIENTED_EDGE('',*,*,#457,.T.);
#268=ORIENTED_EDGE('',*,*,#456,.T.);
#269=ORIENTED_EDGE('',*,*,#455,.T.);
#270=ORIENTED_EDGE('',*,*,#454,.T.);
#271=ORIENTED_EDGE('',*,*,#453,.T.);
#272=ORIENTED_EDGE('',*,*,#452,.T.);
#273=ORIENTED_EDGE('',*,*,#451,.T.);
#274=ORIENTED_EDGE('',*,*,#450,.T.);
#275=ORIENTED_EDGE('',*,*,#449,.T.);
#276=ORIENTED_EDGE('',*,*,#448,.T.);
#277=ORIENTED_EDGE('',*,*,#480,.F.);
#278=ORIENTED_EDGE('',*,*,#481,.T.);
#279=ORIENTED_EDGE('',*,*,#482,.F.);
#280=ORIENTED_EDGE('',*,*,#483,.F.);
#281=ORIENTED_EDGE('',*,*,#484,.F.);
#282=ORIENTED_EDGE('',*,*,#485,.F.);
#283=ORIENTED_EDGE('',*,*,#486,.T.);
#284=ORIENTED_EDGE('',*,*,#487,.F.);
#285=ORIENTED_EDGE('',*,*,#488,.T.);
#286=ORIENTED_EDGE('',*,*,#489,.F.);
#287=ORIENTED_EDGE('',*,*,#490,.F.);
#288=ORIENTED_EDGE('',*,*,#446,.F.);
#289=ORIENTED_EDGE('',*,*,#491,.F.);
#290=ORIENTED_EDGE('',*,*,#492,.T.);
#291=ORIENTED_EDGE('',*,*,#493,.T.);
#292=ORIENTED_EDGE('',*,*,#494,.F.);
#293=ORIENTED_EDGE('',*,*,#483,.T.);
#294=ORIENTED_EDGE('',*,*,#494,.T.);
#295=ORIENTED_EDGE('',*,*,#495,.T.);
#296=ORIENTED_EDGE('',*,*,#496,.F.);
#297=ORIENTED_EDGE('',*,*,#484,.T.);
#298=ORIENTED_EDGE('',*,*,#497,.T.);
#299=ORIENTED_EDGE('',*,*,#498,.T.);
#300=ORIENTED_EDGE('',*,*,#485,.T.);
#301=ORIENTED_EDGE('',*,*,#496,.T.);
#302=ORIENTED_EDGE('',*,*,#499,.F.);
#303=ORIENTED_EDGE('',*,*,#486,.F.);
#304=ORIENTED_EDGE('',*,*,#498,.F.);
#305=ORIENTED_EDGE('',*,*,#500,.F.);
#306=ORIENTED_EDGE('',*,*,#427,.T.);
#307=ORIENTED_EDGE('',*,*,#501,.T.);
#308=ORIENTED_EDGE('',*,*,#502,.T.);
#309=ORIENTED_EDGE('',*,*,#487,.T.);
#310=ORIENTED_EDGE('',*,*,#499,.T.);
#311=ORIENTED_EDGE('',*,*,#503,.F.);
#312=ORIENTED_EDGE('',*,*,#488,.F.);
#313=ORIENTED_EDGE('',*,*,#502,.F.);
#314=ORIENTED_EDGE('',*,*,#504,.F.);
#315=ORIENTED_EDGE('',*,*,#428,.T.);
#316=ORIENTED_EDGE('',*,*,#489,.T.);
#317=ORIENTED_EDGE('',*,*,#503,.T.);
#318=ORIENTED_EDGE('',*,*,#505,.T.);
#319=ORIENTED_EDGE('',*,*,#506,.F.);
#320=ORIENTED_EDGE('',*,*,#429,.F.);
#321=ORIENTED_EDGE('',*,*,#447,.F.);
#322=ORIENTED_EDGE('',*,*,#490,.T.);
#323=ORIENTED_EDGE('',*,*,#506,.T.);
#324=ORIENTED_EDGE('',*,*,#507,.T.);
#325=ORIENTED_EDGE('',*,*,#444,.T.);
#326=ORIENTED_EDGE('',*,*,#445,.T.);
#327=ORIENTED_EDGE('',*,*,#508,.T.);
#328=ORIENTED_EDGE('',*,*,#509,.F.);
#329=ORIENTED_EDGE('',*,*,#491,.T.);
#330=ORIENTED_EDGE('',*,*,#510,.T.);
#331=ORIENTED_EDGE('',*,*,#511,.T.);
#332=ORIENTED_EDGE('',*,*,#480,.T.);
#333=ORIENTED_EDGE('',*,*,#509,.T.);
#334=ORIENTED_EDGE('',*,*,#482,.T.);
#335=ORIENTED_EDGE('',*,*,#512,.T.);
#336=ORIENTED_EDGE('',*,*,#513,.T.);
#337=ORIENTED_EDGE('',*,*,#492,.F.);
#338=ORIENTED_EDGE('',*,*,#514,.F.);
#339=ORIENTED_EDGE('',*,*,#431,.T.);
#340=ORIENTED_EDGE('',*,*,#515,.F.);
#341=ORIENTED_EDGE('',*,*,#432,.T.);
#342=ORIENTED_EDGE('',*,*,#516,.F.);
#343=ORIENTED_EDGE('',*,*,#433,.T.);
#344=ORIENTED_EDGE('',*,*,#517,.F.);
#345=ORIENTED_EDGE('',*,*,#434,.T.);
#346=ORIENTED_EDGE('',*,*,#518,.F.);
#347=ORIENTED_EDGE('',*,*,#435,.T.);
#348=ORIENTED_EDGE('',*,*,#519,.F.);
#349=ORIENTED_EDGE('',*,*,#436,.T.);
#350=ORIENTED_EDGE('',*,*,#520,.F.);
#351=ORIENTED_EDGE('',*,*,#437,.T.);
#352=ORIENTED_EDGE('',*,*,#521,.F.);
#353=ORIENTED_EDGE('',*,*,#438,.T.);
#354=ORIENTED_EDGE('',*,*,#522,.F.);
#355=ORIENTED_EDGE('',*,*,#439,.T.);
#356=ORIENTED_EDGE('',*,*,#523,.F.);
#357=ORIENTED_EDGE('',*,*,#440,.T.);
#358=ORIENTED_EDGE('',*,*,#524,.F.);
#359=ORIENTED_EDGE('',*,*,#441,.T.);
#360=ORIENTED_EDGE('',*,*,#525,.F.);
#361=ORIENTED_EDGE('',*,*,#442,.T.);
#362=ORIENTED_EDGE('',*,*,#526,.F.);
#363=ORIENTED_EDGE('',*,*,#443,.T.);
#364=ORIENTED_EDGE('',*,*,#526,.T.);
#365=ORIENTED_EDGE('',*,*,#525,.T.);
#366=ORIENTED_EDGE('',*,*,#524,.T.);
#367=ORIENTED_EDGE('',*,*,#523,.T.);
#368=ORIENTED_EDGE('',*,*,#522,.T.);
#369=ORIENTED_EDGE('',*,*,#521,.T.);
#370=ORIENTED_EDGE('',*,*,#520,.T.);
#371=ORIENTED_EDGE('',*,*,#519,.T.);
#372=ORIENTED_EDGE('',*,*,#518,.T.);
#373=ORIENTED_EDGE('',*,*,#517,.T.);
#374=ORIENTED_EDGE('',*,*,#516,.T.);
#375=ORIENTED_EDGE('',*,*,#515,.T.);
#376=ORIENTED_EDGE('',*,*,#514,.T.);
#377=ORIENTED_EDGE('',*,*,#513,.F.);
#378=ORIENTED_EDGE('',*,*,#527,.T.);
#379=ORIENTED_EDGE('',*,*,#510,.F.);
#380=ORIENTED_EDGE('',*,*,#508,.F.);
#381=ORIENTED_EDGE('',*,*,#507,.F.);
#382=ORIENTED_EDGE('',*,*,#505,.F.);
#383=ORIENTED_EDGE('',*,*,#504,.T.);
#384=ORIENTED_EDGE('',*,*,#501,.F.);
#385=ORIENTED_EDGE('',*,*,#500,.T.);
#386=ORIENTED_EDGE('',*,*,#497,.F.);
#387=ORIENTED_EDGE('',*,*,#495,.F.);
#388=ORIENTED_EDGE('',*,*,#493,.F.);
#389=ORIENTED_EDGE('',*,*,#512,.F.);
#390=ORIENTED_EDGE('',*,*,#481,.F.);
#391=ORIENTED_EDGE('',*,*,#511,.F.);
#392=ORIENTED_EDGE('',*,*,#527,.F.);
#393=ORIENTED_EDGE('',*,*,#528,.T.);
#394=ORIENTED_EDGE('',*,*,#528,.F.);
#395=EDGE_CURVE('',#529,#529,#649,.T.);
#396=EDGE_CURVE('',#530,#530,#650,.T.);
#397=EDGE_CURVE('',#531,#531,#651,.T.);
#398=EDGE_CURVE('',#532,#532,#652,.T.);
#399=EDGE_CURVE('',#533,#533,#653,.T.);
#400=EDGE_CURVE('',#534,#534,#654,.T.);
#401=EDGE_CURVE('',#535,#535,#655,.T.);
#402=EDGE_CURVE('',#536,#536,#656,.T.);
#403=EDGE_CURVE('',#537,#537,#657,.T.);
#404=EDGE_CURVE('',#538,#538,#658,.T.);
#405=EDGE_CURVE('',#539,#539,#659,.T.);
#406=EDGE_CURVE('',#540,#540,#660,.T.);
#407=EDGE_CURVE('',#541,#541,#661,.T.);
#408=EDGE_CURVE('',#542,#542,#662,.T.);
#409=EDGE_CURVE('',#543,#543,#663,.T.);
#410=EDGE_CURVE('',#544,#544,#664,.T.);
#411=EDGE_CURVE('',#545,#545,#665,.T.);
#412=EDGE_CURVE('',#546,#546,#666,.T.);
#413=EDGE_CURVE('',#547,#547,#667,.T.);
#414=EDGE_CURVE('',#548,#548,#668,.T.);
#415=EDGE_CURVE('',#549,#549,#669,.T.);
#416=EDGE_CURVE('',#550,#550,#670,.T.);
#417=EDGE_CURVE('',#551,#551,#671,.T.);
#418=EDGE_CURVE('',#552,#552,#672,.T.);
#419=EDGE_CURVE('',#553,#553,#673,.T.);
#420=EDGE_CURVE('',#554,#554,#674,.T.);
#421=EDGE_CURVE('',#555,#555,#675,.T.);
#422=EDGE_CURVE('',#556,#556,#676,.T.);
#423=EDGE_CURVE('',#557,#557,#677,.T.);
#424=EDGE_CURVE('',#558,#558,#678,.T.);
#425=EDGE_CURVE('',#559,#559,#679,.T.);
#426=EDGE_CURVE('',#560,#560,#680,.T.);
#427=EDGE_CURVE('',#561,#561,#681,.T.);
#428=EDGE_CURVE('',#562,#562,#682,.T.);
#429=EDGE_CURVE('',#563,#564,#683,.T.);
#430=EDGE_CURVE('',#564,#563,#87,.T.);
#431=EDGE_CURVE('',#565,#565,#684,.T.);
#432=EDGE_CURVE('',#566,#566,#685,.T.);
#433=EDGE_CURVE('',#567,#567,#686,.T.);
#434=EDGE_CURVE('',#568,#568,#687,.T.);
#435=EDGE_CURVE('',#569,#569,#688,.T.);
#436=EDGE_CURVE('',#570,#570,#689,.T.);
#437=EDGE_CURVE('',#571,#571,#690,.T.);
#438=EDGE_CURVE('',#572,#572,#691,.T.);
#439=EDGE_CURVE('',#573,#573,#692,.T.);
#440=EDGE_CURVE('',#574,#574,#693,.T.);
#441=EDGE_CURVE('',#575,#575,#694,.T.);
#442=EDGE_CURVE('',#576,#576,#695,.T.);
#443=EDGE_CURVE('',#577,#577,#696,.T.);
#444=EDGE_CURVE('',#578,#564,#88,.T.);
#445=EDGE_CURVE('',#579,#578,#89,.T.);
#446=EDGE_CURVE('',#579,#580,#90,.T.);
#447=EDGE_CURVE('',#580,#563,#91,.T.);
#448=EDGE_CURVE('',#581,#581,#697,.T.);
#449=EDGE_CURVE('',#582,#582,#698,.T.);
#450=EDGE_CURVE('',#583,#583,#699,.T.);
#451=EDGE_CURVE('',#584,#584,#700,.T.);
#452=EDGE_CURVE('',#585,#585,#701,.T.);
#453=EDGE_CURVE('',#586,#586,#702,.T.);
#454=EDGE_CURVE('',#587,#587,#703,.T.);
#455=EDGE_CURVE('',#588,#588,#704,.T.);
#456=EDGE_CURVE('',#589,#589,#705,.T.);
#457=EDGE_CURVE('',#590,#590,#706,.T.);
#458=EDGE_CURVE('',#591,#591,#707,.T.);
#459=EDGE_CURVE('',#592,#592,#708,.T.);
#460=EDGE_CURVE('',#593,#593,#709,.T.);
#461=EDGE_CURVE('',#594,#594,#710,.T.);
#462=EDGE_CURVE('',#595,#595,#711,.T.);
#463=EDGE_CURVE('',#596,#596,#712,.T.);
#464=EDGE_CURVE('',#597,#597,#713,.T.);
#465=EDGE_CURVE('',#598,#598,#714,.T.);
#466=EDGE_CURVE('',#599,#599,#715,.T.);
#467=EDGE_CURVE('',#600,#600,#716,.T.);
#468=EDGE_CURVE('',#601,#601,#717,.T.);
#469=EDGE_CURVE('',#602,#602,#718,.T.);
#470=EDGE_CURVE('',#603,#603,#719,.T.);
#471=EDGE_CURVE('',#604,#604,#720,.T.);
#472=EDGE_CURVE('',#605,#605,#721,.T.);
#473=EDGE_CURVE('',#606,#606,#722,.T.);
#474=EDGE_CURVE('',#607,#607,#723,.T.);
#475=EDGE_CURVE('',#608,#608,#724,.T.);
#476=EDGE_CURVE('',#609,#609,#725,.T.);
#477=EDGE_CURVE('',#610,#610,#726,.T.);
#478=EDGE_CURVE('',#611,#611,#727,.T.);
#479=EDGE_CURVE('',#612,#612,#728,.T.);
#480=EDGE_CURVE('',#613,#614,#26,.T.);
#481=EDGE_CURVE('',#613,#615,#729,.T.);
#482=EDGE_CURVE('',#616,#615,#27,.T.);
#483=EDGE_CURVE('',#617,#616,#28,.T.);
#484=EDGE_CURVE('',#618,#617,#92,.T.);
#485=EDGE_CURVE('',#619,#618,#29,.T.);
#486=EDGE_CURVE('',#619,#620,#730,.T.);
#487=EDGE_CURVE('',#621,#620,#30,.T.);
#488=EDGE_CURVE('',#621,#622,#731,.T.);
#489=EDGE_CURVE('',#623,#622,#31,.T.);
#490=EDGE_CURVE('',#580,#623,#732,.T.);
#491=EDGE_CURVE('',#614,#579,#93,.T.);
#492=EDGE_CURVE('',#616,#624,#94,.T.);
#493=EDGE_CURVE('',#624,#625,#32,.F.);
#494=EDGE_CURVE('',#617,#625,#95,.T.);
#495=EDGE_CURVE('',#625,#626,#96,.T.);
#496=EDGE_CURVE('',#618,#626,#97,.T.);
#497=EDGE_CURVE('',#626,#627,#33,.F.);
#498=EDGE_CURVE('',#627,#619,#98,.F.);
#499=EDGE_CURVE('',#620,#628,#99,.T.);
#500=EDGE_CURVE('',#628,#627,#733,.T.);
#501=EDGE_CURVE('',#628,#629,#34,.F.);
#502=EDGE_CURVE('',#629,#621,#100,.F.);
#503=EDGE_CURVE('',#622,#630,#101,.T.);
#504=EDGE_CURVE('',#630,#629,#734,.T.);
#505=EDGE_CURVE('',#630,#631,#35,.F.);
#506=EDGE_CURVE('',#623,#631,#102,.T.);
#507=EDGE_CURVE('',#631,#578,#735,.T.);
#508=EDGE_CURVE('',#578,#632,#103,.T.);
#509=EDGE_CURVE('',#614,#632,#104,.T.);
#510=EDGE_CURVE('',#632,#633,#36,.F.);
#511=EDGE_CURVE('',#633,#613,#105,.F.);
#512=EDGE_CURVE('',#615,#634,#106,.T.);
#513=EDGE_CURVE('',#634,#624,#37,.F.);
#514=EDGE_CURVE('',#635,#635,#736,.T.);
#515=EDGE_CURVE('',#636,#636,#737,.T.);
#516=EDGE_CURVE('',#637,#637,#738,.T.);
#517=EDGE_CURVE('',#638,#638,#739,.T.);
#518=EDGE_CURVE('',#639,#639,#740,.T.);
#519=EDGE_CURVE('',#640,#640,#741,.T.);
#520=EDGE_CURVE('',#641,#641,#742,.T.);
#521=EDGE_CURVE('',#642,#642,#743,.T.);
#522=EDGE_CURVE('',#643,#643,#744,.T.);
#523=EDGE_CURVE('',#644,#644,#745,.T.);
#524=EDGE_CURVE('',#645,#645,#746,.T.);
#525=EDGE_CURVE('',#646,#646,#747,.T.);
#526=EDGE_CURVE('',#647,#647,#748,.T.);
#527=EDGE_CURVE('',#634,#633,#749,.T.);
#528=EDGE_CURVE('',#648,#648,#750,.T.);
#529=VERTEX_POINT('',#1971);
#530=VERTEX_POINT('',#1974);
#531=VERTEX_POINT('',#1977);
#532=VERTEX_POINT('',#1980);
#533=VERTEX_POINT('',#1983);
#534=VERTEX_POINT('',#1986);
#535=VERTEX_POINT('',#1989);
#536=VERTEX_POINT('',#1992);
#537=VERTEX_POINT('',#1995);
#538=VERTEX_POINT('',#1998);
#539=VERTEX_POINT('',#2001);
#540=VERTEX_POINT('',#2004);
#541=VERTEX_POINT('',#2007);
#542=VERTEX_POINT('',#2010);
#543=VERTEX_POINT('',#2013);
#544=VERTEX_POINT('',#2016);
#545=VERTEX_POINT('',#2019);
#546=VERTEX_POINT('',#2022);
#547=VERTEX_POINT('',#2025);
#548=VERTEX_POINT('',#2028);
#549=VERTEX_POINT('',#2031);
#550=VERTEX_POINT('',#2034);
#551=VERTEX_POINT('',#2037);
#552=VERTEX_POINT('',#2040);
#553=VERTEX_POINT('',#2043);
#554=VERTEX_POINT('',#2046);
#555=VERTEX_POINT('',#2049);
#556=VERTEX_POINT('',#2052);
#557=VERTEX_POINT('',#2055);
#558=VERTEX_POINT('',#2058);
#559=VERTEX_POINT('',#2061);
#560=VERTEX_POINT('',#2064);
#561=VERTEX_POINT('',#2067);
#562=VERTEX_POINT('',#2070);
#563=VERTEX_POINT('',#2073);
#564=VERTEX_POINT('',#2074);
#565=VERTEX_POINT('',#2078);
#566=VERTEX_POINT('',#2081);
#567=VERTEX_POINT('',#2084);
#568=VERTEX_POINT('',#2087);
#569=VERTEX_POINT('',#2090);
#570=VERTEX_POINT('',#2093);
#571=VERTEX_POINT('',#2096);
#572=VERTEX_POINT('',#2099);
#573=VERTEX_POINT('',#2102);
#574=VERTEX_POINT('',#2105);
#575=VERTEX_POINT('',#2108);
#576=VERTEX_POINT('',#2111);
#577=VERTEX_POINT('',#2114);
#578=VERTEX_POINT('',#2117);
#579=VERTEX_POINT('',#2119);
#580=VERTEX_POINT('',#2121);
#581=VERTEX_POINT('',#2125);
#582=VERTEX_POINT('',#2128);
#583=VERTEX_POINT('',#2131);
#584=VERTEX_POINT('',#2134);
#585=VERTEX_POINT('',#2137);
#586=VERTEX_POINT('',#2140);
#587=VERTEX_POINT('',#2143);
#588=VERTEX_POINT('',#2146);
#589=VERTEX_POINT('',#2149);
#590=VERTEX_POINT('',#2152);
#591=VERTEX_POINT('',#2155);
#592=VERTEX_POINT('',#2158);
#593=VERTEX_POINT('',#2161);
#594=VERTEX_POINT('',#2164);
#595=VERTEX_POINT('',#2167);
#596=VERTEX_POINT('',#2170);
#597=VERTEX_POINT('',#2173);
#598=VERTEX_POINT('',#2176);
#599=VERTEX_POINT('',#2179);
#600=VERTEX_POINT('',#2182);
#601=VERTEX_POINT('',#2185);
#602=VERTEX_POINT('',#2188);
#603=VERTEX_POINT('',#2191);
#604=VERTEX_POINT('',#2194);
#605=VERTEX_POINT('',#2197);
#606=VERTEX_POINT('',#2200);
#607=VERTEX_POINT('',#2203);
#608=VERTEX_POINT('',#2206);
#609=VERTEX_POINT('',#2209);
#610=VERTEX_POINT('',#2212);
#611=VERTEX_POINT('',#2215);
#612=VERTEX_POINT('',#2218);
#613=VERTEX_POINT('',#2224);
#614=VERTEX_POINT('',#2225);
#615=VERTEX_POINT('',#2227);
#616=VERTEX_POINT('',#2232);
#617=VERTEX_POINT('',#2237);
#618=VERTEX_POINT('',#2239);
#619=VERTEX_POINT('',#2260);
#620=VERTEX_POINT('',#2262);
#621=VERTEX_POINT('',#2283);
#622=VERTEX_POINT('',#2285);
#623=VERTEX_POINT('',#2306);
#624=VERTEX_POINT('',#2318);
#625=VERTEX_POINT('',#2323);
#626=VERTEX_POINT('',#2327);
#627=VERTEX_POINT('',#2385);
#628=VERTEX_POINT('',#2389);
#629=VERTEX_POINT('',#2427);
#630=VERTEX_POINT('',#2431);
#631=VERTEX_POINT('',#2477);
#632=VERTEX_POINT('',#2483);
#633=VERTEX_POINT('',#2497);
#634=VERTEX_POINT('',#2508);
#635=VERTEX_POINT('',#2515);
#636=VERTEX_POINT('',#2518);
#637=VERTEX_POINT('',#2521);
#638=VERTEX_POINT('',#2524);
#639=VERTEX_POINT('',#2527);
#640=VERTEX_POINT('',#2530);
#641=VERTEX_POINT('',#2533);
#642=VERTEX_POINT('',#2536);
#643=VERTEX_POINT('',#2539);
#644=VERTEX_POINT('',#2542);
#645=VERTEX_POINT('',#2545);
#646=VERTEX_POINT('',#2548);
#647=VERTEX_POINT('',#2551);
#648=VERTEX_POINT('',#2556);
#649=CIRCLE('',#1332,2.5);
#650=CIRCLE('',#1334,2.5);
#651=CIRCLE('',#1336,2.5);
#652=CIRCLE('',#1338,2.5);
#653=CIRCLE('',#1340,2.5);
#654=CIRCLE('',#1342,2.5);
#655=CIRCLE('',#1344,2.5);
#656=CIRCLE('',#1346,2.5);
#657=CIRCLE('',#1348,2.5);
#658=CIRCLE('',#1350,2.5);
#659=CIRCLE('',#1352,2.5);
#660=CIRCLE('',#1354,2.5);
#661=CIRCLE('',#1356,2.5);
#662=CIRCLE('',#1358,2.5);
#663=CIRCLE('',#1360,2.5);
#664=CIRCLE('',#1362,2.5);
#665=CIRCLE('',#1364,2.5);
#666=CIRCLE('',#1366,2.5);
#667=CIRCLE('',#1368,2.5);
#668=CIRCLE('',#1370,2.5);
#669=CIRCLE('',#1372,2.5);
#670=CIRCLE('',#1374,2.5);
#671=CIRCLE('',#1376,2.5);
#672=CIRCLE('',#1378,2.5);
#673=CIRCLE('',#1380,2.5);
#674=CIRCLE('',#1382,2.5);
#675=CIRCLE('',#1384,2.5);
#676=CIRCLE('',#1386,2.5);
#677=CIRCLE('',#1388,2.5);
#678=CIRCLE('',#1390,2.5);
#679=CIRCLE('',#1392,2.5);
#680=CIRCLE('',#1394,2.5);
#681=CIRCLE('',#1396,2.5);
#682=CIRCLE('',#1398,2.5);
#683=CIRCLE('',#1400,50.);
#684=CIRCLE('',#1402,2.5);
#685=CIRCLE('',#1404,2.5);
#686=CIRCLE('',#1406,2.5);
#687=CIRCLE('',#1408,2.5);
#688=CIRCLE('',#1410,2.5);
#689=CIRCLE('',#1412,2.5);
#690=CIRCLE('',#1414,2.5);
#691=CIRCLE('',#1416,2.5);
#692=CIRCLE('',#1418,2.5);
#693=CIRCLE('',#1420,2.5);
#694=CIRCLE('',#1422,2.5);
#695=CIRCLE('',#1424,2.5);
#696=CIRCLE('',#1426,2.5);
#697=CIRCLE('',#1429,2.5);
#698=CIRCLE('',#1431,2.5);
#699=CIRCLE('',#1433,2.5);
#700=CIRCLE('',#1435,2.5);
#701=CIRCLE('',#1437,2.5);
#702=CIRCLE('',#1439,2.5);
#703=CIRCLE('',#1441,2.5);
#704=CIRCLE('',#1443,2.5);
#705=CIRCLE('',#1445,2.5);
#706=CIRCLE('',#1447,2.5);
#707=CIRCLE('',#1449,2.5);
#708=CIRCLE('',#1451,2.5);
#709=CIRCLE('',#1453,2.5);
#710=CIRCLE('',#1455,2.5);
#711=CIRCLE('',#1457,2.5);
#712=CIRCLE('',#1459,2.5);
#713=CIRCLE('',#1461,2.5);
#714=CIRCLE('',#1463,2.5);
#715=CIRCLE('',#1465,2.5);
#716=CIRCLE('',#1467,2.5);
#717=CIRCLE('',#1469,2.5);
#718=CIRCLE('',#1471,2.5);
#719=CIRCLE('',#1473,2.5);
#720=CIRCLE('',#1475,2.5);
#721=CIRCLE('',#1477,2.5);
#722=CIRCLE('',#1479,2.5);
#723=CIRCLE('',#1481,2.5);
#724=CIRCLE('',#1483,2.5);
#725=CIRCLE('',#1485,2.5);
#726=CIRCLE('',#1487,2.5);
#727=CIRCLE('',#1489,2.5);
#728=CIRCLE('',#1491,2.5);
#729=CIRCLE('',#1493,2.5);
#730=CIRCLE('',#1494,2.5);
#731=CIRCLE('',#1495,2.5);
#732=CIRCLE('',#1496,50.);
#733=CIRCLE('',#1499,2.5);
#734=CIRCLE('',#1501,2.5);
#735=CIRCLE('',#1503,50.);
#736=CIRCLE('',#1506,2.5);
#737=CIRCLE('',#1508,2.5);
#738=CIRCLE('',#1510,2.5);
#739=CIRCLE('',#1512,2.5);
#740=CIRCLE('',#1514,2.5);
#741=CIRCLE('',#1516,2.5);
#742=CIRCLE('',#1518,2.5);
#743=CIRCLE('',#1520,2.5);
#744=CIRCLE('',#1522,2.5);
#745=CIRCLE('',#1524,2.5);
#746=CIRCLE('',#1526,2.5);
#747=CIRCLE('',#1528,2.5);
#748=CIRCLE('',#1530,2.5);
#749=CIRCLE('',#1532,2.5);
#750=CIRCLE('',#1534,2.5);
#751=EDGE_LOOP('',(#127));
#752=EDGE_LOOP('',(#128));
#753=EDGE_LOOP('',(#129));
#754=EDGE_LOOP('',(#130));
#755=EDGE_LOOP('',(#131));
#756=EDGE_LOOP('',(#132));
#757=EDGE_LOOP('',(#133));
#758=EDGE_LOOP('',(#134));
#759=EDGE_LOOP('',(#135));
#760=EDGE_LOOP('',(#136));
#761=EDGE_LOOP('',(#137));
#762=EDGE_LOOP('',(#138));
#763=EDGE_LOOP('',(#139));
#764=EDGE_LOOP('',(#140));
#765=EDGE_LOOP('',(#141));
#766=EDGE_LOOP('',(#142));
#767=EDGE_LOOP('',(#143));
#768=EDGE_LOOP('',(#144));
#769=EDGE_LOOP('',(#145));
#770=EDGE_LOOP('',(#146));
#771=EDGE_LOOP('',(#147));
#772=EDGE_LOOP('',(#148));
#773=EDGE_LOOP('',(#149));
#774=EDGE_LOOP('',(#150));
#775=EDGE_LOOP('',(#151));
#776=EDGE_LOOP('',(#152));
#777=EDGE_LOOP('',(#153));
#778=EDGE_LOOP('',(#154));
#779=EDGE_LOOP('',(#155));
#780=EDGE_LOOP('',(#156));
#781=EDGE_LOOP('',(#157));
#782=EDGE_LOOP('',(#158));
#783=EDGE_LOOP('',(#159));
#784=EDGE_LOOP('',(#160));
#785=EDGE_LOOP('',(#161,#162));
#786=EDGE_LOOP('',(#163));
#787=EDGE_LOOP('',(#164));
#788=EDGE_LOOP('',(#165));
#789=EDGE_LOOP('',(#166));
#790=EDGE_LOOP('',(#167));
#791=EDGE_LOOP('',(#168));
#792=EDGE_LOOP('',(#169));
#793=EDGE_LOOP('',(#170));
#794=EDGE_LOOP('',(#171));
#795=EDGE_LOOP('',(#172));
#796=EDGE_LOOP('',(#173));
#797=EDGE_LOOP('',(#174));
#798=EDGE_LOOP('',(#175));
#799=EDGE_LOOP('',(#176,#177,#178,#179,#180));
#800=EDGE_LOOP('',(#181));
#801=EDGE_LOOP('',(#182));
#802=EDGE_LOOP('',(#183));
#803=EDGE_LOOP('',(#184));
#804=EDGE_LOOP('',(#185));
#805=EDGE_LOOP('',(#186));
#806=EDGE_LOOP('',(#187));
#807=EDGE_LOOP('',(#188));
#808=EDGE_LOOP('',(#189));
#809=EDGE_LOOP('',(#190));
#810=EDGE_LOOP('',(#191));
#811=EDGE_LOOP('',(#192));
#812=EDGE_LOOP('',(#193));
#813=EDGE_LOOP('',(#194));
#814=EDGE_LOOP('',(#195));
#815=EDGE_LOOP('',(#196));
#816=EDGE_LOOP('',(#197));
#817=EDGE_LOOP('',(#198));
#818=EDGE_LOOP('',(#199));
#819=EDGE_LOOP('',(#200));
#820=EDGE_LOOP('',(#201));
#821=EDGE_LOOP('',(#202));
#822=EDGE_LOOP('',(#203));
#823=EDGE_LOOP('',(#204));
#824=EDGE_LOOP('',(#205));
#825=EDGE_LOOP('',(#206));
#826=EDGE_LOOP('',(#207));
#827=EDGE_LOOP('',(#208));
#828=EDGE_LOOP('',(#209));
#829=EDGE_LOOP('',(#210));
#830=EDGE_LOOP('',(#211));
#831=EDGE_LOOP('',(#212));
#832=EDGE_LOOP('',(#213));
#833=EDGE_LOOP('',(#214));
#834=EDGE_LOOP('',(#215));
#835=EDGE_LOOP('',(#216));
#836=EDGE_LOOP('',(#217));
#837=EDGE_LOOP('',(#218));
#838=EDGE_LOOP('',(#219));
#839=EDGE_LOOP('',(#220));
#840=EDGE_LOOP('',(#221));
#841=EDGE_LOOP('',(#222));
#842=EDGE_LOOP('',(#223));
#843=EDGE_LOOP('',(#224));
#844=EDGE_LOOP('',(#225));
#845=EDGE_LOOP('',(#226));
#846=EDGE_LOOP('',(#227));
#847=EDGE_LOOP('',(#228));
#848=EDGE_LOOP('',(#229));
#849=EDGE_LOOP('',(#230));
#850=EDGE_LOOP('',(#231));
#851=EDGE_LOOP('',(#232));
#852=EDGE_LOOP('',(#233));
#853=EDGE_LOOP('',(#234));
#854=EDGE_LOOP('',(#235));
#855=EDGE_LOOP('',(#236));
#856=EDGE_LOOP('',(#237));
#857=EDGE_LOOP('',(#238));
#858=EDGE_LOOP('',(#239));
#859=EDGE_LOOP('',(#240));
#860=EDGE_LOOP('',(#241));
#861=EDGE_LOOP('',(#242));
#862=EDGE_LOOP('',(#243));
#863=EDGE_LOOP('',(#244));
#864=EDGE_LOOP('',(#245));
#865=EDGE_LOOP('',(#246));
#866=EDGE_LOOP('',(#247));
#867=EDGE_LOOP('',(#248));
#868=EDGE_LOOP('',(#249));
#869=EDGE_LOOP('',(#250));
#870=EDGE_LOOP('',(#251));
#871=EDGE_LOOP('',(#252));
#872=EDGE_LOOP('',(#253));
#873=EDGE_LOOP('',(#254));
#874=EDGE_LOOP('',(#255));
#875=EDGE_LOOP('',(#256));
#876=EDGE_LOOP('',(#257));
#877=EDGE_LOOP('',(#258));
#878=EDGE_LOOP('',(#259));
#879=EDGE_LOOP('',(#260));
#880=EDGE_LOOP('',(#261));
#881=EDGE_LOOP('',(#262));
#882=EDGE_LOOP('',(#263));
#883=EDGE_LOOP('',(#264));
#884=EDGE_LOOP('',(#265));
#885=EDGE_LOOP('',(#266));
#886=EDGE_LOOP('',(#267));
#887=EDGE_LOOP('',(#268));
#888=EDGE_LOOP('',(#269));
#889=EDGE_LOOP('',(#270));
#890=EDGE_LOOP('',(#271));
#891=EDGE_LOOP('',(#272));
#892=EDGE_LOOP('',(#273));
#893=EDGE_LOOP('',(#274));
#894=EDGE_LOOP('',(#275));
#895=EDGE_LOOP('',(#276));
#896=EDGE_LOOP('',(#277,#278,#279,#280,#281,#282,#283,#284,#285,#286,#287,
#288,#289));
#897=EDGE_LOOP('',(#290,#291,#292,#293));
#898=EDGE_LOOP('',(#294,#295,#296,#297));
#899=EDGE_LOOP('',(#298,#299,#300,#301));
#900=EDGE_LOOP('',(#302,#303,#304,#305));
#901=EDGE_LOOP('',(#306));
#902=EDGE_LOOP('',(#307,#308,#309,#310));
#903=EDGE_LOOP('',(#311,#312,#313,#314));
#904=EDGE_LOOP('',(#315));
#905=EDGE_LOOP('',(#316,#317,#318,#319));
#906=EDGE_LOOP('',(#320,#321,#322,#323,#324,#325));
#907=EDGE_LOOP('',(#326,#327,#328,#329));
#908=EDGE_LOOP('',(#330,#331,#332,#333));
#909=EDGE_LOOP('',(#334,#335,#336,#337));
#910=EDGE_LOOP('',(#338));
#911=EDGE_LOOP('',(#339));
#912=EDGE_LOOP('',(#340));
#913=EDGE_LOOP('',(#341));
#914=EDGE_LOOP('',(#342));
#915=EDGE_LOOP('',(#343));
#916=EDGE_LOOP('',(#344));
#917=EDGE_LOOP('',(#345));
#918=EDGE_LOOP('',(#346));
#919=EDGE_LOOP('',(#347));
#920=EDGE_LOOP('',(#348));
#921=EDGE_LOOP('',(#349));
#922=EDGE_LOOP('',(#350));
#923=EDGE_LOOP('',(#351));
#924=EDGE_LOOP('',(#352));
#925=EDGE_LOOP('',(#353));
#926=EDGE_LOOP('',(#354));
#927=EDGE_LOOP('',(#355));
#928=EDGE_LOOP('',(#356));
#929=EDGE_LOOP('',(#357));
#930=EDGE_LOOP('',(#358));
#931=EDGE_LOOP('',(#359));
#932=EDGE_LOOP('',(#360));
#933=EDGE_LOOP('',(#361));
#934=EDGE_LOOP('',(#362));
#935=EDGE_LOOP('',(#363));
#936=EDGE_LOOP('',(#364));
#937=EDGE_LOOP('',(#365));
#938=EDGE_LOOP('',(#366));
#939=EDGE_LOOP('',(#367));
#940=EDGE_LOOP('',(#368));
#941=EDGE_LOOP('',(#369));
#942=EDGE_LOOP('',(#370));
#943=EDGE_LOOP('',(#371));
#944=EDGE_LOOP('',(#372));
#945=EDGE_LOOP('',(#373));
#946=EDGE_LOOP('',(#374));
#947=EDGE_LOOP('',(#375));
#948=EDGE_LOOP('',(#376));
#949=EDGE_LOOP('',(#377,#378,#379,#380,#381,#382,#383,#384,#385,#386,#387,
#388));
#950=EDGE_LOOP('',(#389,#390,#391,#392));
#951=EDGE_LOOP('',(#393));
#952=EDGE_LOOP('',(#394));
#953=FACE_BOUND('',#751,.T.);
#954=FACE_BOUND('',#752,.T.);
#955=FACE_BOUND('',#753,.T.);
#956=FACE_BOUND('',#754,.T.);
#957=FACE_BOUND('',#755,.T.);
#958=FACE_BOUND('',#756,.T.);
#959=FACE_BOUND('',#757,.T.);
#960=FACE_BOUND('',#758,.T.);
#961=FACE_BOUND('',#759,.T.);
#962=FACE_BOUND('',#760,.T.);
#963=FACE_BOUND('',#761,.T.);
#964=FACE_BOUND('',#762,.T.);
#965=FACE_BOUND('',#763,.T.);
#966=FACE_BOUND('',#764,.T.);
#967=FACE_BOUND('',#765,.T.);
#968=FACE_BOUND('',#766,.T.);
#969=FACE_BOUND('',#767,.T.);
#970=FACE_BOUND('',#768,.T.);
#971=FACE_BOUND('',#769,.T.);
#972=FACE_BOUND('',#770,.T.);
#973=FACE_BOUND('',#771,.T.);
#974=FACE_BOUND('',#772,.T.);
#975=FACE_BOUND('',#773,.T.);
#976=FACE_BOUND('',#774,.T.);
#977=FACE_BOUND('',#775,.T.);
#978=FACE_BOUND('',#776,.T.);
#979=FACE_BOUND('',#777,.T.);
#980=FACE_BOUND('',#778,.T.);
#981=FACE_BOUND('',#779,.T.);
#982=FACE_BOUND('',#780,.T.);
#983=FACE_BOUND('',#781,.T.);
#984=FACE_BOUND('',#782,.T.);
#985=FACE_BOUND('',#783,.T.);
#986=FACE_BOUND('',#784,.T.);
#987=FACE_BOUND('',#785,.T.);
#988=FACE_BOUND('',#786,.T.);
#989=FACE_BOUND('',#787,.T.);
#990=FACE_BOUND('',#788,.T.);
#991=FACE_BOUND('',#789,.T.);
#992=FACE_BOUND('',#790,.T.);
#993=FACE_BOUND('',#791,.T.);
#994=FACE_BOUND('',#792,.T.);
#995=FACE_BOUND('',#793,.T.);
#996=FACE_BOUND('',#794,.T.);
#997=FACE_BOUND('',#795,.T.);
#998=FACE_BOUND('',#796,.T.);
#999=FACE_BOUND('',#797,.T.);
#1000=FACE_BOUND('',#798,.T.);
#1001=FACE_BOUND('',#799,.T.);
#1002=FACE_BOUND('',#800,.T.);
#1003=FACE_BOUND('',#801,.T.);
#1004=FACE_BOUND('',#802,.T.);
#1005=FACE_BOUND('',#803,.T.);
#1006=FACE_BOUND('',#804,.T.);
#1007=FACE_BOUND('',#805,.T.);
#1008=FACE_BOUND('',#806,.T.);
#1009=FACE_BOUND('',#807,.T.);
#1010=FACE_BOUND('',#808,.T.);
#1011=FACE_BOUND('',#809,.T.);
#1012=FACE_BOUND('',#810,.T.);
#1013=FACE_BOUND('',#811,.T.);
#1014=FACE_BOUND('',#812,.T.);
#1015=FACE_BOUND('',#813,.T.);
#1016=FACE_BOUND('',#814,.T.);
#1017=FACE_BOUND('',#815,.T.);
#1018=FACE_BOUND('',#816,.T.);
#1019=FACE_BOUND('',#817,.T.);
#1020=FACE_BOUND('',#818,.T.);
#1021=FACE_BOUND('',#819,.T.);
#1022=FACE_BOUND('',#820,.T.);
#1023=FACE_BOUND('',#821,.T.);
#1024=FACE_BOUND('',#822,.T.);
#1025=FACE_BOUND('',#823,.T.);
#1026=FACE_BOUND('',#824,.T.);
#1027=FACE_BOUND('',#825,.T.);
#1028=FACE_BOUND('',#826,.T.);
#1029=FACE_BOUND('',#827,.T.);
#1030=FACE_BOUND('',#828,.T.);
#1031=FACE_BOUND('',#829,.T.);
#1032=FACE_BOUND('',#830,.T.);
#1033=FACE_BOUND('',#831,.T.);
#1034=FACE_BOUND('',#832,.T.);
#1035=FACE_BOUND('',#833,.T.);
#1036=FACE_BOUND('',#834,.T.);
#1037=FACE_BOUND('',#835,.T.);
#1038=FACE_BOUND('',#836,.T.);
#1039=FACE_BOUND('',#837,.T.);
#1040=FACE_BOUND('',#838,.T.);
#1041=FACE_BOUND('',#839,.T.);
#1042=FACE_BOUND('',#840,.T.);
#1043=FACE_BOUND('',#841,.T.);
#1044=FACE_BOUND('',#842,.T.);
#1045=FACE_BOUND('',#843,.T.);
#1046=FACE_BOUND('',#844,.T.);
#1047=FACE_BOUND('',#845,.T.);
#1048=FACE_BOUND('',#846,.T.);
#1049=FACE_BOUND('',#847,.T.);
#1050=FACE_BOUND('',#848,.T.);
#1051=FACE_BOUND('',#849,.T.);
#1052=FACE_BOUND('',#850,.T.);
#1053=FACE_BOUND('',#851,.T.);
#1054=FACE_BOUND('',#852,.T.);
#1055=FACE_BOUND('',#853,.T.);
#1056=FACE_BOUND('',#854,.T.);
#1057=FACE_BOUND('',#855,.T.);
#1058=FACE_BOUND('',#856,.T.);
#1059=FACE_BOUND('',#857,.T.);
#1060=FACE_BOUND('',#858,.T.);
#1061=FACE_BOUND('',#859,.T.);
#1062=FACE_BOUND('',#860,.T.);
#1063=FACE_BOUND('',#861,.T.);
#1064=FACE_BOUND('',#862,.T.);
#1065=FACE_BOUND('',#863,.T.);
#1066=FACE_BOUND('',#864,.T.);
#1067=FACE_BOUND('',#865,.T.);
#1068=FACE_BOUND('',#866,.T.);
#1069=FACE_BOUND('',#867,.T.);
#1070=FACE_BOUND('',#868,.T.);
#1071=FACE_BOUND('',#869,.T.);
#1072=FACE_BOUND('',#870,.T.);
#1073=FACE_BOUND('',#871,.T.);
#1074=FACE_BOUND('',#872,.T.);
#1075=FACE_BOUND('',#873,.T.);
#1076=FACE_BOUND('',#874,.T.);
#1077=FACE_BOUND('',#875,.T.);
#1078=FACE_BOUND('',#876,.T.);
#1079=FACE_BOUND('',#877,.T.);
#1080=FACE_BOUND('',#878,.T.);
#1081=FACE_BOUND('',#879,.T.);
#1082=FACE_BOUND('',#880,.T.);
#1083=FACE_BOUND('',#881,.T.);
#1084=FACE_BOUND('',#882,.T.);
#1085=FACE_BOUND('',#883,.T.);
#1086=FACE_BOUND('',#884,.T.);
#1087=FACE_BOUND('',#885,.T.);
#1088=FACE_BOUND('',#886,.T.);
#1089=FACE_BOUND('',#887,.T.);
#1090=FACE_BOUND('',#888,.T.);
#1091=FACE_BOUND('',#889,.T.);
#1092=FACE_BOUND('',#890,.T.);
#1093=FACE_BOUND('',#891,.T.);
#1094=FACE_BOUND('',#892,.T.);
#1095=FACE_BOUND('',#893,.T.);
#1096=FACE_BOUND('',#894,.T.);
#1097=FACE_BOUND('',#895,.T.);
#1098=FACE_BOUND('',#896,.T.);
#1099=FACE_BOUND('',#897,.T.);
#1100=FACE_BOUND('',#898,.T.);
#1101=FACE_BOUND('',#899,.T.);
#1102=FACE_BOUND('',#900,.T.);
#1103=FACE_BOUND('',#901,.T.);
#1104=FACE_BOUND('',#902,.T.);
#1105=FACE_BOUND('',#903,.T.);
#1106=FACE_BOUND('',#904,.T.);
#1107=FACE_BOUND('',#905,.T.);
#1108=FACE_BOUND('',#906,.T.);
#1109=FACE_BOUND('',#907,.T.);
#1110=FACE_BOUND('',#908,.T.);
#1111=FACE_BOUND('',#909,.T.);
#1112=FACE_BOUND('',#910,.T.);
#1113=FACE_BOUND('',#911,.T.);
#1114=FACE_BOUND('',#912,.T.);
#1115=FACE_BOUND('',#913,.T.);
#1116=FACE_BOUND('',#914,.T.);
#1117=FACE_BOUND('',#915,.T.);
#1118=FACE_BOUND('',#916,.T.);
#1119=FACE_BOUND('',#917,.T.);
#1120=FACE_BOUND('',#918,.T.);
#1121=FACE_BOUND('',#919,.T.);
#1122=FACE_BOUND('',#920,.T.);
#1123=FACE_BOUND('',#921,.T.);
#1124=FACE_BOUND('',#922,.T.);
#1125=FACE_BOUND('',#923,.T.);
#1126=FACE_BOUND('',#924,.T.);
#1127=FACE_BOUND('',#925,.T.);
#1128=FACE_BOUND('',#926,.T.);
#1129=FACE_BOUND('',#927,.T.);
#1130=FACE_BOUND('',#928,.T.);
#1131=FACE_BOUND('',#929,.T.);
#1132=FACE_BOUND('',#930,.T.);
#1133=FACE_BOUND('',#931,.T.);
#1134=FACE_BOUND('',#932,.T.);
#1135=FACE_BOUND('',#933,.T.);
#1136=FACE_BOUND('',#934,.T.);
#1137=FACE_BOUND('',#935,.T.);
#1138=FACE_BOUND('',#936,.T.);
#1139=FACE_BOUND('',#937,.T.);
#1140=FACE_BOUND('',#938,.T.);
#1141=FACE_BOUND('',#939,.T.);
#1142=FACE_BOUND('',#940,.T.);
#1143=FACE_BOUND('',#941,.T.);
#1144=FACE_BOUND('',#942,.T.);
#1145=FACE_BOUND('',#943,.T.);
#1146=FACE_BOUND('',#944,.T.);
#1147=FACE_BOUND('',#945,.T.);
#1148=FACE_BOUND('',#946,.T.);
#1149=FACE_BOUND('',#947,.T.);
#1150=FACE_BOUND('',#948,.T.);
#1151=FACE_BOUND('',#949,.T.);
#1152=FACE_BOUND('',#950,.T.);
#1153=FACE_BOUND('',#951,.T.);
#1154=FACE_BOUND('',#952,.T.);
#1155=PLANE('',#1331);
#1156=PLANE('',#1333);
#1157=PLANE('',#1335);
#1158=PLANE('',#1337);
#1159=PLANE('',#1339);
#1160=PLANE('',#1341);
#1161=PLANE('',#1343);
#1162=PLANE('',#1345);
#1163=PLANE('',#1347);
#1164=PLANE('',#1349);
#1165=PLANE('',#1351);
#1166=PLANE('',#1353);
#1167=PLANE('',#1355);
#1168=PLANE('',#1357);
#1169=PLANE('',#1359);
#1170=PLANE('',#1361);
#1171=PLANE('',#1363);
#1172=PLANE('',#1365);
#1173=PLANE('',#1367);
#1174=PLANE('',#1369);
#1175=PLANE('',#1371);
#1176=PLANE('',#1373);
#1177=PLANE('',#1375);
#1178=PLANE('',#1377);
#1179=PLANE('',#1379);
#1180=PLANE('',#1381);
#1181=PLANE('',#1383);
#1182=PLANE('',#1385);
#1183=PLANE('',#1387);
#1184=PLANE('',#1389);
#1185=PLANE('',#1391);
#1186=PLANE('',#1393);
#1187=PLANE('',#1395);
#1188=PLANE('',#1397);
#1189=PLANE('',#1399);
#1190=PLANE('',#1401);
#1191=PLANE('',#1403);
#1192=PLANE('',#1405);
#1193=PLANE('',#1407);
#1194=PLANE('',#1409);
#1195=PLANE('',#1411);
#1196=PLANE('',#1413);
#1197=PLANE('',#1415);
#1198=PLANE('',#1417);
#1199=PLANE('',#1419);
#1200=PLANE('',#1421);
#1201=PLANE('',#1423);
#1202=PLANE('',#1425);
#1203=PLANE('',#1427);
#1204=PLANE('',#1492);
#1205=PLANE('',#1497);
#1206=PLANE('',#1504);
#1207=PLANE('',#1531);
#1208=PLANE('',#1535);
#1209=ADVANCED_FACE('',(#953),#1155,.F.);
#1210=ADVANCED_FACE('',(#954),#1156,.F.);
#1211=ADVANCED_FACE('',(#955),#1157,.F.);
#1212=ADVANCED_FACE('',(#956),#1158,.F.);
#1213=ADVANCED_FACE('',(#957),#1159,.F.);
#1214=ADVANCED_FACE('',(#958),#1160,.F.);
#1215=ADVANCED_FACE('',(#959),#1161,.F.);
#1216=ADVANCED_FACE('',(#960),#1162,.F.);
#1217=ADVANCED_FACE('',(#961),#1163,.F.);
#1218=ADVANCED_FACE('',(#962),#1164,.F.);
#1219=ADVANCED_FACE('',(#963),#1165,.F.);
#1220=ADVANCED_FACE('',(#964),#1166,.F.);
#1221=ADVANCED_FACE('',(#965),#1167,.F.);
#1222=ADVANCED_FACE('',(#966),#1168,.F.);
#1223=ADVANCED_FACE('',(#967),#1169,.F.);
#1224=ADVANCED_FACE('',(#968),#1170,.F.);
#1225=ADVANCED_FACE('',(#969),#1171,.F.);
#1226=ADVANCED_FACE('',(#970),#1172,.F.);
#1227=ADVANCED_FACE('',(#971),#1173,.F.);
#1228=ADVANCED_FACE('',(#972),#1174,.F.);
#1229=ADVANCED_FACE('',(#973),#1175,.F.);
#1230=ADVANCED_FACE('',(#974),#1176,.F.);
#1231=ADVANCED_FACE('',(#975),#1177,.F.);
#1232=ADVANCED_FACE('',(#976),#1178,.F.);
#1233=ADVANCED_FACE('',(#977),#1179,.F.);
#1234=ADVANCED_FACE('',(#978),#1180,.F.);
#1235=ADVANCED_FACE('',(#979),#1181,.F.);
#1236=ADVANCED_FACE('',(#980),#1182,.F.);
#1237=ADVANCED_FACE('',(#981),#1183,.F.);
#1238=ADVANCED_FACE('',(#982),#1184,.F.);
#1239=ADVANCED_FACE('',(#983),#1185,.F.);
#1240=ADVANCED_FACE('',(#984),#1186,.F.);
#1241=ADVANCED_FACE('',(#985),#1187,.F.);
#1242=ADVANCED_FACE('',(#986),#1188,.F.);
#1243=ADVANCED_FACE('',(#987),#1189,.T.);
#1244=ADVANCED_FACE('',(#988),#1190,.F.);
#1245=ADVANCED_FACE('',(#989),#1191,.F.);
#1246=ADVANCED_FACE('',(#990),#1192,.F.);
#1247=ADVANCED_FACE('',(#991),#1193,.F.);
#1248=ADVANCED_FACE('',(#992),#1194,.F.);
#1249=ADVANCED_FACE('',(#993),#1195,.F.);
#1250=ADVANCED_FACE('',(#994),#1196,.F.);
#1251=ADVANCED_FACE('',(#995),#1197,.F.);
#1252=ADVANCED_FACE('',(#996),#1198,.F.);
#1253=ADVANCED_FACE('',(#997),#1199,.F.);
#1254=ADVANCED_FACE('',(#998),#1200,.F.);
#1255=ADVANCED_FACE('',(#999),#1201,.F.);
#1256=ADVANCED_FACE('',(#1000),#1202,.F.);
#1257=ADVANCED_FACE('',(#1001),#1203,.T.);
#1258=ADVANCED_FACE('',(#1002,#1003),#38,.T.);
#1259=ADVANCED_FACE('',(#1004,#1005),#39,.T.);
#1260=ADVANCED_FACE('',(#1006,#1007),#40,.T.);
#1261=ADVANCED_FACE('',(#1008,#1009),#41,.T.);
#1262=ADVANCED_FACE('',(#1010,#1011),#42,.T.);
#1263=ADVANCED_FACE('',(#1012,#1013),#43,.T.);
#1264=ADVANCED_FACE('',(#1014,#1015),#44,.T.);
#1265=ADVANCED_FACE('',(#1016,#1017),#45,.T.);
#1266=ADVANCED_FACE('',(#1018,#1019),#46,.T.);
#1267=ADVANCED_FACE('',(#1020,#1021),#47,.T.);
#1268=ADVANCED_FACE('',(#1022,#1023),#48,.T.);
#1269=ADVANCED_FACE('',(#1024,#1025),#49,.T.);
#1270=ADVANCED_FACE('',(#1026,#1027),#50,.T.);
#1271=ADVANCED_FACE('',(#1028,#1029),#51,.T.);
#1272=ADVANCED_FACE('',(#1030,#1031),#52,.T.);
#1273=ADVANCED_FACE('',(#1032,#1033),#53,.T.);
#1274=ADVANCED_FACE('',(#1034,#1035),#54,.T.);
#1275=ADVANCED_FACE('',(#1036,#1037),#55,.T.);
#1276=ADVANCED_FACE('',(#1038,#1039),#56,.T.);
#1277=ADVANCED_FACE('',(#1040,#1041),#57,.T.);
#1278=ADVANCED_FACE('',(#1042,#1043),#58,.T.);
#1279=ADVANCED_FACE('',(#1044,#1045),#59,.T.);
#1280=ADVANCED_FACE('',(#1046,#1047),#60,.T.);
#1281=ADVANCED_FACE('',(#1048,#1049),#61,.T.);
#1282=ADVANCED_FACE('',(#1050,#1051),#62,.T.);
#1283=ADVANCED_FACE('',(#1052,#1053),#63,.T.);
#1284=ADVANCED_FACE('',(#1054,#1055),#64,.T.);
#1285=ADVANCED_FACE('',(#1056,#1057),#65,.T.);
#1286=ADVANCED_FACE('',(#1058,#1059),#66,.T.);
#1287=ADVANCED_FACE('',(#1060,#1061),#67,.T.);
#1288=ADVANCED_FACE('',(#1062,#1063),#68,.T.);
#1289=ADVANCED_FACE('',(#1064,#1065),#69,.T.);
#1290=ADVANCED_FACE('',(#1066,#1067,#1068,#1069,#1070,#1071,#1072,#1073,
#1074,#1075,#1076,#1077,#1078,#1079,#1080,#1081,#1082,#1083,#1084,#1085,
#1086,#1087,#1088,#1089,#1090,#1091,#1092,#1093,#1094,#1095,#1096,#1097,
#1098),#1204,.F.);
#1291=ADVANCED_FACE('',(#1099),#20,.T.);
#1292=ADVANCED_FACE('',(#1100),#1205,.T.);
#1293=ADVANCED_FACE('',(#1101),#21,.T.);
#1294=ADVANCED_FACE('',(#1102,#1103),#70,.T.);
#1295=ADVANCED_FACE('',(#1104),#22,.T.);
#1296=ADVANCED_FACE('',(#1105,#1106),#71,.T.);
#1297=ADVANCED_FACE('',(#1107),#23,.T.);
#1298=ADVANCED_FACE('',(#1108),#72,.T.);
#1299=ADVANCED_FACE('',(#1109),#1206,.T.);
#1300=ADVANCED_FACE('',(#1110),#24,.T.);
#1301=ADVANCED_FACE('',(#1111),#25,.T.);
#1302=ADVANCED_FACE('',(#1112,#1113),#73,.T.);
#1303=ADVANCED_FACE('',(#1114,#1115),#74,.T.);
#1304=ADVANCED_FACE('',(#1116,#1117),#75,.T.);
#1305=ADVANCED_FACE('',(#1118,#1119),#76,.T.);
#1306=ADVANCED_FACE('',(#1120,#1121),#77,.T.);
#1307=ADVANCED_FACE('',(#1122,#1123),#78,.T.);
#1308=ADVANCED_FACE('',(#1124,#1125),#79,.T.);
#1309=ADVANCED_FACE('',(#1126,#1127),#80,.T.);
#1310=ADVANCED_FACE('',(#1128,#1129),#81,.T.);
#1311=ADVANCED_FACE('',(#1130,#1131),#82,.T.);
#1312=ADVANCED_FACE('',(#1132,#1133),#83,.T.);
#1313=ADVANCED_FACE('',(#1134,#1135),#84,.T.);
#1314=ADVANCED_FACE('',(#1136,#1137),#85,.T.);
#1315=ADVANCED_FACE('',(#1138,#1139,#1140,#1141,#1142,#1143,#1144,#1145,
#1146,#1147,#1148,#1149,#1150,#1151),#1207,.F.);
#1316=ADVANCED_FACE('',(#1152,#1153),#86,.T.);
#1317=ADVANCED_FACE('',(#1154),#1208,.F.);
#1318=CLOSED_SHELL('',(#1209,#1210,#1211,#1212,#1213,#1214,#1215,#1216,
#1217,#1218,#1219,#1220,#1221,#1222,#1223,#1224,#1225,#1226,#1227,#1228,
#1229,#1230,#1231,#1232,#1233,#1234,#1235,#1236,#1237,#1238,#1239,#1240,
#1241,#1242,#1243,#1244,#1245,#1246,#1247,#1248,#1249,#1250,#1251,#1252,
#1253,#1254,#1255,#1256,#1257,#1258,#1259,#1260,#1261,#1262,#1263,#1264,
#1265,#1266,#1267,#1268,#1269,#1270,#1271,#1272,#1273,#1274,#1275,#1276,
#1277,#1278,#1279,#1280,#1281,#1282,#1283,#1284,#1285,#1286,#1287,#1288,
#1289,#1290,#1291,#1292,#1293,#1294,#1295,#1296,#1297,#1298,#1299,#1300,
#1301,#1302,#1303,#1304,#1305,#1306,#1307,#1308,#1309,#1310,#1311,#1312,
#1313,#1314,#1315,#1316,#1317));
#1319=STYLED_ITEM('',(#1320),#1327);
#1320=PRESENTATION_STYLE_ASSIGNMENT((#1321));
#1321=SURFACE_STYLE_USAGE(.BOTH.,#1322);
#1322=SURFACE_SIDE_STYLE('',(#1323));
#1323=SURFACE_STYLE_FILL_AREA(#1324);
#1324=FILL_AREA_STYLE('',(#1325));
#1325=FILL_AREA_STYLE_COLOUR('',#1326);
#1326=COLOUR_RGB('',0.506983280181885,0.531564235687256,0.550000011920929);
#1327=MANIFOLD_SOLID_BREP('',#1318);
#1328=SHAPE_DEFINITION_REPRESENTATION(#2564,#1329);
#1329=SHAPE_REPRESENTATION('Lego_half1',(#1330),#2559);
#1330=AXIS2_PLACEMENT_3D('',#1968,#1536,#1537);
#1331=AXIS2_PLACEMENT_3D('',#1969,#1538,#1539);
#1332=AXIS2_PLACEMENT_3D('',#1970,#1540,#1541);
#1333=AXIS2_PLACEMENT_3D('',#1972,#1542,#1543);
#1334=AXIS2_PLACEMENT_3D('',#1973,#1544,#1545);
#1335=AXIS2_PLACEMENT_3D('',#1975,#1546,#1547);
#1336=AXIS2_PLACEMENT_3D('',#1976,#1548,#1549);
#1337=AXIS2_PLACEMENT_3D('',#1978,#1550,#1551);
#1338=AXIS2_PLACEMENT_3D('',#1979,#1552,#1553);
#1339=AXIS2_PLACEMENT_3D('',#1981,#1554,#1555);
#1340=AXIS2_PLACEMENT_3D('',#1982,#1556,#1557);
#1341=AXIS2_PLACEMENT_3D('',#1984,#1558,#1559);
#1342=AXIS2_PLACEMENT_3D('',#1985,#1560,#1561);
#1343=AXIS2_PLACEMENT_3D('',#1987,#1562,#1563);
#1344=AXIS2_PLACEMENT_3D('',#1988,#1564,#1565);
#1345=AXIS2_PLACEMENT_3D('',#1990,#1566,#1567);
#1346=AXIS2_PLACEMENT_3D('',#1991,#1568,#1569);
#1347=AXIS2_PLACEMENT_3D('',#1993,#1570,#1571);
#1348=AXIS2_PLACEMENT_3D('',#1994,#1572,#1573);
#1349=AXIS2_PLACEMENT_3D('',#1996,#1574,#1575);
#1350=AXIS2_PLACEMENT_3D('',#1997,#1576,#1577);
#1351=AXIS2_PLACEMENT_3D('',#1999,#1578,#1579);
#1352=AXIS2_PLACEMENT_3D('',#2000,#1580,#1581);
#1353=AXIS2_PLACEMENT_3D('',#2002,#1582,#1583);
#1354=AXIS2_PLACEMENT_3D('',#2003,#1584,#1585);
#1355=AXIS2_PLACEMENT_3D('',#2005,#1586,#1587);
#1356=AXIS2_PLACEMENT_3D('',#2006,#1588,#1589);
#1357=AXIS2_PLACEMENT_3D('',#2008,#1590,#1591);
#1358=AXIS2_PLACEMENT_3D('',#2009,#1592,#1593);
#1359=AXIS2_PLACEMENT_3D('',#2011,#1594,#1595);
#1360=AXIS2_PLACEMENT_3D('',#2012,#1596,#1597);
#1361=AXIS2_PLACEMENT_3D('',#2014,#1598,#1599);
#1362=AXIS2_PLACEMENT_3D('',#2015,#1600,#1601);
#1363=AXIS2_PLACEMENT_3D('',#2017,#1602,#1603);
#1364=AXIS2_PLACEMENT_3D('',#2018,#1604,#1605);
#1365=AXIS2_PLACEMENT_3D('',#2020,#1606,#1607);
#1366=AXIS2_PLACEMENT_3D('',#2021,#1608,#1609);
#1367=AXIS2_PLACEMENT_3D('',#2023,#1610,#1611);
#1368=AXIS2_PLACEMENT_3D('',#2024,#1612,#1613);
#1369=AXIS2_PLACEMENT_3D('',#2026,#1614,#1615);
#1370=AXIS2_PLACEMENT_3D('',#2027,#1616,#1617);
#1371=AXIS2_PLACEMENT_3D('',#2029,#1618,#1619);
#1372=AXIS2_PLACEMENT_3D('',#2030,#1620,#1621);
#1373=AXIS2_PLACEMENT_3D('',#2032,#1622,#1623);
#1374=AXIS2_PLACEMENT_3D('',#2033,#1624,#1625);
#1375=AXIS2_PLACEMENT_3D('',#2035,#1626,#1627);
#1376=AXIS2_PLACEMENT_3D('',#2036,#1628,#1629);
#1377=AXIS2_PLACEMENT_3D('',#2038,#1630,#1631);
#1378=AXIS2_PLACEMENT_3D('',#2039,#1632,#1633);
#1379=AXIS2_PLACEMENT_3D('',#2041,#1634,#1635);
#1380=AXIS2_PLACEMENT_3D('',#2042,#1636,#1637);
#1381=AXIS2_PLACEMENT_3D('',#2044,#1638,#1639);
#1382=AXIS2_PLACEMENT_3D('',#2045,#1640,#1641);
#1383=AXIS2_PLACEMENT_3D('',#2047,#1642,#1643);
#1384=AXIS2_PLACEMENT_3D('',#2048,#1644,#1645);
#1385=AXIS2_PLACEMENT_3D('',#2050,#1646,#1647);
#1386=AXIS2_PLACEMENT_3D('',#2051,#1648,#1649);
#1387=AXIS2_PLACEMENT_3D('',#2053,#1650,#1651);
#1388=AXIS2_PLACEMENT_3D('',#2054,#1652,#1653);
#1389=AXIS2_PLACEMENT_3D('',#2056,#1654,#1655);
#1390=AXIS2_PLACEMENT_3D('',#2057,#1656,#1657);
#1391=AXIS2_PLACEMENT_3D('',#2059,#1658,#1659);
#1392=AXIS2_PLACEMENT_3D('',#2060,#1660,#1661);
#1393=AXIS2_PLACEMENT_3D('',#2062,#1662,#1663);
#1394=AXIS2_PLACEMENT_3D('',#2063,#1664,#1665);
#1395=AXIS2_PLACEMENT_3D('',#2065,#1666,#1667);
#1396=AXIS2_PLACEMENT_3D('',#2066,#1668,#1669);
#1397=AXIS2_PLACEMENT_3D('',#2068,#1670,#1671);
#1398=AXIS2_PLACEMENT_3D('',#2069,#1672,#1673);
#1399=AXIS2_PLACEMENT_3D('',#2071,#1674,#1675);
#1400=AXIS2_PLACEMENT_3D('',#2072,#1676,#1677);
#1401=AXIS2_PLACEMENT_3D('',#2076,#1679,#1680);
#1402=AXIS2_PLACEMENT_3D('',#2077,#1681,#1682);
#1403=AXIS2_PLACEMENT_3D('',#2079,#1683,#1684);
#1404=AXIS2_PLACEMENT_3D('',#2080,#1685,#1686);
#1405=AXIS2_PLACEMENT_3D('',#2082,#1687,#1688);
#1406=AXIS2_PLACEMENT_3D('',#2083,#1689,#1690);
#1407=AXIS2_PLACEMENT_3D('',#2085,#1691,#1692);
#1408=AXIS2_PLACEMENT_3D('',#2086,#1693,#1694);
#1409=AXIS2_PLACEMENT_3D('',#2088,#1695,#1696);
#1410=AXIS2_PLACEMENT_3D('',#2089,#1697,#1698);
#1411=AXIS2_PLACEMENT_3D('',#2091,#1699,#1700);
#1412=AXIS2_PLACEMENT_3D('',#2092,#1701,#1702);
#1413=AXIS2_PLACEMENT_3D('',#2094,#1703,#1704);
#1414=AXIS2_PLACEMENT_3D('',#2095,#1705,#1706);
#1415=AXIS2_PLACEMENT_3D('',#2097,#1707,#1708);
#1416=AXIS2_PLACEMENT_3D('',#2098,#1709,#1710);
#1417=AXIS2_PLACEMENT_3D('',#2100,#1711,#1712);
#1418=AXIS2_PLACEMENT_3D('',#2101,#1713,#1714);
#1419=AXIS2_PLACEMENT_3D('',#2103,#1715,#1716);
#1420=AXIS2_PLACEMENT_3D('',#2104,#1717,#1718);
#1421=AXIS2_PLACEMENT_3D('',#2106,#1719,#1720);
#1422=AXIS2_PLACEMENT_3D('',#2107,#1721,#1722);
#1423=AXIS2_PLACEMENT_3D('',#2109,#1723,#1724);
#1424=AXIS2_PLACEMENT_3D('',#2110,#1725,#1726);
#1425=AXIS2_PLACEMENT_3D('',#2112,#1727,#1728);
#1426=AXIS2_PLACEMENT_3D('',#2113,#1729,#1730);
#1427=AXIS2_PLACEMENT_3D('',#2115,#1731,#1732);
#1428=AXIS2_PLACEMENT_3D('',#2123,#1737,#1738);
#1429=AXIS2_PLACEMENT_3D('',#2124,#1739,#1740);
#1430=AXIS2_PLACEMENT_3D('',#2126,#1741,#1742);
#1431=AXIS2_PLACEMENT_3D('',#2127,#1743,#1744);
#1432=AXIS2_PLACEMENT_3D('',#2129,#1745,#1746);
#1433=AXIS2_PLACEMENT_3D('',#2130,#1747,#1748);
#1434=AXIS2_PLACEMENT_3D('',#2132,#1749,#1750);
#1435=AXIS2_PLACEMENT_3D('',#2133,#1751,#1752);
#1436=AXIS2_PLACEMENT_3D('',#2135,#1753,#1754);
#1437=AXIS2_PLACEMENT_3D('',#2136,#1755,#1756);
#1438=AXIS2_PLACEMENT_3D('',#2138,#1757,#1758);
#1439=AXIS2_PLACEMENT_3D('',#2139,#1759,#1760);
#1440=AXIS2_PLACEMENT_3D('',#2141,#1761,#1762);
#1441=AXIS2_PLACEMENT_3D('',#2142,#1763,#1764);
#1442=AXIS2_PLACEMENT_3D('',#2144,#1765,#1766);
#1443=AXIS2_PLACEMENT_3D('',#2145,#1767,#1768);
#1444=AXIS2_PLACEMENT_3D('',#2147,#1769,#1770);
#1445=AXIS2_PLACEMENT_3D('',#2148,#1771,#1772);
#1446=AXIS2_PLACEMENT_3D('',#2150,#1773,#1774);
#1447=AXIS2_PLACEMENT_3D('',#2151,#1775,#1776);
#1448=AXIS2_PLACEMENT_3D('',#2153,#1777,#1778);
#1449=AXIS2_PLACEMENT_3D('',#2154,#1779,#1780);
#1450=AXIS2_PLACEMENT_3D('',#2156,#1781,#1782);
#1451=AXIS2_PLACEMENT_3D('',#2157,#1783,#1784);
#1452=AXIS2_PLACEMENT_3D('',#2159,#1785,#1786);
#1453=AXIS2_PLACEMENT_3D('',#2160,#1787,#1788);
#1454=AXIS2_PLACEMENT_3D('',#2162,#1789,#1790);
#1455=AXIS2_PLACEMENT_3D('',#2163,#1791,#1792);
#1456=AXIS2_PLACEMENT_3D('',#2165,#1793,#1794);
#1457=AXIS2_PLACEMENT_3D('',#2166,#1795,#1796);
#1458=AXIS2_PLACEMENT_3D('',#2168,#1797,#1798);
#1459=AXIS2_PLACEMENT_3D('',#2169,#1799,#1800);
#1460=AXIS2_PLACEMENT_3D('',#2171,#1801,#1802);
#1461=AXIS2_PLACEMENT_3D('',#2172,#1803,#1804);
#1462=AXIS2_PLACEMENT_3D('',#2174,#1805,#1806);
#1463=AXIS2_PLACEMENT_3D('',#2175,#1807,#1808);
#1464=AXIS2_PLACEMENT_3D('',#2177,#1809,#1810);
#1465=AXIS2_PLACEMENT_3D('',#2178,#1811,#1812);
#1466=AXIS2_PLACEMENT_3D('',#2180,#1813,#1814);
#1467=AXIS2_PLACEMENT_3D('',#2181,#1815,#1816);
#1468=AXIS2_PLACEMENT_3D('',#2183,#1817,#1818);
#1469=AXIS2_PLACEMENT_3D('',#2184,#1819,#1820);
#1470=AXIS2_PLACEMENT_3D('',#2186,#1821,#1822);
#1471=AXIS2_PLACEMENT_3D('',#2187,#1823,#1824);
#1472=AXIS2_PLACEMENT_3D('',#2189,#1825,#1826);
#1473=AXIS2_PLACEMENT_3D('',#2190,#1827,#1828);
#1474=AXIS2_PLACEMENT_3D('',#2192,#1829,#1830);
#1475=AXIS2_PLACEMENT_3D('',#2193,#1831,#1832);
#1476=AXIS2_PLACEMENT_3D('',#2195,#1833,#1834);
#1477=AXIS2_PLACEMENT_3D('',#2196,#1835,#1836);
#1478=AXIS2_PLACEMENT_3D('',#2198,#1837,#1838);
#1479=AXIS2_PLACEMENT_3D('',#2199,#1839,#1840);
#1480=AXIS2_PLACEMENT_3D('',#2201,#1841,#1842);
#1481=AXIS2_PLACEMENT_3D('',#2202,#1843,#1844);
#1482=AXIS2_PLACEMENT_3D('',#2204,#1845,#1846);
#1483=AXIS2_PLACEMENT_3D('',#2205,#1847,#1848);
#1484=AXIS2_PLACEMENT_3D('',#2207,#1849,#1850);
#1485=AXIS2_PLACEMENT_3D('',#2208,#1851,#1852);
#1486=AXIS2_PLACEMENT_3D('',#2210,#1853,#1854);
#1487=AXIS2_PLACEMENT_3D('',#2211,#1855,#1856);
#1488=AXIS2_PLACEMENT_3D('',#2213,#1857,#1858);
#1489=AXIS2_PLACEMENT_3D('',#2214,#1859,#1860);
#1490=AXIS2_PLACEMENT_3D('',#2216,#1861,#1862);
#1491=AXIS2_PLACEMENT_3D('',#2217,#1863,#1864);
#1492=AXIS2_PLACEMENT_3D('',#2219,#1865,#1866);
#1493=AXIS2_PLACEMENT_3D('',#2226,#1867,#1868);
#1494=AXIS2_PLACEMENT_3D('',#2261,#1870,#1871);
#1495=AXIS2_PLACEMENT_3D('',#2284,#1872,#1873);
#1496=AXIS2_PLACEMENT_3D('',#2307,#1874,#1875);
#1497=AXIS2_PLACEMENT_3D('',#2325,#1879,#1880);
#1498=AXIS2_PLACEMENT_3D('',#2387,#1884,#1885);
#1499=AXIS2_PLACEMENT_3D('',#2390,#1887,#1888);
#1500=AXIS2_PLACEMENT_3D('',#2429,#1890,#1891);
#1501=AXIS2_PLACEMENT_3D('',#2432,#1893,#1894);
#1502=AXIS2_PLACEMENT_3D('',#2479,#1896,#1897);
#1503=AXIS2_PLACEMENT_3D('',#2480,#1898,#1899);
#1504=AXIS2_PLACEMENT_3D('',#2481,#1900,#1901);
#1505=AXIS2_PLACEMENT_3D('',#2513,#1906,#1907);
#1506=AXIS2_PLACEMENT_3D('',#2514,#1908,#1909);
#1507=AXIS2_PLACEMENT_3D('',#2516,#1910,#1911);
#1508=AXIS2_PLACEMENT_3D('',#2517,#1912,#1913);
#1509=AXIS2_PLACEMENT_3D('',#2519,#1914,#1915);
#1510=AXIS2_PLACEMENT_3D('',#2520,#1916,#1917);
#1511=AXIS2_PLACEMENT_3D('',#2522,#1918,#1919);
#1512=AXIS2_PLACEMENT_3D('',#2523,#1920,#1921);
#1513=AXIS2_PLACEMENT_3D('',#2525,#1922,#1923);
#1514=AXIS2_PLACEMENT_3D('',#2526,#1924,#1925);
#1515=AXIS2_PLACEMENT_3D('',#2528,#1926,#1927);
#1516=AXIS2_PLACEMENT_3D('',#2529,#1928,#1929);
#1517=AXIS2_PLACEMENT_3D('',#2531,#1930,#1931);
#1518=AXIS2_PLACEMENT_3D('',#2532,#1932,#1933);
#1519=AXIS2_PLACEMENT_3D('',#2534,#1934,#1935);
#1520=AXIS2_PLACEMENT_3D('',#2535,#1936,#1937);
#1521=AXIS2_PLACEMENT_3D('',#2537,#1938,#1939);
#1522=AXIS2_PLACEMENT_3D('',#2538,#1940,#1941);
#1523=AXIS2_PLACEMENT_3D('',#2540,#1942,#1943);
#1524=AXIS2_PLACEMENT_3D('',#2541,#1944,#1945);
#1525=AXIS2_PLACEMENT_3D('',#2543,#1946,#1947);
#1526=AXIS2_PLACEMENT_3D('',#2544,#1948,#1949);
#1527=AXIS2_PLACEMENT_3D('',#2546,#1950,#1951);
#1528=AXIS2_PLACEMENT_3D('',#2547,#1952,#1953);
#1529=AXIS2_PLACEMENT_3D('',#2549,#1954,#1955);
#1530=AXIS2_PLACEMENT_3D('',#2550,#1956,#1957);
#1531=AXIS2_PLACEMENT_3D('',#2552,#1958,#1959);
#1532=AXIS2_PLACEMENT_3D('',#2553,#1960,#1961);
#1533=AXIS2_PLACEMENT_3D('',#2554,#1962,#1963);
#1534=AXIS2_PLACEMENT_3D('',#2555,#1964,#1965);
#1535=AXIS2_PLACEMENT_3D('',#2557,#1966,#1967);
#1536=DIRECTION('',(0.,0.,1.));
#1537=DIRECTION('',(1.,0.,0.));
#1538=DIRECTION('',(0.,1.,0.));
#1539=DIRECTION('',(0.,0.,1.));
#1540=DIRECTION('',(0.,1.,0.));
#1541=DIRECTION('',(8.04061324838318E-17,0.,1.));
#1542=DIRECTION('',(0.,1.,0.));
#1543=DIRECTION('',(0.,0.,1.));
#1544=DIRECTION('',(0.,1.,0.));
#1545=DIRECTION('',(8.04061324838318E-17,0.,1.));
#1546=DIRECTION('',(0.,1.,0.));
#1547=DIRECTION('',(0.,0.,1.));
#1548=DIRECTION('',(0.,1.,0.));
#1549=DIRECTION('',(8.04061324838318E-17,0.,1.));
#1550=DIRECTION('',(0.,1.,0.));
#1551=DIRECTION('',(0.,0.,1.));
#1552=DIRECTION('',(0.,1.,0.));
#1553=DIRECTION('',(8.04061324838318E-17,0.,1.));
#1554=DIRECTION('',(0.,1.,0.));
#1555=DIRECTION('',(0.,0.,1.));
#1556=DIRECTION('',(0.,1.,0.));
#1557=DIRECTION('',(8.04061324838318E-17,0.,1.));
#1558=DIRECTION('',(0.,1.,0.));
#1559=DIRECTION('',(0.,0.,1.));
#1560=DIRECTION('',(0.,1.,0.));
#1561=DIRECTION('',(8.04061324838318E-17,0.,1.));
#1562=DIRECTION('',(0.,1.,0.));
#1563=DIRECTION('',(0.,0.,1.));
#1564=DIRECTION('',(0.,1.,0.));
#1565=DIRECTION('',(8.04061324838318E-17,0.,1.));
#1566=DIRECTION('',(0.,1.,0.));
#1567=DIRECTION('',(0.,0.,1.));
#1568=DIRECTION('',(0.,1.,0.));
#1569=DIRECTION('',(8.04061324838318E-17,0.,1.));
#1570=DIRECTION('',(0.,1.,0.));
#1571=DIRECTION('',(0.,0.,1.));
#1572=DIRECTION('',(0.,1.,0.));
#1573=DIRECTION('',(8.04061324838318E-17,0.,1.));
#1574=DIRECTION('',(0.,1.,0.));
#1575=DIRECTION('',(0.,0.,1.));
#1576=DIRECTION('',(0.,1.,0.));
#1577=DIRECTION('',(8.04061324838318E-17,0.,1.));
#1578=DIRECTION('',(0.,1.,0.));
#1579=DIRECTION('',(0.,0.,1.));
#1580=DIRECTION('',(0.,1.,0.));
#1581=DIRECTION('',(8.04061324838318E-17,0.,1.));
#1582=DIRECTION('',(0.,1.,0.));
#1583=DIRECTION('',(0.,0.,1.));
#1584=DIRECTION('',(0.,1.,0.));
#1585=DIRECTION('',(8.04061324838318E-17,0.,1.));
#1586=DIRECTION('',(0.,1.,0.));
#1587=DIRECTION('',(0.,0.,1.));
#1588=DIRECTION('',(0.,1.,0.));
#1589=DIRECTION('',(8.04061324838318E-17,0.,1.));
#1590=DIRECTION('',(0.,1.,0.));
#1591=DIRECTION('',(0.,0.,1.));
#1592=DIRECTION('',(0.,1.,0.));
#1593=DIRECTION('',(8.04061324838318E-17,0.,1.));
#1594=DIRECTION('',(0.,1.,0.));
#1595=DIRECTION('',(0.,0.,1.));
#1596=DIRECTION('',(0.,1.,0.));
#1597=DIRECTION('',(8.04061324838318E-17,0.,1.));
#1598=DIRECTION('',(0.,1.,0.));
#1599=DIRECTION('',(0.,0.,1.));
#1600=DIRECTION('',(0.,1.,0.));
#1601=DIRECTION('',(8.04061324838318E-17,0.,1.));
#1602=DIRECTION('',(0.,1.,0.));
#1603=DIRECTION('',(0.,0.,1.));
#1604=DIRECTION('',(0.,1.,0.));
#1605=DIRECTION('',(8.04061324838318E-17,0.,1.));
#1606=DIRECTION('',(0.,1.,0.));
#1607=DIRECTION('',(0.,0.,1.));
#1608=DIRECTION('',(0.,1.,0.));
#1609=DIRECTION('',(8.04061324838318E-17,0.,1.));
#1610=DIRECTION('',(0.,1.,0.));
#1611=DIRECTION('',(0.,0.,1.));
#1612=DIRECTION('',(0.,1.,0.));
#1613=DIRECTION('',(8.04061324838318E-17,0.,1.));
#1614=DIRECTION('',(0.,1.,0.));
#1615=DIRECTION('',(0.,0.,1.));
#1616=DIRECTION('',(0.,1.,0.));
#1617=DIRECTION('',(8.04061324838318E-17,0.,1.));
#1618=DIRECTION('',(0.,1.,0.));
#1619=DIRECTION('',(0.,0.,1.));
#1620=DIRECTION('',(0.,1.,0.));
#1621=DIRECTION('',(8.04061324838318E-17,0.,1.));
#1622=DIRECTION('',(0.,1.,0.));
#1623=DIRECTION('',(0.,0.,1.));
#1624=DIRECTION('',(0.,1.,0.));
#1625=DIRECTION('',(8.04061324838318E-17,0.,1.));
#1626=DIRECTION('',(0.,1.,0.));
#1627=DIRECTION('',(0.,0.,1.));
#1628=DIRECTION('',(0.,1.,0.));
#1629=DIRECTION('',(8.04061324838318E-17,0.,1.));
#1630=DIRECTION('',(0.,1.,0.));
#1631=DIRECTION('',(0.,0.,1.));
#1632=DIRECTION('',(0.,1.,0.));
#1633=DIRECTION('',(8.04061324838318E-17,0.,1.));
#1634=DIRECTION('',(0.,1.,0.));
#1635=DIRECTION('',(0.,0.,1.));
#1636=DIRECTION('',(0.,1.,0.));
#1637=DIRECTION('',(8.04061324838318E-17,0.,1.));
#1638=DIRECTION('',(0.,1.,0.));
#1639=DIRECTION('',(0.,0.,1.));
#1640=DIRECTION('',(0.,1.,0.));
#1641=DIRECTION('',(8.04061324838318E-17,0.,1.));
#1642=DIRECTION('',(0.,1.,0.));
#1643=DIRECTION('',(0.,0.,1.));
#1644=DIRECTION('',(0.,1.,0.));
#1645=DIRECTION('',(8.04061324838318E-17,0.,1.));
#1646=DIRECTION('',(0.,1.,0.));
#1647=DIRECTION('',(0.,0.,1.));
#1648=DIRECTION('',(0.,1.,0.));
#1649=DIRECTION('',(8.04061324838318E-17,0.,1.));
#1650=DIRECTION('',(0.,1.,0.));
#1651=DIRECTION('',(0.,0.,1.));
#1652=DIRECTION('',(0.,1.,0.));
#1653=DIRECTION('',(8.04061324838318E-17,0.,1.));
#1654=DIRECTION('',(0.,1.,0.));
#1655=DIRECTION('',(0.,0.,1.));
#1656=DIRECTION('',(0.,1.,0.));
#1657=DIRECTION('',(8.04061324838318E-17,0.,1.));
#1658=DIRECTION('',(0.,1.,0.));
#1659=DIRECTION('',(0.,0.,1.));
#1660=DIRECTION('',(0.,1.,0.));
#1661=DIRECTION('',(8.04061324838318E-17,0.,1.));
#1662=DIRECTION('',(0.,1.,0.));
#1663=DIRECTION('',(0.,0.,1.));
#1664=DIRECTION('',(0.,1.,0.));
#1665=DIRECTION('',(8.04061324838318E-17,0.,1.));
#1666=DIRECTION('',(0.,1.,0.));
#1667=DIRECTION('',(0.,0.,1.));
#1668=DIRECTION('',(0.,1.,0.));
#1669=DIRECTION('',(8.04061324838318E-17,0.,1.));
#1670=DIRECTION('',(0.,1.,0.));
#1671=DIRECTION('',(0.,0.,1.));
#1672=DIRECTION('',(0.,1.,0.));
#1673=DIRECTION('',(8.04061324838318E-17,0.,1.));
#1674=DIRECTION('',(0.,1.,0.));
#1675=DIRECTION('',(0.,0.,1.));
#1676=DIRECTION('',(0.,1.,0.));
#1677=DIRECTION('',(1.,0.,0.));
#1678=DIRECTION('',(3.06161699786838E-17,0.,-1.));
#1679=DIRECTION('',(0.,1.,0.));
#1680=DIRECTION('',(0.,0.,1.));
#1681=DIRECTION('',(0.,1.,0.));
#1682=DIRECTION('',(8.04061324838318E-17,0.,1.));
#1683=DIRECTION('',(0.,1.,0.));
#1684=DIRECTION('',(0.,0.,1.));
#1685=DIRECTION('',(0.,1.,0.));
#1686=DIRECTION('',(8.04061324838318E-17,0.,1.));
#1687=DIRECTION('',(0.,1.,0.));
#1688=DIRECTION('',(0.,0.,1.));
#1689=DIRECTION('',(0.,1.,0.));
#1690=DIRECTION('',(8.04061324838318E-17,0.,1.));
#1691=DIRECTION('',(0.,1.,0.));
#1692=DIRECTION('',(0.,0.,1.));
#1693=DIRECTION('',(0.,1.,0.));
#1694=DIRECTION('',(8.04061324838318E-17,0.,1.));
#1695=DIRECTION('',(0.,1.,0.));
#1696=DIRECTION('',(0.,0.,1.));
#1697=DIRECTION('',(0.,1.,0.));
#1698=DIRECTION('',(8.04061324838318E-17,0.,1.));
#1699=DIRECTION('',(0.,1.,0.));
#1700=DIRECTION('',(0.,0.,1.));
#1701=DIRECTION('',(0.,1.,0.));
#1702=DIRECTION('',(8.04061324838318E-17,0.,1.));
#1703=DIRECTION('',(0.,1.,0.));
#1704=DIRECTION('',(0.,0.,1.));
#1705=DIRECTION('',(0.,1.,0.));
#1706=DIRECTION('',(8.04061324838318E-17,0.,1.));
#1707=DIRECTION('',(0.,1.,0.));
#1708=DIRECTION('',(0.,0.,1.));
#1709=DIRECTION('',(0.,1.,0.));
#1710=DIRECTION('',(8.04061324838318E-17,0.,1.));
#1711=DIRECTION('',(0.,1.,0.));
#1712=DIRECTION('',(0.,0.,1.));
#1713=DIRECTION('',(0.,1.,0.));
#1714=DIRECTION('',(8.04061324838318E-17,0.,1.));
#1715=DIRECTION('',(0.,1.,0.));
#1716=DIRECTION('',(0.,0.,1.));
#1717=DIRECTION('',(0.,1.,0.));
#1718=DIRECTION('',(8.04061324838318E-17,0.,1.));
#1719=DIRECTION('',(0.,1.,0.));
#1720=DIRECTION('',(0.,0.,1.));
#1721=DIRECTION('',(0.,1.,0.));
#1722=DIRECTION('',(8.04061324838318E-17,0.,1.));
#1723=DIRECTION('',(0.,1.,0.));
#1724=DIRECTION('',(0.,0.,1.));
#1725=DIRECTION('',(0.,1.,0.));
#1726=DIRECTION('',(8.04061324838318E-17,0.,1.));
#1727=DIRECTION('',(0.,1.,0.));
#1728=DIRECTION('',(0.,0.,1.));
#1729=DIRECTION('',(0.,1.,0.));
#1730=DIRECTION('',(8.04061324838318E-17,0.,1.));
#1731=DIRECTION('',(1.,0.,3.06161699786838E-17));
#1732=DIRECTION('',(3.06161699786838E-17,0.,-1.));
#1733=DIRECTION('',(0.,1.,0.));
#1734=DIRECTION('',(0.,1.,0.));
#1735=DIRECTION('',(3.06161699786838E-17,0.,-1.));
#1736=DIRECTION('',(0.,1.,0.));
#1737=DIRECTION('',(0.,1.,0.));
#1738=DIRECTION('',(0.,0.,1.));
#1739=DIRECTION('',(0.,1.,0.));
#1740=DIRECTION('',(8.04061324838318E-17,0.,1.));
#1741=DIRECTION('',(0.,1.,0.));
#1742=DIRECTION('',(0.,0.,1.));
#1743=DIRECTION('',(0.,1.,0.));
#1744=DIRECTION('',(8.04061324838318E-17,0.,1.));
#1745=DIRECTION('',(0.,1.,0.));
#1746=DIRECTION('',(0.,0.,1.));
#1747=DIRECTION('',(0.,1.,0.));
#1748=DIRECTION('',(8.04061324838318E-17,0.,1.));
#1749=DIRECTION('',(0.,1.,0.));
#1750=DIRECTION('',(0.,0.,1.));
#1751=DIRECTION('',(0.,1.,0.));
#1752=DIRECTION('',(8.04061324838318E-17,0.,1.));
#1753=DIRECTION('',(0.,1.,0.));
#1754=DIRECTION('',(0.,0.,1.));
#1755=DIRECTION('',(0.,1.,0.));
#1756=DIRECTION('',(8.04061324838318E-17,0.,1.));
#1757=DIRECTION('',(0.,1.,0.));
#1758=DIRECTION('',(0.,0.,1.));
#1759=DIRECTION('',(0.,1.,0.));
#1760=DIRECTION('',(8.04061324838318E-17,0.,1.));
#1761=DIRECTION('',(0.,1.,0.));
#1762=DIRECTION('',(0.,0.,1.));
#1763=DIRECTION('',(0.,1.,0.));
#1764=DIRECTION('',(8.04061324838318E-17,0.,1.));
#1765=DIRECTION('',(0.,1.,0.));
#1766=DIRECTION('',(0.,0.,1.));
#1767=DIRECTION('',(0.,1.,0.));
#1768=DIRECTION('',(8.04061324838318E-17,0.,1.));
#1769=DIRECTION('',(0.,1.,0.));
#1770=DIRECTION('',(0.,0.,1.));
#1771=DIRECTION('',(0.,1.,0.));
#1772=DIRECTION('',(8.04061324838318E-17,0.,1.));
#1773=DIRECTION('',(0.,1.,0.));
#1774=DIRECTION('',(0.,0.,1.));
#1775=DIRECTION('',(0.,1.,0.));
#1776=DIRECTION('',(8.04061324838318E-17,0.,1.));
#1777=DIRECTION('',(0.,1.,0.));
#1778=DIRECTION('',(0.,0.,1.));
#1779=DIRECTION('',(0.,1.,0.));
#1780=DIRECTION('',(8.04061324838318E-17,0.,1.));
#1781=DIRECTION('',(0.,1.,0.));
#1782=DIRECTION('',(0.,0.,1.));
#1783=DIRECTION('',(0.,1.,0.));
#1784=DIRECTION('',(8.04061324838318E-17,0.,1.));
#1785=DIRECTION('',(0.,1.,0.));
#1786=DIRECTION('',(0.,0.,1.));
#1787=DIRECTION('',(0.,1.,0.));
#1788=DIRECTION('',(8.04061324838318E-17,0.,1.));
#1789=DIRECTION('',(0.,1.,0.));
#1790=DIRECTION('',(0.,0.,1.));
#1791=DIRECTION('',(0.,1.,0.));
#1792=DIRECTION('',(8.04061324838318E-17,0.,1.));
#1793=DIRECTION('',(0.,1.,0.));
#1794=DIRECTION('',(0.,0.,1.));
#1795=DIRECTION('',(0.,1.,0.));
#1796=DIRECTION('',(8.04061324838318E-17,0.,1.));
#1797=DIRECTION('',(0.,1.,0.));
#1798=DIRECTION('',(0.,0.,1.));
#1799=DIRECTION('',(0.,1.,0.));
#1800=DIRECTION('',(8.04061324838318E-17,0.,1.));
#1801=DIRECTION('',(0.,1.,0.));
#1802=DIRECTION('',(0.,0.,1.));
#1803=DIRECTION('',(0.,1.,0.));
#1804=DIRECTION('',(8.04061324838318E-17,0.,1.));
#1805=DIRECTION('',(0.,1.,0.));
#1806=DIRECTION('',(0.,0.,1.));
#1807=DIRECTION('',(0.,1.,0.));
#1808=DIRECTION('',(8.04061324838318E-17,0.,1.));
#1809=DIRECTION('',(0.,1.,0.));
#1810=DIRECTION('',(0.,0.,1.));
#1811=DIRECTION('',(0.,1.,0.));
#1812=DIRECTION('',(8.04061324838318E-17,0.,1.));
#1813=DIRECTION('',(0.,1.,0.));
#1814=DIRECTION('',(0.,0.,1.));
#1815=DIRECTION('',(0.,1.,0.));
#1816=DIRECTION('',(8.04061324838318E-17,0.,1.));
#1817=DIRECTION('',(0.,1.,0.));
#1818=DIRECTION('',(0.,0.,1.));
#1819=DIRECTION('',(0.,1.,0.));
#1820=DIRECTION('',(8.04061324838318E-17,0.,1.));
#1821=DIRECTION('',(0.,1.,0.));
#1822=DIRECTION('',(0.,0.,1.));
#1823=DIRECTION('',(0.,1.,0.));
#1824=DIRECTION('',(8.04061324838318E-17,0.,1.));
#1825=DIRECTION('',(0.,1.,0.));
#1826=DIRECTION('',(0.,0.,1.));
#1827=DIRECTION('',(0.,1.,0.));
#1828=DIRECTION('',(8.04061324838318E-17,0.,1.));
#1829=DIRECTION('',(0.,1.,0.));
#1830=DIRECTION('',(0.,0.,1.));
#1831=DIRECTION('',(0.,1.,0.));
#1832=DIRECTION('',(8.04061324838318E-17,0.,1.));
#1833=DIRECTION('',(0.,1.,0.));
#1834=DIRECTION('',(0.,0.,1.));
#1835=DIRECTION('',(0.,1.,0.));
#1836=DIRECTION('',(8.04061324838318E-17,0.,1.));
#1837=DIRECTION('',(0.,1.,0.));
#1838=DIRECTION('',(0.,0.,1.));
#1839=DIRECTION('',(0.,1.,0.));
#1840=DIRECTION('',(8.04061324838318E-17,0.,1.));
#1841=DIRECTION('',(0.,1.,0.));
#1842=DIRECTION('',(0.,0.,1.));
#1843=DIRECTION('',(0.,1.,0.));
#1844=DIRECTION('',(8.04061324838318E-17,0.,1.));
#1845=DIRECTION('',(0.,1.,0.));
#1846=DIRECTION('',(0.,0.,1.));
#1847=DIRECTION('',(0.,1.,0.));
#1848=DIRECTION('',(8.04061324838318E-17,0.,1.));
#1849=DIRECTION('',(0.,1.,0.));
#1850=DIRECTION('',(0.,0.,1.));
#1851=DIRECTION('',(0.,1.,0.));
#1852=DIRECTION('',(8.04061324838318E-17,0.,1.));
#1853=DIRECTION('',(0.,1.,0.));
#1854=DIRECTION('',(0.,0.,1.));
#1855=DIRECTION('',(0.,1.,0.));
#1856=DIRECTION('',(8.04061324838318E-17,0.,1.));
#1857=DIRECTION('',(0.,1.,0.));
#1858=DIRECTION('',(0.,0.,1.));
#1859=DIRECTION('',(0.,1.,0.));
#1860=DIRECTION('',(8.04061324838318E-17,0.,1.));
#1861=DIRECTION('',(0.,1.,0.));
#1862=DIRECTION('',(0.,0.,1.));
#1863=DIRECTION('',(0.,1.,0.));
#1864=DIRECTION('',(8.04061324838318E-17,0.,1.));
#1865=DIRECTION('',(0.,1.,0.));
#1866=DIRECTION('',(0.,0.,1.));
#1867=DIRECTION('',(0.,1.,0.));
#1868=DIRECTION('',(8.04061324838318E-17,0.,1.));
#1869=DIRECTION('',(0.652039268828047,0.,0.758185196311683));
#1870=DIRECTION('',(0.,1.,0.));
#1871=DIRECTION('',(8.04061324838318E-17,0.,1.));
#1872=DIRECTION('',(0.,1.,0.));
#1873=DIRECTION('',(8.04061324838318E-17,0.,1.));
#1874=DIRECTION('',(0.,1.,0.));
#1875=DIRECTION('',(1.,0.,0.));
#1876=DIRECTION('',(0.773398400628058,0.,0.633920274092856));
#1877=DIRECTION('',(0.,1.,0.));
#1878=DIRECTION('',(0.,1.,0.));
#1879=DIRECTION('',(-0.758185196311683,0.,0.652039268828047));
#1880=DIRECTION('',(0.652039268828047,0.,0.758185196311684));
#1881=DIRECTION('',(-0.652039268828047,0.,-0.758185196311684));
#1882=DIRECTION('',(0.,1.,0.));
#1883=DIRECTION('',(0.,1.,0.));
#1884=DIRECTION('',(0.,1.,0.));
#1885=DIRECTION('',(0.,0.,1.));
#1886=DIRECTION('',(0.,1.,0.));
#1887=DIRECTION('',(0.,1.,0.));
#1888=DIRECTION('',(0.,0.,1.));
#1889=DIRECTION('',(0.,1.,0.));
#1890=DIRECTION('',(0.,1.,0.));
#1891=DIRECTION('',(0.,0.,1.));
#1892=DIRECTION('',(0.,1.,0.));
#1893=DIRECTION('',(0.,1.,0.));
#1894=DIRECTION('',(0.,0.,1.));
#1895=DIRECTION('',(0.,1.,0.));
#1896=DIRECTION('',(0.,1.,0.));
#1897=DIRECTION('',(0.,0.,1.));
#1898=DIRECTION('',(0.,1.,0.));
#1899=DIRECTION('',(1.,0.,0.));
#1900=DIRECTION('',(-0.633920274092856,0.,0.773398400628058));
#1901=DIRECTION('',(0.773398400628058,0.,0.633920274092856));
#1902=DIRECTION('',(-0.773398400628058,0.,-0.633920274092856));
#1903=DIRECTION('',(0.,1.,0.));
#1904=DIRECTION('',(0.,1.,0.));
#1905=DIRECTION('',(0.,1.,0.));
#1906=DIRECTION('',(0.,1.,0.));
#1907=DIRECTION('',(0.,0.,1.));
#1908=DIRECTION('',(0.,1.,0.));
#1909=DIRECTION('',(0.,0.,1.));
#1910=DIRECTION('',(0.,1.,0.));
#1911=DIRECTION('',(0.,0.,1.));
#1912=DIRECTION('',(0.,1.,0.));
#1913=DIRECTION('',(0.,0.,1.));
#1914=DIRECTION('',(0.,1.,0.));
#1915=DIRECTION('',(0.,0.,1.));
#1916=DIRECTION('',(0.,1.,0.));
#1917=DIRECTION('',(0.,0.,1.));
#1918=DIRECTION('',(0.,1.,0.));
#1919=DIRECTION('',(0.,0.,1.));
#1920=DIRECTION('',(0.,1.,0.));
#1921=DIRECTION('',(0.,0.,1.));
#1922=DIRECTION('',(0.,1.,0.));
#1923=DIRECTION('',(0.,0.,1.));
#1924=DIRECTION('',(0.,1.,0.));
#1925=DIRECTION('',(0.,0.,1.));
#1926=DIRECTION('',(0.,1.,0.));
#1927=DIRECTION('',(0.,0.,1.));
#1928=DIRECTION('',(0.,1.,0.));
#1929=DIRECTION('',(0.,0.,1.));
#1930=DIRECTION('',(0.,1.,0.));
#1931=DIRECTION('',(0.,0.,1.));
#1932=DIRECTION('',(0.,1.,0.));
#1933=DIRECTION('',(0.,0.,1.));
#1934=DIRECTION('',(0.,1.,0.));
#1935=DIRECTION('',(0.,0.,1.));
#1936=DIRECTION('',(0.,1.,0.));
#1937=DIRECTION('',(0.,0.,1.));
#1938=DIRECTION('',(0.,1.,0.));
#1939=DIRECTION('',(0.,0.,1.));
#1940=DIRECTION('',(0.,1.,0.));
#1941=DIRECTION('',(0.,0.,1.));
#1942=DIRECTION('',(0.,1.,0.));
#1943=DIRECTION('',(0.,0.,1.));
#1944=DIRECTION('',(0.,1.,0.));
#1945=DIRECTION('',(0.,0.,1.));
#1946=DIRECTION('',(0.,1.,0.));
#1947=DIRECTION('',(0.,0.,1.));
#1948=DIRECTION('',(0.,1.,0.));
#1949=DIRECTION('',(0.,0.,1.));
#1950=DIRECTION('',(0.,1.,0.));
#1951=DIRECTION('',(0.,0.,1.));
#1952=DIRECTION('',(0.,1.,0.));
#1953=DIRECTION('',(0.,0.,1.));
#1954=DIRECTION('',(0.,1.,0.));
#1955=DIRECTION('',(0.,0.,1.));
#1956=DIRECTION('',(0.,1.,0.));
#1957=DIRECTION('',(0.,0.,1.));
#1958=DIRECTION('',(0.,1.,0.));
#1959=DIRECTION('',(0.,0.,1.));
#1960=DIRECTION('',(0.,1.,0.));
#1961=DIRECTION('',(0.,0.,1.));
#1962=DIRECTION('',(0.,1.,0.));
#1963=DIRECTION('',(0.,0.,1.));
#1964=DIRECTION('',(0.,1.,0.));
#1965=DIRECTION('',(8.04061324838318E-17,0.,1.));
#1966=DIRECTION('',(0.,1.,0.));
#1967=DIRECTION('',(0.,0.,1.));
#1968=CARTESIAN_POINT('',(0.,0.,0.));
#1969=CARTESIAN_POINT('',(-3.99534165871225,-4.7,-45.0983324399221));
#1970=CARTESIAN_POINT('',(-3.99534165871225,-4.7,-45.0983324399221));
#1971=CARTESIAN_POINT('',(-3.99534165871225,-4.7,-42.5983324399221));
#1972=CARTESIAN_POINT('',(-11.9953416587123,-4.7,-45.0983324399221));
#1973=CARTESIAN_POINT('',(-11.9953416587123,-4.7,-45.0983324399221));
#1974=CARTESIAN_POINT('',(-11.9953416587123,-4.7,-42.5983324399221));
#1975=CARTESIAN_POINT('',(-3.99534165871225,-4.7,-37.0983324399221));
#1976=CARTESIAN_POINT('',(-3.99534165871225,-4.7,-37.0983324399221));
#1977=CARTESIAN_POINT('',(-3.99534165871225,-4.7,-34.5983324399221));
#1978=CARTESIAN_POINT('',(-11.9953416587123,-4.7,-37.0983324399221));
#1979=CARTESIAN_POINT('',(-11.9953416587123,-4.7,-37.0983324399221));
#1980=CARTESIAN_POINT('',(-11.9953416587123,-4.7,-34.5983324399221));
#1981=CARTESIAN_POINT('',(-19.9953416587123,-4.7,-37.0983324399221));
#1982=CARTESIAN_POINT('',(-19.9953416587123,-4.7,-37.0983324399221));
#1983=CARTESIAN_POINT('',(-19.9953416587123,-4.7,-34.5983324399221));
#1984=CARTESIAN_POINT('',(-27.9953416587123,-4.7,-37.0983324399221));
#1985=CARTESIAN_POINT('',(-27.9953416587123,-4.7,-37.0983324399221));
#1986=CARTESIAN_POINT('',(-27.9953416587123,-4.7,-34.5983324399221));
#1987=CARTESIAN_POINT('',(-3.99534165871225,-4.7,-29.0983324399221));
#1988=CARTESIAN_POINT('',(-3.99534165871225,-4.7,-29.0983324399221));
#1989=CARTESIAN_POINT('',(-3.99534165871225,-4.7,-26.5983324399221));
#1990=CARTESIAN_POINT('',(-11.9953416587123,-4.7,-29.0983324399221));
#1991=CARTESIAN_POINT('',(-11.9953416587123,-4.7,-29.0983324399221));
#1992=CARTESIAN_POINT('',(-11.9953416587123,-4.7,-26.5983324399221));
#1993=CARTESIAN_POINT('',(-19.9953416587123,-4.7,-29.0983324399221));
#1994=CARTESIAN_POINT('',(-19.9953416587123,-4.7,-29.0983324399221));
#1995=CARTESIAN_POINT('',(-19.9953416587123,-4.7,-26.5983324399221));
#1996=CARTESIAN_POINT('',(-27.9953416587123,-4.7,-29.098332439922));
#1997=CARTESIAN_POINT('',(-27.9953416587123,-4.7,-29.098332439922));
#1998=CARTESIAN_POINT('',(-27.9953416587123,-4.7,-26.598332439922));
#1999=CARTESIAN_POINT('',(-35.9953416587122,-4.7,-29.098332439922));
#2000=CARTESIAN_POINT('',(-35.9953416587122,-4.7,-29.098332439922));
#2001=CARTESIAN_POINT('',(-35.9953416587122,-4.7,-26.598332439922));
#2002=CARTESIAN_POINT('',(-3.99534165871225,-4.7,-21.0983324399221));
#2003=CARTESIAN_POINT('',(-3.99534165871225,-4.7,-21.0983324399221));
#2004=CARTESIAN_POINT('',(-3.99534165871225,-4.7,-18.5983324399221));
#2005=CARTESIAN_POINT('',(-11.9953416587122,-4.7,-21.0983324399221));
#2006=CARTESIAN_POINT('',(-11.9953416587122,-4.7,-21.0983324399221));
#2007=CARTESIAN_POINT('',(-11.9953416587122,-4.7,-18.5983324399221));
#2008=CARTESIAN_POINT('',(-19.9953416587123,-4.7,-21.0983324399221));
#2009=CARTESIAN_POINT('',(-19.9953416587123,-4.7,-21.0983324399221));
#2010=CARTESIAN_POINT('',(-19.9953416587123,-4.7,-18.5983324399221));
#2011=CARTESIAN_POINT('',(-27.9953416587123,-4.7,-21.098332439922));
#2012=CARTESIAN_POINT('',(-27.9953416587123,-4.7,-21.098332439922));
#2013=CARTESIAN_POINT('',(-27.9953416587123,-4.7,-18.598332439922));
#2014=CARTESIAN_POINT('',(-35.9953416587122,-4.7,-21.098332439922));
#2015=CARTESIAN_POINT('',(-35.9953416587122,-4.7,-21.098332439922));
#2016=CARTESIAN_POINT('',(-35.9953416587122,-4.7,-18.598332439922));
#2017=CARTESIAN_POINT('',(-3.99534165871225,-4.7,-13.0983324399221));
#2018=CARTESIAN_POINT('',(-3.99534165871225,-4.7,-13.0983324399221));
#2019=CARTESIAN_POINT('',(-3.99534165871225,-4.7,-10.5983324399221));
#2020=CARTESIAN_POINT('',(-11.9953416587122,-4.7,-13.0983324399221));
#2021=CARTESIAN_POINT('',(-11.9953416587122,-4.7,-13.0983324399221));
#2022=CARTESIAN_POINT('',(-11.9953416587122,-4.7,-10.5983324399221));
#2023=CARTESIAN_POINT('',(-19.9953416587122,-4.7,-13.0983324399221));
#2024=CARTESIAN_POINT('',(-19.9953416587122,-4.7,-13.0983324399221));
#2025=CARTESIAN_POINT('',(-19.9953416587122,-4.7,-10.5983324399221));
#2026=CARTESIAN_POINT('',(-27.9953416587122,-4.7,-13.0983324399221));
#2027=CARTESIAN_POINT('',(-27.9953416587122,-4.7,-13.0983324399221));
#2028=CARTESIAN_POINT('',(-27.9953416587122,-4.7,-10.5983324399221));
#2029=CARTESIAN_POINT('',(-35.9953416587122,-4.7,-13.0983324399221));
#2030=CARTESIAN_POINT('',(-35.9953416587122,-4.7,-13.0983324399221));
#2031=CARTESIAN_POINT('',(-35.9953416587122,-4.7,-10.5983324399221));
#2032=CARTESIAN_POINT('',(-43.9953416587122,-4.7,-13.0983324399221));
#2033=CARTESIAN_POINT('',(-43.9953416587122,-4.7,-13.0983324399221));
#2034=CARTESIAN_POINT('',(-43.9953416587122,-4.7,-10.5983324399221));
#2035=CARTESIAN_POINT('',(-3.99534165871225,-4.7,-5.09833243992205));
#2036=CARTESIAN_POINT('',(-3.99534165871225,-4.7,-5.09833243992205));
#2037=CARTESIAN_POINT('',(-3.99534165871225,-4.7,-2.59833243992205));
#2038=CARTESIAN_POINT('',(-35.9953416587122,-4.7,-5.09833243992205));
#2039=CARTESIAN_POINT('',(-35.9953416587122,-4.7,-5.09833243992205));
#2040=CARTESIAN_POINT('',(-35.9953416587122,-4.7,-2.59833243992205));
#2041=CARTESIAN_POINT('',(-43.9953416587122,-4.7,-5.09833243992205));
#2042=CARTESIAN_POINT('',(-43.9953416587122,-4.7,-5.09833243992205));
#2043=CARTESIAN_POINT('',(-43.9953416587122,-4.7,-2.59833243992205));
#2044=CARTESIAN_POINT('',(-3.99534165871225,-4.7,2.90166756007795));
#2045=CARTESIAN_POINT('',(-3.99534165871225,-4.7,2.90166756007795));
#2046=CARTESIAN_POINT('',(-3.99534165871225,-4.7,5.40166756007795));
#2047=CARTESIAN_POINT('',(-43.9953416587122,-4.7,2.90166756007795));
#2048=CARTESIAN_POINT('',(-43.9953416587122,-4.7,2.90166756007795));
#2049=CARTESIAN_POINT('',(-43.9953416587122,-4.7,5.40166756007795));
#2050=CARTESIAN_POINT('',(-3.99534165871225,-4.7,10.9016675600779));
#2051=CARTESIAN_POINT('',(-3.99534165871225,-4.7,10.9016675600779));
#2052=CARTESIAN_POINT('',(-3.99534165871225,-4.7,13.4016675600779));
#2053=CARTESIAN_POINT('',(-43.9953416587122,-4.7,10.901667560078));
#2054=CARTESIAN_POINT('',(-43.9953416587122,-4.7,10.901667560078));
#2055=CARTESIAN_POINT('',(-43.9953416587122,-4.7,13.401667560078));
#2056=CARTESIAN_POINT('',(-3.99534165871225,-4.7,18.9016675600779));
#2057=CARTESIAN_POINT('',(-3.99534165871225,-4.7,18.9016675600779));
#2058=CARTESIAN_POINT('',(-3.99534165871225,-4.7,21.401667560078));
#2059=CARTESIAN_POINT('',(-3.99534165871225,-4.7,26.901667560078));
#2060=CARTESIAN_POINT('',(-3.99534165871225,-4.7,26.901667560078));
#2061=CARTESIAN_POINT('',(-3.99534165871225,-4.7,29.401667560078));
#2062=CARTESIAN_POINT('',(-3.99534165871224,-4.7,42.9016675600779));
#2063=CARTESIAN_POINT('',(-3.99534165871224,-4.7,42.9016675600779));
#2064=CARTESIAN_POINT('',(-3.99534165871224,-4.7,45.4016675600779));
#2065=CARTESIAN_POINT('',(-19.9953416587122,-4.7,-5.09833243992205));
#2066=CARTESIAN_POINT('',(-19.9953416587122,-4.7,-5.09833243992205));
#2067=CARTESIAN_POINT('',(-19.9953416587122,-4.7,-2.59833243992205));
#2068=CARTESIAN_POINT('',(-35.9953416587122,-4.7,2.90166756007795));
#2069=CARTESIAN_POINT('',(-35.9953416587122,-4.7,2.90166756007795));
#2070=CARTESIAN_POINT('',(-35.9953416587122,-4.7,5.40166756007795));
#2071=CARTESIAN_POINT('',(0.,0.,0.));
#2072=CARTESIAN_POINT('',(0.,0.,0.));
#2073=CARTESIAN_POINT('',(-8.04061324838318E-15,0.,-50.));
#2074=CARTESIAN_POINT('',(-9.18485099360515E-15,0.,50.));
#2075=CARTESIAN_POINT('',(3.06161699786838E-15,0.,-50.));
#2076=CARTESIAN_POINT('',(-11.9953416587122,-4.7,2.90166756007795));
#2077=CARTESIAN_POINT('',(-11.9953416587122,-4.7,2.90166756007795));
#2078=CARTESIAN_POINT('',(-11.9953416587122,-4.7,5.40166756007795));
#2079=CARTESIAN_POINT('',(-19.9953416587122,-4.7,2.90166756007795));
#2080=CARTESIAN_POINT('',(-19.9953416587122,-4.7,2.90166756007795));
#2081=CARTESIAN_POINT('',(-19.9953416587122,-4.7,5.40166756007795));
#2082=CARTESIAN_POINT('',(-27.9953416587122,-4.7,2.90166756007795));
#2083=CARTESIAN_POINT('',(-27.9953416587122,-4.7,2.90166756007795));
#2084=CARTESIAN_POINT('',(-27.9953416587122,-4.7,5.40166756007795));
#2085=CARTESIAN_POINT('',(-11.9953416587122,-4.7,10.9016675600779));
#2086=CARTESIAN_POINT('',(-11.9953416587122,-4.7,10.9016675600779));
#2087=CARTESIAN_POINT('',(-11.9953416587122,-4.7,13.4016675600779));
#2088=CARTESIAN_POINT('',(-19.9953416587122,-4.7,10.9016675600779));
#2089=CARTESIAN_POINT('',(-19.9953416587122,-4.7,10.9016675600779));
#2090=CARTESIAN_POINT('',(-19.9953416587122,-4.7,13.4016675600779));
#2091=CARTESIAN_POINT('',(-27.9953416587122,-4.7,10.9016675600779));
#2092=CARTESIAN_POINT('',(-27.9953416587122,-4.7,10.9016675600779));
#2093=CARTESIAN_POINT('',(-27.9953416587122,-4.7,13.4016675600779));
#2094=CARTESIAN_POINT('',(-11.9953416587122,-4.7,18.9016675600779));
#2095=CARTESIAN_POINT('',(-11.9953416587122,-4.7,18.9016675600779));
#2096=CARTESIAN_POINT('',(-11.9953416587122,-4.7,21.401667560078));
#2097=CARTESIAN_POINT('',(-19.9953416587122,-4.7,18.9016675600779));
#2098=CARTESIAN_POINT('',(-19.9953416587122,-4.7,18.9016675600779));
#2099=CARTESIAN_POINT('',(-19.9953416587122,-4.7,21.401667560078));
#2100=CARTESIAN_POINT('',(-27.9953416587122,-4.7,18.9016675600779));
#2101=CARTESIAN_POINT('',(-27.9953416587122,-4.7,18.9016675600779));
#2102=CARTESIAN_POINT('',(-27.9953416587122,-4.7,21.401667560078));
#2103=CARTESIAN_POINT('',(-19.9953416587122,-4.7,26.901667560078));
#2104=CARTESIAN_POINT('',(-19.9953416587122,-4.7,26.901667560078));
#2105=CARTESIAN_POINT('',(-19.9953416587122,-4.7,29.401667560078));
#2106=CARTESIAN_POINT('',(-27.9953416587122,-4.7,26.901667560078));
#2107=CARTESIAN_POINT('',(-27.9953416587122,-4.7,26.901667560078));
#2108=CARTESIAN_POINT('',(-27.9953416587122,-4.7,29.401667560078));
#2109=CARTESIAN_POINT('',(-19.9953416587122,-4.7,34.9016675600779));
#2110=CARTESIAN_POINT('',(-19.9953416587122,-4.7,34.9016675600779));
#2111=CARTESIAN_POINT('',(-19.9953416587122,-4.7,37.4016675600779));
#2112=CARTESIAN_POINT('',(-27.9953416587122,-4.7,34.9016675600779));
#2113=CARTESIAN_POINT('',(-27.9953416587122,-4.7,34.9016675600779));
#2114=CARTESIAN_POINT('',(-27.9953416587122,-4.7,37.4016675600779));
#2115=CARTESIAN_POINT('',(3.06161699786838E-15,-3.,-50.));
#2116=CARTESIAN_POINT('',(-9.18485099360515E-15,-1.,50.));
#2117=CARTESIAN_POINT('',(-9.18485099360515E-15,-1.,50.));
#2118=CARTESIAN_POINT('',(0.,-3.,50.));
#2119=CARTESIAN_POINT('',(0.,-3.,50.));
#2120=CARTESIAN_POINT('',(3.06161699786838E-15,-3.,-50.));
#2121=CARTESIAN_POINT('',(-8.04061324838318E-15,-3.,-50.));
#2122=CARTESIAN_POINT('',(-8.04061324838318E-15,-3.,-50.));
#2123=CARTESIAN_POINT('',(-3.99534165871225,-4.7,-45.0983324399221));
#2124=CARTESIAN_POINT('',(-3.99534165871225,-3.,-45.0983324399221));
#2125=CARTESIAN_POINT('',(-3.99534165871225,-3.,-42.5983324399221));
#2126=CARTESIAN_POINT('',(-11.9953416587123,-4.7,-45.0983324399221));
#2127=CARTESIAN_POINT('',(-11.9953416587123,-3.,-45.0983324399221));
#2128=CARTESIAN_POINT('',(-11.9953416587123,-3.,-42.5983324399221));
#2129=CARTESIAN_POINT('',(-3.99534165871225,-4.7,-37.0983324399221));
#2130=CARTESIAN_POINT('',(-3.99534165871225,-3.,-37.0983324399221));
#2131=CARTESIAN_POINT('',(-3.99534165871225,-3.,-34.5983324399221));
#2132=CARTESIAN_POINT('',(-11.9953416587123,-4.7,-37.0983324399221));
#2133=CARTESIAN_POINT('',(-11.9953416587123,-3.,-37.0983324399221));
#2134=CARTESIAN_POINT('',(-11.9953416587123,-3.,-34.5983324399221));
#2135=CARTESIAN_POINT('',(-19.9953416587123,-4.7,-37.0983324399221));
#2136=CARTESIAN_POINT('',(-19.9953416587123,-3.,-37.0983324399221));
#2137=CARTESIAN_POINT('',(-19.9953416587123,-3.,-34.5983324399221));
#2138=CARTESIAN_POINT('',(-27.9953416587123,-4.7,-37.0983324399221));
#2139=CARTESIAN_POINT('',(-27.9953416587123,-3.,-37.0983324399221));
#2140=CARTESIAN_POINT('',(-27.9953416587123,-3.,-34.5983324399221));
#2141=CARTESIAN_POINT('',(-3.99534165871225,-4.7,-29.0983324399221));
#2142=CARTESIAN_POINT('',(-3.99534165871225,-3.,-29.0983324399221));
#2143=CARTESIAN_POINT('',(-3.99534165871225,-3.,-26.5983324399221));
#2144=CARTESIAN_POINT('',(-11.9953416587123,-4.7,-29.0983324399221));
#2145=CARTESIAN_POINT('',(-11.9953416587123,-3.,-29.0983324399221));
#2146=CARTESIAN_POINT('',(-11.9953416587123,-3.,-26.5983324399221));
#2147=CARTESIAN_POINT('',(-19.9953416587123,-4.7,-29.0983324399221));
#2148=CARTESIAN_POINT('',(-19.9953416587123,-3.,-29.0983324399221));
#2149=CARTESIAN_POINT('',(-19.9953416587123,-3.,-26.5983324399221));
#2150=CARTESIAN_POINT('',(-27.9953416587123,-4.7,-29.098332439922));
#2151=CARTESIAN_POINT('',(-27.9953416587123,-3.,-29.098332439922));
#2152=CARTESIAN_POINT('',(-27.9953416587123,-3.,-26.598332439922));
#2153=CARTESIAN_POINT('',(-35.9953416587122,-4.7,-29.098332439922));
#2154=CARTESIAN_POINT('',(-35.9953416587122,-3.,-29.098332439922));
#2155=CARTESIAN_POINT('',(-35.9953416587122,-3.,-26.598332439922));
#2156=CARTESIAN_POINT('',(-3.99534165871225,-4.7,-21.0983324399221));
#2157=CARTESIAN_POINT('',(-3.99534165871225,-3.,-21.0983324399221));
#2158=CARTESIAN_POINT('',(-3.99534165871225,-3.,-18.5983324399221));
#2159=CARTESIAN_POINT('',(-11.9953416587122,-4.7,-21.0983324399221));
#2160=CARTESIAN_POINT('',(-11.9953416587122,-3.,-21.0983324399221));
#2161=CARTESIAN_POINT('',(-11.9953416587122,-3.,-18.5983324399221));
#2162=CARTESIAN_POINT('',(-19.9953416587123,-4.7,-21.0983324399221));
#2163=CARTESIAN_POINT('',(-19.9953416587123,-3.,-21.0983324399221));
#2164=CARTESIAN_POINT('',(-19.9953416587123,-3.,-18.5983324399221));
#2165=CARTESIAN_POINT('',(-27.9953416587123,-4.7,-21.098332439922));
#2166=CARTESIAN_POINT('',(-27.9953416587123,-3.,-21.098332439922));
#2167=CARTESIAN_POINT('',(-27.9953416587123,-3.,-18.598332439922));
#2168=CARTESIAN_POINT('',(-35.9953416587122,-4.7,-21.098332439922));
#2169=CARTESIAN_POINT('',(-35.9953416587122,-3.,-21.098332439922));
#2170=CARTESIAN_POINT('',(-35.9953416587122,-3.,-18.598332439922));
#2171=CARTESIAN_POINT('',(-3.99534165871225,-4.7,-13.0983324399221));
#2172=CARTESIAN_POINT('',(-3.99534165871225,-3.,-13.0983324399221));
#2173=CARTESIAN_POINT('',(-3.99534165871225,-3.,-10.5983324399221));
#2174=CARTESIAN_POINT('',(-11.9953416587122,-4.7,-13.0983324399221));
#2175=CARTESIAN_POINT('',(-11.9953416587122,-3.,-13.0983324399221));
#2176=CARTESIAN_POINT('',(-11.9953416587122,-3.,-10.5983324399221));
#2177=CARTESIAN_POINT('',(-19.9953416587122,-4.7,-13.0983324399221));
#2178=CARTESIAN_POINT('',(-19.9953416587122,-3.,-13.0983324399221));
#2179=CARTESIAN_POINT('',(-19.9953416587122,-3.,-10.5983324399221));
#2180=CARTESIAN_POINT('',(-27.9953416587122,-4.7,-13.0983324399221));
#2181=CARTESIAN_POINT('',(-27.9953416587122,-3.,-13.0983324399221));
#2182=CARTESIAN_POINT('',(-27.9953416587122,-3.,-10.5983324399221));
#2183=CARTESIAN_POINT('',(-35.9953416587122,-4.7,-13.0983324399221));
#2184=CARTESIAN_POINT('',(-35.9953416587122,-3.,-13.0983324399221));
#2185=CARTESIAN_POINT('',(-35.9953416587122,-3.,-10.5983324399221));
#2186=CARTESIAN_POINT('',(-43.9953416587122,-4.7,-13.0983324399221));
#2187=CARTESIAN_POINT('',(-43.9953416587122,-3.,-13.0983324399221));
#2188=CARTESIAN_POINT('',(-43.9953416587122,-3.,-10.5983324399221));
#2189=CARTESIAN_POINT('',(-3.99534165871225,-4.7,-5.09833243992205));
#2190=CARTESIAN_POINT('',(-3.99534165871225,-3.,-5.09833243992205));
#2191=CARTESIAN_POINT('',(-3.99534165871225,-3.,-2.59833243992205));
#2192=CARTESIAN_POINT('',(-35.9953416587122,-4.7,-5.09833243992205));
#2193=CARTESIAN_POINT('',(-35.9953416587122,-3.,-5.09833243992205));
#2194=CARTESIAN_POINT('',(-35.9953416587122,-3.,-2.59833243992205));
#2195=CARTESIAN_POINT('',(-43.9953416587122,-4.7,-5.09833243992205));
#2196=CARTESIAN_POINT('',(-43.9953416587122,-3.,-5.09833243992205));
#2197=CARTESIAN_POINT('',(-43.9953416587122,-3.,-2.59833243992205));
#2198=CARTESIAN_POINT('',(-3.99534165871225,-4.7,2.90166756007795));
#2199=CARTESIAN_POINT('',(-3.99534165871225,-3.,2.90166756007795));
#2200=CARTESIAN_POINT('',(-3.99534165871225,-3.,5.40166756007795));
#2201=CARTESIAN_POINT('',(-43.9953416587122,-4.7,2.90166756007795));
#2202=CARTESIAN_POINT('',(-43.9953416587122,-3.,2.90166756007795));
#2203=CARTESIAN_POINT('',(-43.9953416587122,-3.,5.40166756007795));
#2204=CARTESIAN_POINT('',(-3.99534165871225,-4.7,10.9016675600779));
#2205=CARTESIAN_POINT('',(-3.99534165871225,-3.,10.9016675600779));
#2206=CARTESIAN_POINT('',(-3.99534165871225,-3.,13.4016675600779));
#2207=CARTESIAN_POINT('',(-43.9953416587122,-4.7,10.901667560078));
#2208=CARTESIAN_POINT('',(-43.9953416587122,-3.,10.901667560078));
#2209=CARTESIAN_POINT('',(-43.9953416587122,-3.,13.401667560078));
#2210=CARTESIAN_POINT('',(-3.99534165871225,-4.7,18.9016675600779));
#2211=CARTESIAN_POINT('',(-3.99534165871225,-3.,18.9016675600779));
#2212=CARTESIAN_POINT('',(-3.99534165871225,-3.,21.401667560078));
#2213=CARTESIAN_POINT('',(-3.99534165871225,-4.7,26.901667560078));
#2214=CARTESIAN_POINT('',(-3.99534165871225,-3.,26.901667560078));
#2215=CARTESIAN_POINT('',(-3.99534165871225,-3.,29.401667560078));
#2216=CARTESIAN_POINT('',(-3.99534165871224,-4.7,42.9016675600779));
#2217=CARTESIAN_POINT('',(-3.99534165871224,-3.,42.9016675600779));
#2218=CARTESIAN_POINT('',(-3.99534165871224,-3.,45.4016675600779));
#2219=CARTESIAN_POINT('',(0.,-3.,0.));
#2220=CARTESIAN_POINT('',(-5.03770916247887,-3.,29.4444160547476));
#2221=CARTESIAN_POINT('',(-5.37654402605786,-3.,33.1495004613353));
#2222=CARTESIAN_POINT('',(-5.92334492670328,-3.,36.5553469472749));
#2223=CARTESIAN_POINT('',(-9.68642052325344,-3.,42.0604718756943));
#2224=CARTESIAN_POINT('',(-6.32804252364889,-3.,35.800837552195));
#2225=CARTESIAN_POINT('',(-9.68642052325344,-3.,42.0604718756943));
#2226=CARTESIAN_POINT('',(-3.99534165871225,-3.,34.9016675600779));
#2227=CARTESIAN_POINT('',(-5.50998765287389,-3.,32.9127363112988));
#2228=CARTESIAN_POINT('',(-5.03770916247887,-3.,29.4444160547476));
#2229=CARTESIAN_POINT('',(-5.37654402605786,-3.,33.1495004613353));
#2230=CARTESIAN_POINT('',(-5.92334492670328,-3.,36.5553469472749));
#2231=CARTESIAN_POINT('',(-9.68642052325344,-3.,42.0604718756943));
#2232=CARTESIAN_POINT('',(-5.03770916247887,-3.,29.4444160547476));
#2233=CARTESIAN_POINT('',(-13.9773212450178,-3.,37.0123533795009));
#2234=CARTESIAN_POINT('',(-10.2034025725984,-3.,35.289497184926));
#2235=CARTESIAN_POINT('',(-7.22353187841878,-3.,32.7668514100082));
#2236=CARTESIAN_POINT('',(-5.03770916247887,-3.,29.4444160547476));
#2237=CARTESIAN_POINT('',(-13.9773212450178,-3.,37.0123533795009));
#2238=CARTESIAN_POINT('',(-13.9773212450178,-3.,37.0123533795009));
#2239=CARTESIAN_POINT('',(-19.4040486284257,-3.,30.7022052592592));
#2240=CARTESIAN_POINT('',(-27.9822909785112,-3.,41.4365948358927));
#2241=CARTESIAN_POINT('',(-29.4505166424481,-3.,39.3416791640313));
#2242=CARTESIAN_POINT('',(-32.3220974126499,-3.,35.0876895775263));
#2243=CARTESIAN_POINT('',(-35.6489700487881,-3.,28.1259751506536));
#2244=CARTESIAN_POINT('',(-37.0598304244937,-3.,21.5996603854711));
#2245=CARTESIAN_POINT('',(-37.7872139351224,-3.,14.856377898327));
#2246=CARTESIAN_POINT('',(-36.9149745514388,-3.,7.46283853034471));
#2247=CARTESIAN_POINT('',(-32.4226341795798,-3.,1.14171063011861));
#2248=CARTESIAN_POINT('',(-28.6921326513851,-3.,-4.42654281339192));
#2249=CARTESIAN_POINT('',(-23.3871189807389,-3.,-7.12402674674705));
#2250=CARTESIAN_POINT('',(-18.7246207811926,-3.,-7.85117884026616));
#2251=CARTESIAN_POINT('',(-14.0791702678359,-3.,-7.38393247093075));
#2252=CARTESIAN_POINT('',(-9.08092655257594,-3.,-3.2531202869086));
#2253=CARTESIAN_POINT('',(-6.67509507336131,-3.,4.02499452232031));
#2254=CARTESIAN_POINT('',(-6.94941639543987,-3.,11.5548319122968));
#2255=CARTESIAN_POINT('',(-8.31948418566713,-3.,18.2003260399699));
#2256=CARTESIAN_POINT('',(-10.5916866611088,-3.,23.9656357488034));
#2257=CARTESIAN_POINT('',(-14.8776459232035,-3.,28.0062833671242));
#2258=CARTESIAN_POINT('',(-17.7116111224294,-3.,29.7359922577794));
#2259=CARTESIAN_POINT('',(-19.4040486284257,-3.,30.7022052592592));
#2260=CARTESIAN_POINT('',(-20.0041851861243,-3.,-7.59831679827771));
#2261=CARTESIAN_POINT('',(-19.9953416587122,-3.,-5.09833243992205));
#2262=CARTESIAN_POINT('',(-20.6734920762283,-3.,-7.50459759804995));
#2263=CARTESIAN_POINT('',(-27.9822909785112,-3.,41.4365948358927));
#2264=CARTESIAN_POINT('',(-29.4505166424481,-3.,39.3416791640313));
#2265=CARTESIAN_POINT('',(-32.3220974126499,-3.,35.0876895775263));
#2266=CARTESIAN_POINT('',(-35.6489700487881,-3.,28.1259751506536));
#2267=CARTESIAN_POINT('',(-37.0598304244937,-3.,21.5996603854711));
#2268=CARTESIAN_POINT('',(-37.7872139351224,-3.,14.856377898327));
#2269=CARTESIAN_POINT('',(-36.9149745514388,-3.,7.46283853034471));
#2270=CARTESIAN_POINT('',(-32.4226341795798,-3.,1.14171063011861));
#2271=CARTESIAN_POINT('',(-28.6921326513851,-3.,-4.42654281339192));
#2272=CARTESIAN_POINT('',(-23.3871189807389,-3.,-7.12402674674705));
#2273=CARTESIAN_POINT('',(-18.7246207811926,-3.,-7.85117884026616));
#2274=CARTESIAN_POINT('',(-14.0791702678359,-3.,-7.38393247093075));
#2275=CARTESIAN_POINT('',(-9.08092655257594,-3.,-3.2531202869086));
#2276=CARTESIAN_POINT('',(-6.67509507336131,-3.,4.02499452232031));
#2277=CARTESIAN_POINT('',(-6.94941639543987,-3.,11.5548319122968));
#2278=CARTESIAN_POINT('',(-8.31948418566713,-3.,18.2003260399699));
#2279=CARTESIAN_POINT('',(-10.5916866611088,-3.,23.9656357488034));
#2280=CARTESIAN_POINT('',(-14.8776459232035,-3.,28.0062833671242));
#2281=CARTESIAN_POINT('',(-17.7116111224294,-3.,29.7359922577794));
#2282=CARTESIAN_POINT('',(-19.4040486284257,-3.,30.7022052592592));
#2283=CARTESIAN_POINT('',(-33.5063935292025,-3.,2.66685442456428));
#2284=CARTESIAN_POINT('',(-35.9953416587122,-3.,2.90166756007795));
#2285=CARTESIAN_POINT('',(-35.1055245548486,-3.,5.23795211502235));
#2286=CARTESIAN_POINT('',(-27.9822909785112,-3.,41.4365948358927));
#2287=CARTESIAN_POINT('',(-29.4505166424481,-3.,39.3416791640313));
#2288=CARTESIAN_POINT('',(-32.3220974126499,-3.,35.0876895775263));
#2289=CARTESIAN_POINT('',(-35.6489700487881,-3.,28.1259751506536));
#2290=CARTESIAN_POINT('',(-37.0598304244937,-3.,21.5996603854711));
#2291=CARTESIAN_POINT('',(-37.7872139351224,-3.,14.856377898327));
#2292=CARTESIAN_POINT('',(-36.9149745514388,-3.,7.46283853034471));
#2293=CARTESIAN_POINT('',(-32.4226341795798,-3.,1.14171063011861));
#2294=CARTESIAN_POINT('',(-28.6921326513851,-3.,-4.42654281339192));
#2295=CARTESIAN_POINT('',(-23.3871189807389,-3.,-7.12402674674705));
#2296=CARTESIAN_POINT('',(-18.7246207811926,-3.,-7.85117884026616));
#2297=CARTESIAN_POINT('',(-14.0791702678359,-3.,-7.38393247093075));
#2298=CARTESIAN_POINT('',(-9.08092655257594,-3.,-3.2531202869086));
#2299=CARTESIAN_POINT('',(-6.67509507336131,-3.,4.02499452232031));
#2300=CARTESIAN_POINT('',(-6.94941639543987,-3.,11.5548319122968));
#2301=CARTESIAN_POINT('',(-8.31948418566713,-3.,18.2003260399699));
#2302=CARTESIAN_POINT('',(-10.5916866611088,-3.,23.9656357488034));
#2303=CARTESIAN_POINT('',(-14.8776459232035,-3.,28.0062833671242));
#2304=CARTESIAN_POINT('',(-17.7116111224294,-3.,29.7359922577794));
#2305=CARTESIAN_POINT('',(-19.4040486284257,-3.,30.7022052592592));
#2306=CARTESIAN_POINT('',(-27.9822909785112,-3.,41.4365948358927));
#2307=CARTESIAN_POINT('',(0.,-3.,0.));
#2308=CARTESIAN_POINT('',(0.,-3.,50.));
#2309=CARTESIAN_POINT('',(-13.9773212450178,-3.,37.0123533795009));
#2310=CARTESIAN_POINT('',(-13.9773212450178,-1.,37.0123533795009));
#2311=CARTESIAN_POINT('',(-10.2034025725984,-3.,35.289497184926));
#2312=CARTESIAN_POINT('',(-10.2034025725984,-1.,35.289497184926));
#2313=CARTESIAN_POINT('',(-7.22353187841878,-3.,32.7668514100082));
#2314=CARTESIAN_POINT('',(-7.22353187841878,-1.,32.7668514100082));
#2315=CARTESIAN_POINT('',(-5.03770916247887,-3.,29.4444160547476));
#2316=CARTESIAN_POINT('',(-5.03770916247887,-1.,29.4444160547476));
#2317=CARTESIAN_POINT('',(-5.03770916247887,-3.,29.4444160547476));
#2318=CARTESIAN_POINT('',(-5.03770916247887,-1.,29.4444160547476));
#2319=CARTESIAN_POINT('',(-13.9773212450178,-1.,37.0123533795009));
#2320=CARTESIAN_POINT('',(-10.2034025725984,-1.,35.289497184926));
#2321=CARTESIAN_POINT('',(-7.22353187841878,-1.,32.7668514100082));
#2322=CARTESIAN_POINT('',(-5.03770916247887,-1.,29.4444160547476));
#2323=CARTESIAN_POINT('',(-13.9773212450178,-1.,37.0123533795009));
#2324=CARTESIAN_POINT('',(-13.9773212450178,-3.,37.0123533795009));
#2325=CARTESIAN_POINT('',(-13.9773212450178,-3.,37.0123533795009));
#2326=CARTESIAN_POINT('',(-13.9773212450178,-1.,37.0123533795009));
#2327=CARTESIAN_POINT('',(-19.4040486284257,-1.,30.7022052592592));
#2328=CARTESIAN_POINT('',(-19.4040486284257,-3.,30.7022052592592));
#2329=CARTESIAN_POINT('',(-20.0041851861245,-3.,-7.59831679827768));
#2330=CARTESIAN_POINT('',(-20.0041851861245,-1.,-7.59831679827768));
#2331=CARTESIAN_POINT('',(-18.9560692077769,-3.,-7.72129026584674));
#2332=CARTESIAN_POINT('',(-18.9560692077769,-1.,-7.72129026584674));
#2333=CARTESIAN_POINT('',(-17.3477134440538,-3.,-7.75452645533299));
#2334=CARTESIAN_POINT('',(-17.3477134440538,-1.,-7.75452645533299));
#2335=CARTESIAN_POINT('',(-15.2658878667159,-3.,-7.34237876108856));
#2336=CARTESIAN_POINT('',(-15.2658878667159,-1.,-7.34237876108856));
#2337=CARTESIAN_POINT('',(-13.3103450181192,-3.,-6.53204767729791));
#2338=CARTESIAN_POINT('',(-13.3103450181192,-1.,-6.53204767729791));
#2339=CARTESIAN_POINT('',(-11.145534147446,-3.,-4.87657648693538));
#2340=CARTESIAN_POINT('',(-11.145534147446,-1.,-4.87657648693538));
#2341=CARTESIAN_POINT('',(-9.17111366632892,-3.,-2.28178856135122));
#2342=CARTESIAN_POINT('',(-9.17111366632892,-1.,-2.28178856135122));
#2343=CARTESIAN_POINT('',(-7.86610108721838,-3.,0.638887652260195));
#2344=CARTESIAN_POINT('',(-7.86610108721838,-1.,0.638887652260195));
#2345=CARTESIAN_POINT('',(-6.86657278866856,-3.,4.80952737703497));
#2346=CARTESIAN_POINT('',(-6.86657278866856,-1.,4.80952737703497));
#2347=CARTESIAN_POINT('',(-6.8223464413581,-3.,10.1268264708803));
#2348=CARTESIAN_POINT('',(-6.8223464413581,-1.,10.1268264708803));
#2349=CARTESIAN_POINT('',(-7.68113795596407,-3.,15.3364070348313));
#2350=CARTESIAN_POINT('',(-7.68113795596407,-1.,15.3364070348313));
#2351=CARTESIAN_POINT('',(-8.84266933718242,-3.,19.4159037363665));
#2352=CARTESIAN_POINT('',(-8.84266933718242,-1.,19.4159037363665));
#2353=CARTESIAN_POINT('',(-10.0321001391345,-3.,22.3777387244958));
#2354=CARTESIAN_POINT('',(-10.0321001391345,-1.,22.3777387244958));
#2355=CARTESIAN_POINT('',(-11.7955376967915,-3.,25.0293922167154));
#2356=CARTESIAN_POINT('',(-11.7955376967915,-1.,25.0293922167154));
#2357=CARTESIAN_POINT('',(-14.1407600875885,-3.,27.2715775204339));
#2358=CARTESIAN_POINT('',(-14.1407600875885,-1.,27.2715775204339));
#2359=CARTESIAN_POINT('',(-16.5935617556224,-3.,29.0592584190179));
#2360=CARTESIAN_POINT('',(-16.5935617556224,-1.,29.0592584190179));
#2361=CARTESIAN_POINT('',(-18.3967263279276,-3.,30.1271247023857));
#2362=CARTESIAN_POINT('',(-18.3967263279276,-1.,30.1271247023857));
#2363=CARTESIAN_POINT('',(-19.4040486284257,-3.,30.7022052592592));
#2364=CARTESIAN_POINT('',(-19.4040486284257,-1.,30.7022052592592));
#2365=CARTESIAN_POINT('',(-27.9822909785112,-1.,41.4365948358927));
#2366=CARTESIAN_POINT('',(-29.4505166424481,-1.,39.3416791640313));
#2367=CARTESIAN_POINT('',(-32.3220974126499,-1.,35.0876895775263));
#2368=CARTESIAN_POINT('',(-35.6489700487881,-1.,28.1259751506536));
#2369=CARTESIAN_POINT('',(-37.0598304244937,-1.,21.5996603854711));
#2370=CARTESIAN_POINT('',(-37.7872139351224,-1.,14.856377898327));
#2371=CARTESIAN_POINT('',(-36.9149745514388,-1.,7.46283853034471));
#2372=CARTESIAN_POINT('',(-32.4226341795798,-1.,1.14171063011861));
#2373=CARTESIAN_POINT('',(-28.6921326513851,-1.,-4.42654281339192));
#2374=CARTESIAN_POINT('',(-23.3871189807389,-1.,-7.12402674674705));
#2375=CARTESIAN_POINT('',(-18.7246207811926,-1.,-7.85117884026616));
#2376=CARTESIAN_POINT('',(-14.0791702678359,-1.,-7.38393247093075));
#2377=CARTESIAN_POINT('',(-9.08092655257594,-1.,-3.2531202869086));
#2378=CARTESIAN_POINT('',(-6.67509507336131,-1.,4.02499452232031));
#2379=CARTESIAN_POINT('',(-6.94941639543987,-1.,11.5548319122968));
#2380=CARTESIAN_POINT('',(-8.31948418566713,-1.,18.2003260399699));
#2381=CARTESIAN_POINT('',(-10.5916866611088,-1.,23.9656357488034));
#2382=CARTESIAN_POINT('',(-14.8776459232035,-1.,28.0062833671242));
#2383=CARTESIAN_POINT('',(-17.7116111224294,-1.,29.7359922577794));
#2384=CARTESIAN_POINT('',(-19.4040486284257,-1.,30.7022052592592));
#2385=CARTESIAN_POINT('',(-20.0041851861243,-1.,-7.59831679827771));
#2386=CARTESIAN_POINT('',(-20.0041851861243,-1.,-7.59831679827771));
#2387=CARTESIAN_POINT('',(-19.9953416587122,-4.7,-5.09833243992205));
#2388=CARTESIAN_POINT('',(-20.6734920762328,-3.,-7.50459759804921));
#2389=CARTESIAN_POINT('',(-20.6734920762328,-1.,-7.50459759804921));
#2390=CARTESIAN_POINT('',(-19.9953416587122,-1.,-5.09833243992205));
#2391=CARTESIAN_POINT('',(-33.5063934970188,-3.,2.66685437685142));
#2392=CARTESIAN_POINT('',(-33.5063934970188,-1.,2.66685437685142));
#2393=CARTESIAN_POINT('',(-33.1102277792743,-3.,2.07953169465871));
#2394=CARTESIAN_POINT('',(-33.1102277792743,-1.,2.07953169465871));
#2395=CARTESIAN_POINT('',(-32.2981720254789,-3.,0.912413865661855));
#2396=CARTESIAN_POINT('',(-32.2981720254789,-1.,0.912413865661855));
#2397=CARTESIAN_POINT('',(-30.690961050598,-3.,-1.43646291441698));
#2398=CARTESIAN_POINT('',(-30.690961050598,-1.,-1.43646291441698));
#2399=CARTESIAN_POINT('',(-28.4796067086002,-3.,-4.17205846837146));
#2400=CARTESIAN_POINT('',(-28.4796067086002,-1.,-4.17205846837146));
#2401=CARTESIAN_POINT('',(-24.8147281817403,-3.,-6.45029373280267));
#2402=CARTESIAN_POINT('',(-24.8147281817403,-1.,-6.45029373280267));
#2403=CARTESIAN_POINT('',(-22.0639348576331,-3.,-7.2784016944751));
#2404=CARTESIAN_POINT('',(-22.0639348576331,-1.,-7.2784016944751));
#2405=CARTESIAN_POINT('',(-20.6734920762269,-3.,-7.50459759805018));
#2406=CARTESIAN_POINT('',(-20.6734920762269,-1.,-7.50459759805018));
#2407=CARTESIAN_POINT('',(-27.9822909785112,-1.,41.4365948358927));
#2408=CARTESIAN_POINT('',(-29.4505166424481,-1.,39.3416791640313));
#2409=CARTESIAN_POINT('',(-32.3220974126499,-1.,35.0876895775263));
#2410=CARTESIAN_POINT('',(-35.6489700487881,-1.,28.1259751506536));
#2411=CARTESIAN_POINT('',(-37.0598304244937,-1.,21.5996603854711));
#2412=CARTESIAN_POINT('',(-37.7872139351224,-1.,14.856377898327));
#2413=CARTESIAN_POINT('',(-36.9149745514388,-1.,7.46283853034471));
#2414=CARTESIAN_POINT('',(-32.4226341795798,-1.,1.14171063011861));
#2415=CARTESIAN_POINT('',(-28.6921326513851,-1.,-4.42654281339192));
#2416=CARTESIAN_POINT('',(-23.3871189807389,-1.,-7.12402674674705));
#2417=CARTESIAN_POINT('',(-18.7246207811926,-1.,-7.85117884026616));
#2418=CARTESIAN_POINT('',(-14.0791702678359,-1.,-7.38393247093075));
#2419=CARTESIAN_POINT('',(-9.08092655257594,-1.,-3.2531202869086));
#2420=CARTESIAN_POINT('',(-6.67509507336131,-1.,4.02499452232031));
#2421=CARTESIAN_POINT('',(-6.94941639543987,-1.,11.5548319122968));
#2422=CARTESIAN_POINT('',(-8.31948418566713,-1.,18.2003260399699));
#2423=CARTESIAN_POINT('',(-10.5916866611088,-1.,23.9656357488034));
#2424=CARTESIAN_POINT('',(-14.8776459232035,-1.,28.0062833671242));
#2425=CARTESIAN_POINT('',(-17.7116111224294,-1.,29.7359922577794));
#2426=CARTESIAN_POINT('',(-19.4040486284257,-1.,30.7022052592592));
#2427=CARTESIAN_POINT('',(-33.5063935292015,-1.,2.66685442456289));
#2428=CARTESIAN_POINT('',(-33.5063935292025,-1.,2.66685442456429));
#2429=CARTESIAN_POINT('',(-35.9953416587122,-4.7,2.90166756007795));
#2430=CARTESIAN_POINT('',(-35.1055245548486,-3.,5.23795211502235));
#2431=CARTESIAN_POINT('',(-35.1055245548485,-1.,5.23795211502203));
#2432=CARTESIAN_POINT('',(-35.9953416587122,-1.,2.90166756007795));
#2433=CARTESIAN_POINT('',(-27.9822909785112,-3.,41.4365948358927));
#2434=CARTESIAN_POINT('',(-27.9822909785112,-1.,41.4365948358927));
#2435=CARTESIAN_POINT('',(-28.9996005577909,-3.,39.9850619870163));
#2436=CARTESIAN_POINT('',(-28.9996005577909,-1.,39.9850619870163));
#2437=CARTESIAN_POINT('',(-30.3394303516599,-3.,38.0257780346573));
#2438=CARTESIAN_POINT('',(-30.3394303516599,-1.,38.0257780346573));
#2439=CARTESIAN_POINT('',(-31.9414125930393,-3.,35.3846362921267));
#2440=CARTESIAN_POINT('',(-31.9414125930393,-1.,35.3846362921267));
#2441=CARTESIAN_POINT('',(-33.4717077081938,-3.,32.585783749697));
#2442=CARTESIAN_POINT('',(-33.4717077081938,-1.,32.585783749697));
#2443=CARTESIAN_POINT('',(-35.1736974858879,-3.,28.8596979795714));
#2444=CARTESIAN_POINT('',(-35.1736974858879,-1.,28.8596979795714));
#2445=CARTESIAN_POINT('',(-36.5644997341831,-3.,24.1851280630867));
#2446=CARTESIAN_POINT('',(-36.5644997341831,-1.,24.1851280630867));
#2447=CARTESIAN_POINT('',(-37.3600517171663,-3.,19.4360793510971));
#2448=CARTESIAN_POINT('',(-37.3600517171663,-1.,19.4360793510971));
#2449=CARTESIAN_POINT('',(-37.6284114995715,-3.,14.5686875620747));
#2450=CARTESIAN_POINT('',(-37.6284114995715,-1.,14.5686875620747));
#2451=CARTESIAN_POINT('',(-37.044850293879,-3.,9.6451712460621));
#2452=CARTESIAN_POINT('',(-37.044850293879,-1.,9.6451712460621));
#2453=CARTESIAN_POINT('',(-35.8803876989665,-3.,6.64250002861795));
#2454=CARTESIAN_POINT('',(-35.8803876989665,-1.,6.64250002861795));
#2455=CARTESIAN_POINT('',(-35.1055245548487,-3.,5.23795211502253));
#2456=CARTESIAN_POINT('',(-35.1055245548487,-1.,5.23795211502253));
#2457=CARTESIAN_POINT('',(-27.9822909785112,-1.,41.4365948358927));
#2458=CARTESIAN_POINT('',(-29.4505166424481,-1.,39.3416791640313));
#2459=CARTESIAN_POINT('',(-32.3220974126499,-1.,35.0876895775263));
#2460=CARTESIAN_POINT('',(-35.6489700487881,-1.,28.1259751506536));
#2461=CARTESIAN_POINT('',(-37.0598304244937,-1.,21.5996603854711));
#2462=CARTESIAN_POINT('',(-37.7872139351224,-1.,14.856377898327));
#2463=CARTESIAN_POINT('',(-36.9149745514388,-1.,7.46283853034471));
#2464=CARTESIAN_POINT('',(-32.4226341795798,-1.,1.14171063011861));
#2465=CARTESIAN_POINT('',(-28.6921326513851,-1.,-4.42654281339192));
#2466=CARTESIAN_POINT('',(-23.3871189807389,-1.,-7.12402674674705));
#2467=CARTESIAN_POINT('',(-18.7246207811926,-1.,-7.85117884026616));
#2468=CARTESIAN_POINT('',(-14.0791702678359,-1.,-7.38393247093075));
#2469=CARTESIAN_POINT('',(-9.08092655257594,-1.,-3.2531202869086));
#2470=CARTESIAN_POINT('',(-6.67509507336131,-1.,4.02499452232031));
#2471=CARTESIAN_POINT('',(-6.94941639543987,-1.,11.5548319122968));
#2472=CARTESIAN_POINT('',(-8.31948418566713,-1.,18.2003260399699));
#2473=CARTESIAN_POINT('',(-10.5916866611088,-1.,23.9656357488034));
#2474=CARTESIAN_POINT('',(-14.8776459232035,-1.,28.0062833671242));
#2475=CARTESIAN_POINT('',(-17.7116111224294,-1.,29.7359922577794));
#2476=CARTESIAN_POINT('',(-19.4040486284257,-1.,30.7022052592592));
#2477=CARTESIAN_POINT('',(-27.9822909785112,-1.,41.4365948358927));
#2478=CARTESIAN_POINT('',(-27.9822909785112,-3.,41.4365948358927));
#2479=CARTESIAN_POINT('',(0.,-3.,0.));
#2480=CARTESIAN_POINT('',(0.,-1.,0.));
#2481=CARTESIAN_POINT('',(0.,-3.,50.));
#2482=CARTESIAN_POINT('',(0.,-1.,50.));
#2483=CARTESIAN_POINT('',(-9.68642052325344,-1.,42.0604718756943));
#2484=CARTESIAN_POINT('',(-9.68642052325344,-3.,42.0604718756943));
#2485=CARTESIAN_POINT('',(-6.32804252364736,-3.,35.8008375521909));
#2486=CARTESIAN_POINT('',(-6.32804252364736,-1.,35.8008375521909));
#2487=CARTESIAN_POINT('',(-6.99461797946547,-3.,37.6165915149107));
#2488=CARTESIAN_POINT('',(-6.99461797946547,-1.,37.6165915149107));
#2489=CARTESIAN_POINT('',(-8.02828874002308,-3.,39.6347372923034));
#2490=CARTESIAN_POINT('',(-8.02828874002308,-1.,39.6347372923034));
#2491=CARTESIAN_POINT('',(-9.68642052325344,-3.,42.0604718756943));
#2492=CARTESIAN_POINT('',(-9.68642052325344,-1.,42.0604718756943));
#2493=CARTESIAN_POINT('',(-5.03770916247887,-1.,29.4444160547476));
#2494=CARTESIAN_POINT('',(-5.37654402605786,-1.,33.1495004613353));
#2495=CARTESIAN_POINT('',(-5.92334492670328,-1.,36.5553469472749));
#2496=CARTESIAN_POINT('',(-9.68642052325344,-1.,42.0604718756943));
#2497=CARTESIAN_POINT('',(-6.32804252364889,-1.,35.800837552195));
#2498=CARTESIAN_POINT('',(-6.3280425236489,-1.,35.800837552195));
#2499=CARTESIAN_POINT('',(-5.03770916247887,-3.,29.4444160547476));
#2500=CARTESIAN_POINT('',(-5.03770916247887,-1.,29.4444160547476));
#2501=CARTESIAN_POINT('',(-5.14387418174727,-3.,30.6053070954794));
#2502=CARTESIAN_POINT('',(-5.14387418174727,-1.,30.6053070954794));
#2503=CARTESIAN_POINT('',(-5.27045559898681,-3.,31.7368214141166));
#2504=CARTESIAN_POINT('',(-5.27045559898681,-1.,31.7368214141166));
#2505=CARTESIAN_POINT('',(-5.50998765233027,-3.,32.9127363086301));
#2506=CARTESIAN_POINT('',(-5.50998765233027,-1.,32.9127363086301));
#2507=CARTESIAN_POINT('',(-5.50998765287389,-3.,32.9127363112988));
#2508=CARTESIAN_POINT('',(-5.5099876528739,-1.,32.9127363112989));
#2509=CARTESIAN_POINT('',(-5.03770916247887,-1.,29.4444160547476));
#2510=CARTESIAN_POINT('',(-5.37654402605786,-1.,33.1495004613353));
#2511=CARTESIAN_POINT('',(-5.92334492670328,-1.,36.5553469472749));
#2512=CARTESIAN_POINT('',(-9.68642052325344,-1.,42.0604718756943));
#2513=CARTESIAN_POINT('',(-11.9953416587122,-4.7,2.90166756007795));
#2514=CARTESIAN_POINT('',(-11.9953416587122,-1.,2.90166756007795));
#2515=CARTESIAN_POINT('',(-11.9953416587122,-1.,5.40166756007795));
#2516=CARTESIAN_POINT('',(-19.9953416587122,-4.7,2.90166756007795));
#2517=CARTESIAN_POINT('',(-19.9953416587122,-1.,2.90166756007795));
#2518=CARTESIAN_POINT('',(-19.9953416587122,-1.,5.40166756007795));
#2519=CARTESIAN_POINT('',(-27.9953416587122,-4.7,2.90166756007795));
#2520=CARTESIAN_POINT('',(-27.9953416587122,-1.,2.90166756007795));
#2521=CARTESIAN_POINT('',(-27.9953416587122,-1.,5.40166756007795));
#2522=CARTESIAN_POINT('',(-11.9953416587122,-4.7,10.9016675600779));
#2523=CARTESIAN_POINT('',(-11.9953416587122,-1.,10.9016675600779));
#2524=CARTESIAN_POINT('',(-11.9953416587122,-1.,13.4016675600779));
#2525=CARTESIAN_POINT('',(-19.9953416587122,-4.7,10.9016675600779));
#2526=CARTESIAN_POINT('',(-19.9953416587122,-1.,10.9016675600779));
#2527=CARTESIAN_POINT('',(-19.9953416587122,-1.,13.4016675600779));
#2528=CARTESIAN_POINT('',(-27.9953416587122,-4.7,10.9016675600779));
#2529=CARTESIAN_POINT('',(-27.9953416587122,-1.,10.9016675600779));
#2530=CARTESIAN_POINT('',(-27.9953416587122,-1.,13.4016675600779));
#2531=CARTESIAN_POINT('',(-11.9953416587122,-4.7,18.9016675600779));
#2532=CARTESIAN_POINT('',(-11.9953416587122,-1.,18.9016675600779));
#2533=CARTESIAN_POINT('',(-11.9953416587122,-1.,21.401667560078));
#2534=CARTESIAN_POINT('',(-19.9953416587122,-4.7,18.9016675600779));
#2535=CARTESIAN_POINT('',(-19.9953416587122,-1.,18.9016675600779));
#2536=CARTESIAN_POINT('',(-19.9953416587122,-1.,21.401667560078));
#2537=CARTESIAN_POINT('',(-27.9953416587122,-4.7,18.9016675600779));
#2538=CARTESIAN_POINT('',(-27.9953416587122,-1.,18.9016675600779));
#2539=CARTESIAN_POINT('',(-27.9953416587122,-1.,21.401667560078));
#2540=CARTESIAN_POINT('',(-19.9953416587122,-4.7,26.901667560078));
#2541=CARTESIAN_POINT('',(-19.9953416587122,-1.,26.901667560078));
#2542=CARTESIAN_POINT('',(-19.9953416587122,-1.,29.401667560078));
#2543=CARTESIAN_POINT('',(-27.9953416587122,-4.7,26.901667560078));
#2544=CARTESIAN_POINT('',(-27.9953416587122,-1.,26.901667560078));
#2545=CARTESIAN_POINT('',(-27.9953416587122,-1.,29.401667560078));
#2546=CARTESIAN_POINT('',(-19.9953416587122,-4.7,34.9016675600779));
#2547=CARTESIAN_POINT('',(-19.9953416587122,-1.,34.9016675600779));
#2548=CARTESIAN_POINT('',(-19.9953416587122,-1.,37.4016675600779));
#2549=CARTESIAN_POINT('',(-27.9953416587122,-4.7,34.9016675600779));
#2550=CARTESIAN_POINT('',(-27.9953416587122,-1.,34.9016675600779));
#2551=CARTESIAN_POINT('',(-27.9953416587122,-1.,37.4016675600779));
#2552=CARTESIAN_POINT('',(0.,-1.,0.));
#2553=CARTESIAN_POINT('',(-3.99534165871225,-1.,34.9016675600779));
#2554=CARTESIAN_POINT('',(-3.99534165871225,-4.7,34.9016675600779));
#2555=CARTESIAN_POINT('',(-3.99534165871225,-4.7,34.9016675600779));
#2556=CARTESIAN_POINT('',(-3.99534165871225,-4.7,37.4016675600779));
#2557=CARTESIAN_POINT('',(-3.99534165871225,-4.7,34.9016675600779));
#2558=MECHANICAL_DESIGN_GEOMETRIC_PRESENTATION_REPRESENTATION('',(#1319),
#2559);
#2559=(
GEOMETRIC_REPRESENTATION_CONTEXT(3)
GLOBAL_UNCERTAINTY_ASSIGNED_CONTEXT((#2560))
GLOBAL_UNIT_ASSIGNED_CONTEXT((#2563,#2562,#2561))
REPRESENTATION_CONTEXT('Lego_half1','TOP_LEVEL_ASSEMBLY_PART')
);
#2560=UNCERTAINTY_MEASURE_WITH_UNIT(LENGTH_MEASURE(0.005),#2563,
'DISTANCE_ACCURACY_VALUE','Maximum Tolerance applied to model');
#2561=(
NAMED_UNIT(*)
SI_UNIT($,.STERADIAN.)
SOLID_ANGLE_UNIT()
);
#2562=(
NAMED_UNIT(*)
PLANE_ANGLE_UNIT()
SI_UNIT($,.RADIAN.)
);
#2563=(
LENGTH_UNIT()
NAMED_UNIT(*)
SI_UNIT(.MILLI.,.METRE.)
);
#2564=PRODUCT_DEFINITION_SHAPE('','',#2565);
#2565=PRODUCT_DEFINITION('','',#2567,#2566);
#2566=PRODUCT_DEFINITION_CONTEXT('',#2573,'design');
#2567=PRODUCT_DEFINITION_FORMATION_WITH_SPECIFIED_SOURCE('','',#2569,
 .NOT_KNOWN.);
#2568=PRODUCT_RELATED_PRODUCT_CATEGORY('','',(#2569));
#2569=PRODUCT('Lego_half1','Lego_half1','Lego_half1',(#2571));
#2570=PRODUCT_CATEGORY('','');
#2571=PRODUCT_CONTEXT('',#2573,'mechanical');
#2572=APPLICATION_PROTOCOL_DEFINITION('international standard',
'automotive_design',2010,#2573);
#2573=APPLICATION_CONTEXT(
'core data for automotive mechanical design processes');
ENDSEC;
END-ISO-10303-21;
