ISO-10303-21;
HEADER;
/* Generated by software containing ST-Developer
 * from STEP Tools, Inc. (www.steptools.com) 
 */
/* OPTION: strings as raw bytes, not using required /X/ escapes */

FILE_DESCRIPTION(
/* description */ ('Unknown'),
/* implementation_level */ '2;1');

FILE_NAME(
/* name */ 'OrbitalSanderAdaptor01',
/* time_stamp */ '2024-04-04T12:33:19+01:00',
/* author */ ('Unknown'),
/* organization */ ('Unknown'),
/* preprocessor_version */ 'ST-DEVELOPER v19.4',
/* originating_system */ 'Solid Edge',
/* authorisation */ 'Unknown');

FILE_SCHEMA (('AUTOMOTIVE_DESIGN {1 0 10303 214 3 1 1}'));
ENDSEC;

DATA;
#10=PROPERTY_DEFINITION_REPRESENTATION(#14,#12);
#11=PROPERTY_DEFINITION_REPRESENTATION(#15,#13);
#12=REPRESENTATION('',(#16),#2408);
#13=REPRESENTATION('',(#17),#2408);
#14=PROPERTY_DEFINITION('pmi validation property','',#2413);
#15=PROPERTY_DEFINITION('pmi validation property','',#2413);
#16=VALUE_REPRESENTATION_ITEM('number of annotations',COUNT_MEASURE(0.));
#17=VALUE_REPRESENTATION_ITEM('number of views',COUNT_MEASURE(0.));
#18=SHAPE_REPRESENTATION_RELATIONSHIP('','',#1386,#19);
#19=ADVANCED_BREP_SHAPE_REPRESENTATION('',(#1383,#1384),#2408);
#20=CONICAL_SURFACE('',#1440,17.5,0.785398163397448);
#21=CONICAL_SURFACE('',#1503,16.75,0.0401425727958696);
#22=CONICAL_SURFACE('',#1538,2.5,0.785398163397447);
#23=CONICAL_SURFACE('',#1539,2.5,0.785398163397448);
#24=CONICAL_SURFACE('',#1540,2.5,0.785398163397448);
#25=ELLIPSE('',#1399,5.34765615626669,2.);
#26=ELLIPSE('',#1401,16.6121683558164,15.375);
#27=ELLIPSE('',#1402,14.9914690040294,13.875);
#28=ELLIPSE('',#1429,5.34765615626669,2.);
#29=ELLIPSE('',#1431,14.9914690040294,13.875);
#30=ELLIPSE('',#1432,16.6121683558164,15.375);
#31=PLANE('',#1395);
#32=PLANE('',#1400);
#33=PLANE('',#1403);
#34=PLANE('',#1404);
#35=PLANE('',#1407);
#36=PLANE('',#1411);
#37=PLANE('',#1414);
#38=PLANE('',#1415);
#39=PLANE('',#1420);
#40=PLANE('',#1425);
#41=PLANE('',#1430);
#42=PLANE('',#1433);
#43=PLANE('',#1434);
#44=PLANE('',#1436);
#45=PLANE('',#1437);
#46=PLANE('',#1442);
#47=PLANE('',#1445);
#48=PLANE('',#1448);
#49=PLANE('',#1451);
#50=PLANE('',#1456);
#51=PLANE('',#1461);
#52=PLANE('',#1472);
#53=PLANE('',#1486);
#54=PLANE('',#1488);
#55=PLANE('',#1490);
#56=PLANE('',#1492);
#57=PLANE('',#1494);
#58=PLANE('',#1496);
#59=PLANE('',#1509);
#60=PLANE('',#1516);
#61=PLANE('',#1525);
#62=PLANE('',#1527);
#63=PLANE('',#1530);
#64=PLANE('',#1532);
#65=PLANE('',#1534);
#66=PLANE('',#1535);
#67=B_SPLINE_CURVE_WITH_KNOTS('',3,(#1965,#1966,#1967,#1968,#1969),
 .UNSPECIFIED.,.F.,.F.,(4,1,4),(3.99834005196946E-18,0.00158587704644064,
0.00317175409288127),.UNSPECIFIED.);
#68=B_SPLINE_CURVE_WITH_KNOTS('',3,(#1974,#1975,#1976,#1977,#1978),
 .UNSPECIFIED.,.F.,.F.,(4,1,4),(0.,0.00159165151154619,0.00318330302309237),
 .UNSPECIFIED.);
#69=B_SPLINE_CURVE_WITH_KNOTS('',3,(#1991,#1992,#1993,#1994,#1995),
 .UNSPECIFIED.,.F.,.F.,(4,1,4),(0.,0.00165235522817566,0.00330471045635132),
 .UNSPECIFIED.);
#70=B_SPLINE_CURVE_WITH_KNOTS('',3,(#1996,#1997,#1998,#1999,#2000),
 .UNSPECIFIED.,.F.,.F.,(4,1,4),(0.000429251756284709,0.00178009092443624,
0.00313093009258778),.UNSPECIFIED.);
#71=B_SPLINE_CURVE_WITH_KNOTS('',3,(#2017,#2018,#2019,#2020,#2021),
 .UNSPECIFIED.,.F.,.F.,(4,1,4),(0.,0.00158590188877481,0.00317180377754962),
 .UNSPECIFIED.);
#72=B_SPLINE_CURVE_WITH_KNOTS('',3,(#2026,#2027,#2028,#2029,#2030),
 .UNSPECIFIED.,.F.,.F.,(4,1,4),(4.33680868994202E-19,0.00159164365413801,
0.00318328730827601),.UNSPECIFIED.);
#73=B_SPLINE_CURVE_WITH_KNOTS('',3,(#2040,#2041,#2042,#2043,#2044),
 .UNSPECIFIED.,.F.,.F.,(4,1,4),(0.,0.0015655067270343,0.0031310134540686),
 .UNSPECIFIED.);
#74=B_SPLINE_CURVE_WITH_KNOTS('',3,(#2046,#2047,#2048,#2049,#2050),
 .UNSPECIFIED.,.F.,.F.,(4,1,4),(0.,0.00156484633929024,0.00312969267858049),
 .UNSPECIFIED.);
#75=B_SPLINE_CURVE_WITH_KNOTS('',3,(#2068,#2069,#2070,#2071,#2072),
 .UNSPECIFIED.,.F.,.F.,(4,1,4),(0.,0.0015655067270343,0.00313101345406859),
 .UNSPECIFIED.);
#76=B_SPLINE_CURVE_WITH_KNOTS('',3,(#2077,#2078,#2079,#2080,#2081),
 .UNSPECIFIED.,.F.,.F.,(4,1,4),(1.73472347597681E-18,0.00156484633929024,
0.00312969267858049),.UNSPECIFIED.);
#77=B_SPLINE_CURVE_WITH_KNOTS('',3,(#2091,#2092,#2093,#2094,#2095),
 .UNSPECIFIED.,.F.,.F.,(4,1,4),(0.,0.00158590188877481,0.00317180377754962),
 .UNSPECIFIED.);
#78=B_SPLINE_CURVE_WITH_KNOTS('',3,(#2097,#2098,#2099,#2100,#2101),
 .UNSPECIFIED.,.F.,.F.,(4,1,4),(0.,0.00159164365413801,0.00318328730827601),
 .UNSPECIFIED.);
#79=B_SPLINE_CURVE_WITH_KNOTS('',3,(#2105,#2106,#2107,#2108,#2109),
 .UNSPECIFIED.,.F.,.F.,(4,1,4),(0.,0.00159165151154619,0.00318330302309237),
 .UNSPECIFIED.);
#80=B_SPLINE_CURVE_WITH_KNOTS('',3,(#2114,#2115,#2116,#2117,#2118),
 .UNSPECIFIED.,.F.,.F.,(4,1,4),(4.33680868994202E-19,0.00158587704644064,
0.00317175409288127),.UNSPECIFIED.);
#81=B_SPLINE_CURVE_WITH_KNOTS('',3,(#2128,#2129,#2130,#2131,#2132),
 .UNSPECIFIED.,.F.,.F.,(4,1,4),(0.,0.00165235522817566,0.00330471045635132),
 .UNSPECIFIED.);
#82=B_SPLINE_CURVE_WITH_KNOTS('',3,(#2134,#2135,#2136,#2137,#2138),
 .UNSPECIFIED.,.F.,.F.,(4,1,4),(0.000429251756284705,0.00178009092443624,
0.00313093009258778),.UNSPECIFIED.);
#83=LINE('',#1950,#179);
#84=LINE('',#1954,#180);
#85=LINE('',#1959,#181);
#86=LINE('',#1963,#182);
#87=LINE('',#1972,#183);
#88=LINE('',#1980,#184);
#89=LINE('',#1986,#185);
#90=LINE('',#2006,#186);
#91=LINE('',#2008,#187);
#92=LINE('',#2010,#188);
#93=LINE('',#2011,#189);
#94=LINE('',#2013,#190);
#95=LINE('',#2024,#191);
#96=LINE('',#2032,#192);
#97=LINE('',#2038,#193);
#98=LINE('',#2052,#194);
#99=LINE('',#2056,#195);
#100=LINE('',#2060,#196);
#101=LINE('',#2061,#197);
#102=LINE('',#2075,#198);
#103=LINE('',#2083,#199);
#104=LINE('',#2089,#200);
#105=LINE('',#2103,#201);
#106=LINE('',#2112,#202);
#107=LINE('',#2120,#203);
#108=LINE('',#2124,#204);
#109=LINE('',#2144,#205);
#110=LINE('',#2148,#206);
#111=LINE('',#2150,#207);
#112=LINE('',#2151,#208);
#113=LINE('',#2153,#209);
#114=LINE('',#2157,#210);
#115=LINE('',#2159,#211);
#116=LINE('',#2161,#212);
#117=LINE('',#2169,#213);
#118=LINE('',#2171,#214);
#119=LINE('',#2173,#215);
#120=LINE('',#2177,#216);
#121=LINE('',#2179,#217);
#122=LINE('',#2181,#218);
#123=LINE('',#2185,#219);
#124=LINE('',#2187,#220);
#125=LINE('',#2189,#221);
#126=LINE('',#2193,#222);
#127=LINE('',#2195,#223);
#128=LINE('',#2197,#224);
#129=LINE('',#2209,#225);
#130=LINE('',#2213,#226);
#131=LINE('',#2217,#227);
#132=LINE('',#2221,#228);
#133=LINE('',#2225,#229);
#134=LINE('',#2229,#230);
#135=LINE('',#2233,#231);
#136=LINE('',#2237,#232);
#137=LINE('',#2250,#233);
#138=LINE('',#2254,#234);
#139=LINE('',#2258,#235);
#140=LINE('',#2262,#236);
#141=LINE('',#2266,#237);
#142=LINE('',#2270,#238);
#143=LINE('',#2278,#239);
#144=LINE('',#2279,#240);
#145=LINE('',#2281,#241);
#146=LINE('',#2282,#242);
#147=LINE('',#2284,#243);
#148=LINE('',#2285,#244);
#149=LINE('',#2287,#245);
#150=LINE('',#2288,#246);
#151=LINE('',#2293,#247);
#152=LINE('',#2294,#248);
#153=LINE('',#2299,#249);
#154=LINE('',#2300,#250);
#155=LINE('',#2305,#251);
#156=LINE('',#2310,#252);
#157=LINE('',#2317,#253);
#158=LINE('',#2321,#254);
#159=LINE('',#2328,#255);
#160=LINE('',#2333,#256);
#161=LINE('',#2343,#257);
#162=LINE('',#2347,#258);
#163=LINE('',#2348,#259);
#164=LINE('',#2352,#260);
#165=LINE('',#2353,#261);
#166=LINE('',#2357,#262);
#167=LINE('',#2359,#263);
#168=LINE('',#2363,#264);
#169=LINE('',#2364,#265);
#170=LINE('',#2368,#266);
#171=LINE('',#2369,#267);
#172=LINE('',#2373,#268);
#173=LINE('',#2384,#269);
#174=LINE('',#2386,#270);
#175=LINE('',#2392,#271);
#176=LINE('',#2394,#272);
#177=LINE('',#2397,#273);
#178=LINE('',#2398,#274);
#179=VECTOR('',#1547,1000.);
#180=VECTOR('',#1550,1000.);
#181=VECTOR('',#1555,1000.);
#182=VECTOR('',#1558,1000.);
#183=VECTOR('',#1561,1000.);
#184=VECTOR('',#1562,1000.);
#185=VECTOR('',#1569,1000.);
#186=VECTOR('',#1580,1000.);
#187=VECTOR('',#1583,1000.);
#188=VECTOR('',#1584,1000.);
#189=VECTOR('',#1585,1000.);
#190=VECTOR('',#1588,1000.);
#191=VECTOR('',#1593,1000.);
#192=VECTOR('',#1594,1000.);
#193=VECTOR('',#1601,1000.);
#194=VECTOR('',#1604,1000.);
#195=VECTOR('',#1609,1000.);
#196=VECTOR('',#1614,1000.);
#197=VECTOR('',#1615,1000.);
#198=VECTOR('',#1626,1000.);
#199=VECTOR('',#1627,1000.);
#200=VECTOR('',#1634,1000.);
#201=VECTOR('',#1637,1000.);
#202=VECTOR('',#1640,1000.);
#203=VECTOR('',#1641,1000.);
#204=VECTOR('',#1646,1000.);
#205=VECTOR('',#1657,1000.);
#206=VECTOR('',#1662,1000.);
#207=VECTOR('',#1663,1000.);
#208=VECTOR('',#1664,1000.);
#209=VECTOR('',#1667,1000.);
#210=VECTOR('',#1672,1000.);
#211=VECTOR('',#1673,1000.);
#212=VECTOR('',#1674,1000.);
#213=VECTOR('',#1687,1000.);
#214=VECTOR('',#1688,1000.);
#215=VECTOR('',#1689,1000.);
#216=VECTOR('',#1694,1000.);
#217=VECTOR('',#1697,1000.);
#218=VECTOR('',#1698,1000.);
#219=VECTOR('',#1703,1000.);
#220=VECTOR('',#1706,1000.);
#221=VECTOR('',#1707,1000.);
#222=VECTOR('',#1712,1000.);
#223=VECTOR('',#1715,1000.);
#224=VECTOR('',#1716,1000.);
#225=VECTOR('',#1733,1000.);
#226=VECTOR('',#1736,1000.);
#227=VECTOR('',#1741,1000.);
#228=VECTOR('',#1744,1000.);
#229=VECTOR('',#1747,1000.);
#230=VECTOR('',#1750,1000.);
#231=VECTOR('',#1753,1000.);
#232=VECTOR('',#1756,1000.);
#233=VECTOR('',#1769,1000.);
#234=VECTOR('',#1772,1000.);
#235=VECTOR('',#1775,1000.);
#236=VECTOR('',#1778,1000.);
#237=VECTOR('',#1781,1000.);
#238=VECTOR('',#1784,1000.);
#239=VECTOR('',#1793,1000.);
#240=VECTOR('',#1794,1000.);
#241=VECTOR('',#1797,1000.);
#242=VECTOR('',#1798,1000.);
#243=VECTOR('',#1801,1000.);
#244=VECTOR('',#1802,1000.);
#245=VECTOR('',#1805,1000.);
#246=VECTOR('',#1806,1000.);
#247=VECTOR('',#1815,1000.);
#248=VECTOR('',#1816,1000.);
#249=VECTOR('',#1825,1000.);
#250=VECTOR('',#1826,1000.);
#251=VECTOR('',#1835,1000.);
#252=VECTOR('',#1838,1000.);
#253=VECTOR('',#1845,1000.);
#254=VECTOR('',#1848,1000.);
#255=VECTOR('',#1857,1000.);
#256=VECTOR('',#1860,1000.);
#257=VECTOR('',#1871,1000.);
#258=VECTOR('',#1874,1000.);
#259=VECTOR('',#1875,1000.);
#260=VECTOR('',#1878,1000.);
#261=VECTOR('',#1879,1000.);
#262=VECTOR('',#1882,1000.);
#263=VECTOR('',#1885,1000.);
#264=VECTOR('',#1888,1000.);
#265=VECTOR('',#1889,1000.);
#266=VECTOR('',#1892,1000.);
#267=VECTOR('',#1893,1000.);
#268=VECTOR('',#1896,1000.);
#269=VECTOR('',#1909,1000.);
#270=VECTOR('',#1912,1000.);
#271=VECTOR('',#1921,1000.);
#272=VECTOR('',#1924,1000.);
#273=VECTOR('',#1929,1000.);
#274=VECTOR('',#1930,1000.);
#275=ORIENTED_EDGE('',*,*,#655,.F.);
#276=ORIENTED_EDGE('',*,*,#656,.F.);
#277=ORIENTED_EDGE('',*,*,#657,.F.);
#278=ORIENTED_EDGE('',*,*,#658,.T.);
#279=ORIENTED_EDGE('',*,*,#659,.F.);
#280=ORIENTED_EDGE('',*,*,#660,.F.);
#281=ORIENTED_EDGE('',*,*,#661,.F.);
#282=ORIENTED_EDGE('',*,*,#662,.T.);
#283=ORIENTED_EDGE('',*,*,#663,.F.);
#284=ORIENTED_EDGE('',*,*,#664,.F.);
#285=ORIENTED_EDGE('',*,*,#665,.F.);
#286=ORIENTED_EDGE('',*,*,#666,.F.);
#287=ORIENTED_EDGE('',*,*,#667,.T.);
#288=ORIENTED_EDGE('',*,*,#666,.T.);
#289=ORIENTED_EDGE('',*,*,#668,.T.);
#290=ORIENTED_EDGE('',*,*,#669,.T.);
#291=ORIENTED_EDGE('',*,*,#670,.F.);
#292=ORIENTED_EDGE('',*,*,#671,.F.);
#293=ORIENTED_EDGE('',*,*,#669,.F.);
#294=ORIENTED_EDGE('',*,*,#672,.F.);
#295=ORIENTED_EDGE('',*,*,#673,.F.);
#296=ORIENTED_EDGE('',*,*,#670,.T.);
#297=ORIENTED_EDGE('',*,*,#674,.F.);
#298=ORIENTED_EDGE('',*,*,#675,.F.);
#299=ORIENTED_EDGE('',*,*,#675,.T.);
#300=ORIENTED_EDGE('',*,*,#676,.F.);
#301=ORIENTED_EDGE('',*,*,#677,.F.);
#302=ORIENTED_EDGE('',*,*,#656,.T.);
#303=ORIENTED_EDGE('',*,*,#678,.T.);
#304=ORIENTED_EDGE('',*,*,#679,.T.);
#305=ORIENTED_EDGE('',*,*,#657,.T.);
#306=ORIENTED_EDGE('',*,*,#677,.T.);
#307=ORIENTED_EDGE('',*,*,#680,.F.);
#308=ORIENTED_EDGE('',*,*,#681,.F.);
#309=ORIENTED_EDGE('',*,*,#682,.F.);
#310=ORIENTED_EDGE('',*,*,#683,.F.);
#311=ORIENTED_EDGE('',*,*,#684,.F.);
#312=ORIENTED_EDGE('',*,*,#685,.F.);
#313=ORIENTED_EDGE('',*,*,#682,.T.);
#314=ORIENTED_EDGE('',*,*,#686,.F.);
#315=ORIENTED_EDGE('',*,*,#687,.T.);
#316=ORIENTED_EDGE('',*,*,#688,.F.);
#317=ORIENTED_EDGE('',*,*,#687,.F.);
#318=ORIENTED_EDGE('',*,*,#689,.F.);
#319=ORIENTED_EDGE('',*,*,#690,.F.);
#320=ORIENTED_EDGE('',*,*,#691,.T.);
#321=ORIENTED_EDGE('',*,*,#692,.T.);
#322=ORIENTED_EDGE('',*,*,#693,.T.);
#323=ORIENTED_EDGE('',*,*,#690,.T.);
#324=ORIENTED_EDGE('',*,*,#694,.F.);
#325=ORIENTED_EDGE('',*,*,#658,.F.);
#326=ORIENTED_EDGE('',*,*,#679,.F.);
#327=ORIENTED_EDGE('',*,*,#695,.F.);
#328=ORIENTED_EDGE('',*,*,#692,.F.);
#329=ORIENTED_EDGE('',*,*,#696,.T.);
#330=ORIENTED_EDGE('',*,*,#655,.T.);
#331=ORIENTED_EDGE('',*,*,#697,.T.);
#332=ORIENTED_EDGE('',*,*,#659,.T.);
#333=ORIENTED_EDGE('',*,*,#698,.T.);
#334=ORIENTED_EDGE('',*,*,#699,.F.);
#335=ORIENTED_EDGE('',*,*,#700,.F.);
#336=ORIENTED_EDGE('',*,*,#701,.F.);
#337=ORIENTED_EDGE('',*,*,#702,.F.);
#338=ORIENTED_EDGE('',*,*,#703,.F.);
#339=ORIENTED_EDGE('',*,*,#700,.T.);
#340=ORIENTED_EDGE('',*,*,#704,.F.);
#341=ORIENTED_EDGE('',*,*,#705,.T.);
#342=ORIENTED_EDGE('',*,*,#706,.F.);
#343=ORIENTED_EDGE('',*,*,#705,.F.);
#344=ORIENTED_EDGE('',*,*,#707,.F.);
#345=ORIENTED_EDGE('',*,*,#708,.F.);
#346=ORIENTED_EDGE('',*,*,#709,.F.);
#347=ORIENTED_EDGE('',*,*,#710,.F.);
#348=ORIENTED_EDGE('',*,*,#711,.F.);
#349=ORIENTED_EDGE('',*,*,#712,.F.);
#350=ORIENTED_EDGE('',*,*,#713,.F.);
#351=ORIENTED_EDGE('',*,*,#714,.T.);
#352=ORIENTED_EDGE('',*,*,#715,.F.);
#353=ORIENTED_EDGE('',*,*,#710,.T.);
#354=ORIENTED_EDGE('',*,*,#716,.F.);
#355=ORIENTED_EDGE('',*,*,#714,.F.);
#356=ORIENTED_EDGE('',*,*,#717,.F.);
#357=ORIENTED_EDGE('',*,*,#718,.F.);
#358=ORIENTED_EDGE('',*,*,#719,.F.);
#359=ORIENTED_EDGE('',*,*,#720,.F.);
#360=ORIENTED_EDGE('',*,*,#721,.F.);
#361=ORIENTED_EDGE('',*,*,#718,.T.);
#362=ORIENTED_EDGE('',*,*,#720,.T.);
#363=ORIENTED_EDGE('',*,*,#722,.F.);
#364=ORIENTED_EDGE('',*,*,#723,.F.);
#365=ORIENTED_EDGE('',*,*,#660,.T.);
#366=ORIENTED_EDGE('',*,*,#724,.T.);
#367=ORIENTED_EDGE('',*,*,#725,.T.);
#368=ORIENTED_EDGE('',*,*,#661,.T.);
#369=ORIENTED_EDGE('',*,*,#723,.T.);
#370=ORIENTED_EDGE('',*,*,#726,.F.);
#371=ORIENTED_EDGE('',*,*,#727,.F.);
#372=ORIENTED_EDGE('',*,*,#662,.F.);
#373=ORIENTED_EDGE('',*,*,#725,.F.);
#374=ORIENTED_EDGE('',*,*,#728,.F.);
#375=ORIENTED_EDGE('',*,*,#729,.F.);
#376=ORIENTED_EDGE('',*,*,#730,.F.);
#377=ORIENTED_EDGE('',*,*,#729,.T.);
#378=ORIENTED_EDGE('',*,*,#731,.F.);
#379=ORIENTED_EDGE('',*,*,#702,.T.);
#380=ORIENTED_EDGE('',*,*,#732,.F.);
#381=ORIENTED_EDGE('',*,*,#696,.F.);
#382=ORIENTED_EDGE('',*,*,#733,.F.);
#383=ORIENTED_EDGE('',*,*,#708,.T.);
#384=ORIENTED_EDGE('',*,*,#734,.T.);
#385=ORIENTED_EDGE('',*,*,#735,.F.);
#386=ORIENTED_EDGE('',*,*,#698,.F.);
#387=ORIENTED_EDGE('',*,*,#727,.T.);
#388=ORIENTED_EDGE('',*,*,#730,.T.);
#389=ORIENTED_EDGE('',*,*,#701,.T.);
#390=ORIENTED_EDGE('',*,*,#703,.T.);
#391=ORIENTED_EDGE('',*,*,#706,.T.);
#392=ORIENTED_EDGE('',*,*,#733,.T.);
#393=ORIENTED_EDGE('',*,*,#736,.T.);
#394=ORIENTED_EDGE('',*,*,#737,.F.);
#395=ORIENTED_EDGE('',*,*,#663,.T.);
#396=ORIENTED_EDGE('',*,*,#667,.F.);
#397=ORIENTED_EDGE('',*,*,#671,.T.);
#398=ORIENTED_EDGE('',*,*,#673,.T.);
#399=ORIENTED_EDGE('',*,*,#678,.F.);
#400=ORIENTED_EDGE('',*,*,#738,.F.);
#401=ORIENTED_EDGE('',*,*,#664,.T.);
#402=ORIENTED_EDGE('',*,*,#737,.T.);
#403=ORIENTED_EDGE('',*,*,#739,.T.);
#404=ORIENTED_EDGE('',*,*,#693,.F.);
#405=ORIENTED_EDGE('',*,*,#695,.T.);
#406=ORIENTED_EDGE('',*,*,#680,.T.);
#407=ORIENTED_EDGE('',*,*,#676,.T.);
#408=ORIENTED_EDGE('',*,*,#674,.T.);
#409=ORIENTED_EDGE('',*,*,#672,.T.);
#410=ORIENTED_EDGE('',*,*,#668,.F.);
#411=ORIENTED_EDGE('',*,*,#665,.T.);
#412=ORIENTED_EDGE('',*,*,#738,.T.);
#413=ORIENTED_EDGE('',*,*,#740,.T.);
#414=ORIENTED_EDGE('',*,*,#741,.F.);
#415=ORIENTED_EDGE('',*,*,#683,.T.);
#416=ORIENTED_EDGE('',*,*,#685,.T.);
#417=ORIENTED_EDGE('',*,*,#688,.T.);
#418=ORIENTED_EDGE('',*,*,#742,.F.);
#419=ORIENTED_EDGE('',*,*,#684,.T.);
#420=ORIENTED_EDGE('',*,*,#741,.T.);
#421=ORIENTED_EDGE('',*,*,#743,.T.);
#422=ORIENTED_EDGE('',*,*,#724,.F.);
#423=ORIENTED_EDGE('',*,*,#697,.F.);
#424=ORIENTED_EDGE('',*,*,#694,.T.);
#425=ORIENTED_EDGE('',*,*,#691,.F.);
#426=ORIENTED_EDGE('',*,*,#689,.T.);
#427=ORIENTED_EDGE('',*,*,#686,.T.);
#428=ORIENTED_EDGE('',*,*,#681,.T.);
#429=ORIENTED_EDGE('',*,*,#742,.T.);
#430=ORIENTED_EDGE('',*,*,#744,.T.);
#431=ORIENTED_EDGE('',*,*,#745,.F.);
#432=ORIENTED_EDGE('',*,*,#711,.T.);
#433=ORIENTED_EDGE('',*,*,#715,.T.);
#434=ORIENTED_EDGE('',*,*,#716,.T.);
#435=ORIENTED_EDGE('',*,*,#721,.T.);
#436=ORIENTED_EDGE('',*,*,#746,.F.);
#437=ORIENTED_EDGE('',*,*,#712,.T.);
#438=ORIENTED_EDGE('',*,*,#745,.T.);
#439=ORIENTED_EDGE('',*,*,#747,.F.);
#440=ORIENTED_EDGE('',*,*,#731,.T.);
#441=ORIENTED_EDGE('',*,*,#728,.T.);
#442=ORIENTED_EDGE('',*,*,#726,.T.);
#443=ORIENTED_EDGE('',*,*,#722,.T.);
#444=ORIENTED_EDGE('',*,*,#719,.T.);
#445=ORIENTED_EDGE('',*,*,#717,.T.);
#446=ORIENTED_EDGE('',*,*,#713,.T.);
#447=ORIENTED_EDGE('',*,*,#709,.T.);
#448=ORIENTED_EDGE('',*,*,#746,.T.);
#449=ORIENTED_EDGE('',*,*,#748,.F.);
#450=ORIENTED_EDGE('',*,*,#734,.F.);
#451=ORIENTED_EDGE('',*,*,#707,.T.);
#452=ORIENTED_EDGE('',*,*,#704,.T.);
#453=ORIENTED_EDGE('',*,*,#699,.T.);
#454=ORIENTED_EDGE('',*,*,#732,.T.);
#455=ORIENTED_EDGE('',*,*,#749,.F.);
#456=ORIENTED_EDGE('',*,*,#750,.F.);
#457=ORIENTED_EDGE('',*,*,#751,.F.);
#458=ORIENTED_EDGE('',*,*,#751,.T.);
#459=ORIENTED_EDGE('',*,*,#752,.T.);
#460=ORIENTED_EDGE('',*,*,#753,.F.);
#461=ORIENTED_EDGE('',*,*,#754,.T.);
#462=ORIENTED_EDGE('',*,*,#755,.T.);
#463=ORIENTED_EDGE('',*,*,#756,.T.);
#464=ORIENTED_EDGE('',*,*,#757,.T.);
#465=ORIENTED_EDGE('',*,*,#758,.T.);
#466=ORIENTED_EDGE('',*,*,#759,.T.);
#467=ORIENTED_EDGE('',*,*,#760,.T.);
#468=ORIENTED_EDGE('',*,*,#761,.T.);
#469=ORIENTED_EDGE('',*,*,#762,.T.);
#470=ORIENTED_EDGE('',*,*,#763,.T.);
#471=ORIENTED_EDGE('',*,*,#764,.T.);
#472=ORIENTED_EDGE('',*,*,#765,.T.);
#473=ORIENTED_EDGE('',*,*,#766,.T.);
#474=ORIENTED_EDGE('',*,*,#767,.T.);
#475=ORIENTED_EDGE('',*,*,#753,.T.);
#476=ORIENTED_EDGE('',*,*,#748,.T.);
#477=ORIENTED_EDGE('',*,*,#747,.T.);
#478=ORIENTED_EDGE('',*,*,#744,.F.);
#479=ORIENTED_EDGE('',*,*,#743,.F.);
#480=ORIENTED_EDGE('',*,*,#740,.F.);
#481=ORIENTED_EDGE('',*,*,#739,.F.);
#482=ORIENTED_EDGE('',*,*,#736,.F.);
#483=ORIENTED_EDGE('',*,*,#735,.T.);
#484=ORIENTED_EDGE('',*,*,#768,.F.);
#485=ORIENTED_EDGE('',*,*,#769,.F.);
#486=ORIENTED_EDGE('',*,*,#770,.F.);
#487=ORIENTED_EDGE('',*,*,#749,.T.);
#488=ORIENTED_EDGE('',*,*,#771,.F.);
#489=ORIENTED_EDGE('',*,*,#772,.F.);
#490=ORIENTED_EDGE('',*,*,#773,.F.);
#491=ORIENTED_EDGE('',*,*,#774,.F.);
#492=ORIENTED_EDGE('',*,*,#775,.F.);
#493=ORIENTED_EDGE('',*,*,#776,.F.);
#494=ORIENTED_EDGE('',*,*,#777,.F.);
#495=ORIENTED_EDGE('',*,*,#778,.F.);
#496=ORIENTED_EDGE('',*,*,#779,.F.);
#497=ORIENTED_EDGE('',*,*,#780,.F.);
#498=ORIENTED_EDGE('',*,*,#781,.F.);
#499=ORIENTED_EDGE('',*,*,#782,.F.);
#500=ORIENTED_EDGE('',*,*,#783,.T.);
#501=ORIENTED_EDGE('',*,*,#784,.T.);
#502=ORIENTED_EDGE('',*,*,#785,.T.);
#503=ORIENTED_EDGE('',*,*,#786,.F.);
#504=ORIENTED_EDGE('',*,*,#779,.T.);
#505=ORIENTED_EDGE('',*,*,#787,.T.);
#506=ORIENTED_EDGE('',*,*,#759,.F.);
#507=ORIENTED_EDGE('',*,*,#775,.T.);
#508=ORIENTED_EDGE('',*,*,#788,.T.);
#509=ORIENTED_EDGE('',*,*,#763,.F.);
#510=ORIENTED_EDGE('',*,*,#789,.F.);
#511=ORIENTED_EDGE('',*,*,#790,.F.);
#512=ORIENTED_EDGE('',*,*,#771,.T.);
#513=ORIENTED_EDGE('',*,*,#791,.T.);
#514=ORIENTED_EDGE('',*,*,#755,.F.);
#515=ORIENTED_EDGE('',*,*,#752,.F.);
#516=ORIENTED_EDGE('',*,*,#750,.T.);
#517=ORIENTED_EDGE('',*,*,#754,.F.);
#518=ORIENTED_EDGE('',*,*,#767,.F.);
#519=ORIENTED_EDGE('',*,*,#761,.F.);
#520=ORIENTED_EDGE('',*,*,#792,.F.);
#521=ORIENTED_EDGE('',*,*,#777,.T.);
#522=ORIENTED_EDGE('',*,*,#793,.T.);
#523=ORIENTED_EDGE('',*,*,#762,.F.);
#524=ORIENTED_EDGE('',*,*,#793,.F.);
#525=ORIENTED_EDGE('',*,*,#776,.T.);
#526=ORIENTED_EDGE('',*,*,#789,.T.);
#527=ORIENTED_EDGE('',*,*,#769,.T.);
#528=ORIENTED_EDGE('',*,*,#785,.F.);
#529=ORIENTED_EDGE('',*,*,#760,.F.);
#530=ORIENTED_EDGE('',*,*,#787,.F.);
#531=ORIENTED_EDGE('',*,*,#778,.T.);
#532=ORIENTED_EDGE('',*,*,#792,.T.);
#533=ORIENTED_EDGE('',*,*,#757,.F.);
#534=ORIENTED_EDGE('',*,*,#794,.F.);
#535=ORIENTED_EDGE('',*,*,#781,.T.);
#536=ORIENTED_EDGE('',*,*,#795,.T.);
#537=ORIENTED_EDGE('',*,*,#758,.F.);
#538=ORIENTED_EDGE('',*,*,#795,.F.);
#539=ORIENTED_EDGE('',*,*,#780,.T.);
#540=ORIENTED_EDGE('',*,*,#786,.T.);
#541=ORIENTED_EDGE('',*,*,#768,.T.);
#542=ORIENTED_EDGE('',*,*,#784,.F.);
#543=ORIENTED_EDGE('',*,*,#756,.F.);
#544=ORIENTED_EDGE('',*,*,#791,.F.);
#545=ORIENTED_EDGE('',*,*,#782,.T.);
#546=ORIENTED_EDGE('',*,*,#794,.T.);
#547=ORIENTED_EDGE('',*,*,#765,.F.);
#548=ORIENTED_EDGE('',*,*,#796,.F.);
#549=ORIENTED_EDGE('',*,*,#773,.T.);
#550=ORIENTED_EDGE('',*,*,#797,.T.);
#551=ORIENTED_EDGE('',*,*,#766,.F.);
#552=ORIENTED_EDGE('',*,*,#797,.F.);
#553=ORIENTED_EDGE('',*,*,#772,.T.);
#554=ORIENTED_EDGE('',*,*,#790,.T.);
#555=ORIENTED_EDGE('',*,*,#770,.T.);
#556=ORIENTED_EDGE('',*,*,#783,.F.);
#557=ORIENTED_EDGE('',*,*,#764,.F.);
#558=ORIENTED_EDGE('',*,*,#788,.F.);
#559=ORIENTED_EDGE('',*,*,#774,.T.);
#560=ORIENTED_EDGE('',*,*,#796,.T.);
#561=ORIENTED_EDGE('',*,*,#798,.F.);
#562=ORIENTED_EDGE('',*,*,#799,.F.);
#563=ORIENTED_EDGE('',*,*,#800,.T.);
#564=ORIENTED_EDGE('',*,*,#801,.T.);
#565=ORIENTED_EDGE('',*,*,#802,.F.);
#566=ORIENTED_EDGE('',*,*,#803,.T.);
#567=ORIENTED_EDGE('',*,*,#804,.T.);
#568=ORIENTED_EDGE('',*,*,#805,.F.);
#569=ORIENTED_EDGE('',*,*,#806,.F.);
#570=ORIENTED_EDGE('',*,*,#807,.T.);
#571=ORIENTED_EDGE('',*,*,#808,.F.);
#572=ORIENTED_EDGE('',*,*,#809,.F.);
#573=ORIENTED_EDGE('',*,*,#810,.T.);
#574=ORIENTED_EDGE('',*,*,#811,.T.);
#575=ORIENTED_EDGE('',*,*,#812,.T.);
#576=ORIENTED_EDGE('',*,*,#813,.T.);
#577=ORIENTED_EDGE('',*,*,#814,.T.);
#578=ORIENTED_EDGE('',*,*,#807,.F.);
#579=ORIENTED_EDGE('',*,*,#804,.F.);
#580=ORIENTED_EDGE('',*,*,#815,.F.);
#581=ORIENTED_EDGE('',*,*,#816,.F.);
#582=ORIENTED_EDGE('',*,*,#817,.F.);
#583=ORIENTED_EDGE('',*,*,#811,.F.);
#584=ORIENTED_EDGE('',*,*,#818,.F.);
#585=ORIENTED_EDGE('',*,*,#819,.F.);
#586=ORIENTED_EDGE('',*,*,#820,.F.);
#587=ORIENTED_EDGE('',*,*,#801,.F.);
#588=ORIENTED_EDGE('',*,*,#821,.F.);
#589=ORIENTED_EDGE('',*,*,#822,.F.);
#590=ORIENTED_EDGE('',*,*,#823,.F.);
#591=ORIENTED_EDGE('',*,*,#806,.T.);
#592=ORIENTED_EDGE('',*,*,#802,.T.);
#593=ORIENTED_EDGE('',*,*,#824,.T.);
#594=ORIENTED_EDGE('',*,*,#825,.T.);
#595=ORIENTED_EDGE('',*,*,#826,.T.);
#596=ORIENTED_EDGE('',*,*,#799,.T.);
#597=ORIENTED_EDGE('',*,*,#827,.T.);
#598=ORIENTED_EDGE('',*,*,#828,.T.);
#599=ORIENTED_EDGE('',*,*,#829,.T.);
#600=ORIENTED_EDGE('',*,*,#809,.T.);
#601=ORIENTED_EDGE('',*,*,#830,.T.);
#602=ORIENTED_EDGE('',*,*,#831,.T.);
#603=ORIENTED_EDGE('',*,*,#832,.T.);
#604=ORIENTED_EDGE('',*,*,#833,.F.);
#605=ORIENTED_EDGE('',*,*,#834,.F.);
#606=ORIENTED_EDGE('',*,*,#835,.F.);
#607=ORIENTED_EDGE('',*,*,#836,.T.);
#608=ORIENTED_EDGE('',*,*,#834,.T.);
#609=ORIENTED_EDGE('',*,*,#820,.T.);
#610=ORIENTED_EDGE('',*,*,#837,.F.);
#611=ORIENTED_EDGE('',*,*,#827,.F.);
#612=ORIENTED_EDGE('',*,*,#798,.T.);
#613=ORIENTED_EDGE('',*,*,#819,.T.);
#614=ORIENTED_EDGE('',*,*,#838,.F.);
#615=ORIENTED_EDGE('',*,*,#828,.F.);
#616=ORIENTED_EDGE('',*,*,#837,.T.);
#617=ORIENTED_EDGE('',*,*,#818,.T.);
#618=ORIENTED_EDGE('',*,*,#810,.F.);
#619=ORIENTED_EDGE('',*,*,#829,.F.);
#620=ORIENTED_EDGE('',*,*,#838,.T.);
#621=ORIENTED_EDGE('',*,*,#839,.T.);
#622=ORIENTED_EDGE('',*,*,#833,.T.);
#623=ORIENTED_EDGE('',*,*,#823,.T.);
#624=ORIENTED_EDGE('',*,*,#840,.F.);
#625=ORIENTED_EDGE('',*,*,#824,.F.);
#626=ORIENTED_EDGE('',*,*,#805,.T.);
#627=ORIENTED_EDGE('',*,*,#822,.T.);
#628=ORIENTED_EDGE('',*,*,#841,.F.);
#629=ORIENTED_EDGE('',*,*,#825,.F.);
#630=ORIENTED_EDGE('',*,*,#840,.T.);
#631=ORIENTED_EDGE('',*,*,#821,.T.);
#632=ORIENTED_EDGE('',*,*,#800,.F.);
#633=ORIENTED_EDGE('',*,*,#826,.F.);
#634=ORIENTED_EDGE('',*,*,#841,.T.);
#635=ORIENTED_EDGE('',*,*,#816,.T.);
#636=ORIENTED_EDGE('',*,*,#842,.F.);
#637=ORIENTED_EDGE('',*,*,#831,.F.);
#638=ORIENTED_EDGE('',*,*,#843,.T.);
#639=ORIENTED_EDGE('',*,*,#815,.T.);
#640=ORIENTED_EDGE('',*,*,#803,.F.);
#641=ORIENTED_EDGE('',*,*,#832,.F.);
#642=ORIENTED_EDGE('',*,*,#842,.T.);
#643=ORIENTED_EDGE('',*,*,#817,.T.);
#644=ORIENTED_EDGE('',*,*,#843,.F.);
#645=ORIENTED_EDGE('',*,*,#830,.F.);
#646=ORIENTED_EDGE('',*,*,#808,.T.);
#647=ORIENTED_EDGE('',*,*,#844,.T.);
#648=ORIENTED_EDGE('',*,*,#835,.T.);
#649=ORIENTED_EDGE('',*,*,#836,.F.);
#650=ORIENTED_EDGE('',*,*,#812,.F.);
#651=ORIENTED_EDGE('',*,*,#839,.F.);
#652=ORIENTED_EDGE('',*,*,#813,.F.);
#653=ORIENTED_EDGE('',*,*,#844,.F.);
#654=ORIENTED_EDGE('',*,*,#814,.F.);
#655=EDGE_CURVE('',#845,#846,#977,.T.);
#656=EDGE_CURVE('',#847,#845,#83,.T.);
#657=EDGE_CURVE('',#848,#847,#978,.T.);
#658=EDGE_CURVE('',#848,#846,#84,.T.);
#659=EDGE_CURVE('',#849,#850,#979,.T.);
#660=EDGE_CURVE('',#851,#849,#85,.T.);
#661=EDGE_CURVE('',#852,#851,#980,.T.);
#662=EDGE_CURVE('',#852,#850,#86,.T.);
#663=EDGE_CURVE('',#853,#854,#67,.T.);
#664=EDGE_CURVE('',#855,#853,#87,.F.);
#665=EDGE_CURVE('',#856,#855,#68,.T.);
#666=EDGE_CURVE('',#854,#856,#88,.T.);
#667=EDGE_CURVE('',#857,#854,#981,.T.);
#668=EDGE_CURVE('',#856,#858,#982,.T.);
#669=EDGE_CURVE('',#858,#857,#89,.T.);
#670=EDGE_CURVE('',#859,#860,#25,.T.);
#671=EDGE_CURVE('',#857,#859,#69,.T.);
#672=EDGE_CURVE('',#860,#858,#70,.T.);
#673=EDGE_CURVE('',#859,#861,#26,.T.);
#674=EDGE_CURVE('',#862,#860,#27,.F.);
#675=EDGE_CURVE('',#861,#862,#90,.T.);
#676=EDGE_CURVE('',#863,#862,#91,.T.);
#677=EDGE_CURVE('',#847,#863,#92,.T.);
#678=EDGE_CURVE('',#845,#861,#93,.T.);
#679=EDGE_CURVE('',#864,#848,#94,.T.);
#680=EDGE_CURVE('',#864,#863,#983,.T.);
#681=EDGE_CURVE('',#865,#866,#71,.T.);
#682=EDGE_CURVE('',#867,#865,#95,.F.);
#683=EDGE_CURVE('',#868,#867,#72,.T.);
#684=EDGE_CURVE('',#866,#868,#96,.T.);
#685=EDGE_CURVE('',#867,#869,#984,.T.);
#686=EDGE_CURVE('',#870,#865,#985,.T.);
#687=EDGE_CURVE('',#870,#869,#97,.F.);
#688=EDGE_CURVE('',#869,#871,#73,.T.);
#689=EDGE_CURVE('',#872,#870,#74,.T.);
#690=EDGE_CURVE('',#871,#872,#98,.T.);
#691=EDGE_CURVE('',#872,#873,#986,.T.);
#692=EDGE_CURVE('',#873,#874,#99,.T.);
#693=EDGE_CURVE('',#874,#871,#987,.T.);
#694=EDGE_CURVE('',#846,#873,#100,.T.);
#695=EDGE_CURVE('',#874,#864,#101,.T.);
#696=EDGE_CURVE('',#875,#875,#988,.F.);
#697=EDGE_CURVE('',#846,#849,#989,.T.);
#698=EDGE_CURVE('',#850,#845,#990,.T.);
#699=EDGE_CURVE('',#876,#877,#75,.T.);
#700=EDGE_CURVE('',#878,#876,#102,.F.);
#701=EDGE_CURVE('',#879,#878,#76,.T.);
#702=EDGE_CURVE('',#877,#879,#103,.T.);
#703=EDGE_CURVE('',#878,#880,#991,.T.);
#704=EDGE_CURVE('',#881,#876,#992,.T.);
#705=EDGE_CURVE('',#881,#880,#104,.F.);
#706=EDGE_CURVE('',#880,#882,#77,.T.);
#707=EDGE_CURVE('',#883,#881,#78,.T.);
#708=EDGE_CURVE('',#882,#883,#105,.T.);
#709=EDGE_CURVE('',#884,#885,#79,.T.);
#710=EDGE_CURVE('',#886,#884,#106,.F.);
#711=EDGE_CURVE('',#887,#886,#80,.T.);
#712=EDGE_CURVE('',#885,#887,#107,.T.);
#713=EDGE_CURVE('',#888,#884,#993,.T.);
#714=EDGE_CURVE('',#888,#889,#108,.F.);
#715=EDGE_CURVE('',#886,#889,#994,.T.);
#716=EDGE_CURVE('',#889,#890,#81,.T.);
#717=EDGE_CURVE('',#891,#888,#82,.T.);
#718=EDGE_CURVE('',#890,#891,#28,.T.);
#719=EDGE_CURVE('',#892,#891,#29,.F.);
#720=EDGE_CURVE('',#893,#892,#109,.T.);
#721=EDGE_CURVE('',#890,#893,#30,.T.);
#722=EDGE_CURVE('',#894,#892,#110,.T.);
#723=EDGE_CURVE('',#851,#894,#111,.T.);
#724=EDGE_CURVE('',#849,#893,#112,.T.);
#725=EDGE_CURVE('',#895,#852,#113,.T.);
#726=EDGE_CURVE('',#895,#894,#995,.T.);
#727=EDGE_CURVE('',#850,#896,#114,.T.);
#728=EDGE_CURVE('',#897,#895,#115,.T.);
#729=EDGE_CURVE('',#896,#897,#116,.T.);
#730=EDGE_CURVE('',#896,#879,#996,.T.);
#731=EDGE_CURVE('',#877,#897,#997,.T.);
#732=EDGE_CURVE('',#898,#898,#998,.F.);
#733=EDGE_CURVE('',#882,#899,#117,.T.);
#734=EDGE_CURVE('',#883,#900,#118,.T.);
#735=EDGE_CURVE('',#899,#900,#119,.T.);
#736=EDGE_CURVE('',#899,#901,#999,.T.);
#737=EDGE_CURVE('',#853,#901,#120,.T.);
#738=EDGE_CURVE('',#855,#902,#121,.T.);
#739=EDGE_CURVE('',#901,#902,#122,.T.);
#740=EDGE_CURVE('',#902,#903,#1000,.T.);
#741=EDGE_CURVE('',#868,#903,#123,.T.);
#742=EDGE_CURVE('',#866,#904,#124,.T.);
#743=EDGE_CURVE('',#903,#904,#125,.T.);
#744=EDGE_CURVE('',#904,#905,#1001,.T.);
#745=EDGE_CURVE('',#887,#905,#126,.T.);
#746=EDGE_CURVE('',#885,#906,#127,.T.);
#747=EDGE_CURVE('',#906,#905,#128,.T.);
#748=EDGE_CURVE('',#900,#906,#1002,.T.);
#749=EDGE_CURVE('',#907,#907,#1003,.T.);
#750=EDGE_CURVE('',#908,#909,#1004,.F.);
#751=EDGE_CURVE('',#909,#908,#1005,.T.);
#752=EDGE_CURVE('',#908,#910,#129,.T.);
#753=EDGE_CURVE('',#911,#910,#1006,.T.);
#754=EDGE_CURVE('',#911,#909,#130,.F.);
#755=EDGE_CURVE('',#910,#912,#1007,.T.);
#756=EDGE_CURVE('',#912,#913,#131,.T.);
#757=EDGE_CURVE('',#913,#914,#1008,.T.);
#758=EDGE_CURVE('',#914,#915,#132,.T.);
#759=EDGE_CURVE('',#915,#916,#1009,.T.);
#760=EDGE_CURVE('',#916,#917,#133,.T.);
#761=EDGE_CURVE('',#917,#918,#1010,.T.);
#762=EDGE_CURVE('',#918,#919,#134,.T.);
#763=EDGE_CURVE('',#919,#920,#1011,.T.);
#764=EDGE_CURVE('',#920,#921,#135,.T.);
#765=EDGE_CURVE('',#921,#922,#1012,.T.);
#766=EDGE_CURVE('',#922,#923,#136,.T.);
#767=EDGE_CURVE('',#923,#911,#1013,.T.);
#768=EDGE_CURVE('',#924,#924,#1014,.T.);
#769=EDGE_CURVE('',#925,#925,#1015,.T.);
#770=EDGE_CURVE('',#926,#926,#1016,.T.);
#771=EDGE_CURVE('',#927,#928,#1017,.T.);
#772=EDGE_CURVE('',#929,#927,#137,.T.);
#773=EDGE_CURVE('',#930,#929,#1018,.T.);
#774=EDGE_CURVE('',#931,#930,#138,.T.);
#775=EDGE_CURVE('',#932,#931,#1019,.T.);
#776=EDGE_CURVE('',#933,#932,#139,.T.);
#777=EDGE_CURVE('',#934,#933,#1020,.T.);
#778=EDGE_CURVE('',#935,#934,#140,.T.);
#779=EDGE_CURVE('',#936,#935,#1021,.T.);
#780=EDGE_CURVE('',#937,#936,#141,.T.);
#781=EDGE_CURVE('',#938,#937,#1022,.T.);
#782=EDGE_CURVE('',#928,#938,#142,.T.);
#783=EDGE_CURVE('',#939,#939,#1023,.T.);
#784=EDGE_CURVE('',#940,#940,#1024,.T.);
#785=EDGE_CURVE('',#941,#941,#1025,.T.);
#786=EDGE_CURVE('',#936,#915,#143,.T.);
#787=EDGE_CURVE('',#935,#916,#144,.T.);
#788=EDGE_CURVE('',#931,#920,#145,.T.);
#789=EDGE_CURVE('',#932,#919,#146,.T.);
#790=EDGE_CURVE('',#927,#923,#147,.T.);
#791=EDGE_CURVE('',#928,#912,#148,.T.);
#792=EDGE_CURVE('',#934,#917,#149,.T.);
#793=EDGE_CURVE('',#933,#918,#150,.T.);
#794=EDGE_CURVE('',#938,#913,#151,.T.);
#795=EDGE_CURVE('',#937,#914,#152,.T.);
#796=EDGE_CURVE('',#930,#921,#153,.T.);
#797=EDGE_CURVE('',#929,#922,#154,.T.);
#798=EDGE_CURVE('',#942,#943,#155,.T.);
#799=EDGE_CURVE('',#944,#942,#1026,.T.);
#800=EDGE_CURVE('',#944,#945,#156,.T.);
#801=EDGE_CURVE('',#945,#943,#1027,.T.);
#802=EDGE_CURVE('',#946,#947,#1028,.T.);
#803=EDGE_CURVE('',#946,#948,#157,.T.);
#804=EDGE_CURVE('',#948,#949,#1029,.T.);
#805=EDGE_CURVE('',#947,#949,#158,.T.);
#806=EDGE_CURVE('',#950,#950,#1030,.F.);
#807=EDGE_CURVE('',#951,#951,#1031,.F.);
#808=EDGE_CURVE('',#952,#953,#159,.T.);
#809=EDGE_CURVE('',#954,#952,#1032,.T.);
#810=EDGE_CURVE('',#954,#955,#160,.T.);
#811=EDGE_CURVE('',#955,#953,#1033,.T.);
#812=EDGE_CURVE('',#956,#956,#1034,.T.);
#813=EDGE_CURVE('',#957,#957,#1035,.T.);
#814=EDGE_CURVE('',#958,#958,#1036,.T.);
#815=EDGE_CURVE('',#959,#948,#161,.T.);
#816=EDGE_CURVE('',#960,#959,#1037,.T.);
#817=EDGE_CURVE('',#953,#960,#162,.T.);
#818=EDGE_CURVE('',#961,#955,#163,.T.);
#819=EDGE_CURVE('',#962,#961,#1038,.T.);
#820=EDGE_CURVE('',#943,#962,#164,.T.);
#821=EDGE_CURVE('',#963,#945,#165,.T.);
#822=EDGE_CURVE('',#964,#963,#1039,.T.);
#823=EDGE_CURVE('',#949,#964,#166,.T.);
#824=EDGE_CURVE('',#947,#965,#167,.T.);
#825=EDGE_CURVE('',#965,#966,#1040,.T.);
#826=EDGE_CURVE('',#966,#944,#168,.T.);
#827=EDGE_CURVE('',#942,#967,#169,.T.);
#828=EDGE_CURVE('',#967,#968,#1041,.T.);
#829=EDGE_CURVE('',#968,#954,#170,.T.);
#830=EDGE_CURVE('',#952,#969,#171,.T.);
#831=EDGE_CURVE('',#969,#970,#1042,.T.);
#832=EDGE_CURVE('',#970,#946,#172,.T.);
#833=EDGE_CURVE('',#971,#971,#1043,.T.);
#834=EDGE_CURVE('',#972,#972,#1044,.T.);
#835=EDGE_CURVE('',#973,#973,#1045,.T.);
#836=EDGE_CURVE('',#974,#974,#1046,.F.);
#837=EDGE_CURVE('',#967,#962,#173,.T.);
#838=EDGE_CURVE('',#968,#961,#174,.T.);
#839=EDGE_CURVE('',#975,#975,#1047,.F.);
#840=EDGE_CURVE('',#965,#964,#175,.T.);
#841=EDGE_CURVE('',#966,#963,#176,.T.);
#842=EDGE_CURVE('',#970,#959,#177,.T.);
#843=EDGE_CURVE('',#969,#960,#178,.T.);
#844=EDGE_CURVE('',#976,#976,#1048,.F.);
#845=VERTEX_POINT('',#1948);
#846=VERTEX_POINT('',#1949);
#847=VERTEX_POINT('',#1951);
#848=VERTEX_POINT('',#1953);
#849=VERTEX_POINT('',#1957);
#850=VERTEX_POINT('',#1958);
#851=VERTEX_POINT('',#1960);
#852=VERTEX_POINT('',#1962);
#853=VERTEX_POINT('',#1970);
#854=VERTEX_POINT('',#1971);
#855=VERTEX_POINT('',#1973);
#856=VERTEX_POINT('',#1979);
#857=VERTEX_POINT('',#1983);
#858=VERTEX_POINT('',#1985);
#859=VERTEX_POINT('',#1989);
#860=VERTEX_POINT('',#1990);
#861=VERTEX_POINT('',#2003);
#862=VERTEX_POINT('',#2005);
#863=VERTEX_POINT('',#2009);
#864=VERTEX_POINT('',#2014);
#865=VERTEX_POINT('',#2022);
#866=VERTEX_POINT('',#2023);
#867=VERTEX_POINT('',#2025);
#868=VERTEX_POINT('',#2031);
#869=VERTEX_POINT('',#2035);
#870=VERTEX_POINT('',#2037);
#871=VERTEX_POINT('',#2045);
#872=VERTEX_POINT('',#2051);
#873=VERTEX_POINT('',#2055);
#874=VERTEX_POINT('',#2057);
#875=VERTEX_POINT('',#2064);
#876=VERTEX_POINT('',#2073);
#877=VERTEX_POINT('',#2074);
#878=VERTEX_POINT('',#2076);
#879=VERTEX_POINT('',#2082);
#880=VERTEX_POINT('',#2086);
#881=VERTEX_POINT('',#2088);
#882=VERTEX_POINT('',#2096);
#883=VERTEX_POINT('',#2102);
#884=VERTEX_POINT('',#2110);
#885=VERTEX_POINT('',#2111);
#886=VERTEX_POINT('',#2113);
#887=VERTEX_POINT('',#2119);
#888=VERTEX_POINT('',#2123);
#889=VERTEX_POINT('',#2125);
#890=VERTEX_POINT('',#2133);
#891=VERTEX_POINT('',#2139);
#892=VERTEX_POINT('',#2143);
#893=VERTEX_POINT('',#2145);
#894=VERTEX_POINT('',#2149);
#895=VERTEX_POINT('',#2154);
#896=VERTEX_POINT('',#2158);
#897=VERTEX_POINT('',#2160);
#898=VERTEX_POINT('',#2167);
#899=VERTEX_POINT('',#2170);
#900=VERTEX_POINT('',#2172);
#901=VERTEX_POINT('',#2176);
#902=VERTEX_POINT('',#2180);
#903=VERTEX_POINT('',#2184);
#904=VERTEX_POINT('',#2188);
#905=VERTEX_POINT('',#2192);
#906=VERTEX_POINT('',#2196);
#907=VERTEX_POINT('',#2202);
#908=VERTEX_POINT('',#2205);
#909=VERTEX_POINT('',#2206);
#910=VERTEX_POINT('',#2210);
#911=VERTEX_POINT('',#2212);
#912=VERTEX_POINT('',#2216);
#913=VERTEX_POINT('',#2218);
#914=VERTEX_POINT('',#2220);
#915=VERTEX_POINT('',#2222);
#916=VERTEX_POINT('',#2224);
#917=VERTEX_POINT('',#2226);
#918=VERTEX_POINT('',#2228);
#919=VERTEX_POINT('',#2230);
#920=VERTEX_POINT('',#2232);
#921=VERTEX_POINT('',#2234);
#922=VERTEX_POINT('',#2236);
#923=VERTEX_POINT('',#2238);
#924=VERTEX_POINT('',#2241);
#925=VERTEX_POINT('',#2243);
#926=VERTEX_POINT('',#2245);
#927=VERTEX_POINT('',#2248);
#928=VERTEX_POINT('',#2249);
#929=VERTEX_POINT('',#2251);
#930=VERTEX_POINT('',#2253);
#931=VERTEX_POINT('',#2255);
#932=VERTEX_POINT('',#2257);
#933=VERTEX_POINT('',#2259);
#934=VERTEX_POINT('',#2261);
#935=VERTEX_POINT('',#2263);
#936=VERTEX_POINT('',#2265);
#937=VERTEX_POINT('',#2267);
#938=VERTEX_POINT('',#2269);
#939=VERTEX_POINT('',#2272);
#940=VERTEX_POINT('',#2274);
#941=VERTEX_POINT('',#2276);
#942=VERTEX_POINT('',#2306);
#943=VERTEX_POINT('',#2307);
#944=VERTEX_POINT('',#2309);
#945=VERTEX_POINT('',#2311);
#946=VERTEX_POINT('',#2315);
#947=VERTEX_POINT('',#2316);
#948=VERTEX_POINT('',#2318);
#949=VERTEX_POINT('',#2320);
#950=VERTEX_POINT('',#2324);
#951=VERTEX_POINT('',#2326);
#952=VERTEX_POINT('',#2329);
#953=VERTEX_POINT('',#2330);
#954=VERTEX_POINT('',#2332);
#955=VERTEX_POINT('',#2334);
#956=VERTEX_POINT('',#2338);
#957=VERTEX_POINT('',#2340);
#958=VERTEX_POINT('',#2342);
#959=VERTEX_POINT('',#2344);
#960=VERTEX_POINT('',#2346);
#961=VERTEX_POINT('',#2349);
#962=VERTEX_POINT('',#2351);
#963=VERTEX_POINT('',#2354);
#964=VERTEX_POINT('',#2356);
#965=VERTEX_POINT('',#2360);
#966=VERTEX_POINT('',#2362);
#967=VERTEX_POINT('',#2365);
#968=VERTEX_POINT('',#2367);
#969=VERTEX_POINT('',#2370);
#970=VERTEX_POINT('',#2372);
#971=VERTEX_POINT('',#2375);
#972=VERTEX_POINT('',#2377);
#973=VERTEX_POINT('',#2379);
#974=VERTEX_POINT('',#2382);
#975=VERTEX_POINT('',#2390);
#976=VERTEX_POINT('',#2403);
#977=CIRCLE('',#1389,15.375);
#978=CIRCLE('',#1390,15.375);
#979=CIRCLE('',#1392,15.375);
#980=CIRCLE('',#1393,15.375);
#981=CIRCLE('',#1396,15.375);
#982=CIRCLE('',#1397,13.875);
#983=CIRCLE('',#1405,13.875);
#984=CIRCLE('',#1408,13.875);
#985=CIRCLE('',#1409,15.375);
#986=CIRCLE('',#1412,15.375);
#987=CIRCLE('',#1413,13.875);
#988=CIRCLE('',#1416,17.5);
#989=CIRCLE('',#1417,15.375);
#990=CIRCLE('',#1418,15.375);
#991=CIRCLE('',#1421,15.375);
#992=CIRCLE('',#1422,13.875);
#993=CIRCLE('',#1426,13.875);
#994=CIRCLE('',#1427,15.375);
#995=CIRCLE('',#1435,13.875);
#996=CIRCLE('',#1438,15.375);
#997=CIRCLE('',#1439,13.875);
#998=CIRCLE('',#1441,20.);
#999=CIRCLE('',#1444,15.375);
#1000=CIRCLE('',#1447,13.875);
#1001=CIRCLE('',#1450,15.375);
#1002=CIRCLE('',#1453,13.875);
#1003=CIRCLE('',#1455,20.);
#1004=CIRCLE('',#1457,21.5);
#1005=CIRCLE('',#1458,1.23516033497249);
#1006=CIRCLE('',#1460,1.23516033497249);
#1007=CIRCLE('',#1462,21.5);
#1008=CIRCLE('',#1463,3.5);
#1009=CIRCLE('',#1464,21.5);
#1010=CIRCLE('',#1465,3.5);
#1011=CIRCLE('',#1466,21.5);
#1012=CIRCLE('',#1467,3.5);
#1013=CIRCLE('',#1468,21.5);
#1014=CIRCLE('',#1469,0.5);
#1015=CIRCLE('',#1470,0.5);
#1016=CIRCLE('',#1471,0.5);
#1017=CIRCLE('',#1473,21.5);
#1018=CIRCLE('',#1474,3.5);
#1019=CIRCLE('',#1475,21.5);
#1020=CIRCLE('',#1476,3.5);
#1021=CIRCLE('',#1477,21.5);
#1022=CIRCLE('',#1478,3.5);
#1023=CIRCLE('',#1479,0.5);
#1024=CIRCLE('',#1480,0.5);
#1025=CIRCLE('',#1481,0.5);
#1026=CIRCLE('',#1498,21.5);
#1027=CIRCLE('',#1499,21.5);
#1028=CIRCLE('',#1501,21.5);
#1029=CIRCLE('',#1502,21.5);
#1030=CIRCLE('',#1504,19.0192233001825);
#1031=CIRCLE('',#1505,18.6176329269744);
#1032=CIRCLE('',#1507,21.5);
#1033=CIRCLE('',#1508,21.5);
#1034=CIRCLE('',#1510,2.5);
#1035=CIRCLE('',#1511,2.5);
#1036=CIRCLE('',#1512,2.5);
#1037=CIRCLE('',#1513,3.5);
#1038=CIRCLE('',#1514,3.5);
#1039=CIRCLE('',#1515,3.5);
#1040=CIRCLE('',#1517,3.5);
#1041=CIRCLE('',#1518,3.5);
#1042=CIRCLE('',#1519,3.5);
#1043=CIRCLE('',#1520,0.499999999999999);
#1044=CIRCLE('',#1521,0.5);
#1045=CIRCLE('',#1522,0.499999999999999);
#1046=CIRCLE('',#1524,0.5);
#1047=CIRCLE('',#1529,0.499999999999999);
#1048=CIRCLE('',#1537,0.499999999999999);
#1049=EDGE_LOOP('',(#275,#276,#277,#278));
#1050=EDGE_LOOP('',(#279,#280,#281,#282));
#1051=EDGE_LOOP('',(#283,#284,#285,#286));
#1052=EDGE_LOOP('',(#287,#288,#289,#290));
#1053=EDGE_LOOP('',(#291,#292,#293,#294));
#1054=EDGE_LOOP('',(#295,#296,#297,#298));
#1055=EDGE_LOOP('',(#299,#300,#301,#302,#303));
#1056=EDGE_LOOP('',(#304,#305,#306,#307));
#1057=EDGE_LOOP('',(#308,#309,#310,#311));
#1058=EDGE_LOOP('',(#312,#313,#314,#315));
#1059=EDGE_LOOP('',(#316,#317,#318,#319));
#1060=EDGE_LOOP('',(#320,#321,#322,#323));
#1061=EDGE_LOOP('',(#324,#325,#326,#327,#328));
#1062=EDGE_LOOP('',(#329));
#1063=EDGE_LOOP('',(#330,#331,#332,#333));
#1064=EDGE_LOOP('',(#334,#335,#336,#337));
#1065=EDGE_LOOP('',(#338,#339,#340,#341));
#1066=EDGE_LOOP('',(#342,#343,#344,#345));
#1067=EDGE_LOOP('',(#346,#347,#348,#349));
#1068=EDGE_LOOP('',(#350,#351,#352,#353));
#1069=EDGE_LOOP('',(#354,#355,#356,#357));
#1070=EDGE_LOOP('',(#358,#359,#360,#361));
#1071=EDGE_LOOP('',(#362,#363,#364,#365,#366));
#1072=EDGE_LOOP('',(#367,#368,#369,#370));
#1073=EDGE_LOOP('',(#371,#372,#373,#374,#375));
#1074=EDGE_LOOP('',(#376,#377,#378,#379));
#1075=EDGE_LOOP('',(#380));
#1076=EDGE_LOOP('',(#381));
#1077=EDGE_LOOP('',(#382,#383,#384,#385));
#1078=EDGE_LOOP('',(#386,#387,#388,#389,#390,#391,#392,#393,#394,#395,#396,
#397,#398,#399));
#1079=EDGE_LOOP('',(#400,#401,#402,#403));
#1080=EDGE_LOOP('',(#404,#405,#406,#407,#408,#409,#410,#411,#412,#413,#414,
#415,#416,#417));
#1081=EDGE_LOOP('',(#418,#419,#420,#421));
#1082=EDGE_LOOP('',(#422,#423,#424,#425,#426,#427,#428,#429,#430,#431,#432,
#433,#434,#435));
#1083=EDGE_LOOP('',(#436,#437,#438,#439));
#1084=EDGE_LOOP('',(#440,#441,#442,#443,#444,#445,#446,#447,#448,#449,#450,
#451,#452,#453));
#1085=EDGE_LOOP('',(#454));
#1086=EDGE_LOOP('',(#455));
#1087=EDGE_LOOP('',(#456,#457));
#1088=EDGE_LOOP('',(#458,#459,#460,#461));
#1089=EDGE_LOOP('',(#462,#463,#464,#465,#466,#467,#468,#469,#470,#471,#472,
#473,#474,#475));
#1090=EDGE_LOOP('',(#476,#477,#478,#479,#480,#481,#482,#483));
#1091=EDGE_LOOP('',(#484));
#1092=EDGE_LOOP('',(#485));
#1093=EDGE_LOOP('',(#486));
#1094=EDGE_LOOP('',(#487));
#1095=EDGE_LOOP('',(#488,#489,#490,#491,#492,#493,#494,#495,#496,#497,#498,
#499));
#1096=EDGE_LOOP('',(#500));
#1097=EDGE_LOOP('',(#501));
#1098=EDGE_LOOP('',(#502));
#1099=EDGE_LOOP('',(#503,#504,#505,#506));
#1100=EDGE_LOOP('',(#507,#508,#509,#510));
#1101=EDGE_LOOP('',(#511,#512,#513,#514,#515,#516,#517,#518));
#1102=EDGE_LOOP('',(#519,#520,#521,#522));
#1103=EDGE_LOOP('',(#523,#524,#525,#526));
#1104=EDGE_LOOP('',(#527));
#1105=EDGE_LOOP('',(#528));
#1106=EDGE_LOOP('',(#529,#530,#531,#532));
#1107=EDGE_LOOP('',(#533,#534,#535,#536));
#1108=EDGE_LOOP('',(#537,#538,#539,#540));
#1109=EDGE_LOOP('',(#541));
#1110=EDGE_LOOP('',(#542));
#1111=EDGE_LOOP('',(#543,#544,#545,#546));
#1112=EDGE_LOOP('',(#547,#548,#549,#550));
#1113=EDGE_LOOP('',(#551,#552,#553,#554));
#1114=EDGE_LOOP('',(#555));
#1115=EDGE_LOOP('',(#556));
#1116=EDGE_LOOP('',(#557,#558,#559,#560));
#1117=EDGE_LOOP('',(#561,#562,#563,#564));
#1118=EDGE_LOOP('',(#565,#566,#567,#568));
#1119=EDGE_LOOP('',(#569));
#1120=EDGE_LOOP('',(#570));
#1121=EDGE_LOOP('',(#571,#572,#573,#574));
#1122=EDGE_LOOP('',(#575));
#1123=EDGE_LOOP('',(#576));
#1124=EDGE_LOOP('',(#577));
#1125=EDGE_LOOP('',(#578));
#1126=EDGE_LOOP('',(#579,#580,#581,#582,#583,#584,#585,#586,#587,#588,#589,
#590));
#1127=EDGE_LOOP('',(#591));
#1128=EDGE_LOOP('',(#592,#593,#594,#595,#596,#597,#598,#599,#600,#601,#602,
#603));
#1129=EDGE_LOOP('',(#604));
#1130=EDGE_LOOP('',(#605));
#1131=EDGE_LOOP('',(#606));
#1132=EDGE_LOOP('',(#607));
#1133=EDGE_LOOP('',(#608));
#1134=EDGE_LOOP('',(#609,#610,#611,#612));
#1135=EDGE_LOOP('',(#613,#614,#615,#616));
#1136=EDGE_LOOP('',(#617,#618,#619,#620));
#1137=EDGE_LOOP('',(#621));
#1138=EDGE_LOOP('',(#622));
#1139=EDGE_LOOP('',(#623,#624,#625,#626));
#1140=EDGE_LOOP('',(#627,#628,#629,#630));
#1141=EDGE_LOOP('',(#631,#632,#633,#634));
#1142=EDGE_LOOP('',(#635,#636,#637,#638));
#1143=EDGE_LOOP('',(#639,#640,#641,#642));
#1144=EDGE_LOOP('',(#643,#644,#645,#646));
#1145=EDGE_LOOP('',(#647));
#1146=EDGE_LOOP('',(#648));
#1147=EDGE_LOOP('',(#649));
#1148=EDGE_LOOP('',(#650));
#1149=EDGE_LOOP('',(#651));
#1150=EDGE_LOOP('',(#652));
#1151=EDGE_LOOP('',(#653));
#1152=EDGE_LOOP('',(#654));
#1153=FACE_BOUND('',#1049,.T.);
#1154=FACE_BOUND('',#1050,.T.);
#1155=FACE_BOUND('',#1051,.T.);
#1156=FACE_BOUND('',#1052,.T.);
#1157=FACE_BOUND('',#1053,.T.);
#1158=FACE_BOUND('',#1054,.T.);
#1159=FACE_BOUND('',#1055,.T.);
#1160=FACE_BOUND('',#1056,.T.);
#1161=FACE_BOUND('',#1057,.T.);
#1162=FACE_BOUND('',#1058,.T.);
#1163=FACE_BOUND('',#1059,.T.);
#1164=FACE_BOUND('',#1060,.T.);
#1165=FACE_BOUND('',#1061,.T.);
#1166=FACE_BOUND('',#1062,.T.);
#1167=FACE_BOUND('',#1063,.T.);
#1168=FACE_BOUND('',#1064,.T.);
#1169=FACE_BOUND('',#1065,.T.);
#1170=FACE_BOUND('',#1066,.T.);
#1171=FACE_BOUND('',#1067,.T.);
#1172=FACE_BOUND('',#1068,.T.);
#1173=FACE_BOUND('',#1069,.T.);
#1174=FACE_BOUND('',#1070,.T.);
#1175=FACE_BOUND('',#1071,.T.);
#1176=FACE_BOUND('',#1072,.T.);
#1177=FACE_BOUND('',#1073,.T.);
#1178=FACE_BOUND('',#1074,.T.);
#1179=FACE_BOUND('',#1075,.T.);
#1180=FACE_BOUND('',#1076,.T.);
#1181=FACE_BOUND('',#1077,.T.);
#1182=FACE_BOUND('',#1078,.T.);
#1183=FACE_BOUND('',#1079,.T.);
#1184=FACE_BOUND('',#1080,.T.);
#1185=FACE_BOUND('',#1081,.T.);
#1186=FACE_BOUND('',#1082,.T.);
#1187=FACE_BOUND('',#1083,.T.);
#1188=FACE_BOUND('',#1084,.T.);
#1189=FACE_BOUND('',#1085,.T.);
#1190=FACE_BOUND('',#1086,.T.);
#1191=FACE_BOUND('',#1087,.T.);
#1192=FACE_BOUND('',#1088,.T.);
#1193=FACE_BOUND('',#1089,.T.);
#1194=FACE_BOUND('',#1090,.T.);
#1195=FACE_BOUND('',#1091,.T.);
#1196=FACE_BOUND('',#1092,.T.);
#1197=FACE_BOUND('',#1093,.T.);
#1198=FACE_BOUND('',#1094,.T.);
#1199=FACE_BOUND('',#1095,.T.);
#1200=FACE_BOUND('',#1096,.T.);
#1201=FACE_BOUND('',#1097,.T.);
#1202=FACE_BOUND('',#1098,.T.);
#1203=FACE_BOUND('',#1099,.T.);
#1204=FACE_BOUND('',#1100,.T.);
#1205=FACE_BOUND('',#1101,.T.);
#1206=FACE_BOUND('',#1102,.T.);
#1207=FACE_BOUND('',#1103,.T.);
#1208=FACE_BOUND('',#1104,.T.);
#1209=FACE_BOUND('',#1105,.T.);
#1210=FACE_BOUND('',#1106,.T.);
#1211=FACE_BOUND('',#1107,.T.);
#1212=FACE_BOUND('',#1108,.T.);
#1213=FACE_BOUND('',#1109,.T.);
#1214=FACE_BOUND('',#1110,.T.);
#1215=FACE_BOUND('',#1111,.T.);
#1216=FACE_BOUND('',#1112,.T.);
#1217=FACE_BOUND('',#1113,.T.);
#1218=FACE_BOUND('',#1114,.T.);
#1219=FACE_BOUND('',#1115,.T.);
#1220=FACE_BOUND('',#1116,.T.);
#1221=FACE_BOUND('',#1117,.T.);
#1222=FACE_BOUND('',#1118,.T.);
#1223=FACE_BOUND('',#1119,.T.);
#1224=FACE_BOUND('',#1120,.T.);
#1225=FACE_BOUND('',#1121,.T.);
#1226=FACE_BOUND('',#1122,.T.);
#1227=FACE_BOUND('',#1123,.T.);
#1228=FACE_BOUND('',#1124,.T.);
#1229=FACE_BOUND('',#1125,.T.);
#1230=FACE_BOUND('',#1126,.T.);
#1231=FACE_BOUND('',#1127,.T.);
#1232=FACE_BOUND('',#1128,.T.);
#1233=FACE_BOUND('',#1129,.T.);
#1234=FACE_BOUND('',#1130,.T.);
#1235=FACE_BOUND('',#1131,.T.);
#1236=FACE_BOUND('',#1132,.T.);
#1237=FACE_BOUND('',#1133,.T.);
#1238=FACE_BOUND('',#1134,.T.);
#1239=FACE_BOUND('',#1135,.T.);
#1240=FACE_BOUND('',#1136,.T.);
#1241=FACE_BOUND('',#1137,.T.);
#1242=FACE_BOUND('',#1138,.T.);
#1243=FACE_BOUND('',#1139,.T.);
#1244=FACE_BOUND('',#1140,.T.);
#1245=FACE_BOUND('',#1141,.T.);
#1246=FACE_BOUND('',#1142,.T.);
#1247=FACE_BOUND('',#1143,.T.);
#1248=FACE_BOUND('',#1144,.T.);
#1249=FACE_BOUND('',#1145,.T.);
#1250=FACE_BOUND('',#1146,.T.);
#1251=FACE_BOUND('',#1147,.T.);
#1252=FACE_BOUND('',#1148,.T.);
#1253=FACE_BOUND('',#1149,.T.);
#1254=FACE_BOUND('',#1150,.T.);
#1255=FACE_BOUND('',#1151,.T.);
#1256=FACE_BOUND('',#1152,.T.);
#1257=CYLINDRICAL_SURFACE('',#1388,15.375);
#1258=CYLINDRICAL_SURFACE('',#1391,15.375);
#1259=CYLINDRICAL_SURFACE('',#1394,2.);
#1260=CYLINDRICAL_SURFACE('',#1398,2.);
#1261=CYLINDRICAL_SURFACE('',#1406,2.);
#1262=CYLINDRICAL_SURFACE('',#1410,2.);
#1263=CYLINDRICAL_SURFACE('',#1419,2.);
#1264=CYLINDRICAL_SURFACE('',#1423,2.);
#1265=CYLINDRICAL_SURFACE('',#1424,2.);
#1266=CYLINDRICAL_SURFACE('',#1428,2.);
#1267=CYLINDRICAL_SURFACE('',#1443,15.375);
#1268=CYLINDRICAL_SURFACE('',#1446,13.875);
#1269=CYLINDRICAL_SURFACE('',#1449,15.375);
#1270=CYLINDRICAL_SURFACE('',#1452,13.875);
#1271=CYLINDRICAL_SURFACE('',#1454,20.);
#1272=CYLINDRICAL_SURFACE('',#1459,1.23516033497249);
#1273=CYLINDRICAL_SURFACE('',#1482,21.5);
#1274=CYLINDRICAL_SURFACE('',#1483,21.5);
#1275=CYLINDRICAL_SURFACE('',#1484,21.5);
#1276=CYLINDRICAL_SURFACE('',#1485,3.5);
#1277=CYLINDRICAL_SURFACE('',#1487,0.5);
#1278=CYLINDRICAL_SURFACE('',#1489,3.5);
#1279=CYLINDRICAL_SURFACE('',#1491,0.5);
#1280=CYLINDRICAL_SURFACE('',#1493,3.5);
#1281=CYLINDRICAL_SURFACE('',#1495,0.5);
#1282=CYLINDRICAL_SURFACE('',#1497,21.5);
#1283=CYLINDRICAL_SURFACE('',#1500,21.5);
#1284=CYLINDRICAL_SURFACE('',#1506,21.5);
#1285=CYLINDRICAL_SURFACE('',#1523,0.5);
#1286=CYLINDRICAL_SURFACE('',#1526,3.5);
#1287=CYLINDRICAL_SURFACE('',#1528,0.499999999999999);
#1288=CYLINDRICAL_SURFACE('',#1531,3.5);
#1289=CYLINDRICAL_SURFACE('',#1533,3.5);
#1290=CYLINDRICAL_SURFACE('',#1536,0.499999999999999);
#1291=ADVANCED_FACE('',(#1153),#1257,.T.);
#1292=ADVANCED_FACE('',(#1154),#1258,.T.);
#1293=ADVANCED_FACE('',(#1155),#1259,.T.);
#1294=ADVANCED_FACE('',(#1156),#31,.F.);
#1295=ADVANCED_FACE('',(#1157),#1260,.T.);
#1296=ADVANCED_FACE('',(#1158),#32,.F.);
#1297=ADVANCED_FACE('',(#1159),#33,.T.);
#1298=ADVANCED_FACE('',(#1160),#34,.T.);
#1299=ADVANCED_FACE('',(#1161),#1261,.T.);
#1300=ADVANCED_FACE('',(#1162),#35,.F.);
#1301=ADVANCED_FACE('',(#1163),#1262,.T.);
#1302=ADVANCED_FACE('',(#1164),#36,.F.);
#1303=ADVANCED_FACE('',(#1165),#37,.F.);
#1304=ADVANCED_FACE('',(#1166,#1167),#38,.F.);
#1305=ADVANCED_FACE('',(#1168),#1263,.T.);
#1306=ADVANCED_FACE('',(#1169),#39,.F.);
#1307=ADVANCED_FACE('',(#1170),#1264,.T.);
#1308=ADVANCED_FACE('',(#1171),#1265,.T.);
#1309=ADVANCED_FACE('',(#1172),#40,.F.);
#1310=ADVANCED_FACE('',(#1173),#1266,.T.);
#1311=ADVANCED_FACE('',(#1174),#41,.F.);
#1312=ADVANCED_FACE('',(#1175),#42,.T.);
#1313=ADVANCED_FACE('',(#1176),#43,.T.);
#1314=ADVANCED_FACE('',(#1177),#44,.F.);
#1315=ADVANCED_FACE('',(#1178),#45,.F.);
#1316=ADVANCED_FACE('',(#1179,#1180),#20,.F.);
#1317=ADVANCED_FACE('',(#1181),#46,.T.);
#1318=ADVANCED_FACE('',(#1182),#1267,.F.);
#1319=ADVANCED_FACE('',(#1183),#47,.F.);
#1320=ADVANCED_FACE('',(#1184),#1268,.F.);
#1321=ADVANCED_FACE('',(#1185),#48,.F.);
#1322=ADVANCED_FACE('',(#1186),#1269,.F.);
#1323=ADVANCED_FACE('',(#1187),#49,.T.);
#1324=ADVANCED_FACE('',(#1188),#1270,.F.);
#1325=ADVANCED_FACE('',(#1189,#1190),#1271,.F.);
#1326=ADVANCED_FACE('',(#1191),#50,.F.);
#1327=ADVANCED_FACE('',(#1192),#1272,.T.);
#1328=ADVANCED_FACE('',(#1193,#1194,#1195,#1196,#1197),#51,.T.);
#1329=ADVANCED_FACE('',(#1198,#1199,#1200,#1201,#1202),#52,.F.);
#1330=ADVANCED_FACE('',(#1203),#1273,.T.);
#1331=ADVANCED_FACE('',(#1204),#1274,.T.);
#1332=ADVANCED_FACE('',(#1205),#1275,.T.);
#1333=ADVANCED_FACE('',(#1206),#1276,.T.);
#1334=ADVANCED_FACE('',(#1207),#53,.T.);
#1335=ADVANCED_FACE('',(#1208,#1209),#1277,.F.);
#1336=ADVANCED_FACE('',(#1210),#54,.T.);
#1337=ADVANCED_FACE('',(#1211),#1278,.T.);
#1338=ADVANCED_FACE('',(#1212),#55,.T.);
#1339=ADVANCED_FACE('',(#1213,#1214),#1279,.F.);
#1340=ADVANCED_FACE('',(#1215),#56,.T.);
#1341=ADVANCED_FACE('',(#1216),#1280,.T.);
#1342=ADVANCED_FACE('',(#1217),#57,.T.);
#1343=ADVANCED_FACE('',(#1218,#1219),#1281,.F.);
#1344=ADVANCED_FACE('',(#1220),#58,.T.);
#1345=ADVANCED_FACE('',(#1221),#1282,.T.);
#1346=ADVANCED_FACE('',(#1222),#1283,.T.);
#1347=ADVANCED_FACE('',(#1223,#1224),#21,.F.);
#1348=ADVANCED_FACE('',(#1225),#1284,.T.);
#1349=ADVANCED_FACE('',(#1226,#1227,#1228,#1229,#1230),#59,.F.);
#1350=ADVANCED_FACE('',(#1231,#1232,#1233,#1234,#1235),#60,.T.);
#1351=ADVANCED_FACE('',(#1236,#1237),#1285,.F.);
#1352=ADVANCED_FACE('',(#1238),#61,.F.);
#1353=ADVANCED_FACE('',(#1239),#1286,.T.);
#1354=ADVANCED_FACE('',(#1240),#62,.F.);
#1355=ADVANCED_FACE('',(#1241,#1242),#1287,.F.);
#1356=ADVANCED_FACE('',(#1243),#63,.F.);
#1357=ADVANCED_FACE('',(#1244),#1288,.T.);
#1358=ADVANCED_FACE('',(#1245),#64,.F.);
#1359=ADVANCED_FACE('',(#1246),#1289,.T.);
#1360=ADVANCED_FACE('',(#1247),#65,.F.);
#1361=ADVANCED_FACE('',(#1248),#66,.F.);
#1362=ADVANCED_FACE('',(#1249,#1250),#1290,.F.);
#1363=ADVANCED_FACE('',(#1251,#1252),#22,.F.);
#1364=ADVANCED_FACE('',(#1253,#1254),#23,.F.);
#1365=ADVANCED_FACE('',(#1255,#1256),#24,.F.);
#1366=CLOSED_SHELL('',(#1291,#1292,#1293,#1294,#1295,#1296,#1297,#1298,
#1299,#1300,#1301,#1302,#1303,#1304,#1305,#1306,#1307,#1308,#1309,#1310,
#1311,#1312,#1313,#1314,#1315,#1316,#1317,#1318,#1319,#1320,#1321,#1322,
#1323,#1324,#1325,#1326,#1327,#1328,#1329,#1330,#1331,#1332,#1333,#1334,
#1335,#1336,#1337,#1338,#1339,#1340,#1341,#1342,#1343,#1344));
#1367=CLOSED_SHELL('',(#1345,#1346,#1347,#1348,#1349,#1350,#1351,#1352,
#1353,#1354,#1355,#1356,#1357,#1358,#1359,#1360,#1361,#1362,#1363,#1364,
#1365));
#1368=STYLED_ITEM('',(#1370),#1383);
#1369=STYLED_ITEM('',(#1371),#1384);
#1370=PRESENTATION_STYLE_ASSIGNMENT((#1372));
#1371=PRESENTATION_STYLE_ASSIGNMENT((#1373));
#1372=SURFACE_STYLE_USAGE(.BOTH.,#1374);
#1373=SURFACE_STYLE_USAGE(.BOTH.,#1375);
#1374=SURFACE_SIDE_STYLE('',(#1376));
#1375=SURFACE_SIDE_STYLE('',(#1377));
#1376=SURFACE_STYLE_FILL_AREA(#1378);
#1377=SURFACE_STYLE_FILL_AREA(#1379);
#1378=FILL_AREA_STYLE('',(#1380));
#1379=FILL_AREA_STYLE('',(#1381));
#1380=FILL_AREA_STYLE_COLOUR('',#1382);
#1381=FILL_AREA_STYLE_COLOUR('',#1382);
#1382=COLOUR_RGB('',0.506983280181885,0.531564235687256,0.550000011920929);
#1383=MANIFOLD_SOLID_BREP('',#1366);
#1384=MANIFOLD_SOLID_BREP('',#1367);
#1385=SHAPE_DEFINITION_REPRESENTATION(#2413,#1386);
#1386=SHAPE_REPRESENTATION('OrbitalSanderAdaptor01',(#1387),#2408);
#1387=AXIS2_PLACEMENT_3D('',#1945,#1541,#1542);
#1388=AXIS2_PLACEMENT_3D('',#1946,#1543,#1544);
#1389=AXIS2_PLACEMENT_3D('',#1947,#1545,#1546);
#1390=AXIS2_PLACEMENT_3D('',#1952,#1548,#1549);
#1391=AXIS2_PLACEMENT_3D('',#1955,#1551,#1552);
#1392=AXIS2_PLACEMENT_3D('',#1956,#1553,#1554);
#1393=AXIS2_PLACEMENT_3D('',#1961,#1556,#1557);
#1394=AXIS2_PLACEMENT_3D('',#1964,#1559,#1560);
#1395=AXIS2_PLACEMENT_3D('',#1981,#1563,#1564);
#1396=AXIS2_PLACEMENT_3D('',#1982,#1565,#1566);
#1397=AXIS2_PLACEMENT_3D('',#1984,#1567,#1568);
#1398=AXIS2_PLACEMENT_3D('',#1987,#1570,#1571);
#1399=AXIS2_PLACEMENT_3D('',#1988,#1572,#1573);
#1400=AXIS2_PLACEMENT_3D('',#2001,#1574,#1575);
#1401=AXIS2_PLACEMENT_3D('',#2002,#1576,#1577);
#1402=AXIS2_PLACEMENT_3D('',#2004,#1578,#1579);
#1403=AXIS2_PLACEMENT_3D('',#2007,#1581,#1582);
#1404=AXIS2_PLACEMENT_3D('',#2012,#1586,#1587);
#1405=AXIS2_PLACEMENT_3D('',#2015,#1589,#1590);
#1406=AXIS2_PLACEMENT_3D('',#2016,#1591,#1592);
#1407=AXIS2_PLACEMENT_3D('',#2033,#1595,#1596);
#1408=AXIS2_PLACEMENT_3D('',#2034,#1597,#1598);
#1409=AXIS2_PLACEMENT_3D('',#2036,#1599,#1600);
#1410=AXIS2_PLACEMENT_3D('',#2039,#1602,#1603);
#1411=AXIS2_PLACEMENT_3D('',#2053,#1605,#1606);
#1412=AXIS2_PLACEMENT_3D('',#2054,#1607,#1608);
#1413=AXIS2_PLACEMENT_3D('',#2058,#1610,#1611);
#1414=AXIS2_PLACEMENT_3D('',#2059,#1612,#1613);
#1415=AXIS2_PLACEMENT_3D('',#2062,#1616,#1617);
#1416=AXIS2_PLACEMENT_3D('',#2063,#1618,#1619);
#1417=AXIS2_PLACEMENT_3D('',#2065,#1620,#1621);
#1418=AXIS2_PLACEMENT_3D('',#2066,#1622,#1623);
#1419=AXIS2_PLACEMENT_3D('',#2067,#1624,#1625);
#1420=AXIS2_PLACEMENT_3D('',#2084,#1628,#1629);
#1421=AXIS2_PLACEMENT_3D('',#2085,#1630,#1631);
#1422=AXIS2_PLACEMENT_3D('',#2087,#1632,#1633);
#1423=AXIS2_PLACEMENT_3D('',#2090,#1635,#1636);
#1424=AXIS2_PLACEMENT_3D('',#2104,#1638,#1639);
#1425=AXIS2_PLACEMENT_3D('',#2121,#1642,#1643);
#1426=AXIS2_PLACEMENT_3D('',#2122,#1644,#1645);
#1427=AXIS2_PLACEMENT_3D('',#2126,#1647,#1648);
#1428=AXIS2_PLACEMENT_3D('',#2127,#1649,#1650);
#1429=AXIS2_PLACEMENT_3D('',#2140,#1651,#1652);
#1430=AXIS2_PLACEMENT_3D('',#2141,#1653,#1654);
#1431=AXIS2_PLACEMENT_3D('',#2142,#1655,#1656);
#1432=AXIS2_PLACEMENT_3D('',#2146,#1658,#1659);
#1433=AXIS2_PLACEMENT_3D('',#2147,#1660,#1661);
#1434=AXIS2_PLACEMENT_3D('',#2152,#1665,#1666);
#1435=AXIS2_PLACEMENT_3D('',#2155,#1668,#1669);
#1436=AXIS2_PLACEMENT_3D('',#2156,#1670,#1671);
#1437=AXIS2_PLACEMENT_3D('',#2162,#1675,#1676);
#1438=AXIS2_PLACEMENT_3D('',#2163,#1677,#1678);
#1439=AXIS2_PLACEMENT_3D('',#2164,#1679,#1680);
#1440=AXIS2_PLACEMENT_3D('',#2165,#1681,#1682);
#1441=AXIS2_PLACEMENT_3D('',#2166,#1683,#1684);
#1442=AXIS2_PLACEMENT_3D('',#2168,#1685,#1686);
#1443=AXIS2_PLACEMENT_3D('',#2174,#1690,#1691);
#1444=AXIS2_PLACEMENT_3D('',#2175,#1692,#1693);
#1445=AXIS2_PLACEMENT_3D('',#2178,#1695,#1696);
#1446=AXIS2_PLACEMENT_3D('',#2182,#1699,#1700);
#1447=AXIS2_PLACEMENT_3D('',#2183,#1701,#1702);
#1448=AXIS2_PLACEMENT_3D('',#2186,#1704,#1705);
#1449=AXIS2_PLACEMENT_3D('',#2190,#1708,#1709);
#1450=AXIS2_PLACEMENT_3D('',#2191,#1710,#1711);
#1451=AXIS2_PLACEMENT_3D('',#2194,#1713,#1714);
#1452=AXIS2_PLACEMENT_3D('',#2198,#1717,#1718);
#1453=AXIS2_PLACEMENT_3D('',#2199,#1719,#1720);
#1454=AXIS2_PLACEMENT_3D('',#2200,#1721,#1722);
#1455=AXIS2_PLACEMENT_3D('',#2201,#1723,#1724);
#1456=AXIS2_PLACEMENT_3D('',#2203,#1725,#1726);
#1457=AXIS2_PLACEMENT_3D('',#2204,#1727,#1728);
#1458=AXIS2_PLACEMENT_3D('',#2207,#1729,#1730);
#1459=AXIS2_PLACEMENT_3D('',#2208,#1731,#1732);
#1460=AXIS2_PLACEMENT_3D('',#2211,#1734,#1735);
#1461=AXIS2_PLACEMENT_3D('',#2214,#1737,#1738);
#1462=AXIS2_PLACEMENT_3D('',#2215,#1739,#1740);
#1463=AXIS2_PLACEMENT_3D('',#2219,#1742,#1743);
#1464=AXIS2_PLACEMENT_3D('',#2223,#1745,#1746);
#1465=AXIS2_PLACEMENT_3D('',#2227,#1748,#1749);
#1466=AXIS2_PLACEMENT_3D('',#2231,#1751,#1752);
#1467=AXIS2_PLACEMENT_3D('',#2235,#1754,#1755);
#1468=AXIS2_PLACEMENT_3D('',#2239,#1757,#1758);
#1469=AXIS2_PLACEMENT_3D('',#2240,#1759,#1760);
#1470=AXIS2_PLACEMENT_3D('',#2242,#1761,#1762);
#1471=AXIS2_PLACEMENT_3D('',#2244,#1763,#1764);
#1472=AXIS2_PLACEMENT_3D('',#2246,#1765,#1766);
#1473=AXIS2_PLACEMENT_3D('',#2247,#1767,#1768);
#1474=AXIS2_PLACEMENT_3D('',#2252,#1770,#1771);
#1475=AXIS2_PLACEMENT_3D('',#2256,#1773,#1774);
#1476=AXIS2_PLACEMENT_3D('',#2260,#1776,#1777);
#1477=AXIS2_PLACEMENT_3D('',#2264,#1779,#1780);
#1478=AXIS2_PLACEMENT_3D('',#2268,#1782,#1783);
#1479=AXIS2_PLACEMENT_3D('',#2271,#1785,#1786);
#1480=AXIS2_PLACEMENT_3D('',#2273,#1787,#1788);
#1481=AXIS2_PLACEMENT_3D('',#2275,#1789,#1790);
#1482=AXIS2_PLACEMENT_3D('',#2277,#1791,#1792);
#1483=AXIS2_PLACEMENT_3D('',#2280,#1795,#1796);
#1484=AXIS2_PLACEMENT_3D('',#2283,#1799,#1800);
#1485=AXIS2_PLACEMENT_3D('',#2286,#1803,#1804);
#1486=AXIS2_PLACEMENT_3D('',#2289,#1807,#1808);
#1487=AXIS2_PLACEMENT_3D('',#2290,#1809,#1810);
#1488=AXIS2_PLACEMENT_3D('',#2291,#1811,#1812);
#1489=AXIS2_PLACEMENT_3D('',#2292,#1813,#1814);
#1490=AXIS2_PLACEMENT_3D('',#2295,#1817,#1818);
#1491=AXIS2_PLACEMENT_3D('',#2296,#1819,#1820);
#1492=AXIS2_PLACEMENT_3D('',#2297,#1821,#1822);
#1493=AXIS2_PLACEMENT_3D('',#2298,#1823,#1824);
#1494=AXIS2_PLACEMENT_3D('',#2301,#1827,#1828);
#1495=AXIS2_PLACEMENT_3D('',#2302,#1829,#1830);
#1496=AXIS2_PLACEMENT_3D('',#2303,#1831,#1832);
#1497=AXIS2_PLACEMENT_3D('',#2304,#1833,#1834);
#1498=AXIS2_PLACEMENT_3D('',#2308,#1836,#1837);
#1499=AXIS2_PLACEMENT_3D('',#2312,#1839,#1840);
#1500=AXIS2_PLACEMENT_3D('',#2313,#1841,#1842);
#1501=AXIS2_PLACEMENT_3D('',#2314,#1843,#1844);
#1502=AXIS2_PLACEMENT_3D('',#2319,#1846,#1847);
#1503=AXIS2_PLACEMENT_3D('',#2322,#1849,#1850);
#1504=AXIS2_PLACEMENT_3D('',#2323,#1851,#1852);
#1505=AXIS2_PLACEMENT_3D('',#2325,#1853,#1854);
#1506=AXIS2_PLACEMENT_3D('',#2327,#1855,#1856);
#1507=AXIS2_PLACEMENT_3D('',#2331,#1858,#1859);
#1508=AXIS2_PLACEMENT_3D('',#2335,#1861,#1862);
#1509=AXIS2_PLACEMENT_3D('',#2336,#1863,#1864);
#1510=AXIS2_PLACEMENT_3D('',#2337,#1865,#1866);
#1511=AXIS2_PLACEMENT_3D('',#2339,#1867,#1868);
#1512=AXIS2_PLACEMENT_3D('',#2341,#1869,#1870);
#1513=AXIS2_PLACEMENT_3D('',#2345,#1872,#1873);
#1514=AXIS2_PLACEMENT_3D('',#2350,#1876,#1877);
#1515=AXIS2_PLACEMENT_3D('',#2355,#1880,#1881);
#1516=AXIS2_PLACEMENT_3D('',#2358,#1883,#1884);
#1517=AXIS2_PLACEMENT_3D('',#2361,#1886,#1887);
#1518=AXIS2_PLACEMENT_3D('',#2366,#1890,#1891);
#1519=AXIS2_PLACEMENT_3D('',#2371,#1894,#1895);
#1520=AXIS2_PLACEMENT_3D('',#2374,#1897,#1898);
#1521=AXIS2_PLACEMENT_3D('',#2376,#1899,#1900);
#1522=AXIS2_PLACEMENT_3D('',#2378,#1901,#1902);
#1523=AXIS2_PLACEMENT_3D('',#2380,#1903,#1904);
#1524=AXIS2_PLACEMENT_3D('',#2381,#1905,#1906);
#1525=AXIS2_PLACEMENT_3D('',#2383,#1907,#1908);
#1526=AXIS2_PLACEMENT_3D('',#2385,#1910,#1911);
#1527=AXIS2_PLACEMENT_3D('',#2387,#1913,#1914);
#1528=AXIS2_PLACEMENT_3D('',#2388,#1915,#1916);
#1529=AXIS2_PLACEMENT_3D('',#2389,#1917,#1918);
#1530=AXIS2_PLACEMENT_3D('',#2391,#1919,#1920);
#1531=AXIS2_PLACEMENT_3D('',#2393,#1922,#1923);
#1532=AXIS2_PLACEMENT_3D('',#2395,#1925,#1926);
#1533=AXIS2_PLACEMENT_3D('',#2396,#1927,#1928);
#1534=AXIS2_PLACEMENT_3D('',#2399,#1931,#1932);
#1535=AXIS2_PLACEMENT_3D('',#2400,#1933,#1934);
#1536=AXIS2_PLACEMENT_3D('',#2401,#1935,#1936);
#1537=AXIS2_PLACEMENT_3D('',#2402,#1937,#1938);
#1538=AXIS2_PLACEMENT_3D('',#2404,#1939,#1940);
#1539=AXIS2_PLACEMENT_3D('',#2405,#1941,#1942);
#1540=AXIS2_PLACEMENT_3D('',#2406,#1943,#1944);
#1541=DIRECTION('',(0.,0.,1.));
#1542=DIRECTION('',(1.,0.,0.));
#1543=DIRECTION('',(0.,-1.,0.));
#1544=DIRECTION('',(0.,0.,-1.));
#1545=DIRECTION('',(0.,-1.,0.));
#1546=DIRECTION('',(-1.,0.,0.));
#1547=DIRECTION('',(0.,-1.,0.));
#1548=DIRECTION('',(0.,1.,0.));
#1549=DIRECTION('',(0.,0.,1.));
#1550=DIRECTION('',(0.,-1.,0.));
#1551=DIRECTION('',(0.,-1.,0.));
#1552=DIRECTION('',(0.,0.,-1.));
#1553=DIRECTION('',(0.,-1.,0.));
#1554=DIRECTION('',(-1.,0.,0.));
#1555=DIRECTION('',(0.,-1.,0.));
#1556=DIRECTION('',(0.,1.,0.));
#1557=DIRECTION('',(0.,0.,1.));
#1558=DIRECTION('',(0.,-1.,0.));
#1559=DIRECTION('',(1.,0.,3.13338833866917E-15));
#1560=DIRECTION('',(3.13338833866917E-15,0.,-1.));
#1561=DIRECTION('',(1.,0.,3.13338833866917E-15));
#1562=DIRECTION('',(1.,0.,3.13338833866917E-15));
#1563=DIRECTION('',(0.,-1.,0.));
#1564=DIRECTION('',(0.,0.,-1.));
#1565=DIRECTION('',(0.,1.,0.));
#1566=DIRECTION('',(1.,0.,0.));
#1567=DIRECTION('',(0.,-1.,0.));
#1568=DIRECTION('',(1.,0.,0.));
#1569=DIRECTION('',(-0.742690147430904,0.,-0.669635232726789));
#1570=DIRECTION('',(-0.742690147430904,0.,-0.669635232726789));
#1571=DIRECTION('',(-0.669635232726789,0.,0.742690147430904));
#1572=DIRECTION('',(0.317538284768737,-0.925526377453115,0.20632586445873));
#1573=DIRECTION('',(-0.672753634822643,-0.373227780124515,-0.638829845088853));
#1574=DIRECTION('',(0.317538284768737,-0.925526377453115,0.20632586445873));
#1575=DIRECTION('',(-0.0340251693619022,0.20632586445873,0.977891571446064));
#1576=DIRECTION('',(0.317538284768737,-0.925526377453115,0.20632586445873));
#1577=DIRECTION('',(-0.776084338438329,-0.378683145437599,-0.50427390869668));
#1578=DIRECTION('',(0.317538284768737,-0.925526377453115,0.20632586445873));
#1579=DIRECTION('',(-0.776084338438329,-0.378683145437599,-0.50427390869668));
#1580=DIRECTION('',(-0.544850931298524,3.05311331771918E-16,0.83853292282601));
#1581=DIRECTION('',(-0.83853292282601,0.,-0.544850931298524));
#1582=DIRECTION('',(-0.544850931298524,0.,0.83853292282601));
#1583=DIRECTION('',(0.,-1.,0.));
#1584=DIRECTION('',(-0.544850931298524,0.,0.83853292282601));
#1585=DIRECTION('',(0.,-1.,0.));
#1586=DIRECTION('',(0.,1.,0.));
#1587=DIRECTION('',(0.,0.,1.));
#1588=DIRECTION('',(0.656249706615838,1.15648231731787E-15,-0.754543784393342));
#1589=DIRECTION('',(0.,1.,0.));
#1590=DIRECTION('',(0.,0.,1.));
#1591=DIRECTION('',(-1.,0.,2.84853485333561E-16));
#1592=DIRECTION('',(2.84853485333561E-16,0.,1.));
#1593=DIRECTION('',(-1.,0.,2.84853485333561E-16));
#1594=DIRECTION('',(-1.,0.,2.84853485333561E-16));
#1595=DIRECTION('',(0.,-1.,0.));
#1596=DIRECTION('',(0.,0.,-1.));
#1597=DIRECTION('',(0.,1.,0.));
#1598=DIRECTION('',(1.,0.,0.));
#1599=DIRECTION('',(0.,-1.,0.));
#1600=DIRECTION('',(1.,0.,0.));
#1601=DIRECTION('',(0.742690147430902,0.,-0.669635232726792));
#1602=DIRECTION('',(-0.742690147430902,0.,0.669635232726792));
#1603=DIRECTION('',(0.669635232726792,0.,0.742690147430902));
#1604=DIRECTION('',(0.742690147430902,0.,-0.669635232726792));
#1605=DIRECTION('',(0.,-1.,0.));
#1606=DIRECTION('',(0.,0.,-1.));
#1607=DIRECTION('',(0.,1.,0.));
#1608=DIRECTION('',(1.,0.,0.));
#1609=DIRECTION('',(-0.656249706615838,0.,0.754543784393342));
#1610=DIRECTION('',(0.,-1.,0.));
#1611=DIRECTION('',(1.,0.,0.));
#1612=DIRECTION('',(-0.754543784393342,0.,-0.656249706615838));
#1613=DIRECTION('',(-0.656249706615838,0.,0.754543784393342));
#1614=DIRECTION('',(0.,-1.,0.));
#1615=DIRECTION('',(-2.60857808262783E-16,1.,2.99929486978612E-16));
#1616=DIRECTION('',(0.,-1.,0.));
#1617=DIRECTION('',(0.,0.,-1.));
#1618=DIRECTION('',(0.,-1.,0.));
#1619=DIRECTION('',(0.,0.,-1.));
#1620=DIRECTION('',(0.,-1.,0.));
#1621=DIRECTION('',(-1.,0.,0.));
#1622=DIRECTION('',(0.,-1.,0.));
#1623=DIRECTION('',(-1.,0.,0.));
#1624=DIRECTION('',(0.742690147430904,0.,-0.66963523272679));
#1625=DIRECTION('',(-0.66963523272679,0.,-0.742690147430904));
#1626=DIRECTION('',(-0.742690147430904,0.,0.66963523272679));
#1627=DIRECTION('',(-0.742690147430904,0.,0.66963523272679));
#1628=DIRECTION('',(0.,-1.,0.));
#1629=DIRECTION('',(0.,0.,-1.));
#1630=DIRECTION('',(0.,-1.,0.));
#1631=DIRECTION('',(1.,0.,0.));
#1632=DIRECTION('',(0.,1.,0.));
#1633=DIRECTION('',(1.,0.,0.));
#1634=DIRECTION('',(1.,0.,2.84853485333561E-16));
#1635=DIRECTION('',(-1.,0.,-2.84853485333561E-16));
#1636=DIRECTION('',(-2.84853485333561E-16,0.,1.));
#1637=DIRECTION('',(1.,0.,2.84853485333561E-16));
#1638=DIRECTION('',(-1.,0.,-2.84853485333561E-16));
#1639=DIRECTION('',(-2.84853485333561E-16,0.,1.));
#1640=DIRECTION('',(1.,0.,2.84853485333561E-16));
#1641=DIRECTION('',(1.,0.,2.84853485333561E-16));
#1642=DIRECTION('',(0.,-1.,0.));
#1643=DIRECTION('',(0.,0.,-1.));
#1644=DIRECTION('',(0.,1.,0.));
#1645=DIRECTION('',(1.,0.,0.));
#1646=DIRECTION('',(-0.742690147430903,0.,-0.669635232726791));
#1647=DIRECTION('',(0.,-1.,0.));
#1648=DIRECTION('',(1.,0.,0.));
#1649=DIRECTION('',(0.742690147430903,0.,0.669635232726791));
#1650=DIRECTION('',(0.669635232726791,0.,-0.742690147430903));
#1651=DIRECTION('',(-0.317538284768737,-0.925526377453115,-0.20632586445873));
#1652=DIRECTION('',(0.672753634822644,-0.373227780124515,0.638829845088853));
#1653=DIRECTION('',(-0.317538284768737,-0.925526377453115,-0.20632586445873));
#1654=DIRECTION('',(0.0340251693619021,0.20632586445873,-0.977891571446064));
#1655=DIRECTION('',(-0.317538284768737,-0.925526377453115,-0.20632586445873));
#1656=DIRECTION('',(0.776084338438329,-0.378683145437599,0.50427390869668));
#1657=DIRECTION('',(0.544850931298524,3.05311331771918E-16,-0.83853292282601));
#1658=DIRECTION('',(-0.317538284768737,-0.925526377453115,-0.20632586445873));
#1659=DIRECTION('',(0.776084338438329,-0.378683145437599,0.50427390869668));
#1660=DIRECTION('',(0.83853292282601,0.,0.544850931298524));
#1661=DIRECTION('',(0.544850931298524,0.,-0.83853292282601));
#1662=DIRECTION('',(0.,-1.,0.));
#1663=DIRECTION('',(0.544850931298524,0.,-0.83853292282601));
#1664=DIRECTION('',(0.,-1.,0.));
#1665=DIRECTION('',(0.,1.,0.));
#1666=DIRECTION('',(0.,0.,1.));
#1667=DIRECTION('',(-0.68218313534117,1.15648231731787E-15,0.731181352234924));
#1668=DIRECTION('',(0.,1.,0.));
#1669=DIRECTION('',(0.,0.,1.));
#1670=DIRECTION('',(0.731181352234924,2.46519032881566E-32,0.68218313534117));
#1671=DIRECTION('',(0.68218313534117,0.,-0.731181352234924));
#1672=DIRECTION('',(-2.6952291375437E-16,-1.,2.88881560284629E-16));
#1673=DIRECTION('',(5.33999311146766E-17,1.,-5.72354135112912E-17));
#1674=DIRECTION('',(0.68218313534117,0.,-0.731181352234924));
#1675=DIRECTION('',(0.,-1.,0.));
#1676=DIRECTION('',(0.,0.,-1.));
#1677=DIRECTION('',(0.,-1.,0.));
#1678=DIRECTION('',(1.,0.,0.));
#1679=DIRECTION('',(0.,1.,0.));
#1680=DIRECTION('',(1.,0.,0.));
#1681=DIRECTION('',(0.,1.,0.));
#1682=DIRECTION('',(0.,0.,1.));
#1683=DIRECTION('',(0.,1.,0.));
#1684=DIRECTION('',(0.,0.,1.));
#1685=DIRECTION('',(2.84853485333561E-16,0.,-1.));
#1686=DIRECTION('',(-1.,0.,-2.84853485333561E-16));
#1687=DIRECTION('',(0.,-1.,0.));
#1688=DIRECTION('',(0.,-1.,0.));
#1689=DIRECTION('',(1.,0.,2.84853485333561E-16));
#1690=DIRECTION('',(0.,-1.,0.));
#1691=DIRECTION('',(0.,0.,-1.));
#1692=DIRECTION('',(0.,-1.,0.));
#1693=DIRECTION('',(1.,0.,0.));
#1694=DIRECTION('',(0.,-1.,0.));
#1695=DIRECTION('',(3.13338833866917E-15,0.,-1.));
#1696=DIRECTION('',(-1.,0.,-3.13338833866917E-15));
#1697=DIRECTION('',(0.,-1.,0.));
#1698=DIRECTION('',(1.,0.,3.13338833866917E-15));
#1699=DIRECTION('',(0.,-1.,0.));
#1700=DIRECTION('',(0.,0.,-1.));
#1701=DIRECTION('',(0.,-1.,0.));
#1702=DIRECTION('',(1.,0.,0.));
#1703=DIRECTION('',(0.,-1.,0.));
#1704=DIRECTION('',(-2.84853485333561E-16,0.,-1.));
#1705=DIRECTION('',(-1.,0.,2.84853485333561E-16));
#1706=DIRECTION('',(0.,-1.,0.));
#1707=DIRECTION('',(1.,0.,-2.84853485333561E-16));
#1708=DIRECTION('',(0.,-1.,0.));
#1709=DIRECTION('',(0.,0.,-1.));
#1710=DIRECTION('',(0.,-1.,0.));
#1711=DIRECTION('',(1.,0.,0.));
#1712=DIRECTION('',(0.,-1.,0.));
#1713=DIRECTION('',(2.84853485333561E-16,0.,-1.));
#1714=DIRECTION('',(-1.,0.,-2.84853485333561E-16));
#1715=DIRECTION('',(0.,-1.,0.));
#1716=DIRECTION('',(1.,0.,2.84853485333561E-16));
#1717=DIRECTION('',(0.,-1.,0.));
#1718=DIRECTION('',(0.,0.,-1.));
#1719=DIRECTION('',(0.,1.,0.));
#1720=DIRECTION('',(1.,0.,0.));
#1721=DIRECTION('',(0.,-1.,0.));
#1722=DIRECTION('',(0.,0.,-1.));
#1723=DIRECTION('',(0.,-1.,0.));
#1724=DIRECTION('',(0.,0.,-1.));
#1725=DIRECTION('',(0.,-1.,0.));
#1726=DIRECTION('',(0.,0.,-1.));
#1727=DIRECTION('',(0.,-1.,0.));
#1728=DIRECTION('',(0.,0.,-1.));
#1729=DIRECTION('',(0.,-1.,0.));
#1730=DIRECTION('',(1.,0.,0.));
#1731=DIRECTION('',(0.,-1.,0.));
#1732=DIRECTION('',(0.,0.,-1.));
#1733=DIRECTION('',(0.,-1.,0.));
#1734=DIRECTION('',(0.,-1.,0.));
#1735=DIRECTION('',(1.,0.,0.));
#1736=DIRECTION('',(0.,-1.,0.));
#1737=DIRECTION('',(0.,-1.,0.));
#1738=DIRECTION('',(0.,0.,-1.));
#1739=DIRECTION('',(0.,-1.,0.));
#1740=DIRECTION('',(0.,0.,-1.));
#1741=DIRECTION('',(0.0861583735685599,0.,0.996281453538116));
#1742=DIRECTION('',(0.,-1.,0.));
#1743=DIRECTION('',(-0.5,0.,-0.866025403784439));
#1744=DIRECTION('',(-0.819725861299014,0.,-0.572756067028181));
#1745=DIRECTION('',(0.,-1.,0.));
#1746=DIRECTION('',(0.,0.,-1.));
#1747=DIRECTION('',(-0.905884234867574,0.,-0.423525386509935));
#1748=DIRECTION('',(0.,-1.,0.));
#1749=DIRECTION('',(1.,0.,0.));
#1750=DIRECTION('',(0.905884234867574,0.,-0.423525386509935));
#1751=DIRECTION('',(0.,-1.,0.));
#1752=DIRECTION('',(0.,0.,-1.));
#1753=DIRECTION('',(0.819725861299014,0.,-0.57275606702818));
#1754=DIRECTION('',(0.,-1.,0.));
#1755=DIRECTION('',(-0.5,0.,0.866025403784438));
#1756=DIRECTION('',(-0.0861583735685607,0.,0.996281453538116));
#1757=DIRECTION('',(0.,-1.,0.));
#1758=DIRECTION('',(0.,0.,-1.));
#1759=DIRECTION('',(0.,-1.,0.));
#1760=DIRECTION('',(0.5,0.,0.866025403784439));
#1761=DIRECTION('',(0.,-1.,0.));
#1762=DIRECTION('',(-1.,0.,0.));
#1763=DIRECTION('',(0.,-1.,0.));
#1764=DIRECTION('',(0.5,0.,-0.866025403784438));
#1765=DIRECTION('',(0.,-1.,0.));
#1766=DIRECTION('',(0.,0.,-1.));
#1767=DIRECTION('',(0.,-1.,0.));
#1768=DIRECTION('',(0.,0.,-1.));
#1769=DIRECTION('',(-0.086158373568561,0.,0.996281453538116));
#1770=DIRECTION('',(0.,-1.,0.));
#1771=DIRECTION('',(-0.5,0.,0.866025403784438));
#1772=DIRECTION('',(0.819725861299014,0.,-0.57275606702818));
#1773=DIRECTION('',(0.,-1.,0.));
#1774=DIRECTION('',(0.,0.,-1.));
#1775=DIRECTION('',(0.905884234867574,0.,-0.423525386509935));
#1776=DIRECTION('',(0.,-1.,0.));
#1777=DIRECTION('',(1.,0.,0.));
#1778=DIRECTION('',(-0.905884234867574,0.,-0.423525386509935));
#1779=DIRECTION('',(0.,-1.,0.));
#1780=DIRECTION('',(0.,0.,-1.));
#1781=DIRECTION('',(-0.819725861299013,0.,-0.572756067028181));
#1782=DIRECTION('',(0.,-1.,0.));
#1783=DIRECTION('',(-0.5,0.,-0.866025403784439));
#1784=DIRECTION('',(0.0861583735685599,0.,0.996281453538116));
#1785=DIRECTION('',(0.,-1.,0.));
#1786=DIRECTION('',(-0.5,0.,0.866025403784438));
#1787=DIRECTION('',(0.,-1.,0.));
#1788=DIRECTION('',(-0.5,0.,-0.866025403784439));
#1789=DIRECTION('',(0.,-1.,0.));
#1790=DIRECTION('',(1.,0.,0.));
#1791=DIRECTION('',(0.,-1.,0.));
#1792=DIRECTION('',(0.,0.,-1.));
#1793=DIRECTION('',(0.,-1.,0.));
#1794=DIRECTION('',(0.,-1.,0.));
#1795=DIRECTION('',(0.,-1.,0.));
#1796=DIRECTION('',(0.,0.,-1.));
#1797=DIRECTION('',(0.,-1.,0.));
#1798=DIRECTION('',(0.,-1.,0.));
#1799=DIRECTION('',(0.,-1.,0.));
#1800=DIRECTION('',(0.,0.,-1.));
#1801=DIRECTION('',(0.,-1.,0.));
#1802=DIRECTION('',(0.,-1.,0.));
#1803=DIRECTION('',(0.,-1.,0.));
#1804=DIRECTION('',(0.,0.,-1.));
#1805=DIRECTION('',(0.,-1.,0.));
#1806=DIRECTION('',(0.,-1.,0.));
#1807=DIRECTION('',(-0.423525386509935,0.,-0.905884234867574));
#1808=DIRECTION('',(-0.905884234867574,0.,0.423525386509935));
#1809=DIRECTION('',(0.,-1.,0.));
#1810=DIRECTION('',(0.,0.,-1.));
#1811=DIRECTION('',(-0.423525386509935,0.,0.905884234867574));
#1812=DIRECTION('',(0.905884234867574,0.,0.423525386509935));
#1813=DIRECTION('',(0.,-1.,0.));
#1814=DIRECTION('',(-0.866025403784439,0.,0.5));
#1815=DIRECTION('',(0.,-1.,0.));
#1816=DIRECTION('',(0.,-1.,0.));
#1817=DIRECTION('',(-0.572756067028181,0.,0.819725861299014));
#1818=DIRECTION('',(0.819725861299014,0.,0.572756067028181));
#1819=DIRECTION('',(0.,-1.,0.));
#1820=DIRECTION('',(-0.866025403784439,0.,0.5));
#1821=DIRECTION('',(0.996281453538116,0.,-0.08615837356856));
#1822=DIRECTION('',(-0.08615837356856,0.,-0.996281453538116));
#1823=DIRECTION('',(0.,-1.,0.));
#1824=DIRECTION('',(0.866025403784438,0.,0.5));
#1825=DIRECTION('',(0.,-1.,0.));
#1826=DIRECTION('',(0.,-1.,0.));
#1827=DIRECTION('',(0.996281453538116,0.,0.0861583735685608));
#1828=DIRECTION('',(0.0861583735685608,0.,-0.996281453538116));
#1829=DIRECTION('',(0.,-1.,0.));
#1830=DIRECTION('',(0.866025403784438,0.,0.5));
#1831=DIRECTION('',(-0.57275606702818,0.,-0.819725861299014));
#1832=DIRECTION('',(-0.819725861299014,0.,0.57275606702818));
#1833=DIRECTION('',(0.,-1.,0.));
#1834=DIRECTION('',(0.,0.,-1.));
#1835=DIRECTION('',(0.,1.,0.));
#1836=DIRECTION('',(0.,-1.,0.));
#1837=DIRECTION('',(0.,0.,-1.));
#1838=DIRECTION('',(0.,1.,0.));
#1839=DIRECTION('',(0.,-1.,0.));
#1840=DIRECTION('',(0.,0.,-1.));
#1841=DIRECTION('',(0.,-1.,0.));
#1842=DIRECTION('',(0.,0.,-1.));
#1843=DIRECTION('',(0.,-1.,0.));
#1844=DIRECTION('',(0.,0.,-1.));
#1845=DIRECTION('',(0.,1.,0.));
#1846=DIRECTION('',(0.,-1.,0.));
#1847=DIRECTION('',(0.,0.,-1.));
#1848=DIRECTION('',(0.,1.,0.));
#1849=DIRECTION('',(0.,-1.,0.));
#1850=DIRECTION('',(0.,0.,1.));
#1851=DIRECTION('',(0.,-1.,0.));
#1852=DIRECTION('',(0.,0.,-1.));
#1853=DIRECTION('',(0.,-1.,0.));
#1854=DIRECTION('',(0.,0.,-1.));
#1855=DIRECTION('',(0.,-1.,0.));
#1856=DIRECTION('',(0.,0.,-1.));
#1857=DIRECTION('',(0.,1.,0.));
#1858=DIRECTION('',(0.,-1.,0.));
#1859=DIRECTION('',(0.,0.,-1.));
#1860=DIRECTION('',(0.,1.,0.));
#1861=DIRECTION('',(0.,-1.,0.));
#1862=DIRECTION('',(0.,0.,-1.));
#1863=DIRECTION('',(0.,-1.,0.));
#1864=DIRECTION('',(0.,0.,-1.));
#1865=DIRECTION('',(0.,-1.,0.));
#1866=DIRECTION('',(0.,0.,-1.));
#1867=DIRECTION('',(0.,-1.,0.));
#1868=DIRECTION('',(0.,0.,-1.));
#1869=DIRECTION('',(0.,-1.,0.));
#1870=DIRECTION('',(0.,0.,-1.));
#1871=DIRECTION('',(-0.0861583735685609,-1.39033444912895E-17,0.996281453538116));
#1872=DIRECTION('',(1.61369625672261E-16,-1.,0.));
#1873=DIRECTION('',(-1.,-1.61369625672261E-16,0.));
#1874=DIRECTION('',(0.819725861299013,1.32278855391694E-16,-0.572756067028183));
#1875=DIRECTION('',(0.905884234867574,1.46182199882983E-16,-0.423525386509935));
#1876=DIRECTION('',(1.61369625672261E-16,-1.,0.));
#1877=DIRECTION('',(1.,1.61369625672261E-16,0.));
#1878=DIRECTION('',(-0.905884234867576,-1.46182199882983E-16,-0.423525386509932));
#1879=DIRECTION('',(-0.819725861299014,-1.32278855391694E-16,-0.57275606702818));
#1880=DIRECTION('',(1.61369625672261E-16,-1.,0.));
#1881=DIRECTION('',(-1.,-1.61369625672261E-16,0.));
#1882=DIRECTION('',(0.0861583735685621,1.39033444912897E-17,0.996281453538115));
#1883=DIRECTION('',(0.,-1.,0.));
#1884=DIRECTION('',(0.,0.,-1.));
#1885=DIRECTION('',(0.0861583735685621,1.39033444912897E-17,0.996281453538115));
#1886=DIRECTION('',(1.61369625672261E-16,-1.,0.));
#1887=DIRECTION('',(-1.,-1.61369625672261E-16,0.));
#1888=DIRECTION('',(-0.819725861299014,-1.32278855391694E-16,-0.57275606702818));
#1889=DIRECTION('',(-0.905884234867576,-1.46182199882983E-16,-0.423525386509932));
#1890=DIRECTION('',(1.61369625672261E-16,-1.,0.));
#1891=DIRECTION('',(1.,1.61369625672261E-16,0.));
#1892=DIRECTION('',(0.905884234867574,1.46182199882983E-16,-0.423525386509935));
#1893=DIRECTION('',(0.819725861299013,1.32278855391694E-16,-0.572756067028183));
#1894=DIRECTION('',(1.61369625672261E-16,-1.,0.));
#1895=DIRECTION('',(-1.,-1.61369625672261E-16,0.));
#1896=DIRECTION('',(-0.0861583735685609,-1.39033444912895E-17,0.996281453538116));
#1897=DIRECTION('',(1.61369625672261E-16,-1.,0.));
#1898=DIRECTION('',(-1.,-1.61369625672261E-16,0.));
#1899=DIRECTION('',(1.61369625672261E-16,-1.,0.));
#1900=DIRECTION('',(-1.,-1.61369625672261E-16,0.));
#1901=DIRECTION('',(1.61369625672261E-16,-1.,0.));
#1902=DIRECTION('',(-1.,-1.61369625672261E-16,0.));
#1903=DIRECTION('',(0.,1.,0.));
#1904=DIRECTION('',(0.,0.,1.));
#1905=DIRECTION('',(0.,-1.,0.));
#1906=DIRECTION('',(0.,0.,-1.));
#1907=DIRECTION('',(0.423525386509932,0.,-0.905884234867576));
#1908=DIRECTION('',(-0.905884234867576,0.,-0.423525386509932));
#1909=DIRECTION('',(0.,1.,0.));
#1910=DIRECTION('',(0.,1.,0.));
#1911=DIRECTION('',(0.,0.,1.));
#1912=DIRECTION('',(0.,1.,0.));
#1913=DIRECTION('',(0.423525386509935,0.,0.905884234867574));
#1914=DIRECTION('',(0.905884234867574,0.,-0.423525386509935));
#1915=DIRECTION('',(0.,1.,0.));
#1916=DIRECTION('',(0.,0.,1.));
#1917=DIRECTION('',(0.,-1.,0.));
#1918=DIRECTION('',(0.,0.,-1.));
#1919=DIRECTION('',(-0.996281453538115,0.,0.0861583735685621));
#1920=DIRECTION('',(0.0861583735685621,0.,0.996281453538115));
#1921=DIRECTION('',(0.,1.,0.));
#1922=DIRECTION('',(0.,1.,0.));
#1923=DIRECTION('',(0.,0.,1.));
#1924=DIRECTION('',(0.,1.,0.));
#1925=DIRECTION('',(0.57275606702818,0.,-0.819725861299014));
#1926=DIRECTION('',(-0.819725861299014,0.,-0.57275606702818));
#1927=DIRECTION('',(0.,1.,0.));
#1928=DIRECTION('',(0.,0.,1.));
#1929=DIRECTION('',(0.,1.,0.));
#1930=DIRECTION('',(0.,1.,0.));
#1931=DIRECTION('',(-0.996281453538115,0.,-0.0861583735685609));
#1932=DIRECTION('',(-0.0861583735685609,0.,0.996281453538116));
#1933=DIRECTION('',(0.572756067028183,0.,0.819725861299013));
#1934=DIRECTION('',(0.819725861299013,0.,-0.572756067028183));
#1935=DIRECTION('',(0.,1.,0.));
#1936=DIRECTION('',(0.,0.,1.));
#1937=DIRECTION('',(0.,-1.,0.));
#1938=DIRECTION('',(0.,0.,-1.));
#1939=DIRECTION('',(0.,1.,0.));
#1940=DIRECTION('',(0.,0.,1.));
#1941=DIRECTION('',(0.,1.,0.));
#1942=DIRECTION('',(0.,0.,1.));
#1943=DIRECTION('',(0.,1.,0.));
#1944=DIRECTION('',(0.,0.,1.));
#1945=CARTESIAN_POINT('',(0.,0.,0.));
#1946=CARTESIAN_POINT('',(0.,7.,0.));
#1947=CARTESIAN_POINT('',(0.,10.,0.));
#1948=CARTESIAN_POINT('',(8.37708306871481,10.,-12.8924436884499));
#1949=CARTESIAN_POINT('',(10.0898392392185,10.,-11.6011106850476));
#1950=CARTESIAN_POINT('',(8.37708306871481,8.03723720387141,-12.8924436884499));
#1951=CARTESIAN_POINT('',(8.37708306871481,10.0372372038714,-12.8924436884499));
#1952=CARTESIAN_POINT('',(0.,10.0372372038714,0.));
#1953=CARTESIAN_POINT('',(10.0898392392185,10.0372372038714,-11.6011106850476));
#1954=CARTESIAN_POINT('',(10.0898392392185,8.03723720387141,-11.6011106850476));
#1955=CARTESIAN_POINT('',(0.,7.,0.));
#1956=CARTESIAN_POINT('',(0.,10.,0.));
#1957=CARTESIAN_POINT('',(-8.3770830687148,10.,12.8924436884499));
#1958=CARTESIAN_POINT('',(-10.4885657058705,10.,11.241913290612));
#1959=CARTESIAN_POINT('',(-8.3770830687148,8.03723720387141,12.8924436884499));
#1960=CARTESIAN_POINT('',(-8.3770830687148,10.0372372038714,12.8924436884499));
#1961=CARTESIAN_POINT('',(0.,10.0372372038714,0.));
#1962=CARTESIAN_POINT('',(-10.4885657058705,10.0372372038714,11.241913290612));
#1963=CARTESIAN_POINT('',(-10.4885657058705,8.03723720387141,11.241913290612));
#1964=CARTESIAN_POINT('',(1.41002475240111E-14,2.,-4.49999999999995));
#1965=CARTESIAN_POINT('',(-15.1703864486044,2.,-2.5));
#1966=CARTESIAN_POINT('',(-15.1703864486044,2.53625094328107,-2.5));
#1967=CARTESIAN_POINT('',(-15.1046619928793,3.58529315548031,-2.95298739785359));
#1968=CARTESIAN_POINT('',(-14.8585607459841,4.,-3.98759955566434));
#1969=CARTESIAN_POINT('',(-14.7017218379345,4.,-4.5));
#1970=CARTESIAN_POINT('',(-15.1703864486044,2.,-2.49999999999998));
#1971=CARTESIAN_POINT('',(-14.7017218379345,4.,-4.5));
#1972=CARTESIAN_POINT('',(-15.1703864486044,2.,-2.5));
#1973=CARTESIAN_POINT('',(-13.6479165076579,2.,-2.49999999999997));
#1974=CARTESIAN_POINT('',(-13.125,4.,-4.49999999999999));
#1975=CARTESIAN_POINT('',(-13.2994457754896,4.,-3.99119982148863));
#1976=CARTESIAN_POINT('',(-13.5735391584209,3.59287915725583,-2.9600728201978));
#1977=CARTESIAN_POINT('',(-13.6479165076579,2.53848315957016,-2.5));
#1978=CARTESIAN_POINT('',(-13.6479165076579,2.,-2.5));
#1979=CARTESIAN_POINT('',(-13.125,4.,-4.49999999999999));
#1980=CARTESIAN_POINT('',(1.41002475240111E-14,4.,-4.49999999999995));
#1981=CARTESIAN_POINT('',(0.,4.,0.));
#1982=CARTESIAN_POINT('',(0.,4.,0.));
#1983=CARTESIAN_POINT('',(-12.6611091986052,4.,-8.72278274755222));
#1984=CARTESIAN_POINT('',(0.,4.,0.));
#1985=CARTESIAN_POINT('',(-11.5364798904569,4.,-7.70877790165746));
#1986=CARTESIAN_POINT('',(-1.33927046545357,4.,1.4853802948618));
#1987=CARTESIAN_POINT('',(-1.33927046545357,2.,1.4853802948618));
#1988=CARTESIAN_POINT('',(-12.1994040916874,2.,-8.3064933867851));
#1989=CARTESIAN_POINT('',(-11.4240635191513,1.82386098011956,-10.2898686925731));
#1990=CARTESIAN_POINT('',(-10.3357296531928,2.4275572048801,-9.25679844957813));
#1991=CARTESIAN_POINT('',(-12.6611091986052,4.,-8.72278274755222));
#1992=CARTESIAN_POINT('',(-12.3441679151279,4.,-9.18282265864343));
#1993=CARTESIAN_POINT('',(-11.6629669235458,3.51979996592149,-10.0411308852109));
#1994=CARTESIAN_POINT('',(-11.3914952278588,2.37426781548939,-10.3260268049409));
#1995=CARTESIAN_POINT('',(-11.4240635191513,1.82386098011956,-10.2898686925731));
#1996=CARTESIAN_POINT('',(-10.3357296531928,2.42755720488009,-9.25679844957813));
#1997=CARTESIAN_POINT('',(-10.4000209645097,2.86790922318275,-9.18501362932518));
#1998=CARTESIAN_POINT('',(-10.7391828794135,3.68418579148749,-8.80863009014963));
#1999=CARTESIAN_POINT('',(-11.2827183098319,4.,-8.08854177722865));
#2000=CARTESIAN_POINT('',(-11.5364798904569,4.,-7.70877790165746));
#2001=CARTESIAN_POINT('',(-4.33680868994201E-16,8.03723720387142,-2.16840434497101E-15));
#2002=CARTESIAN_POINT('',(0.,8.03723720387142,0.));
#2003=CARTESIAN_POINT('',(8.37708306871481,8.03723720387141,-12.8924436884499));
#2004=CARTESIAN_POINT('',(0.,8.03723720387142,0.));
#2005=CARTESIAN_POINT('',(7.55980667176702,8.03723720387141,-11.6346443042109));
#2006=CARTESIAN_POINT('',(7.55980667176702,8.03723720387141,-11.6346443042109));
#2007=CARTESIAN_POINT('',(7.55980667176702,8.03723720387141,-11.6346443042109));
#2008=CARTESIAN_POINT('',(7.55980667176702,8.03723720387141,-11.6346443042109));
#2009=CARTESIAN_POINT('',(7.55980667176702,10.0372372038714,-11.6346443042109));
#2010=CARTESIAN_POINT('',(8.29555787214392,10.0372372038714,-12.7669753127207));
#2011=CARTESIAN_POINT('',(8.37708306871481,8.03723720387141,-12.8924436884499));
#2012=CARTESIAN_POINT('',(10.0898392392185,10.0372372038714,-11.6011106850476));
#2013=CARTESIAN_POINT('',(10.0898392392185,10.0372372038714,-11.6011106850476));
#2014=CARTESIAN_POINT('',(9.10546467929476,10.0372372038714,-10.4692950084576));
#2015=CARTESIAN_POINT('',(0.,10.0372372038714,0.));
#2016=CARTESIAN_POINT('',(13.6479165076579,2.,-4.5));
#2017=CARTESIAN_POINT('',(14.7017218379345,4.,-4.5));
#2018=CARTESIAN_POINT('',(14.8585958282261,4.,-3.98748494025007));
#2019=CARTESIAN_POINT('',(15.1041483642079,3.58754778420161,-2.95545542242755));
#2020=CARTESIAN_POINT('',(15.1703864486044,2.53647428757092,-2.5));
#2021=CARTESIAN_POINT('',(15.1703864486044,2.,-2.5));
#2022=CARTESIAN_POINT('',(14.7017218379345,4.,-4.5));
#2023=CARTESIAN_POINT('',(15.1703864486044,2.,-2.5));
#2024=CARTESIAN_POINT('',(-1.28184068400102E-15,4.,-4.49999999999999));
#2025=CARTESIAN_POINT('',(13.125,4.,-4.5));
#2026=CARTESIAN_POINT('',(13.6479165076579,2.,-2.5));
#2027=CARTESIAN_POINT('',(13.6479165076579,2.53820424419799,-2.5));
#2028=CARTESIAN_POINT('',(13.5741404784905,3.59055752543516,-2.95748545263418));
#2029=CARTESIAN_POINT('',(13.2993986064912,4.,-3.99133739773409));
#2030=CARTESIAN_POINT('',(13.125,4.,-4.5));
#2031=CARTESIAN_POINT('',(13.6479165076579,2.,-2.5));
#2032=CARTESIAN_POINT('',(13.6479165076579,2.,-2.5));
#2033=CARTESIAN_POINT('',(0.,4.,0.));
#2034=CARTESIAN_POINT('',(0.,4.,0.));
#2035=CARTESIAN_POINT('',(11.5364798904569,4.,-7.70877790165746));
#2036=CARTESIAN_POINT('',(0.,4.,0.));
#2037=CARTESIAN_POINT('',(12.6611091986052,4.,-8.72278274755222));
#2038=CARTESIAN_POINT('',(11.6440962610574,4.,-7.80580855922241));
#2039=CARTESIAN_POINT('',(12.7581314822037,2.,-8.8102614083126));
#2040=CARTESIAN_POINT('',(11.5364798904569,4.,-7.70877790165746));
#2041=CARTESIAN_POINT('',(11.2424230162967,4.,-8.1488452195485));
#2042=CARTESIAN_POINT('',(10.6057474873859,3.56934803590174,-8.97136384333055));
#2043=CARTESIAN_POINT('',(10.3048257956038,2.52932314562144,-9.29118885408421));
#2044=CARTESIAN_POINT('',(10.3048257956038,2.,-9.29118885408421));
#2045=CARTESIAN_POINT('',(10.3048257956038,2.,-9.29118885408422));
#2046=CARTESIAN_POINT('',(11.4188610167501,2.,-10.2956417031744));
#2047=CARTESIAN_POINT('',(11.4188610167501,2.5291233872619,-10.2956417031744));
#2048=CARTESIAN_POINT('',(11.7174750863872,3.56651761654105,-9.97710858948244));
#2049=CARTESIAN_POINT('',(12.3609272545496,4.,-9.15849649660825));
#2050=CARTESIAN_POINT('',(12.6611091986052,4.,-8.72278274755222));
#2051=CARTESIAN_POINT('',(11.4188610167501,2.,-10.2956417031744));
#2052=CARTESIAN_POINT('',(0.,2.,0.));
#2053=CARTESIAN_POINT('',(0.,2.,0.));
#2054=CARTESIAN_POINT('',(0.,2.,0.));
#2055=CARTESIAN_POINT('',(10.0898392392185,2.,-11.6011106850476));
#2056=CARTESIAN_POINT('',(10.0898392392185,2.,-11.6011106850476));
#2057=CARTESIAN_POINT('',(9.10546467929476,2.,-10.4692950084576));
#2058=CARTESIAN_POINT('',(0.,2.,0.));
#2059=CARTESIAN_POINT('',(0.,0.,0.));
#2060=CARTESIAN_POINT('',(10.0898392392185,8.03723720387141,-11.6011106850476));
#2061=CARTESIAN_POINT('',(9.10546467929476,8.03723720387141,-10.4692950084576));
#2062=CARTESIAN_POINT('',(0.,10.,0.));
#2063=CARTESIAN_POINT('',(0.,10.,1.73472347597681E-15));
#2064=CARTESIAN_POINT('',(0.,10.,-17.5));
#2065=CARTESIAN_POINT('',(0.,10.,0.));
#2066=CARTESIAN_POINT('',(0.,10.,0.));
#2067=CARTESIAN_POINT('',(-11.6440962610574,2.,7.80580855922241));
#2068=CARTESIAN_POINT('',(-11.5364798904569,4.,7.70877790165747));
#2069=CARTESIAN_POINT('',(-11.2424230162967,4.,8.14884521954851));
#2070=CARTESIAN_POINT('',(-10.6057474873859,3.56934803590174,8.97136384333055));
#2071=CARTESIAN_POINT('',(-10.3048257956038,2.52932314562144,9.29118885408422));
#2072=CARTESIAN_POINT('',(-10.3048257956038,2.,9.29118885408422));
#2073=CARTESIAN_POINT('',(-11.5364798904569,4.,7.70877790165747));
#2074=CARTESIAN_POINT('',(-10.3048257956038,2.,9.29118885408421));
#2075=CARTESIAN_POINT('',(-11.6440962610574,4.,7.80580855922241));
#2076=CARTESIAN_POINT('',(-12.6611091986052,4.,8.72278274755222));
#2077=CARTESIAN_POINT('',(-11.4188610167501,2.,10.2956417031744));
#2078=CARTESIAN_POINT('',(-11.4188610167501,2.5291233872619,10.2956417031744));
#2079=CARTESIAN_POINT('',(-11.7174750863872,3.56651761654105,9.97710858948244));
#2080=CARTESIAN_POINT('',(-12.3609272545496,4.,9.15849649660825));
#2081=CARTESIAN_POINT('',(-12.6611091986052,4.,8.72278274755222));
#2082=CARTESIAN_POINT('',(-11.4188610167501,2.,10.2956417031744));
#2083=CARTESIAN_POINT('',(0.,2.,0.));
#2084=CARTESIAN_POINT('',(0.,4.,0.));
#2085=CARTESIAN_POINT('',(0.,4.,0.));
#2086=CARTESIAN_POINT('',(-14.7017218379345,4.,4.5));
#2087=CARTESIAN_POINT('',(0.,4.,0.));
#2088=CARTESIAN_POINT('',(-13.125,4.,4.5));
#2089=CARTESIAN_POINT('',(-15.1703864486044,4.,4.5));
#2090=CARTESIAN_POINT('',(-13.6479165076579,2.,4.5));
#2091=CARTESIAN_POINT('',(-14.7017218379345,4.,4.5));
#2092=CARTESIAN_POINT('',(-14.8585958282261,4.,3.98748494025007));
#2093=CARTESIAN_POINT('',(-15.1041483642079,3.58754778420161,2.95545542242754));
#2094=CARTESIAN_POINT('',(-15.1703864486044,2.53647428757092,2.5));
#2095=CARTESIAN_POINT('',(-15.1703864486044,2.,2.5));
#2096=CARTESIAN_POINT('',(-15.1703864486044,2.,2.49999999999999));
#2097=CARTESIAN_POINT('',(-13.6479165076579,2.,2.5));
#2098=CARTESIAN_POINT('',(-13.6479165076579,2.53820424419799,2.5));
#2099=CARTESIAN_POINT('',(-13.5741404784905,3.59055752543516,2.95748545263418));
#2100=CARTESIAN_POINT('',(-13.2993986064912,4.,3.99133739773409));
#2101=CARTESIAN_POINT('',(-13.125,4.,4.5));
#2102=CARTESIAN_POINT('',(-13.6479165076579,2.,2.5));
#2103=CARTESIAN_POINT('',(-13.6479165076579,2.,2.5));
#2104=CARTESIAN_POINT('',(15.1703864486044,2.,4.5));
#2105=CARTESIAN_POINT('',(13.125,4.,4.5));
#2106=CARTESIAN_POINT('',(13.2994457754896,4.,3.99119982148864));
#2107=CARTESIAN_POINT('',(13.5735391584209,3.59287915725583,2.96007282019781));
#2108=CARTESIAN_POINT('',(13.6479165076579,2.53848315957015,2.5));
#2109=CARTESIAN_POINT('',(13.6479165076579,2.,2.5));
#2110=CARTESIAN_POINT('',(13.125,4.,4.5));
#2111=CARTESIAN_POINT('',(13.6479165076579,2.,2.50000000000001));
#2112=CARTESIAN_POINT('',(13.6479165076579,4.,4.5));
#2113=CARTESIAN_POINT('',(14.7017218379345,4.,4.5));
#2114=CARTESIAN_POINT('',(15.1703864486044,2.,2.5));
#2115=CARTESIAN_POINT('',(15.1703864486044,2.53625094328107,2.5));
#2116=CARTESIAN_POINT('',(15.1046619928793,3.58529315548031,2.95298739785359));
#2117=CARTESIAN_POINT('',(14.8585607459841,4.,3.98759955566434));
#2118=CARTESIAN_POINT('',(14.7017218379345,4.,4.5));
#2119=CARTESIAN_POINT('',(15.1703864486044,2.,2.50000000000001));
#2120=CARTESIAN_POINT('',(15.1703864486044,2.,2.5));
#2121=CARTESIAN_POINT('',(0.,4.,0.));
#2122=CARTESIAN_POINT('',(0.,4.,0.));
#2123=CARTESIAN_POINT('',(11.5364798904569,4.,7.70877790165747));
#2124=CARTESIAN_POINT('',(12.7581314822037,4.,8.8102614083126));
#2125=CARTESIAN_POINT('',(12.6611091986052,4.,8.72278274755223));
#2126=CARTESIAN_POINT('',(0.,4.,0.));
#2127=CARTESIAN_POINT('',(12.7581314822037,2.,8.8102614083126));
#2128=CARTESIAN_POINT('',(12.6611091986052,4.,8.72278274755223));
#2129=CARTESIAN_POINT('',(12.3441679151279,4.,9.18282265864344));
#2130=CARTESIAN_POINT('',(11.6629669235458,3.51979996592149,10.0411308852109));
#2131=CARTESIAN_POINT('',(11.3914952278588,2.37426781548938,10.3260268049409));
#2132=CARTESIAN_POINT('',(11.4240635191513,1.82386098011955,10.2898686925731));
#2133=CARTESIAN_POINT('',(11.4240635191513,1.82386098011955,10.2898686925731));
#2134=CARTESIAN_POINT('',(10.3357296531928,2.42755720488009,9.25679844957813));
#2135=CARTESIAN_POINT('',(10.4000209645097,2.86790922318275,9.18501362932518));
#2136=CARTESIAN_POINT('',(10.7391828794135,3.68418579148749,8.80863009014963));
#2137=CARTESIAN_POINT('',(11.2827183098319,4.,8.08854177722865));
#2138=CARTESIAN_POINT('',(11.5364798904569,4.,7.70877790165747));
#2139=CARTESIAN_POINT('',(10.3357296531928,2.42755720488009,9.25679844957813));
#2140=CARTESIAN_POINT('',(12.1994040916874,2.,8.3064933867851));
#2141=CARTESIAN_POINT('',(4.33680868994202E-16,8.03723720387142,2.16840434497101E-15));
#2142=CARTESIAN_POINT('',(0.,8.03723720387142,0.));
#2143=CARTESIAN_POINT('',(-7.55980667176702,8.03723720387141,11.6346443042109));
#2144=CARTESIAN_POINT('',(-7.55980667176701,8.03723720387141,11.6346443042109));
#2145=CARTESIAN_POINT('',(-8.3770830687148,8.03723720387141,12.8924436884499));
#2146=CARTESIAN_POINT('',(0.,8.03723720387142,0.));
#2147=CARTESIAN_POINT('',(-7.55980667176701,8.03723720387141,11.6346443042109));
#2148=CARTESIAN_POINT('',(-7.55980667176702,8.03723720387141,11.6346443042109));
#2149=CARTESIAN_POINT('',(-7.55980667176702,10.0372372038714,11.6346443042109));
#2150=CARTESIAN_POINT('',(-8.24981635369764,10.0372372038714,12.6965784996588));
#2151=CARTESIAN_POINT('',(-8.3770830687148,8.03723720387141,12.8924436884499));
#2152=CARTESIAN_POINT('',(-10.4885657058705,10.0372372038714,11.241913290612));
#2153=CARTESIAN_POINT('',(-10.4885657058705,10.0372372038714,11.241913290612));
#2154=CARTESIAN_POINT('',(-9.46529100285872,10.0372372038714,10.1451412622596));
#2155=CARTESIAN_POINT('',(0.,10.0372372038714,0.));
#2156=CARTESIAN_POINT('',(6.34198728459194E-16,2.13821176807376E-47,5.91699549895895E-16));
#2157=CARTESIAN_POINT('',(-10.4885657058705,8.03723720387141,11.241913290612));
#2158=CARTESIAN_POINT('',(-10.4885657058705,2.,11.241913290612));
#2159=CARTESIAN_POINT('',(-9.46529100285872,8.03723720387141,10.1451412622596));
#2160=CARTESIAN_POINT('',(-9.46529100285873,2.,10.1451412622596));
#2161=CARTESIAN_POINT('',(-10.4885657058705,2.,11.241913290612));
#2162=CARTESIAN_POINT('',(0.,2.,0.));
#2163=CARTESIAN_POINT('',(0.,2.,0.));
#2164=CARTESIAN_POINT('',(0.,2.,0.));
#2165=CARTESIAN_POINT('',(0.,10.,1.73472347597681E-15));
#2166=CARTESIAN_POINT('',(0.,12.5,1.73472347597681E-15));
#2167=CARTESIAN_POINT('',(0.,12.5,20.));
#2168=CARTESIAN_POINT('',(-13.6479165076579,2.,2.5));
#2169=CARTESIAN_POINT('',(-15.1703864486044,2.,2.49999999999999));
#2170=CARTESIAN_POINT('',(-15.1703864486044,0.0012726888314607,2.49999999999999));
#2171=CARTESIAN_POINT('',(-13.6479165076579,2.,2.5));
#2172=CARTESIAN_POINT('',(-13.6479165076579,0.0012726888314607,2.5));
#2173=CARTESIAN_POINT('',(-13.6479165076579,0.0012726888314607,2.5));
#2174=CARTESIAN_POINT('',(0.,7.,0.));
#2175=CARTESIAN_POINT('',(0.,0.0012726888314607,0.));
#2176=CARTESIAN_POINT('',(-15.1703864486044,0.0012726888314607,-2.49999999999998));
#2177=CARTESIAN_POINT('',(-15.1703864486044,2.,-2.49999999999998));
#2178=CARTESIAN_POINT('',(-15.1703864486044,2.,-2.5));
#2179=CARTESIAN_POINT('',(-13.6479165076579,2.,-2.49999999999997));
#2180=CARTESIAN_POINT('',(-13.6479165076579,0.0012726888314607,-2.49999999999997));
#2181=CARTESIAN_POINT('',(-15.1703864486044,0.0012726888314607,-2.5));
#2182=CARTESIAN_POINT('',(0.,2.,0.));
#2183=CARTESIAN_POINT('',(0.,0.0012726888314607,0.));
#2184=CARTESIAN_POINT('',(13.6479165076579,0.0012726888314607,-2.5));
#2185=CARTESIAN_POINT('',(13.6479165076579,2.,-2.5));
#2186=CARTESIAN_POINT('',(13.6479165076579,2.,-2.5));
#2187=CARTESIAN_POINT('',(15.1703864486044,2.,-2.5));
#2188=CARTESIAN_POINT('',(15.1703864486044,0.0012726888314607,-2.5));
#2189=CARTESIAN_POINT('',(13.6479165076579,0.0012726888314607,-2.5));
#2190=CARTESIAN_POINT('',(0.,7.,0.));
#2191=CARTESIAN_POINT('',(0.,0.0012726888314607,0.));
#2192=CARTESIAN_POINT('',(15.1703864486044,0.0012726888314607,2.50000000000001));
#2193=CARTESIAN_POINT('',(15.1703864486044,2.,2.50000000000001));
#2194=CARTESIAN_POINT('',(15.1703864486044,2.,2.5));
#2195=CARTESIAN_POINT('',(13.6479165076579,2.,2.50000000000001));
#2196=CARTESIAN_POINT('',(13.6479165076579,0.0012726888314607,2.50000000000001));
#2197=CARTESIAN_POINT('',(15.1703864486044,0.0012726888314607,2.5));
#2198=CARTESIAN_POINT('',(0.,2.,0.));
#2199=CARTESIAN_POINT('',(0.,0.0012726888314607,0.));
#2200=CARTESIAN_POINT('',(0.,32.,1.73472347597681E-15));
#2201=CARTESIAN_POINT('',(0.,16.0012726888315,1.73472347597681E-15));
#2202=CARTESIAN_POINT('',(0.,16.0012726888315,-20.));
#2203=CARTESIAN_POINT('',(21.5,5.,-1.77920356510442E-16));
#2204=CARTESIAN_POINT('',(0.,5.,1.73472347597681E-15));
#2205=CARTESIAN_POINT('',(21.4645204406258,5.,1.23465066069556));
#2206=CARTESIAN_POINT('',(21.4645204406258,5.,-1.23465066069556));
#2207=CARTESIAN_POINT('',(21.5,5.,-1.77920356510442E-16));
#2208=CARTESIAN_POINT('',(21.5,5.,-1.77920356510442E-16));
#2209=CARTESIAN_POINT('',(21.4645204406258,2.5,1.23465066069556));
#2210=CARTESIAN_POINT('',(21.4645204406258,0.0012726888314607,1.23465066069556));
#2211=CARTESIAN_POINT('',(21.5,0.0012726888314607,-1.77920356510442E-16));
#2212=CARTESIAN_POINT('',(21.4645204406258,0.0012726888314607,-1.23465066069556));
#2213=CARTESIAN_POINT('',(21.4645204406258,2.5,-1.23465066069556));
#2214=CARTESIAN_POINT('',(0.,0.0012726888314607,0.));
#2215=CARTESIAN_POINT('',(0.,0.0012726888314607,1.73472347597681E-15));
#2216=CARTESIAN_POINT('',(15.4095127191244,0.0012726888314607,14.9932290637856));
#2217=CARTESIAN_POINT('',(15.9214987575814,0.0012726888314607,20.9135148521344));
#2218=CARTESIAN_POINT('',(15.9972472108269,0.0012726888314607,21.7894225088942));
#2219=CARTESIAN_POINT('',(12.5,0.0012726888314607,21.650635094611));
#2220=CARTESIAN_POINT('',(10.8715698210814,0.0012726888314607,24.748733729643));
#2221=CARTESIAN_POINT('',(10.1508857655808,0.0012726888314607,24.245179816455));
#2222=CARTESIAN_POINT('',(5.27976089443526,0.0012726888314607,20.8416440065939));
#2223=CARTESIAN_POINT('',(0.,0.0012726888314607,1.73472347597681E-15));
#2224=CARTESIAN_POINT('',(-20.6892736135597,0.0012726888314607,5.84841494280836));
#2225=CARTESIAN_POINT('',(-26.0723845231622,0.0012726888314607,3.33166496432072));
#2226=CARTESIAN_POINT('',(-26.8688170319083,0.0012726888314607,2.95931122074876));
#2227=CARTESIAN_POINT('',(-25.,0.0012726888314607,1.27881364130377E-15));
#2228=CARTESIAN_POINT('',(-26.8688170319083,0.0012726888314607,-2.95931122074875));
#2229=CARTESIAN_POINT('',(-26.0723845231622,0.0012726888314607,-3.33166496432072));
#2230=CARTESIAN_POINT('',(-20.6892736135597,0.0012726888314607,-5.84841494280836));
#2231=CARTESIAN_POINT('',(0.,0.0012726888314607,1.73472347597681E-15));
#2232=CARTESIAN_POINT('',(5.27976089443528,0.0012726888314607,-20.8416440065939));
#2233=CARTESIAN_POINT('',(10.1508857655808,0.0012726888314607,-24.2451798164551));
#2234=CARTESIAN_POINT('',(10.8715698210814,0.0012726888314607,-24.748733729643));
#2235=CARTESIAN_POINT('',(12.5,0.0012726888314607,-21.650635094611));
#2236=CARTESIAN_POINT('',(15.9972472108269,0.0012726888314607,-21.7894225088942));
#2237=CARTESIAN_POINT('',(15.9214987575814,0.0012726888314607,-20.9135148521343));
#2238=CARTESIAN_POINT('',(15.4095127191244,0.0012726888314607,-14.9932290637855));
#2239=CARTESIAN_POINT('',(0.,0.0012726888314607,1.73472347597681E-15));
#2240=CARTESIAN_POINT('',(12.5,0.0012726888314607,21.650635094611));
#2241=CARTESIAN_POINT('',(12.75,0.0012726888314607,22.0836477965032));
#2242=CARTESIAN_POINT('',(-25.,0.0012726888314607,1.27881364130377E-15));
#2243=CARTESIAN_POINT('',(-25.5,0.0012726888314607,1.27881364130377E-15));
#2244=CARTESIAN_POINT('',(12.5,0.0012726888314607,-21.650635094611));
#2245=CARTESIAN_POINT('',(12.75,0.0012726888314607,-22.0836477965032));
#2246=CARTESIAN_POINT('',(0.,16.0012726888315,1.73472347597681E-15));
#2247=CARTESIAN_POINT('',(0.,16.0012726888315,1.73472347597681E-15));
#2248=CARTESIAN_POINT('',(15.4095127191244,16.0012726888315,-14.9932290637855));
#2249=CARTESIAN_POINT('',(15.4095127191244,16.0012726888315,14.9932290637856));
#2250=CARTESIAN_POINT('',(15.9972472108269,16.0012726888315,-21.7894225088942));
#2251=CARTESIAN_POINT('',(15.9972472108269,16.0012726888315,-21.7894225088942));
#2252=CARTESIAN_POINT('',(12.5,16.0012726888315,-21.650635094611));
#2253=CARTESIAN_POINT('',(10.8715698210814,16.0012726888315,-24.748733729643));
#2254=CARTESIAN_POINT('',(10.1508857655808,16.0012726888315,-24.2451798164551));
#2255=CARTESIAN_POINT('',(5.27976089443527,16.0012726888315,-20.8416440065939));
#2256=CARTESIAN_POINT('',(0.,16.0012726888315,1.73472347597681E-15));
#2257=CARTESIAN_POINT('',(-20.6892736135597,16.0012726888315,-5.84841494280836));
#2258=CARTESIAN_POINT('',(-26.8688170319083,16.0012726888315,-2.95931122074875));
#2259=CARTESIAN_POINT('',(-26.8688170319083,16.0012726888315,-2.95931122074875));
#2260=CARTESIAN_POINT('',(-25.,16.0012726888315,1.27881364130377E-15));
#2261=CARTESIAN_POINT('',(-26.8688170319083,16.0012726888315,2.95931122074876));
#2262=CARTESIAN_POINT('',(-26.0723845231622,16.0012726888315,3.33166496432072));
#2263=CARTESIAN_POINT('',(-20.6892736135597,16.0012726888315,5.84841494280836));
#2264=CARTESIAN_POINT('',(0.,16.0012726888315,1.73472347597681E-15));
#2265=CARTESIAN_POINT('',(5.27976089443527,16.0012726888315,20.8416440065939));
#2266=CARTESIAN_POINT('',(10.8715698210814,16.0012726888315,24.748733729643));
#2267=CARTESIAN_POINT('',(10.8715698210814,16.0012726888315,24.748733729643));
#2268=CARTESIAN_POINT('',(12.5,16.0012726888315,21.650635094611));
#2269=CARTESIAN_POINT('',(15.9972472108269,16.0012726888315,21.7894225088942));
#2270=CARTESIAN_POINT('',(15.9214987575814,16.0012726888315,20.9135148521344));
#2271=CARTESIAN_POINT('',(12.5,16.0012726888315,-21.650635094611));
#2272=CARTESIAN_POINT('',(12.25,16.0012726888315,-21.2176223927187));
#2273=CARTESIAN_POINT('',(12.5,16.0012726888315,21.650635094611));
#2274=CARTESIAN_POINT('',(12.25,16.0012726888315,21.2176223927187));
#2275=CARTESIAN_POINT('',(-25.,16.0012726888315,1.27881364130377E-15));
#2276=CARTESIAN_POINT('',(-24.5,16.0012726888315,1.27881364130377E-15));
#2277=CARTESIAN_POINT('',(0.,32.,1.73472347597681E-15));
#2278=CARTESIAN_POINT('',(5.27976089443526,15.1661808887756,20.8416440065939));
#2279=CARTESIAN_POINT('',(-20.6892736135597,15.1661808887756,5.84841494280836));
#2280=CARTESIAN_POINT('',(0.,32.,1.73472347597681E-15));
#2281=CARTESIAN_POINT('',(5.27976089443528,15.1661808887756,-20.8416440065939));
#2282=CARTESIAN_POINT('',(-20.6892736135597,15.1661808887756,-5.84841494280836));
#2283=CARTESIAN_POINT('',(0.,32.,1.73472347597681E-15));
#2284=CARTESIAN_POINT('',(15.4095127191244,15.1661808887756,-14.9932290637855));
#2285=CARTESIAN_POINT('',(15.4095127191244,15.1661808887756,14.9932290637856));
#2286=CARTESIAN_POINT('',(-25.,15.1661808887756,1.27881364130377E-15));
#2287=CARTESIAN_POINT('',(-26.8688170319083,15.1661808887756,2.95931122074876));
#2288=CARTESIAN_POINT('',(-26.8688170319083,15.1661808887756,-2.95931122074875));
#2289=CARTESIAN_POINT('',(-26.0723845231622,15.1661808887756,-3.33166496432072));
#2290=CARTESIAN_POINT('',(-25.,15.1661808887756,1.27881364130377E-15));
#2291=CARTESIAN_POINT('',(-26.0723845231622,15.1661808887756,3.33166496432072));
#2292=CARTESIAN_POINT('',(12.5,15.1661808887756,21.650635094611));
#2293=CARTESIAN_POINT('',(15.9972472108269,15.1661808887756,21.7894225088942));
#2294=CARTESIAN_POINT('',(10.8715698210814,15.1661808887756,24.748733729643));
#2295=CARTESIAN_POINT('',(10.1508857655808,15.1661808887756,24.245179816455));
#2296=CARTESIAN_POINT('',(12.5,15.1661808887756,21.650635094611));
#2297=CARTESIAN_POINT('',(15.9214987575814,15.1661808887756,20.9135148521344));
#2298=CARTESIAN_POINT('',(12.5,15.1661808887756,-21.650635094611));
#2299=CARTESIAN_POINT('',(10.8715698210814,15.1661808887756,-24.748733729643));
#2300=CARTESIAN_POINT('',(15.9972472108269,15.1661808887756,-21.7894225088942));
#2301=CARTESIAN_POINT('',(15.9214987575814,15.1661808887756,-20.9135148521343));
#2302=CARTESIAN_POINT('',(12.5,15.1661808887756,-21.650635094611));
#2303=CARTESIAN_POINT('',(10.1508857655808,15.1661808887756,-24.2451798164551));
#2304=CARTESIAN_POINT('',(0.,26.,1.73472347597681E-15));
#2305=CARTESIAN_POINT('',(-20.6892736135597,16.3412726888315,5.84841494280834));
#2306=CARTESIAN_POINT('',(-20.6892736135597,16.0012726888315,5.84841494280834));
#2307=CARTESIAN_POINT('',(-20.6892736135597,26.,5.84841494280834));
#2308=CARTESIAN_POINT('',(-2.05373320329804E-19,16.0012726888315,1.73472347597681E-15));
#2309=CARTESIAN_POINT('',(5.27976089443526,16.0012726888315,20.8416440065939));
#2310=CARTESIAN_POINT('',(5.27976089443526,16.3412726888315,20.8416440065939));
#2311=CARTESIAN_POINT('',(5.27976089443526,26.,20.8416440065939));
#2312=CARTESIAN_POINT('',(0.,26.,1.73472347597681E-15));
#2313=CARTESIAN_POINT('',(0.,26.,1.73472347597681E-15));
#2314=CARTESIAN_POINT('',(-2.05373320329804E-19,16.0012726888315,1.73472347597681E-15));
#2315=CARTESIAN_POINT('',(15.4095127191244,16.0012726888315,-14.9932290637855));
#2316=CARTESIAN_POINT('',(15.4095127191244,16.0012726888315,14.9932290637855));
#2317=CARTESIAN_POINT('',(15.4095127191244,16.3412726888315,-14.9932290637855));
#2318=CARTESIAN_POINT('',(15.4095127191244,26.,-14.9932290637855));
#2319=CARTESIAN_POINT('',(0.,26.,1.73472347597681E-15));
#2320=CARTESIAN_POINT('',(15.4095127191244,26.,14.9932290637856));
#2321=CARTESIAN_POINT('',(15.4095127191244,16.3412726888315,14.9932290637855));
#2322=CARTESIAN_POINT('',(0.,72.5,0.));
#2323=CARTESIAN_POINT('',(0.,16.0012726888315,0.));
#2324=CARTESIAN_POINT('',(0.,16.0012726888315,-19.0192233001825));
#2325=CARTESIAN_POINT('',(0.,26.,0.));
#2326=CARTESIAN_POINT('',(0.,26.,-18.6176329269744));
#2327=CARTESIAN_POINT('',(0.,26.,1.73472347597681E-15));
#2328=CARTESIAN_POINT('',(5.27976089443531,16.3412726888315,-20.8416440065939));
#2329=CARTESIAN_POINT('',(5.2797608944353,16.0012726888315,-20.8416440065939));
#2330=CARTESIAN_POINT('',(5.2797608944353,26.,-20.8416440065939));
#2331=CARTESIAN_POINT('',(-2.05373320329804E-19,16.0012726888315,1.73472347597681E-15));
#2332=CARTESIAN_POINT('',(-20.6892736135597,16.0012726888315,-5.84841494280836));
#2333=CARTESIAN_POINT('',(-20.6892736135597,16.3412726888315,-5.84841494280836));
#2334=CARTESIAN_POINT('',(-20.6892736135597,26.,-5.84841494280836));
#2335=CARTESIAN_POINT('',(0.,26.,1.73472347597681E-15));
#2336=CARTESIAN_POINT('',(0.,26.,1.73472347597681E-15));
#2337=CARTESIAN_POINT('',(-25.,26.,4.11451903315368E-16));
#2338=CARTESIAN_POINT('',(-25.,26.,-2.5));
#2339=CARTESIAN_POINT('',(12.5,26.,21.650635094611));
#2340=CARTESIAN_POINT('',(12.5,26.,19.150635094611));
#2341=CARTESIAN_POINT('',(12.5,26.,-21.650635094611));
#2342=CARTESIAN_POINT('',(12.5,26.,-24.150635094611));
#2343=CARTESIAN_POINT('',(15.9972472108269,26.,-21.7894225088942));
#2344=CARTESIAN_POINT('',(15.9972472108269,26.,-21.7894225088942));
#2345=CARTESIAN_POINT('',(12.5,26.,-21.650635094611));
#2346=CARTESIAN_POINT('',(10.8715698210814,26.,-24.748733729643));
#2347=CARTESIAN_POINT('',(5.27976089443531,26.,-20.8416440065939));
#2348=CARTESIAN_POINT('',(-26.8688170319083,26.,-2.95931122074876));
#2349=CARTESIAN_POINT('',(-26.8688170319083,26.,-2.95931122074876));
#2350=CARTESIAN_POINT('',(-25.,26.,4.11451903315368E-16));
#2351=CARTESIAN_POINT('',(-26.8688170319083,26.,2.95931122074876));
#2352=CARTESIAN_POINT('',(-20.6892736135597,26.,5.84841494280834));
#2353=CARTESIAN_POINT('',(10.8715698210814,26.,24.748733729643));
#2354=CARTESIAN_POINT('',(10.8715698210814,26.,24.748733729643));
#2355=CARTESIAN_POINT('',(12.5,26.,21.650635094611));
#2356=CARTESIAN_POINT('',(15.9972472108269,26.,21.7894225088942));
#2357=CARTESIAN_POINT('',(15.4095127191244,26.,14.9932290637856));
#2358=CARTESIAN_POINT('',(-2.05373320329804E-19,16.0012726888315,1.73472347597681E-15));
#2359=CARTESIAN_POINT('',(15.4095127191244,16.0012726888315,14.9932290637856));
#2360=CARTESIAN_POINT('',(15.9972472108269,16.0012726888315,21.7894225088942));
#2361=CARTESIAN_POINT('',(12.5,16.0012726888315,21.650635094611));
#2362=CARTESIAN_POINT('',(10.8715698210814,16.0012726888315,24.748733729643));
#2363=CARTESIAN_POINT('',(10.8715698210814,16.0012726888315,24.748733729643));
#2364=CARTESIAN_POINT('',(-20.6892736135597,16.0012726888315,5.84841494280834));
#2365=CARTESIAN_POINT('',(-26.8688170319083,16.0012726888315,2.95931122074876));
#2366=CARTESIAN_POINT('',(-25.,16.0012726888315,4.11451903315368E-16));
#2367=CARTESIAN_POINT('',(-26.8688170319083,16.0012726888315,-2.95931122074876));
#2368=CARTESIAN_POINT('',(-26.8688170319083,16.0012726888315,-2.95931122074876));
#2369=CARTESIAN_POINT('',(5.27976089443531,16.0012726888315,-20.8416440065939));
#2370=CARTESIAN_POINT('',(10.8715698210814,16.0012726888315,-24.748733729643));
#2371=CARTESIAN_POINT('',(12.5,16.0012726888315,-21.650635094611));
#2372=CARTESIAN_POINT('',(15.9972472108269,16.0012726888315,-21.7894225088942));
#2373=CARTESIAN_POINT('',(15.9972472108269,16.0012726888315,-21.7894225088942));
#2374=CARTESIAN_POINT('',(12.5,16.0012726888315,21.650635094611));
#2375=CARTESIAN_POINT('',(12.,16.0012726888315,21.650635094611));
#2376=CARTESIAN_POINT('',(-25.,16.0012726888315,4.11451903315368E-16));
#2377=CARTESIAN_POINT('',(-25.5,16.0012726888315,4.11451903315368E-16));
#2378=CARTESIAN_POINT('',(12.5,16.0012726888315,-21.650635094611));
#2379=CARTESIAN_POINT('',(12.,16.0012726888315,-21.650635094611));
#2380=CARTESIAN_POINT('',(-25.,16.3412726888315,4.11451903315368E-16));
#2381=CARTESIAN_POINT('',(-25.,24.,4.11451903315368E-16));
#2382=CARTESIAN_POINT('',(-25.,24.,-0.5));
#2383=CARTESIAN_POINT('',(-20.6892736135597,16.3412726888315,5.84841494280834));
#2384=CARTESIAN_POINT('',(-26.8688170319083,16.3412726888315,2.95931122074876));
#2385=CARTESIAN_POINT('',(-25.,16.3412726888315,4.11451903315368E-16));
#2386=CARTESIAN_POINT('',(-26.8688170319083,16.3412726888315,-2.95931122074876));
#2387=CARTESIAN_POINT('',(-26.8688170319083,16.3412726888315,-2.95931122074876));
#2388=CARTESIAN_POINT('',(12.5,16.3412726888315,21.650635094611));
#2389=CARTESIAN_POINT('',(12.5,24.,21.650635094611));
#2390=CARTESIAN_POINT('',(12.5,24.,21.150635094611));
#2391=CARTESIAN_POINT('',(15.4095127191244,16.3412726888315,14.9932290637856));
#2392=CARTESIAN_POINT('',(15.9972472108269,16.3412726888315,21.7894225088942));
#2393=CARTESIAN_POINT('',(12.5,16.3412726888315,21.650635094611));
#2394=CARTESIAN_POINT('',(10.8715698210814,16.3412726888315,24.748733729643));
#2395=CARTESIAN_POINT('',(10.8715698210814,16.3412726888315,24.748733729643));
#2396=CARTESIAN_POINT('',(12.5,16.3412726888315,-21.650635094611));
#2397=CARTESIAN_POINT('',(15.9972472108269,16.3412726888315,-21.7894225088942));
#2398=CARTESIAN_POINT('',(10.8715698210814,16.3412726888315,-24.748733729643));
#2399=CARTESIAN_POINT('',(15.9972472108269,16.3412726888315,-21.7894225088942));
#2400=CARTESIAN_POINT('',(5.27976089443531,16.3412726888315,-20.8416440065939));
#2401=CARTESIAN_POINT('',(12.5,16.3412726888315,-21.650635094611));
#2402=CARTESIAN_POINT('',(12.5,24.,-21.650635094611));
#2403=CARTESIAN_POINT('',(12.5,24.,-22.150635094611));
#2404=CARTESIAN_POINT('',(-25.,26.,4.11451903315368E-16));
#2405=CARTESIAN_POINT('',(12.5,26.,21.650635094611));
#2406=CARTESIAN_POINT('',(12.5,26.,-21.650635094611));
#2407=MECHANICAL_DESIGN_GEOMETRIC_PRESENTATION_REPRESENTATION('',(#1368,
#1369),#2408);
#2408=(
GEOMETRIC_REPRESENTATION_CONTEXT(3)
GLOBAL_UNCERTAINTY_ASSIGNED_CONTEXT((#2409))
GLOBAL_UNIT_ASSIGNED_CONTEXT((#2412,#2411,#2410))
REPRESENTATION_CONTEXT('OrbitalSanderAdaptor01',
'TOP_LEVEL_ASSEMBLY_PART')
);
#2409=UNCERTAINTY_MEASURE_WITH_UNIT(LENGTH_MEASURE(0.005),#2412,
'DISTANCE_ACCURACY_VALUE','Maximum Tolerance applied to model');
#2410=(
NAMED_UNIT(*)
SI_UNIT($,.STERADIAN.)
SOLID_ANGLE_UNIT()
);
#2411=(
NAMED_UNIT(*)
PLANE_ANGLE_UNIT()
SI_UNIT($,.RADIAN.)
);
#2412=(
LENGTH_UNIT()
NAMED_UNIT(*)
SI_UNIT(.MILLI.,.METRE.)
);
#2413=PRODUCT_DEFINITION_SHAPE('','',#2414);
#2414=PRODUCT_DEFINITION('','',#2416,#2415);
#2415=PRODUCT_DEFINITION_CONTEXT('',#2422,'design');
#2416=PRODUCT_DEFINITION_FORMATION_WITH_SPECIFIED_SOURCE('','',#2418,
 .NOT_KNOWN.);
#2417=PRODUCT_RELATED_PRODUCT_CATEGORY('','',(#2418));
#2418=PRODUCT('OrbitalSanderAdaptor01','OrbitalSanderAdaptor01',
'OrbitalSanderAdaptor01',(#2420));
#2419=PRODUCT_CATEGORY('','');
#2420=PRODUCT_CONTEXT('',#2422,'mechanical');
#2421=APPLICATION_PROTOCOL_DEFINITION('international standard',
'automotive_design',2010,#2422);
#2422=APPLICATION_CONTEXT(
'core data for automotive mechanical design processes');
ENDSEC;
END-ISO-10303-21;
